num_plaquettes,x,time,repetitions,term_ordering,circuit_hash,circuit_structure_hash,source_gate_count,source_depth,source_1q_count,source_2q_count,pauli_term_count,mean_pauli_weight,interaction_edge_count,interaction_mean_degree,interaction_max_degree,interaction_range,target_node_count,target_edge_count,target_average_degree,target_diameter,target_mean_shortest_path,mapping_mean_interaction_distance,mapping_max_interaction_distance,target_connected,cohort,target_name,target_topology,layout_name,target_kind,target_definition,target_hash,physical_qubits,prior_case_id,mapping_feature_note,case_family,strategy,seed,version,case_id,native_2q_count,native_2q_depth,native_depth,estimated_duration,routing_2q_overhead,compile_seconds,verification_result,failure,verification_error,verification_tolerance,verification_method,final_layout
2,0.5,0.08,2,current,b014363a78ee7dfe0c824b9bc5c2fdca5a10eff0ae21be4b4750352e2d90350a,ea9fd4755a15f06dce28cd5aa229180e11dd3f9164c2862f20878fd6099a34ea,85,77,61,24,7,1.4285714285714286,1,1.0,1,1,6,7,2.3333333333333335,3,1.6666666666666667,1.0,1.0,1,robustness,synthetic_grid_6q_transpiler,grid,transpiler,SYNTHETIC_TARGET,"{""edges"": [[0, 1], [0, 3], [1, 0], [1, 2], [1, 4], [2, 1], [2, 5], [3, 0], [3, 4], [4, 1], [4, 3], [4, 5], [5, 2], [5, 4]], ""seed"": 7, ""basis"": [""id"", ""rz"", ""sx"", ""x"", ""ecr""], ""nodes"": 6}",1dc9d7c7422ee8d9e756c16f45c753640fd9bb0d83eb6013019055e1f800f374,null,N2_x0.5_t0.08_r2_current__synthetic_grid_6q_transpiler__seed7,identity proxy before selection when layout is transpiler,b014363a78ee7dfe0c824b9bc5c2fdca5a10eff0ae21be4b4750352e2d90350a_synthetic_grid_6q_transpiler,basic,11,v0.4.0,b014363a78ee7dfe0c824b9bc5c2fdca5a10eff0ae21be4b4750352e2d90350a_synthetic_grid_6q_transpiler_11,3,3,23,2.272392e-06,-17,0.5469772939977702,False,routed equivalence failed: 7.183757124689556e-08,7.183757124689556e-08,1e-10,logical Operator.equiv + routed zero/3 random states,"[2, 5]"
2,0.5,0.08,2,current,b014363a78ee7dfe0c824b9bc5c2fdca5a10eff0ae21be4b4750352e2d90350a,ea9fd4755a15f06dce28cd5aa229180e11dd3f9164c2862f20878fd6099a34ea,85,77,61,24,7,1.4285714285714286,1,1.0,1,1,6,7,2.3333333333333335,3,1.6666666666666667,1.0,1.0,1,robustness,synthetic_grid_6q_transpiler,grid,transpiler,SYNTHETIC_TARGET,"{""edges"": [[0, 1], [0, 3], [1, 0], [1, 2], [1, 4], [2, 1], [2, 5], [3, 0], [3, 4], [4, 1], [4, 3], [4, 5], [5, 2], [5, 4]], ""seed"": 7, ""basis"": [""id"", ""rz"", ""sx"", ""x"", ""ecr""], ""nodes"": 6}",1dc9d7c7422ee8d9e756c16f45c753640fd9bb0d83eb6013019055e1f800f374,null,N2_x0.5_t0.08_r2_current__synthetic_grid_6q_transpiler__seed7,identity proxy before selection when layout is transpiler,b014363a78ee7dfe0c824b9bc5c2fdca5a10eff0ae21be4b4750352e2d90350a_synthetic_grid_6q_transpiler,teleport,11,v0.4.0,b014363a78ee7dfe0c824b9bc5c2fdca5a10eff0ae21be4b4750352e2d90350a_synthetic_grid_6q_transpiler_11,3,3,23,2.272392e-06,-21,0.006159773001854774,False,routed equivalence failed: 7.183757138449707e-08,7.183757138449707e-08,1e-10,logical Operator.equiv + routed zero/3 random states,"[2, 5]"
2,0.5,0.08,2,current,b014363a78ee7dfe0c824b9bc5c2fdca5a10eff0ae21be4b4750352e2d90350a,ea9fd4755a15f06dce28cd5aa229180e11dd3f9164c2862f20878fd6099a34ea,85,77,61,24,7,1.4285714285714286,1,1.0,1,1,6,7,2.3333333333333335,3,1.6666666666666667,1.0,1.0,1,robustness,synthetic_grid_6q_transpiler,grid,transpiler,SYNTHETIC_TARGET,"{""edges"": [[0, 1], [0, 3], [1, 0], [1, 2], [1, 4], [2, 1], [2, 5], [3, 0], [3, 4], [4, 1], [4, 3], [4, 5], [5, 2], [5, 4]], ""seed"": 7, ""basis"": [""id"", ""rz"", ""sx"", ""x"", ""ecr""], ""nodes"": 6}",1dc9d7c7422ee8d9e756c16f45c753640fd9bb0d83eb6013019055e1f800f374,null,N2_x0.5_t0.08_r2_current__synthetic_grid_6q_transpiler__seed7,identity proxy before selection when layout is transpiler,b014363a78ee7dfe0c824b9bc5c2fdca5a10eff0ae21be4b4750352e2d90350a_synthetic_grid_6q_transpiler,basic,19,v0.4.0,b014363a78ee7dfe0c824b9bc5c2fdca5a10eff0ae21be4b4750352e2d90350a_synthetic_grid_6q_transpiler_19,3,3,23,1.7131739999999999e-06,-17,0.005016180999518838,False,routed equivalence failed: 7.183757146123119e-08,7.183757146123119e-08,1e-10,logical Operator.equiv + routed zero/3 random states,"[1, 4]"
2,0.5,0.08,2,current,b014363a78ee7dfe0c824b9bc5c2fdca5a10eff0ae21be4b4750352e2d90350a,ea9fd4755a15f06dce28cd5aa229180e11dd3f9164c2862f20878fd6099a34ea,85,77,61,24,7,1.4285714285714286,1,1.0,1,1,6,7,2.3333333333333335,3,1.6666666666666667,1.0,1.0,1,robustness,synthetic_grid_6q_transpiler,grid,transpiler,SYNTHETIC_TARGET,"{""edges"": [[0, 1], [0, 3], [1, 0], [1, 2], [1, 4], [2, 1], [2, 5], [3, 0], [3, 4], [4, 1], [4, 3], [4, 5], [5, 2], [5, 4]], ""seed"": 7, ""basis"": [""id"", ""rz"", ""sx"", ""x"", ""ecr""], ""nodes"": 6}",1dc9d7c7422ee8d9e756c16f45c753640fd9bb0d83eb6013019055e1f800f374,null,N2_x0.5_t0.08_r2_current__synthetic_grid_6q_transpiler__seed7,identity proxy before selection when layout is transpiler,b014363a78ee7dfe0c824b9bc5c2fdca5a10eff0ae21be4b4750352e2d90350a_synthetic_grid_6q_transpiler,teleport,19,v0.4.0,b014363a78ee7dfe0c824b9bc5c2fdca5a10eff0ae21be4b4750352e2d90350a_synthetic_grid_6q_transpiler_19,3,3,23,1.7131739999999999e-06,-21,0.006809660000726581,False,routed equivalence failed: 7.183757171418364e-08,7.183757171418364e-08,1e-10,logical Operator.equiv + routed zero/3 random states,"[1, 4]"
2,0.5,0.08,2,current,b014363a78ee7dfe0c824b9bc5c2fdca5a10eff0ae21be4b4750352e2d90350a,ea9fd4755a15f06dce28cd5aa229180e11dd3f9164c2862f20878fd6099a34ea,85,77,61,24,7,1.4285714285714286,1,1.0,1,1,6,7,2.3333333333333335,3,1.6666666666666667,1.0,1.0,1,robustness,synthetic_grid_6q_transpiler,grid,transpiler,SYNTHETIC_TARGET,"{""edges"": [[0, 1], [0, 3], [1, 0], [1, 2], [1, 4], [2, 1], [2, 5], [3, 0], [3, 4], [4, 1], [4, 3], [4, 5], [5, 2], [5, 4]], ""seed"": 7, ""basis"": [""id"", ""rz"", ""sx"", ""x"", ""ecr""], ""nodes"": 6}",1dc9d7c7422ee8d9e756c16f45c753640fd9bb0d83eb6013019055e1f800f374,null,N2_x0.5_t0.08_r2_current__synthetic_grid_6q_transpiler__seed7,identity proxy before selection when layout is transpiler,b014363a78ee7dfe0c824b9bc5c2fdca5a10eff0ae21be4b4750352e2d90350a_synthetic_grid_6q_transpiler,basic,29,v0.4.0,b014363a78ee7dfe0c824b9bc5c2fdca5a10eff0ae21be4b4750352e2d90350a_synthetic_grid_6q_transpiler_29,3,3,23,1.63503e-06,-17,0.0050995320052606985,False,routed equivalence failed: 7.183757124220714e-08,7.183757124220714e-08,1e-10,logical Operator.equiv + routed zero/3 random states,"[1, 2]"
2,0.5,0.08,2,current,b014363a78ee7dfe0c824b9bc5c2fdca5a10eff0ae21be4b4750352e2d90350a,ea9fd4755a15f06dce28cd5aa229180e11dd3f9164c2862f20878fd6099a34ea,85,77,61,24,7,1.4285714285714286,1,1.0,1,1,6,7,2.3333333333333335,3,1.6666666666666667,1.0,1.0,1,robustness,synthetic_grid_6q_transpiler,grid,transpiler,SYNTHETIC_TARGET,"{""edges"": [[0, 1], [0, 3], [1, 0], [1, 2], [1, 4], [2, 1], [2, 5], [3, 0], [3, 4], [4, 1], [4, 3], [4, 5], [5, 2], [5, 4]], ""seed"": 7, ""basis"": [""id"", ""rz"", ""sx"", ""x"", ""ecr""], ""nodes"": 6}",1dc9d7c7422ee8d9e756c16f45c753640fd9bb0d83eb6013019055e1f800f374,null,N2_x0.5_t0.08_r2_current__synthetic_grid_6q_transpiler__seed7,identity proxy before selection when layout is transpiler,b014363a78ee7dfe0c824b9bc5c2fdca5a10eff0ae21be4b4750352e2d90350a_synthetic_grid_6q_transpiler,teleport,29,v0.4.0,b014363a78ee7dfe0c824b9bc5c2fdca5a10eff0ae21be4b4750352e2d90350a_synthetic_grid_6q_transpiler_29,3,3,23,1.63503e-06,-21,0.005981258997053374,False,routed equivalence failed: 7.183757146967257e-08,7.183757146967257e-08,1e-10,logical Operator.equiv + routed zero/3 random states,"[1, 2]"
2,0.5,0.08,2,current,b014363a78ee7dfe0c824b9bc5c2fdca5a10eff0ae21be4b4750352e2d90350a,ea9fd4755a15f06dce28cd5aa229180e11dd3f9164c2862f20878fd6099a34ea,85,77,61,24,7,1.4285714285714286,1,1.0,1,1,6,7,2.3333333333333335,3,1.6666666666666667,1.0,1.0,1,robustness,synthetic_grid_6q_transpiler,grid,transpiler,SYNTHETIC_TARGET,"{""edges"": [[0, 1], [0, 3], [1, 0], [1, 2], [1, 4], [2, 1], [2, 5], [3, 0], [3, 4], [4, 1], [4, 3], [4, 5], [5, 2], [5, 4]], ""seed"": 7, ""basis"": [""id"", ""rz"", ""sx"", ""x"", ""ecr""], ""nodes"": 6}",1dc9d7c7422ee8d9e756c16f45c753640fd9bb0d83eb6013019055e1f800f374,null,N2_x0.5_t0.08_r2_current__synthetic_grid_6q_transpiler__seed7,identity proxy before selection when layout is transpiler,b014363a78ee7dfe0c824b9bc5c2fdca5a10eff0ae21be4b4750352e2d90350a_synthetic_grid_6q_transpiler,basic,37,v0.4.0,b014363a78ee7dfe0c824b9bc5c2fdca5a10eff0ae21be4b4750352e2d90350a_synthetic_grid_6q_transpiler_37,3,3,23,2.272392e-06,-17,0.0050694210003712215,False,routed equivalence failed: 7.183757124689556e-08,7.183757124689556e-08,1e-10,logical Operator.equiv + routed zero/3 random states,"[2, 5]"
2,0.5,0.08,2,current,b014363a78ee7dfe0c824b9bc5c2fdca5a10eff0ae21be4b4750352e2d90350a,ea9fd4755a15f06dce28cd5aa229180e11dd3f9164c2862f20878fd6099a34ea,85,77,61,24,7,1.4285714285714286,1,1.0,1,1,6,7,2.3333333333333335,3,1.6666666666666667,1.0,1.0,1,robustness,synthetic_grid_6q_transpiler,grid,transpiler,SYNTHETIC_TARGET,"{""edges"": [[0, 1], [0, 3], [1, 0], [1, 2], [1, 4], [2, 1], [2, 5], [3, 0], [3, 4], [4, 1], [4, 3], [4, 5], [5, 2], [5, 4]], ""seed"": 7, ""basis"": [""id"", ""rz"", ""sx"", ""x"", ""ecr""], ""nodes"": 6}",1dc9d7c7422ee8d9e756c16f45c753640fd9bb0d83eb6013019055e1f800f374,null,N2_x0.5_t0.08_r2_current__synthetic_grid_6q_transpiler__seed7,identity proxy before selection when layout is transpiler,b014363a78ee7dfe0c824b9bc5c2fdca5a10eff0ae21be4b4750352e2d90350a_synthetic_grid_6q_transpiler,teleport,37,v0.4.0,b014363a78ee7dfe0c824b9bc5c2fdca5a10eff0ae21be4b4750352e2d90350a_synthetic_grid_6q_transpiler_37,3,3,23,2.272392e-06,-21,0.005290314002195373,False,routed equivalence failed: 7.183757138449707e-08,7.183757138449707e-08,1e-10,logical Operator.equiv + routed zero/3 random states,"[2, 5]"
2,0.5,0.08,2,current,b014363a78ee7dfe0c824b9bc5c2fdca5a10eff0ae21be4b4750352e2d90350a,ea9fd4755a15f06dce28cd5aa229180e11dd3f9164c2862f20878fd6099a34ea,85,77,61,24,7,1.4285714285714286,1,1.0,1,1,6,7,2.3333333333333335,3,1.6666666666666667,1.0,1.0,1,robustness,synthetic_grid_6q_transpiler,grid,transpiler,SYNTHETIC_TARGET,"{""edges"": [[0, 1], [0, 3], [1, 0], [1, 2], [1, 4], [2, 1], [2, 5], [3, 0], [3, 4], [4, 1], [4, 3], [4, 5], [5, 2], [5, 4]], ""seed"": 7, ""basis"": [""id"", ""rz"", ""sx"", ""x"", ""ecr""], ""nodes"": 6}",1dc9d7c7422ee8d9e756c16f45c753640fd9bb0d83eb6013019055e1f800f374,null,N2_x0.5_t0.08_r2_current__synthetic_grid_6q_transpiler__seed7,identity proxy before selection when layout is transpiler,b014363a78ee7dfe0c824b9bc5c2fdca5a10eff0ae21be4b4750352e2d90350a_synthetic_grid_6q_transpiler,basic,47,v0.4.0,b014363a78ee7dfe0c824b9bc5c2fdca5a10eff0ae21be4b4750352e2d90350a_synthetic_grid_6q_transpiler_47,3,3,23,2.087022e-06,-17,0.005335984002158511,False,routed equivalence failed: 7.183757124691939e-08,7.183757124691939e-08,1e-10,logical Operator.equiv + routed zero/3 random states,"[0, 1]"
2,0.5,0.08,2,current,b014363a78ee7dfe0c824b9bc5c2fdca5a10eff0ae21be4b4750352e2d90350a,ea9fd4755a15f06dce28cd5aa229180e11dd3f9164c2862f20878fd6099a34ea,85,77,61,24,7,1.4285714285714286,1,1.0,1,1,6,7,2.3333333333333335,3,1.6666666666666667,1.0,1.0,1,robustness,synthetic_grid_6q_transpiler,grid,transpiler,SYNTHETIC_TARGET,"{""edges"": [[0, 1], [0, 3], [1, 0], [1, 2], [1, 4], [2, 1], [2, 5], [3, 0], [3, 4], [4, 1], [4, 3], [4, 5], [5, 2], [5, 4]], ""seed"": 7, ""basis"": [""id"", ""rz"", ""sx"", ""x"", ""ecr""], ""nodes"": 6}",1dc9d7c7422ee8d9e756c16f45c753640fd9bb0d83eb6013019055e1f800f374,null,N2_x0.5_t0.08_r2_current__synthetic_grid_6q_transpiler__seed7,identity proxy before selection when layout is transpiler,b014363a78ee7dfe0c824b9bc5c2fdca5a10eff0ae21be4b4750352e2d90350a_synthetic_grid_6q_transpiler,teleport,47,v0.4.0,b014363a78ee7dfe0c824b9bc5c2fdca5a10eff0ae21be4b4750352e2d90350a_synthetic_grid_6q_transpiler_47,3,3,23,2.087022e-06,-21,0.004930944000079762,False,routed equivalence failed: 7.183757134501413e-08,7.183757134501413e-08,1e-10,logical Operator.equiv + routed zero/3 random states,"[0, 1]"
2,0.5,0.08,2,current,b014363a78ee7dfe0c824b9bc5c2fdca5a10eff0ae21be4b4750352e2d90350a,ea9fd4755a15f06dce28cd5aa229180e11dd3f9164c2862f20878fd6099a34ea,85,77,61,24,7,1.4285714285714286,1,1.0,1,1,7,7,2.0,5,2.2857142857142856,1.0,1.0,1,robustness,synthetic_heavy_hex_like_7q_transpiler,heavy_hex_like,transpiler,SYNTHETIC_TARGET,"{""edges"": [[0, 1], [0, 3], [1, 0], [1, 2], [2, 1], [2, 3], [3, 0], [3, 2], [3, 4], [4, 3], [4, 5], [5, 4], [5, 6], [6, 5]], ""seed"": 7, ""basis"": [""id"", ""rz"", ""sx"", ""x"", ""ecr""], ""nodes"": 7}",a56c42c5929ac738475a61ad56ac38f9ce297f29f090779c0473725bc68476b5,null,N2_x0.5_t0.08_r2_current__synthetic_heavy_hex_like_7q_transpiler__seed7,identity proxy before selection when layout is transpiler,b014363a78ee7dfe0c824b9bc5c2fdca5a10eff0ae21be4b4750352e2d90350a_synthetic_heavy_hex_like_7q_transpiler,basic,11,v0.4.0,b014363a78ee7dfe0c824b9bc5c2fdca5a10eff0ae21be4b4750352e2d90350a_synthetic_heavy_hex_like_7q_transpiler_11,3,3,23,1.11999e-06,-17,0.005160237997188233,False,routed equivalence failed: 7.183757124218004e-08,7.183757124218004e-08,1e-10,logical Operator.equiv + routed zero/3 random states,"[4, 5]"
2,0.5,0.08,2,current,b014363a78ee7dfe0c824b9bc5c2fdca5a10eff0ae21be4b4750352e2d90350a,ea9fd4755a15f06dce28cd5aa229180e11dd3f9164c2862f20878fd6099a34ea,85,77,61,24,7,1.4285714285714286,1,1.0,1,1,7,7,2.0,5,2.2857142857142856,1.0,1.0,1,robustness,synthetic_heavy_hex_like_7q_transpiler,heavy_hex_like,transpiler,SYNTHETIC_TARGET,"{""edges"": [[0, 1], [0, 3], [1, 0], [1, 2], [2, 1], [2, 3], [3, 0], [3, 2], [3, 4], [4, 3], [4, 5], [5, 4], [5, 6], [6, 5]], ""seed"": 7, ""basis"": [""id"", ""rz"", ""sx"", ""x"", ""ecr""], ""nodes"": 7}",a56c42c5929ac738475a61ad56ac38f9ce297f29f090779c0473725bc68476b5,null,N2_x0.5_t0.08_r2_current__synthetic_heavy_hex_like_7q_transpiler__seed7,identity proxy before selection when layout is transpiler,b014363a78ee7dfe0c824b9bc5c2fdca5a10eff0ae21be4b4750352e2d90350a_synthetic_heavy_hex_like_7q_transpiler,teleport,11,v0.4.0,b014363a78ee7dfe0c824b9bc5c2fdca5a10eff0ae21be4b4750352e2d90350a_synthetic_heavy_hex_like_7q_transpiler_11,3,3,23,1.11999e-06,-21,0.004746921003970783,False,routed equivalence failed: 7.183757146967257e-08,7.183757146967257e-08,1e-10,logical Operator.equiv + routed zero/3 random states,"[4, 5]"
2,0.5,0.08,2,current,b014363a78ee7dfe0c824b9bc5c2fdca5a10eff0ae21be4b4750352e2d90350a,ea9fd4755a15f06dce28cd5aa229180e11dd3f9164c2862f20878fd6099a34ea,85,77,61,24,7,1.4285714285714286,1,1.0,1,1,7,7,2.0,5,2.2857142857142856,1.0,1.0,1,robustness,synthetic_heavy_hex_like_7q_transpiler,heavy_hex_like,transpiler,SYNTHETIC_TARGET,"{""edges"": [[0, 1], [0, 3], [1, 0], [1, 2], [2, 1], [2, 3], [3, 0], [3, 2], [3, 4], [4, 3], [4, 5], [5, 4], [5, 6], [6, 5]], ""seed"": 7, ""basis"": [""id"", ""rz"", ""sx"", ""x"", ""ecr""], ""nodes"": 7}",a56c42c5929ac738475a61ad56ac38f9ce297f29f090779c0473725bc68476b5,null,N2_x0.5_t0.08_r2_current__synthetic_heavy_hex_like_7q_transpiler__seed7,identity proxy before selection when layout is transpiler,b014363a78ee7dfe0c824b9bc5c2fdca5a10eff0ae21be4b4750352e2d90350a_synthetic_heavy_hex_like_7q_transpiler,basic,19,v0.4.0,b014363a78ee7dfe0c824b9bc5c2fdca5a10eff0ae21be4b4750352e2d90350a_synthetic_heavy_hex_like_7q_transpiler_19,3,3,23,1.11999e-06,-17,0.004947834000631701,False,routed equivalence failed: 7.183757150948455e-08,7.183757150948455e-08,1e-10,logical Operator.equiv + routed zero/3 random states,"[5, 4]"
2,0.5,0.08,2,current,b014363a78ee7dfe0c824b9bc5c2fdca5a10eff0ae21be4b4750352e2d90350a,ea9fd4755a15f06dce28cd5aa229180e11dd3f9164c2862f20878fd6099a34ea,85,77,61,24,7,1.4285714285714286,1,1.0,1,1,7,7,2.0,5,2.2857142857142856,1.0,1.0,1,robustness,synthetic_heavy_hex_like_7q_transpiler,heavy_hex_like,transpiler,SYNTHETIC_TARGET,"{""edges"": [[0, 1], [0, 3], [1, 0], [1, 2], [2, 1], [2, 3], [3, 0], [3, 2], [3, 4], [4, 3], [4, 5], [5, 4], [5, 6], [6, 5]], ""seed"": 7, ""basis"": [""id"", ""rz"", ""sx"", ""x"", ""ecr""], ""nodes"": 7}",a56c42c5929ac738475a61ad56ac38f9ce297f29f090779c0473725bc68476b5,null,N2_x0.5_t0.08_r2_current__synthetic_heavy_hex_like_7q_transpiler__seed7,identity proxy before selection when layout is transpiler,b014363a78ee7dfe0c824b9bc5c2fdca5a10eff0ae21be4b4750352e2d90350a_synthetic_heavy_hex_like_7q_transpiler,teleport,19,v0.4.0,b014363a78ee7dfe0c824b9bc5c2fdca5a10eff0ae21be4b4750352e2d90350a_synthetic_heavy_hex_like_7q_transpiler_19,3,3,23,1.11999e-06,-21,0.0051028339948970824,False,routed equivalence failed: 7.183757174348843e-08,7.183757174348843e-08,1e-10,logical Operator.equiv + routed zero/3 random states,"[5, 4]"
2,0.5,0.08,2,current,b014363a78ee7dfe0c824b9bc5c2fdca5a10eff0ae21be4b4750352e2d90350a,ea9fd4755a15f06dce28cd5aa229180e11dd3f9164c2862f20878fd6099a34ea,85,77,61,24,7,1.4285714285714286,1,1.0,1,1,7,7,2.0,5,2.2857142857142856,1.0,1.0,1,robustness,synthetic_heavy_hex_like_7q_transpiler,heavy_hex_like,transpiler,SYNTHETIC_TARGET,"{""edges"": [[0, 1], [0, 3], [1, 0], [1, 2], [2, 1], [2, 3], [3, 0], [3, 2], [3, 4], [4, 3], [4, 5], [5, 4], [5, 6], [6, 5]], ""seed"": 7, ""basis"": [""id"", ""rz"", ""sx"", ""x"", ""ecr""], ""nodes"": 7}",a56c42c5929ac738475a61ad56ac38f9ce297f29f090779c0473725bc68476b5,null,N2_x0.5_t0.08_r2_current__synthetic_heavy_hex_like_7q_transpiler__seed7,identity proxy before selection when layout is transpiler,b014363a78ee7dfe0c824b9bc5c2fdca5a10eff0ae21be4b4750352e2d90350a_synthetic_heavy_hex_like_7q_transpiler,basic,29,v0.4.0,b014363a78ee7dfe0c824b9bc5c2fdca5a10eff0ae21be4b4750352e2d90350a_synthetic_heavy_hex_like_7q_transpiler_29,3,3,23,1.0456200000000003e-06,-17,0.0072386900064884685,False,routed equivalence failed: 7.183757124689556e-08,7.183757124689556e-08,1e-10,logical Operator.equiv + routed zero/3 random states,"[1, 2]"
2,0.5,0.08,2,current,b014363a78ee7dfe0c824b9bc5c2fdca5a10eff0ae21be4b4750352e2d90350a,ea9fd4755a15f06dce28cd5aa229180e11dd3f9164c2862f20878fd6099a34ea,85,77,61,24,7,1.4285714285714286,1,1.0,1,1,7,7,2.0,5,2.2857142857142856,1.0,1.0,1,robustness,synthetic_heavy_hex_like_7q_transpiler,heavy_hex_like,transpiler,SYNTHETIC_TARGET,"{""edges"": [[0, 1], [0, 3], [1, 0], [1, 2], [2, 1], [2, 3], [3, 0], [3, 2], [3, 4], [4, 3], [4, 5], [5, 4], [5, 6], [6, 5]], ""seed"": 7, ""basis"": [""id"", ""rz"", ""sx"", ""x"", ""ecr""], ""nodes"": 7}",a56c42c5929ac738475a61ad56ac38f9ce297f29f090779c0473725bc68476b5,null,N2_x0.5_t0.08_r2_current__synthetic_heavy_hex_like_7q_transpiler__seed7,identity proxy before selection when layout is transpiler,b014363a78ee7dfe0c824b9bc5c2fdca5a10eff0ae21be4b4750352e2d90350a_synthetic_heavy_hex_like_7q_transpiler,teleport,29,v0.4.0,b014363a78ee7dfe0c824b9bc5c2fdca5a10eff0ae21be4b4750352e2d90350a_synthetic_heavy_hex_like_7q_transpiler_29,3,3,23,1.0456200000000003e-06,-21,0.005312894005328417,False,routed equivalence failed: 7.183757138446998e-08,7.183757138446998e-08,1e-10,logical Operator.equiv + routed zero/3 random states,"[1, 2]"
2,0.5,0.08,2,current,b014363a78ee7dfe0c824b9bc5c2fdca5a10eff0ae21be4b4750352e2d90350a,ea9fd4755a15f06dce28cd5aa229180e11dd3f9164c2862f20878fd6099a34ea,85,77,61,24,7,1.4285714285714286,1,1.0,1,1,7,7,2.0,5,2.2857142857142856,1.0,1.0,1,robustness,synthetic_heavy_hex_like_7q_transpiler,heavy_hex_like,transpiler,SYNTHETIC_TARGET,"{""edges"": [[0, 1], [0, 3], [1, 0], [1, 2], [2, 1], [2, 3], [3, 0], [3, 2], [3, 4], [4, 3], [4, 5], [5, 4], [5, 6], [6, 5]], ""seed"": 7, ""basis"": [""id"", ""rz"", ""sx"", ""x"", ""ecr""], ""nodes"": 7}",a56c42c5929ac738475a61ad56ac38f9ce297f29f090779c0473725bc68476b5,null,N2_x0.5_t0.08_r2_current__synthetic_heavy_hex_like_7q_transpiler__seed7,identity proxy before selection when layout is transpiler,b014363a78ee7dfe0c824b9bc5c2fdca5a10eff0ae21be4b4750352e2d90350a_synthetic_heavy_hex_like_7q_transpiler,basic,37,v0.4.0,b014363a78ee7dfe0c824b9bc5c2fdca5a10eff0ae21be4b4750352e2d90350a_synthetic_heavy_hex_like_7q_transpiler_37,3,3,23,1.046286e-06,-17,0.004655821998312604,False,routed equivalence failed: 7.183757124689556e-08,7.183757124689556e-08,1e-10,logical Operator.equiv + routed zero/3 random states,"[3, 4]"
2,0.5,0.08,2,current,b014363a78ee7dfe0c824b9bc5c2fdca5a10eff0ae21be4b4750352e2d90350a,ea9fd4755a15f06dce28cd5aa229180e11dd3f9164c2862f20878fd6099a34ea,85,77,61,24,7,1.4285714285714286,1,1.0,1,1,7,7,2.0,5,2.2857142857142856,1.0,1.0,1,robustness,synthetic_heavy_hex_like_7q_transpiler,heavy_hex_like,transpiler,SYNTHETIC_TARGET,"{""edges"": [[0, 1], [0, 3], [1, 0], [1, 2], [2, 1], [2, 3], [3, 0], [3, 2], [3, 4], [4, 3], [4, 5], [5, 4], [5, 6], [6, 5]], ""seed"": 7, ""basis"": [""id"", ""rz"", ""sx"", ""x"", ""ecr""], ""nodes"": 7}",a56c42c5929ac738475a61ad56ac38f9ce297f29f090779c0473725bc68476b5,null,N2_x0.5_t0.08_r2_current__synthetic_heavy_hex_like_7q_transpiler__seed7,identity proxy before selection when layout is transpiler,b014363a78ee7dfe0c824b9bc5c2fdca5a10eff0ae21be4b4750352e2d90350a_synthetic_heavy_hex_like_7q_transpiler,teleport,37,v0.4.0,b014363a78ee7dfe0c824b9bc5c2fdca5a10eff0ae21be4b4750352e2d90350a_synthetic_heavy_hex_like_7q_transpiler_37,3,3,23,1.046286e-06,-21,0.005009166998206638,False,routed equivalence failed: 7.183757138448352e-08,7.183757138448352e-08,1e-10,logical Operator.equiv + routed zero/3 random states,"[3, 4]"
2,0.5,0.08,2,current,b014363a78ee7dfe0c824b9bc5c2fdca5a10eff0ae21be4b4750352e2d90350a,ea9fd4755a15f06dce28cd5aa229180e11dd3f9164c2862f20878fd6099a34ea,85,77,61,24,7,1.4285714285714286,1,1.0,1,1,7,7,2.0,5,2.2857142857142856,1.0,1.0,1,robustness,synthetic_heavy_hex_like_7q_transpiler,heavy_hex_like,transpiler,SYNTHETIC_TARGET,"{""edges"": [[0, 1], [0, 3], [1, 0], [1, 2], [2, 1], [2, 3], [3, 0], [3, 2], [3, 4], [4, 3], [4, 5], [5, 4], [5, 6], [6, 5]], ""seed"": 7, ""basis"": [""id"", ""rz"", ""sx"", ""x"", ""ecr""], ""nodes"": 7}",a56c42c5929ac738475a61ad56ac38f9ce297f29f090779c0473725bc68476b5,null,N2_x0.5_t0.08_r2_current__synthetic_heavy_hex_like_7q_transpiler__seed7,identity proxy before selection when layout is transpiler,b014363a78ee7dfe0c824b9bc5c2fdca5a10eff0ae21be4b4750352e2d90350a_synthetic_heavy_hex_like_7q_transpiler,basic,47,v0.4.0,b014363a78ee7dfe0c824b9bc5c2fdca5a10eff0ae21be4b4750352e2d90350a_synthetic_heavy_hex_like_7q_transpiler_47,3,3,23,1.2802740000000002e-06,-17,0.005830563997733407,False,routed equivalence failed: 7.183757150948455e-08,7.183757150948455e-08,1e-10,logical Operator.equiv + routed zero/3 random states,"[3, 0]"
2,0.5,0.08,2,current,b014363a78ee7dfe0c824b9bc5c2fdca5a10eff0ae21be4b4750352e2d90350a,ea9fd4755a15f06dce28cd5aa229180e11dd3f9164c2862f20878fd6099a34ea,85,77,61,24,7,1.4285714285714286,1,1.0,1,1,7,7,2.0,5,2.2857142857142856,1.0,1.0,1,robustness,synthetic_heavy_hex_like_7q_transpiler,heavy_hex_like,transpiler,SYNTHETIC_TARGET,"{""edges"": [[0, 1], [0, 3], [1, 0], [1, 2], [2, 1], [2, 3], [3, 0], [3, 2], [3, 4], [4, 3], [4, 5], [5, 4], [5, 6], [6, 5]], ""seed"": 7, ""basis"": [""id"", ""rz"", ""sx"", ""x"", ""ecr""], ""nodes"": 7}",a56c42c5929ac738475a61ad56ac38f9ce297f29f090779c0473725bc68476b5,null,N2_x0.5_t0.08_r2_current__synthetic_heavy_hex_like_7q_transpiler__seed7,identity proxy before selection when layout is transpiler,b014363a78ee7dfe0c824b9bc5c2fdca5a10eff0ae21be4b4750352e2d90350a_synthetic_heavy_hex_like_7q_transpiler,teleport,47,v0.4.0,b014363a78ee7dfe0c824b9bc5c2fdca5a10eff0ae21be4b4750352e2d90350a_synthetic_heavy_hex_like_7q_transpiler_47,3,3,23,1.2802740000000002e-06,-21,0.005550889000005554,False,routed equivalence failed: 7.183757174348843e-08,7.183757174348843e-08,1e-10,logical Operator.equiv + routed zero/3 random states,"[3, 0]"
2,0.5,0.08,2,current,b014363a78ee7dfe0c824b9bc5c2fdca5a10eff0ae21be4b4750352e2d90350a,ea9fd4755a15f06dce28cd5aa229180e11dd3f9164c2862f20878fd6099a34ea,85,77,61,24,7,1.4285714285714286,1,1.0,1,1,7,8,2.2857142857142856,3,1.8095238095238095,1.0,1.0,1,robustness,synthetic_irregular_7q_favorable,irregular,favorable,SYNTHETIC_TARGET,"{""edges"": [[0, 1], [0, 3], [1, 0], [1, 2], [2, 1], [2, 3], [2, 6], [3, 0], [3, 2], [3, 4], [4, 3], [4, 5], [5, 4], [5, 6], [6, 2], [6, 5]], ""seed"": 7, ""basis"": [""id"", ""rz"", ""sx"", ""x"", ""ecr""], ""nodes"": 7}",c8b003a1553d070cddc2acc63823ce20487791b575f8614922ec632ce2dbf9e1,"[0, 1]",N2_x0.5_t0.08_r2_current__synthetic_irregular_7q_favorable__seed7,identity proxy before selection when layout is transpiler,b014363a78ee7dfe0c824b9bc5c2fdca5a10eff0ae21be4b4750352e2d90350a_synthetic_irregular_7q_favorable,basic,11,v0.4.0,b014363a78ee7dfe0c824b9bc5c2fdca5a10eff0ae21be4b4750352e2d90350a_synthetic_irregular_7q_favorable_11,3,3,23,7.652340000000001e-07,-17,0.005251403999864124,False,routed equivalence failed: 7.183757146121765e-08,7.183757146121765e-08,1e-10,logical Operator.equiv + routed zero/3 random states,"[0, 1]"
2,0.5,0.08,2,current,b014363a78ee7dfe0c824b9bc5c2fdca5a10eff0ae21be4b4750352e2d90350a,ea9fd4755a15f06dce28cd5aa229180e11dd3f9164c2862f20878fd6099a34ea,85,77,61,24,7,1.4285714285714286,1,1.0,1,1,7,8,2.2857142857142856,3,1.8095238095238095,1.0,1.0,1,robustness,synthetic_irregular_7q_favorable,irregular,favorable,SYNTHETIC_TARGET,"{""edges"": [[0, 1], [0, 3], [1, 0], [1, 2], [2, 1], [2, 3], [2, 6], [3, 0], [3, 2], [3, 4], [4, 3], [4, 5], [5, 4], [5, 6], [6, 2], [6, 5]], ""seed"": 7, ""basis"": [""id"", ""rz"", ""sx"", ""x"", ""ecr""], ""nodes"": 7}",c8b003a1553d070cddc2acc63823ce20487791b575f8614922ec632ce2dbf9e1,"[0, 1]",N2_x0.5_t0.08_r2_current__synthetic_irregular_7q_favorable__seed7,identity proxy before selection when layout is transpiler,b014363a78ee7dfe0c824b9bc5c2fdca5a10eff0ae21be4b4750352e2d90350a_synthetic_irregular_7q_favorable,teleport,11,v0.4.0,b014363a78ee7dfe0c824b9bc5c2fdca5a10eff0ae21be4b4750352e2d90350a_synthetic_irregular_7q_favorable_11,3,3,23,7.652340000000001e-07,-21,0.007266782995429821,False,routed equivalence failed: 7.183757171417009e-08,7.183757171417009e-08,1e-10,logical Operator.equiv + routed zero/3 random states,"[0, 1]"
2,0.5,0.08,2,current,b014363a78ee7dfe0c824b9bc5c2fdca5a10eff0ae21be4b4750352e2d90350a,ea9fd4755a15f06dce28cd5aa229180e11dd3f9164c2862f20878fd6099a34ea,85,77,61,24,7,1.4285714285714286,1,1.0,1,1,7,8,2.2857142857142856,3,1.8095238095238095,1.0,1.0,1,robustness,synthetic_irregular_7q_favorable,irregular,favorable,SYNTHETIC_TARGET,"{""edges"": [[0, 1], [0, 3], [1, 0], [1, 2], [2, 1], [2, 3], [2, 6], [3, 0], [3, 2], [3, 4], [4, 3], [4, 5], [5, 4], [5, 6], [6, 2], [6, 5]], ""seed"": 7, ""basis"": [""id"", ""rz"", ""sx"", ""x"", ""ecr""], ""nodes"": 7}",c8b003a1553d070cddc2acc63823ce20487791b575f8614922ec632ce2dbf9e1,"[0, 1]",N2_x0.5_t0.08_r2_current__synthetic_irregular_7q_favorable__seed7,identity proxy before selection when layout is transpiler,b014363a78ee7dfe0c824b9bc5c2fdca5a10eff0ae21be4b4750352e2d90350a_synthetic_irregular_7q_favorable,basic,19,v0.4.0,b014363a78ee7dfe0c824b9bc5c2fdca5a10eff0ae21be4b4750352e2d90350a_synthetic_irregular_7q_favorable_19,3,3,23,7.652340000000001e-07,-17,0.004718981996120419,False,routed equivalence failed: 7.183757146121765e-08,7.183757146121765e-08,1e-10,logical Operator.equiv + routed zero/3 random states,"[0, 1]"
2,0.5,0.08,2,current,b014363a78ee7dfe0c824b9bc5c2fdca5a10eff0ae21be4b4750352e2d90350a,ea9fd4755a15f06dce28cd5aa229180e11dd3f9164c2862f20878fd6099a34ea,85,77,61,24,7,1.4285714285714286,1,1.0,1,1,7,8,2.2857142857142856,3,1.8095238095238095,1.0,1.0,1,robustness,synthetic_irregular_7q_favorable,irregular,favorable,SYNTHETIC_TARGET,"{""edges"": [[0, 1], [0, 3], [1, 0], [1, 2], [2, 1], [2, 3], [2, 6], [3, 0], [3, 2], [3, 4], [4, 3], [4, 5], [5, 4], [5, 6], [6, 2], [6, 5]], ""seed"": 7, ""basis"": [""id"", ""rz"", ""sx"", ""x"", ""ecr""], ""nodes"": 7}",c8b003a1553d070cddc2acc63823ce20487791b575f8614922ec632ce2dbf9e1,"[0, 1]",N2_x0.5_t0.08_r2_current__synthetic_irregular_7q_favorable__seed7,identity proxy before selection when layout is transpiler,b014363a78ee7dfe0c824b9bc5c2fdca5a10eff0ae21be4b4750352e2d90350a_synthetic_irregular_7q_favorable,teleport,19,v0.4.0,b014363a78ee7dfe0c824b9bc5c2fdca5a10eff0ae21be4b4750352e2d90350a_synthetic_irregular_7q_favorable_19,3,3,23,7.652340000000001e-07,-21,0.004271813006198499,False,routed equivalence failed: 7.183757171417009e-08,7.183757171417009e-08,1e-10,logical Operator.equiv + routed zero/3 random states,"[0, 1]"
2,0.5,0.08,2,current,b014363a78ee7dfe0c824b9bc5c2fdca5a10eff0ae21be4b4750352e2d90350a,ea9fd4755a15f06dce28cd5aa229180e11dd3f9164c2862f20878fd6099a34ea,85,77,61,24,7,1.4285714285714286,1,1.0,1,1,7,8,2.2857142857142856,3,1.8095238095238095,1.0,1.0,1,robustness,synthetic_irregular_7q_favorable,irregular,favorable,SYNTHETIC_TARGET,"{""edges"": [[0, 1], [0, 3], [1, 0], [1, 2], [2, 1], [2, 3], [2, 6], [3, 0], [3, 2], [3, 4], [4, 3], [4, 5], [5, 4], [5, 6], [6, 2], [6, 5]], ""seed"": 7, ""basis"": [""id"", ""rz"", ""sx"", ""x"", ""ecr""], ""nodes"": 7}",c8b003a1553d070cddc2acc63823ce20487791b575f8614922ec632ce2dbf9e1,"[0, 1]",N2_x0.5_t0.08_r2_current__synthetic_irregular_7q_favorable__seed7,identity proxy before selection when layout is transpiler,b014363a78ee7dfe0c824b9bc5c2fdca5a10eff0ae21be4b4750352e2d90350a_synthetic_irregular_7q_favorable,basic,29,v0.4.0,b014363a78ee7dfe0c824b9bc5c2fdca5a10eff0ae21be4b4750352e2d90350a_synthetic_irregular_7q_favorable_29,3,3,23,7.652340000000001e-07,-17,0.004205158002150711,False,routed equivalence failed: 7.183757146121765e-08,7.183757146121765e-08,1e-10,logical Operator.equiv + routed zero/3 random states,"[0, 1]"
2,0.5,0.08,2,current,b014363a78ee7dfe0c824b9bc5c2fdca5a10eff0ae21be4b4750352e2d90350a,ea9fd4755a15f06dce28cd5aa229180e11dd3f9164c2862f20878fd6099a34ea,85,77,61,24,7,1.4285714285714286,1,1.0,1,1,7,8,2.2857142857142856,3,1.8095238095238095,1.0,1.0,1,robustness,synthetic_irregular_7q_favorable,irregular,favorable,SYNTHETIC_TARGET,"{""edges"": [[0, 1], [0, 3], [1, 0], [1, 2], [2, 1], [2, 3], [2, 6], [3, 0], [3, 2], [3, 4], [4, 3], [4, 5], [5, 4], [5, 6], [6, 2], [6, 5]], ""seed"": 7, ""basis"": [""id"", ""rz"", ""sx"", ""x"", ""ecr""], ""nodes"": 7}",c8b003a1553d070cddc2acc63823ce20487791b575f8614922ec632ce2dbf9e1,"[0, 1]",N2_x0.5_t0.08_r2_current__synthetic_irregular_7q_favorable__seed7,identity proxy before selection when layout is transpiler,b014363a78ee7dfe0c824b9bc5c2fdca5a10eff0ae21be4b4750352e2d90350a_synthetic_irregular_7q_favorable,teleport,29,v0.4.0,b014363a78ee7dfe0c824b9bc5c2fdca5a10eff0ae21be4b4750352e2d90350a_synthetic_irregular_7q_favorable_29,3,3,23,7.652340000000001e-07,-21,0.004457122995518148,False,routed equivalence failed: 7.183757171417009e-08,7.183757171417009e-08,1e-10,logical Operator.equiv + routed zero/3 random states,"[0, 1]"
2,0.5,0.08,2,current,b014363a78ee7dfe0c824b9bc5c2fdca5a10eff0ae21be4b4750352e2d90350a,ea9fd4755a15f06dce28cd5aa229180e11dd3f9164c2862f20878fd6099a34ea,85,77,61,24,7,1.4285714285714286,1,1.0,1,1,7,8,2.2857142857142856,3,1.8095238095238095,1.0,1.0,1,robustness,synthetic_irregular_7q_favorable,irregular,favorable,SYNTHETIC_TARGET,"{""edges"": [[0, 1], [0, 3], [1, 0], [1, 2], [2, 1], [2, 3], [2, 6], [3, 0], [3, 2], [3, 4], [4, 3], [4, 5], [5, 4], [5, 6], [6, 2], [6, 5]], ""seed"": 7, ""basis"": [""id"", ""rz"", ""sx"", ""x"", ""ecr""], ""nodes"": 7}",c8b003a1553d070cddc2acc63823ce20487791b575f8614922ec632ce2dbf9e1,"[0, 1]",N2_x0.5_t0.08_r2_current__synthetic_irregular_7q_favorable__seed7,identity proxy before selection when layout is transpiler,b014363a78ee7dfe0c824b9bc5c2fdca5a10eff0ae21be4b4750352e2d90350a_synthetic_irregular_7q_favorable,basic,37,v0.4.0,b014363a78ee7dfe0c824b9bc5c2fdca5a10eff0ae21be4b4750352e2d90350a_synthetic_irregular_7q_favorable_37,3,3,23,7.652340000000001e-07,-17,0.004245040996465832,False,routed equivalence failed: 7.183757146121765e-08,7.183757146121765e-08,1e-10,logical Operator.equiv + routed zero/3 random states,"[0, 1]"
2,0.5,0.08,2,current,b014363a78ee7dfe0c824b9bc5c2fdca5a10eff0ae21be4b4750352e2d90350a,ea9fd4755a15f06dce28cd5aa229180e11dd3f9164c2862f20878fd6099a34ea,85,77,61,24,7,1.4285714285714286,1,1.0,1,1,7,8,2.2857142857142856,3,1.8095238095238095,1.0,1.0,1,robustness,synthetic_irregular_7q_favorable,irregular,favorable,SYNTHETIC_TARGET,"{""edges"": [[0, 1], [0, 3], [1, 0], [1, 2], [2, 1], [2, 3], [2, 6], [3, 0], [3, 2], [3, 4], [4, 3], [4, 5], [5, 4], [5, 6], [6, 2], [6, 5]], ""seed"": 7, ""basis"": [""id"", ""rz"", ""sx"", ""x"", ""ecr""], ""nodes"": 7}",c8b003a1553d070cddc2acc63823ce20487791b575f8614922ec632ce2dbf9e1,"[0, 1]",N2_x0.5_t0.08_r2_current__synthetic_irregular_7q_favorable__seed7,identity proxy before selection when layout is transpiler,b014363a78ee7dfe0c824b9bc5c2fdca5a10eff0ae21be4b4750352e2d90350a_synthetic_irregular_7q_favorable,teleport,37,v0.4.0,b014363a78ee7dfe0c824b9bc5c2fdca5a10eff0ae21be4b4750352e2d90350a_synthetic_irregular_7q_favorable_37,3,3,23,7.652340000000001e-07,-21,0.004912121003144421,False,routed equivalence failed: 7.183757171417009e-08,7.183757171417009e-08,1e-10,logical Operator.equiv + routed zero/3 random states,"[0, 1]"
2,0.5,0.08,2,current,b014363a78ee7dfe0c824b9bc5c2fdca5a10eff0ae21be4b4750352e2d90350a,ea9fd4755a15f06dce28cd5aa229180e11dd3f9164c2862f20878fd6099a34ea,85,77,61,24,7,1.4285714285714286,1,1.0,1,1,7,8,2.2857142857142856,3,1.8095238095238095,1.0,1.0,1,robustness,synthetic_irregular_7q_favorable,irregular,favorable,SYNTHETIC_TARGET,"{""edges"": [[0, 1], [0, 3], [1, 0], [1, 2], [2, 1], [2, 3], [2, 6], [3, 0], [3, 2], [3, 4], [4, 3], [4, 5], [5, 4], [5, 6], [6, 2], [6, 5]], ""seed"": 7, ""basis"": [""id"", ""rz"", ""sx"", ""x"", ""ecr""], ""nodes"": 7}",c8b003a1553d070cddc2acc63823ce20487791b575f8614922ec632ce2dbf9e1,"[0, 1]",N2_x0.5_t0.08_r2_current__synthetic_irregular_7q_favorable__seed7,identity proxy before selection when layout is transpiler,b014363a78ee7dfe0c824b9bc5c2fdca5a10eff0ae21be4b4750352e2d90350a_synthetic_irregular_7q_favorable,basic,47,v0.4.0,b014363a78ee7dfe0c824b9bc5c2fdca5a10eff0ae21be4b4750352e2d90350a_synthetic_irregular_7q_favorable_47,3,3,23,7.652340000000001e-07,-17,0.0045291619971976615,False,routed equivalence failed: 7.183757146121765e-08,7.183757146121765e-08,1e-10,logical Operator.equiv + routed zero/3 random states,"[0, 1]"
2,0.5,0.08,2,current,b014363a78ee7dfe0c824b9bc5c2fdca5a10eff0ae21be4b4750352e2d90350a,ea9fd4755a15f06dce28cd5aa229180e11dd3f9164c2862f20878fd6099a34ea,85,77,61,24,7,1.4285714285714286,1,1.0,1,1,7,8,2.2857142857142856,3,1.8095238095238095,1.0,1.0,1,robustness,synthetic_irregular_7q_favorable,irregular,favorable,SYNTHETIC_TARGET,"{""edges"": [[0, 1], [0, 3], [1, 0], [1, 2], [2, 1], [2, 3], [2, 6], [3, 0], [3, 2], [3, 4], [4, 3], [4, 5], [5, 4], [5, 6], [6, 2], [6, 5]], ""seed"": 7, ""basis"": [""id"", ""rz"", ""sx"", ""x"", ""ecr""], ""nodes"": 7}",c8b003a1553d070cddc2acc63823ce20487791b575f8614922ec632ce2dbf9e1,"[0, 1]",N2_x0.5_t0.08_r2_current__synthetic_irregular_7q_favorable__seed7,identity proxy before selection when layout is transpiler,b014363a78ee7dfe0c824b9bc5c2fdca5a10eff0ae21be4b4750352e2d90350a_synthetic_irregular_7q_favorable,teleport,47,v0.4.0,b014363a78ee7dfe0c824b9bc5c2fdca5a10eff0ae21be4b4750352e2d90350a_synthetic_irregular_7q_favorable_47,3,3,23,7.652340000000001e-07,-21,0.005107609998958651,False,routed equivalence failed: 7.183757171417009e-08,7.183757171417009e-08,1e-10,logical Operator.equiv + routed zero/3 random states,"[0, 1]"
3,2.0,0.24,1,current,2db9eba90ba8cd0954c12783101856a28b9a2dc7771ca234eecefcf2689ef643,765e8cc2c75724fb242ba5e1c778dfd8856fe1c57f25e657cf6892bd9d945ec5,91,69,59,32,13,1.6153846153846154,2,1.3333333333333333,2,1,6,5,1.6666666666666667,5,2.3333333333333335,1.0,1.0,1,robustness,synthetic_line_6q_favorable,line,favorable,SYNTHETIC_TARGET,"{""edges"": [[0, 1], [1, 0], [1, 2], [2, 1], [2, 3], [3, 2], [3, 4], [4, 3], [4, 5], [5, 4]], ""seed"": 7, ""basis"": [""id"", ""rz"", ""sx"", ""x"", ""ecr""], ""nodes"": 6}",ccfecec17e274607ed29176fa4c2a758de445cb0e2e85ddcc1bbcb36bd80dcb3,"[0, 1, 2]",N3_x2_t0.24_r1_current__synthetic_line_6q_favorable__seed7,identity proxy before selection when layout is transpiler,2db9eba90ba8cd0954c12783101856a28b9a2dc7771ca234eecefcf2689ef643_synthetic_line_6q_favorable,basic,11,v0.4.0,2db9eba90ba8cd0954c12783101856a28b9a2dc7771ca234eecefcf2689ef643_synthetic_line_6q_favorable_11,28,28,91,1.790074800000001e-05,0,0.005689824000000954,True,,2.8931110483883824e-15,1e-10,logical Operator.equiv + routed zero/3 random states,"[0, 1, 2]"
3,2.0,0.24,1,current,2db9eba90ba8cd0954c12783101856a28b9a2dc7771ca234eecefcf2689ef643,765e8cc2c75724fb242ba5e1c778dfd8856fe1c57f25e657cf6892bd9d945ec5,91,69,59,32,13,1.6153846153846154,2,1.3333333333333333,2,1,6,5,1.6666666666666667,5,2.3333333333333335,1.0,1.0,1,robustness,synthetic_line_6q_favorable,line,favorable,SYNTHETIC_TARGET,"{""edges"": [[0, 1], [1, 0], [1, 2], [2, 1], [2, 3], [3, 2], [3, 4], [4, 3], [4, 5], [5, 4]], ""seed"": 7, ""basis"": [""id"", ""rz"", ""sx"", ""x"", ""ecr""], ""nodes"": 6}",ccfecec17e274607ed29176fa4c2a758de445cb0e2e85ddcc1bbcb36bd80dcb3,"[0, 1, 2]",N3_x2_t0.24_r1_current__synthetic_line_6q_favorable__seed7,identity proxy before selection when layout is transpiler,2db9eba90ba8cd0954c12783101856a28b9a2dc7771ca234eecefcf2689ef643_synthetic_line_6q_favorable,teleport,11,v0.4.0,2db9eba90ba8cd0954c12783101856a28b9a2dc7771ca234eecefcf2689ef643_synthetic_line_6q_favorable_11,24,24,77,1.557574200000001e-05,-8,0.00561483199999202,True,,2.7844251801988247e-15,1e-10,logical Operator.equiv + routed zero/3 random states,"[0, 1, 2]"
3,2.0,0.24,1,current,2db9eba90ba8cd0954c12783101856a28b9a2dc7771ca234eecefcf2689ef643,765e8cc2c75724fb242ba5e1c778dfd8856fe1c57f25e657cf6892bd9d945ec5,91,69,59,32,13,1.6153846153846154,2,1.3333333333333333,2,1,6,5,1.6666666666666667,5,2.3333333333333335,1.0,1.0,1,robustness,synthetic_line_6q_favorable,line,favorable,SYNTHETIC_TARGET,"{""edges"": [[0, 1], [1, 0], [1, 2], [2, 1], [2, 3], [3, 2], [3, 4], [4, 3], [4, 5], [5, 4]], ""seed"": 7, ""basis"": [""id"", ""rz"", ""sx"", ""x"", ""ecr""], ""nodes"": 6}",ccfecec17e274607ed29176fa4c2a758de445cb0e2e85ddcc1bbcb36bd80dcb3,"[0, 1, 2]",N3_x2_t0.24_r1_current__synthetic_line_6q_favorable__seed7,identity proxy before selection when layout is transpiler,2db9eba90ba8cd0954c12783101856a28b9a2dc7771ca234eecefcf2689ef643_synthetic_line_6q_favorable,basic,19,v0.4.0,2db9eba90ba8cd0954c12783101856a28b9a2dc7771ca234eecefcf2689ef643_synthetic_line_6q_favorable_19,28,28,91,1.790074800000001e-05,0,0.005507624999154359,True,,2.8931110483883824e-15,1e-10,logical Operator.equiv + routed zero/3 random states,"[0, 1, 2]"
3,2.0,0.24,1,current,2db9eba90ba8cd0954c12783101856a28b9a2dc7771ca234eecefcf2689ef643,765e8cc2c75724fb242ba5e1c778dfd8856fe1c57f25e657cf6892bd9d945ec5,91,69,59,32,13,1.6153846153846154,2,1.3333333333333333,2,1,6,5,1.6666666666666667,5,2.3333333333333335,1.0,1.0,1,robustness,synthetic_line_6q_favorable,line,favorable,SYNTHETIC_TARGET,"{""edges"": [[0, 1], [1, 0], [1, 2], [2, 1], [2, 3], [3, 2], [3, 4], [4, 3], [4, 5], [5, 4]], ""seed"": 7, ""basis"": [""id"", ""rz"", ""sx"", ""x"", ""ecr""], ""nodes"": 6}",ccfecec17e274607ed29176fa4c2a758de445cb0e2e85ddcc1bbcb36bd80dcb3,"[0, 1, 2]",N3_x2_t0.24_r1_current__synthetic_line_6q_favorable__seed7,identity proxy before selection when layout is transpiler,2db9eba90ba8cd0954c12783101856a28b9a2dc7771ca234eecefcf2689ef643_synthetic_line_6q_favorable,teleport,19,v0.4.0,2db9eba90ba8cd0954c12783101856a28b9a2dc7771ca234eecefcf2689ef643_synthetic_line_6q_favorable_19,24,24,77,1.557574200000001e-05,-8,0.005159893000381999,True,,2.7844251801988247e-15,1e-10,logical Operator.equiv + routed zero/3 random states,"[0, 1, 2]"
3,2.0,0.24,1,current,2db9eba90ba8cd0954c12783101856a28b9a2dc7771ca234eecefcf2689ef643,765e8cc2c75724fb242ba5e1c778dfd8856fe1c57f25e657cf6892bd9d945ec5,91,69,59,32,13,1.6153846153846154,2,1.3333333333333333,2,1,6,5,1.6666666666666667,5,2.3333333333333335,1.0,1.0,1,robustness,synthetic_line_6q_favorable,line,favorable,SYNTHETIC_TARGET,"{""edges"": [[0, 1], [1, 0], [1, 2], [2, 1], [2, 3], [3, 2], [3, 4], [4, 3], [4, 5], [5, 4]], ""seed"": 7, ""basis"": [""id"", ""rz"", ""sx"", ""x"", ""ecr""], ""nodes"": 6}",ccfecec17e274607ed29176fa4c2a758de445cb0e2e85ddcc1bbcb36bd80dcb3,"[0, 1, 2]",N3_x2_t0.24_r1_current__synthetic_line_6q_favorable__seed7,identity proxy before selection when layout is transpiler,2db9eba90ba8cd0954c12783101856a28b9a2dc7771ca234eecefcf2689ef643_synthetic_line_6q_favorable,basic,29,v0.4.0,2db9eba90ba8cd0954c12783101856a28b9a2dc7771ca234eecefcf2689ef643_synthetic_line_6q_favorable_29,28,28,91,1.790074800000001e-05,0,0.005867491003300529,True,,2.8931110483883824e-15,1e-10,logical Operator.equiv + routed zero/3 random states,"[0, 1, 2]"
3,2.0,0.24,1,current,2db9eba90ba8cd0954c12783101856a28b9a2dc7771ca234eecefcf2689ef643,765e8cc2c75724fb242ba5e1c778dfd8856fe1c57f25e657cf6892bd9d945ec5,91,69,59,32,13,1.6153846153846154,2,1.3333333333333333,2,1,6,5,1.6666666666666667,5,2.3333333333333335,1.0,1.0,1,robustness,synthetic_line_6q_favorable,line,favorable,SYNTHETIC_TARGET,"{""edges"": [[0, 1], [1, 0], [1, 2], [2, 1], [2, 3], [3, 2], [3, 4], [4, 3], [4, 5], [5, 4]], ""seed"": 7, ""basis"": [""id"", ""rz"", ""sx"", ""x"", ""ecr""], ""nodes"": 6}",ccfecec17e274607ed29176fa4c2a758de445cb0e2e85ddcc1bbcb36bd80dcb3,"[0, 1, 2]",N3_x2_t0.24_r1_current__synthetic_line_6q_favorable__seed7,identity proxy before selection when layout is transpiler,2db9eba90ba8cd0954c12783101856a28b9a2dc7771ca234eecefcf2689ef643_synthetic_line_6q_favorable,teleport,29,v0.4.0,2db9eba90ba8cd0954c12783101856a28b9a2dc7771ca234eecefcf2689ef643_synthetic_line_6q_favorable_29,24,24,77,1.557574200000001e-05,-8,0.005057321999629494,True,,2.7844251801988247e-15,1e-10,logical Operator.equiv + routed zero/3 random states,"[0, 1, 2]"
3,2.0,0.24,1,current,2db9eba90ba8cd0954c12783101856a28b9a2dc7771ca234eecefcf2689ef643,765e8cc2c75724fb242ba5e1c778dfd8856fe1c57f25e657cf6892bd9d945ec5,91,69,59,32,13,1.6153846153846154,2,1.3333333333333333,2,1,6,5,1.6666666666666667,5,2.3333333333333335,1.0,1.0,1,robustness,synthetic_line_6q_favorable,line,favorable,SYNTHETIC_TARGET,"{""edges"": [[0, 1], [1, 0], [1, 2], [2, 1], [2, 3], [3, 2], [3, 4], [4, 3], [4, 5], [5, 4]], ""seed"": 7, ""basis"": [""id"", ""rz"", ""sx"", ""x"", ""ecr""], ""nodes"": 6}",ccfecec17e274607ed29176fa4c2a758de445cb0e2e85ddcc1bbcb36bd80dcb3,"[0, 1, 2]",N3_x2_t0.24_r1_current__synthetic_line_6q_favorable__seed7,identity proxy before selection when layout is transpiler,2db9eba90ba8cd0954c12783101856a28b9a2dc7771ca234eecefcf2689ef643_synthetic_line_6q_favorable,basic,37,v0.4.0,2db9eba90ba8cd0954c12783101856a28b9a2dc7771ca234eecefcf2689ef643_synthetic_line_6q_favorable_37,28,28,91,1.790074800000001e-05,0,0.006336190999718383,True,,2.8931110483883824e-15,1e-10,logical Operator.equiv + routed zero/3 random states,"[0, 1, 2]"
3,2.0,0.24,1,current,2db9eba90ba8cd0954c12783101856a28b9a2dc7771ca234eecefcf2689ef643,765e8cc2c75724fb242ba5e1c778dfd8856fe1c57f25e657cf6892bd9d945ec5,91,69,59,32,13,1.6153846153846154,2,1.3333333333333333,2,1,6,5,1.6666666666666667,5,2.3333333333333335,1.0,1.0,1,robustness,synthetic_line_6q_favorable,line,favorable,SYNTHETIC_TARGET,"{""edges"": [[0, 1], [1, 0], [1, 2], [2, 1], [2, 3], [3, 2], [3, 4], [4, 3], [4, 5], [5, 4]], ""seed"": 7, ""basis"": [""id"", ""rz"", ""sx"", ""x"", ""ecr""], ""nodes"": 6}",ccfecec17e274607ed29176fa4c2a758de445cb0e2e85ddcc1bbcb36bd80dcb3,"[0, 1, 2]",N3_x2_t0.24_r1_current__synthetic_line_6q_favorable__seed7,identity proxy before selection when layout is transpiler,2db9eba90ba8cd0954c12783101856a28b9a2dc7771ca234eecefcf2689ef643_synthetic_line_6q_favorable,teleport,37,v0.4.0,2db9eba90ba8cd0954c12783101856a28b9a2dc7771ca234eecefcf2689ef643_synthetic_line_6q_favorable_37,24,24,77,1.557574200000001e-05,-8,0.005143132002558559,True,,2.7844251801988247e-15,1e-10,logical Operator.equiv + routed zero/3 random states,"[0, 1, 2]"
3,2.0,0.24,1,current,2db9eba90ba8cd0954c12783101856a28b9a2dc7771ca234eecefcf2689ef643,765e8cc2c75724fb242ba5e1c778dfd8856fe1c57f25e657cf6892bd9d945ec5,91,69,59,32,13,1.6153846153846154,2,1.3333333333333333,2,1,6,5,1.6666666666666667,5,2.3333333333333335,1.0,1.0,1,robustness,synthetic_line_6q_favorable,line,favorable,SYNTHETIC_TARGET,"{""edges"": [[0, 1], [1, 0], [1, 2], [2, 1], [2, 3], [3, 2], [3, 4], [4, 3], [4, 5], [5, 4]], ""seed"": 7, ""basis"": [""id"", ""rz"", ""sx"", ""x"", ""ecr""], ""nodes"": 6}",ccfecec17e274607ed29176fa4c2a758de445cb0e2e85ddcc1bbcb36bd80dcb3,"[0, 1, 2]",N3_x2_t0.24_r1_current__synthetic_line_6q_favorable__seed7,identity proxy before selection when layout is transpiler,2db9eba90ba8cd0954c12783101856a28b9a2dc7771ca234eecefcf2689ef643_synthetic_line_6q_favorable,basic,47,v0.4.0,2db9eba90ba8cd0954c12783101856a28b9a2dc7771ca234eecefcf2689ef643_synthetic_line_6q_favorable_47,28,28,91,1.790074800000001e-05,0,0.005506909998075571,True,,2.8931110483883824e-15,1e-10,logical Operator.equiv + routed zero/3 random states,"[0, 1, 2]"
3,2.0,0.24,1,current,2db9eba90ba8cd0954c12783101856a28b9a2dc7771ca234eecefcf2689ef643,765e8cc2c75724fb242ba5e1c778dfd8856fe1c57f25e657cf6892bd9d945ec5,91,69,59,32,13,1.6153846153846154,2,1.3333333333333333,2,1,6,5,1.6666666666666667,5,2.3333333333333335,1.0,1.0,1,robustness,synthetic_line_6q_favorable,line,favorable,SYNTHETIC_TARGET,"{""edges"": [[0, 1], [1, 0], [1, 2], [2, 1], [2, 3], [3, 2], [3, 4], [4, 3], [4, 5], [5, 4]], ""seed"": 7, ""basis"": [""id"", ""rz"", ""sx"", ""x"", ""ecr""], ""nodes"": 6}",ccfecec17e274607ed29176fa4c2a758de445cb0e2e85ddcc1bbcb36bd80dcb3,"[0, 1, 2]",N3_x2_t0.24_r1_current__synthetic_line_6q_favorable__seed7,identity proxy before selection when layout is transpiler,2db9eba90ba8cd0954c12783101856a28b9a2dc7771ca234eecefcf2689ef643_synthetic_line_6q_favorable,teleport,47,v0.4.0,2db9eba90ba8cd0954c12783101856a28b9a2dc7771ca234eecefcf2689ef643_synthetic_line_6q_favorable_47,24,24,77,1.557574200000001e-05,-8,0.00599335299921222,True,,2.7844251801988247e-15,1e-10,logical Operator.equiv + routed zero/3 random states,"[0, 1, 2]"
3,2.0,0.24,2,current,667e3a1f084c4e2a3fcd2b6479ca873f035a167fe6bd3dac4cd548625d204592,895718eee45a850d435c8240f7a9ee014cfb599978558936fe2e71db8b8c0270,181,137,117,64,13,1.6153846153846154,2,1.3333333333333333,2,1,6,5,1.6666666666666667,5,2.3333333333333335,2.5,3.0,1,robustness,synthetic_line_6q_spread,line,spread,SYNTHETIC_TARGET,"{""edges"": [[0, 1], [1, 0], [1, 2], [2, 1], [2, 3], [3, 2], [3, 4], [4, 3], [4, 5], [5, 4]], ""seed"": 7, ""basis"": [""id"", ""rz"", ""sx"", ""x"", ""ecr""], ""nodes"": 6}",ccfecec17e274607ed29176fa4c2a758de445cb0e2e85ddcc1bbcb36bd80dcb3,"[0, 2, 5]",N3_x2_t0.24_r2_current__synthetic_line_6q_spread__seed7,identity proxy before selection when layout is transpiler,667e3a1f084c4e2a3fcd2b6479ca873f035a167fe6bd3dac4cd548625d204592_synthetic_line_6q_spread,basic,11,v0.4.0,667e3a1f084c4e2a3fcd2b6479ca873f035a167fe6bd3dac4cd548625d204592_synthetic_line_6q_spread_11,63,58,196,4.412693999999998e-05,7,0.006826400996942539,True,,6.207576526092918e-15,1e-10,logical Operator.equiv + routed zero/3 random states,"[1, 2, 3]"
3,2.0,0.24,2,current,667e3a1f084c4e2a3fcd2b6479ca873f035a167fe6bd3dac4cd548625d204592,895718eee45a850d435c8240f7a9ee014cfb599978558936fe2e71db8b8c0270,181,137,117,64,13,1.6153846153846154,2,1.3333333333333333,2,1,6,5,1.6666666666666667,5,2.3333333333333335,2.5,3.0,1,robustness,synthetic_line_6q_spread,line,spread,SYNTHETIC_TARGET,"{""edges"": [[0, 1], [1, 0], [1, 2], [2, 1], [2, 3], [3, 2], [3, 4], [4, 3], [4, 5], [5, 4]], ""seed"": 7, ""basis"": [""id"", ""rz"", ""sx"", ""x"", ""ecr""], ""nodes"": 6}",ccfecec17e274607ed29176fa4c2a758de445cb0e2e85ddcc1bbcb36bd80dcb3,"[0, 2, 5]",N3_x2_t0.24_r2_current__synthetic_line_6q_spread__seed7,identity proxy before selection when layout is transpiler,667e3a1f084c4e2a3fcd2b6479ca873f035a167fe6bd3dac4cd548625d204592_synthetic_line_6q_spread,teleport,11,v0.4.0,667e3a1f084c4e2a3fcd2b6479ca873f035a167fe6bd3dac4cd548625d204592_synthetic_line_6q_spread_11,51,46,157,3.4902173999999995e-05,-13,0.007552058996225242,True,,5.646059903994779e-15,1e-10,logical Operator.equiv + routed zero/3 random states,"[1, 2, 3]"
3,2.0,0.24,2,current,667e3a1f084c4e2a3fcd2b6479ca873f035a167fe6bd3dac4cd548625d204592,895718eee45a850d435c8240f7a9ee014cfb599978558936fe2e71db8b8c0270,181,137,117,64,13,1.6153846153846154,2,1.3333333333333333,2,1,6,5,1.6666666666666667,5,2.3333333333333335,2.5,3.0,1,robustness,synthetic_line_6q_spread,line,spread,SYNTHETIC_TARGET,"{""edges"": [[0, 1], [1, 0], [1, 2], [2, 1], [2, 3], [3, 2], [3, 4], [4, 3], [4, 5], [5, 4]], ""seed"": 7, ""basis"": [""id"", ""rz"", ""sx"", ""x"", ""ecr""], ""nodes"": 6}",ccfecec17e274607ed29176fa4c2a758de445cb0e2e85ddcc1bbcb36bd80dcb3,"[0, 2, 5]",N3_x2_t0.24_r2_current__synthetic_line_6q_spread__seed7,identity proxy before selection when layout is transpiler,667e3a1f084c4e2a3fcd2b6479ca873f035a167fe6bd3dac4cd548625d204592_synthetic_line_6q_spread,basic,19,v0.4.0,667e3a1f084c4e2a3fcd2b6479ca873f035a167fe6bd3dac4cd548625d204592_synthetic_line_6q_spread_19,63,58,196,4.412693999999998e-05,7,0.007105405995389447,True,,6.207576526092918e-15,1e-10,logical Operator.equiv + routed zero/3 random states,"[1, 2, 3]"
3,2.0,0.24,2,current,667e3a1f084c4e2a3fcd2b6479ca873f035a167fe6bd3dac4cd548625d204592,895718eee45a850d435c8240f7a9ee014cfb599978558936fe2e71db8b8c0270,181,137,117,64,13,1.6153846153846154,2,1.3333333333333333,2,1,6,5,1.6666666666666667,5,2.3333333333333335,2.5,3.0,1,robustness,synthetic_line_6q_spread,line,spread,SYNTHETIC_TARGET,"{""edges"": [[0, 1], [1, 0], [1, 2], [2, 1], [2, 3], [3, 2], [3, 4], [4, 3], [4, 5], [5, 4]], ""seed"": 7, ""basis"": [""id"", ""rz"", ""sx"", ""x"", ""ecr""], ""nodes"": 6}",ccfecec17e274607ed29176fa4c2a758de445cb0e2e85ddcc1bbcb36bd80dcb3,"[0, 2, 5]",N3_x2_t0.24_r2_current__synthetic_line_6q_spread__seed7,identity proxy before selection when layout is transpiler,667e3a1f084c4e2a3fcd2b6479ca873f035a167fe6bd3dac4cd548625d204592_synthetic_line_6q_spread,teleport,19,v0.4.0,667e3a1f084c4e2a3fcd2b6479ca873f035a167fe6bd3dac4cd548625d204592_synthetic_line_6q_spread_19,51,46,157,3.4902173999999995e-05,-13,0.006719092001731042,True,,5.646059903994779e-15,1e-10,logical Operator.equiv + routed zero/3 random states,"[1, 2, 3]"
3,2.0,0.24,2,current,667e3a1f084c4e2a3fcd2b6479ca873f035a167fe6bd3dac4cd548625d204592,895718eee45a850d435c8240f7a9ee014cfb599978558936fe2e71db8b8c0270,181,137,117,64,13,1.6153846153846154,2,1.3333333333333333,2,1,6,5,1.6666666666666667,5,2.3333333333333335,2.5,3.0,1,robustness,synthetic_line_6q_spread,line,spread,SYNTHETIC_TARGET,"{""edges"": [[0, 1], [1, 0], [1, 2], [2, 1], [2, 3], [3, 2], [3, 4], [4, 3], [4, 5], [5, 4]], ""seed"": 7, ""basis"": [""id"", ""rz"", ""sx"", ""x"", ""ecr""], ""nodes"": 6}",ccfecec17e274607ed29176fa4c2a758de445cb0e2e85ddcc1bbcb36bd80dcb3,"[0, 2, 5]",N3_x2_t0.24_r2_current__synthetic_line_6q_spread__seed7,identity proxy before selection when layout is transpiler,667e3a1f084c4e2a3fcd2b6479ca873f035a167fe6bd3dac4cd548625d204592_synthetic_line_6q_spread,basic,29,v0.4.0,667e3a1f084c4e2a3fcd2b6479ca873f035a167fe6bd3dac4cd548625d204592_synthetic_line_6q_spread_29,63,58,196,4.412693999999998e-05,7,0.006610980002733413,True,,6.207576526092918e-15,1e-10,logical Operator.equiv + routed zero/3 random states,"[1, 2, 3]"
3,2.0,0.24,2,current,667e3a1f084c4e2a3fcd2b6479ca873f035a167fe6bd3dac4cd548625d204592,895718eee45a850d435c8240f7a9ee014cfb599978558936fe2e71db8b8c0270,181,137,117,64,13,1.6153846153846154,2,1.3333333333333333,2,1,6,5,1.6666666666666667,5,2.3333333333333335,2.5,3.0,1,robustness,synthetic_line_6q_spread,line,spread,SYNTHETIC_TARGET,"{""edges"": [[0, 1], [1, 0], [1, 2], [2, 1], [2, 3], [3, 2], [3, 4], [4, 3], [4, 5], [5, 4]], ""seed"": 7, ""basis"": [""id"", ""rz"", ""sx"", ""x"", ""ecr""], ""nodes"": 6}",ccfecec17e274607ed29176fa4c2a758de445cb0e2e85ddcc1bbcb36bd80dcb3,"[0, 2, 5]",N3_x2_t0.24_r2_current__synthetic_line_6q_spread__seed7,identity proxy before selection when layout is transpiler,667e3a1f084c4e2a3fcd2b6479ca873f035a167fe6bd3dac4cd548625d204592_synthetic_line_6q_spread,teleport,29,v0.4.0,667e3a1f084c4e2a3fcd2b6479ca873f035a167fe6bd3dac4cd548625d204592_synthetic_line_6q_spread_29,51,46,157,3.4902173999999995e-05,-13,0.006503548000182491,True,,5.646059903994779e-15,1e-10,logical Operator.equiv + routed zero/3 random states,"[1, 2, 3]"
3,2.0,0.24,2,current,667e3a1f084c4e2a3fcd2b6479ca873f035a167fe6bd3dac4cd548625d204592,895718eee45a850d435c8240f7a9ee014cfb599978558936fe2e71db8b8c0270,181,137,117,64,13,1.6153846153846154,2,1.3333333333333333,2,1,6,5,1.6666666666666667,5,2.3333333333333335,2.5,3.0,1,robustness,synthetic_line_6q_spread,line,spread,SYNTHETIC_TARGET,"{""edges"": [[0, 1], [1, 0], [1, 2], [2, 1], [2, 3], [3, 2], [3, 4], [4, 3], [4, 5], [5, 4]], ""seed"": 7, ""basis"": [""id"", ""rz"", ""sx"", ""x"", ""ecr""], ""nodes"": 6}",ccfecec17e274607ed29176fa4c2a758de445cb0e2e85ddcc1bbcb36bd80dcb3,"[0, 2, 5]",N3_x2_t0.24_r2_current__synthetic_line_6q_spread__seed7,identity proxy before selection when layout is transpiler,667e3a1f084c4e2a3fcd2b6479ca873f035a167fe6bd3dac4cd548625d204592_synthetic_line_6q_spread,basic,37,v0.4.0,667e3a1f084c4e2a3fcd2b6479ca873f035a167fe6bd3dac4cd548625d204592_synthetic_line_6q_spread_37,63,58,196,4.412693999999998e-05,7,0.006652545998804271,True,,6.207576526092918e-15,1e-10,logical Operator.equiv + routed zero/3 random states,"[1, 2, 3]"
3,2.0,0.24,2,current,667e3a1f084c4e2a3fcd2b6479ca873f035a167fe6bd3dac4cd548625d204592,895718eee45a850d435c8240f7a9ee014cfb599978558936fe2e71db8b8c0270,181,137,117,64,13,1.6153846153846154,2,1.3333333333333333,2,1,6,5,1.6666666666666667,5,2.3333333333333335,2.5,3.0,1,robustness,synthetic_line_6q_spread,line,spread,SYNTHETIC_TARGET,"{""edges"": [[0, 1], [1, 0], [1, 2], [2, 1], [2, 3], [3, 2], [3, 4], [4, 3], [4, 5], [5, 4]], ""seed"": 7, ""basis"": [""id"", ""rz"", ""sx"", ""x"", ""ecr""], ""nodes"": 6}",ccfecec17e274607ed29176fa4c2a758de445cb0e2e85ddcc1bbcb36bd80dcb3,"[0, 2, 5]",N3_x2_t0.24_r2_current__synthetic_line_6q_spread__seed7,identity proxy before selection when layout is transpiler,667e3a1f084c4e2a3fcd2b6479ca873f035a167fe6bd3dac4cd548625d204592_synthetic_line_6q_spread,teleport,37,v0.4.0,667e3a1f084c4e2a3fcd2b6479ca873f035a167fe6bd3dac4cd548625d204592_synthetic_line_6q_spread_37,51,46,157,3.4902173999999995e-05,-13,0.006085565997636877,True,,5.646059903994779e-15,1e-10,logical Operator.equiv + routed zero/3 random states,"[1, 2, 3]"
3,2.0,0.24,2,current,667e3a1f084c4e2a3fcd2b6479ca873f035a167fe6bd3dac4cd548625d204592,895718eee45a850d435c8240f7a9ee014cfb599978558936fe2e71db8b8c0270,181,137,117,64,13,1.6153846153846154,2,1.3333333333333333,2,1,6,5,1.6666666666666667,5,2.3333333333333335,2.5,3.0,1,robustness,synthetic_line_6q_spread,line,spread,SYNTHETIC_TARGET,"{""edges"": [[0, 1], [1, 0], [1, 2], [2, 1], [2, 3], [3, 2], [3, 4], [4, 3], [4, 5], [5, 4]], ""seed"": 7, ""basis"": [""id"", ""rz"", ""sx"", ""x"", ""ecr""], ""nodes"": 6}",ccfecec17e274607ed29176fa4c2a758de445cb0e2e85ddcc1bbcb36bd80dcb3,"[0, 2, 5]",N3_x2_t0.24_r2_current__synthetic_line_6q_spread__seed7,identity proxy before selection when layout is transpiler,667e3a1f084c4e2a3fcd2b6479ca873f035a167fe6bd3dac4cd548625d204592_synthetic_line_6q_spread,basic,47,v0.4.0,667e3a1f084c4e2a3fcd2b6479ca873f035a167fe6bd3dac4cd548625d204592_synthetic_line_6q_spread_47,63,58,196,4.412693999999998e-05,7,0.006530931001179852,True,,6.207576526092918e-15,1e-10,logical Operator.equiv + routed zero/3 random states,"[1, 2, 3]"
3,2.0,0.24,2,current,667e3a1f084c4e2a3fcd2b6479ca873f035a167fe6bd3dac4cd548625d204592,895718eee45a850d435c8240f7a9ee014cfb599978558936fe2e71db8b8c0270,181,137,117,64,13,1.6153846153846154,2,1.3333333333333333,2,1,6,5,1.6666666666666667,5,2.3333333333333335,2.5,3.0,1,robustness,synthetic_line_6q_spread,line,spread,SYNTHETIC_TARGET,"{""edges"": [[0, 1], [1, 0], [1, 2], [2, 1], [2, 3], [3, 2], [3, 4], [4, 3], [4, 5], [5, 4]], ""seed"": 7, ""basis"": [""id"", ""rz"", ""sx"", ""x"", ""ecr""], ""nodes"": 6}",ccfecec17e274607ed29176fa4c2a758de445cb0e2e85ddcc1bbcb36bd80dcb3,"[0, 2, 5]",N3_x2_t0.24_r2_current__synthetic_line_6q_spread__seed7,identity proxy before selection when layout is transpiler,667e3a1f084c4e2a3fcd2b6479ca873f035a167fe6bd3dac4cd548625d204592_synthetic_line_6q_spread,teleport,47,v0.4.0,667e3a1f084c4e2a3fcd2b6479ca873f035a167fe6bd3dac4cd548625d204592_synthetic_line_6q_spread_47,51,46,157,3.4902173999999995e-05,-13,0.0063059429958229885,True,,5.646059903994779e-15,1e-10,logical Operator.equiv + routed zero/3 random states,"[1, 2, 3]"
3,2.0,0.24,4,current,bc2d5292433dbd57457d4b8e18f32adf5b65f135ba9bc3522cd34066a6aaff03,a8c77d0b2cdabef3b9ba279df496609f76a174ba9474507d77488b124b9a2527,361,273,233,128,13,1.6153846153846154,2,1.3333333333333333,2,1,6,6,2.0,3,1.8,1.0,1.0,1,robustness,synthetic_ring_6q_transpiler,ring,transpiler,SYNTHETIC_TARGET,"{""edges"": [[0, 1], [0, 5], [1, 0], [1, 2], [2, 1], [2, 3], [3, 2], [3, 4], [4, 3], [4, 5], [5, 0], [5, 4]], ""seed"": 7, ""basis"": [""id"", ""rz"", ""sx"", ""x"", ""ecr""], ""nodes"": 6}",ff4a6017b79ba46163d089d132c4bc654811d5fa5518090a9b65bf0d23d86ee8,null,N3_x2_t0.24_r4_current__synthetic_ring_6q_transpiler__seed7,identity proxy before selection when layout is transpiler,bc2d5292433dbd57457d4b8e18f32adf5b65f135ba9bc3522cd34066a6aaff03_synthetic_ring_6q_transpiler,basic,11,v0.4.0,bc2d5292433dbd57457d4b8e18f32adf5b65f135ba9bc3522cd34066a6aaff03_synthetic_ring_6q_transpiler_11,106,106,391,6.124669199999987e-05,-6,0.008886964998964686,True,,2.1611815280766328e-14,1e-10,logical Operator.equiv + routed zero/3 random states,"[3, 4, 5]"
3,2.0,0.24,4,current,bc2d5292433dbd57457d4b8e18f32adf5b65f135ba9bc3522cd34066a6aaff03,a8c77d0b2cdabef3b9ba279df496609f76a174ba9474507d77488b124b9a2527,361,273,233,128,13,1.6153846153846154,2,1.3333333333333333,2,1,6,6,2.0,3,1.8,1.0,1.0,1,robustness,synthetic_ring_6q_transpiler,ring,transpiler,SYNTHETIC_TARGET,"{""edges"": [[0, 1], [0, 5], [1, 0], [1, 2], [2, 1], [2, 3], [3, 2], [3, 4], [4, 3], [4, 5], [5, 0], [5, 4]], ""seed"": 7, ""basis"": [""id"", ""rz"", ""sx"", ""x"", ""ecr""], ""nodes"": 6}",ff4a6017b79ba46163d089d132c4bc654811d5fa5518090a9b65bf0d23d86ee8,null,N3_x2_t0.24_r4_current__synthetic_ring_6q_transpiler__seed7,identity proxy before selection when layout is transpiler,bc2d5292433dbd57457d4b8e18f32adf5b65f135ba9bc3522cd34066a6aaff03_synthetic_ring_6q_transpiler,teleport,11,v0.4.0,bc2d5292433dbd57457d4b8e18f32adf5b65f135ba9bc3522cd34066a6aaff03_synthetic_ring_6q_transpiler_11,70,70,262,4.0923257999999987e-05,-58,0.009174339997116476,True,,2.3340524836623532e-14,1e-10,logical Operator.equiv + routed zero/3 random states,"[3, 4, 5]"
3,2.0,0.24,4,current,bc2d5292433dbd57457d4b8e18f32adf5b65f135ba9bc3522cd34066a6aaff03,a8c77d0b2cdabef3b9ba279df496609f76a174ba9474507d77488b124b9a2527,361,273,233,128,13,1.6153846153846154,2,1.3333333333333333,2,1,6,6,2.0,3,1.8,1.0,1.0,1,robustness,synthetic_ring_6q_transpiler,ring,transpiler,SYNTHETIC_TARGET,"{""edges"": [[0, 1], [0, 5], [1, 0], [1, 2], [2, 1], [2, 3], [3, 2], [3, 4], [4, 3], [4, 5], [5, 0], [5, 4]], ""seed"": 7, ""basis"": [""id"", ""rz"", ""sx"", ""x"", ""ecr""], ""nodes"": 6}",ff4a6017b79ba46163d089d132c4bc654811d5fa5518090a9b65bf0d23d86ee8,null,N3_x2_t0.24_r4_current__synthetic_ring_6q_transpiler__seed7,identity proxy before selection when layout is transpiler,bc2d5292433dbd57457d4b8e18f32adf5b65f135ba9bc3522cd34066a6aaff03_synthetic_ring_6q_transpiler,basic,19,v0.4.0,bc2d5292433dbd57457d4b8e18f32adf5b65f135ba9bc3522cd34066a6aaff03_synthetic_ring_6q_transpiler_19,106,106,379,5.8436615999999864e-05,-6,0.009084508004889358,True,,2.5160888567309968e-14,1e-10,logical Operator.equiv + routed zero/3 random states,"[2, 3, 4]"
3,2.0,0.24,4,current,bc2d5292433dbd57457d4b8e18f32adf5b65f135ba9bc3522cd34066a6aaff03,a8c77d0b2cdabef3b9ba279df496609f76a174ba9474507d77488b124b9a2527,361,273,233,128,13,1.6153846153846154,2,1.3333333333333333,2,1,6,6,2.0,3,1.8,1.0,1.0,1,robustness,synthetic_ring_6q_transpiler,ring,transpiler,SYNTHETIC_TARGET,"{""edges"": [[0, 1], [0, 5], [1, 0], [1, 2], [2, 1], [2, 3], [3, 2], [3, 4], [4, 3], [4, 5], [5, 0], [5, 4]], ""seed"": 7, ""basis"": [""id"", ""rz"", ""sx"", ""x"", ""ecr""], ""nodes"": 6}",ff4a6017b79ba46163d089d132c4bc654811d5fa5518090a9b65bf0d23d86ee8,null,N3_x2_t0.24_r4_current__synthetic_ring_6q_transpiler__seed7,identity proxy before selection when layout is transpiler,bc2d5292433dbd57457d4b8e18f32adf5b65f135ba9bc3522cd34066a6aaff03_synthetic_ring_6q_transpiler,teleport,19,v0.4.0,bc2d5292433dbd57457d4b8e18f32adf5b65f135ba9bc3522cd34066a6aaff03_synthetic_ring_6q_transpiler_19,70,70,264,3.835649399999999e-05,-58,0.007360574003541842,True,,2.9809879086724444e-14,1e-10,logical Operator.equiv + routed zero/3 random states,"[2, 3, 4]"
3,2.0,0.24,4,current,bc2d5292433dbd57457d4b8e18f32adf5b65f135ba9bc3522cd34066a6aaff03,a8c77d0b2cdabef3b9ba279df496609f76a174ba9474507d77488b124b9a2527,361,273,233,128,13,1.6153846153846154,2,1.3333333333333333,2,1,6,6,2.0,3,1.8,1.0,1.0,1,robustness,synthetic_ring_6q_transpiler,ring,transpiler,SYNTHETIC_TARGET,"{""edges"": [[0, 1], [0, 5], [1, 0], [1, 2], [2, 1], [2, 3], [3, 2], [3, 4], [4, 3], [4, 5], [5, 0], [5, 4]], ""seed"": 7, ""basis"": [""id"", ""rz"", ""sx"", ""x"", ""ecr""], ""nodes"": 6}",ff4a6017b79ba46163d089d132c4bc654811d5fa5518090a9b65bf0d23d86ee8,null,N3_x2_t0.24_r4_current__synthetic_ring_6q_transpiler__seed7,identity proxy before selection when layout is transpiler,bc2d5292433dbd57457d4b8e18f32adf5b65f135ba9bc3522cd34066a6aaff03_synthetic_ring_6q_transpiler,basic,29,v0.4.0,bc2d5292433dbd57457d4b8e18f32adf5b65f135ba9bc3522cd34066a6aaff03_synthetic_ring_6q_transpiler_29,106,106,595,5.405389199999983e-05,-6,0.007604924998304341,True,,8.144764774237535e-14,1e-10,logical Operator.equiv + routed zero/3 random states,"[2, 1, 0]"
3,2.0,0.24,4,current,bc2d5292433dbd57457d4b8e18f32adf5b65f135ba9bc3522cd34066a6aaff03,a8c77d0b2cdabef3b9ba279df496609f76a174ba9474507d77488b124b9a2527,361,273,233,128,13,1.6153846153846154,2,1.3333333333333333,2,1,6,6,2.0,3,1.8,1.0,1.0,1,robustness,synthetic_ring_6q_transpiler,ring,transpiler,SYNTHETIC_TARGET,"{""edges"": [[0, 1], [0, 5], [1, 0], [1, 2], [2, 1], [2, 3], [3, 2], [3, 4], [4, 3], [4, 5], [5, 0], [5, 4]], ""seed"": 7, ""basis"": [""id"", ""rz"", ""sx"", ""x"", ""ecr""], ""nodes"": 6}",ff4a6017b79ba46163d089d132c4bc654811d5fa5518090a9b65bf0d23d86ee8,null,N3_x2_t0.24_r4_current__synthetic_ring_6q_transpiler__seed7,identity proxy before selection when layout is transpiler,bc2d5292433dbd57457d4b8e18f32adf5b65f135ba9bc3522cd34066a6aaff03_synthetic_ring_6q_transpiler,teleport,29,v0.4.0,bc2d5292433dbd57457d4b8e18f32adf5b65f135ba9bc3522cd34066a6aaff03_synthetic_ring_6q_transpiler_29,70,70,391,3.5539314000000005e-05,-58,0.006844839001132641,True,,4.210724820344619e-14,1e-10,logical Operator.equiv + routed zero/3 random states,"[2, 1, 0]"
3,2.0,0.24,4,current,bc2d5292433dbd57457d4b8e18f32adf5b65f135ba9bc3522cd34066a6aaff03,a8c77d0b2cdabef3b9ba279df496609f76a174ba9474507d77488b124b9a2527,361,273,233,128,13,1.6153846153846154,2,1.3333333333333333,2,1,6,6,2.0,3,1.8,1.0,1.0,1,robustness,synthetic_ring_6q_transpiler,ring,transpiler,SYNTHETIC_TARGET,"{""edges"": [[0, 1], [0, 5], [1, 0], [1, 2], [2, 1], [2, 3], [3, 2], [3, 4], [4, 3], [4, 5], [5, 0], [5, 4]], ""seed"": 7, ""basis"": [""id"", ""rz"", ""sx"", ""x"", ""ecr""], ""nodes"": 6}",ff4a6017b79ba46163d089d132c4bc654811d5fa5518090a9b65bf0d23d86ee8,null,N3_x2_t0.24_r4_current__synthetic_ring_6q_transpiler__seed7,identity proxy before selection when layout is transpiler,bc2d5292433dbd57457d4b8e18f32adf5b65f135ba9bc3522cd34066a6aaff03_synthetic_ring_6q_transpiler,basic,37,v0.4.0,bc2d5292433dbd57457d4b8e18f32adf5b65f135ba9bc3522cd34066a6aaff03_synthetic_ring_6q_transpiler_37,106,106,576,5.240354399999985e-05,-6,0.007892314002674539,True,,5.542248635888323e-14,1e-10,logical Operator.equiv + routed zero/3 random states,"[0, 5, 4]"
3,2.0,0.24,4,current,bc2d5292433dbd57457d4b8e18f32adf5b65f135ba9bc3522cd34066a6aaff03,a8c77d0b2cdabef3b9ba279df496609f76a174ba9474507d77488b124b9a2527,361,273,233,128,13,1.6153846153846154,2,1.3333333333333333,2,1,6,6,2.0,3,1.8,1.0,1.0,1,robustness,synthetic_ring_6q_transpiler,ring,transpiler,SYNTHETIC_TARGET,"{""edges"": [[0, 1], [0, 5], [1, 0], [1, 2], [2, 1], [2, 3], [3, 2], [3, 4], [4, 3], [4, 5], [5, 0], [5, 4]], ""seed"": 7, ""basis"": [""id"", ""rz"", ""sx"", ""x"", ""ecr""], ""nodes"": 6}",ff4a6017b79ba46163d089d132c4bc654811d5fa5518090a9b65bf0d23d86ee8,null,N3_x2_t0.24_r4_current__synthetic_ring_6q_transpiler__seed7,identity proxy before selection when layout is transpiler,bc2d5292433dbd57457d4b8e18f32adf5b65f135ba9bc3522cd34066a6aaff03_synthetic_ring_6q_transpiler,teleport,37,v0.4.0,bc2d5292433dbd57457d4b8e18f32adf5b65f135ba9bc3522cd34066a6aaff03_synthetic_ring_6q_transpiler_37,70,70,384,3.514237800000001e-05,-58,0.009083120006835088,True,,7.569286936666294e-14,1e-10,logical Operator.equiv + routed zero/3 random states,"[0, 5, 4]"
3,2.0,0.24,4,current,bc2d5292433dbd57457d4b8e18f32adf5b65f135ba9bc3522cd34066a6aaff03,a8c77d0b2cdabef3b9ba279df496609f76a174ba9474507d77488b124b9a2527,361,273,233,128,13,1.6153846153846154,2,1.3333333333333333,2,1,6,6,2.0,3,1.8,1.0,1.0,1,robustness,synthetic_ring_6q_transpiler,ring,transpiler,SYNTHETIC_TARGET,"{""edges"": [[0, 1], [0, 5], [1, 0], [1, 2], [2, 1], [2, 3], [3, 2], [3, 4], [4, 3], [4, 5], [5, 0], [5, 4]], ""seed"": 7, ""basis"": [""id"", ""rz"", ""sx"", ""x"", ""ecr""], ""nodes"": 6}",ff4a6017b79ba46163d089d132c4bc654811d5fa5518090a9b65bf0d23d86ee8,null,N3_x2_t0.24_r4_current__synthetic_ring_6q_transpiler__seed7,identity proxy before selection when layout is transpiler,bc2d5292433dbd57457d4b8e18f32adf5b65f135ba9bc3522cd34066a6aaff03_synthetic_ring_6q_transpiler,basic,47,v0.4.0,bc2d5292433dbd57457d4b8e18f32adf5b65f135ba9bc3522cd34066a6aaff03_synthetic_ring_6q_transpiler_47,106,106,394,6.062598000000005e-05,-6,0.008042654997552745,True,,3.6014461020247056e-14,1e-10,logical Operator.equiv + routed zero/3 random states,"[3, 2, 1]"
3,2.0,0.24,4,current,bc2d5292433dbd57457d4b8e18f32adf5b65f135ba9bc3522cd34066a6aaff03,a8c77d0b2cdabef3b9ba279df496609f76a174ba9474507d77488b124b9a2527,361,273,233,128,13,1.6153846153846154,2,1.3333333333333333,2,1,6,6,2.0,3,1.8,1.0,1.0,1,robustness,synthetic_ring_6q_transpiler,ring,transpiler,SYNTHETIC_TARGET,"{""edges"": [[0, 1], [0, 5], [1, 0], [1, 2], [2, 1], [2, 3], [3, 2], [3, 4], [4, 3], [4, 5], [5, 0], [5, 4]], ""seed"": 7, ""basis"": [""id"", ""rz"", ""sx"", ""x"", ""ecr""], ""nodes"": 6}",ff4a6017b79ba46163d089d132c4bc654811d5fa5518090a9b65bf0d23d86ee8,null,N3_x2_t0.24_r4_current__synthetic_ring_6q_transpiler__seed7,identity proxy before selection when layout is transpiler,bc2d5292433dbd57457d4b8e18f32adf5b65f135ba9bc3522cd34066a6aaff03_synthetic_ring_6q_transpiler,teleport,47,v0.4.0,bc2d5292433dbd57457d4b8e18f32adf5b65f135ba9bc3522cd34066a6aaff03_synthetic_ring_6q_transpiler_47,70,70,281,3.969781800000001e-05,-58,0.006634110999584664,True,,3.238070954572223e-14,1e-10,logical Operator.equiv + routed zero/3 random states,"[3, 2, 1]"
3,2.0,0.24,8,current,0fc28dc35599b93623d9613d500225976d3b315fe307e512a0db8d51410569b8,6c1d27e17ed1cf182fc54db750bd1543268c42d972721db2752c586c79302655,721,545,465,256,13,1.6153846153846154,2,1.3333333333333333,2,1,6,7,2.3333333333333335,3,1.6666666666666667,1.0,1.0,1,robustness,synthetic_grid_6q_transpiler,grid,transpiler,SYNTHETIC_TARGET,"{""edges"": [[0, 1], [0, 3], [1, 0], [1, 2], [1, 4], [2, 1], [2, 5], [3, 0], [3, 4], [4, 1], [4, 3], [4, 5], [5, 2], [5, 4]], ""seed"": 7, ""basis"": [""id"", ""rz"", ""sx"", ""x"", ""ecr""], ""nodes"": 6}",1dc9d7c7422ee8d9e756c16f45c753640fd9bb0d83eb6013019055e1f800f374,null,N3_x2_t0.24_r8_current__synthetic_grid_6q_transpiler__seed7,identity proxy before selection when layout is transpiler,0fc28dc35599b93623d9613d500225976d3b315fe307e512a0db8d51410569b8_synthetic_grid_6q_transpiler,basic,11,v0.4.0,0fc28dc35599b93623d9613d500225976d3b315fe307e512a0db8d51410569b8_synthetic_grid_6q_transpiler_11,210,210,819,0.00010195194600000004,-14,0.009688293997896835,True,,3.6557998705171394e-13,1e-10,logical Operator.equiv + routed zero/3 random states,"[2, 5, 4]"
3,2.0,0.24,8,current,0fc28dc35599b93623d9613d500225976d3b315fe307e512a0db8d51410569b8,6c1d27e17ed1cf182fc54db750bd1543268c42d972721db2752c586c79302655,721,545,465,256,13,1.6153846153846154,2,1.3333333333333333,2,1,6,7,2.3333333333333335,3,1.6666666666666667,1.0,1.0,1,robustness,synthetic_grid_6q_transpiler,grid,transpiler,SYNTHETIC_TARGET,"{""edges"": [[0, 1], [0, 3], [1, 0], [1, 2], [1, 4], [2, 1], [2, 5], [3, 0], [3, 4], [4, 1], [4, 3], [4, 5], [5, 2], [5, 4]], ""seed"": 7, ""basis"": [""id"", ""rz"", ""sx"", ""x"", ""ecr""], ""nodes"": 6}",1dc9d7c7422ee8d9e756c16f45c753640fd9bb0d83eb6013019055e1f800f374,null,N3_x2_t0.24_r8_current__synthetic_grid_6q_transpiler__seed7,identity proxy before selection when layout is transpiler,0fc28dc35599b93623d9613d500225976d3b315fe307e512a0db8d51410569b8_synthetic_grid_6q_transpiler,teleport,11,v0.4.0,0fc28dc35599b93623d9613d500225976d3b315fe307e512a0db8d51410569b8_synthetic_grid_6q_transpiler_11,142,142,605,6.694654199999994e-05,-114,0.008641535001515877,True,,1.4487387413638826e-13,1e-10,logical Operator.equiv + routed zero/3 random states,"[2, 5, 4]"
3,2.0,0.24,8,current,0fc28dc35599b93623d9613d500225976d3b315fe307e512a0db8d51410569b8,6c1d27e17ed1cf182fc54db750bd1543268c42d972721db2752c586c79302655,721,545,465,256,13,1.6153846153846154,2,1.3333333333333333,2,1,6,7,2.3333333333333335,3,1.6666666666666667,1.0,1.0,1,robustness,synthetic_grid_6q_transpiler,grid,transpiler,SYNTHETIC_TARGET,"{""edges"": [[0, 1], [0, 3], [1, 0], [1, 2], [1, 4], [2, 1], [2, 5], [3, 0], [3, 4], [4, 1], [4, 3], [4, 5], [5, 2], [5, 4]], ""seed"": 7, ""basis"": [""id"", ""rz"", ""sx"", ""x"", ""ecr""], ""nodes"": 6}",1dc9d7c7422ee8d9e756c16f45c753640fd9bb0d83eb6013019055e1f800f374,null,N3_x2_t0.24_r8_current__synthetic_grid_6q_transpiler__seed7,identity proxy before selection when layout is transpiler,0fc28dc35599b93623d9613d500225976d3b315fe307e512a0db8d51410569b8_synthetic_grid_6q_transpiler,basic,19,v0.4.0,0fc28dc35599b93623d9613d500225976d3b315fe307e512a0db8d51410569b8_synthetic_grid_6q_transpiler_19,210,210,1176,0.00010134344399999916,-14,0.009037630996317603,True,,5.804097158899849e-13,1e-10,logical Operator.equiv + routed zero/3 random states,"[1, 4, 3]"
3,2.0,0.24,8,current,0fc28dc35599b93623d9613d500225976d3b315fe307e512a0db8d51410569b8,6c1d27e17ed1cf182fc54db750bd1543268c42d972721db2752c586c79302655,721,545,465,256,13,1.6153846153846154,2,1.3333333333333333,2,1,6,7,2.3333333333333335,3,1.6666666666666667,1.0,1.0,1,robustness,synthetic_grid_6q_transpiler,grid,transpiler,SYNTHETIC_TARGET,"{""edges"": [[0, 1], [0, 3], [1, 0], [1, 2], [1, 4], [2, 1], [2, 5], [3, 0], [3, 4], [4, 1], [4, 3], [4, 5], [5, 2], [5, 4]], ""seed"": 7, ""basis"": [""id"", ""rz"", ""sx"", ""x"", ""ecr""], ""nodes"": 6}",1dc9d7c7422ee8d9e756c16f45c753640fd9bb0d83eb6013019055e1f800f374,null,N3_x2_t0.24_r8_current__synthetic_grid_6q_transpiler__seed7,identity proxy before selection when layout is transpiler,0fc28dc35599b93623d9613d500225976d3b315fe307e512a0db8d51410569b8_synthetic_grid_6q_transpiler,teleport,19,v0.4.0,0fc28dc35599b93623d9613d500225976d3b315fe307e512a0db8d51410569b8_synthetic_grid_6q_transpiler_19,142,142,785,6.630451799999965e-05,-114,0.008366394002223387,True,,1.5526961189132735e-13,1e-10,logical Operator.equiv + routed zero/3 random states,"[1, 4, 3]"
3,2.0,0.24,8,current,0fc28dc35599b93623d9613d500225976d3b315fe307e512a0db8d51410569b8,6c1d27e17ed1cf182fc54db750bd1543268c42d972721db2752c586c79302655,721,545,465,256,13,1.6153846153846154,2,1.3333333333333333,2,1,6,7,2.3333333333333335,3,1.6666666666666667,1.0,1.0,1,robustness,synthetic_grid_6q_transpiler,grid,transpiler,SYNTHETIC_TARGET,"{""edges"": [[0, 1], [0, 3], [1, 0], [1, 2], [1, 4], [2, 1], [2, 5], [3, 0], [3, 4], [4, 1], [4, 3], [4, 5], [5, 2], [5, 4]], ""seed"": 7, ""basis"": [""id"", ""rz"", ""sx"", ""x"", ""ecr""], ""nodes"": 6}",1dc9d7c7422ee8d9e756c16f45c753640fd9bb0d83eb6013019055e1f800f374,null,N3_x2_t0.24_r8_current__synthetic_grid_6q_transpiler__seed7,identity proxy before selection when layout is transpiler,0fc28dc35599b93623d9613d500225976d3b315fe307e512a0db8d51410569b8_synthetic_grid_6q_transpiler,basic,29,v0.4.0,0fc28dc35599b93623d9613d500225976d3b315fe307e512a0db8d51410569b8_synthetic_grid_6q_transpiler_29,210,210,791,0.00012138604800000055,-14,0.009363991004647687,True,,3.089903867839128e-13,1e-10,logical Operator.equiv + routed zero/3 random states,"[1, 2, 5]"
3,2.0,0.24,8,current,0fc28dc35599b93623d9613d500225976d3b315fe307e512a0db8d51410569b8,6c1d27e17ed1cf182fc54db750bd1543268c42d972721db2752c586c79302655,721,545,465,256,13,1.6153846153846154,2,1.3333333333333333,2,1,6,7,2.3333333333333335,3,1.6666666666666667,1.0,1.0,1,robustness,synthetic_grid_6q_transpiler,grid,transpiler,SYNTHETIC_TARGET,"{""edges"": [[0, 1], [0, 3], [1, 0], [1, 2], [1, 4], [2, 1], [2, 5], [3, 0], [3, 4], [4, 1], [4, 3], [4, 5], [5, 2], [5, 4]], ""seed"": 7, ""basis"": [""id"", ""rz"", ""sx"", ""x"", ""ecr""], ""nodes"": 6}",1dc9d7c7422ee8d9e756c16f45c753640fd9bb0d83eb6013019055e1f800f374,null,N3_x2_t0.24_r8_current__synthetic_grid_6q_transpiler__seed7,identity proxy before selection when layout is transpiler,0fc28dc35599b93623d9613d500225976d3b315fe307e512a0db8d51410569b8_synthetic_grid_6q_transpiler,teleport,29,v0.4.0,0fc28dc35599b93623d9613d500225976d3b315fe307e512a0db8d51410569b8_synthetic_grid_6q_transpiler_29,142,142,547,8.275405200000017e-05,-114,0.008703041996341199,True,,2.2791367163041583e-14,1e-10,logical Operator.equiv + routed zero/3 random states,"[1, 2, 5]"
3,2.0,0.24,8,current,0fc28dc35599b93623d9613d500225976d3b315fe307e512a0db8d51410569b8,6c1d27e17ed1cf182fc54db750bd1543268c42d972721db2752c586c79302655,721,545,465,256,13,1.6153846153846154,2,1.3333333333333333,2,1,6,7,2.3333333333333335,3,1.6666666666666667,1.0,1.0,1,robustness,synthetic_grid_6q_transpiler,grid,transpiler,SYNTHETIC_TARGET,"{""edges"": [[0, 1], [0, 3], [1, 0], [1, 2], [1, 4], [2, 1], [2, 5], [3, 0], [3, 4], [4, 1], [4, 3], [4, 5], [5, 2], [5, 4]], ""seed"": 7, ""basis"": [""id"", ""rz"", ""sx"", ""x"", ""ecr""], ""nodes"": 6}",1dc9d7c7422ee8d9e756c16f45c753640fd9bb0d83eb6013019055e1f800f374,null,N3_x2_t0.24_r8_current__synthetic_grid_6q_transpiler__seed7,identity proxy before selection when layout is transpiler,0fc28dc35599b93623d9613d500225976d3b315fe307e512a0db8d51410569b8_synthetic_grid_6q_transpiler,basic,37,v0.4.0,0fc28dc35599b93623d9613d500225976d3b315fe307e512a0db8d51410569b8_synthetic_grid_6q_transpiler_37,210,210,819,0.00010195194600000004,-14,0.009474590005993377,True,,3.6557998705171394e-13,1e-10,logical Operator.equiv + routed zero/3 random states,"[2, 5, 4]"
3,2.0,0.24,8,current,0fc28dc35599b93623d9613d500225976d3b315fe307e512a0db8d51410569b8,6c1d27e17ed1cf182fc54db750bd1543268c42d972721db2752c586c79302655,721,545,465,256,13,1.6153846153846154,2,1.3333333333333333,2,1,6,7,2.3333333333333335,3,1.6666666666666667,1.0,1.0,1,robustness,synthetic_grid_6q_transpiler,grid,transpiler,SYNTHETIC_TARGET,"{""edges"": [[0, 1], [0, 3], [1, 0], [1, 2], [1, 4], [2, 1], [2, 5], [3, 0], [3, 4], [4, 1], [4, 3], [4, 5], [5, 2], [5, 4]], ""seed"": 7, ""basis"": [""id"", ""rz"", ""sx"", ""x"", ""ecr""], ""nodes"": 6}",1dc9d7c7422ee8d9e756c16f45c753640fd9bb0d83eb6013019055e1f800f374,null,N3_x2_t0.24_r8_current__synthetic_grid_6q_transpiler__seed7,identity proxy before selection when layout is transpiler,0fc28dc35599b93623d9613d500225976d3b315fe307e512a0db8d51410569b8_synthetic_grid_6q_transpiler,teleport,37,v0.4.0,0fc28dc35599b93623d9613d500225976d3b315fe307e512a0db8d51410569b8_synthetic_grid_6q_transpiler_37,142,142,605,6.694654199999994e-05,-114,0.008700037004018668,True,,1.4487387413638826e-13,1e-10,logical Operator.equiv + routed zero/3 random states,"[2, 5, 4]"
3,2.0,0.24,8,current,0fc28dc35599b93623d9613d500225976d3b315fe307e512a0db8d51410569b8,6c1d27e17ed1cf182fc54db750bd1543268c42d972721db2752c586c79302655,721,545,465,256,13,1.6153846153846154,2,1.3333333333333333,2,1,6,7,2.3333333333333335,3,1.6666666666666667,1.0,1.0,1,robustness,synthetic_grid_6q_transpiler,grid,transpiler,SYNTHETIC_TARGET,"{""edges"": [[0, 1], [0, 3], [1, 0], [1, 2], [1, 4], [2, 1], [2, 5], [3, 0], [3, 4], [4, 1], [4, 3], [4, 5], [5, 2], [5, 4]], ""seed"": 7, ""basis"": [""id"", ""rz"", ""sx"", ""x"", ""ecr""], ""nodes"": 6}",1dc9d7c7422ee8d9e756c16f45c753640fd9bb0d83eb6013019055e1f800f374,null,N3_x2_t0.24_r8_current__synthetic_grid_6q_transpiler__seed7,identity proxy before selection when layout is transpiler,0fc28dc35599b93623d9613d500225976d3b315fe307e512a0db8d51410569b8_synthetic_grid_6q_transpiler,basic,47,v0.4.0,0fc28dc35599b93623d9613d500225976d3b315fe307e512a0db8d51410569b8_synthetic_grid_6q_transpiler_47,210,210,808,0.0001381847880000005,-14,0.009054829002707265,True,,3.110115230234677e-13,1e-10,logical Operator.equiv + routed zero/3 random states,"[0, 1, 2]"
3,2.0,0.24,8,current,0fc28dc35599b93623d9613d500225976d3b315fe307e512a0db8d51410569b8,6c1d27e17ed1cf182fc54db750bd1543268c42d972721db2752c586c79302655,721,545,465,256,13,1.6153846153846154,2,1.3333333333333333,2,1,6,7,2.3333333333333335,3,1.6666666666666667,1.0,1.0,1,robustness,synthetic_grid_6q_transpiler,grid,transpiler,SYNTHETIC_TARGET,"{""edges"": [[0, 1], [0, 3], [1, 0], [1, 2], [1, 4], [2, 1], [2, 5], [3, 0], [3, 4], [4, 1], [4, 3], [4, 5], [5, 2], [5, 4]], ""seed"": 7, ""basis"": [""id"", ""rz"", ""sx"", ""x"", ""ecr""], ""nodes"": 6}",1dc9d7c7422ee8d9e756c16f45c753640fd9bb0d83eb6013019055e1f800f374,null,N3_x2_t0.24_r8_current__synthetic_grid_6q_transpiler__seed7,identity proxy before selection when layout is transpiler,0fc28dc35599b93623d9613d500225976d3b315fe307e512a0db8d51410569b8_synthetic_grid_6q_transpiler,teleport,47,v0.4.0,0fc28dc35599b93623d9613d500225976d3b315fe307e512a0db8d51410569b8_synthetic_grid_6q_transpiler_47,142,142,563,9.108526800000011e-05,-114,0.009515869001916144,True,,7.433741100885502e-14,1e-10,logical Operator.equiv + routed zero/3 random states,"[0, 1, 2]"
3,1.0,0.16,2,reversed,b4d5502166457832ab5510beca11bf8da7f4721a767e3c0a5898a00a9f9831cd,53c4f0677915c62f9f4a3a2141402bf5759264456ba570678b9a3dd1792b6691,181,137,117,64,13,1.6153846153846154,2,1.3333333333333333,2,1,7,7,2.0,5,2.2857142857142856,1.0,1.0,1,robustness,synthetic_heavy_hex_like_7q_transpiler,heavy_hex_like,transpiler,SYNTHETIC_TARGET,"{""edges"": [[0, 1], [0, 3], [1, 0], [1, 2], [2, 1], [2, 3], [3, 0], [3, 2], [3, 4], [4, 3], [4, 5], [5, 4], [5, 6], [6, 5]], ""seed"": 7, ""basis"": [""id"", ""rz"", ""sx"", ""x"", ""ecr""], ""nodes"": 7}",a56c42c5929ac738475a61ad56ac38f9ce297f29f090779c0473725bc68476b5,null,N3_x1_t0.16_r2_reversed__synthetic_heavy_hex_like_7q_transpiler__seed7,identity proxy before selection when layout is transpiler,b4d5502166457832ab5510beca11bf8da7f4721a767e3c0a5898a00a9f9831cd_synthetic_heavy_hex_like_7q_transpiler,basic,11,v0.4.0,b4d5502166457832ab5510beca11bf8da7f4721a767e3c0a5898a00a9f9831cd_synthetic_heavy_hex_like_7q_transpiler_11,56,56,230,1.6531008000000017e-05,-4,0.008385533998080064,True,,7.90740761588779e-14,1e-10,logical Operator.equiv + routed zero/3 random states,"[3, 4, 5]"
3,1.0,0.16,2,reversed,b4d5502166457832ab5510beca11bf8da7f4721a767e3c0a5898a00a9f9831cd,53c4f0677915c62f9f4a3a2141402bf5759264456ba570678b9a3dd1792b6691,181,137,117,64,13,1.6153846153846154,2,1.3333333333333333,2,1,7,7,2.0,5,2.2857142857142856,1.0,1.0,1,robustness,synthetic_heavy_hex_like_7q_transpiler,heavy_hex_like,transpiler,SYNTHETIC_TARGET,"{""edges"": [[0, 1], [0, 3], [1, 0], [1, 2], [2, 1], [2, 3], [3, 0], [3, 2], [3, 4], [4, 3], [4, 5], [5, 4], [5, 6], [6, 5]], ""seed"": 7, ""basis"": [""id"", ""rz"", ""sx"", ""x"", ""ecr""], ""nodes"": 7}",a56c42c5929ac738475a61ad56ac38f9ce297f29f090779c0473725bc68476b5,null,N3_x1_t0.16_r2_reversed__synthetic_heavy_hex_like_7q_transpiler__seed7,identity proxy before selection when layout is transpiler,b4d5502166457832ab5510beca11bf8da7f4721a767e3c0a5898a00a9f9831cd_synthetic_heavy_hex_like_7q_transpiler,teleport,11,v0.4.0,b4d5502166457832ab5510beca11bf8da7f4721a767e3c0a5898a00a9f9831cd_synthetic_heavy_hex_like_7q_transpiler_11,40,40,163,1.1292696000000012e-05,-24,0.006736164999892935,True,,4.6765377508971464e-14,1e-10,logical Operator.equiv + routed zero/3 random states,"[3, 4, 5]"
3,1.0,0.16,2,reversed,b4d5502166457832ab5510beca11bf8da7f4721a767e3c0a5898a00a9f9831cd,53c4f0677915c62f9f4a3a2141402bf5759264456ba570678b9a3dd1792b6691,181,137,117,64,13,1.6153846153846154,2,1.3333333333333333,2,1,7,7,2.0,5,2.2857142857142856,1.0,1.0,1,robustness,synthetic_heavy_hex_like_7q_transpiler,heavy_hex_like,transpiler,SYNTHETIC_TARGET,"{""edges"": [[0, 1], [0, 3], [1, 0], [1, 2], [2, 1], [2, 3], [3, 0], [3, 2], [3, 4], [4, 3], [4, 5], [5, 4], [5, 6], [6, 5]], ""seed"": 7, ""basis"": [""id"", ""rz"", ""sx"", ""x"", ""ecr""], ""nodes"": 7}",a56c42c5929ac738475a61ad56ac38f9ce297f29f090779c0473725bc68476b5,null,N3_x1_t0.16_r2_reversed__synthetic_heavy_hex_like_7q_transpiler__seed7,identity proxy before selection when layout is transpiler,b4d5502166457832ab5510beca11bf8da7f4721a767e3c0a5898a00a9f9831cd_synthetic_heavy_hex_like_7q_transpiler,basic,19,v0.4.0,b4d5502166457832ab5510beca11bf8da7f4721a767e3c0a5898a00a9f9831cd_synthetic_heavy_hex_like_7q_transpiler_19,56,56,316,2.5955795999999985e-05,-4,0.006779529998311773,True,,8.558329462949653e-14,1e-10,logical Operator.equiv + routed zero/3 random states,"[5, 4, 3]"
3,1.0,0.16,2,reversed,b4d5502166457832ab5510beca11bf8da7f4721a767e3c0a5898a00a9f9831cd,53c4f0677915c62f9f4a3a2141402bf5759264456ba570678b9a3dd1792b6691,181,137,117,64,13,1.6153846153846154,2,1.3333333333333333,2,1,7,7,2.0,5,2.2857142857142856,1.0,1.0,1,robustness,synthetic_heavy_hex_like_7q_transpiler,heavy_hex_like,transpiler,SYNTHETIC_TARGET,"{""edges"": [[0, 1], [0, 3], [1, 0], [1, 2], [2, 1], [2, 3], [3, 0], [3, 2], [3, 4], [4, 3], [4, 5], [5, 4], [5, 6], [6, 5]], ""seed"": 7, ""basis"": [""id"", ""rz"", ""sx"", ""x"", ""ecr""], ""nodes"": 7}",a56c42c5929ac738475a61ad56ac38f9ce297f29f090779c0473725bc68476b5,null,N3_x1_t0.16_r2_reversed__synthetic_heavy_hex_like_7q_transpiler__seed7,identity proxy before selection when layout is transpiler,b4d5502166457832ab5510beca11bf8da7f4721a767e3c0a5898a00a9f9831cd_synthetic_heavy_hex_like_7q_transpiler,teleport,19,v0.4.0,b4d5502166457832ab5510beca11bf8da7f4721a767e3c0a5898a00a9f9831cd_synthetic_heavy_hex_like_7q_transpiler_19,40,40,226,1.791340200000001e-05,-24,0.006929180002771318,True,,5.494751613371925e-14,1e-10,logical Operator.equiv + routed zero/3 random states,"[5, 4, 3]"
3,1.0,0.16,2,reversed,b4d5502166457832ab5510beca11bf8da7f4721a767e3c0a5898a00a9f9831cd,53c4f0677915c62f9f4a3a2141402bf5759264456ba570678b9a3dd1792b6691,181,137,117,64,13,1.6153846153846154,2,1.3333333333333333,2,1,7,7,2.0,5,2.2857142857142856,1.0,1.0,1,robustness,synthetic_heavy_hex_like_7q_transpiler,heavy_hex_like,transpiler,SYNTHETIC_TARGET,"{""edges"": [[0, 1], [0, 3], [1, 0], [1, 2], [2, 1], [2, 3], [3, 0], [3, 2], [3, 4], [4, 3], [4, 5], [5, 4], [5, 6], [6, 5]], ""seed"": 7, ""basis"": [""id"", ""rz"", ""sx"", ""x"", ""ecr""], ""nodes"": 7}",a56c42c5929ac738475a61ad56ac38f9ce297f29f090779c0473725bc68476b5,null,N3_x1_t0.16_r2_reversed__synthetic_heavy_hex_like_7q_transpiler__seed7,identity proxy before selection when layout is transpiler,b4d5502166457832ab5510beca11bf8da7f4721a767e3c0a5898a00a9f9831cd_synthetic_heavy_hex_like_7q_transpiler,basic,29,v0.4.0,b4d5502166457832ab5510beca11bf8da7f4721a767e3c0a5898a00a9f9831cd_synthetic_heavy_hex_like_7q_transpiler_29,56,56,212,2.808610799999998e-05,-4,0.006855145998997614,True,,5.509397863117119e-14,1e-10,logical Operator.equiv + routed zero/3 random states,"[1, 2, 3]"
3,1.0,0.16,2,reversed,b4d5502166457832ab5510beca11bf8da7f4721a767e3c0a5898a00a9f9831cd,53c4f0677915c62f9f4a3a2141402bf5759264456ba570678b9a3dd1792b6691,181,137,117,64,13,1.6153846153846154,2,1.3333333333333333,2,1,7,7,2.0,5,2.2857142857142856,1.0,1.0,1,robustness,synthetic_heavy_hex_like_7q_transpiler,heavy_hex_like,transpiler,SYNTHETIC_TARGET,"{""edges"": [[0, 1], [0, 3], [1, 0], [1, 2], [2, 1], [2, 3], [3, 0], [3, 2], [3, 4], [4, 3], [4, 5], [5, 4], [5, 6], [6, 5]], ""seed"": 7, ""basis"": [""id"", ""rz"", ""sx"", ""x"", ""ecr""], ""nodes"": 7}",a56c42c5929ac738475a61ad56ac38f9ce297f29f090779c0473725bc68476b5,null,N3_x1_t0.16_r2_reversed__synthetic_heavy_hex_like_7q_transpiler__seed7,identity proxy before selection when layout is transpiler,b4d5502166457832ab5510beca11bf8da7f4721a767e3c0a5898a00a9f9831cd_synthetic_heavy_hex_like_7q_transpiler,teleport,29,v0.4.0,b4d5502166457832ab5510beca11bf8da7f4721a767e3c0a5898a00a9f9831cd_synthetic_heavy_hex_like_7q_transpiler_29,40,40,154,2.0222202e-05,-24,0.006236277993593831,True,,1.2275874095171448e-14,1e-10,logical Operator.equiv + routed zero/3 random states,"[1, 2, 3]"
3,1.0,0.16,2,reversed,b4d5502166457832ab5510beca11bf8da7f4721a767e3c0a5898a00a9f9831cd,53c4f0677915c62f9f4a3a2141402bf5759264456ba570678b9a3dd1792b6691,181,137,117,64,13,1.6153846153846154,2,1.3333333333333333,2,1,7,7,2.0,5,2.2857142857142856,1.0,1.0,1,robustness,synthetic_heavy_hex_like_7q_transpiler,heavy_hex_like,transpiler,SYNTHETIC_TARGET,"{""edges"": [[0, 1], [0, 3], [1, 0], [1, 2], [2, 1], [2, 3], [3, 0], [3, 2], [3, 4], [4, 3], [4, 5], [5, 4], [5, 6], [6, 5]], ""seed"": 7, ""basis"": [""id"", ""rz"", ""sx"", ""x"", ""ecr""], ""nodes"": 7}",a56c42c5929ac738475a61ad56ac38f9ce297f29f090779c0473725bc68476b5,null,N3_x1_t0.16_r2_reversed__synthetic_heavy_hex_like_7q_transpiler__seed7,identity proxy before selection when layout is transpiler,b4d5502166457832ab5510beca11bf8da7f4721a767e3c0a5898a00a9f9831cd_synthetic_heavy_hex_like_7q_transpiler,basic,37,v0.4.0,b4d5502166457832ab5510beca11bf8da7f4721a767e3c0a5898a00a9f9831cd_synthetic_heavy_hex_like_7q_transpiler_37,56,56,316,1.9588614000000023e-05,-4,0.007319900003494695,True,,9.786601104246381e-14,1e-10,logical Operator.equiv + routed zero/3 random states,"[4, 5, 6]"
3,1.0,0.16,2,reversed,b4d5502166457832ab5510beca11bf8da7f4721a767e3c0a5898a00a9f9831cd,53c4f0677915c62f9f4a3a2141402bf5759264456ba570678b9a3dd1792b6691,181,137,117,64,13,1.6153846153846154,2,1.3333333333333333,2,1,7,7,2.0,5,2.2857142857142856,1.0,1.0,1,robustness,synthetic_heavy_hex_like_7q_transpiler,heavy_hex_like,transpiler,SYNTHETIC_TARGET,"{""edges"": [[0, 1], [0, 3], [1, 0], [1, 2], [2, 1], [2, 3], [3, 0], [3, 2], [3, 4], [4, 3], [4, 5], [5, 4], [5, 6], [6, 5]], ""seed"": 7, ""basis"": [""id"", ""rz"", ""sx"", ""x"", ""ecr""], ""nodes"": 7}",a56c42c5929ac738475a61ad56ac38f9ce297f29f090779c0473725bc68476b5,null,N3_x1_t0.16_r2_reversed__synthetic_heavy_hex_like_7q_transpiler__seed7,identity proxy before selection when layout is transpiler,b4d5502166457832ab5510beca11bf8da7f4721a767e3c0a5898a00a9f9831cd_synthetic_heavy_hex_like_7q_transpiler,teleport,37,v0.4.0,b4d5502166457832ab5510beca11bf8da7f4721a767e3c0a5898a00a9f9831cd_synthetic_heavy_hex_like_7q_transpiler_37,40,40,224,1.4045052000000021e-05,-24,0.00642087499727495,True,,5.881292024296007e-14,1e-10,logical Operator.equiv + routed zero/3 random states,"[4, 5, 6]"
3,1.0,0.16,2,reversed,b4d5502166457832ab5510beca11bf8da7f4721a767e3c0a5898a00a9f9831cd,53c4f0677915c62f9f4a3a2141402bf5759264456ba570678b9a3dd1792b6691,181,137,117,64,13,1.6153846153846154,2,1.3333333333333333,2,1,7,7,2.0,5,2.2857142857142856,1.0,1.0,1,robustness,synthetic_heavy_hex_like_7q_transpiler,heavy_hex_like,transpiler,SYNTHETIC_TARGET,"{""edges"": [[0, 1], [0, 3], [1, 0], [1, 2], [2, 1], [2, 3], [3, 0], [3, 2], [3, 4], [4, 3], [4, 5], [5, 4], [5, 6], [6, 5]], ""seed"": 7, ""basis"": [""id"", ""rz"", ""sx"", ""x"", ""ecr""], ""nodes"": 7}",a56c42c5929ac738475a61ad56ac38f9ce297f29f090779c0473725bc68476b5,null,N3_x1_t0.16_r2_reversed__synthetic_heavy_hex_like_7q_transpiler__seed7,identity proxy before selection when layout is transpiler,b4d5502166457832ab5510beca11bf8da7f4721a767e3c0a5898a00a9f9831cd_synthetic_heavy_hex_like_7q_transpiler,basic,47,v0.4.0,b4d5502166457832ab5510beca11bf8da7f4721a767e3c0a5898a00a9f9831cd_synthetic_heavy_hex_like_7q_transpiler_47,56,56,301,2.7823703999999966e-05,-4,0.006898790998093318,True,,6.555653678492826e-14,1e-10,logical Operator.equiv + routed zero/3 random states,"[3, 2, 1]"
3,1.0,0.16,2,reversed,b4d5502166457832ab5510beca11bf8da7f4721a767e3c0a5898a00a9f9831cd,53c4f0677915c62f9f4a3a2141402bf5759264456ba570678b9a3dd1792b6691,181,137,117,64,13,1.6153846153846154,2,1.3333333333333333,2,1,7,7,2.0,5,2.2857142857142856,1.0,1.0,1,robustness,synthetic_heavy_hex_like_7q_transpiler,heavy_hex_like,transpiler,SYNTHETIC_TARGET,"{""edges"": [[0, 1], [0, 3], [1, 0], [1, 2], [2, 1], [2, 3], [3, 0], [3, 2], [3, 4], [4, 3], [4, 5], [5, 4], [5, 6], [6, 5]], ""seed"": 7, ""basis"": [""id"", ""rz"", ""sx"", ""x"", ""ecr""], ""nodes"": 7}",a56c42c5929ac738475a61ad56ac38f9ce297f29f090779c0473725bc68476b5,null,N3_x1_t0.16_r2_reversed__synthetic_heavy_hex_like_7q_transpiler__seed7,identity proxy before selection when layout is transpiler,b4d5502166457832ab5510beca11bf8da7f4721a767e3c0a5898a00a9f9831cd_synthetic_heavy_hex_like_7q_transpiler,teleport,47,v0.4.0,b4d5502166457832ab5510beca11bf8da7f4721a767e3c0a5898a00a9f9831cd_synthetic_heavy_hex_like_7q_transpiler_47,40,40,210,1.9543103999999997e-05,-24,0.006375309996656142,True,,4.0460708798689226e-14,1e-10,logical Operator.equiv + routed zero/3 random states,"[3, 2, 1]"
3,0.5,0.08,2,current,72b1038facc288285e2702246aec8cb5a5d554250f6dd4647e31f249d53e1c38,895718eee45a850d435c8240f7a9ee014cfb599978558936fe2e71db8b8c0270,181,137,117,64,13,1.6153846153846154,2,1.3333333333333333,2,1,7,8,2.2857142857142856,3,1.8095238095238095,2.0,2.0,1,robustness,synthetic_irregular_7q_spread,irregular,spread,SYNTHETIC_TARGET,"{""edges"": [[0, 1], [0, 3], [1, 0], [1, 2], [2, 1], [2, 3], [2, 6], [3, 0], [3, 2], [3, 4], [4, 3], [4, 5], [5, 4], [5, 6], [6, 2], [6, 5]], ""seed"": 7, ""basis"": [""id"", ""rz"", ""sx"", ""x"", ""ecr""], ""nodes"": 7}",c8b003a1553d070cddc2acc63823ce20487791b575f8614922ec632ce2dbf9e1,"[0, 2, 5]",N3_x0.5_t0.08_r2_current__synthetic_irregular_7q_spread__seed7,identity proxy before selection when layout is transpiler,72b1038facc288285e2702246aec8cb5a5d554250f6dd4647e31f249d53e1c38_synthetic_irregular_7q_spread,basic,11,v0.4.0,72b1038facc288285e2702246aec8cb5a5d554250f6dd4647e31f249d53e1c38_synthetic_irregular_7q_spread_11,60,57,205,3.010497599999996e-05,4,0.006911505995958578,True,,2.5097464813560866e-13,1e-10,logical Operator.equiv + routed zero/3 random states,"[3, 2, 6]"
3,0.5,0.08,2,current,72b1038facc288285e2702246aec8cb5a5d554250f6dd4647e31f249d53e1c38,895718eee45a850d435c8240f7a9ee014cfb599978558936fe2e71db8b8c0270,181,137,117,64,13,1.6153846153846154,2,1.3333333333333333,2,1,7,8,2.2857142857142856,3,1.8095238095238095,2.0,2.0,1,robustness,synthetic_irregular_7q_spread,irregular,spread,SYNTHETIC_TARGET,"{""edges"": [[0, 1], [0, 3], [1, 0], [1, 2], [2, 1], [2, 3], [2, 6], [3, 0], [3, 2], [3, 4], [4, 3], [4, 5], [5, 4], [5, 6], [6, 2], [6, 5]], ""seed"": 7, ""basis"": [""id"", ""rz"", ""sx"", ""x"", ""ecr""], ""nodes"": 7}",c8b003a1553d070cddc2acc63823ce20487791b575f8614922ec632ce2dbf9e1,"[0, 2, 5]",N3_x0.5_t0.08_r2_current__synthetic_irregular_7q_spread__seed7,identity proxy before selection when layout is transpiler,72b1038facc288285e2702246aec8cb5a5d554250f6dd4647e31f249d53e1c38_synthetic_irregular_7q_spread,teleport,11,v0.4.0,72b1038facc288285e2702246aec8cb5a5d554250f6dd4647e31f249d53e1c38_synthetic_irregular_7q_spread_11,48,45,170,2.378241599999998e-05,-16,0.006580599001608789,True,,3.5881851037024507e-13,1e-10,logical Operator.equiv + routed zero/3 random states,"[3, 2, 6]"
3,0.5,0.08,2,current,72b1038facc288285e2702246aec8cb5a5d554250f6dd4647e31f249d53e1c38,895718eee45a850d435c8240f7a9ee014cfb599978558936fe2e71db8b8c0270,181,137,117,64,13,1.6153846153846154,2,1.3333333333333333,2,1,7,8,2.2857142857142856,3,1.8095238095238095,2.0,2.0,1,robustness,synthetic_irregular_7q_spread,irregular,spread,SYNTHETIC_TARGET,"{""edges"": [[0, 1], [0, 3], [1, 0], [1, 2], [2, 1], [2, 3], [2, 6], [3, 0], [3, 2], [3, 4], [4, 3], [4, 5], [5, 4], [5, 6], [6, 2], [6, 5]], ""seed"": 7, ""basis"": [""id"", ""rz"", ""sx"", ""x"", ""ecr""], ""nodes"": 7}",c8b003a1553d070cddc2acc63823ce20487791b575f8614922ec632ce2dbf9e1,"[0, 2, 5]",N3_x0.5_t0.08_r2_current__synthetic_irregular_7q_spread__seed7,identity proxy before selection when layout is transpiler,72b1038facc288285e2702246aec8cb5a5d554250f6dd4647e31f249d53e1c38_synthetic_irregular_7q_spread,basic,19,v0.4.0,72b1038facc288285e2702246aec8cb5a5d554250f6dd4647e31f249d53e1c38_synthetic_irregular_7q_spread_19,60,57,205,3.010497599999996e-05,4,0.006599100997846108,True,,2.5097464813560866e-13,1e-10,logical Operator.equiv + routed zero/3 random states,"[3, 2, 6]"
3,0.5,0.08,2,current,72b1038facc288285e2702246aec8cb5a5d554250f6dd4647e31f249d53e1c38,895718eee45a850d435c8240f7a9ee014cfb599978558936fe2e71db8b8c0270,181,137,117,64,13,1.6153846153846154,2,1.3333333333333333,2,1,7,8,2.2857142857142856,3,1.8095238095238095,2.0,2.0,1,robustness,synthetic_irregular_7q_spread,irregular,spread,SYNTHETIC_TARGET,"{""edges"": [[0, 1], [0, 3], [1, 0], [1, 2], [2, 1], [2, 3], [2, 6], [3, 0], [3, 2], [3, 4], [4, 3], [4, 5], [5, 4], [5, 6], [6, 2], [6, 5]], ""seed"": 7, ""basis"": [""id"", ""rz"", ""sx"", ""x"", ""ecr""], ""nodes"": 7}",c8b003a1553d070cddc2acc63823ce20487791b575f8614922ec632ce2dbf9e1,"[0, 2, 5]",N3_x0.5_t0.08_r2_current__synthetic_irregular_7q_spread__seed7,identity proxy before selection when layout is transpiler,72b1038facc288285e2702246aec8cb5a5d554250f6dd4647e31f249d53e1c38_synthetic_irregular_7q_spread,teleport,19,v0.4.0,72b1038facc288285e2702246aec8cb5a5d554250f6dd4647e31f249d53e1c38_synthetic_irregular_7q_spread_19,48,45,170,2.378241599999998e-05,-16,0.0066048810040229,True,,3.5881851037024507e-13,1e-10,logical Operator.equiv + routed zero/3 random states,"[3, 2, 6]"
3,0.5,0.08,2,current,72b1038facc288285e2702246aec8cb5a5d554250f6dd4647e31f249d53e1c38,895718eee45a850d435c8240f7a9ee014cfb599978558936fe2e71db8b8c0270,181,137,117,64,13,1.6153846153846154,2,1.3333333333333333,2,1,7,8,2.2857142857142856,3,1.8095238095238095,2.0,2.0,1,robustness,synthetic_irregular_7q_spread,irregular,spread,SYNTHETIC_TARGET,"{""edges"": [[0, 1], [0, 3], [1, 0], [1, 2], [2, 1], [2, 3], [2, 6], [3, 0], [3, 2], [3, 4], [4, 3], [4, 5], [5, 4], [5, 6], [6, 2], [6, 5]], ""seed"": 7, ""basis"": [""id"", ""rz"", ""sx"", ""x"", ""ecr""], ""nodes"": 7}",c8b003a1553d070cddc2acc63823ce20487791b575f8614922ec632ce2dbf9e1,"[0, 2, 5]",N3_x0.5_t0.08_r2_current__synthetic_irregular_7q_spread__seed7,identity proxy before selection when layout is transpiler,72b1038facc288285e2702246aec8cb5a5d554250f6dd4647e31f249d53e1c38_synthetic_irregular_7q_spread,basic,29,v0.4.0,72b1038facc288285e2702246aec8cb5a5d554250f6dd4647e31f249d53e1c38_synthetic_irregular_7q_spread_29,60,57,194,3.351112199999997e-05,4,0.006756566996045876,True,,9.564446613303421e-15,1e-10,logical Operator.equiv + routed zero/3 random states,"[0, 3, 4]"
3,0.5,0.08,2,current,72b1038facc288285e2702246aec8cb5a5d554250f6dd4647e31f249d53e1c38,895718eee45a850d435c8240f7a9ee014cfb599978558936fe2e71db8b8c0270,181,137,117,64,13,1.6153846153846154,2,1.3333333333333333,2,1,7,8,2.2857142857142856,3,1.8095238095238095,2.0,2.0,1,robustness,synthetic_irregular_7q_spread,irregular,spread,SYNTHETIC_TARGET,"{""edges"": [[0, 1], [0, 3], [1, 0], [1, 2], [2, 1], [2, 3], [2, 6], [3, 0], [3, 2], [3, 4], [4, 3], [4, 5], [5, 4], [5, 6], [6, 2], [6, 5]], ""seed"": 7, ""basis"": [""id"", ""rz"", ""sx"", ""x"", ""ecr""], ""nodes"": 7}",c8b003a1553d070cddc2acc63823ce20487791b575f8614922ec632ce2dbf9e1,"[0, 2, 5]",N3_x0.5_t0.08_r2_current__synthetic_irregular_7q_spread__seed7,identity proxy before selection when layout is transpiler,72b1038facc288285e2702246aec8cb5a5d554250f6dd4647e31f249d53e1c38_synthetic_irregular_7q_spread,teleport,29,v0.4.0,72b1038facc288285e2702246aec8cb5a5d554250f6dd4647e31f249d53e1c38_synthetic_irregular_7q_spread_29,48,45,155,2.741833199999997e-05,-16,0.006828445999417454,True,,1.522989684923262e-14,1e-10,logical Operator.equiv + routed zero/3 random states,"[0, 3, 4]"
3,0.5,0.08,2,current,72b1038facc288285e2702246aec8cb5a5d554250f6dd4647e31f249d53e1c38,895718eee45a850d435c8240f7a9ee014cfb599978558936fe2e71db8b8c0270,181,137,117,64,13,1.6153846153846154,2,1.3333333333333333,2,1,7,8,2.2857142857142856,3,1.8095238095238095,2.0,2.0,1,robustness,synthetic_irregular_7q_spread,irregular,spread,SYNTHETIC_TARGET,"{""edges"": [[0, 1], [0, 3], [1, 0], [1, 2], [2, 1], [2, 3], [2, 6], [3, 0], [3, 2], [3, 4], [4, 3], [4, 5], [5, 4], [5, 6], [6, 2], [6, 5]], ""seed"": 7, ""basis"": [""id"", ""rz"", ""sx"", ""x"", ""ecr""], ""nodes"": 7}",c8b003a1553d070cddc2acc63823ce20487791b575f8614922ec632ce2dbf9e1,"[0, 2, 5]",N3_x0.5_t0.08_r2_current__synthetic_irregular_7q_spread__seed7,identity proxy before selection when layout is transpiler,72b1038facc288285e2702246aec8cb5a5d554250f6dd4647e31f249d53e1c38_synthetic_irregular_7q_spread,basic,37,v0.4.0,72b1038facc288285e2702246aec8cb5a5d554250f6dd4647e31f249d53e1c38_synthetic_irregular_7q_spread_37,60,57,194,3.351112199999997e-05,4,0.01030247599555878,True,,9.564446613303421e-15,1e-10,logical Operator.equiv + routed zero/3 random states,"[0, 3, 4]"
3,0.5,0.08,2,current,72b1038facc288285e2702246aec8cb5a5d554250f6dd4647e31f249d53e1c38,895718eee45a850d435c8240f7a9ee014cfb599978558936fe2e71db8b8c0270,181,137,117,64,13,1.6153846153846154,2,1.3333333333333333,2,1,7,8,2.2857142857142856,3,1.8095238095238095,2.0,2.0,1,robustness,synthetic_irregular_7q_spread,irregular,spread,SYNTHETIC_TARGET,"{""edges"": [[0, 1], [0, 3], [1, 0], [1, 2], [2, 1], [2, 3], [2, 6], [3, 0], [3, 2], [3, 4], [4, 3], [4, 5], [5, 4], [5, 6], [6, 2], [6, 5]], ""seed"": 7, ""basis"": [""id"", ""rz"", ""sx"", ""x"", ""ecr""], ""nodes"": 7}",c8b003a1553d070cddc2acc63823ce20487791b575f8614922ec632ce2dbf9e1,"[0, 2, 5]",N3_x0.5_t0.08_r2_current__synthetic_irregular_7q_spread__seed7,identity proxy before selection when layout is transpiler,72b1038facc288285e2702246aec8cb5a5d554250f6dd4647e31f249d53e1c38_synthetic_irregular_7q_spread,teleport,37,v0.4.0,72b1038facc288285e2702246aec8cb5a5d554250f6dd4647e31f249d53e1c38_synthetic_irregular_7q_spread_37,48,45,155,2.741833199999997e-05,-16,0.008120883998344652,True,,1.522989684923262e-14,1e-10,logical Operator.equiv + routed zero/3 random states,"[0, 3, 4]"
3,0.5,0.08,2,current,72b1038facc288285e2702246aec8cb5a5d554250f6dd4647e31f249d53e1c38,895718eee45a850d435c8240f7a9ee014cfb599978558936fe2e71db8b8c0270,181,137,117,64,13,1.6153846153846154,2,1.3333333333333333,2,1,7,8,2.2857142857142856,3,1.8095238095238095,2.0,2.0,1,robustness,synthetic_irregular_7q_spread,irregular,spread,SYNTHETIC_TARGET,"{""edges"": [[0, 1], [0, 3], [1, 0], [1, 2], [2, 1], [2, 3], [2, 6], [3, 0], [3, 2], [3, 4], [4, 3], [4, 5], [5, 4], [5, 6], [6, 2], [6, 5]], ""seed"": 7, ""basis"": [""id"", ""rz"", ""sx"", ""x"", ""ecr""], ""nodes"": 7}",c8b003a1553d070cddc2acc63823ce20487791b575f8614922ec632ce2dbf9e1,"[0, 2, 5]",N3_x0.5_t0.08_r2_current__synthetic_irregular_7q_spread__seed7,identity proxy before selection when layout is transpiler,72b1038facc288285e2702246aec8cb5a5d554250f6dd4647e31f249d53e1c38_synthetic_irregular_7q_spread,basic,47,v0.4.0,72b1038facc288285e2702246aec8cb5a5d554250f6dd4647e31f249d53e1c38_synthetic_irregular_7q_spread_47,60,57,205,3.010497599999996e-05,4,0.0078125430009095,True,,2.5097464813560866e-13,1e-10,logical Operator.equiv + routed zero/3 random states,"[3, 2, 6]"
3,0.5,0.08,2,current,72b1038facc288285e2702246aec8cb5a5d554250f6dd4647e31f249d53e1c38,895718eee45a850d435c8240f7a9ee014cfb599978558936fe2e71db8b8c0270,181,137,117,64,13,1.6153846153846154,2,1.3333333333333333,2,1,7,8,2.2857142857142856,3,1.8095238095238095,2.0,2.0,1,robustness,synthetic_irregular_7q_spread,irregular,spread,SYNTHETIC_TARGET,"{""edges"": [[0, 1], [0, 3], [1, 0], [1, 2], [2, 1], [2, 3], [2, 6], [3, 0], [3, 2], [3, 4], [4, 3], [4, 5], [5, 4], [5, 6], [6, 2], [6, 5]], ""seed"": 7, ""basis"": [""id"", ""rz"", ""sx"", ""x"", ""ecr""], ""nodes"": 7}",c8b003a1553d070cddc2acc63823ce20487791b575f8614922ec632ce2dbf9e1,"[0, 2, 5]",N3_x0.5_t0.08_r2_current__synthetic_irregular_7q_spread__seed7,identity proxy before selection when layout is transpiler,72b1038facc288285e2702246aec8cb5a5d554250f6dd4647e31f249d53e1c38_synthetic_irregular_7q_spread,teleport,47,v0.4.0,72b1038facc288285e2702246aec8cb5a5d554250f6dd4647e31f249d53e1c38_synthetic_irregular_7q_spread_47,48,45,170,2.378241599999998e-05,-16,0.006669432994385716,True,,3.5881851037024507e-13,1e-10,logical Operator.equiv + routed zero/3 random states,"[3, 2, 6]"
4,2.0,0.24,4,current,458db1b65dc833bd8c659df2b45270528a8cfce8db05e426b8a2f00bff2e84f9,4c02070fde736bde53d19c2818950c4ccec18611744acc48bced18e5d2043a97,553,392,345,208,19,1.6842105263157894,3,1.5,2,1,6,6,2.0,3,1.8,1.0,1.0,1,robustness,synthetic_ring_6q_transpiler,ring,transpiler,SYNTHETIC_TARGET,"{""edges"": [[0, 1], [0, 5], [1, 0], [1, 2], [2, 1], [2, 3], [3, 2], [3, 4], [4, 3], [4, 5], [5, 0], [5, 4]], ""seed"": 7, ""basis"": [""id"", ""rz"", ""sx"", ""x"", ""ecr""], ""nodes"": 6}",ff4a6017b79ba46163d089d132c4bc654811d5fa5518090a9b65bf0d23d86ee8,null,N4_x2_t0.24_r4_current__synthetic_ring_6q_transpiler__seed7,identity proxy before selection when layout is transpiler,458db1b65dc833bd8c659df2b45270528a8cfce8db05e426b8a2f00bff2e84f9_synthetic_ring_6q_transpiler,basic,11,v0.4.0,458db1b65dc833bd8c659df2b45270528a8cfce8db05e426b8a2f00bff2e84f9_synthetic_ring_6q_transpiler_11,130,114,508,6.122227199999983e-05,-46,0.00972399100282928,True,,2.6818335710700954e-14,1e-10,logical Operator.equiv + routed zero/3 random states,"[3, 4, 5, 0]"
4,2.0,0.24,4,current,458db1b65dc833bd8c659df2b45270528a8cfce8db05e426b8a2f00bff2e84f9,4c02070fde736bde53d19c2818950c4ccec18611744acc48bced18e5d2043a97,553,392,345,208,19,1.6842105263157894,3,1.5,2,1,6,6,2.0,3,1.8,1.0,1.0,1,robustness,synthetic_ring_6q_transpiler,ring,transpiler,SYNTHETIC_TARGET,"{""edges"": [[0, 1], [0, 5], [1, 0], [1, 2], [2, 1], [2, 3], [3, 2], [3, 4], [4, 3], [4, 5], [5, 0], [5, 4]], ""seed"": 7, ""basis"": [""id"", ""rz"", ""sx"", ""x"", ""ecr""], ""nodes"": 6}",ff4a6017b79ba46163d089d132c4bc654811d5fa5518090a9b65bf0d23d86ee8,null,N4_x2_t0.24_r4_current__synthetic_ring_6q_transpiler__seed7,identity proxy before selection when layout is transpiler,458db1b65dc833bd8c659df2b45270528a8cfce8db05e426b8a2f00bff2e84f9_synthetic_ring_6q_transpiler,teleport,11,v0.4.0,458db1b65dc833bd8c659df2b45270528a8cfce8db05e426b8a2f00bff2e84f9_synthetic_ring_6q_transpiler_11,126,110,421,6.0219941999999855e-05,-82,0.00881945800210815,True,,3.6003261284475124e-14,1e-10,logical Operator.equiv + routed zero/3 random states,"[3, 4, 5, 0]"
4,2.0,0.24,4,current,458db1b65dc833bd8c659df2b45270528a8cfce8db05e426b8a2f00bff2e84f9,4c02070fde736bde53d19c2818950c4ccec18611744acc48bced18e5d2043a97,553,392,345,208,19,1.6842105263157894,3,1.5,2,1,6,6,2.0,3,1.8,1.0,1.0,1,robustness,synthetic_ring_6q_transpiler,ring,transpiler,SYNTHETIC_TARGET,"{""edges"": [[0, 1], [0, 5], [1, 0], [1, 2], [2, 1], [2, 3], [3, 2], [3, 4], [4, 3], [4, 5], [5, 0], [5, 4]], ""seed"": 7, ""basis"": [""id"", ""rz"", ""sx"", ""x"", ""ecr""], ""nodes"": 6}",ff4a6017b79ba46163d089d132c4bc654811d5fa5518090a9b65bf0d23d86ee8,null,N4_x2_t0.24_r4_current__synthetic_ring_6q_transpiler__seed7,identity proxy before selection when layout is transpiler,458db1b65dc833bd8c659df2b45270528a8cfce8db05e426b8a2f00bff2e84f9_synthetic_ring_6q_transpiler,basic,19,v0.4.0,458db1b65dc833bd8c659df2b45270528a8cfce8db05e426b8a2f00bff2e84f9_synthetic_ring_6q_transpiler_19,130,114,459,6.476472599999987e-05,-46,0.008075063000433147,True,,2.1341461631630333e-14,1e-10,logical Operator.equiv + routed zero/3 random states,"[2, 3, 4, 5]"
4,2.0,0.24,4,current,458db1b65dc833bd8c659df2b45270528a8cfce8db05e426b8a2f00bff2e84f9,4c02070fde736bde53d19c2818950c4ccec18611744acc48bced18e5d2043a97,553,392,345,208,19,1.6842105263157894,3,1.5,2,1,6,6,2.0,3,1.8,1.0,1.0,1,robustness,synthetic_ring_6q_transpiler,ring,transpiler,SYNTHETIC_TARGET,"{""edges"": [[0, 1], [0, 5], [1, 0], [1, 2], [2, 1], [2, 3], [3, 2], [3, 4], [4, 3], [4, 5], [5, 0], [5, 4]], ""seed"": 7, ""basis"": [""id"", ""rz"", ""sx"", ""x"", ""ecr""], ""nodes"": 6}",ff4a6017b79ba46163d089d132c4bc654811d5fa5518090a9b65bf0d23d86ee8,null,N4_x2_t0.24_r4_current__synthetic_ring_6q_transpiler__seed7,identity proxy before selection when layout is transpiler,458db1b65dc833bd8c659df2b45270528a8cfce8db05e426b8a2f00bff2e84f9_synthetic_ring_6q_transpiler,teleport,19,v0.4.0,458db1b65dc833bd8c659df2b45270528a8cfce8db05e426b8a2f00bff2e84f9_synthetic_ring_6q_transpiler_19,126,110,429,6.184498199999987e-05,-82,0.009395499997481238,True,,5.323419958537654e-14,1e-10,logical Operator.equiv + routed zero/3 random states,"[2, 3, 4, 5]"
4,2.0,0.24,4,current,458db1b65dc833bd8c659df2b45270528a8cfce8db05e426b8a2f00bff2e84f9,4c02070fde736bde53d19c2818950c4ccec18611744acc48bced18e5d2043a97,553,392,345,208,19,1.6842105263157894,3,1.5,2,1,6,6,2.0,3,1.8,1.0,1.0,1,robustness,synthetic_ring_6q_transpiler,ring,transpiler,SYNTHETIC_TARGET,"{""edges"": [[0, 1], [0, 5], [1, 0], [1, 2], [2, 1], [2, 3], [3, 2], [3, 4], [4, 3], [4, 5], [5, 0], [5, 4]], ""seed"": 7, ""basis"": [""id"", ""rz"", ""sx"", ""x"", ""ecr""], ""nodes"": 6}",ff4a6017b79ba46163d089d132c4bc654811d5fa5518090a9b65bf0d23d86ee8,null,N4_x2_t0.24_r4_current__synthetic_ring_6q_transpiler__seed7,identity proxy before selection when layout is transpiler,458db1b65dc833bd8c659df2b45270528a8cfce8db05e426b8a2f00bff2e84f9_synthetic_ring_6q_transpiler,basic,29,v0.4.0,458db1b65dc833bd8c659df2b45270528a8cfce8db05e426b8a2f00bff2e84f9_synthetic_ring_6q_transpiler_29,130,114,635,5.08668599999998e-05,-46,0.01272756000253139,True,,9.971309182765997e-14,1e-10,logical Operator.equiv + routed zero/3 random states,"[2, 1, 0, 5]"
4,2.0,0.24,4,current,458db1b65dc833bd8c659df2b45270528a8cfce8db05e426b8a2f00bff2e84f9,4c02070fde736bde53d19c2818950c4ccec18611744acc48bced18e5d2043a97,553,392,345,208,19,1.6842105263157894,3,1.5,2,1,6,6,2.0,3,1.8,1.0,1.0,1,robustness,synthetic_ring_6q_transpiler,ring,transpiler,SYNTHETIC_TARGET,"{""edges"": [[0, 1], [0, 5], [1, 0], [1, 2], [2, 1], [2, 3], [3, 2], [3, 4], [4, 3], [4, 5], [5, 0], [5, 4]], ""seed"": 7, ""basis"": [""id"", ""rz"", ""sx"", ""x"", ""ecr""], ""nodes"": 6}",ff4a6017b79ba46163d089d132c4bc654811d5fa5518090a9b65bf0d23d86ee8,null,N4_x2_t0.24_r4_current__synthetic_ring_6q_transpiler__seed7,identity proxy before selection when layout is transpiler,458db1b65dc833bd8c659df2b45270528a8cfce8db05e426b8a2f00bff2e84f9_synthetic_ring_6q_transpiler,teleport,29,v0.4.0,458db1b65dc833bd8c659df2b45270528a8cfce8db05e426b8a2f00bff2e84f9_synthetic_ring_6q_transpiler_29,126,110,612,5.06375339999998e-05,-82,0.012954700003319886,True,,1.129838810437804e-13,1e-10,logical Operator.equiv + routed zero/3 random states,"[2, 1, 0, 5]"
4,2.0,0.24,4,current,458db1b65dc833bd8c659df2b45270528a8cfce8db05e426b8a2f00bff2e84f9,4c02070fde736bde53d19c2818950c4ccec18611744acc48bced18e5d2043a97,553,392,345,208,19,1.6842105263157894,3,1.5,2,1,6,6,2.0,3,1.8,1.0,1.0,1,robustness,synthetic_ring_6q_transpiler,ring,transpiler,SYNTHETIC_TARGET,"{""edges"": [[0, 1], [0, 5], [1, 0], [1, 2], [2, 1], [2, 3], [3, 2], [3, 4], [4, 3], [4, 5], [5, 0], [5, 4]], ""seed"": 7, ""basis"": [""id"", ""rz"", ""sx"", ""x"", ""ecr""], ""nodes"": 6}",ff4a6017b79ba46163d089d132c4bc654811d5fa5518090a9b65bf0d23d86ee8,null,N4_x2_t0.24_r4_current__synthetic_ring_6q_transpiler__seed7,identity proxy before selection when layout is transpiler,458db1b65dc833bd8c659df2b45270528a8cfce8db05e426b8a2f00bff2e84f9_synthetic_ring_6q_transpiler,basic,37,v0.4.0,458db1b65dc833bd8c659df2b45270528a8cfce8db05e426b8a2f00bff2e84f9_synthetic_ring_6q_transpiler_37,130,114,636,6.505487999999984e-05,-46,0.008976404002169147,True,,5.595945318239432e-14,1e-10,logical Operator.equiv + routed zero/3 random states,"[0, 5, 4, 3]"
4,2.0,0.24,4,current,458db1b65dc833bd8c659df2b45270528a8cfce8db05e426b8a2f00bff2e84f9,4c02070fde736bde53d19c2818950c4ccec18611744acc48bced18e5d2043a97,553,392,345,208,19,1.6842105263157894,3,1.5,2,1,6,6,2.0,3,1.8,1.0,1.0,1,robustness,synthetic_ring_6q_transpiler,ring,transpiler,SYNTHETIC_TARGET,"{""edges"": [[0, 1], [0, 5], [1, 0], [1, 2], [2, 1], [2, 3], [3, 2], [3, 4], [4, 3], [4, 5], [5, 0], [5, 4]], ""seed"": 7, ""basis"": [""id"", ""rz"", ""sx"", ""x"", ""ecr""], ""nodes"": 6}",ff4a6017b79ba46163d089d132c4bc654811d5fa5518090a9b65bf0d23d86ee8,null,N4_x2_t0.24_r4_current__synthetic_ring_6q_transpiler__seed7,identity proxy before selection when layout is transpiler,458db1b65dc833bd8c659df2b45270528a8cfce8db05e426b8a2f00bff2e84f9_synthetic_ring_6q_transpiler,teleport,37,v0.4.0,458db1b65dc833bd8c659df2b45270528a8cfce8db05e426b8a2f00bff2e84f9_synthetic_ring_6q_transpiler_37,126,110,570,6.185230799999984e-05,-82,0.00933834099851083,True,,5.811496762168365e-14,1e-10,logical Operator.equiv + routed zero/3 random states,"[0, 5, 4, 3]"
4,2.0,0.24,4,current,458db1b65dc833bd8c659df2b45270528a8cfce8db05e426b8a2f00bff2e84f9,4c02070fde736bde53d19c2818950c4ccec18611744acc48bced18e5d2043a97,553,392,345,208,19,1.6842105263157894,3,1.5,2,1,6,6,2.0,3,1.8,1.0,1.0,1,robustness,synthetic_ring_6q_transpiler,ring,transpiler,SYNTHETIC_TARGET,"{""edges"": [[0, 1], [0, 5], [1, 0], [1, 2], [2, 1], [2, 3], [3, 2], [3, 4], [4, 3], [4, 5], [5, 0], [5, 4]], ""seed"": 7, ""basis"": [""id"", ""rz"", ""sx"", ""x"", ""ecr""], ""nodes"": 6}",ff4a6017b79ba46163d089d132c4bc654811d5fa5518090a9b65bf0d23d86ee8,null,N4_x2_t0.24_r4_current__synthetic_ring_6q_transpiler__seed7,identity proxy before selection when layout is transpiler,458db1b65dc833bd8c659df2b45270528a8cfce8db05e426b8a2f00bff2e84f9_synthetic_ring_6q_transpiler,basic,47,v0.4.0,458db1b65dc833bd8c659df2b45270528a8cfce8db05e426b8a2f00bff2e84f9_synthetic_ring_6q_transpiler_47,130,114,571,6.295875599999994e-05,-46,0.008734118004213087,True,,1.5346760545599656e-13,1e-10,logical Operator.equiv + routed zero/3 random states,"[3, 2, 1, 0]"
4,2.0,0.24,4,current,458db1b65dc833bd8c659df2b45270528a8cfce8db05e426b8a2f00bff2e84f9,4c02070fde736bde53d19c2818950c4ccec18611744acc48bced18e5d2043a97,553,392,345,208,19,1.6842105263157894,3,1.5,2,1,6,6,2.0,3,1.8,1.0,1.0,1,robustness,synthetic_ring_6q_transpiler,ring,transpiler,SYNTHETIC_TARGET,"{""edges"": [[0, 1], [0, 5], [1, 0], [1, 2], [2, 1], [2, 3], [3, 2], [3, 4], [4, 3], [4, 5], [5, 0], [5, 4]], ""seed"": 7, ""basis"": [""id"", ""rz"", ""sx"", ""x"", ""ecr""], ""nodes"": 6}",ff4a6017b79ba46163d089d132c4bc654811d5fa5518090a9b65bf0d23d86ee8,null,N4_x2_t0.24_r4_current__synthetic_ring_6q_transpiler__seed7,identity proxy before selection when layout is transpiler,458db1b65dc833bd8c659df2b45270528a8cfce8db05e426b8a2f00bff2e84f9_synthetic_ring_6q_transpiler,teleport,47,v0.4.0,458db1b65dc833bd8c659df2b45270528a8cfce8db05e426b8a2f00bff2e84f9_synthetic_ring_6q_transpiler_47,126,110,520,6.0888383999999974e-05,-82,0.008759895994444378,True,,4.462350878459805e-14,1e-10,logical Operator.equiv + routed zero/3 random states,"[3, 2, 1, 0]"
4,2.0,0.24,8,current,8a9838b475d9bb5d15c2324d44b159fb5c192b8a4ea7b71bf432d0ede311ee02,7982982987e59a949c739e2bae48e48a06af33b8104d2d18d107b51b6d37128a,1105,784,689,416,19,1.6842105263157894,3,1.5,2,1,6,7,2.3333333333333335,3,1.6666666666666667,1.6153846153846154,3.0,1,robustness,synthetic_grid_6q_transpiler,grid,transpiler,SYNTHETIC_TARGET,"{""edges"": [[0, 1], [0, 3], [1, 0], [1, 2], [1, 4], [2, 1], [2, 5], [3, 0], [3, 4], [4, 1], [4, 3], [4, 5], [5, 2], [5, 4]], ""seed"": 7, ""basis"": [""id"", ""rz"", ""sx"", ""x"", ""ecr""], ""nodes"": 6}",1dc9d7c7422ee8d9e756c16f45c753640fd9bb0d83eb6013019055e1f800f374,null,N4_x2_t0.24_r8_current__synthetic_grid_6q_transpiler__seed7,identity proxy before selection when layout is transpiler,8a9838b475d9bb5d15c2324d44b159fb5c192b8a4ea7b71bf432d0ede311ee02_synthetic_grid_6q_transpiler,basic,11,v0.4.0,8a9838b475d9bb5d15c2324d44b159fb5c192b8a4ea7b71bf432d0ede311ee02_synthetic_grid_6q_transpiler_11,258,226,1032,0.00010350372599999985,-94,0.012876681998022832,True,,2.2958620437330664e-13,1e-10,logical Operator.equiv + routed zero/3 random states,"[2, 5, 4, 1]"
4,2.0,0.24,8,current,8a9838b475d9bb5d15c2324d44b159fb5c192b8a4ea7b71bf432d0ede311ee02,7982982987e59a949c739e2bae48e48a06af33b8104d2d18d107b51b6d37128a,1105,784,689,416,19,1.6842105263157894,3,1.5,2,1,6,7,2.3333333333333335,3,1.6666666666666667,1.6153846153846154,3.0,1,robustness,synthetic_grid_6q_transpiler,grid,transpiler,SYNTHETIC_TARGET,"{""edges"": [[0, 1], [0, 3], [1, 0], [1, 2], [1, 4], [2, 1], [2, 5], [3, 0], [3, 4], [4, 1], [4, 3], [4, 5], [5, 2], [5, 4]], ""seed"": 7, ""basis"": [""id"", ""rz"", ""sx"", ""x"", ""ecr""], ""nodes"": 6}",1dc9d7c7422ee8d9e756c16f45c753640fd9bb0d83eb6013019055e1f800f374,null,N4_x2_t0.24_r8_current__synthetic_grid_6q_transpiler__seed7,identity proxy before selection when layout is transpiler,8a9838b475d9bb5d15c2324d44b159fb5c192b8a4ea7b71bf432d0ede311ee02_synthetic_grid_6q_transpiler,teleport,11,v0.4.0,8a9838b475d9bb5d15c2324d44b159fb5c192b8a4ea7b71bf432d0ede311ee02_synthetic_grid_6q_transpiler_11,246,214,852,9.512056199999989e-05,-170,0.012386653004796244,True,,8.51709655718339e-14,1e-10,logical Operator.equiv + routed zero/3 random states,"[2, 5, 4, 1]"
4,2.0,0.24,8,current,8a9838b475d9bb5d15c2324d44b159fb5c192b8a4ea7b71bf432d0ede311ee02,7982982987e59a949c739e2bae48e48a06af33b8104d2d18d107b51b6d37128a,1105,784,689,416,19,1.6842105263157894,3,1.5,2,1,6,7,2.3333333333333335,3,1.6666666666666667,1.6153846153846154,3.0,1,robustness,synthetic_grid_6q_transpiler,grid,transpiler,SYNTHETIC_TARGET,"{""edges"": [[0, 1], [0, 3], [1, 0], [1, 2], [1, 4], [2, 1], [2, 5], [3, 0], [3, 4], [4, 1], [4, 3], [4, 5], [5, 2], [5, 4]], ""seed"": 7, ""basis"": [""id"", ""rz"", ""sx"", ""x"", ""ecr""], ""nodes"": 6}",1dc9d7c7422ee8d9e756c16f45c753640fd9bb0d83eb6013019055e1f800f374,null,N4_x2_t0.24_r8_current__synthetic_grid_6q_transpiler__seed7,identity proxy before selection when layout is transpiler,8a9838b475d9bb5d15c2324d44b159fb5c192b8a4ea7b71bf432d0ede311ee02_synthetic_grid_6q_transpiler,basic,19,v0.4.0,8a9838b475d9bb5d15c2324d44b159fb5c192b8a4ea7b71bf432d0ede311ee02_synthetic_grid_6q_transpiler_19,258,226,974,8.389712999999967e-05,-94,0.010209550993749872,True,,3.5141076591672793e-13,1e-10,logical Operator.equiv + routed zero/3 random states,"[0, 3, 4, 5]"
4,2.0,0.24,8,current,8a9838b475d9bb5d15c2324d44b159fb5c192b8a4ea7b71bf432d0ede311ee02,7982982987e59a949c739e2bae48e48a06af33b8104d2d18d107b51b6d37128a,1105,784,689,416,19,1.6842105263157894,3,1.5,2,1,6,7,2.3333333333333335,3,1.6666666666666667,1.6153846153846154,3.0,1,robustness,synthetic_grid_6q_transpiler,grid,transpiler,SYNTHETIC_TARGET,"{""edges"": [[0, 1], [0, 3], [1, 0], [1, 2], [1, 4], [2, 1], [2, 5], [3, 0], [3, 4], [4, 1], [4, 3], [4, 5], [5, 2], [5, 4]], ""seed"": 7, ""basis"": [""id"", ""rz"", ""sx"", ""x"", ""ecr""], ""nodes"": 6}",1dc9d7c7422ee8d9e756c16f45c753640fd9bb0d83eb6013019055e1f800f374,null,N4_x2_t0.24_r8_current__synthetic_grid_6q_transpiler__seed7,identity proxy before selection when layout is transpiler,8a9838b475d9bb5d15c2324d44b159fb5c192b8a4ea7b71bf432d0ede311ee02_synthetic_grid_6q_transpiler,teleport,19,v0.4.0,8a9838b475d9bb5d15c2324d44b159fb5c192b8a4ea7b71bf432d0ede311ee02_synthetic_grid_6q_transpiler_19,246,214,852,7.574040599999975e-05,-170,0.010843710995686706,True,,8.182338042453781e-14,1e-10,logical Operator.equiv + routed zero/3 random states,"[0, 3, 4, 5]"
4,2.0,0.24,8,current,8a9838b475d9bb5d15c2324d44b159fb5c192b8a4ea7b71bf432d0ede311ee02,7982982987e59a949c739e2bae48e48a06af33b8104d2d18d107b51b6d37128a,1105,784,689,416,19,1.6842105263157894,3,1.5,2,1,6,7,2.3333333333333335,3,1.6666666666666667,1.6153846153846154,3.0,1,robustness,synthetic_grid_6q_transpiler,grid,transpiler,SYNTHETIC_TARGET,"{""edges"": [[0, 1], [0, 3], [1, 0], [1, 2], [1, 4], [2, 1], [2, 5], [3, 0], [3, 4], [4, 1], [4, 3], [4, 5], [5, 2], [5, 4]], ""seed"": 7, ""basis"": [""id"", ""rz"", ""sx"", ""x"", ""ecr""], ""nodes"": 6}",1dc9d7c7422ee8d9e756c16f45c753640fd9bb0d83eb6013019055e1f800f374,null,N4_x2_t0.24_r8_current__synthetic_grid_6q_transpiler__seed7,identity proxy before selection when layout is transpiler,8a9838b475d9bb5d15c2324d44b159fb5c192b8a4ea7b71bf432d0ede311ee02_synthetic_grid_6q_transpiler,basic,29,v0.4.0,8a9838b475d9bb5d15c2324d44b159fb5c192b8a4ea7b71bf432d0ede311ee02_synthetic_grid_6q_transpiler_29,258,226,1040,0.00012432244200000063,-94,0.010479572993062902,True,,4.4274472156005057e-13,1e-10,logical Operator.equiv + routed zero/3 random states,"[1, 2, 5, 4]"
4,2.0,0.24,8,current,8a9838b475d9bb5d15c2324d44b159fb5c192b8a4ea7b71bf432d0ede311ee02,7982982987e59a949c739e2bae48e48a06af33b8104d2d18d107b51b6d37128a,1105,784,689,416,19,1.6842105263157894,3,1.5,2,1,6,7,2.3333333333333335,3,1.6666666666666667,1.6153846153846154,3.0,1,robustness,synthetic_grid_6q_transpiler,grid,transpiler,SYNTHETIC_TARGET,"{""edges"": [[0, 1], [0, 3], [1, 0], [1, 2], [1, 4], [2, 1], [2, 5], [3, 0], [3, 4], [4, 1], [4, 3], [4, 5], [5, 2], [5, 4]], ""seed"": 7, ""basis"": [""id"", ""rz"", ""sx"", ""x"", ""ecr""], ""nodes"": 6}",1dc9d7c7422ee8d9e756c16f45c753640fd9bb0d83eb6013019055e1f800f374,null,N4_x2_t0.24_r8_current__synthetic_grid_6q_transpiler__seed7,identity proxy before selection when layout is transpiler,8a9838b475d9bb5d15c2324d44b159fb5c192b8a4ea7b71bf432d0ede311ee02_synthetic_grid_6q_transpiler,teleport,29,v0.4.0,8a9838b475d9bb5d15c2324d44b159fb5c192b8a4ea7b71bf432d0ede311ee02_synthetic_grid_6q_transpiler_29,246,214,794,0.0001180698120000005,-170,0.01105737200123258,True,,8.499254994660372e-14,1e-10,logical Operator.equiv + routed zero/3 random states,"[1, 2, 5, 4]"
4,2.0,0.24,8,current,8a9838b475d9bb5d15c2324d44b159fb5c192b8a4ea7b71bf432d0ede311ee02,7982982987e59a949c739e2bae48e48a06af33b8104d2d18d107b51b6d37128a,1105,784,689,416,19,1.6842105263157894,3,1.5,2,1,6,7,2.3333333333333335,3,1.6666666666666667,1.6153846153846154,3.0,1,robustness,synthetic_grid_6q_transpiler,grid,transpiler,SYNTHETIC_TARGET,"{""edges"": [[0, 1], [0, 3], [1, 0], [1, 2], [1, 4], [2, 1], [2, 5], [3, 0], [3, 4], [4, 1], [4, 3], [4, 5], [5, 2], [5, 4]], ""seed"": 7, ""basis"": [""id"", ""rz"", ""sx"", ""x"", ""ecr""], ""nodes"": 6}",1dc9d7c7422ee8d9e756c16f45c753640fd9bb0d83eb6013019055e1f800f374,null,N4_x2_t0.24_r8_current__synthetic_grid_6q_transpiler__seed7,identity proxy before selection when layout is transpiler,8a9838b475d9bb5d15c2324d44b159fb5c192b8a4ea7b71bf432d0ede311ee02_synthetic_grid_6q_transpiler,basic,37,v0.4.0,8a9838b475d9bb5d15c2324d44b159fb5c192b8a4ea7b71bf432d0ede311ee02_synthetic_grid_6q_transpiler_37,258,226,1032,0.00010350372599999985,-94,0.011183574002643581,True,,2.2958620437330664e-13,1e-10,logical Operator.equiv + routed zero/3 random states,"[2, 5, 4, 1]"
4,2.0,0.24,8,current,8a9838b475d9bb5d15c2324d44b159fb5c192b8a4ea7b71bf432d0ede311ee02,7982982987e59a949c739e2bae48e48a06af33b8104d2d18d107b51b6d37128a,1105,784,689,416,19,1.6842105263157894,3,1.5,2,1,6,7,2.3333333333333335,3,1.6666666666666667,1.6153846153846154,3.0,1,robustness,synthetic_grid_6q_transpiler,grid,transpiler,SYNTHETIC_TARGET,"{""edges"": [[0, 1], [0, 3], [1, 0], [1, 2], [1, 4], [2, 1], [2, 5], [3, 0], [3, 4], [4, 1], [4, 3], [4, 5], [5, 2], [5, 4]], ""seed"": 7, ""basis"": [""id"", ""rz"", ""sx"", ""x"", ""ecr""], ""nodes"": 6}",1dc9d7c7422ee8d9e756c16f45c753640fd9bb0d83eb6013019055e1f800f374,null,N4_x2_t0.24_r8_current__synthetic_grid_6q_transpiler__seed7,identity proxy before selection when layout is transpiler,8a9838b475d9bb5d15c2324d44b159fb5c192b8a4ea7b71bf432d0ede311ee02_synthetic_grid_6q_transpiler,teleport,37,v0.4.0,8a9838b475d9bb5d15c2324d44b159fb5c192b8a4ea7b71bf432d0ede311ee02_synthetic_grid_6q_transpiler_37,246,214,852,9.512056199999989e-05,-170,0.00986995900166221,True,,8.51709655718339e-14,1e-10,logical Operator.equiv + routed zero/3 random states,"[2, 5, 4, 1]"
4,2.0,0.24,8,current,8a9838b475d9bb5d15c2324d44b159fb5c192b8a4ea7b71bf432d0ede311ee02,7982982987e59a949c739e2bae48e48a06af33b8104d2d18d107b51b6d37128a,1105,784,689,416,19,1.6842105263157894,3,1.5,2,1,6,7,2.3333333333333335,3,1.6666666666666667,1.6153846153846154,3.0,1,robustness,synthetic_grid_6q_transpiler,grid,transpiler,SYNTHETIC_TARGET,"{""edges"": [[0, 1], [0, 3], [1, 0], [1, 2], [1, 4], [2, 1], [2, 5], [3, 0], [3, 4], [4, 1], [4, 3], [4, 5], [5, 2], [5, 4]], ""seed"": 7, ""basis"": [""id"", ""rz"", ""sx"", ""x"", ""ecr""], ""nodes"": 6}",1dc9d7c7422ee8d9e756c16f45c753640fd9bb0d83eb6013019055e1f800f374,null,N4_x2_t0.24_r8_current__synthetic_grid_6q_transpiler__seed7,identity proxy before selection when layout is transpiler,8a9838b475d9bb5d15c2324d44b159fb5c192b8a4ea7b71bf432d0ede311ee02_synthetic_grid_6q_transpiler,basic,47,v0.4.0,8a9838b475d9bb5d15c2324d44b159fb5c192b8a4ea7b71bf432d0ede311ee02_synthetic_grid_6q_transpiler_47,258,226,903,0.00013340779200000054,-94,0.017394597998645622,True,,2.122471480639833e-13,1e-10,logical Operator.equiv + routed zero/3 random states,"[0, 1, 2, 5]"
4,2.0,0.24,8,current,8a9838b475d9bb5d15c2324d44b159fb5c192b8a4ea7b71bf432d0ede311ee02,7982982987e59a949c739e2bae48e48a06af33b8104d2d18d107b51b6d37128a,1105,784,689,416,19,1.6842105263157894,3,1.5,2,1,6,7,2.3333333333333335,3,1.6666666666666667,1.6153846153846154,3.0,1,robustness,synthetic_grid_6q_transpiler,grid,transpiler,SYNTHETIC_TARGET,"{""edges"": [[0, 1], [0, 3], [1, 0], [1, 2], [1, 4], [2, 1], [2, 5], [3, 0], [3, 4], [4, 1], [4, 3], [4, 5], [5, 2], [5, 4]], ""seed"": 7, ""basis"": [""id"", ""rz"", ""sx"", ""x"", ""ecr""], ""nodes"": 6}",1dc9d7c7422ee8d9e756c16f45c753640fd9bb0d83eb6013019055e1f800f374,null,N4_x2_t0.24_r8_current__synthetic_grid_6q_transpiler__seed7,identity proxy before selection when layout is transpiler,8a9838b475d9bb5d15c2324d44b159fb5c192b8a4ea7b71bf432d0ede311ee02_synthetic_grid_6q_transpiler,teleport,47,v0.4.0,8a9838b475d9bb5d15c2324d44b159fb5c192b8a4ea7b71bf432d0ede311ee02_synthetic_grid_6q_transpiler_47,246,214,747,0.00014855574000000008,-170,0.01002574099402409,True,,1.166881931685432e-13,1e-10,logical Operator.equiv + routed zero/3 random states,"[0, 1, 4, 5]"
4,1.0,0.16,2,reversed,dabd84c4a3325ef21b50a394178e913fd5ef5dba3253c4dc929ef5785b340571,63750b2d38357d5cd9f9fb922cc3dfb8e294b61159a2362da953e87c8d5996e0,277,197,173,104,19,1.6842105263157894,3,1.5,2,1,6,5,1.6666666666666667,5,2.3333333333333335,1.0,1.0,1,robustness,synthetic_line_6q_favorable,line,favorable,SYNTHETIC_TARGET,"{""edges"": [[0, 1], [1, 0], [1, 2], [2, 1], [2, 3], [3, 2], [3, 4], [4, 3], [4, 5], [5, 4]], ""seed"": 7, ""basis"": [""id"", ""rz"", ""sx"", ""x"", ""ecr""], ""nodes"": 6}",ccfecec17e274607ed29176fa4c2a758de445cb0e2e85ddcc1bbcb36bd80dcb3,"[0, 1, 2, 3]",N4_x1_t0.16_r2_reversed__synthetic_line_6q_favorable__seed7,identity proxy before selection when layout is transpiler,dabd84c4a3325ef21b50a394178e913fd5ef5dba3253c4dc929ef5785b340571_synthetic_line_6q_favorable,basic,11,v0.4.0,dabd84c4a3325ef21b50a394178e913fd5ef5dba3253c4dc929ef5785b340571_synthetic_line_6q_favorable_11,72,64,251,4.5408101999999955e-05,-22,0.007974141000886448,True,,4.016378766845314e-14,1e-10,logical Operator.equiv + routed zero/3 random states,"[0, 1, 2, 3]"
4,1.0,0.16,2,reversed,dabd84c4a3325ef21b50a394178e913fd5ef5dba3253c4dc929ef5785b340571,63750b2d38357d5cd9f9fb922cc3dfb8e294b61159a2362da953e87c8d5996e0,277,197,173,104,19,1.6842105263157894,3,1.5,2,1,6,5,1.6666666666666667,5,2.3333333333333335,1.0,1.0,1,robustness,synthetic_line_6q_favorable,line,favorable,SYNTHETIC_TARGET,"{""edges"": [[0, 1], [1, 0], [1, 2], [2, 1], [2, 3], [3, 2], [3, 4], [4, 3], [4, 5], [5, 4]], ""seed"": 7, ""basis"": [""id"", ""rz"", ""sx"", ""x"", ""ecr""], ""nodes"": 6}",ccfecec17e274607ed29176fa4c2a758de445cb0e2e85ddcc1bbcb36bd80dcb3,"[0, 1, 2, 3]",N4_x1_t0.16_r2_reversed__synthetic_line_6q_favorable__seed7,identity proxy before selection when layout is transpiler,dabd84c4a3325ef21b50a394178e913fd5ef5dba3253c4dc929ef5785b340571_synthetic_line_6q_favorable,teleport,11,v0.4.0,dabd84c4a3325ef21b50a394178e913fd5ef5dba3253c4dc929ef5785b340571_synthetic_line_6q_favorable_11,68,60,211,4.521917999999998e-05,-36,0.006736171002557967,True,,3.624636953145786e-14,1e-10,logical Operator.equiv + routed zero/3 random states,"[0, 1, 2, 3]"
4,1.0,0.16,2,reversed,dabd84c4a3325ef21b50a394178e913fd5ef5dba3253c4dc929ef5785b340571,63750b2d38357d5cd9f9fb922cc3dfb8e294b61159a2362da953e87c8d5996e0,277,197,173,104,19,1.6842105263157894,3,1.5,2,1,6,5,1.6666666666666667,5,2.3333333333333335,1.0,1.0,1,robustness,synthetic_line_6q_favorable,line,favorable,SYNTHETIC_TARGET,"{""edges"": [[0, 1], [1, 0], [1, 2], [2, 1], [2, 3], [3, 2], [3, 4], [4, 3], [4, 5], [5, 4]], ""seed"": 7, ""basis"": [""id"", ""rz"", ""sx"", ""x"", ""ecr""], ""nodes"": 6}",ccfecec17e274607ed29176fa4c2a758de445cb0e2e85ddcc1bbcb36bd80dcb3,"[0, 1, 2, 3]",N4_x1_t0.16_r2_reversed__synthetic_line_6q_favorable__seed7,identity proxy before selection when layout is transpiler,dabd84c4a3325ef21b50a394178e913fd5ef5dba3253c4dc929ef5785b340571_synthetic_line_6q_favorable,basic,19,v0.4.0,dabd84c4a3325ef21b50a394178e913fd5ef5dba3253c4dc929ef5785b340571_synthetic_line_6q_favorable_19,72,64,251,4.5408101999999955e-05,-22,0.0070974670015857555,True,,4.016378766845314e-14,1e-10,logical Operator.equiv + routed zero/3 random states,"[0, 1, 2, 3]"
4,1.0,0.16,2,reversed,dabd84c4a3325ef21b50a394178e913fd5ef5dba3253c4dc929ef5785b340571,63750b2d38357d5cd9f9fb922cc3dfb8e294b61159a2362da953e87c8d5996e0,277,197,173,104,19,1.6842105263157894,3,1.5,2,1,6,5,1.6666666666666667,5,2.3333333333333335,1.0,1.0,1,robustness,synthetic_line_6q_favorable,line,favorable,SYNTHETIC_TARGET,"{""edges"": [[0, 1], [1, 0], [1, 2], [2, 1], [2, 3], [3, 2], [3, 4], [4, 3], [4, 5], [5, 4]], ""seed"": 7, ""basis"": [""id"", ""rz"", ""sx"", ""x"", ""ecr""], ""nodes"": 6}",ccfecec17e274607ed29176fa4c2a758de445cb0e2e85ddcc1bbcb36bd80dcb3,"[0, 1, 2, 3]",N4_x1_t0.16_r2_reversed__synthetic_line_6q_favorable__seed7,identity proxy before selection when layout is transpiler,dabd84c4a3325ef21b50a394178e913fd5ef5dba3253c4dc929ef5785b340571_synthetic_line_6q_favorable,teleport,19,v0.4.0,dabd84c4a3325ef21b50a394178e913fd5ef5dba3253c4dc929ef5785b340571_synthetic_line_6q_favorable_19,68,60,211,4.521917999999998e-05,-36,0.006800456998462323,True,,3.624636953145786e-14,1e-10,logical Operator.equiv + routed zero/3 random states,"[0, 1, 2, 3]"
4,1.0,0.16,2,reversed,dabd84c4a3325ef21b50a394178e913fd5ef5dba3253c4dc929ef5785b340571,63750b2d38357d5cd9f9fb922cc3dfb8e294b61159a2362da953e87c8d5996e0,277,197,173,104,19,1.6842105263157894,3,1.5,2,1,6,5,1.6666666666666667,5,2.3333333333333335,1.0,1.0,1,robustness,synthetic_line_6q_favorable,line,favorable,SYNTHETIC_TARGET,"{""edges"": [[0, 1], [1, 0], [1, 2], [2, 1], [2, 3], [3, 2], [3, 4], [4, 3], [4, 5], [5, 4]], ""seed"": 7, ""basis"": [""id"", ""rz"", ""sx"", ""x"", ""ecr""], ""nodes"": 6}",ccfecec17e274607ed29176fa4c2a758de445cb0e2e85ddcc1bbcb36bd80dcb3,"[0, 1, 2, 3]",N4_x1_t0.16_r2_reversed__synthetic_line_6q_favorable__seed7,identity proxy before selection when layout is transpiler,dabd84c4a3325ef21b50a394178e913fd5ef5dba3253c4dc929ef5785b340571_synthetic_line_6q_favorable,basic,29,v0.4.0,dabd84c4a3325ef21b50a394178e913fd5ef5dba3253c4dc929ef5785b340571_synthetic_line_6q_favorable_29,72,64,251,4.5408101999999955e-05,-22,0.008240953997301403,True,,4.016378766845314e-14,1e-10,logical Operator.equiv + routed zero/3 random states,"[0, 1, 2, 3]"
4,1.0,0.16,2,reversed,dabd84c4a3325ef21b50a394178e913fd5ef5dba3253c4dc929ef5785b340571,63750b2d38357d5cd9f9fb922cc3dfb8e294b61159a2362da953e87c8d5996e0,277,197,173,104,19,1.6842105263157894,3,1.5,2,1,6,5,1.6666666666666667,5,2.3333333333333335,1.0,1.0,1,robustness,synthetic_line_6q_favorable,line,favorable,SYNTHETIC_TARGET,"{""edges"": [[0, 1], [1, 0], [1, 2], [2, 1], [2, 3], [3, 2], [3, 4], [4, 3], [4, 5], [5, 4]], ""seed"": 7, ""basis"": [""id"", ""rz"", ""sx"", ""x"", ""ecr""], ""nodes"": 6}",ccfecec17e274607ed29176fa4c2a758de445cb0e2e85ddcc1bbcb36bd80dcb3,"[0, 1, 2, 3]",N4_x1_t0.16_r2_reversed__synthetic_line_6q_favorable__seed7,identity proxy before selection when layout is transpiler,dabd84c4a3325ef21b50a394178e913fd5ef5dba3253c4dc929ef5785b340571_synthetic_line_6q_favorable,teleport,29,v0.4.0,dabd84c4a3325ef21b50a394178e913fd5ef5dba3253c4dc929ef5785b340571_synthetic_line_6q_favorable_29,68,60,211,4.521917999999998e-05,-36,0.007038836003630422,True,,3.624636953145786e-14,1e-10,logical Operator.equiv + routed zero/3 random states,"[0, 1, 2, 3]"
4,1.0,0.16,2,reversed,dabd84c4a3325ef21b50a394178e913fd5ef5dba3253c4dc929ef5785b340571,63750b2d38357d5cd9f9fb922cc3dfb8e294b61159a2362da953e87c8d5996e0,277,197,173,104,19,1.6842105263157894,3,1.5,2,1,6,5,1.6666666666666667,5,2.3333333333333335,1.0,1.0,1,robustness,synthetic_line_6q_favorable,line,favorable,SYNTHETIC_TARGET,"{""edges"": [[0, 1], [1, 0], [1, 2], [2, 1], [2, 3], [3, 2], [3, 4], [4, 3], [4, 5], [5, 4]], ""seed"": 7, ""basis"": [""id"", ""rz"", ""sx"", ""x"", ""ecr""], ""nodes"": 6}",ccfecec17e274607ed29176fa4c2a758de445cb0e2e85ddcc1bbcb36bd80dcb3,"[0, 1, 2, 3]",N4_x1_t0.16_r2_reversed__synthetic_line_6q_favorable__seed7,identity proxy before selection when layout is transpiler,dabd84c4a3325ef21b50a394178e913fd5ef5dba3253c4dc929ef5785b340571_synthetic_line_6q_favorable,basic,37,v0.4.0,dabd84c4a3325ef21b50a394178e913fd5ef5dba3253c4dc929ef5785b340571_synthetic_line_6q_favorable_37,72,64,251,4.5408101999999955e-05,-22,0.007097796995367389,True,,4.016378766845314e-14,1e-10,logical Operator.equiv + routed zero/3 random states,"[0, 1, 2, 3]"
4,1.0,0.16,2,reversed,dabd84c4a3325ef21b50a394178e913fd5ef5dba3253c4dc929ef5785b340571,63750b2d38357d5cd9f9fb922cc3dfb8e294b61159a2362da953e87c8d5996e0,277,197,173,104,19,1.6842105263157894,3,1.5,2,1,6,5,1.6666666666666667,5,2.3333333333333335,1.0,1.0,1,robustness,synthetic_line_6q_favorable,line,favorable,SYNTHETIC_TARGET,"{""edges"": [[0, 1], [1, 0], [1, 2], [2, 1], [2, 3], [3, 2], [3, 4], [4, 3], [4, 5], [5, 4]], ""seed"": 7, ""basis"": [""id"", ""rz"", ""sx"", ""x"", ""ecr""], ""nodes"": 6}",ccfecec17e274607ed29176fa4c2a758de445cb0e2e85ddcc1bbcb36bd80dcb3,"[0, 1, 2, 3]",N4_x1_t0.16_r2_reversed__synthetic_line_6q_favorable__seed7,identity proxy before selection when layout is transpiler,dabd84c4a3325ef21b50a394178e913fd5ef5dba3253c4dc929ef5785b340571_synthetic_line_6q_favorable,teleport,37,v0.4.0,dabd84c4a3325ef21b50a394178e913fd5ef5dba3253c4dc929ef5785b340571_synthetic_line_6q_favorable_37,68,60,211,4.521917999999998e-05,-36,0.006758771000022534,True,,3.624636953145786e-14,1e-10,logical Operator.equiv + routed zero/3 random states,"[0, 1, 2, 3]"
4,1.0,0.16,2,reversed,dabd84c4a3325ef21b50a394178e913fd5ef5dba3253c4dc929ef5785b340571,63750b2d38357d5cd9f9fb922cc3dfb8e294b61159a2362da953e87c8d5996e0,277,197,173,104,19,1.6842105263157894,3,1.5,2,1,6,5,1.6666666666666667,5,2.3333333333333335,1.0,1.0,1,robustness,synthetic_line_6q_favorable,line,favorable,SYNTHETIC_TARGET,"{""edges"": [[0, 1], [1, 0], [1, 2], [2, 1], [2, 3], [3, 2], [3, 4], [4, 3], [4, 5], [5, 4]], ""seed"": 7, ""basis"": [""id"", ""rz"", ""sx"", ""x"", ""ecr""], ""nodes"": 6}",ccfecec17e274607ed29176fa4c2a758de445cb0e2e85ddcc1bbcb36bd80dcb3,"[0, 1, 2, 3]",N4_x1_t0.16_r2_reversed__synthetic_line_6q_favorable__seed7,identity proxy before selection when layout is transpiler,dabd84c4a3325ef21b50a394178e913fd5ef5dba3253c4dc929ef5785b340571_synthetic_line_6q_favorable,basic,47,v0.4.0,dabd84c4a3325ef21b50a394178e913fd5ef5dba3253c4dc929ef5785b340571_synthetic_line_6q_favorable_47,72,64,251,4.5408101999999955e-05,-22,0.009316367002611514,True,,4.016378766845314e-14,1e-10,logical Operator.equiv + routed zero/3 random states,"[0, 1, 2, 3]"
4,1.0,0.16,2,reversed,dabd84c4a3325ef21b50a394178e913fd5ef5dba3253c4dc929ef5785b340571,63750b2d38357d5cd9f9fb922cc3dfb8e294b61159a2362da953e87c8d5996e0,277,197,173,104,19,1.6842105263157894,3,1.5,2,1,6,5,1.6666666666666667,5,2.3333333333333335,1.0,1.0,1,robustness,synthetic_line_6q_favorable,line,favorable,SYNTHETIC_TARGET,"{""edges"": [[0, 1], [1, 0], [1, 2], [2, 1], [2, 3], [3, 2], [3, 4], [4, 3], [4, 5], [5, 4]], ""seed"": 7, ""basis"": [""id"", ""rz"", ""sx"", ""x"", ""ecr""], ""nodes"": 6}",ccfecec17e274607ed29176fa4c2a758de445cb0e2e85ddcc1bbcb36bd80dcb3,"[0, 1, 2, 3]",N4_x1_t0.16_r2_reversed__synthetic_line_6q_favorable__seed7,identity proxy before selection when layout is transpiler,dabd84c4a3325ef21b50a394178e913fd5ef5dba3253c4dc929ef5785b340571_synthetic_line_6q_favorable,teleport,47,v0.4.0,dabd84c4a3325ef21b50a394178e913fd5ef5dba3253c4dc929ef5785b340571_synthetic_line_6q_favorable_47,68,60,211,4.521917999999998e-05,-36,0.0074319810009910725,True,,3.624636953145786e-14,1e-10,logical Operator.equiv + routed zero/3 random states,"[0, 1, 2, 3]"
4,1.0,0.16,2,reversed,dabd84c4a3325ef21b50a394178e913fd5ef5dba3253c4dc929ef5785b340571,63750b2d38357d5cd9f9fb922cc3dfb8e294b61159a2362da953e87c8d5996e0,277,197,173,104,19,1.6842105263157894,3,1.5,2,1,6,5,1.6666666666666667,5,2.3333333333333335,1.6153846153846154,2.0,1,robustness,synthetic_line_6q_spread,line,spread,SYNTHETIC_TARGET,"{""edges"": [[0, 1], [1, 0], [1, 2], [2, 1], [2, 3], [3, 2], [3, 4], [4, 3], [4, 5], [5, 4]], ""seed"": 7, ""basis"": [""id"", ""rz"", ""sx"", ""x"", ""ecr""], ""nodes"": 6}",ccfecec17e274607ed29176fa4c2a758de445cb0e2e85ddcc1bbcb36bd80dcb3,"[0, 2, 3, 5]",N4_x1_t0.16_r2_reversed__synthetic_line_6q_spread__seed7,identity proxy before selection when layout is transpiler,dabd84c4a3325ef21b50a394178e913fd5ef5dba3253c4dc929ef5785b340571_synthetic_line_6q_spread,basic,11,v0.4.0,dabd84c4a3325ef21b50a394178e913fd5ef5dba3253c4dc929ef5785b340571_synthetic_line_6q_spread_11,78,67,253,4.135415999999997e-05,-16,0.007874458999140188,True,,9.329749250213228e-14,1e-10,logical Operator.equiv + routed zero/3 random states,"[1, 2, 3, 4]"
4,1.0,0.16,2,reversed,dabd84c4a3325ef21b50a394178e913fd5ef5dba3253c4dc929ef5785b340571,63750b2d38357d5cd9f9fb922cc3dfb8e294b61159a2362da953e87c8d5996e0,277,197,173,104,19,1.6842105263157894,3,1.5,2,1,6,5,1.6666666666666667,5,2.3333333333333335,1.6153846153846154,2.0,1,robustness,synthetic_line_6q_spread,line,spread,SYNTHETIC_TARGET,"{""edges"": [[0, 1], [1, 0], [1, 2], [2, 1], [2, 3], [3, 2], [3, 4], [4, 3], [4, 5], [5, 4]], ""seed"": 7, ""basis"": [""id"", ""rz"", ""sx"", ""x"", ""ecr""], ""nodes"": 6}",ccfecec17e274607ed29176fa4c2a758de445cb0e2e85ddcc1bbcb36bd80dcb3,"[0, 2, 3, 5]",N4_x1_t0.16_r2_reversed__synthetic_line_6q_spread__seed7,identity proxy before selection when layout is transpiler,dabd84c4a3325ef21b50a394178e913fd5ef5dba3253c4dc929ef5785b340571_synthetic_line_6q_spread,teleport,11,v0.4.0,dabd84c4a3325ef21b50a394178e913fd5ef5dba3253c4dc929ef5785b340571_synthetic_line_6q_spread_11,74,62,223,4.120763999999997e-05,-30,0.007753425998089369,True,,2.163603644447654e-14,1e-10,logical Operator.equiv + routed zero/3 random states,"[1, 2, 3, 4]"
4,1.0,0.16,2,reversed,dabd84c4a3325ef21b50a394178e913fd5ef5dba3253c4dc929ef5785b340571,63750b2d38357d5cd9f9fb922cc3dfb8e294b61159a2362da953e87c8d5996e0,277,197,173,104,19,1.6842105263157894,3,1.5,2,1,6,5,1.6666666666666667,5,2.3333333333333335,1.6153846153846154,2.0,1,robustness,synthetic_line_6q_spread,line,spread,SYNTHETIC_TARGET,"{""edges"": [[0, 1], [1, 0], [1, 2], [2, 1], [2, 3], [3, 2], [3, 4], [4, 3], [4, 5], [5, 4]], ""seed"": 7, ""basis"": [""id"", ""rz"", ""sx"", ""x"", ""ecr""], ""nodes"": 6}",ccfecec17e274607ed29176fa4c2a758de445cb0e2e85ddcc1bbcb36bd80dcb3,"[0, 2, 3, 5]",N4_x1_t0.16_r2_reversed__synthetic_line_6q_spread__seed7,identity proxy before selection when layout is transpiler,dabd84c4a3325ef21b50a394178e913fd5ef5dba3253c4dc929ef5785b340571_synthetic_line_6q_spread,basic,19,v0.4.0,dabd84c4a3325ef21b50a394178e913fd5ef5dba3253c4dc929ef5785b340571_synthetic_line_6q_spread_19,78,67,253,4.135415999999997e-05,-16,0.01108874299825402,True,,9.329749250213228e-14,1e-10,logical Operator.equiv + routed zero/3 random states,"[1, 2, 3, 4]"
4,1.0,0.16,2,reversed,dabd84c4a3325ef21b50a394178e913fd5ef5dba3253c4dc929ef5785b340571,63750b2d38357d5cd9f9fb922cc3dfb8e294b61159a2362da953e87c8d5996e0,277,197,173,104,19,1.6842105263157894,3,1.5,2,1,6,5,1.6666666666666667,5,2.3333333333333335,1.6153846153846154,2.0,1,robustness,synthetic_line_6q_spread,line,spread,SYNTHETIC_TARGET,"{""edges"": [[0, 1], [1, 0], [1, 2], [2, 1], [2, 3], [3, 2], [3, 4], [4, 3], [4, 5], [5, 4]], ""seed"": 7, ""basis"": [""id"", ""rz"", ""sx"", ""x"", ""ecr""], ""nodes"": 6}",ccfecec17e274607ed29176fa4c2a758de445cb0e2e85ddcc1bbcb36bd80dcb3,"[0, 2, 3, 5]",N4_x1_t0.16_r2_reversed__synthetic_line_6q_spread__seed7,identity proxy before selection when layout is transpiler,dabd84c4a3325ef21b50a394178e913fd5ef5dba3253c4dc929ef5785b340571_synthetic_line_6q_spread,teleport,19,v0.4.0,dabd84c4a3325ef21b50a394178e913fd5ef5dba3253c4dc929ef5785b340571_synthetic_line_6q_spread_19,74,62,223,4.120763999999997e-05,-30,0.008395616001507733,True,,2.163603644447654e-14,1e-10,logical Operator.equiv + routed zero/3 random states,"[1, 2, 3, 4]"
4,1.0,0.16,2,reversed,dabd84c4a3325ef21b50a394178e913fd5ef5dba3253c4dc929ef5785b340571,63750b2d38357d5cd9f9fb922cc3dfb8e294b61159a2362da953e87c8d5996e0,277,197,173,104,19,1.6842105263157894,3,1.5,2,1,6,5,1.6666666666666667,5,2.3333333333333335,1.6153846153846154,2.0,1,robustness,synthetic_line_6q_spread,line,spread,SYNTHETIC_TARGET,"{""edges"": [[0, 1], [1, 0], [1, 2], [2, 1], [2, 3], [3, 2], [3, 4], [4, 3], [4, 5], [5, 4]], ""seed"": 7, ""basis"": [""id"", ""rz"", ""sx"", ""x"", ""ecr""], ""nodes"": 6}",ccfecec17e274607ed29176fa4c2a758de445cb0e2e85ddcc1bbcb36bd80dcb3,"[0, 2, 3, 5]",N4_x1_t0.16_r2_reversed__synthetic_line_6q_spread__seed7,identity proxy before selection when layout is transpiler,dabd84c4a3325ef21b50a394178e913fd5ef5dba3253c4dc929ef5785b340571_synthetic_line_6q_spread,basic,29,v0.4.0,dabd84c4a3325ef21b50a394178e913fd5ef5dba3253c4dc929ef5785b340571_synthetic_line_6q_spread_29,78,67,253,4.135415999999997e-05,-16,0.007506549001845997,True,,9.329749250213228e-14,1e-10,logical Operator.equiv + routed zero/3 random states,"[1, 2, 3, 4]"
4,1.0,0.16,2,reversed,dabd84c4a3325ef21b50a394178e913fd5ef5dba3253c4dc929ef5785b340571,63750b2d38357d5cd9f9fb922cc3dfb8e294b61159a2362da953e87c8d5996e0,277,197,173,104,19,1.6842105263157894,3,1.5,2,1,6,5,1.6666666666666667,5,2.3333333333333335,1.6153846153846154,2.0,1,robustness,synthetic_line_6q_spread,line,spread,SYNTHETIC_TARGET,"{""edges"": [[0, 1], [1, 0], [1, 2], [2, 1], [2, 3], [3, 2], [3, 4], [4, 3], [4, 5], [5, 4]], ""seed"": 7, ""basis"": [""id"", ""rz"", ""sx"", ""x"", ""ecr""], ""nodes"": 6}",ccfecec17e274607ed29176fa4c2a758de445cb0e2e85ddcc1bbcb36bd80dcb3,"[0, 2, 3, 5]",N4_x1_t0.16_r2_reversed__synthetic_line_6q_spread__seed7,identity proxy before selection when layout is transpiler,dabd84c4a3325ef21b50a394178e913fd5ef5dba3253c4dc929ef5785b340571_synthetic_line_6q_spread,teleport,29,v0.4.0,dabd84c4a3325ef21b50a394178e913fd5ef5dba3253c4dc929ef5785b340571_synthetic_line_6q_spread_29,74,62,223,4.120763999999997e-05,-30,0.006745068996679038,True,,2.163603644447654e-14,1e-10,logical Operator.equiv + routed zero/3 random states,"[1, 2, 3, 4]"
4,1.0,0.16,2,reversed,dabd84c4a3325ef21b50a394178e913fd5ef5dba3253c4dc929ef5785b340571,63750b2d38357d5cd9f9fb922cc3dfb8e294b61159a2362da953e87c8d5996e0,277,197,173,104,19,1.6842105263157894,3,1.5,2,1,6,5,1.6666666666666667,5,2.3333333333333335,1.6153846153846154,2.0,1,robustness,synthetic_line_6q_spread,line,spread,SYNTHETIC_TARGET,"{""edges"": [[0, 1], [1, 0], [1, 2], [2, 1], [2, 3], [3, 2], [3, 4], [4, 3], [4, 5], [5, 4]], ""seed"": 7, ""basis"": [""id"", ""rz"", ""sx"", ""x"", ""ecr""], ""nodes"": 6}",ccfecec17e274607ed29176fa4c2a758de445cb0e2e85ddcc1bbcb36bd80dcb3,"[0, 2, 3, 5]",N4_x1_t0.16_r2_reversed__synthetic_line_6q_spread__seed7,identity proxy before selection when layout is transpiler,dabd84c4a3325ef21b50a394178e913fd5ef5dba3253c4dc929ef5785b340571_synthetic_line_6q_spread,basic,37,v0.4.0,dabd84c4a3325ef21b50a394178e913fd5ef5dba3253c4dc929ef5785b340571_synthetic_line_6q_spread_37,78,67,253,4.135415999999997e-05,-16,0.01253341899428051,True,,9.329749250213228e-14,1e-10,logical Operator.equiv + routed zero/3 random states,"[1, 2, 3, 4]"
4,1.0,0.16,2,reversed,dabd84c4a3325ef21b50a394178e913fd5ef5dba3253c4dc929ef5785b340571,63750b2d38357d5cd9f9fb922cc3dfb8e294b61159a2362da953e87c8d5996e0,277,197,173,104,19,1.6842105263157894,3,1.5,2,1,6,5,1.6666666666666667,5,2.3333333333333335,1.6153846153846154,2.0,1,robustness,synthetic_line_6q_spread,line,spread,SYNTHETIC_TARGET,"{""edges"": [[0, 1], [1, 0], [1, 2], [2, 1], [2, 3], [3, 2], [3, 4], [4, 3], [4, 5], [5, 4]], ""seed"": 7, ""basis"": [""id"", ""rz"", ""sx"", ""x"", ""ecr""], ""nodes"": 6}",ccfecec17e274607ed29176fa4c2a758de445cb0e2e85ddcc1bbcb36bd80dcb3,"[0, 2, 3, 5]",N4_x1_t0.16_r2_reversed__synthetic_line_6q_spread__seed7,identity proxy before selection when layout is transpiler,dabd84c4a3325ef21b50a394178e913fd5ef5dba3253c4dc929ef5785b340571_synthetic_line_6q_spread,teleport,37,v0.4.0,dabd84c4a3325ef21b50a394178e913fd5ef5dba3253c4dc929ef5785b340571_synthetic_line_6q_spread_37,74,62,223,4.120763999999997e-05,-30,0.008190999004000332,True,,2.163603644447654e-14,1e-10,logical Operator.equiv + routed zero/3 random states,"[1, 2, 3, 4]"
4,1.0,0.16,2,reversed,dabd84c4a3325ef21b50a394178e913fd5ef5dba3253c4dc929ef5785b340571,63750b2d38357d5cd9f9fb922cc3dfb8e294b61159a2362da953e87c8d5996e0,277,197,173,104,19,1.6842105263157894,3,1.5,2,1,6,5,1.6666666666666667,5,2.3333333333333335,1.6153846153846154,2.0,1,robustness,synthetic_line_6q_spread,line,spread,SYNTHETIC_TARGET,"{""edges"": [[0, 1], [1, 0], [1, 2], [2, 1], [2, 3], [3, 2], [3, 4], [4, 3], [4, 5], [5, 4]], ""seed"": 7, ""basis"": [""id"", ""rz"", ""sx"", ""x"", ""ecr""], ""nodes"": 6}",ccfecec17e274607ed29176fa4c2a758de445cb0e2e85ddcc1bbcb36bd80dcb3,"[0, 2, 3, 5]",N4_x1_t0.16_r2_reversed__synthetic_line_6q_spread__seed7,identity proxy before selection when layout is transpiler,dabd84c4a3325ef21b50a394178e913fd5ef5dba3253c4dc929ef5785b340571_synthetic_line_6q_spread,basic,47,v0.4.0,dabd84c4a3325ef21b50a394178e913fd5ef5dba3253c4dc929ef5785b340571_synthetic_line_6q_spread_47,78,67,253,4.135415999999997e-05,-16,0.012854908003646415,True,,9.329749250213228e-14,1e-10,logical Operator.equiv + routed zero/3 random states,"[1, 2, 3, 4]"
4,1.0,0.16,2,reversed,dabd84c4a3325ef21b50a394178e913fd5ef5dba3253c4dc929ef5785b340571,63750b2d38357d5cd9f9fb922cc3dfb8e294b61159a2362da953e87c8d5996e0,277,197,173,104,19,1.6842105263157894,3,1.5,2,1,6,5,1.6666666666666667,5,2.3333333333333335,1.6153846153846154,2.0,1,robustness,synthetic_line_6q_spread,line,spread,SYNTHETIC_TARGET,"{""edges"": [[0, 1], [1, 0], [1, 2], [2, 1], [2, 3], [3, 2], [3, 4], [4, 3], [4, 5], [5, 4]], ""seed"": 7, ""basis"": [""id"", ""rz"", ""sx"", ""x"", ""ecr""], ""nodes"": 6}",ccfecec17e274607ed29176fa4c2a758de445cb0e2e85ddcc1bbcb36bd80dcb3,"[0, 2, 3, 5]",N4_x1_t0.16_r2_reversed__synthetic_line_6q_spread__seed7,identity proxy before selection when layout is transpiler,dabd84c4a3325ef21b50a394178e913fd5ef5dba3253c4dc929ef5785b340571_synthetic_line_6q_spread,teleport,47,v0.4.0,dabd84c4a3325ef21b50a394178e913fd5ef5dba3253c4dc929ef5785b340571_synthetic_line_6q_spread_47,74,62,223,4.120763999999997e-05,-30,0.007131387996196281,True,,2.163603644447654e-14,1e-10,logical Operator.equiv + routed zero/3 random states,"[1, 2, 3, 4]"
4,1.0,0.16,2,reversed,dabd84c4a3325ef21b50a394178e913fd5ef5dba3253c4dc929ef5785b340571,63750b2d38357d5cd9f9fb922cc3dfb8e294b61159a2362da953e87c8d5996e0,277,197,173,104,19,1.6842105263157894,3,1.5,2,1,6,6,2.0,3,1.8,1.0,1.0,1,robustness,synthetic_ring_6q_transpiler,ring,transpiler,SYNTHETIC_TARGET,"{""edges"": [[0, 1], [0, 5], [1, 0], [1, 2], [2, 1], [2, 3], [3, 2], [3, 4], [4, 3], [4, 5], [5, 0], [5, 4]], ""seed"": 7, ""basis"": [""id"", ""rz"", ""sx"", ""x"", ""ecr""], ""nodes"": 6}",ff4a6017b79ba46163d089d132c4bc654811d5fa5518090a9b65bf0d23d86ee8,null,N4_x1_t0.16_r2_reversed__synthetic_ring_6q_transpiler__seed7,identity proxy before selection when layout is transpiler,dabd84c4a3325ef21b50a394178e913fd5ef5dba3253c4dc929ef5785b340571_synthetic_ring_6q_transpiler,basic,11,v0.4.0,dabd84c4a3325ef21b50a394178e913fd5ef5dba3253c4dc929ef5785b340571_synthetic_ring_6q_transpiler_11,72,64,285,3.433762800000002e-05,-22,0.008715764997759834,True,,9.294672187327153e-14,1e-10,logical Operator.equiv + routed zero/3 random states,"[3, 4, 5, 0]"
4,1.0,0.16,2,reversed,dabd84c4a3325ef21b50a394178e913fd5ef5dba3253c4dc929ef5785b340571,63750b2d38357d5cd9f9fb922cc3dfb8e294b61159a2362da953e87c8d5996e0,277,197,173,104,19,1.6842105263157894,3,1.5,2,1,6,6,2.0,3,1.8,1.0,1.0,1,robustness,synthetic_ring_6q_transpiler,ring,transpiler,SYNTHETIC_TARGET,"{""edges"": [[0, 1], [0, 5], [1, 0], [1, 2], [2, 1], [2, 3], [3, 2], [3, 4], [4, 3], [4, 5], [5, 0], [5, 4]], ""seed"": 7, ""basis"": [""id"", ""rz"", ""sx"", ""x"", ""ecr""], ""nodes"": 6}",ff4a6017b79ba46163d089d132c4bc654811d5fa5518090a9b65bf0d23d86ee8,null,N4_x1_t0.16_r2_reversed__synthetic_ring_6q_transpiler__seed7,identity proxy before selection when layout is transpiler,dabd84c4a3325ef21b50a394178e913fd5ef5dba3253c4dc929ef5785b340571_synthetic_ring_6q_transpiler,teleport,11,v0.4.0,dabd84c4a3325ef21b50a394178e913fd5ef5dba3253c4dc929ef5785b340571_synthetic_ring_6q_transpiler_11,68,60,223,3.2091432000000024e-05,-36,0.007395314998575486,True,,4.8246376311112054e-14,1e-10,logical Operator.equiv + routed zero/3 random states,"[3, 4, 5, 0]"
4,1.0,0.16,2,reversed,dabd84c4a3325ef21b50a394178e913fd5ef5dba3253c4dc929ef5785b340571,63750b2d38357d5cd9f9fb922cc3dfb8e294b61159a2362da953e87c8d5996e0,277,197,173,104,19,1.6842105263157894,3,1.5,2,1,6,6,2.0,3,1.8,1.0,1.0,1,robustness,synthetic_ring_6q_transpiler,ring,transpiler,SYNTHETIC_TARGET,"{""edges"": [[0, 1], [0, 5], [1, 0], [1, 2], [2, 1], [2, 3], [3, 2], [3, 4], [4, 3], [4, 5], [5, 0], [5, 4]], ""seed"": 7, ""basis"": [""id"", ""rz"", ""sx"", ""x"", ""ecr""], ""nodes"": 6}",ff4a6017b79ba46163d089d132c4bc654811d5fa5518090a9b65bf0d23d86ee8,null,N4_x1_t0.16_r2_reversed__synthetic_ring_6q_transpiler__seed7,identity proxy before selection when layout is transpiler,dabd84c4a3325ef21b50a394178e913fd5ef5dba3253c4dc929ef5785b340571_synthetic_ring_6q_transpiler,basic,19,v0.4.0,dabd84c4a3325ef21b50a394178e913fd5ef5dba3253c4dc929ef5785b340571_synthetic_ring_6q_transpiler_19,72,64,251,3.596755200000001e-05,-22,0.007410688995150849,True,,9.436009121928026e-14,1e-10,logical Operator.equiv + routed zero/3 random states,"[2, 3, 4, 5]"
4,1.0,0.16,2,reversed,dabd84c4a3325ef21b50a394178e913fd5ef5dba3253c4dc929ef5785b340571,63750b2d38357d5cd9f9fb922cc3dfb8e294b61159a2362da953e87c8d5996e0,277,197,173,104,19,1.6842105263157894,3,1.5,2,1,6,6,2.0,3,1.8,1.0,1.0,1,robustness,synthetic_ring_6q_transpiler,ring,transpiler,SYNTHETIC_TARGET,"{""edges"": [[0, 1], [0, 5], [1, 0], [1, 2], [2, 1], [2, 3], [3, 2], [3, 4], [4, 3], [4, 5], [5, 0], [5, 4]], ""seed"": 7, ""basis"": [""id"", ""rz"", ""sx"", ""x"", ""ecr""], ""nodes"": 6}",ff4a6017b79ba46163d089d132c4bc654811d5fa5518090a9b65bf0d23d86ee8,null,N4_x1_t0.16_r2_reversed__synthetic_ring_6q_transpiler__seed7,identity proxy before selection when layout is transpiler,dabd84c4a3325ef21b50a394178e913fd5ef5dba3253c4dc929ef5785b340571_synthetic_ring_6q_transpiler,teleport,19,v0.4.0,dabd84c4a3325ef21b50a394178e913fd5ef5dba3253c4dc929ef5785b340571_synthetic_ring_6q_transpiler_19,68,60,223,3.2091432000000024e-05,-36,0.00687499299965566,True,,4.8246376311112054e-14,1e-10,logical Operator.equiv + routed zero/3 random states,"[3, 4, 5, 0]"
4,1.0,0.16,2,reversed,dabd84c4a3325ef21b50a394178e913fd5ef5dba3253c4dc929ef5785b340571,63750b2d38357d5cd9f9fb922cc3dfb8e294b61159a2362da953e87c8d5996e0,277,197,173,104,19,1.6842105263157894,3,1.5,2,1,6,6,2.0,3,1.8,1.0,1.0,1,robustness,synthetic_ring_6q_transpiler,ring,transpiler,SYNTHETIC_TARGET,"{""edges"": [[0, 1], [0, 5], [1, 0], [1, 2], [2, 1], [2, 3], [3, 2], [3, 4], [4, 3], [4, 5], [5, 0], [5, 4]], ""seed"": 7, ""basis"": [""id"", ""rz"", ""sx"", ""x"", ""ecr""], ""nodes"": 6}",ff4a6017b79ba46163d089d132c4bc654811d5fa5518090a9b65bf0d23d86ee8,null,N4_x1_t0.16_r2_reversed__synthetic_ring_6q_transpiler__seed7,identity proxy before selection when layout is transpiler,dabd84c4a3325ef21b50a394178e913fd5ef5dba3253c4dc929ef5785b340571_synthetic_ring_6q_transpiler,basic,29,v0.4.0,dabd84c4a3325ef21b50a394178e913fd5ef5dba3253c4dc929ef5785b340571_synthetic_ring_6q_transpiler_29,72,64,347,2.7858114000000066e-05,-22,0.007856527998228557,True,,4.011616091289937e-14,1e-10,logical Operator.equiv + routed zero/3 random states,"[1, 0, 5, 4]"
4,1.0,0.16,2,reversed,dabd84c4a3325ef21b50a394178e913fd5ef5dba3253c4dc929ef5785b340571,63750b2d38357d5cd9f9fb922cc3dfb8e294b61159a2362da953e87c8d5996e0,277,197,173,104,19,1.6842105263157894,3,1.5,2,1,6,6,2.0,3,1.8,1.0,1.0,1,robustness,synthetic_ring_6q_transpiler,ring,transpiler,SYNTHETIC_TARGET,"{""edges"": [[0, 1], [0, 5], [1, 0], [1, 2], [2, 1], [2, 3], [3, 2], [3, 4], [4, 3], [4, 5], [5, 0], [5, 4]], ""seed"": 7, ""basis"": [""id"", ""rz"", ""sx"", ""x"", ""ecr""], ""nodes"": 6}",ff4a6017b79ba46163d089d132c4bc654811d5fa5518090a9b65bf0d23d86ee8,null,N4_x1_t0.16_r2_reversed__synthetic_ring_6q_transpiler__seed7,identity proxy before selection when layout is transpiler,dabd84c4a3325ef21b50a394178e913fd5ef5dba3253c4dc929ef5785b340571_synthetic_ring_6q_transpiler,teleport,29,v0.4.0,dabd84c4a3325ef21b50a394178e913fd5ef5dba3253c4dc929ef5785b340571_synthetic_ring_6q_transpiler_29,68,60,310,2.5430322000000054e-05,-36,0.007766059003188275,True,,9.943324076960315e-14,1e-10,logical Operator.equiv + routed zero/3 random states,"[1, 0, 5, 4]"
4,1.0,0.16,2,reversed,dabd84c4a3325ef21b50a394178e913fd5ef5dba3253c4dc929ef5785b340571,63750b2d38357d5cd9f9fb922cc3dfb8e294b61159a2362da953e87c8d5996e0,277,197,173,104,19,1.6842105263157894,3,1.5,2,1,6,6,2.0,3,1.8,1.0,1.0,1,robustness,synthetic_ring_6q_transpiler,ring,transpiler,SYNTHETIC_TARGET,"{""edges"": [[0, 1], [0, 5], [1, 0], [1, 2], [2, 1], [2, 3], [3, 2], [3, 4], [4, 3], [4, 5], [5, 0], [5, 4]], ""seed"": 7, ""basis"": [""id"", ""rz"", ""sx"", ""x"", ""ecr""], ""nodes"": 6}",ff4a6017b79ba46163d089d132c4bc654811d5fa5518090a9b65bf0d23d86ee8,null,N4_x1_t0.16_r2_reversed__synthetic_ring_6q_transpiler__seed7,identity proxy before selection when layout is transpiler,dabd84c4a3325ef21b50a394178e913fd5ef5dba3253c4dc929ef5785b340571_synthetic_ring_6q_transpiler,basic,37,v0.4.0,dabd84c4a3325ef21b50a394178e913fd5ef5dba3253c4dc929ef5785b340571_synthetic_ring_6q_transpiler_37,72,64,347,3.638557800000002e-05,-22,0.006868698998005129,True,,3.795989017898017e-14,1e-10,logical Operator.equiv + routed zero/3 random states,"[0, 5, 4, 3]"
4,1.0,0.16,2,reversed,dabd84c4a3325ef21b50a394178e913fd5ef5dba3253c4dc929ef5785b340571,63750b2d38357d5cd9f9fb922cc3dfb8e294b61159a2362da953e87c8d5996e0,277,197,173,104,19,1.6842105263157894,3,1.5,2,1,6,6,2.0,3,1.8,1.0,1.0,1,robustness,synthetic_ring_6q_transpiler,ring,transpiler,SYNTHETIC_TARGET,"{""edges"": [[0, 1], [0, 5], [1, 0], [1, 2], [2, 1], [2, 3], [3, 2], [3, 4], [4, 3], [4, 5], [5, 0], [5, 4]], ""seed"": 7, ""basis"": [""id"", ""rz"", ""sx"", ""x"", ""ecr""], ""nodes"": 6}",ff4a6017b79ba46163d089d132c4bc654811d5fa5518090a9b65bf0d23d86ee8,null,N4_x1_t0.16_r2_reversed__synthetic_ring_6q_transpiler__seed7,identity proxy before selection when layout is transpiler,dabd84c4a3325ef21b50a394178e913fd5ef5dba3253c4dc929ef5785b340571_synthetic_ring_6q_transpiler,teleport,37,v0.4.0,dabd84c4a3325ef21b50a394178e913fd5ef5dba3253c4dc929ef5785b340571_synthetic_ring_6q_transpiler_37,68,60,223,3.2091432000000024e-05,-36,0.006325941998511553,True,,4.8246376311112054e-14,1e-10,logical Operator.equiv + routed zero/3 random states,"[3, 4, 5, 0]"
4,1.0,0.16,2,reversed,dabd84c4a3325ef21b50a394178e913fd5ef5dba3253c4dc929ef5785b340571,63750b2d38357d5cd9f9fb922cc3dfb8e294b61159a2362da953e87c8d5996e0,277,197,173,104,19,1.6842105263157894,3,1.5,2,1,6,6,2.0,3,1.8,1.0,1.0,1,robustness,synthetic_ring_6q_transpiler,ring,transpiler,SYNTHETIC_TARGET,"{""edges"": [[0, 1], [0, 5], [1, 0], [1, 2], [2, 1], [2, 3], [3, 2], [3, 4], [4, 3], [4, 5], [5, 0], [5, 4]], ""seed"": 7, ""basis"": [""id"", ""rz"", ""sx"", ""x"", ""ecr""], ""nodes"": 6}",ff4a6017b79ba46163d089d132c4bc654811d5fa5518090a9b65bf0d23d86ee8,null,N4_x1_t0.16_r2_reversed__synthetic_ring_6q_transpiler__seed7,identity proxy before selection when layout is transpiler,dabd84c4a3325ef21b50a394178e913fd5ef5dba3253c4dc929ef5785b340571_synthetic_ring_6q_transpiler,basic,47,v0.4.0,dabd84c4a3325ef21b50a394178e913fd5ef5dba3253c4dc929ef5785b340571_synthetic_ring_6q_transpiler_47,72,64,319,3.521474999999995e-05,-22,0.008191665998310782,True,,7.818130314072535e-14,1e-10,logical Operator.equiv + routed zero/3 random states,"[3, 2, 1, 0]"
4,1.0,0.16,2,reversed,dabd84c4a3325ef21b50a394178e913fd5ef5dba3253c4dc929ef5785b340571,63750b2d38357d5cd9f9fb922cc3dfb8e294b61159a2362da953e87c8d5996e0,277,197,173,104,19,1.6842105263157894,3,1.5,2,1,6,6,2.0,3,1.8,1.0,1.0,1,robustness,synthetic_ring_6q_transpiler,ring,transpiler,SYNTHETIC_TARGET,"{""edges"": [[0, 1], [0, 5], [1, 0], [1, 2], [2, 1], [2, 3], [3, 2], [3, 4], [4, 3], [4, 5], [5, 0], [5, 4]], ""seed"": 7, ""basis"": [""id"", ""rz"", ""sx"", ""x"", ""ecr""], ""nodes"": 6}",ff4a6017b79ba46163d089d132c4bc654811d5fa5518090a9b65bf0d23d86ee8,null,N4_x1_t0.16_r2_reversed__synthetic_ring_6q_transpiler__seed7,identity proxy before selection when layout is transpiler,dabd84c4a3325ef21b50a394178e913fd5ef5dba3253c4dc929ef5785b340571_synthetic_ring_6q_transpiler,teleport,47,v0.4.0,dabd84c4a3325ef21b50a394178e913fd5ef5dba3253c4dc929ef5785b340571_synthetic_ring_6q_transpiler_47,68,60,285,3.298165199999996e-05,-36,0.0072202149967779405,True,,7.256966346168188e-14,1e-10,logical Operator.equiv + routed zero/3 random states,"[3, 2, 1, 0]"
4,1.0,0.16,2,reversed,dabd84c4a3325ef21b50a394178e913fd5ef5dba3253c4dc929ef5785b340571,63750b2d38357d5cd9f9fb922cc3dfb8e294b61159a2362da953e87c8d5996e0,277,197,173,104,19,1.6842105263157894,3,1.5,2,1,6,7,2.3333333333333335,3,1.6666666666666667,1.6153846153846154,3.0,1,robustness,synthetic_grid_6q_transpiler,grid,transpiler,SYNTHETIC_TARGET,"{""edges"": [[0, 1], [0, 3], [1, 0], [1, 2], [1, 4], [2, 1], [2, 5], [3, 0], [3, 4], [4, 1], [4, 3], [4, 5], [5, 2], [5, 4]], ""seed"": 7, ""basis"": [""id"", ""rz"", ""sx"", ""x"", ""ecr""], ""nodes"": 6}",1dc9d7c7422ee8d9e756c16f45c753640fd9bb0d83eb6013019055e1f800f374,null,N4_x1_t0.16_r2_reversed__synthetic_grid_6q_transpiler__seed7,identity proxy before selection when layout is transpiler,dabd84c4a3325ef21b50a394178e913fd5ef5dba3253c4dc929ef5785b340571_synthetic_grid_6q_transpiler,basic,11,v0.4.0,dabd84c4a3325ef21b50a394178e913fd5ef5dba3253c4dc929ef5785b340571_synthetic_grid_6q_transpiler_11,72,64,285,2.8903956000000023e-05,-22,0.007294625000213273,True,,9.40085730275644e-14,1e-10,logical Operator.equiv + routed zero/3 random states,"[2, 5, 4, 1]"
4,1.0,0.16,2,reversed,dabd84c4a3325ef21b50a394178e913fd5ef5dba3253c4dc929ef5785b340571,63750b2d38357d5cd9f9fb922cc3dfb8e294b61159a2362da953e87c8d5996e0,277,197,173,104,19,1.6842105263157894,3,1.5,2,1,6,7,2.3333333333333335,3,1.6666666666666667,1.6153846153846154,3.0,1,robustness,synthetic_grid_6q_transpiler,grid,transpiler,SYNTHETIC_TARGET,"{""edges"": [[0, 1], [0, 3], [1, 0], [1, 2], [1, 4], [2, 1], [2, 5], [3, 0], [3, 4], [4, 1], [4, 3], [4, 5], [5, 2], [5, 4]], ""seed"": 7, ""basis"": [""id"", ""rz"", ""sx"", ""x"", ""ecr""], ""nodes"": 6}",1dc9d7c7422ee8d9e756c16f45c753640fd9bb0d83eb6013019055e1f800f374,null,N4_x1_t0.16_r2_reversed__synthetic_grid_6q_transpiler__seed7,identity proxy before selection when layout is transpiler,dabd84c4a3325ef21b50a394178e913fd5ef5dba3253c4dc929ef5785b340571_synthetic_grid_6q_transpiler,teleport,11,v0.4.0,dabd84c4a3325ef21b50a394178e913fd5ef5dba3253c4dc929ef5785b340571_synthetic_grid_6q_transpiler_11,68,60,233,2.6159814000000005e-05,-36,0.0064908349959296174,True,,4.286959845414915e-14,1e-10,logical Operator.equiv + routed zero/3 random states,"[2, 5, 4, 1]"
4,1.0,0.16,2,reversed,dabd84c4a3325ef21b50a394178e913fd5ef5dba3253c4dc929ef5785b340571,63750b2d38357d5cd9f9fb922cc3dfb8e294b61159a2362da953e87c8d5996e0,277,197,173,104,19,1.6842105263157894,3,1.5,2,1,6,7,2.3333333333333335,3,1.6666666666666667,1.6153846153846154,3.0,1,robustness,synthetic_grid_6q_transpiler,grid,transpiler,SYNTHETIC_TARGET,"{""edges"": [[0, 1], [0, 3], [1, 0], [1, 2], [1, 4], [2, 1], [2, 5], [3, 0], [3, 4], [4, 1], [4, 3], [4, 5], [5, 2], [5, 4]], ""seed"": 7, ""basis"": [""id"", ""rz"", ""sx"", ""x"", ""ecr""], ""nodes"": 6}",1dc9d7c7422ee8d9e756c16f45c753640fd9bb0d83eb6013019055e1f800f374,null,N4_x1_t0.16_r2_reversed__synthetic_grid_6q_transpiler__seed7,identity proxy before selection when layout is transpiler,dabd84c4a3325ef21b50a394178e913fd5ef5dba3253c4dc929ef5785b340571_synthetic_grid_6q_transpiler,basic,19,v0.4.0,dabd84c4a3325ef21b50a394178e913fd5ef5dba3253c4dc929ef5785b340571_synthetic_grid_6q_transpiler_19,72,64,268,2.3576844000000015e-05,-22,0.007830012000340503,True,,2.277297435080302e-14,1e-10,logical Operator.equiv + routed zero/3 random states,"[0, 3, 4, 5]"
4,1.0,0.16,2,reversed,dabd84c4a3325ef21b50a394178e913fd5ef5dba3253c4dc929ef5785b340571,63750b2d38357d5cd9f9fb922cc3dfb8e294b61159a2362da953e87c8d5996e0,277,197,173,104,19,1.6842105263157894,3,1.5,2,1,6,7,2.3333333333333335,3,1.6666666666666667,1.6153846153846154,3.0,1,robustness,synthetic_grid_6q_transpiler,grid,transpiler,SYNTHETIC_TARGET,"{""edges"": [[0, 1], [0, 3], [1, 0], [1, 2], [1, 4], [2, 1], [2, 5], [3, 0], [3, 4], [4, 1], [4, 3], [4, 5], [5, 2], [5, 4]], ""seed"": 7, ""basis"": [""id"", ""rz"", ""sx"", ""x"", ""ecr""], ""nodes"": 6}",1dc9d7c7422ee8d9e756c16f45c753640fd9bb0d83eb6013019055e1f800f374,null,N4_x1_t0.16_r2_reversed__synthetic_grid_6q_transpiler__seed7,identity proxy before selection when layout is transpiler,dabd84c4a3325ef21b50a394178e913fd5ef5dba3253c4dc929ef5785b340571_synthetic_grid_6q_transpiler,teleport,19,v0.4.0,dabd84c4a3325ef21b50a394178e913fd5ef5dba3253c4dc929ef5785b340571_synthetic_grid_6q_transpiler_19,68,60,239,2.185656600000001e-05,-36,0.007138583998312242,True,,4.068874613170057e-14,1e-10,logical Operator.equiv + routed zero/3 random states,"[0, 3, 4, 5]"
4,1.0,0.16,2,reversed,dabd84c4a3325ef21b50a394178e913fd5ef5dba3253c4dc929ef5785b340571,63750b2d38357d5cd9f9fb922cc3dfb8e294b61159a2362da953e87c8d5996e0,277,197,173,104,19,1.6842105263157894,3,1.5,2,1,6,7,2.3333333333333335,3,1.6666666666666667,1.6153846153846154,3.0,1,robustness,synthetic_grid_6q_transpiler,grid,transpiler,SYNTHETIC_TARGET,"{""edges"": [[0, 1], [0, 3], [1, 0], [1, 2], [1, 4], [2, 1], [2, 5], [3, 0], [3, 4], [4, 1], [4, 3], [4, 5], [5, 2], [5, 4]], ""seed"": 7, ""basis"": [""id"", ""rz"", ""sx"", ""x"", ""ecr""], ""nodes"": 6}",1dc9d7c7422ee8d9e756c16f45c753640fd9bb0d83eb6013019055e1f800f374,null,N4_x1_t0.16_r2_reversed__synthetic_grid_6q_transpiler__seed7,identity proxy before selection when layout is transpiler,dabd84c4a3325ef21b50a394178e913fd5ef5dba3253c4dc929ef5785b340571_synthetic_grid_6q_transpiler,basic,29,v0.4.0,dabd84c4a3325ef21b50a394178e913fd5ef5dba3253c4dc929ef5785b340571_synthetic_grid_6q_transpiler_29,72,64,285,3.4939692e-05,-22,0.007196919999842066,True,,9.280060415664873e-14,1e-10,logical Operator.equiv + routed zero/3 random states,"[1, 2, 5, 4]"
4,1.0,0.16,2,reversed,dabd84c4a3325ef21b50a394178e913fd5ef5dba3253c4dc929ef5785b340571,63750b2d38357d5cd9f9fb922cc3dfb8e294b61159a2362da953e87c8d5996e0,277,197,173,104,19,1.6842105263157894,3,1.5,2,1,6,7,2.3333333333333335,3,1.6666666666666667,1.6153846153846154,3.0,1,robustness,synthetic_grid_6q_transpiler,grid,transpiler,SYNTHETIC_TARGET,"{""edges"": [[0, 1], [0, 3], [1, 0], [1, 2], [1, 4], [2, 1], [2, 5], [3, 0], [3, 4], [4, 1], [4, 3], [4, 5], [5, 2], [5, 4]], ""seed"": 7, ""basis"": [""id"", ""rz"", ""sx"", ""x"", ""ecr""], ""nodes"": 6}",1dc9d7c7422ee8d9e756c16f45c753640fd9bb0d83eb6013019055e1f800f374,null,N4_x1_t0.16_r2_reversed__synthetic_grid_6q_transpiler__seed7,identity proxy before selection when layout is transpiler,dabd84c4a3325ef21b50a394178e913fd5ef5dba3253c4dc929ef5785b340571_synthetic_grid_6q_transpiler,teleport,29,v0.4.0,dabd84c4a3325ef21b50a394178e913fd5ef5dba3253c4dc929ef5785b340571_synthetic_grid_6q_transpiler_29,68,60,223,3.259825800000001e-05,-36,0.006707143002131488,True,,4.8359046856065446e-14,1e-10,logical Operator.equiv + routed zero/3 random states,"[1, 2, 5, 4]"
4,1.0,0.16,2,reversed,dabd84c4a3325ef21b50a394178e913fd5ef5dba3253c4dc929ef5785b340571,63750b2d38357d5cd9f9fb922cc3dfb8e294b61159a2362da953e87c8d5996e0,277,197,173,104,19,1.6842105263157894,3,1.5,2,1,6,7,2.3333333333333335,3,1.6666666666666667,1.6153846153846154,3.0,1,robustness,synthetic_grid_6q_transpiler,grid,transpiler,SYNTHETIC_TARGET,"{""edges"": [[0, 1], [0, 3], [1, 0], [1, 2], [1, 4], [2, 1], [2, 5], [3, 0], [3, 4], [4, 1], [4, 3], [4, 5], [5, 2], [5, 4]], ""seed"": 7, ""basis"": [""id"", ""rz"", ""sx"", ""x"", ""ecr""], ""nodes"": 6}",1dc9d7c7422ee8d9e756c16f45c753640fd9bb0d83eb6013019055e1f800f374,null,N4_x1_t0.16_r2_reversed__synthetic_grid_6q_transpiler__seed7,identity proxy before selection when layout is transpiler,dabd84c4a3325ef21b50a394178e913fd5ef5dba3253c4dc929ef5785b340571_synthetic_grid_6q_transpiler,basic,37,v0.4.0,dabd84c4a3325ef21b50a394178e913fd5ef5dba3253c4dc929ef5785b340571_synthetic_grid_6q_transpiler_37,72,64,285,2.8903956000000023e-05,-22,0.007080830000631977,True,,9.40085730275644e-14,1e-10,logical Operator.equiv + routed zero/3 random states,"[2, 5, 4, 1]"
4,1.0,0.16,2,reversed,dabd84c4a3325ef21b50a394178e913fd5ef5dba3253c4dc929ef5785b340571,63750b2d38357d5cd9f9fb922cc3dfb8e294b61159a2362da953e87c8d5996e0,277,197,173,104,19,1.6842105263157894,3,1.5,2,1,6,7,2.3333333333333335,3,1.6666666666666667,1.6153846153846154,3.0,1,robustness,synthetic_grid_6q_transpiler,grid,transpiler,SYNTHETIC_TARGET,"{""edges"": [[0, 1], [0, 3], [1, 0], [1, 2], [1, 4], [2, 1], [2, 5], [3, 0], [3, 4], [4, 1], [4, 3], [4, 5], [5, 2], [5, 4]], ""seed"": 7, ""basis"": [""id"", ""rz"", ""sx"", ""x"", ""ecr""], ""nodes"": 6}",1dc9d7c7422ee8d9e756c16f45c753640fd9bb0d83eb6013019055e1f800f374,null,N4_x1_t0.16_r2_reversed__synthetic_grid_6q_transpiler__seed7,identity proxy before selection when layout is transpiler,dabd84c4a3325ef21b50a394178e913fd5ef5dba3253c4dc929ef5785b340571_synthetic_grid_6q_transpiler,teleport,37,v0.4.0,dabd84c4a3325ef21b50a394178e913fd5ef5dba3253c4dc929ef5785b340571_synthetic_grid_6q_transpiler_37,68,60,233,2.6159814000000005e-05,-36,0.0076372170005925,True,,4.286959845414915e-14,1e-10,logical Operator.equiv + routed zero/3 random states,"[2, 5, 4, 1]"
4,1.0,0.16,2,reversed,dabd84c4a3325ef21b50a394178e913fd5ef5dba3253c4dc929ef5785b340571,63750b2d38357d5cd9f9fb922cc3dfb8e294b61159a2362da953e87c8d5996e0,277,197,173,104,19,1.6842105263157894,3,1.5,2,1,6,7,2.3333333333333335,3,1.6666666666666667,1.6153846153846154,3.0,1,robustness,synthetic_grid_6q_transpiler,grid,transpiler,SYNTHETIC_TARGET,"{""edges"": [[0, 1], [0, 3], [1, 0], [1, 2], [1, 4], [2, 1], [2, 5], [3, 0], [3, 4], [4, 1], [4, 3], [4, 5], [5, 2], [5, 4]], ""seed"": 7, ""basis"": [""id"", ""rz"", ""sx"", ""x"", ""ecr""], ""nodes"": 6}",1dc9d7c7422ee8d9e756c16f45c753640fd9bb0d83eb6013019055e1f800f374,null,N4_x1_t0.16_r2_reversed__synthetic_grid_6q_transpiler__seed7,identity proxy before selection when layout is transpiler,dabd84c4a3325ef21b50a394178e913fd5ef5dba3253c4dc929ef5785b340571_synthetic_grid_6q_transpiler,basic,47,v0.4.0,dabd84c4a3325ef21b50a394178e913fd5ef5dba3253c4dc929ef5785b340571_synthetic_grid_6q_transpiler_47,72,64,235,4.164342599999997e-05,-22,0.007619210002303589,True,,3.70568950753212e-14,1e-10,logical Operator.equiv + routed zero/3 random states,"[0, 1, 4, 5]"
4,1.0,0.16,2,reversed,dabd84c4a3325ef21b50a394178e913fd5ef5dba3253c4dc929ef5785b340571,63750b2d38357d5cd9f9fb922cc3dfb8e294b61159a2362da953e87c8d5996e0,277,197,173,104,19,1.6842105263157894,3,1.5,2,1,6,7,2.3333333333333335,3,1.6666666666666667,1.6153846153846154,3.0,1,robustness,synthetic_grid_6q_transpiler,grid,transpiler,SYNTHETIC_TARGET,"{""edges"": [[0, 1], [0, 3], [1, 0], [1, 2], [1, 4], [2, 1], [2, 5], [3, 0], [3, 4], [4, 1], [4, 3], [4, 5], [5, 2], [5, 4]], ""seed"": 7, ""basis"": [""id"", ""rz"", ""sx"", ""x"", ""ecr""], ""nodes"": 6}",1dc9d7c7422ee8d9e756c16f45c753640fd9bb0d83eb6013019055e1f800f374,null,N4_x1_t0.16_r2_reversed__synthetic_grid_6q_transpiler__seed7,identity proxy before selection when layout is transpiler,dabd84c4a3325ef21b50a394178e913fd5ef5dba3253c4dc929ef5785b340571_synthetic_grid_6q_transpiler,teleport,47,v0.4.0,dabd84c4a3325ef21b50a394178e913fd5ef5dba3253c4dc929ef5785b340571_synthetic_grid_6q_transpiler_47,68,60,217,3.5154144e-05,-36,0.007274184994457755,True,,2.7975320929084334e-14,1e-10,logical Operator.equiv + routed zero/3 random states,"[0, 1, 2, 5]"
4,1.0,0.16,2,reversed,dabd84c4a3325ef21b50a394178e913fd5ef5dba3253c4dc929ef5785b340571,63750b2d38357d5cd9f9fb922cc3dfb8e294b61159a2362da953e87c8d5996e0,277,197,173,104,19,1.6842105263157894,3,1.5,2,1,7,7,2.0,5,2.2857142857142856,1.0,1.0,1,robustness,synthetic_heavy_hex_like_7q_transpiler,heavy_hex_like,transpiler,SYNTHETIC_TARGET,"{""edges"": [[0, 1], [0, 3], [1, 0], [1, 2], [2, 1], [2, 3], [3, 0], [3, 2], [3, 4], [4, 3], [4, 5], [5, 4], [5, 6], [6, 5]], ""seed"": 7, ""basis"": [""id"", ""rz"", ""sx"", ""x"", ""ecr""], ""nodes"": 7}",a56c42c5929ac738475a61ad56ac38f9ce297f29f090779c0473725bc68476b5,null,N4_x1_t0.16_r2_reversed__synthetic_heavy_hex_like_7q_transpiler__seed7,identity proxy before selection when layout is transpiler,dabd84c4a3325ef21b50a394178e913fd5ef5dba3253c4dc929ef5785b340571_synthetic_heavy_hex_like_7q_transpiler,basic,11,v0.4.0,dabd84c4a3325ef21b50a394178e913fd5ef5dba3253c4dc929ef5785b340571_synthetic_heavy_hex_like_7q_transpiler_11,72,64,285,1.924962e-05,-22,0.007048589002806693,True,,9.350779277926773e-14,1e-10,logical Operator.equiv + routed zero/3 random states,"[0, 3, 4, 5]"
4,1.0,0.16,2,reversed,dabd84c4a3325ef21b50a394178e913fd5ef5dba3253c4dc929ef5785b340571,63750b2d38357d5cd9f9fb922cc3dfb8e294b61159a2362da953e87c8d5996e0,277,197,173,104,19,1.6842105263157894,3,1.5,2,1,7,7,2.0,5,2.2857142857142856,1.0,1.0,1,robustness,synthetic_heavy_hex_like_7q_transpiler,heavy_hex_like,transpiler,SYNTHETIC_TARGET,"{""edges"": [[0, 1], [0, 3], [1, 0], [1, 2], [2, 1], [2, 3], [3, 0], [3, 2], [3, 4], [4, 3], [4, 5], [5, 4], [5, 6], [6, 5]], ""seed"": 7, ""basis"": [""id"", ""rz"", ""sx"", ""x"", ""ecr""], ""nodes"": 7}",a56c42c5929ac738475a61ad56ac38f9ce297f29f090779c0473725bc68476b5,null,N4_x1_t0.16_r2_reversed__synthetic_heavy_hex_like_7q_transpiler__seed7,identity proxy before selection when layout is transpiler,dabd84c4a3325ef21b50a394178e913fd5ef5dba3253c4dc929ef5785b340571_synthetic_heavy_hex_like_7q_transpiler,teleport,11,v0.4.0,dabd84c4a3325ef21b50a394178e913fd5ef5dba3253c4dc929ef5785b340571_synthetic_heavy_hex_like_7q_transpiler_11,68,60,233,2.2871993999999984e-05,-36,0.0074495279986876994,True,,4.257257459394261e-14,1e-10,logical Operator.equiv + routed zero/3 random states,"[2, 3, 4, 5]"
4,1.0,0.16,2,reversed,dabd84c4a3325ef21b50a394178e913fd5ef5dba3253c4dc929ef5785b340571,63750b2d38357d5cd9f9fb922cc3dfb8e294b61159a2362da953e87c8d5996e0,277,197,173,104,19,1.6842105263157894,3,1.5,2,1,7,7,2.0,5,2.2857142857142856,1.0,1.0,1,robustness,synthetic_heavy_hex_like_7q_transpiler,heavy_hex_like,transpiler,SYNTHETIC_TARGET,"{""edges"": [[0, 1], [0, 3], [1, 0], [1, 2], [2, 1], [2, 3], [3, 0], [3, 2], [3, 4], [4, 3], [4, 5], [5, 4], [5, 6], [6, 5]], ""seed"": 7, ""basis"": [""id"", ""rz"", ""sx"", ""x"", ""ecr""], ""nodes"": 7}",a56c42c5929ac738475a61ad56ac38f9ce297f29f090779c0473725bc68476b5,null,N4_x1_t0.16_r2_reversed__synthetic_heavy_hex_like_7q_transpiler__seed7,identity proxy before selection when layout is transpiler,dabd84c4a3325ef21b50a394178e913fd5ef5dba3253c4dc929ef5785b340571_synthetic_heavy_hex_like_7q_transpiler,basic,19,v0.4.0,dabd84c4a3325ef21b50a394178e913fd5ef5dba3253c4dc929ef5785b340571_synthetic_heavy_hex_like_7q_transpiler_19,72,64,357,3.109376399999996e-05,-22,0.007854447998397518,True,,4.5224022763758276e-14,1e-10,logical Operator.equiv + routed zero/3 random states,"[5, 4, 3, 2]"
4,1.0,0.16,2,reversed,dabd84c4a3325ef21b50a394178e913fd5ef5dba3253c4dc929ef5785b340571,63750b2d38357d5cd9f9fb922cc3dfb8e294b61159a2362da953e87c8d5996e0,277,197,173,104,19,1.6842105263157894,3,1.5,2,1,7,7,2.0,5,2.2857142857142856,1.0,1.0,1,robustness,synthetic_heavy_hex_like_7q_transpiler,heavy_hex_like,transpiler,SYNTHETIC_TARGET,"{""edges"": [[0, 1], [0, 3], [1, 0], [1, 2], [2, 1], [2, 3], [3, 0], [3, 2], [3, 4], [4, 3], [4, 5], [5, 4], [5, 6], [6, 5]], ""seed"": 7, ""basis"": [""id"", ""rz"", ""sx"", ""x"", ""ecr""], ""nodes"": 7}",a56c42c5929ac738475a61ad56ac38f9ce297f29f090779c0473725bc68476b5,null,N4_x1_t0.16_r2_reversed__synthetic_heavy_hex_like_7q_transpiler__seed7,identity proxy before selection when layout is transpiler,dabd84c4a3325ef21b50a394178e913fd5ef5dba3253c4dc929ef5785b340571_synthetic_heavy_hex_like_7q_transpiler,teleport,19,v0.4.0,dabd84c4a3325ef21b50a394178e913fd5ef5dba3253c4dc929ef5785b340571_synthetic_heavy_hex_like_7q_transpiler_19,68,60,334,2.9761319999999963e-05,-36,0.00885935200494714,True,,1.0223255384832044e-13,1e-10,logical Operator.equiv + routed zero/3 random states,"[5, 4, 3, 2]"
4,1.0,0.16,2,reversed,dabd84c4a3325ef21b50a394178e913fd5ef5dba3253c4dc929ef5785b340571,63750b2d38357d5cd9f9fb922cc3dfb8e294b61159a2362da953e87c8d5996e0,277,197,173,104,19,1.6842105263157894,3,1.5,2,1,7,7,2.0,5,2.2857142857142856,1.0,1.0,1,robustness,synthetic_heavy_hex_like_7q_transpiler,heavy_hex_like,transpiler,SYNTHETIC_TARGET,"{""edges"": [[0, 1], [0, 3], [1, 0], [1, 2], [2, 1], [2, 3], [3, 0], [3, 2], [3, 4], [4, 3], [4, 5], [5, 4], [5, 6], [6, 5]], ""seed"": 7, ""basis"": [""id"", ""rz"", ""sx"", ""x"", ""ecr""], ""nodes"": 7}",a56c42c5929ac738475a61ad56ac38f9ce297f29f090779c0473725bc68476b5,null,N4_x1_t0.16_r2_reversed__synthetic_heavy_hex_like_7q_transpiler__seed7,identity proxy before selection when layout is transpiler,dabd84c4a3325ef21b50a394178e913fd5ef5dba3253c4dc929ef5785b340571_synthetic_heavy_hex_like_7q_transpiler,basic,29,v0.4.0,dabd84c4a3325ef21b50a394178e913fd5ef5dba3253c4dc929ef5785b340571_synthetic_heavy_hex_like_7q_transpiler_29,72,64,285,2.5487375999999983e-05,-22,0.00784607099922141,True,,9.350779277926773e-14,1e-10,logical Operator.equiv + routed zero/3 random states,"[2, 3, 4, 5]"
4,1.0,0.16,2,reversed,dabd84c4a3325ef21b50a394178e913fd5ef5dba3253c4dc929ef5785b340571,63750b2d38357d5cd9f9fb922cc3dfb8e294b61159a2362da953e87c8d5996e0,277,197,173,104,19,1.6842105263157894,3,1.5,2,1,7,7,2.0,5,2.2857142857142856,1.0,1.0,1,robustness,synthetic_heavy_hex_like_7q_transpiler,heavy_hex_like,transpiler,SYNTHETIC_TARGET,"{""edges"": [[0, 1], [0, 3], [1, 0], [1, 2], [2, 1], [2, 3], [3, 0], [3, 2], [3, 4], [4, 3], [4, 5], [5, 4], [5, 6], [6, 5]], ""seed"": 7, ""basis"": [""id"", ""rz"", ""sx"", ""x"", ""ecr""], ""nodes"": 7}",a56c42c5929ac738475a61ad56ac38f9ce297f29f090779c0473725bc68476b5,null,N4_x1_t0.16_r2_reversed__synthetic_heavy_hex_like_7q_transpiler__seed7,identity proxy before selection when layout is transpiler,dabd84c4a3325ef21b50a394178e913fd5ef5dba3253c4dc929ef5785b340571_synthetic_heavy_hex_like_7q_transpiler,teleport,29,v0.4.0,dabd84c4a3325ef21b50a394178e913fd5ef5dba3253c4dc929ef5785b340571_synthetic_heavy_hex_like_7q_transpiler_29,68,60,233,2.2871993999999984e-05,-36,0.007156754996685777,True,,4.257257459394261e-14,1e-10,logical Operator.equiv + routed zero/3 random states,"[2, 3, 4, 5]"
4,1.0,0.16,2,reversed,dabd84c4a3325ef21b50a394178e913fd5ef5dba3253c4dc929ef5785b340571,63750b2d38357d5cd9f9fb922cc3dfb8e294b61159a2362da953e87c8d5996e0,277,197,173,104,19,1.6842105263157894,3,1.5,2,1,7,7,2.0,5,2.2857142857142856,1.0,1.0,1,robustness,synthetic_heavy_hex_like_7q_transpiler,heavy_hex_like,transpiler,SYNTHETIC_TARGET,"{""edges"": [[0, 1], [0, 3], [1, 0], [1, 2], [2, 1], [2, 3], [3, 0], [3, 2], [3, 4], [4, 3], [4, 5], [5, 4], [5, 6], [6, 5]], ""seed"": 7, ""basis"": [""id"", ""rz"", ""sx"", ""x"", ""ecr""], ""nodes"": 7}",a56c42c5929ac738475a61ad56ac38f9ce297f29f090779c0473725bc68476b5,null,N4_x1_t0.16_r2_reversed__synthetic_heavy_hex_like_7q_transpiler__seed7,identity proxy before selection when layout is transpiler,dabd84c4a3325ef21b50a394178e913fd5ef5dba3253c4dc929ef5785b340571_synthetic_heavy_hex_like_7q_transpiler,basic,37,v0.4.0,dabd84c4a3325ef21b50a394178e913fd5ef5dba3253c4dc929ef5785b340571_synthetic_heavy_hex_like_7q_transpiler_37,72,64,320,3.0393132000000006e-05,-22,0.008258729001681786,True,,5.165920345429194e-14,1e-10,logical Operator.equiv + routed zero/3 random states,"[6, 5, 4, 3]"
4,1.0,0.16,2,reversed,dabd84c4a3325ef21b50a394178e913fd5ef5dba3253c4dc929ef5785b340571,63750b2d38357d5cd9f9fb922cc3dfb8e294b61159a2362da953e87c8d5996e0,277,197,173,104,19,1.6842105263157894,3,1.5,2,1,7,7,2.0,5,2.2857142857142856,1.0,1.0,1,robustness,synthetic_heavy_hex_like_7q_transpiler,heavy_hex_like,transpiler,SYNTHETIC_TARGET,"{""edges"": [[0, 1], [0, 3], [1, 0], [1, 2], [2, 1], [2, 3], [3, 0], [3, 2], [3, 4], [4, 3], [4, 5], [5, 4], [5, 6], [6, 5]], ""seed"": 7, ""basis"": [""id"", ""rz"", ""sx"", ""x"", ""ecr""], ""nodes"": 7}",a56c42c5929ac738475a61ad56ac38f9ce297f29f090779c0473725bc68476b5,null,N4_x1_t0.16_r2_reversed__synthetic_heavy_hex_like_7q_transpiler__seed7,identity proxy before selection when layout is transpiler,dabd84c4a3325ef21b50a394178e913fd5ef5dba3253c4dc929ef5785b340571_synthetic_heavy_hex_like_7q_transpiler,teleport,37,v0.4.0,dabd84c4a3325ef21b50a394178e913fd5ef5dba3253c4dc929ef5785b340571_synthetic_heavy_hex_like_7q_transpiler_37,68,60,271,3.0694386000000004e-05,-36,0.007120487003703602,True,,5.513587635486162e-14,1e-10,logical Operator.equiv + routed zero/3 random states,"[6, 5, 4, 3]"
4,1.0,0.16,2,reversed,dabd84c4a3325ef21b50a394178e913fd5ef5dba3253c4dc929ef5785b340571,63750b2d38357d5cd9f9fb922cc3dfb8e294b61159a2362da953e87c8d5996e0,277,197,173,104,19,1.6842105263157894,3,1.5,2,1,7,7,2.0,5,2.2857142857142856,1.0,1.0,1,robustness,synthetic_heavy_hex_like_7q_transpiler,heavy_hex_like,transpiler,SYNTHETIC_TARGET,"{""edges"": [[0, 1], [0, 3], [1, 0], [1, 2], [2, 1], [2, 3], [3, 0], [3, 2], [3, 4], [4, 3], [4, 5], [5, 4], [5, 6], [6, 5]], ""seed"": 7, ""basis"": [""id"", ""rz"", ""sx"", ""x"", ""ecr""], ""nodes"": 7}",a56c42c5929ac738475a61ad56ac38f9ce297f29f090779c0473725bc68476b5,null,N4_x1_t0.16_r2_reversed__synthetic_heavy_hex_like_7q_transpiler__seed7,identity proxy before selection when layout is transpiler,dabd84c4a3325ef21b50a394178e913fd5ef5dba3253c4dc929ef5785b340571_synthetic_heavy_hex_like_7q_transpiler,basic,47,v0.4.0,dabd84c4a3325ef21b50a394178e913fd5ef5dba3253c4dc929ef5785b340571_synthetic_heavy_hex_like_7q_transpiler_47,72,64,324,2.5428767999999968e-05,-22,0.008158094002283178,True,,9.742965347670804e-14,1e-10,logical Operator.equiv + routed zero/3 random states,"[3, 2, 1, 0]"
4,1.0,0.16,2,reversed,dabd84c4a3325ef21b50a394178e913fd5ef5dba3253c4dc929ef5785b340571,63750b2d38357d5cd9f9fb922cc3dfb8e294b61159a2362da953e87c8d5996e0,277,197,173,104,19,1.6842105263157894,3,1.5,2,1,7,7,2.0,5,2.2857142857142856,1.0,1.0,1,robustness,synthetic_heavy_hex_like_7q_transpiler,heavy_hex_like,transpiler,SYNTHETIC_TARGET,"{""edges"": [[0, 1], [0, 3], [1, 0], [1, 2], [2, 1], [2, 3], [3, 0], [3, 2], [3, 4], [4, 3], [4, 5], [5, 4], [5, 6], [6, 5]], ""seed"": 7, ""basis"": [""id"", ""rz"", ""sx"", ""x"", ""ecr""], ""nodes"": 7}",a56c42c5929ac738475a61ad56ac38f9ce297f29f090779c0473725bc68476b5,null,N4_x1_t0.16_r2_reversed__synthetic_heavy_hex_like_7q_transpiler__seed7,identity proxy before selection when layout is transpiler,dabd84c4a3325ef21b50a394178e913fd5ef5dba3253c4dc929ef5785b340571_synthetic_heavy_hex_like_7q_transpiler,teleport,47,v0.4.0,dabd84c4a3325ef21b50a394178e913fd5ef5dba3253c4dc929ef5785b340571_synthetic_heavy_hex_like_7q_transpiler_47,68,60,290,2.3341967999999977e-05,-36,0.008112660005281214,True,,8.530140972231437e-14,1e-10,logical Operator.equiv + routed zero/3 random states,"[3, 2, 1, 0]"
4,1.0,0.16,2,reversed,dabd84c4a3325ef21b50a394178e913fd5ef5dba3253c4dc929ef5785b340571,63750b2d38357d5cd9f9fb922cc3dfb8e294b61159a2362da953e87c8d5996e0,277,197,173,104,19,1.6842105263157894,3,1.5,2,1,7,8,2.2857142857142856,3,1.8095238095238095,1.0,1.0,1,robustness,synthetic_irregular_7q_favorable,irregular,favorable,SYNTHETIC_TARGET,"{""edges"": [[0, 1], [0, 3], [1, 0], [1, 2], [2, 1], [2, 3], [2, 6], [3, 0], [3, 2], [3, 4], [4, 3], [4, 5], [5, 4], [5, 6], [6, 2], [6, 5]], ""seed"": 7, ""basis"": [""id"", ""rz"", ""sx"", ""x"", ""ecr""], ""nodes"": 7}",c8b003a1553d070cddc2acc63823ce20487791b575f8614922ec632ce2dbf9e1,"[0, 1, 2, 3]",N4_x1_t0.16_r2_reversed__synthetic_irregular_7q_favorable__seed7,identity proxy before selection when layout is transpiler,dabd84c4a3325ef21b50a394178e913fd5ef5dba3253c4dc929ef5785b340571_synthetic_irregular_7q_favorable,basic,11,v0.4.0,dabd84c4a3325ef21b50a394178e913fd5ef5dba3253c4dc929ef5785b340571_synthetic_irregular_7q_favorable_11,72,64,252,2.3175911999999975e-05,-22,0.007484310001018457,True,,2.4250496085204756e-14,1e-10,logical Operator.equiv + routed zero/3 random states,"[0, 1, 2, 3]"
4,1.0,0.16,2,reversed,dabd84c4a3325ef21b50a394178e913fd5ef5dba3253c4dc929ef5785b340571,63750b2d38357d5cd9f9fb922cc3dfb8e294b61159a2362da953e87c8d5996e0,277,197,173,104,19,1.6842105263157894,3,1.5,2,1,7,8,2.2857142857142856,3,1.8095238095238095,1.0,1.0,1,robustness,synthetic_irregular_7q_favorable,irregular,favorable,SYNTHETIC_TARGET,"{""edges"": [[0, 1], [0, 3], [1, 0], [1, 2], [2, 1], [2, 3], [2, 6], [3, 0], [3, 2], [3, 4], [4, 3], [4, 5], [5, 4], [5, 6], [6, 2], [6, 5]], ""seed"": 7, ""basis"": [""id"", ""rz"", ""sx"", ""x"", ""ecr""], ""nodes"": 7}",c8b003a1553d070cddc2acc63823ce20487791b575f8614922ec632ce2dbf9e1,"[0, 1, 2, 3]",N4_x1_t0.16_r2_reversed__synthetic_irregular_7q_favorable__seed7,identity proxy before selection when layout is transpiler,dabd84c4a3325ef21b50a394178e913fd5ef5dba3253c4dc929ef5785b340571_synthetic_irregular_7q_favorable,teleport,11,v0.4.0,dabd84c4a3325ef21b50a394178e913fd5ef5dba3253c4dc929ef5785b340571_synthetic_irregular_7q_favorable_11,68,60,230,2.295746399999999e-05,-36,0.007295589995919727,True,,5.0158019088810624e-14,1e-10,logical Operator.equiv + routed zero/3 random states,"[0, 1, 2, 3]"
4,1.0,0.16,2,reversed,dabd84c4a3325ef21b50a394178e913fd5ef5dba3253c4dc929ef5785b340571,63750b2d38357d5cd9f9fb922cc3dfb8e294b61159a2362da953e87c8d5996e0,277,197,173,104,19,1.6842105263157894,3,1.5,2,1,7,8,2.2857142857142856,3,1.8095238095238095,1.0,1.0,1,robustness,synthetic_irregular_7q_favorable,irregular,favorable,SYNTHETIC_TARGET,"{""edges"": [[0, 1], [0, 3], [1, 0], [1, 2], [2, 1], [2, 3], [2, 6], [3, 0], [3, 2], [3, 4], [4, 3], [4, 5], [5, 4], [5, 6], [6, 2], [6, 5]], ""seed"": 7, ""basis"": [""id"", ""rz"", ""sx"", ""x"", ""ecr""], ""nodes"": 7}",c8b003a1553d070cddc2acc63823ce20487791b575f8614922ec632ce2dbf9e1,"[0, 1, 2, 3]",N4_x1_t0.16_r2_reversed__synthetic_irregular_7q_favorable__seed7,identity proxy before selection when layout is transpiler,dabd84c4a3325ef21b50a394178e913fd5ef5dba3253c4dc929ef5785b340571_synthetic_irregular_7q_favorable,basic,19,v0.4.0,dabd84c4a3325ef21b50a394178e913fd5ef5dba3253c4dc929ef5785b340571_synthetic_irregular_7q_favorable_19,72,64,252,2.3175911999999975e-05,-22,0.008766651997575536,True,,2.4250496085204756e-14,1e-10,logical Operator.equiv + routed zero/3 random states,"[0, 1, 2, 3]"
4,1.0,0.16,2,reversed,dabd84c4a3325ef21b50a394178e913fd5ef5dba3253c4dc929ef5785b340571,63750b2d38357d5cd9f9fb922cc3dfb8e294b61159a2362da953e87c8d5996e0,277,197,173,104,19,1.6842105263157894,3,1.5,2,1,7,8,2.2857142857142856,3,1.8095238095238095,1.0,1.0,1,robustness,synthetic_irregular_7q_favorable,irregular,favorable,SYNTHETIC_TARGET,"{""edges"": [[0, 1], [0, 3], [1, 0], [1, 2], [2, 1], [2, 3], [2, 6], [3, 0], [3, 2], [3, 4], [4, 3], [4, 5], [5, 4], [5, 6], [6, 2], [6, 5]], ""seed"": 7, ""basis"": [""id"", ""rz"", ""sx"", ""x"", ""ecr""], ""nodes"": 7}",c8b003a1553d070cddc2acc63823ce20487791b575f8614922ec632ce2dbf9e1,"[0, 1, 2, 3]",N4_x1_t0.16_r2_reversed__synthetic_irregular_7q_favorable__seed7,identity proxy before selection when layout is transpiler,dabd84c4a3325ef21b50a394178e913fd5ef5dba3253c4dc929ef5785b340571_synthetic_irregular_7q_favorable,teleport,19,v0.4.0,dabd84c4a3325ef21b50a394178e913fd5ef5dba3253c4dc929ef5785b340571_synthetic_irregular_7q_favorable_19,68,60,230,2.295746399999999e-05,-36,0.006550024001626298,True,,5.0158019088810624e-14,1e-10,logical Operator.equiv + routed zero/3 random states,"[0, 1, 2, 3]"
4,1.0,0.16,2,reversed,dabd84c4a3325ef21b50a394178e913fd5ef5dba3253c4dc929ef5785b340571,63750b2d38357d5cd9f9fb922cc3dfb8e294b61159a2362da953e87c8d5996e0,277,197,173,104,19,1.6842105263157894,3,1.5,2,1,7,8,2.2857142857142856,3,1.8095238095238095,1.0,1.0,1,robustness,synthetic_irregular_7q_favorable,irregular,favorable,SYNTHETIC_TARGET,"{""edges"": [[0, 1], [0, 3], [1, 0], [1, 2], [2, 1], [2, 3], [2, 6], [3, 0], [3, 2], [3, 4], [4, 3], [4, 5], [5, 4], [5, 6], [6, 2], [6, 5]], ""seed"": 7, ""basis"": [""id"", ""rz"", ""sx"", ""x"", ""ecr""], ""nodes"": 7}",c8b003a1553d070cddc2acc63823ce20487791b575f8614922ec632ce2dbf9e1,"[0, 1, 2, 3]",N4_x1_t0.16_r2_reversed__synthetic_irregular_7q_favorable__seed7,identity proxy before selection when layout is transpiler,dabd84c4a3325ef21b50a394178e913fd5ef5dba3253c4dc929ef5785b340571_synthetic_irregular_7q_favorable,basic,29,v0.4.0,dabd84c4a3325ef21b50a394178e913fd5ef5dba3253c4dc929ef5785b340571_synthetic_irregular_7q_favorable_29,72,64,252,2.3175911999999975e-05,-22,0.0068459449976217,True,,2.4250496085204756e-14,1e-10,logical Operator.equiv + routed zero/3 random states,"[0, 1, 2, 3]"
4,1.0,0.16,2,reversed,dabd84c4a3325ef21b50a394178e913fd5ef5dba3253c4dc929ef5785b340571,63750b2d38357d5cd9f9fb922cc3dfb8e294b61159a2362da953e87c8d5996e0,277,197,173,104,19,1.6842105263157894,3,1.5,2,1,7,8,2.2857142857142856,3,1.8095238095238095,1.0,1.0,1,robustness,synthetic_irregular_7q_favorable,irregular,favorable,SYNTHETIC_TARGET,"{""edges"": [[0, 1], [0, 3], [1, 0], [1, 2], [2, 1], [2, 3], [2, 6], [3, 0], [3, 2], [3, 4], [4, 3], [4, 5], [5, 4], [5, 6], [6, 2], [6, 5]], ""seed"": 7, ""basis"": [""id"", ""rz"", ""sx"", ""x"", ""ecr""], ""nodes"": 7}",c8b003a1553d070cddc2acc63823ce20487791b575f8614922ec632ce2dbf9e1,"[0, 1, 2, 3]",N4_x1_t0.16_r2_reversed__synthetic_irregular_7q_favorable__seed7,identity proxy before selection when layout is transpiler,dabd84c4a3325ef21b50a394178e913fd5ef5dba3253c4dc929ef5785b340571_synthetic_irregular_7q_favorable,teleport,29,v0.4.0,dabd84c4a3325ef21b50a394178e913fd5ef5dba3253c4dc929ef5785b340571_synthetic_irregular_7q_favorable_29,68,60,230,2.295746399999999e-05,-36,0.006498595001176,True,,5.0158019088810624e-14,1e-10,logical Operator.equiv + routed zero/3 random states,"[0, 1, 2, 3]"
4,1.0,0.16,2,reversed,dabd84c4a3325ef21b50a394178e913fd5ef5dba3253c4dc929ef5785b340571,63750b2d38357d5cd9f9fb922cc3dfb8e294b61159a2362da953e87c8d5996e0,277,197,173,104,19,1.6842105263157894,3,1.5,2,1,7,8,2.2857142857142856,3,1.8095238095238095,1.0,1.0,1,robustness,synthetic_irregular_7q_favorable,irregular,favorable,SYNTHETIC_TARGET,"{""edges"": [[0, 1], [0, 3], [1, 0], [1, 2], [2, 1], [2, 3], [2, 6], [3, 0], [3, 2], [3, 4], [4, 3], [4, 5], [5, 4], [5, 6], [6, 2], [6, 5]], ""seed"": 7, ""basis"": [""id"", ""rz"", ""sx"", ""x"", ""ecr""], ""nodes"": 7}",c8b003a1553d070cddc2acc63823ce20487791b575f8614922ec632ce2dbf9e1,"[0, 1, 2, 3]",N4_x1_t0.16_r2_reversed__synthetic_irregular_7q_favorable__seed7,identity proxy before selection when layout is transpiler,dabd84c4a3325ef21b50a394178e913fd5ef5dba3253c4dc929ef5785b340571_synthetic_irregular_7q_favorable,basic,37,v0.4.0,dabd84c4a3325ef21b50a394178e913fd5ef5dba3253c4dc929ef5785b340571_synthetic_irregular_7q_favorable_37,72,64,252,2.3175911999999975e-05,-22,0.006873267993796617,True,,2.4250496085204756e-14,1e-10,logical Operator.equiv + routed zero/3 random states,"[0, 1, 2, 3]"
4,1.0,0.16,2,reversed,dabd84c4a3325ef21b50a394178e913fd5ef5dba3253c4dc929ef5785b340571,63750b2d38357d5cd9f9fb922cc3dfb8e294b61159a2362da953e87c8d5996e0,277,197,173,104,19,1.6842105263157894,3,1.5,2,1,7,8,2.2857142857142856,3,1.8095238095238095,1.0,1.0,1,robustness,synthetic_irregular_7q_favorable,irregular,favorable,SYNTHETIC_TARGET,"{""edges"": [[0, 1], [0, 3], [1, 0], [1, 2], [2, 1], [2, 3], [2, 6], [3, 0], [3, 2], [3, 4], [4, 3], [4, 5], [5, 4], [5, 6], [6, 2], [6, 5]], ""seed"": 7, ""basis"": [""id"", ""rz"", ""sx"", ""x"", ""ecr""], ""nodes"": 7}",c8b003a1553d070cddc2acc63823ce20487791b575f8614922ec632ce2dbf9e1,"[0, 1, 2, 3]",N4_x1_t0.16_r2_reversed__synthetic_irregular_7q_favorable__seed7,identity proxy before selection when layout is transpiler,dabd84c4a3325ef21b50a394178e913fd5ef5dba3253c4dc929ef5785b340571_synthetic_irregular_7q_favorable,teleport,37,v0.4.0,dabd84c4a3325ef21b50a394178e913fd5ef5dba3253c4dc929ef5785b340571_synthetic_irregular_7q_favorable_37,68,60,230,2.295746399999999e-05,-36,0.006700044003082439,True,,5.0158019088810624e-14,1e-10,logical Operator.equiv + routed zero/3 random states,"[0, 1, 2, 3]"
4,1.0,0.16,2,reversed,dabd84c4a3325ef21b50a394178e913fd5ef5dba3253c4dc929ef5785b340571,63750b2d38357d5cd9f9fb922cc3dfb8e294b61159a2362da953e87c8d5996e0,277,197,173,104,19,1.6842105263157894,3,1.5,2,1,7,8,2.2857142857142856,3,1.8095238095238095,1.0,1.0,1,robustness,synthetic_irregular_7q_favorable,irregular,favorable,SYNTHETIC_TARGET,"{""edges"": [[0, 1], [0, 3], [1, 0], [1, 2], [2, 1], [2, 3], [2, 6], [3, 0], [3, 2], [3, 4], [4, 3], [4, 5], [5, 4], [5, 6], [6, 2], [6, 5]], ""seed"": 7, ""basis"": [""id"", ""rz"", ""sx"", ""x"", ""ecr""], ""nodes"": 7}",c8b003a1553d070cddc2acc63823ce20487791b575f8614922ec632ce2dbf9e1,"[0, 1, 2, 3]",N4_x1_t0.16_r2_reversed__synthetic_irregular_7q_favorable__seed7,identity proxy before selection when layout is transpiler,dabd84c4a3325ef21b50a394178e913fd5ef5dba3253c4dc929ef5785b340571_synthetic_irregular_7q_favorable,basic,47,v0.4.0,dabd84c4a3325ef21b50a394178e913fd5ef5dba3253c4dc929ef5785b340571_synthetic_irregular_7q_favorable_47,72,64,252,2.3175911999999975e-05,-22,0.006973584997467697,True,,2.4250496085204756e-14,1e-10,logical Operator.equiv + routed zero/3 random states,"[0, 1, 2, 3]"
4,1.0,0.16,2,reversed,dabd84c4a3325ef21b50a394178e913fd5ef5dba3253c4dc929ef5785b340571,63750b2d38357d5cd9f9fb922cc3dfb8e294b61159a2362da953e87c8d5996e0,277,197,173,104,19,1.6842105263157894,3,1.5,2,1,7,8,2.2857142857142856,3,1.8095238095238095,1.0,1.0,1,robustness,synthetic_irregular_7q_favorable,irregular,favorable,SYNTHETIC_TARGET,"{""edges"": [[0, 1], [0, 3], [1, 0], [1, 2], [2, 1], [2, 3], [2, 6], [3, 0], [3, 2], [3, 4], [4, 3], [4, 5], [5, 4], [5, 6], [6, 2], [6, 5]], ""seed"": 7, ""basis"": [""id"", ""rz"", ""sx"", ""x"", ""ecr""], ""nodes"": 7}",c8b003a1553d070cddc2acc63823ce20487791b575f8614922ec632ce2dbf9e1,"[0, 1, 2, 3]",N4_x1_t0.16_r2_reversed__synthetic_irregular_7q_favorable__seed7,identity proxy before selection when layout is transpiler,dabd84c4a3325ef21b50a394178e913fd5ef5dba3253c4dc929ef5785b340571_synthetic_irregular_7q_favorable,teleport,47,v0.4.0,dabd84c4a3325ef21b50a394178e913fd5ef5dba3253c4dc929ef5785b340571_synthetic_irregular_7q_favorable_47,68,60,230,2.295746399999999e-05,-36,0.006544526004290674,True,,5.0158019088810624e-14,1e-10,logical Operator.equiv + routed zero/3 random states,"[0, 1, 2, 3]"
4,1.0,0.16,2,reversed,dabd84c4a3325ef21b50a394178e913fd5ef5dba3253c4dc929ef5785b340571,63750b2d38357d5cd9f9fb922cc3dfb8e294b61159a2362da953e87c8d5996e0,277,197,173,104,19,1.6842105263157894,3,1.5,2,1,7,8,2.2857142857142856,3,1.8095238095238095,1.6153846153846154,2.0,1,robustness,synthetic_irregular_7q_spread,irregular,spread,SYNTHETIC_TARGET,"{""edges"": [[0, 1], [0, 3], [1, 0], [1, 2], [2, 1], [2, 3], [2, 6], [3, 0], [3, 2], [3, 4], [4, 3], [4, 5], [5, 4], [5, 6], [6, 2], [6, 5]], ""seed"": 7, ""basis"": [""id"", ""rz"", ""sx"", ""x"", ""ecr""], ""nodes"": 7}",c8b003a1553d070cddc2acc63823ce20487791b575f8614922ec632ce2dbf9e1,"[0, 2, 3, 5]",N4_x1_t0.16_r2_reversed__synthetic_irregular_7q_spread__seed7,identity proxy before selection when layout is transpiler,dabd84c4a3325ef21b50a394178e913fd5ef5dba3253c4dc929ef5785b340571_synthetic_irregular_7q_spread,basic,11,v0.4.0,dabd84c4a3325ef21b50a394178e913fd5ef5dba3253c4dc929ef5785b340571_synthetic_irregular_7q_spread_11,78,67,290,3.070703999999996e-05,-16,0.009102089999942109,True,,9.548603001265968e-14,1e-10,logical Operator.equiv + routed zero/3 random states,"[0, 3, 2, 6]"
4,1.0,0.16,2,reversed,dabd84c4a3325ef21b50a394178e913fd5ef5dba3253c4dc929ef5785b340571,63750b2d38357d5cd9f9fb922cc3dfb8e294b61159a2362da953e87c8d5996e0,277,197,173,104,19,1.6842105263157894,3,1.5,2,1,7,8,2.2857142857142856,3,1.8095238095238095,1.6153846153846154,2.0,1,robustness,synthetic_irregular_7q_spread,irregular,spread,SYNTHETIC_TARGET,"{""edges"": [[0, 1], [0, 3], [1, 0], [1, 2], [2, 1], [2, 3], [2, 6], [3, 0], [3, 2], [3, 4], [4, 3], [4, 5], [5, 4], [5, 6], [6, 2], [6, 5]], ""seed"": 7, ""basis"": [""id"", ""rz"", ""sx"", ""x"", ""ecr""], ""nodes"": 7}",c8b003a1553d070cddc2acc63823ce20487791b575f8614922ec632ce2dbf9e1,"[0, 2, 3, 5]",N4_x1_t0.16_r2_reversed__synthetic_irregular_7q_spread__seed7,identity proxy before selection when layout is transpiler,dabd84c4a3325ef21b50a394178e913fd5ef5dba3253c4dc929ef5785b340571_synthetic_irregular_7q_spread,teleport,11,v0.4.0,dabd84c4a3325ef21b50a394178e913fd5ef5dba3253c4dc929ef5785b340571_synthetic_irregular_7q_spread_11,74,62,233,4.004080799999999e-05,-30,0.007155885003157891,True,,3.6293681424896736e-14,1e-10,logical Operator.equiv + routed zero/3 random states,"[1, 2, 3, 4]"
4,1.0,0.16,2,reversed,dabd84c4a3325ef21b50a394178e913fd5ef5dba3253c4dc929ef5785b340571,63750b2d38357d5cd9f9fb922cc3dfb8e294b61159a2362da953e87c8d5996e0,277,197,173,104,19,1.6842105263157894,3,1.5,2,1,7,8,2.2857142857142856,3,1.8095238095238095,1.6153846153846154,2.0,1,robustness,synthetic_irregular_7q_spread,irregular,spread,SYNTHETIC_TARGET,"{""edges"": [[0, 1], [0, 3], [1, 0], [1, 2], [2, 1], [2, 3], [2, 6], [3, 0], [3, 2], [3, 4], [4, 3], [4, 5], [5, 4], [5, 6], [6, 2], [6, 5]], ""seed"": 7, ""basis"": [""id"", ""rz"", ""sx"", ""x"", ""ecr""], ""nodes"": 7}",c8b003a1553d070cddc2acc63823ce20487791b575f8614922ec632ce2dbf9e1,"[0, 2, 3, 5]",N4_x1_t0.16_r2_reversed__synthetic_irregular_7q_spread__seed7,identity proxy before selection when layout is transpiler,dabd84c4a3325ef21b50a394178e913fd5ef5dba3253c4dc929ef5785b340571_synthetic_irregular_7q_spread,basic,19,v0.4.0,dabd84c4a3325ef21b50a394178e913fd5ef5dba3253c4dc929ef5785b340571_synthetic_irregular_7q_spread_19,78,67,290,3.070703999999996e-05,-16,0.007426418997056317,True,,9.548603001265968e-14,1e-10,logical Operator.equiv + routed zero/3 random states,"[0, 3, 2, 6]"
4,1.0,0.16,2,reversed,dabd84c4a3325ef21b50a394178e913fd5ef5dba3253c4dc929ef5785b340571,63750b2d38357d5cd9f9fb922cc3dfb8e294b61159a2362da953e87c8d5996e0,277,197,173,104,19,1.6842105263157894,3,1.5,2,1,7,8,2.2857142857142856,3,1.8095238095238095,1.6153846153846154,2.0,1,robustness,synthetic_irregular_7q_spread,irregular,spread,SYNTHETIC_TARGET,"{""edges"": [[0, 1], [0, 3], [1, 0], [1, 2], [2, 1], [2, 3], [2, 6], [3, 0], [3, 2], [3, 4], [4, 3], [4, 5], [5, 4], [5, 6], [6, 2], [6, 5]], ""seed"": 7, ""basis"": [""id"", ""rz"", ""sx"", ""x"", ""ecr""], ""nodes"": 7}",c8b003a1553d070cddc2acc63823ce20487791b575f8614922ec632ce2dbf9e1,"[0, 2, 3, 5]",N4_x1_t0.16_r2_reversed__synthetic_irregular_7q_spread__seed7,identity proxy before selection when layout is transpiler,dabd84c4a3325ef21b50a394178e913fd5ef5dba3253c4dc929ef5785b340571_synthetic_irregular_7q_spread,teleport,19,v0.4.0,dabd84c4a3325ef21b50a394178e913fd5ef5dba3253c4dc929ef5785b340571_synthetic_irregular_7q_spread_19,74,62,233,4.004080799999999e-05,-30,0.007580648998555262,True,,3.6293681424896736e-14,1e-10,logical Operator.equiv + routed zero/3 random states,"[1, 2, 3, 4]"
4,1.0,0.16,2,reversed,dabd84c4a3325ef21b50a394178e913fd5ef5dba3253c4dc929ef5785b340571,63750b2d38357d5cd9f9fb922cc3dfb8e294b61159a2362da953e87c8d5996e0,277,197,173,104,19,1.6842105263157894,3,1.5,2,1,7,8,2.2857142857142856,3,1.8095238095238095,1.6153846153846154,2.0,1,robustness,synthetic_irregular_7q_spread,irregular,spread,SYNTHETIC_TARGET,"{""edges"": [[0, 1], [0, 3], [1, 0], [1, 2], [2, 1], [2, 3], [2, 6], [3, 0], [3, 2], [3, 4], [4, 3], [4, 5], [5, 4], [5, 6], [6, 2], [6, 5]], ""seed"": 7, ""basis"": [""id"", ""rz"", ""sx"", ""x"", ""ecr""], ""nodes"": 7}",c8b003a1553d070cddc2acc63823ce20487791b575f8614922ec632ce2dbf9e1,"[0, 2, 3, 5]",N4_x1_t0.16_r2_reversed__synthetic_irregular_7q_spread__seed7,identity proxy before selection when layout is transpiler,dabd84c4a3325ef21b50a394178e913fd5ef5dba3253c4dc929ef5785b340571_synthetic_irregular_7q_spread,basic,29,v0.4.0,dabd84c4a3325ef21b50a394178e913fd5ef5dba3253c4dc929ef5785b340571_synthetic_irregular_7q_spread_29,78,67,290,3.070703999999996e-05,-16,0.0072229850047733635,True,,9.548603001265968e-14,1e-10,logical Operator.equiv + routed zero/3 random states,"[0, 3, 2, 6]"
4,1.0,0.16,2,reversed,dabd84c4a3325ef21b50a394178e913fd5ef5dba3253c4dc929ef5785b340571,63750b2d38357d5cd9f9fb922cc3dfb8e294b61159a2362da953e87c8d5996e0,277,197,173,104,19,1.6842105263157894,3,1.5,2,1,7,8,2.2857142857142856,3,1.8095238095238095,1.6153846153846154,2.0,1,robustness,synthetic_irregular_7q_spread,irregular,spread,SYNTHETIC_TARGET,"{""edges"": [[0, 1], [0, 3], [1, 0], [1, 2], [2, 1], [2, 3], [2, 6], [3, 0], [3, 2], [3, 4], [4, 3], [4, 5], [5, 4], [5, 6], [6, 2], [6, 5]], ""seed"": 7, ""basis"": [""id"", ""rz"", ""sx"", ""x"", ""ecr""], ""nodes"": 7}",c8b003a1553d070cddc2acc63823ce20487791b575f8614922ec632ce2dbf9e1,"[0, 2, 3, 5]",N4_x1_t0.16_r2_reversed__synthetic_irregular_7q_spread__seed7,identity proxy before selection when layout is transpiler,dabd84c4a3325ef21b50a394178e913fd5ef5dba3253c4dc929ef5785b340571_synthetic_irregular_7q_spread,teleport,29,v0.4.0,dabd84c4a3325ef21b50a394178e913fd5ef5dba3253c4dc929ef5785b340571_synthetic_irregular_7q_spread_29,74,62,233,4.004080799999999e-05,-30,0.00726745200518053,True,,3.6293681424896736e-14,1e-10,logical Operator.equiv + routed zero/3 random states,"[1, 2, 3, 4]"
4,1.0,0.16,2,reversed,dabd84c4a3325ef21b50a394178e913fd5ef5dba3253c4dc929ef5785b340571,63750b2d38357d5cd9f9fb922cc3dfb8e294b61159a2362da953e87c8d5996e0,277,197,173,104,19,1.6842105263157894,3,1.5,2,1,7,8,2.2857142857142856,3,1.8095238095238095,1.6153846153846154,2.0,1,robustness,synthetic_irregular_7q_spread,irregular,spread,SYNTHETIC_TARGET,"{""edges"": [[0, 1], [0, 3], [1, 0], [1, 2], [2, 1], [2, 3], [2, 6], [3, 0], [3, 2], [3, 4], [4, 3], [4, 5], [5, 4], [5, 6], [6, 2], [6, 5]], ""seed"": 7, ""basis"": [""id"", ""rz"", ""sx"", ""x"", ""ecr""], ""nodes"": 7}",c8b003a1553d070cddc2acc63823ce20487791b575f8614922ec632ce2dbf9e1,"[0, 2, 3, 5]",N4_x1_t0.16_r2_reversed__synthetic_irregular_7q_spread__seed7,identity proxy before selection when layout is transpiler,dabd84c4a3325ef21b50a394178e913fd5ef5dba3253c4dc929ef5785b340571_synthetic_irregular_7q_spread,basic,37,v0.4.0,dabd84c4a3325ef21b50a394178e913fd5ef5dba3253c4dc929ef5785b340571_synthetic_irregular_7q_spread_37,78,67,290,3.070703999999996e-05,-16,0.006850179997854866,True,,9.548603001265968e-14,1e-10,logical Operator.equiv + routed zero/3 random states,"[0, 3, 2, 6]"
4,1.0,0.16,2,reversed,dabd84c4a3325ef21b50a394178e913fd5ef5dba3253c4dc929ef5785b340571,63750b2d38357d5cd9f9fb922cc3dfb8e294b61159a2362da953e87c8d5996e0,277,197,173,104,19,1.6842105263157894,3,1.5,2,1,7,8,2.2857142857142856,3,1.8095238095238095,1.6153846153846154,2.0,1,robustness,synthetic_irregular_7q_spread,irregular,spread,SYNTHETIC_TARGET,"{""edges"": [[0, 1], [0, 3], [1, 0], [1, 2], [2, 1], [2, 3], [2, 6], [3, 0], [3, 2], [3, 4], [4, 3], [4, 5], [5, 4], [5, 6], [6, 2], [6, 5]], ""seed"": 7, ""basis"": [""id"", ""rz"", ""sx"", ""x"", ""ecr""], ""nodes"": 7}",c8b003a1553d070cddc2acc63823ce20487791b575f8614922ec632ce2dbf9e1,"[0, 2, 3, 5]",N4_x1_t0.16_r2_reversed__synthetic_irregular_7q_spread__seed7,identity proxy before selection when layout is transpiler,dabd84c4a3325ef21b50a394178e913fd5ef5dba3253c4dc929ef5785b340571_synthetic_irregular_7q_spread,teleport,37,v0.4.0,dabd84c4a3325ef21b50a394178e913fd5ef5dba3253c4dc929ef5785b340571_synthetic_irregular_7q_spread_37,74,62,233,4.004080799999999e-05,-30,0.007325001999561209,True,,3.6293681424896736e-14,1e-10,logical Operator.equiv + routed zero/3 random states,"[1, 2, 3, 4]"
4,1.0,0.16,2,reversed,dabd84c4a3325ef21b50a394178e913fd5ef5dba3253c4dc929ef5785b340571,63750b2d38357d5cd9f9fb922cc3dfb8e294b61159a2362da953e87c8d5996e0,277,197,173,104,19,1.6842105263157894,3,1.5,2,1,7,8,2.2857142857142856,3,1.8095238095238095,1.6153846153846154,2.0,1,robustness,synthetic_irregular_7q_spread,irregular,spread,SYNTHETIC_TARGET,"{""edges"": [[0, 1], [0, 3], [1, 0], [1, 2], [2, 1], [2, 3], [2, 6], [3, 0], [3, 2], [3, 4], [4, 3], [4, 5], [5, 4], [5, 6], [6, 2], [6, 5]], ""seed"": 7, ""basis"": [""id"", ""rz"", ""sx"", ""x"", ""ecr""], ""nodes"": 7}",c8b003a1553d070cddc2acc63823ce20487791b575f8614922ec632ce2dbf9e1,"[0, 2, 3, 5]",N4_x1_t0.16_r2_reversed__synthetic_irregular_7q_spread__seed7,identity proxy before selection when layout is transpiler,dabd84c4a3325ef21b50a394178e913fd5ef5dba3253c4dc929ef5785b340571_synthetic_irregular_7q_spread,basic,47,v0.4.0,dabd84c4a3325ef21b50a394178e913fd5ef5dba3253c4dc929ef5785b340571_synthetic_irregular_7q_spread_47,78,67,263,3.7795499999999974e-05,-16,0.007023703998129349,True,,4.972773699128632e-14,1e-10,logical Operator.equiv + routed zero/3 random states,"[1, 2, 3, 4]"
4,1.0,0.16,2,reversed,dabd84c4a3325ef21b50a394178e913fd5ef5dba3253c4dc929ef5785b340571,63750b2d38357d5cd9f9fb922cc3dfb8e294b61159a2362da953e87c8d5996e0,277,197,173,104,19,1.6842105263157894,3,1.5,2,1,7,8,2.2857142857142856,3,1.8095238095238095,1.6153846153846154,2.0,1,robustness,synthetic_irregular_7q_spread,irregular,spread,SYNTHETIC_TARGET,"{""edges"": [[0, 1], [0, 3], [1, 0], [1, 2], [2, 1], [2, 3], [2, 6], [3, 0], [3, 2], [3, 4], [4, 3], [4, 5], [5, 4], [5, 6], [6, 2], [6, 5]], ""seed"": 7, ""basis"": [""id"", ""rz"", ""sx"", ""x"", ""ecr""], ""nodes"": 7}",c8b003a1553d070cddc2acc63823ce20487791b575f8614922ec632ce2dbf9e1,"[0, 2, 3, 5]",N4_x1_t0.16_r2_reversed__synthetic_irregular_7q_spread__seed7,identity proxy before selection when layout is transpiler,dabd84c4a3325ef21b50a394178e913fd5ef5dba3253c4dc929ef5785b340571_synthetic_irregular_7q_spread,teleport,47,v0.4.0,dabd84c4a3325ef21b50a394178e913fd5ef5dba3253c4dc929ef5785b340571_synthetic_irregular_7q_spread_47,74,62,233,4.004080799999999e-05,-30,0.009212567005306482,True,,3.6293681424896736e-14,1e-10,logical Operator.equiv + routed zero/3 random states,"[1, 2, 3, 4]"
4,4.0,0.32,2,symmetry,199175ead0c72935d7a99429464f9050e079ef6f760813698618253a465ecf60,840108f27be7018d9523cce50ed0465580fc76086dc4d719c7931a97dc6b3878,277,165,173,104,19,1.6842105263157894,3,1.5,2,1,7,8,2.2857142857142856,3,1.8095238095238095,1.0,1.0,1,robustness,synthetic_irregular_7q_favorable,irregular,favorable,SYNTHETIC_TARGET,"{""edges"": [[0, 1], [0, 3], [1, 0], [1, 2], [2, 1], [2, 3], [2, 6], [3, 0], [3, 2], [3, 4], [4, 3], [4, 5], [5, 4], [5, 6], [6, 2], [6, 5]], ""seed"": 7, ""basis"": [""id"", ""rz"", ""sx"", ""x"", ""ecr""], ""nodes"": 7}",c8b003a1553d070cddc2acc63823ce20487791b575f8614922ec632ce2dbf9e1,"[0, 1, 2, 3]",N4_x4_t0.32_r2_symmetry__synthetic_irregular_7q_favorable__seed7,identity proxy before selection when layout is transpiler,199175ead0c72935d7a99429464f9050e079ef6f760813698618253a465ecf60_synthetic_irregular_7q_favorable,basic,11,v0.4.0,199175ead0c72935d7a99429464f9050e079ef6f760813698618253a465ecf60_synthetic_irregular_7q_favorable_11,43,37,173,1.4536782000000004e-05,-45,0.00676508700416889,True,,1.022774131157013e-14,1e-10,logical Operator.equiv + routed zero/3 random states,"[0, 1, 2, 3]"
4,4.0,0.32,2,symmetry,199175ead0c72935d7a99429464f9050e079ef6f760813698618253a465ecf60,840108f27be7018d9523cce50ed0465580fc76086dc4d719c7931a97dc6b3878,277,165,173,104,19,1.6842105263157894,3,1.5,2,1,7,8,2.2857142857142856,3,1.8095238095238095,1.0,1.0,1,robustness,synthetic_irregular_7q_favorable,irregular,favorable,SYNTHETIC_TARGET,"{""edges"": [[0, 1], [0, 3], [1, 0], [1, 2], [2, 1], [2, 3], [2, 6], [3, 0], [3, 2], [3, 4], [4, 3], [4, 5], [5, 4], [5, 6], [6, 2], [6, 5]], ""seed"": 7, ""basis"": [""id"", ""rz"", ""sx"", ""x"", ""ecr""], ""nodes"": 7}",c8b003a1553d070cddc2acc63823ce20487791b575f8614922ec632ce2dbf9e1,"[0, 1, 2, 3]",N4_x4_t0.32_r2_symmetry__synthetic_irregular_7q_favorable__seed7,identity proxy before selection when layout is transpiler,199175ead0c72935d7a99429464f9050e079ef6f760813698618253a465ecf60_synthetic_irregular_7q_favorable,teleport,11,v0.4.0,199175ead0c72935d7a99429464f9050e079ef6f760813698618253a465ecf60_synthetic_irregular_7q_favorable_11,54,47,211,1.6754561999999986e-05,-50,0.007419699999445584,True,,1.2506312496959223e-14,1e-10,logical Operator.equiv + routed zero/3 random states,"[0, 1, 2, 3]"
4,4.0,0.32,2,symmetry,199175ead0c72935d7a99429464f9050e079ef6f760813698618253a465ecf60,840108f27be7018d9523cce50ed0465580fc76086dc4d719c7931a97dc6b3878,277,165,173,104,19,1.6842105263157894,3,1.5,2,1,7,8,2.2857142857142856,3,1.8095238095238095,1.0,1.0,1,robustness,synthetic_irregular_7q_favorable,irregular,favorable,SYNTHETIC_TARGET,"{""edges"": [[0, 1], [0, 3], [1, 0], [1, 2], [2, 1], [2, 3], [2, 6], [3, 0], [3, 2], [3, 4], [4, 3], [4, 5], [5, 4], [5, 6], [6, 2], [6, 5]], ""seed"": 7, ""basis"": [""id"", ""rz"", ""sx"", ""x"", ""ecr""], ""nodes"": 7}",c8b003a1553d070cddc2acc63823ce20487791b575f8614922ec632ce2dbf9e1,"[0, 1, 2, 3]",N4_x4_t0.32_r2_symmetry__synthetic_irregular_7q_favorable__seed7,identity proxy before selection when layout is transpiler,199175ead0c72935d7a99429464f9050e079ef6f760813698618253a465ecf60_synthetic_irregular_7q_favorable,basic,19,v0.4.0,199175ead0c72935d7a99429464f9050e079ef6f760813698618253a465ecf60_synthetic_irregular_7q_favorable_19,43,37,173,1.4536782000000004e-05,-45,0.006632906006416306,True,,1.022774131157013e-14,1e-10,logical Operator.equiv + routed zero/3 random states,"[0, 1, 2, 3]"
4,4.0,0.32,2,symmetry,199175ead0c72935d7a99429464f9050e079ef6f760813698618253a465ecf60,840108f27be7018d9523cce50ed0465580fc76086dc4d719c7931a97dc6b3878,277,165,173,104,19,1.6842105263157894,3,1.5,2,1,7,8,2.2857142857142856,3,1.8095238095238095,1.0,1.0,1,robustness,synthetic_irregular_7q_favorable,irregular,favorable,SYNTHETIC_TARGET,"{""edges"": [[0, 1], [0, 3], [1, 0], [1, 2], [2, 1], [2, 3], [2, 6], [3, 0], [3, 2], [3, 4], [4, 3], [4, 5], [5, 4], [5, 6], [6, 2], [6, 5]], ""seed"": 7, ""basis"": [""id"", ""rz"", ""sx"", ""x"", ""ecr""], ""nodes"": 7}",c8b003a1553d070cddc2acc63823ce20487791b575f8614922ec632ce2dbf9e1,"[0, 1, 2, 3]",N4_x4_t0.32_r2_symmetry__synthetic_irregular_7q_favorable__seed7,identity proxy before selection when layout is transpiler,199175ead0c72935d7a99429464f9050e079ef6f760813698618253a465ecf60_synthetic_irregular_7q_favorable,teleport,19,v0.4.0,199175ead0c72935d7a99429464f9050e079ef6f760813698618253a465ecf60_synthetic_irregular_7q_favorable_19,54,47,211,1.6754561999999986e-05,-50,0.006636375997914001,True,,1.2506312496959223e-14,1e-10,logical Operator.equiv + routed zero/3 random states,"[0, 1, 2, 3]"
4,4.0,0.32,2,symmetry,199175ead0c72935d7a99429464f9050e079ef6f760813698618253a465ecf60,840108f27be7018d9523cce50ed0465580fc76086dc4d719c7931a97dc6b3878,277,165,173,104,19,1.6842105263157894,3,1.5,2,1,7,8,2.2857142857142856,3,1.8095238095238095,1.0,1.0,1,robustness,synthetic_irregular_7q_favorable,irregular,favorable,SYNTHETIC_TARGET,"{""edges"": [[0, 1], [0, 3], [1, 0], [1, 2], [2, 1], [2, 3], [2, 6], [3, 0], [3, 2], [3, 4], [4, 3], [4, 5], [5, 4], [5, 6], [6, 2], [6, 5]], ""seed"": 7, ""basis"": [""id"", ""rz"", ""sx"", ""x"", ""ecr""], ""nodes"": 7}",c8b003a1553d070cddc2acc63823ce20487791b575f8614922ec632ce2dbf9e1,"[0, 1, 2, 3]",N4_x4_t0.32_r2_symmetry__synthetic_irregular_7q_favorable__seed7,identity proxy before selection when layout is transpiler,199175ead0c72935d7a99429464f9050e079ef6f760813698618253a465ecf60_synthetic_irregular_7q_favorable,basic,29,v0.4.0,199175ead0c72935d7a99429464f9050e079ef6f760813698618253a465ecf60_synthetic_irregular_7q_favorable_29,43,37,173,1.4536782000000004e-05,-45,0.006883570000354666,True,,1.022774131157013e-14,1e-10,logical Operator.equiv + routed zero/3 random states,"[0, 1, 2, 3]"
4,4.0,0.32,2,symmetry,199175ead0c72935d7a99429464f9050e079ef6f760813698618253a465ecf60,840108f27be7018d9523cce50ed0465580fc76086dc4d719c7931a97dc6b3878,277,165,173,104,19,1.6842105263157894,3,1.5,2,1,7,8,2.2857142857142856,3,1.8095238095238095,1.0,1.0,1,robustness,synthetic_irregular_7q_favorable,irregular,favorable,SYNTHETIC_TARGET,"{""edges"": [[0, 1], [0, 3], [1, 0], [1, 2], [2, 1], [2, 3], [2, 6], [3, 0], [3, 2], [3, 4], [4, 3], [4, 5], [5, 4], [5, 6], [6, 2], [6, 5]], ""seed"": 7, ""basis"": [""id"", ""rz"", ""sx"", ""x"", ""ecr""], ""nodes"": 7}",c8b003a1553d070cddc2acc63823ce20487791b575f8614922ec632ce2dbf9e1,"[0, 1, 2, 3]",N4_x4_t0.32_r2_symmetry__synthetic_irregular_7q_favorable__seed7,identity proxy before selection when layout is transpiler,199175ead0c72935d7a99429464f9050e079ef6f760813698618253a465ecf60_synthetic_irregular_7q_favorable,teleport,29,v0.4.0,199175ead0c72935d7a99429464f9050e079ef6f760813698618253a465ecf60_synthetic_irregular_7q_favorable_29,54,47,211,1.6754561999999986e-05,-50,0.00671890899684513,True,,1.2506312496959223e-14,1e-10,logical Operator.equiv + routed zero/3 random states,"[0, 1, 2, 3]"
4,4.0,0.32,2,symmetry,199175ead0c72935d7a99429464f9050e079ef6f760813698618253a465ecf60,840108f27be7018d9523cce50ed0465580fc76086dc4d719c7931a97dc6b3878,277,165,173,104,19,1.6842105263157894,3,1.5,2,1,7,8,2.2857142857142856,3,1.8095238095238095,1.0,1.0,1,robustness,synthetic_irregular_7q_favorable,irregular,favorable,SYNTHETIC_TARGET,"{""edges"": [[0, 1], [0, 3], [1, 0], [1, 2], [2, 1], [2, 3], [2, 6], [3, 0], [3, 2], [3, 4], [4, 3], [4, 5], [5, 4], [5, 6], [6, 2], [6, 5]], ""seed"": 7, ""basis"": [""id"", ""rz"", ""sx"", ""x"", ""ecr""], ""nodes"": 7}",c8b003a1553d070cddc2acc63823ce20487791b575f8614922ec632ce2dbf9e1,"[0, 1, 2, 3]",N4_x4_t0.32_r2_symmetry__synthetic_irregular_7q_favorable__seed7,identity proxy before selection when layout is transpiler,199175ead0c72935d7a99429464f9050e079ef6f760813698618253a465ecf60_synthetic_irregular_7q_favorable,basic,37,v0.4.0,199175ead0c72935d7a99429464f9050e079ef6f760813698618253a465ecf60_synthetic_irregular_7q_favorable_37,43,37,173,1.4536782000000004e-05,-45,0.006264017996727489,True,,1.022774131157013e-14,1e-10,logical Operator.equiv + routed zero/3 random states,"[0, 1, 2, 3]"
4,4.0,0.32,2,symmetry,199175ead0c72935d7a99429464f9050e079ef6f760813698618253a465ecf60,840108f27be7018d9523cce50ed0465580fc76086dc4d719c7931a97dc6b3878,277,165,173,104,19,1.6842105263157894,3,1.5,2,1,7,8,2.2857142857142856,3,1.8095238095238095,1.0,1.0,1,robustness,synthetic_irregular_7q_favorable,irregular,favorable,SYNTHETIC_TARGET,"{""edges"": [[0, 1], [0, 3], [1, 0], [1, 2], [2, 1], [2, 3], [2, 6], [3, 0], [3, 2], [3, 4], [4, 3], [4, 5], [5, 4], [5, 6], [6, 2], [6, 5]], ""seed"": 7, ""basis"": [""id"", ""rz"", ""sx"", ""x"", ""ecr""], ""nodes"": 7}",c8b003a1553d070cddc2acc63823ce20487791b575f8614922ec632ce2dbf9e1,"[0, 1, 2, 3]",N4_x4_t0.32_r2_symmetry__synthetic_irregular_7q_favorable__seed7,identity proxy before selection when layout is transpiler,199175ead0c72935d7a99429464f9050e079ef6f760813698618253a465ecf60_synthetic_irregular_7q_favorable,teleport,37,v0.4.0,199175ead0c72935d7a99429464f9050e079ef6f760813698618253a465ecf60_synthetic_irregular_7q_favorable_37,54,47,211,1.6754561999999986e-05,-50,0.006537700995977502,True,,1.2506312496959223e-14,1e-10,logical Operator.equiv + routed zero/3 random states,"[0, 1, 2, 3]"
4,4.0,0.32,2,symmetry,199175ead0c72935d7a99429464f9050e079ef6f760813698618253a465ecf60,840108f27be7018d9523cce50ed0465580fc76086dc4d719c7931a97dc6b3878,277,165,173,104,19,1.6842105263157894,3,1.5,2,1,7,8,2.2857142857142856,3,1.8095238095238095,1.0,1.0,1,robustness,synthetic_irregular_7q_favorable,irregular,favorable,SYNTHETIC_TARGET,"{""edges"": [[0, 1], [0, 3], [1, 0], [1, 2], [2, 1], [2, 3], [2, 6], [3, 0], [3, 2], [3, 4], [4, 3], [4, 5], [5, 4], [5, 6], [6, 2], [6, 5]], ""seed"": 7, ""basis"": [""id"", ""rz"", ""sx"", ""x"", ""ecr""], ""nodes"": 7}",c8b003a1553d070cddc2acc63823ce20487791b575f8614922ec632ce2dbf9e1,"[0, 1, 2, 3]",N4_x4_t0.32_r2_symmetry__synthetic_irregular_7q_favorable__seed7,identity proxy before selection when layout is transpiler,199175ead0c72935d7a99429464f9050e079ef6f760813698618253a465ecf60_synthetic_irregular_7q_favorable,basic,47,v0.4.0,199175ead0c72935d7a99429464f9050e079ef6f760813698618253a465ecf60_synthetic_irregular_7q_favorable_47,43,37,173,1.4536782000000004e-05,-45,0.0074358310012030415,True,,1.022774131157013e-14,1e-10,logical Operator.equiv + routed zero/3 random states,"[0, 1, 2, 3]"
4,4.0,0.32,2,symmetry,199175ead0c72935d7a99429464f9050e079ef6f760813698618253a465ecf60,840108f27be7018d9523cce50ed0465580fc76086dc4d719c7931a97dc6b3878,277,165,173,104,19,1.6842105263157894,3,1.5,2,1,7,8,2.2857142857142856,3,1.8095238095238095,1.0,1.0,1,robustness,synthetic_irregular_7q_favorable,irregular,favorable,SYNTHETIC_TARGET,"{""edges"": [[0, 1], [0, 3], [1, 0], [1, 2], [2, 1], [2, 3], [2, 6], [3, 0], [3, 2], [3, 4], [4, 3], [4, 5], [5, 4], [5, 6], [6, 2], [6, 5]], ""seed"": 7, ""basis"": [""id"", ""rz"", ""sx"", ""x"", ""ecr""], ""nodes"": 7}",c8b003a1553d070cddc2acc63823ce20487791b575f8614922ec632ce2dbf9e1,"[0, 1, 2, 3]",N4_x4_t0.32_r2_symmetry__synthetic_irregular_7q_favorable__seed7,identity proxy before selection when layout is transpiler,199175ead0c72935d7a99429464f9050e079ef6f760813698618253a465ecf60_synthetic_irregular_7q_favorable,teleport,47,v0.4.0,199175ead0c72935d7a99429464f9050e079ef6f760813698618253a465ecf60_synthetic_irregular_7q_favorable_47,54,47,211,1.6754561999999986e-05,-50,0.007105344004230574,True,,1.2506312496959223e-14,1e-10,logical Operator.equiv + routed zero/3 random states,"[0, 1, 2, 3]"
5,4.0,0.32,2,symmetry,b66e78c1f4a10c34763563660201dc843b5e66d635a6c02bb8e10ecf326cfd70,c2142e093ccb99940251960feda0c8e111c5304b305b2585b4176727240e142e,373,212,229,144,25,1.72,4,1.6,2,1,7,8,2.2857142857142856,3,1.8095238095238095,1.0,1.0,1,robustness,synthetic_irregular_7q_favorable,irregular,favorable,SYNTHETIC_TARGET,"{""edges"": [[0, 1], [0, 3], [1, 0], [1, 2], [2, 1], [2, 3], [2, 6], [3, 0], [3, 2], [3, 4], [4, 3], [4, 5], [5, 4], [5, 6], [6, 2], [6, 5]], ""seed"": 7, ""basis"": [""id"", ""rz"", ""sx"", ""x"", ""ecr""], ""nodes"": 7}",c8b003a1553d070cddc2acc63823ce20487791b575f8614922ec632ce2dbf9e1,"[0, 1, 2, 3, 4]",N5_x4_t0.32_r2_symmetry__synthetic_irregular_7q_favorable__seed7,identity proxy before selection when layout is transpiler,b66e78c1f4a10c34763563660201dc843b5e66d635a6c02bb8e10ecf326cfd70_synthetic_irregular_7q_favorable,basic,11,v0.4.0,b66e78c1f4a10c34763563660201dc843b5e66d635a6c02bb8e10ecf326cfd70_synthetic_irregular_7q_favorable_11,86,75,281,3.435960599999998e-05,-38,0.0073055750035564415,True,,1.701996248336888e-14,1e-10,logical Operator.equiv + routed zero/3 random states,"[0, 1, 2, 3, 4]"
5,4.0,0.32,2,symmetry,b66e78c1f4a10c34763563660201dc843b5e66d635a6c02bb8e10ecf326cfd70,c2142e093ccb99940251960feda0c8e111c5304b305b2585b4176727240e142e,373,212,229,144,25,1.72,4,1.6,2,1,7,8,2.2857142857142856,3,1.8095238095238095,1.0,1.0,1,robustness,synthetic_irregular_7q_favorable,irregular,favorable,SYNTHETIC_TARGET,"{""edges"": [[0, 1], [0, 3], [1, 0], [1, 2], [2, 1], [2, 3], [2, 6], [3, 0], [3, 2], [3, 4], [4, 3], [4, 5], [5, 4], [5, 6], [6, 2], [6, 5]], ""seed"": 7, ""basis"": [""id"", ""rz"", ""sx"", ""x"", ""ecr""], ""nodes"": 7}",c8b003a1553d070cddc2acc63823ce20487791b575f8614922ec632ce2dbf9e1,"[0, 1, 2, 3, 4]",N5_x4_t0.32_r2_symmetry__synthetic_irregular_7q_favorable__seed7,identity proxy before selection when layout is transpiler,b66e78c1f4a10c34763563660201dc843b5e66d635a6c02bb8e10ecf326cfd70_synthetic_irregular_7q_favorable,teleport,11,v0.4.0,b66e78c1f4a10c34763563660201dc843b5e66d635a6c02bb8e10ecf326cfd70_synthetic_irregular_7q_favorable_11,102,87,295,4.299762599999998e-05,-42,0.007794232995365746,True,,1.0269797397198544e-14,1e-10,logical Operator.equiv + routed zero/3 random states,"[0, 1, 2, 3, 4]"
5,4.0,0.32,2,symmetry,b66e78c1f4a10c34763563660201dc843b5e66d635a6c02bb8e10ecf326cfd70,c2142e093ccb99940251960feda0c8e111c5304b305b2585b4176727240e142e,373,212,229,144,25,1.72,4,1.6,2,1,7,8,2.2857142857142856,3,1.8095238095238095,1.0,1.0,1,robustness,synthetic_irregular_7q_favorable,irregular,favorable,SYNTHETIC_TARGET,"{""edges"": [[0, 1], [0, 3], [1, 0], [1, 2], [2, 1], [2, 3], [2, 6], [3, 0], [3, 2], [3, 4], [4, 3], [4, 5], [5, 4], [5, 6], [6, 2], [6, 5]], ""seed"": 7, ""basis"": [""id"", ""rz"", ""sx"", ""x"", ""ecr""], ""nodes"": 7}",c8b003a1553d070cddc2acc63823ce20487791b575f8614922ec632ce2dbf9e1,"[0, 1, 2, 3, 4]",N5_x4_t0.32_r2_symmetry__synthetic_irregular_7q_favorable__seed7,identity proxy before selection when layout is transpiler,b66e78c1f4a10c34763563660201dc843b5e66d635a6c02bb8e10ecf326cfd70_synthetic_irregular_7q_favorable,basic,19,v0.4.0,b66e78c1f4a10c34763563660201dc843b5e66d635a6c02bb8e10ecf326cfd70_synthetic_irregular_7q_favorable_19,86,75,281,3.435960599999998e-05,-38,0.008471020999422763,True,,1.701996248336888e-14,1e-10,logical Operator.equiv + routed zero/3 random states,"[0, 1, 2, 3, 4]"
5,4.0,0.32,2,symmetry,b66e78c1f4a10c34763563660201dc843b5e66d635a6c02bb8e10ecf326cfd70,c2142e093ccb99940251960feda0c8e111c5304b305b2585b4176727240e142e,373,212,229,144,25,1.72,4,1.6,2,1,7,8,2.2857142857142856,3,1.8095238095238095,1.0,1.0,1,robustness,synthetic_irregular_7q_favorable,irregular,favorable,SYNTHETIC_TARGET,"{""edges"": [[0, 1], [0, 3], [1, 0], [1, 2], [2, 1], [2, 3], [2, 6], [3, 0], [3, 2], [3, 4], [4, 3], [4, 5], [5, 4], [5, 6], [6, 2], [6, 5]], ""seed"": 7, ""basis"": [""id"", ""rz"", ""sx"", ""x"", ""ecr""], ""nodes"": 7}",c8b003a1553d070cddc2acc63823ce20487791b575f8614922ec632ce2dbf9e1,"[0, 1, 2, 3, 4]",N5_x4_t0.32_r2_symmetry__synthetic_irregular_7q_favorable__seed7,identity proxy before selection when layout is transpiler,b66e78c1f4a10c34763563660201dc843b5e66d635a6c02bb8e10ecf326cfd70_synthetic_irregular_7q_favorable,teleport,19,v0.4.0,b66e78c1f4a10c34763563660201dc843b5e66d635a6c02bb8e10ecf326cfd70_synthetic_irregular_7q_favorable_19,102,87,295,4.299762599999998e-05,-42,0.006760201998986304,True,,1.0269797397198544e-14,1e-10,logical Operator.equiv + routed zero/3 random states,"[0, 1, 2, 3, 4]"
5,4.0,0.32,2,symmetry,b66e78c1f4a10c34763563660201dc843b5e66d635a6c02bb8e10ecf326cfd70,c2142e093ccb99940251960feda0c8e111c5304b305b2585b4176727240e142e,373,212,229,144,25,1.72,4,1.6,2,1,7,8,2.2857142857142856,3,1.8095238095238095,1.0,1.0,1,robustness,synthetic_irregular_7q_favorable,irregular,favorable,SYNTHETIC_TARGET,"{""edges"": [[0, 1], [0, 3], [1, 0], [1, 2], [2, 1], [2, 3], [2, 6], [3, 0], [3, 2], [3, 4], [4, 3], [4, 5], [5, 4], [5, 6], [6, 2], [6, 5]], ""seed"": 7, ""basis"": [""id"", ""rz"", ""sx"", ""x"", ""ecr""], ""nodes"": 7}",c8b003a1553d070cddc2acc63823ce20487791b575f8614922ec632ce2dbf9e1,"[0, 1, 2, 3, 4]",N5_x4_t0.32_r2_symmetry__synthetic_irregular_7q_favorable__seed7,identity proxy before selection when layout is transpiler,b66e78c1f4a10c34763563660201dc843b5e66d635a6c02bb8e10ecf326cfd70_synthetic_irregular_7q_favorable,basic,29,v0.4.0,b66e78c1f4a10c34763563660201dc843b5e66d635a6c02bb8e10ecf326cfd70_synthetic_irregular_7q_favorable_29,86,75,281,3.435960599999998e-05,-38,0.006841601003543474,True,,1.701996248336888e-14,1e-10,logical Operator.equiv + routed zero/3 random states,"[0, 1, 2, 3, 4]"
5,4.0,0.32,2,symmetry,b66e78c1f4a10c34763563660201dc843b5e66d635a6c02bb8e10ecf326cfd70,c2142e093ccb99940251960feda0c8e111c5304b305b2585b4176727240e142e,373,212,229,144,25,1.72,4,1.6,2,1,7,8,2.2857142857142856,3,1.8095238095238095,1.0,1.0,1,robustness,synthetic_irregular_7q_favorable,irregular,favorable,SYNTHETIC_TARGET,"{""edges"": [[0, 1], [0, 3], [1, 0], [1, 2], [2, 1], [2, 3], [2, 6], [3, 0], [3, 2], [3, 4], [4, 3], [4, 5], [5, 4], [5, 6], [6, 2], [6, 5]], ""seed"": 7, ""basis"": [""id"", ""rz"", ""sx"", ""x"", ""ecr""], ""nodes"": 7}",c8b003a1553d070cddc2acc63823ce20487791b575f8614922ec632ce2dbf9e1,"[0, 1, 2, 3, 4]",N5_x4_t0.32_r2_symmetry__synthetic_irregular_7q_favorable__seed7,identity proxy before selection when layout is transpiler,b66e78c1f4a10c34763563660201dc843b5e66d635a6c02bb8e10ecf326cfd70_synthetic_irregular_7q_favorable,teleport,29,v0.4.0,b66e78c1f4a10c34763563660201dc843b5e66d635a6c02bb8e10ecf326cfd70_synthetic_irregular_7q_favorable_29,102,87,295,4.299762599999998e-05,-42,0.009685869998065755,True,,1.0269797397198544e-14,1e-10,logical Operator.equiv + routed zero/3 random states,"[0, 1, 2, 3, 4]"
5,4.0,0.32,2,symmetry,b66e78c1f4a10c34763563660201dc843b5e66d635a6c02bb8e10ecf326cfd70,c2142e093ccb99940251960feda0c8e111c5304b305b2585b4176727240e142e,373,212,229,144,25,1.72,4,1.6,2,1,7,8,2.2857142857142856,3,1.8095238095238095,1.0,1.0,1,robustness,synthetic_irregular_7q_favorable,irregular,favorable,SYNTHETIC_TARGET,"{""edges"": [[0, 1], [0, 3], [1, 0], [1, 2], [2, 1], [2, 3], [2, 6], [3, 0], [3, 2], [3, 4], [4, 3], [4, 5], [5, 4], [5, 6], [6, 2], [6, 5]], ""seed"": 7, ""basis"": [""id"", ""rz"", ""sx"", ""x"", ""ecr""], ""nodes"": 7}",c8b003a1553d070cddc2acc63823ce20487791b575f8614922ec632ce2dbf9e1,"[0, 1, 2, 3, 4]",N5_x4_t0.32_r2_symmetry__synthetic_irregular_7q_favorable__seed7,identity proxy before selection when layout is transpiler,b66e78c1f4a10c34763563660201dc843b5e66d635a6c02bb8e10ecf326cfd70_synthetic_irregular_7q_favorable,basic,37,v0.4.0,b66e78c1f4a10c34763563660201dc843b5e66d635a6c02bb8e10ecf326cfd70_synthetic_irregular_7q_favorable_37,86,75,281,3.435960599999998e-05,-38,0.007143801994971,True,,1.701996248336888e-14,1e-10,logical Operator.equiv + routed zero/3 random states,"[0, 1, 2, 3, 4]"
5,4.0,0.32,2,symmetry,b66e78c1f4a10c34763563660201dc843b5e66d635a6c02bb8e10ecf326cfd70,c2142e093ccb99940251960feda0c8e111c5304b305b2585b4176727240e142e,373,212,229,144,25,1.72,4,1.6,2,1,7,8,2.2857142857142856,3,1.8095238095238095,1.0,1.0,1,robustness,synthetic_irregular_7q_favorable,irregular,favorable,SYNTHETIC_TARGET,"{""edges"": [[0, 1], [0, 3], [1, 0], [1, 2], [2, 1], [2, 3], [2, 6], [3, 0], [3, 2], [3, 4], [4, 3], [4, 5], [5, 4], [5, 6], [6, 2], [6, 5]], ""seed"": 7, ""basis"": [""id"", ""rz"", ""sx"", ""x"", ""ecr""], ""nodes"": 7}",c8b003a1553d070cddc2acc63823ce20487791b575f8614922ec632ce2dbf9e1,"[0, 1, 2, 3, 4]",N5_x4_t0.32_r2_symmetry__synthetic_irregular_7q_favorable__seed7,identity proxy before selection when layout is transpiler,b66e78c1f4a10c34763563660201dc843b5e66d635a6c02bb8e10ecf326cfd70_synthetic_irregular_7q_favorable,teleport,37,v0.4.0,b66e78c1f4a10c34763563660201dc843b5e66d635a6c02bb8e10ecf326cfd70_synthetic_irregular_7q_favorable_37,102,87,295,4.299762599999998e-05,-42,0.007400187001621816,True,,1.0269797397198544e-14,1e-10,logical Operator.equiv + routed zero/3 random states,"[0, 1, 2, 3, 4]"
5,4.0,0.32,2,symmetry,b66e78c1f4a10c34763563660201dc843b5e66d635a6c02bb8e10ecf326cfd70,c2142e093ccb99940251960feda0c8e111c5304b305b2585b4176727240e142e,373,212,229,144,25,1.72,4,1.6,2,1,7,8,2.2857142857142856,3,1.8095238095238095,1.0,1.0,1,robustness,synthetic_irregular_7q_favorable,irregular,favorable,SYNTHETIC_TARGET,"{""edges"": [[0, 1], [0, 3], [1, 0], [1, 2], [2, 1], [2, 3], [2, 6], [3, 0], [3, 2], [3, 4], [4, 3], [4, 5], [5, 4], [5, 6], [6, 2], [6, 5]], ""seed"": 7, ""basis"": [""id"", ""rz"", ""sx"", ""x"", ""ecr""], ""nodes"": 7}",c8b003a1553d070cddc2acc63823ce20487791b575f8614922ec632ce2dbf9e1,"[0, 1, 2, 3, 4]",N5_x4_t0.32_r2_symmetry__synthetic_irregular_7q_favorable__seed7,identity proxy before selection when layout is transpiler,b66e78c1f4a10c34763563660201dc843b5e66d635a6c02bb8e10ecf326cfd70_synthetic_irregular_7q_favorable,basic,47,v0.4.0,b66e78c1f4a10c34763563660201dc843b5e66d635a6c02bb8e10ecf326cfd70_synthetic_irregular_7q_favorable_47,86,75,281,3.435960599999998e-05,-38,0.006733477996021975,True,,1.701996248336888e-14,1e-10,logical Operator.equiv + routed zero/3 random states,"[0, 1, 2, 3, 4]"
5,4.0,0.32,2,symmetry,b66e78c1f4a10c34763563660201dc843b5e66d635a6c02bb8e10ecf326cfd70,c2142e093ccb99940251960feda0c8e111c5304b305b2585b4176727240e142e,373,212,229,144,25,1.72,4,1.6,2,1,7,8,2.2857142857142856,3,1.8095238095238095,1.0,1.0,1,robustness,synthetic_irregular_7q_favorable,irregular,favorable,SYNTHETIC_TARGET,"{""edges"": [[0, 1], [0, 3], [1, 0], [1, 2], [2, 1], [2, 3], [2, 6], [3, 0], [3, 2], [3, 4], [4, 3], [4, 5], [5, 4], [5, 6], [6, 2], [6, 5]], ""seed"": 7, ""basis"": [""id"", ""rz"", ""sx"", ""x"", ""ecr""], ""nodes"": 7}",c8b003a1553d070cddc2acc63823ce20487791b575f8614922ec632ce2dbf9e1,"[0, 1, 2, 3, 4]",N5_x4_t0.32_r2_symmetry__synthetic_irregular_7q_favorable__seed7,identity proxy before selection when layout is transpiler,b66e78c1f4a10c34763563660201dc843b5e66d635a6c02bb8e10ecf326cfd70_synthetic_irregular_7q_favorable,teleport,47,v0.4.0,b66e78c1f4a10c34763563660201dc843b5e66d635a6c02bb8e10ecf326cfd70_synthetic_irregular_7q_favorable_47,102,87,295,4.299762599999998e-05,-42,0.007206261994724628,True,,1.0269797397198544e-14,1e-10,logical Operator.equiv + routed zero/3 random states,"[0, 1, 2, 3, 4]"
6,2.0,0.24,4,current,11917b6d9db4ec58f18384b3e34529b1823f5609fb71679e29b7f5856b29e04b,d8ad6f6fe282c266eae1c592f37c36ce9e15259a5ce547902e0ff453e1d3a1ca,937,680,569,368,31,1.7419354838709677,5,1.6666666666666667,2,1,8,10,2.5,4,2.0,1.6521739130434783,4.0,1,robustness,synthetic_grid_8q_transpiler,grid,transpiler,SYNTHETIC_TARGET,"{""edges"": [[0, 1], [0, 4], [1, 0], [1, 2], [1, 5], [2, 1], [2, 3], [2, 6], [3, 2], [3, 7], [4, 0], [4, 5], [5, 1], [5, 4], [5, 6], [6, 2], [6, 5], [6, 7], [7, 3], [7, 6]], ""seed"": 7, ""basis"": [""id"", ""rz"", ""sx"", ""x"", ""ecr""], ""nodes"": 8}",1c54af58f98ce04f3c64adbffe8dbe5ec26492bca016b2595a08e9c2b5021db4,null,N6_x2_t0.24_r4_current__synthetic_grid_8q_transpiler__seed7,identity proxy before selection when layout is transpiler,11917b6d9db4ec58f18384b3e34529b1823f5609fb71679e29b7f5856b29e04b_synthetic_grid_8q_transpiler,basic,11,v0.4.0,11917b6d9db4ec58f18384b3e34529b1823f5609fb71679e29b7f5856b29e04b_synthetic_grid_8q_transpiler_11,242,194,808,8.769421800000018e-05,-78,0.01165154099726351,True,,7.457286354538561e-14,1e-10,logical Operator.equiv + routed zero/3 random states,"[1, 5, 6, 7, 3, 2]"
6,2.0,0.24,4,current,11917b6d9db4ec58f18384b3e34529b1823f5609fb71679e29b7f5856b29e04b,d8ad6f6fe282c266eae1c592f37c36ce9e15259a5ce547902e0ff453e1d3a1ca,937,680,569,368,31,1.7419354838709677,5,1.6666666666666667,2,1,8,10,2.5,4,2.0,1.6521739130434783,4.0,1,robustness,synthetic_grid_8q_transpiler,grid,transpiler,SYNTHETIC_TARGET,"{""edges"": [[0, 1], [0, 4], [1, 0], [1, 2], [1, 5], [2, 1], [2, 3], [2, 6], [3, 2], [3, 7], [4, 0], [4, 5], [5, 1], [5, 4], [5, 6], [6, 2], [6, 5], [6, 7], [7, 3], [7, 6]], ""seed"": 7, ""basis"": [""id"", ""rz"", ""sx"", ""x"", ""ecr""], ""nodes"": 8}",1c54af58f98ce04f3c64adbffe8dbe5ec26492bca016b2595a08e9c2b5021db4,null,N6_x2_t0.24_r4_current__synthetic_grid_8q_transpiler__seed7,identity proxy before selection when layout is transpiler,11917b6d9db4ec58f18384b3e34529b1823f5609fb71679e29b7f5856b29e04b_synthetic_grid_8q_transpiler,teleport,11,v0.4.0,11917b6d9db4ec58f18384b3e34529b1823f5609fb71679e29b7f5856b29e04b_synthetic_grid_8q_transpiler_11,274,238,806,0.00011167554600000007,-94,0.013603917002910748,True,,2.6441683834262913e-14,1e-10,logical Operator.equiv + routed zero/3 random states,"[1, 5, 6, 7, 3, 2]"
6,2.0,0.24,4,current,11917b6d9db4ec58f18384b3e34529b1823f5609fb71679e29b7f5856b29e04b,d8ad6f6fe282c266eae1c592f37c36ce9e15259a5ce547902e0ff453e1d3a1ca,937,680,569,368,31,1.7419354838709677,5,1.6666666666666667,2,1,8,10,2.5,4,2.0,1.6521739130434783,4.0,1,robustness,synthetic_grid_8q_transpiler,grid,transpiler,SYNTHETIC_TARGET,"{""edges"": [[0, 1], [0, 4], [1, 0], [1, 2], [1, 5], [2, 1], [2, 3], [2, 6], [3, 2], [3, 7], [4, 0], [4, 5], [5, 1], [5, 4], [5, 6], [6, 2], [6, 5], [6, 7], [7, 3], [7, 6]], ""seed"": 7, ""basis"": [""id"", ""rz"", ""sx"", ""x"", ""ecr""], ""nodes"": 8}",1c54af58f98ce04f3c64adbffe8dbe5ec26492bca016b2595a08e9c2b5021db4,null,N6_x2_t0.24_r4_current__synthetic_grid_8q_transpiler__seed7,identity proxy before selection when layout is transpiler,11917b6d9db4ec58f18384b3e34529b1823f5609fb71679e29b7f5856b29e04b_synthetic_grid_8q_transpiler,basic,19,v0.4.0,11917b6d9db4ec58f18384b3e34529b1823f5609fb71679e29b7f5856b29e04b_synthetic_grid_8q_transpiler_19,242,194,836,7.821415200000017e-05,-78,0.01916304499900434,True,,2.3409077197205975e-14,1e-10,logical Operator.equiv + routed zero/3 random states,"[6, 7, 3, 2, 1, 0]"
6,2.0,0.24,4,current,11917b6d9db4ec58f18384b3e34529b1823f5609fb71679e29b7f5856b29e04b,d8ad6f6fe282c266eae1c592f37c36ce9e15259a5ce547902e0ff453e1d3a1ca,937,680,569,368,31,1.7419354838709677,5,1.6666666666666667,2,1,8,10,2.5,4,2.0,1.6521739130434783,4.0,1,robustness,synthetic_grid_8q_transpiler,grid,transpiler,SYNTHETIC_TARGET,"{""edges"": [[0, 1], [0, 4], [1, 0], [1, 2], [1, 5], [2, 1], [2, 3], [2, 6], [3, 2], [3, 7], [4, 0], [4, 5], [5, 1], [5, 4], [5, 6], [6, 2], [6, 5], [6, 7], [7, 3], [7, 6]], ""seed"": 7, ""basis"": [""id"", ""rz"", ""sx"", ""x"", ""ecr""], ""nodes"": 8}",1c54af58f98ce04f3c64adbffe8dbe5ec26492bca016b2595a08e9c2b5021db4,null,N6_x2_t0.24_r4_current__synthetic_grid_8q_transpiler__seed7,identity proxy before selection when layout is transpiler,11917b6d9db4ec58f18384b3e34529b1823f5609fb71679e29b7f5856b29e04b_synthetic_grid_8q_transpiler,teleport,19,v0.4.0,11917b6d9db4ec58f18384b3e34529b1823f5609fb71679e29b7f5856b29e04b_synthetic_grid_8q_transpiler_19,274,238,775,8.739807000000012e-05,-94,0.012802842000382952,True,,2.1731178087718513e-14,1e-10,logical Operator.equiv + routed zero/3 random states,"[6, 7, 3, 2, 1, 0]"
6,2.0,0.24,4,current,11917b6d9db4ec58f18384b3e34529b1823f5609fb71679e29b7f5856b29e04b,d8ad6f6fe282c266eae1c592f37c36ce9e15259a5ce547902e0ff453e1d3a1ca,937,680,569,368,31,1.7419354838709677,5,1.6666666666666667,2,1,8,10,2.5,4,2.0,1.6521739130434783,4.0,1,robustness,synthetic_grid_8q_transpiler,grid,transpiler,SYNTHETIC_TARGET,"{""edges"": [[0, 1], [0, 4], [1, 0], [1, 2], [1, 5], [2, 1], [2, 3], [2, 6], [3, 2], [3, 7], [4, 0], [4, 5], [5, 1], [5, 4], [5, 6], [6, 2], [6, 5], [6, 7], [7, 3], [7, 6]], ""seed"": 7, ""basis"": [""id"", ""rz"", ""sx"", ""x"", ""ecr""], ""nodes"": 8}",1c54af58f98ce04f3c64adbffe8dbe5ec26492bca016b2595a08e9c2b5021db4,null,N6_x2_t0.24_r4_current__synthetic_grid_8q_transpiler__seed7,identity proxy before selection when layout is transpiler,11917b6d9db4ec58f18384b3e34529b1823f5609fb71679e29b7f5856b29e04b_synthetic_grid_8q_transpiler,basic,29,v0.4.0,11917b6d9db4ec58f18384b3e34529b1823f5609fb71679e29b7f5856b29e04b_synthetic_grid_8q_transpiler_29,242,194,848,0.0001074186960000005,-78,0.01117825300025288,True,,8.088214401286482e-14,1e-10,logical Operator.equiv + routed zero/3 random states,"[7, 6, 5, 1, 2, 3]"
6,2.0,0.24,4,current,11917b6d9db4ec58f18384b3e34529b1823f5609fb71679e29b7f5856b29e04b,d8ad6f6fe282c266eae1c592f37c36ce9e15259a5ce547902e0ff453e1d3a1ca,937,680,569,368,31,1.7419354838709677,5,1.6666666666666667,2,1,8,10,2.5,4,2.0,1.6521739130434783,4.0,1,robustness,synthetic_grid_8q_transpiler,grid,transpiler,SYNTHETIC_TARGET,"{""edges"": [[0, 1], [0, 4], [1, 0], [1, 2], [1, 5], [2, 1], [2, 3], [2, 6], [3, 2], [3, 7], [4, 0], [4, 5], [5, 1], [5, 4], [5, 6], [6, 2], [6, 5], [6, 7], [7, 3], [7, 6]], ""seed"": 7, ""basis"": [""id"", ""rz"", ""sx"", ""x"", ""ecr""], ""nodes"": 8}",1c54af58f98ce04f3c64adbffe8dbe5ec26492bca016b2595a08e9c2b5021db4,null,N6_x2_t0.24_r4_current__synthetic_grid_8q_transpiler__seed7,identity proxy before selection when layout is transpiler,11917b6d9db4ec58f18384b3e34529b1823f5609fb71679e29b7f5856b29e04b_synthetic_grid_8q_transpiler,teleport,29,v0.4.0,11917b6d9db4ec58f18384b3e34529b1823f5609fb71679e29b7f5856b29e04b_synthetic_grid_8q_transpiler_29,274,238,992,0.00013693492800000043,-94,0.011155878004501574,True,,5.876054147057028e-14,1e-10,logical Operator.equiv + routed zero/3 random states,"[7, 6, 5, 1, 2, 3]"
6,2.0,0.24,4,current,11917b6d9db4ec58f18384b3e34529b1823f5609fb71679e29b7f5856b29e04b,d8ad6f6fe282c266eae1c592f37c36ce9e15259a5ce547902e0ff453e1d3a1ca,937,680,569,368,31,1.7419354838709677,5,1.6666666666666667,2,1,8,10,2.5,4,2.0,1.6521739130434783,4.0,1,robustness,synthetic_grid_8q_transpiler,grid,transpiler,SYNTHETIC_TARGET,"{""edges"": [[0, 1], [0, 4], [1, 0], [1, 2], [1, 5], [2, 1], [2, 3], [2, 6], [3, 2], [3, 7], [4, 0], [4, 5], [5, 1], [5, 4], [5, 6], [6, 2], [6, 5], [6, 7], [7, 3], [7, 6]], ""seed"": 7, ""basis"": [""id"", ""rz"", ""sx"", ""x"", ""ecr""], ""nodes"": 8}",1c54af58f98ce04f3c64adbffe8dbe5ec26492bca016b2595a08e9c2b5021db4,null,N6_x2_t0.24_r4_current__synthetic_grid_8q_transpiler__seed7,identity proxy before selection when layout is transpiler,11917b6d9db4ec58f18384b3e34529b1823f5609fb71679e29b7f5856b29e04b_synthetic_grid_8q_transpiler,basic,37,v0.4.0,11917b6d9db4ec58f18384b3e34529b1823f5609fb71679e29b7f5856b29e04b_synthetic_grid_8q_transpiler_37,242,194,812,8.322047400000002e-05,-78,0.01055711099616019,True,,2.3134401312885918e-14,1e-10,logical Operator.equiv + routed zero/3 random states,"[1, 5, 6, 2, 3, 7]"
6,2.0,0.24,4,current,11917b6d9db4ec58f18384b3e34529b1823f5609fb71679e29b7f5856b29e04b,d8ad6f6fe282c266eae1c592f37c36ce9e15259a5ce547902e0ff453e1d3a1ca,937,680,569,368,31,1.7419354838709677,5,1.6666666666666667,2,1,8,10,2.5,4,2.0,1.6521739130434783,4.0,1,robustness,synthetic_grid_8q_transpiler,grid,transpiler,SYNTHETIC_TARGET,"{""edges"": [[0, 1], [0, 4], [1, 0], [1, 2], [1, 5], [2, 1], [2, 3], [2, 6], [3, 2], [3, 7], [4, 0], [4, 5], [5, 1], [5, 4], [5, 6], [6, 2], [6, 5], [6, 7], [7, 3], [7, 6]], ""seed"": 7, ""basis"": [""id"", ""rz"", ""sx"", ""x"", ""ecr""], ""nodes"": 8}",1c54af58f98ce04f3c64adbffe8dbe5ec26492bca016b2595a08e9c2b5021db4,null,N6_x2_t0.24_r4_current__synthetic_grid_8q_transpiler__seed7,identity proxy before selection when layout is transpiler,11917b6d9db4ec58f18384b3e34529b1823f5609fb71679e29b7f5856b29e04b_synthetic_grid_8q_transpiler,teleport,37,v0.4.0,11917b6d9db4ec58f18384b3e34529b1823f5609fb71679e29b7f5856b29e04b_synthetic_grid_8q_transpiler_37,274,238,792,0.00010790265599999982,-94,0.016628629993647337,True,,2.4337992088298658e-14,1e-10,logical Operator.equiv + routed zero/3 random states,"[1, 5, 6, 2, 3, 7]"
6,2.0,0.24,4,current,11917b6d9db4ec58f18384b3e34529b1823f5609fb71679e29b7f5856b29e04b,d8ad6f6fe282c266eae1c592f37c36ce9e15259a5ce547902e0ff453e1d3a1ca,937,680,569,368,31,1.7419354838709677,5,1.6666666666666667,2,1,8,10,2.5,4,2.0,1.6521739130434783,4.0,1,robustness,synthetic_grid_8q_transpiler,grid,transpiler,SYNTHETIC_TARGET,"{""edges"": [[0, 1], [0, 4], [1, 0], [1, 2], [1, 5], [2, 1], [2, 3], [2, 6], [3, 2], [3, 7], [4, 0], [4, 5], [5, 1], [5, 4], [5, 6], [6, 2], [6, 5], [6, 7], [7, 3], [7, 6]], ""seed"": 7, ""basis"": [""id"", ""rz"", ""sx"", ""x"", ""ecr""], ""nodes"": 8}",1c54af58f98ce04f3c64adbffe8dbe5ec26492bca016b2595a08e9c2b5021db4,null,N6_x2_t0.24_r4_current__synthetic_grid_8q_transpiler__seed7,identity proxy before selection when layout is transpiler,11917b6d9db4ec58f18384b3e34529b1823f5609fb71679e29b7f5856b29e04b_synthetic_grid_8q_transpiler,basic,47,v0.4.0,11917b6d9db4ec58f18384b3e34529b1823f5609fb71679e29b7f5856b29e04b_synthetic_grid_8q_transpiler_47,242,194,812,7.409116800000015e-05,-78,0.013163026997062843,True,,7.374466499218837e-14,1e-10,logical Operator.equiv + routed zero/3 random states,"[7, 6, 2, 1, 5, 4]"
6,2.0,0.24,4,current,11917b6d9db4ec58f18384b3e34529b1823f5609fb71679e29b7f5856b29e04b,d8ad6f6fe282c266eae1c592f37c36ce9e15259a5ce547902e0ff453e1d3a1ca,937,680,569,368,31,1.7419354838709677,5,1.6666666666666667,2,1,8,10,2.5,4,2.0,1.6521739130434783,4.0,1,robustness,synthetic_grid_8q_transpiler,grid,transpiler,SYNTHETIC_TARGET,"{""edges"": [[0, 1], [0, 4], [1, 0], [1, 2], [1, 5], [2, 1], [2, 3], [2, 6], [3, 2], [3, 7], [4, 0], [4, 5], [5, 1], [5, 4], [5, 6], [6, 2], [6, 5], [6, 7], [7, 3], [7, 6]], ""seed"": 7, ""basis"": [""id"", ""rz"", ""sx"", ""x"", ""ecr""], ""nodes"": 8}",1c54af58f98ce04f3c64adbffe8dbe5ec26492bca016b2595a08e9c2b5021db4,null,N6_x2_t0.24_r4_current__synthetic_grid_8q_transpiler__seed7,identity proxy before selection when layout is transpiler,11917b6d9db4ec58f18384b3e34529b1823f5609fb71679e29b7f5856b29e04b_synthetic_grid_8q_transpiler,teleport,47,v0.4.0,11917b6d9db4ec58f18384b3e34529b1823f5609fb71679e29b7f5856b29e04b_synthetic_grid_8q_transpiler_47,274,238,809,8.620504200000003e-05,-94,0.014839489005680662,True,,2.940966503157597e-14,1e-10,logical Operator.equiv + routed zero/3 random states,"[7, 6, 2, 1, 5, 4]"
6,2.0,0.24,8,current,1c000dbb03545990843f258f2cd99e62a98221c482c76d7c86deb19993107e91,deaf935266467950cd58176b219aee007813075ec88ef210e712ade79ff62e2a,1873,1360,1137,736,31,1.7419354838709677,5,1.6666666666666667,2,1,8,10,2.5,4,2.0,1.6521739130434783,4.0,1,robustness,synthetic_grid_8q_transpiler,grid,transpiler,SYNTHETIC_TARGET,"{""edges"": [[0, 1], [0, 4], [1, 0], [1, 2], [1, 5], [2, 1], [2, 3], [2, 6], [3, 2], [3, 7], [4, 0], [4, 5], [5, 1], [5, 4], [5, 6], [6, 2], [6, 5], [6, 7], [7, 3], [7, 6]], ""seed"": 7, ""basis"": [""id"", ""rz"", ""sx"", ""x"", ""ecr""], ""nodes"": 8}",1c54af58f98ce04f3c64adbffe8dbe5ec26492bca016b2595a08e9c2b5021db4,null,N6_x2_t0.24_r8_current__synthetic_grid_8q_transpiler__seed7,identity proxy before selection when layout is transpiler,1c000dbb03545990843f258f2cd99e62a98221c482c76d7c86deb19993107e91_synthetic_grid_8q_transpiler,basic,11,v0.4.0,1c000dbb03545990843f258f2cd99e62a98221c482c76d7c86deb19993107e91_synthetic_grid_8q_transpiler_11,482,386,1616,0.00017489848199999988,-158,0.015000415005488321,True,,1.4386470713336298e-13,1e-10,logical Operator.equiv + routed zero/3 random states,"[1, 5, 6, 7, 3, 2]"
6,2.0,0.24,8,current,1c000dbb03545990843f258f2cd99e62a98221c482c76d7c86deb19993107e91,deaf935266467950cd58176b219aee007813075ec88ef210e712ade79ff62e2a,1873,1360,1137,736,31,1.7419354838709677,5,1.6666666666666667,2,1,8,10,2.5,4,2.0,1.6521739130434783,4.0,1,robustness,synthetic_grid_8q_transpiler,grid,transpiler,SYNTHETIC_TARGET,"{""edges"": [[0, 1], [0, 4], [1, 0], [1, 2], [1, 5], [2, 1], [2, 3], [2, 6], [3, 2], [3, 7], [4, 0], [4, 5], [5, 1], [5, 4], [5, 6], [6, 2], [6, 5], [6, 7], [7, 3], [7, 6]], ""seed"": 7, ""basis"": [""id"", ""rz"", ""sx"", ""x"", ""ecr""], ""nodes"": 8}",1c54af58f98ce04f3c64adbffe8dbe5ec26492bca016b2595a08e9c2b5021db4,null,N6_x2_t0.24_r8_current__synthetic_grid_8q_transpiler__seed7,identity proxy before selection when layout is transpiler,1c000dbb03545990843f258f2cd99e62a98221c482c76d7c86deb19993107e91_synthetic_grid_8q_transpiler,teleport,11,v0.4.0,1c000dbb03545990843f258f2cd99e62a98221c482c76d7c86deb19993107e91_synthetic_grid_8q_transpiler_11,536,467,1600,0.0002200466219999995,-200,0.09069658899534261,True,,8.764069127382069e-14,1e-10,logical Operator.equiv + routed zero/3 random states,"[1, 5, 6, 7, 3, 2]"
6,2.0,0.24,8,current,1c000dbb03545990843f258f2cd99e62a98221c482c76d7c86deb19993107e91,deaf935266467950cd58176b219aee007813075ec88ef210e712ade79ff62e2a,1873,1360,1137,736,31,1.7419354838709677,5,1.6666666666666667,2,1,8,10,2.5,4,2.0,1.6521739130434783,4.0,1,robustness,synthetic_grid_8q_transpiler,grid,transpiler,SYNTHETIC_TARGET,"{""edges"": [[0, 1], [0, 4], [1, 0], [1, 2], [1, 5], [2, 1], [2, 3], [2, 6], [3, 2], [3, 7], [4, 0], [4, 5], [5, 1], [5, 4], [5, 6], [6, 2], [6, 5], [6, 7], [7, 3], [7, 6]], ""seed"": 7, ""basis"": [""id"", ""rz"", ""sx"", ""x"", ""ecr""], ""nodes"": 8}",1c54af58f98ce04f3c64adbffe8dbe5ec26492bca016b2595a08e9c2b5021db4,null,N6_x2_t0.24_r8_current__synthetic_grid_8q_transpiler__seed7,identity proxy before selection when layout is transpiler,1c000dbb03545990843f258f2cd99e62a98221c482c76d7c86deb19993107e91_synthetic_grid_8q_transpiler,basic,19,v0.4.0,1c000dbb03545990843f258f2cd99e62a98221c482c76d7c86deb19993107e91_synthetic_grid_8q_transpiler_19,482,386,1648,0.00015553408799999968,-158,0.015186511001957115,True,,2.150471282813125e-13,1e-10,logical Operator.equiv + routed zero/3 random states,"[6, 7, 3, 2, 1, 0]"
6,2.0,0.24,8,current,1c000dbb03545990843f258f2cd99e62a98221c482c76d7c86deb19993107e91,deaf935266467950cd58176b219aee007813075ec88ef210e712ade79ff62e2a,1873,1360,1137,736,31,1.7419354838709677,5,1.6666666666666667,2,1,8,10,2.5,4,2.0,1.6521739130434783,4.0,1,robustness,synthetic_grid_8q_transpiler,grid,transpiler,SYNTHETIC_TARGET,"{""edges"": [[0, 1], [0, 4], [1, 0], [1, 2], [1, 5], [2, 1], [2, 3], [2, 6], [3, 2], [3, 7], [4, 0], [4, 5], [5, 1], [5, 4], [5, 6], [6, 2], [6, 5], [6, 7], [7, 3], [7, 6]], ""seed"": 7, ""basis"": [""id"", ""rz"", ""sx"", ""x"", ""ecr""], ""nodes"": 8}",1c54af58f98ce04f3c64adbffe8dbe5ec26492bca016b2595a08e9c2b5021db4,null,N6_x2_t0.24_r8_current__synthetic_grid_8q_transpiler__seed7,identity proxy before selection when layout is transpiler,1c000dbb03545990843f258f2cd99e62a98221c482c76d7c86deb19993107e91_synthetic_grid_8q_transpiler,teleport,19,v0.4.0,1c000dbb03545990843f258f2cd99e62a98221c482c76d7c86deb19993107e91_synthetic_grid_8q_transpiler_19,536,467,1530,0.00017136801599999926,-200,0.015570796000247356,True,,8.467088438291419e-14,1e-10,logical Operator.equiv + routed zero/3 random states,"[6, 7, 3, 2, 1, 0]"
6,2.0,0.24,8,current,1c000dbb03545990843f258f2cd99e62a98221c482c76d7c86deb19993107e91,deaf935266467950cd58176b219aee007813075ec88ef210e712ade79ff62e2a,1873,1360,1137,736,31,1.7419354838709677,5,1.6666666666666667,2,1,8,10,2.5,4,2.0,1.6521739130434783,4.0,1,robustness,synthetic_grid_8q_transpiler,grid,transpiler,SYNTHETIC_TARGET,"{""edges"": [[0, 1], [0, 4], [1, 0], [1, 2], [1, 5], [2, 1], [2, 3], [2, 6], [3, 2], [3, 7], [4, 0], [4, 5], [5, 1], [5, 4], [5, 6], [6, 2], [6, 5], [6, 7], [7, 3], [7, 6]], ""seed"": 7, ""basis"": [""id"", ""rz"", ""sx"", ""x"", ""ecr""], ""nodes"": 8}",1c54af58f98ce04f3c64adbffe8dbe5ec26492bca016b2595a08e9c2b5021db4,null,N6_x2_t0.24_r8_current__synthetic_grid_8q_transpiler__seed7,identity proxy before selection when layout is transpiler,1c000dbb03545990843f258f2cd99e62a98221c482c76d7c86deb19993107e91_synthetic_grid_8q_transpiler,basic,29,v0.4.0,1c000dbb03545990843f258f2cd99e62a98221c482c76d7c86deb19993107e91_synthetic_grid_8q_transpiler_29,482,386,1675,0.00021344278799999945,-158,0.017200608002895024,True,,2.455501501823994e-13,1e-10,logical Operator.equiv + routed zero/3 random states,"[7, 6, 5, 1, 2, 3]"
6,2.0,0.24,8,current,1c000dbb03545990843f258f2cd99e62a98221c482c76d7c86deb19993107e91,deaf935266467950cd58176b219aee007813075ec88ef210e712ade79ff62e2a,1873,1360,1137,736,31,1.7419354838709677,5,1.6666666666666667,2,1,8,10,2.5,4,2.0,1.6521739130434783,4.0,1,robustness,synthetic_grid_8q_transpiler,grid,transpiler,SYNTHETIC_TARGET,"{""edges"": [[0, 1], [0, 4], [1, 0], [1, 2], [1, 5], [2, 1], [2, 3], [2, 6], [3, 2], [3, 7], [4, 0], [4, 5], [5, 1], [5, 4], [5, 6], [6, 2], [6, 5], [6, 7], [7, 3], [7, 6]], ""seed"": 7, ""basis"": [""id"", ""rz"", ""sx"", ""x"", ""ecr""], ""nodes"": 8}",1c54af58f98ce04f3c64adbffe8dbe5ec26492bca016b2595a08e9c2b5021db4,null,N6_x2_t0.24_r8_current__synthetic_grid_8q_transpiler__seed7,identity proxy before selection when layout is transpiler,1c000dbb03545990843f258f2cd99e62a98221c482c76d7c86deb19993107e91_synthetic_grid_8q_transpiler,teleport,29,v0.4.0,1c000dbb03545990843f258f2cd99e62a98221c482c76d7c86deb19993107e91_synthetic_grid_8q_transpiler_29,536,467,1952,0.0002688071459999982,-200,0.01508943599765189,True,,2.2479220642920335e-13,1e-10,logical Operator.equiv + routed zero/3 random states,"[7, 6, 5, 1, 2, 3]"
6,2.0,0.24,8,current,1c000dbb03545990843f258f2cd99e62a98221c482c76d7c86deb19993107e91,deaf935266467950cd58176b219aee007813075ec88ef210e712ade79ff62e2a,1873,1360,1137,736,31,1.7419354838709677,5,1.6666666666666667,2,1,8,10,2.5,4,2.0,1.6521739130434783,4.0,1,robustness,synthetic_grid_8q_transpiler,grid,transpiler,SYNTHETIC_TARGET,"{""edges"": [[0, 1], [0, 4], [1, 0], [1, 2], [1, 5], [2, 1], [2, 3], [2, 6], [3, 2], [3, 7], [4, 0], [4, 5], [5, 1], [5, 4], [5, 6], [6, 2], [6, 5], [6, 7], [7, 3], [7, 6]], ""seed"": 7, ""basis"": [""id"", ""rz"", ""sx"", ""x"", ""ecr""], ""nodes"": 8}",1c54af58f98ce04f3c64adbffe8dbe5ec26492bca016b2595a08e9c2b5021db4,null,N6_x2_t0.24_r8_current__synthetic_grid_8q_transpiler__seed7,identity proxy before selection when layout is transpiler,1c000dbb03545990843f258f2cd99e62a98221c482c76d7c86deb19993107e91_synthetic_grid_8q_transpiler,basic,37,v0.4.0,1c000dbb03545990843f258f2cd99e62a98221c482c76d7c86deb19993107e91_synthetic_grid_8q_transpiler_37,482,386,1648,0.00016618542600000023,-158,0.015260084997862577,True,,1.5070242839483907e-13,1e-10,logical Operator.equiv + routed zero/3 random states,"[1, 5, 6, 2, 3, 7]"
6,2.0,0.24,8,current,1c000dbb03545990843f258f2cd99e62a98221c482c76d7c86deb19993107e91,deaf935266467950cd58176b219aee007813075ec88ef210e712ade79ff62e2a,1873,1360,1137,736,31,1.7419354838709677,5,1.6666666666666667,2,1,8,10,2.5,4,2.0,1.6521739130434783,4.0,1,robustness,synthetic_grid_8q_transpiler,grid,transpiler,SYNTHETIC_TARGET,"{""edges"": [[0, 1], [0, 4], [1, 0], [1, 2], [1, 5], [2, 1], [2, 3], [2, 6], [3, 2], [3, 7], [4, 0], [4, 5], [5, 1], [5, 4], [5, 6], [6, 2], [6, 5], [6, 7], [7, 3], [7, 6]], ""seed"": 7, ""basis"": [""id"", ""rz"", ""sx"", ""x"", ""ecr""], ""nodes"": 8}",1c54af58f98ce04f3c64adbffe8dbe5ec26492bca016b2595a08e9c2b5021db4,null,N6_x2_t0.24_r8_current__synthetic_grid_8q_transpiler__seed7,identity proxy before selection when layout is transpiler,1c000dbb03545990843f258f2cd99e62a98221c482c76d7c86deb19993107e91_synthetic_grid_8q_transpiler,teleport,37,v0.4.0,1c000dbb03545990843f258f2cd99e62a98221c482c76d7c86deb19993107e91_synthetic_grid_8q_transpiler_37,536,467,1539,0.0002114902979999999,-200,0.015331069997046143,True,,8.060204344322116e-14,1e-10,logical Operator.equiv + routed zero/3 random states,"[1, 5, 6, 2, 3, 7]"
6,2.0,0.24,8,current,1c000dbb03545990843f258f2cd99e62a98221c482c76d7c86deb19993107e91,deaf935266467950cd58176b219aee007813075ec88ef210e712ade79ff62e2a,1873,1360,1137,736,31,1.7419354838709677,5,1.6666666666666667,2,1,8,10,2.5,4,2.0,1.6521739130434783,4.0,1,robustness,synthetic_grid_8q_transpiler,grid,transpiler,SYNTHETIC_TARGET,"{""edges"": [[0, 1], [0, 4], [1, 0], [1, 2], [1, 5], [2, 1], [2, 3], [2, 6], [3, 2], [3, 7], [4, 0], [4, 5], [5, 1], [5, 4], [5, 6], [6, 2], [6, 5], [6, 7], [7, 3], [7, 6]], ""seed"": 7, ""basis"": [""id"", ""rz"", ""sx"", ""x"", ""ecr""], ""nodes"": 8}",1c54af58f98ce04f3c64adbffe8dbe5ec26492bca016b2595a08e9c2b5021db4,null,N6_x2_t0.24_r8_current__synthetic_grid_8q_transpiler__seed7,identity proxy before selection when layout is transpiler,1c000dbb03545990843f258f2cd99e62a98221c482c76d7c86deb19993107e91_synthetic_grid_8q_transpiler,basic,47,v0.4.0,1c000dbb03545990843f258f2cd99e62a98221c482c76d7c86deb19993107e91_synthetic_grid_8q_transpiler_47,482,386,1587,0.00014642542799999983,-158,0.015303923006285913,True,,1.8276507417262248e-13,1e-10,logical Operator.equiv + routed zero/3 random states,"[7, 6, 2, 1, 5, 4]"
6,2.0,0.24,8,current,1c000dbb03545990843f258f2cd99e62a98221c482c76d7c86deb19993107e91,deaf935266467950cd58176b219aee007813075ec88ef210e712ade79ff62e2a,1873,1360,1137,736,31,1.7419354838709677,5,1.6666666666666667,2,1,8,10,2.5,4,2.0,1.6521739130434783,4.0,1,robustness,synthetic_grid_8q_transpiler,grid,transpiler,SYNTHETIC_TARGET,"{""edges"": [[0, 1], [0, 4], [1, 0], [1, 2], [1, 5], [2, 1], [2, 3], [2, 6], [3, 2], [3, 7], [4, 0], [4, 5], [5, 1], [5, 4], [5, 6], [6, 2], [6, 5], [6, 7], [7, 3], [7, 6]], ""seed"": 7, ""basis"": [""id"", ""rz"", ""sx"", ""x"", ""ecr""], ""nodes"": 8}",1c54af58f98ce04f3c64adbffe8dbe5ec26492bca016b2595a08e9c2b5021db4,null,N6_x2_t0.24_r8_current__synthetic_grid_8q_transpiler__seed7,identity proxy before selection when layout is transpiler,1c000dbb03545990843f258f2cd99e62a98221c482c76d7c86deb19993107e91_synthetic_grid_8q_transpiler,teleport,47,v0.4.0,1c000dbb03545990843f258f2cd99e62a98221c482c76d7c86deb19993107e91_synthetic_grid_8q_transpiler_47,536,467,1589,0.00016934248799999917,-200,0.014223696998669766,True,,1.302541087284836e-13,1e-10,logical Operator.equiv + routed zero/3 random states,"[7, 6, 2, 1, 5, 4]"
6,4.0,0.32,2,symmetry,10c94ee239653a068cec24e35ee4e3d08e1b8af56ad8685361f7159dac9a2303,22212664afc1417240d2159e660dfd5bef69af78a6080db0f12d8faa91232b09,469,240,285,184,31,1.7419354838709677,5,1.6666666666666667,2,1,8,9,2.25,4,2.0714285714285716,1.0,1.0,1,robustness,synthetic_irregular_8q_favorable,irregular,favorable,SYNTHETIC_TARGET,"{""edges"": [[0, 1], [0, 3], [1, 0], [1, 2], [2, 1], [2, 3], [2, 7], [3, 0], [3, 2], [3, 4], [4, 3], [4, 5], [5, 4], [5, 6], [6, 5], [6, 7], [7, 2], [7, 6]], ""seed"": 7, ""basis"": [""id"", ""rz"", ""sx"", ""x"", ""ecr""], ""nodes"": 8}",6b6ce92b7572d9aab18041c2ed891a6915103a840fb0577e497bbcb3d6fc0831,"[0, 1, 2, 3, 4, 5]",N6_x4_t0.32_r2_symmetry__synthetic_irregular_8q_favorable__seed7,identity proxy before selection when layout is transpiler,10c94ee239653a068cec24e35ee4e3d08e1b8af56ad8685361f7159dac9a2303_synthetic_irregular_8q_favorable,basic,11,v0.4.0,10c94ee239653a068cec24e35ee4e3d08e1b8af56ad8685361f7159dac9a2303_synthetic_irregular_8q_favorable_11,82,57,285,2.7308886000000004e-05,-70,0.007695237000007182,True,,7.809730483365639e-15,1e-10,logical Operator.equiv + routed zero/3 random states,"[0, 1, 2, 3, 4, 5]"
6,4.0,0.32,2,symmetry,10c94ee239653a068cec24e35ee4e3d08e1b8af56ad8685361f7159dac9a2303,22212664afc1417240d2159e660dfd5bef69af78a6080db0f12d8faa91232b09,469,240,285,184,31,1.7419354838709677,5,1.6666666666666667,2,1,8,9,2.25,4,2.0714285714285716,1.0,1.0,1,robustness,synthetic_irregular_8q_favorable,irregular,favorable,SYNTHETIC_TARGET,"{""edges"": [[0, 1], [0, 3], [1, 0], [1, 2], [2, 1], [2, 3], [2, 7], [3, 0], [3, 2], [3, 4], [4, 3], [4, 5], [5, 4], [5, 6], [6, 5], [6, 7], [7, 2], [7, 6]], ""seed"": 7, ""basis"": [""id"", ""rz"", ""sx"", ""x"", ""ecr""], ""nodes"": 8}",6b6ce92b7572d9aab18041c2ed891a6915103a840fb0577e497bbcb3d6fc0831,"[0, 1, 2, 3, 4, 5]",N6_x4_t0.32_r2_symmetry__synthetic_irregular_8q_favorable__seed7,identity proxy before selection when layout is transpiler,10c94ee239653a068cec24e35ee4e3d08e1b8af56ad8685361f7159dac9a2303_synthetic_irregular_8q_favorable,teleport,11,v0.4.0,10c94ee239653a068cec24e35ee4e3d08e1b8af56ad8685361f7159dac9a2303_synthetic_irregular_8q_favorable_11,106,79,339,4.4206638000000036e-05,-78,0.008601966997957788,True,,1.0523392529146314e-14,1e-10,logical Operator.equiv + routed zero/3 random states,"[0, 1, 2, 3, 4, 5]"
6,4.0,0.32,2,symmetry,10c94ee239653a068cec24e35ee4e3d08e1b8af56ad8685361f7159dac9a2303,22212664afc1417240d2159e660dfd5bef69af78a6080db0f12d8faa91232b09,469,240,285,184,31,1.7419354838709677,5,1.6666666666666667,2,1,8,9,2.25,4,2.0714285714285716,1.0,1.0,1,robustness,synthetic_irregular_8q_favorable,irregular,favorable,SYNTHETIC_TARGET,"{""edges"": [[0, 1], [0, 3], [1, 0], [1, 2], [2, 1], [2, 3], [2, 7], [3, 0], [3, 2], [3, 4], [4, 3], [4, 5], [5, 4], [5, 6], [6, 5], [6, 7], [7, 2], [7, 6]], ""seed"": 7, ""basis"": [""id"", ""rz"", ""sx"", ""x"", ""ecr""], ""nodes"": 8}",6b6ce92b7572d9aab18041c2ed891a6915103a840fb0577e497bbcb3d6fc0831,"[0, 1, 2, 3, 4, 5]",N6_x4_t0.32_r2_symmetry__synthetic_irregular_8q_favorable__seed7,identity proxy before selection when layout is transpiler,10c94ee239653a068cec24e35ee4e3d08e1b8af56ad8685361f7159dac9a2303_synthetic_irregular_8q_favorable,basic,19,v0.4.0,10c94ee239653a068cec24e35ee4e3d08e1b8af56ad8685361f7159dac9a2303_synthetic_irregular_8q_favorable_19,82,57,285,2.7308886000000004e-05,-70,0.008052464996580966,True,,7.809730483365639e-15,1e-10,logical Operator.equiv + routed zero/3 random states,"[0, 1, 2, 3, 4, 5]"
6,4.0,0.32,2,symmetry,10c94ee239653a068cec24e35ee4e3d08e1b8af56ad8685361f7159dac9a2303,22212664afc1417240d2159e660dfd5bef69af78a6080db0f12d8faa91232b09,469,240,285,184,31,1.7419354838709677,5,1.6666666666666667,2,1,8,9,2.25,4,2.0714285714285716,1.0,1.0,1,robustness,synthetic_irregular_8q_favorable,irregular,favorable,SYNTHETIC_TARGET,"{""edges"": [[0, 1], [0, 3], [1, 0], [1, 2], [2, 1], [2, 3], [2, 7], [3, 0], [3, 2], [3, 4], [4, 3], [4, 5], [5, 4], [5, 6], [6, 5], [6, 7], [7, 2], [7, 6]], ""seed"": 7, ""basis"": [""id"", ""rz"", ""sx"", ""x"", ""ecr""], ""nodes"": 8}",6b6ce92b7572d9aab18041c2ed891a6915103a840fb0577e497bbcb3d6fc0831,"[0, 1, 2, 3, 4, 5]",N6_x4_t0.32_r2_symmetry__synthetic_irregular_8q_favorable__seed7,identity proxy before selection when layout is transpiler,10c94ee239653a068cec24e35ee4e3d08e1b8af56ad8685361f7159dac9a2303_synthetic_irregular_8q_favorable,teleport,19,v0.4.0,10c94ee239653a068cec24e35ee4e3d08e1b8af56ad8685361f7159dac9a2303_synthetic_irregular_8q_favorable_19,106,79,339,4.4206638000000036e-05,-78,0.007682661002036184,True,,1.0523392529146314e-14,1e-10,logical Operator.equiv + routed zero/3 random states,"[0, 1, 2, 3, 4, 5]"
6,4.0,0.32,2,symmetry,10c94ee239653a068cec24e35ee4e3d08e1b8af56ad8685361f7159dac9a2303,22212664afc1417240d2159e660dfd5bef69af78a6080db0f12d8faa91232b09,469,240,285,184,31,1.7419354838709677,5,1.6666666666666667,2,1,8,9,2.25,4,2.0714285714285716,1.0,1.0,1,robustness,synthetic_irregular_8q_favorable,irregular,favorable,SYNTHETIC_TARGET,"{""edges"": [[0, 1], [0, 3], [1, 0], [1, 2], [2, 1], [2, 3], [2, 7], [3, 0], [3, 2], [3, 4], [4, 3], [4, 5], [5, 4], [5, 6], [6, 5], [6, 7], [7, 2], [7, 6]], ""seed"": 7, ""basis"": [""id"", ""rz"", ""sx"", ""x"", ""ecr""], ""nodes"": 8}",6b6ce92b7572d9aab18041c2ed891a6915103a840fb0577e497bbcb3d6fc0831,"[0, 1, 2, 3, 4, 5]",N6_x4_t0.32_r2_symmetry__synthetic_irregular_8q_favorable__seed7,identity proxy before selection when layout is transpiler,10c94ee239653a068cec24e35ee4e3d08e1b8af56ad8685361f7159dac9a2303_synthetic_irregular_8q_favorable,basic,29,v0.4.0,10c94ee239653a068cec24e35ee4e3d08e1b8af56ad8685361f7159dac9a2303_synthetic_irregular_8q_favorable_29,82,57,285,2.7308886000000004e-05,-70,0.008811746993160341,True,,7.809730483365639e-15,1e-10,logical Operator.equiv + routed zero/3 random states,"[0, 1, 2, 3, 4, 5]"
6,4.0,0.32,2,symmetry,10c94ee239653a068cec24e35ee4e3d08e1b8af56ad8685361f7159dac9a2303,22212664afc1417240d2159e660dfd5bef69af78a6080db0f12d8faa91232b09,469,240,285,184,31,1.7419354838709677,5,1.6666666666666667,2,1,8,9,2.25,4,2.0714285714285716,1.0,1.0,1,robustness,synthetic_irregular_8q_favorable,irregular,favorable,SYNTHETIC_TARGET,"{""edges"": [[0, 1], [0, 3], [1, 0], [1, 2], [2, 1], [2, 3], [2, 7], [3, 0], [3, 2], [3, 4], [4, 3], [4, 5], [5, 4], [5, 6], [6, 5], [6, 7], [7, 2], [7, 6]], ""seed"": 7, ""basis"": [""id"", ""rz"", ""sx"", ""x"", ""ecr""], ""nodes"": 8}",6b6ce92b7572d9aab18041c2ed891a6915103a840fb0577e497bbcb3d6fc0831,"[0, 1, 2, 3, 4, 5]",N6_x4_t0.32_r2_symmetry__synthetic_irregular_8q_favorable__seed7,identity proxy before selection when layout is transpiler,10c94ee239653a068cec24e35ee4e3d08e1b8af56ad8685361f7159dac9a2303_synthetic_irregular_8q_favorable,teleport,29,v0.4.0,10c94ee239653a068cec24e35ee4e3d08e1b8af56ad8685361f7159dac9a2303_synthetic_irregular_8q_favorable_29,106,79,339,4.4206638000000036e-05,-78,0.008304358998429962,True,,1.0523392529146314e-14,1e-10,logical Operator.equiv + routed zero/3 random states,"[0, 1, 2, 3, 4, 5]"
6,4.0,0.32,2,symmetry,10c94ee239653a068cec24e35ee4e3d08e1b8af56ad8685361f7159dac9a2303,22212664afc1417240d2159e660dfd5bef69af78a6080db0f12d8faa91232b09,469,240,285,184,31,1.7419354838709677,5,1.6666666666666667,2,1,8,9,2.25,4,2.0714285714285716,1.0,1.0,1,robustness,synthetic_irregular_8q_favorable,irregular,favorable,SYNTHETIC_TARGET,"{""edges"": [[0, 1], [0, 3], [1, 0], [1, 2], [2, 1], [2, 3], [2, 7], [3, 0], [3, 2], [3, 4], [4, 3], [4, 5], [5, 4], [5, 6], [6, 5], [6, 7], [7, 2], [7, 6]], ""seed"": 7, ""basis"": [""id"", ""rz"", ""sx"", ""x"", ""ecr""], ""nodes"": 8}",6b6ce92b7572d9aab18041c2ed891a6915103a840fb0577e497bbcb3d6fc0831,"[0, 1, 2, 3, 4, 5]",N6_x4_t0.32_r2_symmetry__synthetic_irregular_8q_favorable__seed7,identity proxy before selection when layout is transpiler,10c94ee239653a068cec24e35ee4e3d08e1b8af56ad8685361f7159dac9a2303_synthetic_irregular_8q_favorable,basic,37,v0.4.0,10c94ee239653a068cec24e35ee4e3d08e1b8af56ad8685361f7159dac9a2303_synthetic_irregular_8q_favorable_37,82,57,285,2.7308886000000004e-05,-70,0.007858168995880987,True,,7.809730483365639e-15,1e-10,logical Operator.equiv + routed zero/3 random states,"[0, 1, 2, 3, 4, 5]"
6,4.0,0.32,2,symmetry,10c94ee239653a068cec24e35ee4e3d08e1b8af56ad8685361f7159dac9a2303,22212664afc1417240d2159e660dfd5bef69af78a6080db0f12d8faa91232b09,469,240,285,184,31,1.7419354838709677,5,1.6666666666666667,2,1,8,9,2.25,4,2.0714285714285716,1.0,1.0,1,robustness,synthetic_irregular_8q_favorable,irregular,favorable,SYNTHETIC_TARGET,"{""edges"": [[0, 1], [0, 3], [1, 0], [1, 2], [2, 1], [2, 3], [2, 7], [3, 0], [3, 2], [3, 4], [4, 3], [4, 5], [5, 4], [5, 6], [6, 5], [6, 7], [7, 2], [7, 6]], ""seed"": 7, ""basis"": [""id"", ""rz"", ""sx"", ""x"", ""ecr""], ""nodes"": 8}",6b6ce92b7572d9aab18041c2ed891a6915103a840fb0577e497bbcb3d6fc0831,"[0, 1, 2, 3, 4, 5]",N6_x4_t0.32_r2_symmetry__synthetic_irregular_8q_favorable__seed7,identity proxy before selection when layout is transpiler,10c94ee239653a068cec24e35ee4e3d08e1b8af56ad8685361f7159dac9a2303_synthetic_irregular_8q_favorable,teleport,37,v0.4.0,10c94ee239653a068cec24e35ee4e3d08e1b8af56ad8685361f7159dac9a2303_synthetic_irregular_8q_favorable_37,106,79,339,4.4206638000000036e-05,-78,0.007741856999928132,True,,1.0523392529146314e-14,1e-10,logical Operator.equiv + routed zero/3 random states,"[0, 1, 2, 3, 4, 5]"
6,4.0,0.32,2,symmetry,10c94ee239653a068cec24e35ee4e3d08e1b8af56ad8685361f7159dac9a2303,22212664afc1417240d2159e660dfd5bef69af78a6080db0f12d8faa91232b09,469,240,285,184,31,1.7419354838709677,5,1.6666666666666667,2,1,8,9,2.25,4,2.0714285714285716,1.0,1.0,1,robustness,synthetic_irregular_8q_favorable,irregular,favorable,SYNTHETIC_TARGET,"{""edges"": [[0, 1], [0, 3], [1, 0], [1, 2], [2, 1], [2, 3], [2, 7], [3, 0], [3, 2], [3, 4], [4, 3], [4, 5], [5, 4], [5, 6], [6, 5], [6, 7], [7, 2], [7, 6]], ""seed"": 7, ""basis"": [""id"", ""rz"", ""sx"", ""x"", ""ecr""], ""nodes"": 8}",6b6ce92b7572d9aab18041c2ed891a6915103a840fb0577e497bbcb3d6fc0831,"[0, 1, 2, 3, 4, 5]",N6_x4_t0.32_r2_symmetry__synthetic_irregular_8q_favorable__seed7,identity proxy before selection when layout is transpiler,10c94ee239653a068cec24e35ee4e3d08e1b8af56ad8685361f7159dac9a2303_synthetic_irregular_8q_favorable,basic,47,v0.4.0,10c94ee239653a068cec24e35ee4e3d08e1b8af56ad8685361f7159dac9a2303_synthetic_irregular_8q_favorable_47,82,57,285,2.7308886000000004e-05,-70,0.007958984999277163,True,,7.809730483365639e-15,1e-10,logical Operator.equiv + routed zero/3 random states,"[0, 1, 2, 3, 4, 5]"
6,4.0,0.32,2,symmetry,10c94ee239653a068cec24e35ee4e3d08e1b8af56ad8685361f7159dac9a2303,22212664afc1417240d2159e660dfd5bef69af78a6080db0f12d8faa91232b09,469,240,285,184,31,1.7419354838709677,5,1.6666666666666667,2,1,8,9,2.25,4,2.0714285714285716,1.0,1.0,1,robustness,synthetic_irregular_8q_favorable,irregular,favorable,SYNTHETIC_TARGET,"{""edges"": [[0, 1], [0, 3], [1, 0], [1, 2], [2, 1], [2, 3], [2, 7], [3, 0], [3, 2], [3, 4], [4, 3], [4, 5], [5, 4], [5, 6], [6, 5], [6, 7], [7, 2], [7, 6]], ""seed"": 7, ""basis"": [""id"", ""rz"", ""sx"", ""x"", ""ecr""], ""nodes"": 8}",6b6ce92b7572d9aab18041c2ed891a6915103a840fb0577e497bbcb3d6fc0831,"[0, 1, 2, 3, 4, 5]",N6_x4_t0.32_r2_symmetry__synthetic_irregular_8q_favorable__seed7,identity proxy before selection when layout is transpiler,10c94ee239653a068cec24e35ee4e3d08e1b8af56ad8685361f7159dac9a2303_synthetic_irregular_8q_favorable,teleport,47,v0.4.0,10c94ee239653a068cec24e35ee4e3d08e1b8af56ad8685361f7159dac9a2303_synthetic_irregular_8q_favorable_47,106,79,339,4.4206638000000036e-05,-78,0.007889747997978702,True,,1.0523392529146314e-14,1e-10,logical Operator.equiv + routed zero/3 random states,"[0, 1, 2, 3, 4, 5]"
2,1.5,0.2,3,current,00dec25597397b2934fb42740994f65c50571551a5090f8e130104971b3c190f,1c2a0cd100aa0db30812be65110f1d09aab3b7c0b237bef79d992cd34d08c6f5,127,115,91,36,7,1.4285714285714286,1,1.0,1,1,6,5,1.6666666666666667,5,2.3333333333333335,1.0,1.0,1,prospective,synthetic_line_6q_favorable,line,favorable,SYNTHETIC_TARGET,"{""edges"": [[0, 1], [1, 0], [1, 2], [2, 1], [2, 3], [3, 2], [3, 4], [4, 3], [4, 5], [5, 4]], ""seed"": 7, ""basis"": [""id"", ""rz"", ""sx"", ""x"", ""ecr""], ""nodes"": 6}",ccfecec17e274607ed29176fa4c2a758de445cb0e2e85ddcc1bbcb36bd80dcb3,"[0, 1]",,identity proxy before selection when layout is transpiler,00dec25597397b2934fb42740994f65c50571551a5090f8e130104971b3c190f_synthetic_line_6q_favorable,basic,11,v0.4.0,00dec25597397b2934fb42740994f65c50571551a5090f8e130104971b3c190f_synthetic_line_6q_favorable_11,3,3,23,1.39305e-06,-27,0.004553835999104194,True,,4.681568408891057e-15,1e-10,logical Operator.equiv + routed zero/3 random states,"[0, 1]"
2,1.5,0.2,3,current,00dec25597397b2934fb42740994f65c50571551a5090f8e130104971b3c190f,1c2a0cd100aa0db30812be65110f1d09aab3b7c0b237bef79d992cd34d08c6f5,127,115,91,36,7,1.4285714285714286,1,1.0,1,1,6,5,1.6666666666666667,5,2.3333333333333335,1.0,1.0,1,prospective,synthetic_line_6q_favorable,line,favorable,SYNTHETIC_TARGET,"{""edges"": [[0, 1], [1, 0], [1, 2], [2, 1], [2, 3], [3, 2], [3, 4], [4, 3], [4, 5], [5, 4]], ""seed"": 7, ""basis"": [""id"", ""rz"", ""sx"", ""x"", ""ecr""], ""nodes"": 6}",ccfecec17e274607ed29176fa4c2a758de445cb0e2e85ddcc1bbcb36bd80dcb3,"[0, 1]",,identity proxy before selection when layout is transpiler,00dec25597397b2934fb42740994f65c50571551a5090f8e130104971b3c190f_synthetic_line_6q_favorable,teleport,11,v0.4.0,00dec25597397b2934fb42740994f65c50571551a5090f8e130104971b3c190f_synthetic_line_6q_favorable_11,3,3,23,1.39305e-06,-33,0.004557041000225581,True,,3.0263761239356783e-15,1e-10,logical Operator.equiv + routed zero/3 random states,"[0, 1]"
2,1.5,0.2,3,current,00dec25597397b2934fb42740994f65c50571551a5090f8e130104971b3c190f,1c2a0cd100aa0db30812be65110f1d09aab3b7c0b237bef79d992cd34d08c6f5,127,115,91,36,7,1.4285714285714286,1,1.0,1,1,6,5,1.6666666666666667,5,2.3333333333333335,1.0,1.0,1,prospective,synthetic_line_6q_favorable,line,favorable,SYNTHETIC_TARGET,"{""edges"": [[0, 1], [1, 0], [1, 2], [2, 1], [2, 3], [3, 2], [3, 4], [4, 3], [4, 5], [5, 4]], ""seed"": 7, ""basis"": [""id"", ""rz"", ""sx"", ""x"", ""ecr""], ""nodes"": 6}",ccfecec17e274607ed29176fa4c2a758de445cb0e2e85ddcc1bbcb36bd80dcb3,"[0, 1]",,identity proxy before selection when layout is transpiler,00dec25597397b2934fb42740994f65c50571551a5090f8e130104971b3c190f_synthetic_line_6q_favorable,basic,19,v0.4.0,00dec25597397b2934fb42740994f65c50571551a5090f8e130104971b3c190f_synthetic_line_6q_favorable_19,3,3,23,1.39305e-06,-27,0.004455906004295684,True,,4.681568408891057e-15,1e-10,logical Operator.equiv + routed zero/3 random states,"[0, 1]"
2,1.5,0.2,3,current,00dec25597397b2934fb42740994f65c50571551a5090f8e130104971b3c190f,1c2a0cd100aa0db30812be65110f1d09aab3b7c0b237bef79d992cd34d08c6f5,127,115,91,36,7,1.4285714285714286,1,1.0,1,1,6,5,1.6666666666666667,5,2.3333333333333335,1.0,1.0,1,prospective,synthetic_line_6q_favorable,line,favorable,SYNTHETIC_TARGET,"{""edges"": [[0, 1], [1, 0], [1, 2], [2, 1], [2, 3], [3, 2], [3, 4], [4, 3], [4, 5], [5, 4]], ""seed"": 7, ""basis"": [""id"", ""rz"", ""sx"", ""x"", ""ecr""], ""nodes"": 6}",ccfecec17e274607ed29176fa4c2a758de445cb0e2e85ddcc1bbcb36bd80dcb3,"[0, 1]",,identity proxy before selection when layout is transpiler,00dec25597397b2934fb42740994f65c50571551a5090f8e130104971b3c190f_synthetic_line_6q_favorable,teleport,19,v0.4.0,00dec25597397b2934fb42740994f65c50571551a5090f8e130104971b3c190f_synthetic_line_6q_favorable_19,3,3,23,1.39305e-06,-33,0.004675422998843715,True,,3.0263761239356783e-15,1e-10,logical Operator.equiv + routed zero/3 random states,"[0, 1]"
2,1.5,0.2,3,current,00dec25597397b2934fb42740994f65c50571551a5090f8e130104971b3c190f,1c2a0cd100aa0db30812be65110f1d09aab3b7c0b237bef79d992cd34d08c6f5,127,115,91,36,7,1.4285714285714286,1,1.0,1,1,6,5,1.6666666666666667,5,2.3333333333333335,1.0,1.0,1,prospective,synthetic_line_6q_favorable,line,favorable,SYNTHETIC_TARGET,"{""edges"": [[0, 1], [1, 0], [1, 2], [2, 1], [2, 3], [3, 2], [3, 4], [4, 3], [4, 5], [5, 4]], ""seed"": 7, ""basis"": [""id"", ""rz"", ""sx"", ""x"", ""ecr""], ""nodes"": 6}",ccfecec17e274607ed29176fa4c2a758de445cb0e2e85ddcc1bbcb36bd80dcb3,"[0, 1]",,identity proxy before selection when layout is transpiler,00dec25597397b2934fb42740994f65c50571551a5090f8e130104971b3c190f_synthetic_line_6q_favorable,basic,29,v0.4.0,00dec25597397b2934fb42740994f65c50571551a5090f8e130104971b3c190f_synthetic_line_6q_favorable_29,3,3,23,1.39305e-06,-27,0.0046260759991128,True,,4.681568408891057e-15,1e-10,logical Operator.equiv + routed zero/3 random states,"[0, 1]"
2,1.5,0.2,3,current,00dec25597397b2934fb42740994f65c50571551a5090f8e130104971b3c190f,1c2a0cd100aa0db30812be65110f1d09aab3b7c0b237bef79d992cd34d08c6f5,127,115,91,36,7,1.4285714285714286,1,1.0,1,1,6,5,1.6666666666666667,5,2.3333333333333335,1.0,1.0,1,prospective,synthetic_line_6q_favorable,line,favorable,SYNTHETIC_TARGET,"{""edges"": [[0, 1], [1, 0], [1, 2], [2, 1], [2, 3], [3, 2], [3, 4], [4, 3], [4, 5], [5, 4]], ""seed"": 7, ""basis"": [""id"", ""rz"", ""sx"", ""x"", ""ecr""], ""nodes"": 6}",ccfecec17e274607ed29176fa4c2a758de445cb0e2e85ddcc1bbcb36bd80dcb3,"[0, 1]",,identity proxy before selection when layout is transpiler,00dec25597397b2934fb42740994f65c50571551a5090f8e130104971b3c190f_synthetic_line_6q_favorable,teleport,29,v0.4.0,00dec25597397b2934fb42740994f65c50571551a5090f8e130104971b3c190f_synthetic_line_6q_favorable_29,3,3,23,1.39305e-06,-33,0.004667228000471368,True,,3.0263761239356783e-15,1e-10,logical Operator.equiv + routed zero/3 random states,"[0, 1]"
2,1.5,0.2,3,current,00dec25597397b2934fb42740994f65c50571551a5090f8e130104971b3c190f,1c2a0cd100aa0db30812be65110f1d09aab3b7c0b237bef79d992cd34d08c6f5,127,115,91,36,7,1.4285714285714286,1,1.0,1,1,6,5,1.6666666666666667,5,2.3333333333333335,1.0,1.0,1,prospective,synthetic_line_6q_favorable,line,favorable,SYNTHETIC_TARGET,"{""edges"": [[0, 1], [1, 0], [1, 2], [2, 1], [2, 3], [3, 2], [3, 4], [4, 3], [4, 5], [5, 4]], ""seed"": 7, ""basis"": [""id"", ""rz"", ""sx"", ""x"", ""ecr""], ""nodes"": 6}",ccfecec17e274607ed29176fa4c2a758de445cb0e2e85ddcc1bbcb36bd80dcb3,"[0, 1]",,identity proxy before selection when layout is transpiler,00dec25597397b2934fb42740994f65c50571551a5090f8e130104971b3c190f_synthetic_line_6q_favorable,basic,37,v0.4.0,00dec25597397b2934fb42740994f65c50571551a5090f8e130104971b3c190f_synthetic_line_6q_favorable_37,3,3,23,1.39305e-06,-27,0.00447423000150593,True,,4.681568408891057e-15,1e-10,logical Operator.equiv + routed zero/3 random states,"[0, 1]"
2,1.5,0.2,3,current,00dec25597397b2934fb42740994f65c50571551a5090f8e130104971b3c190f,1c2a0cd100aa0db30812be65110f1d09aab3b7c0b237bef79d992cd34d08c6f5,127,115,91,36,7,1.4285714285714286,1,1.0,1,1,6,5,1.6666666666666667,5,2.3333333333333335,1.0,1.0,1,prospective,synthetic_line_6q_favorable,line,favorable,SYNTHETIC_TARGET,"{""edges"": [[0, 1], [1, 0], [1, 2], [2, 1], [2, 3], [3, 2], [3, 4], [4, 3], [4, 5], [5, 4]], ""seed"": 7, ""basis"": [""id"", ""rz"", ""sx"", ""x"", ""ecr""], ""nodes"": 6}",ccfecec17e274607ed29176fa4c2a758de445cb0e2e85ddcc1bbcb36bd80dcb3,"[0, 1]",,identity proxy before selection when layout is transpiler,00dec25597397b2934fb42740994f65c50571551a5090f8e130104971b3c190f_synthetic_line_6q_favorable,teleport,37,v0.4.0,00dec25597397b2934fb42740994f65c50571551a5090f8e130104971b3c190f_synthetic_line_6q_favorable_37,3,3,23,1.39305e-06,-33,0.004235912005242426,True,,3.0263761239356783e-15,1e-10,logical Operator.equiv + routed zero/3 random states,"[0, 1]"
2,1.5,0.2,3,current,00dec25597397b2934fb42740994f65c50571551a5090f8e130104971b3c190f,1c2a0cd100aa0db30812be65110f1d09aab3b7c0b237bef79d992cd34d08c6f5,127,115,91,36,7,1.4285714285714286,1,1.0,1,1,6,5,1.6666666666666667,5,2.3333333333333335,1.0,1.0,1,prospective,synthetic_line_6q_favorable,line,favorable,SYNTHETIC_TARGET,"{""edges"": [[0, 1], [1, 0], [1, 2], [2, 1], [2, 3], [3, 2], [3, 4], [4, 3], [4, 5], [5, 4]], ""seed"": 7, ""basis"": [""id"", ""rz"", ""sx"", ""x"", ""ecr""], ""nodes"": 6}",ccfecec17e274607ed29176fa4c2a758de445cb0e2e85ddcc1bbcb36bd80dcb3,"[0, 1]",,identity proxy before selection when layout is transpiler,00dec25597397b2934fb42740994f65c50571551a5090f8e130104971b3c190f_synthetic_line_6q_favorable,basic,47,v0.4.0,00dec25597397b2934fb42740994f65c50571551a5090f8e130104971b3c190f_synthetic_line_6q_favorable_47,3,3,23,1.39305e-06,-27,0.004330484000092838,True,,4.681568408891057e-15,1e-10,logical Operator.equiv + routed zero/3 random states,"[0, 1]"
2,1.5,0.2,3,current,00dec25597397b2934fb42740994f65c50571551a5090f8e130104971b3c190f,1c2a0cd100aa0db30812be65110f1d09aab3b7c0b237bef79d992cd34d08c6f5,127,115,91,36,7,1.4285714285714286,1,1.0,1,1,6,5,1.6666666666666667,5,2.3333333333333335,1.0,1.0,1,prospective,synthetic_line_6q_favorable,line,favorable,SYNTHETIC_TARGET,"{""edges"": [[0, 1], [1, 0], [1, 2], [2, 1], [2, 3], [3, 2], [3, 4], [4, 3], [4, 5], [5, 4]], ""seed"": 7, ""basis"": [""id"", ""rz"", ""sx"", ""x"", ""ecr""], ""nodes"": 6}",ccfecec17e274607ed29176fa4c2a758de445cb0e2e85ddcc1bbcb36bd80dcb3,"[0, 1]",,identity proxy before selection when layout is transpiler,00dec25597397b2934fb42740994f65c50571551a5090f8e130104971b3c190f_synthetic_line_6q_favorable,teleport,47,v0.4.0,00dec25597397b2934fb42740994f65c50571551a5090f8e130104971b3c190f_synthetic_line_6q_favorable_47,3,3,23,1.39305e-06,-33,0.005676595996192191,True,,3.0263761239356783e-15,1e-10,logical Operator.equiv + routed zero/3 random states,"[0, 1]"
2,1.5,0.2,3,current,00dec25597397b2934fb42740994f65c50571551a5090f8e130104971b3c190f,1c2a0cd100aa0db30812be65110f1d09aab3b7c0b237bef79d992cd34d08c6f5,127,115,91,36,7,1.4285714285714286,1,1.0,1,1,6,5,1.6666666666666667,5,2.3333333333333335,5.0,5.0,1,prospective,synthetic_line_6q_spread,line,spread,SYNTHETIC_TARGET,"{""edges"": [[0, 1], [1, 0], [1, 2], [2, 1], [2, 3], [3, 2], [3, 4], [4, 3], [4, 5], [5, 4]], ""seed"": 7, ""basis"": [""id"", ""rz"", ""sx"", ""x"", ""ecr""], ""nodes"": 6}",ccfecec17e274607ed29176fa4c2a758de445cb0e2e85ddcc1bbcb36bd80dcb3,"[0, 5]",,identity proxy before selection when layout is transpiler,00dec25597397b2934fb42740994f65c50571551a5090f8e130104971b3c190f_synthetic_line_6q_spread,basic,11,v0.4.0,00dec25597397b2934fb42740994f65c50571551a5090f8e130104971b3c190f_synthetic_line_6q_spread_11,15,12,55,6.693744000000001e-06,-15,0.0061174490037956275,True,,4.245786650252757e-15,1e-10,logical Operator.equiv + routed zero/3 random states,"[3, 4]"
2,1.5,0.2,3,current,00dec25597397b2934fb42740994f65c50571551a5090f8e130104971b3c190f,1c2a0cd100aa0db30812be65110f1d09aab3b7c0b237bef79d992cd34d08c6f5,127,115,91,36,7,1.4285714285714286,1,1.0,1,1,6,5,1.6666666666666667,5,2.3333333333333335,5.0,5.0,1,prospective,synthetic_line_6q_spread,line,spread,SYNTHETIC_TARGET,"{""edges"": [[0, 1], [1, 0], [1, 2], [2, 1], [2, 3], [3, 2], [3, 4], [4, 3], [4, 5], [5, 4]], ""seed"": 7, ""basis"": [""id"", ""rz"", ""sx"", ""x"", ""ecr""], ""nodes"": 6}",ccfecec17e274607ed29176fa4c2a758de445cb0e2e85ddcc1bbcb36bd80dcb3,"[0, 5]",,identity proxy before selection when layout is transpiler,00dec25597397b2934fb42740994f65c50571551a5090f8e130104971b3c190f_synthetic_line_6q_spread,teleport,11,v0.4.0,00dec25597397b2934fb42740994f65c50571551a5090f8e130104971b3c190f_synthetic_line_6q_spread_11,15,12,55,6.693744000000001e-06,-21,0.0051817579951602966,True,,3.5566146649215975e-15,1e-10,logical Operator.equiv + routed zero/3 random states,"[3, 4]"
2,1.5,0.2,3,current,00dec25597397b2934fb42740994f65c50571551a5090f8e130104971b3c190f,1c2a0cd100aa0db30812be65110f1d09aab3b7c0b237bef79d992cd34d08c6f5,127,115,91,36,7,1.4285714285714286,1,1.0,1,1,6,5,1.6666666666666667,5,2.3333333333333335,5.0,5.0,1,prospective,synthetic_line_6q_spread,line,spread,SYNTHETIC_TARGET,"{""edges"": [[0, 1], [1, 0], [1, 2], [2, 1], [2, 3], [3, 2], [3, 4], [4, 3], [4, 5], [5, 4]], ""seed"": 7, ""basis"": [""id"", ""rz"", ""sx"", ""x"", ""ecr""], ""nodes"": 6}",ccfecec17e274607ed29176fa4c2a758de445cb0e2e85ddcc1bbcb36bd80dcb3,"[0, 5]",,identity proxy before selection when layout is transpiler,00dec25597397b2934fb42740994f65c50571551a5090f8e130104971b3c190f_synthetic_line_6q_spread,basic,19,v0.4.0,00dec25597397b2934fb42740994f65c50571551a5090f8e130104971b3c190f_synthetic_line_6q_spread_19,15,9,49,5.6740979999999966e-06,-15,0.00519764400087297,True,,4.386786067762737e-15,1e-10,logical Operator.equiv + routed zero/3 random states,"[2, 3]"
2,1.5,0.2,3,current,00dec25597397b2934fb42740994f65c50571551a5090f8e130104971b3c190f,1c2a0cd100aa0db30812be65110f1d09aab3b7c0b237bef79d992cd34d08c6f5,127,115,91,36,7,1.4285714285714286,1,1.0,1,1,6,5,1.6666666666666667,5,2.3333333333333335,5.0,5.0,1,prospective,synthetic_line_6q_spread,line,spread,SYNTHETIC_TARGET,"{""edges"": [[0, 1], [1, 0], [1, 2], [2, 1], [2, 3], [3, 2], [3, 4], [4, 3], [4, 5], [5, 4]], ""seed"": 7, ""basis"": [""id"", ""rz"", ""sx"", ""x"", ""ecr""], ""nodes"": 6}",ccfecec17e274607ed29176fa4c2a758de445cb0e2e85ddcc1bbcb36bd80dcb3,"[0, 5]",,identity proxy before selection when layout is transpiler,00dec25597397b2934fb42740994f65c50571551a5090f8e130104971b3c190f_synthetic_line_6q_spread,teleport,19,v0.4.0,00dec25597397b2934fb42740994f65c50571551a5090f8e130104971b3c190f_synthetic_line_6q_spread_19,15,9,49,5.6740979999999966e-06,-21,0.004889660005574115,True,,4.679778539269842e-15,1e-10,logical Operator.equiv + routed zero/3 random states,"[2, 3]"
2,1.5,0.2,3,current,00dec25597397b2934fb42740994f65c50571551a5090f8e130104971b3c190f,1c2a0cd100aa0db30812be65110f1d09aab3b7c0b237bef79d992cd34d08c6f5,127,115,91,36,7,1.4285714285714286,1,1.0,1,1,6,5,1.6666666666666667,5,2.3333333333333335,5.0,5.0,1,prospective,synthetic_line_6q_spread,line,spread,SYNTHETIC_TARGET,"{""edges"": [[0, 1], [1, 0], [1, 2], [2, 1], [2, 3], [3, 2], [3, 4], [4, 3], [4, 5], [5, 4]], ""seed"": 7, ""basis"": [""id"", ""rz"", ""sx"", ""x"", ""ecr""], ""nodes"": 6}",ccfecec17e274607ed29176fa4c2a758de445cb0e2e85ddcc1bbcb36bd80dcb3,"[0, 5]",,identity proxy before selection when layout is transpiler,00dec25597397b2934fb42740994f65c50571551a5090f8e130104971b3c190f_synthetic_line_6q_spread,basic,29,v0.4.0,00dec25597397b2934fb42740994f65c50571551a5090f8e130104971b3c190f_synthetic_line_6q_spread_29,15,9,49,5.6740979999999966e-06,-15,0.0054973450023680925,True,,4.386786067762737e-15,1e-10,logical Operator.equiv + routed zero/3 random states,"[2, 3]"
2,1.5,0.2,3,current,00dec25597397b2934fb42740994f65c50571551a5090f8e130104971b3c190f,1c2a0cd100aa0db30812be65110f1d09aab3b7c0b237bef79d992cd34d08c6f5,127,115,91,36,7,1.4285714285714286,1,1.0,1,1,6,5,1.6666666666666667,5,2.3333333333333335,5.0,5.0,1,prospective,synthetic_line_6q_spread,line,spread,SYNTHETIC_TARGET,"{""edges"": [[0, 1], [1, 0], [1, 2], [2, 1], [2, 3], [3, 2], [3, 4], [4, 3], [4, 5], [5, 4]], ""seed"": 7, ""basis"": [""id"", ""rz"", ""sx"", ""x"", ""ecr""], ""nodes"": 6}",ccfecec17e274607ed29176fa4c2a758de445cb0e2e85ddcc1bbcb36bd80dcb3,"[0, 5]",,identity proxy before selection when layout is transpiler,00dec25597397b2934fb42740994f65c50571551a5090f8e130104971b3c190f_synthetic_line_6q_spread,teleport,29,v0.4.0,00dec25597397b2934fb42740994f65c50571551a5090f8e130104971b3c190f_synthetic_line_6q_spread_29,15,9,49,5.6740979999999966e-06,-21,0.005053146000136621,True,,4.679778539269842e-15,1e-10,logical Operator.equiv + routed zero/3 random states,"[2, 3]"
2,1.5,0.2,3,current,00dec25597397b2934fb42740994f65c50571551a5090f8e130104971b3c190f,1c2a0cd100aa0db30812be65110f1d09aab3b7c0b237bef79d992cd34d08c6f5,127,115,91,36,7,1.4285714285714286,1,1.0,1,1,6,5,1.6666666666666667,5,2.3333333333333335,5.0,5.0,1,prospective,synthetic_line_6q_spread,line,spread,SYNTHETIC_TARGET,"{""edges"": [[0, 1], [1, 0], [1, 2], [2, 1], [2, 3], [3, 2], [3, 4], [4, 3], [4, 5], [5, 4]], ""seed"": 7, ""basis"": [""id"", ""rz"", ""sx"", ""x"", ""ecr""], ""nodes"": 6}",ccfecec17e274607ed29176fa4c2a758de445cb0e2e85ddcc1bbcb36bd80dcb3,"[0, 5]",,identity proxy before selection when layout is transpiler,00dec25597397b2934fb42740994f65c50571551a5090f8e130104971b3c190f_synthetic_line_6q_spread,basic,37,v0.4.0,00dec25597397b2934fb42740994f65c50571551a5090f8e130104971b3c190f_synthetic_line_6q_spread_37,15,9,49,5.6740979999999966e-06,-15,0.005767761998868082,True,,4.386786067762737e-15,1e-10,logical Operator.equiv + routed zero/3 random states,"[2, 3]"
2,1.5,0.2,3,current,00dec25597397b2934fb42740994f65c50571551a5090f8e130104971b3c190f,1c2a0cd100aa0db30812be65110f1d09aab3b7c0b237bef79d992cd34d08c6f5,127,115,91,36,7,1.4285714285714286,1,1.0,1,1,6,5,1.6666666666666667,5,2.3333333333333335,5.0,5.0,1,prospective,synthetic_line_6q_spread,line,spread,SYNTHETIC_TARGET,"{""edges"": [[0, 1], [1, 0], [1, 2], [2, 1], [2, 3], [3, 2], [3, 4], [4, 3], [4, 5], [5, 4]], ""seed"": 7, ""basis"": [""id"", ""rz"", ""sx"", ""x"", ""ecr""], ""nodes"": 6}",ccfecec17e274607ed29176fa4c2a758de445cb0e2e85ddcc1bbcb36bd80dcb3,"[0, 5]",,identity proxy before selection when layout is transpiler,00dec25597397b2934fb42740994f65c50571551a5090f8e130104971b3c190f_synthetic_line_6q_spread,teleport,37,v0.4.0,00dec25597397b2934fb42740994f65c50571551a5090f8e130104971b3c190f_synthetic_line_6q_spread_37,15,9,49,5.6740979999999966e-06,-21,0.0049917090000235476,True,,4.679778539269842e-15,1e-10,logical Operator.equiv + routed zero/3 random states,"[2, 3]"
2,1.5,0.2,3,current,00dec25597397b2934fb42740994f65c50571551a5090f8e130104971b3c190f,1c2a0cd100aa0db30812be65110f1d09aab3b7c0b237bef79d992cd34d08c6f5,127,115,91,36,7,1.4285714285714286,1,1.0,1,1,6,5,1.6666666666666667,5,2.3333333333333335,5.0,5.0,1,prospective,synthetic_line_6q_spread,line,spread,SYNTHETIC_TARGET,"{""edges"": [[0, 1], [1, 0], [1, 2], [2, 1], [2, 3], [3, 2], [3, 4], [4, 3], [4, 5], [5, 4]], ""seed"": 7, ""basis"": [""id"", ""rz"", ""sx"", ""x"", ""ecr""], ""nodes"": 6}",ccfecec17e274607ed29176fa4c2a758de445cb0e2e85ddcc1bbcb36bd80dcb3,"[0, 5]",,identity proxy before selection when layout is transpiler,00dec25597397b2934fb42740994f65c50571551a5090f8e130104971b3c190f_synthetic_line_6q_spread,basic,47,v0.4.0,00dec25597397b2934fb42740994f65c50571551a5090f8e130104971b3c190f_synthetic_line_6q_spread_47,15,12,55,6.693744000000001e-06,-15,0.00584237500152085,True,,4.245786650252757e-15,1e-10,logical Operator.equiv + routed zero/3 random states,"[3, 4]"
2,1.5,0.2,3,current,00dec25597397b2934fb42740994f65c50571551a5090f8e130104971b3c190f,1c2a0cd100aa0db30812be65110f1d09aab3b7c0b237bef79d992cd34d08c6f5,127,115,91,36,7,1.4285714285714286,1,1.0,1,1,6,5,1.6666666666666667,5,2.3333333333333335,5.0,5.0,1,prospective,synthetic_line_6q_spread,line,spread,SYNTHETIC_TARGET,"{""edges"": [[0, 1], [1, 0], [1, 2], [2, 1], [2, 3], [3, 2], [3, 4], [4, 3], [4, 5], [5, 4]], ""seed"": 7, ""basis"": [""id"", ""rz"", ""sx"", ""x"", ""ecr""], ""nodes"": 6}",ccfecec17e274607ed29176fa4c2a758de445cb0e2e85ddcc1bbcb36bd80dcb3,"[0, 5]",,identity proxy before selection when layout is transpiler,00dec25597397b2934fb42740994f65c50571551a5090f8e130104971b3c190f_synthetic_line_6q_spread,teleport,47,v0.4.0,00dec25597397b2934fb42740994f65c50571551a5090f8e130104971b3c190f_synthetic_line_6q_spread_47,15,12,55,6.693744000000001e-06,-21,0.005419018998509273,True,,3.5566146649215975e-15,1e-10,logical Operator.equiv + routed zero/3 random states,"[3, 4]"
2,1.5,0.2,3,current,00dec25597397b2934fb42740994f65c50571551a5090f8e130104971b3c190f,1c2a0cd100aa0db30812be65110f1d09aab3b7c0b237bef79d992cd34d08c6f5,127,115,91,36,7,1.4285714285714286,1,1.0,1,1,6,6,2.0,3,1.8,1.0,1.0,1,prospective,synthetic_ring_6q_transpiler,ring,transpiler,SYNTHETIC_TARGET,"{""edges"": [[0, 1], [0, 5], [1, 0], [1, 2], [2, 1], [2, 3], [3, 2], [3, 4], [4, 3], [4, 5], [5, 0], [5, 4]], ""seed"": 7, ""basis"": [""id"", ""rz"", ""sx"", ""x"", ""ecr""], ""nodes"": 6}",ff4a6017b79ba46163d089d132c4bc654811d5fa5518090a9b65bf0d23d86ee8,null,,identity proxy before selection when layout is transpiler,00dec25597397b2934fb42740994f65c50571551a5090f8e130104971b3c190f_synthetic_ring_6q_transpiler,basic,11,v0.4.0,00dec25597397b2934fb42740994f65c50571551a5090f8e130104971b3c190f_synthetic_ring_6q_transpiler_11,3,3,23,1.668774e-06,-27,0.0054177409983822145,True,,4.681568408891057e-15,1e-10,logical Operator.equiv + routed zero/3 random states,"[3, 4]"
2,1.5,0.2,3,current,00dec25597397b2934fb42740994f65c50571551a5090f8e130104971b3c190f,1c2a0cd100aa0db30812be65110f1d09aab3b7c0b237bef79d992cd34d08c6f5,127,115,91,36,7,1.4285714285714286,1,1.0,1,1,6,6,2.0,3,1.8,1.0,1.0,1,prospective,synthetic_ring_6q_transpiler,ring,transpiler,SYNTHETIC_TARGET,"{""edges"": [[0, 1], [0, 5], [1, 0], [1, 2], [2, 1], [2, 3], [3, 2], [3, 4], [4, 3], [4, 5], [5, 0], [5, 4]], ""seed"": 7, ""basis"": [""id"", ""rz"", ""sx"", ""x"", ""ecr""], ""nodes"": 6}",ff4a6017b79ba46163d089d132c4bc654811d5fa5518090a9b65bf0d23d86ee8,null,,identity proxy before selection when layout is transpiler,00dec25597397b2934fb42740994f65c50571551a5090f8e130104971b3c190f_synthetic_ring_6q_transpiler,teleport,11,v0.4.0,00dec25597397b2934fb42740994f65c50571551a5090f8e130104971b3c190f_synthetic_ring_6q_transpiler_11,3,3,23,1.668774e-06,-33,0.004661898004997056,True,,3.0244982157138154e-15,1e-10,logical Operator.equiv + routed zero/3 random states,"[3, 4]"
2,1.5,0.2,3,current,00dec25597397b2934fb42740994f65c50571551a5090f8e130104971b3c190f,1c2a0cd100aa0db30812be65110f1d09aab3b7c0b237bef79d992cd34d08c6f5,127,115,91,36,7,1.4285714285714286,1,1.0,1,1,6,6,2.0,3,1.8,1.0,1.0,1,prospective,synthetic_ring_6q_transpiler,ring,transpiler,SYNTHETIC_TARGET,"{""edges"": [[0, 1], [0, 5], [1, 0], [1, 2], [2, 1], [2, 3], [3, 2], [3, 4], [4, 3], [4, 5], [5, 0], [5, 4]], ""seed"": 7, ""basis"": [""id"", ""rz"", ""sx"", ""x"", ""ecr""], ""nodes"": 6}",ff4a6017b79ba46163d089d132c4bc654811d5fa5518090a9b65bf0d23d86ee8,null,,identity proxy before selection when layout is transpiler,00dec25597397b2934fb42740994f65c50571551a5090f8e130104971b3c190f_synthetic_ring_6q_transpiler,basic,19,v0.4.0,00dec25597397b2934fb42740994f65c50571551a5090f8e130104971b3c190f_synthetic_ring_6q_transpiler_19,3,3,23,2.133198e-06,-27,0.004533234998234548,True,,6.115303531970722e-15,1e-10,logical Operator.equiv + routed zero/3 random states,"[1, 2]"
2,1.5,0.2,3,current,00dec25597397b2934fb42740994f65c50571551a5090f8e130104971b3c190f,1c2a0cd100aa0db30812be65110f1d09aab3b7c0b237bef79d992cd34d08c6f5,127,115,91,36,7,1.4285714285714286,1,1.0,1,1,6,6,2.0,3,1.8,1.0,1.0,1,prospective,synthetic_ring_6q_transpiler,ring,transpiler,SYNTHETIC_TARGET,"{""edges"": [[0, 1], [0, 5], [1, 0], [1, 2], [2, 1], [2, 3], [3, 2], [3, 4], [4, 3], [4, 5], [5, 0], [5, 4]], ""seed"": 7, ""basis"": [""id"", ""rz"", ""sx"", ""x"", ""ecr""], ""nodes"": 6}",ff4a6017b79ba46163d089d132c4bc654811d5fa5518090a9b65bf0d23d86ee8,null,,identity proxy before selection when layout is transpiler,00dec25597397b2934fb42740994f65c50571551a5090f8e130104971b3c190f_synthetic_ring_6q_transpiler,teleport,19,v0.4.0,00dec25597397b2934fb42740994f65c50571551a5090f8e130104971b3c190f_synthetic_ring_6q_transpiler_19,3,3,23,2.133198e-06,-33,0.00486204499611631,True,,3.5511954713656104e-15,1e-10,logical Operator.equiv + routed zero/3 random states,"[1, 2]"
2,1.5,0.2,3,current,00dec25597397b2934fb42740994f65c50571551a5090f8e130104971b3c190f,1c2a0cd100aa0db30812be65110f1d09aab3b7c0b237bef79d992cd34d08c6f5,127,115,91,36,7,1.4285714285714286,1,1.0,1,1,6,6,2.0,3,1.8,1.0,1.0,1,prospective,synthetic_ring_6q_transpiler,ring,transpiler,SYNTHETIC_TARGET,"{""edges"": [[0, 1], [0, 5], [1, 0], [1, 2], [2, 1], [2, 3], [3, 2], [3, 4], [4, 3], [4, 5], [5, 0], [5, 4]], ""seed"": 7, ""basis"": [""id"", ""rz"", ""sx"", ""x"", ""ecr""], ""nodes"": 6}",ff4a6017b79ba46163d089d132c4bc654811d5fa5518090a9b65bf0d23d86ee8,null,,identity proxy before selection when layout is transpiler,00dec25597397b2934fb42740994f65c50571551a5090f8e130104971b3c190f_synthetic_ring_6q_transpiler,basic,29,v0.4.0,00dec25597397b2934fb42740994f65c50571551a5090f8e130104971b3c190f_synthetic_ring_6q_transpiler_29,3,3,23,2.133198e-06,-27,0.004440513999725226,True,,6.115303531970722e-15,1e-10,logical Operator.equiv + routed zero/3 random states,"[1, 2]"
2,1.5,0.2,3,current,00dec25597397b2934fb42740994f65c50571551a5090f8e130104971b3c190f,1c2a0cd100aa0db30812be65110f1d09aab3b7c0b237bef79d992cd34d08c6f5,127,115,91,36,7,1.4285714285714286,1,1.0,1,1,6,6,2.0,3,1.8,1.0,1.0,1,prospective,synthetic_ring_6q_transpiler,ring,transpiler,SYNTHETIC_TARGET,"{""edges"": [[0, 1], [0, 5], [1, 0], [1, 2], [2, 1], [2, 3], [3, 2], [3, 4], [4, 3], [4, 5], [5, 0], [5, 4]], ""seed"": 7, ""basis"": [""id"", ""rz"", ""sx"", ""x"", ""ecr""], ""nodes"": 6}",ff4a6017b79ba46163d089d132c4bc654811d5fa5518090a9b65bf0d23d86ee8,null,,identity proxy before selection when layout is transpiler,00dec25597397b2934fb42740994f65c50571551a5090f8e130104971b3c190f_synthetic_ring_6q_transpiler,teleport,29,v0.4.0,00dec25597397b2934fb42740994f65c50571551a5090f8e130104971b3c190f_synthetic_ring_6q_transpiler_29,3,3,23,2.133198e-06,-33,0.004576544000883587,True,,3.5511954713656104e-15,1e-10,logical Operator.equiv + routed zero/3 random states,"[1, 2]"
2,1.5,0.2,3,current,00dec25597397b2934fb42740994f65c50571551a5090f8e130104971b3c190f,1c2a0cd100aa0db30812be65110f1d09aab3b7c0b237bef79d992cd34d08c6f5,127,115,91,36,7,1.4285714285714286,1,1.0,1,1,6,6,2.0,3,1.8,1.0,1.0,1,prospective,synthetic_ring_6q_transpiler,ring,transpiler,SYNTHETIC_TARGET,"{""edges"": [[0, 1], [0, 5], [1, 0], [1, 2], [2, 1], [2, 3], [3, 2], [3, 4], [4, 3], [4, 5], [5, 0], [5, 4]], ""seed"": 7, ""basis"": [""id"", ""rz"", ""sx"", ""x"", ""ecr""], ""nodes"": 6}",ff4a6017b79ba46163d089d132c4bc654811d5fa5518090a9b65bf0d23d86ee8,null,,identity proxy before selection when layout is transpiler,00dec25597397b2934fb42740994f65c50571551a5090f8e130104971b3c190f_synthetic_ring_6q_transpiler,basic,37,v0.4.0,00dec25597397b2934fb42740994f65c50571551a5090f8e130104971b3c190f_synthetic_ring_6q_transpiler_37,3,3,23,1.39305e-06,-27,0.004393366994918324,True,,3.831878116016778e-15,1e-10,logical Operator.equiv + routed zero/3 random states,"[1, 0]"
2,1.5,0.2,3,current,00dec25597397b2934fb42740994f65c50571551a5090f8e130104971b3c190f,1c2a0cd100aa0db30812be65110f1d09aab3b7c0b237bef79d992cd34d08c6f5,127,115,91,36,7,1.4285714285714286,1,1.0,1,1,6,6,2.0,3,1.8,1.0,1.0,1,prospective,synthetic_ring_6q_transpiler,ring,transpiler,SYNTHETIC_TARGET,"{""edges"": [[0, 1], [0, 5], [1, 0], [1, 2], [2, 1], [2, 3], [3, 2], [3, 4], [4, 3], [4, 5], [5, 0], [5, 4]], ""seed"": 7, ""basis"": [""id"", ""rz"", ""sx"", ""x"", ""ecr""], ""nodes"": 6}",ff4a6017b79ba46163d089d132c4bc654811d5fa5518090a9b65bf0d23d86ee8,null,,identity proxy before selection when layout is transpiler,00dec25597397b2934fb42740994f65c50571551a5090f8e130104971b3c190f_synthetic_ring_6q_transpiler,teleport,37,v0.4.0,00dec25597397b2934fb42740994f65c50571551a5090f8e130104971b3c190f_synthetic_ring_6q_transpiler_37,3,3,23,1.39305e-06,-33,0.004933842996251769,True,,4.827640375097075e-15,1e-10,logical Operator.equiv + routed zero/3 random states,"[1, 0]"
2,1.5,0.2,3,current,00dec25597397b2934fb42740994f65c50571551a5090f8e130104971b3c190f,1c2a0cd100aa0db30812be65110f1d09aab3b7c0b237bef79d992cd34d08c6f5,127,115,91,36,7,1.4285714285714286,1,1.0,1,1,6,6,2.0,3,1.8,1.0,1.0,1,prospective,synthetic_ring_6q_transpiler,ring,transpiler,SYNTHETIC_TARGET,"{""edges"": [[0, 1], [0, 5], [1, 0], [1, 2], [2, 1], [2, 3], [3, 2], [3, 4], [4, 3], [4, 5], [5, 0], [5, 4]], ""seed"": 7, ""basis"": [""id"", ""rz"", ""sx"", ""x"", ""ecr""], ""nodes"": 6}",ff4a6017b79ba46163d089d132c4bc654811d5fa5518090a9b65bf0d23d86ee8,null,,identity proxy before selection when layout is transpiler,00dec25597397b2934fb42740994f65c50571551a5090f8e130104971b3c190f_synthetic_ring_6q_transpiler,basic,47,v0.4.0,00dec25597397b2934fb42740994f65c50571551a5090f8e130104971b3c190f_synthetic_ring_6q_transpiler_47,3,3,23,2.133198e-06,-27,0.005156535997230094,True,,6.389587304833765e-15,1e-10,logical Operator.equiv + routed zero/3 random states,"[2, 1]"
2,1.5,0.2,3,current,00dec25597397b2934fb42740994f65c50571551a5090f8e130104971b3c190f,1c2a0cd100aa0db30812be65110f1d09aab3b7c0b237bef79d992cd34d08c6f5,127,115,91,36,7,1.4285714285714286,1,1.0,1,1,6,6,2.0,3,1.8,1.0,1.0,1,prospective,synthetic_ring_6q_transpiler,ring,transpiler,SYNTHETIC_TARGET,"{""edges"": [[0, 1], [0, 5], [1, 0], [1, 2], [2, 1], [2, 3], [3, 2], [3, 4], [4, 3], [4, 5], [5, 0], [5, 4]], ""seed"": 7, ""basis"": [""id"", ""rz"", ""sx"", ""x"", ""ecr""], ""nodes"": 6}",ff4a6017b79ba46163d089d132c4bc654811d5fa5518090a9b65bf0d23d86ee8,null,,identity proxy before selection when layout is transpiler,00dec25597397b2934fb42740994f65c50571551a5090f8e130104971b3c190f_synthetic_ring_6q_transpiler,teleport,47,v0.4.0,00dec25597397b2934fb42740994f65c50571551a5090f8e130104971b3c190f_synthetic_ring_6q_transpiler_47,3,3,23,2.133198e-06,-33,0.004856947998632677,True,,3.1676639673831405e-15,1e-10,logical Operator.equiv + routed zero/3 random states,"[2, 1]"
2,1.5,0.2,3,current,00dec25597397b2934fb42740994f65c50571551a5090f8e130104971b3c190f,1c2a0cd100aa0db30812be65110f1d09aab3b7c0b237bef79d992cd34d08c6f5,127,115,91,36,7,1.4285714285714286,1,1.0,1,1,6,7,2.3333333333333335,3,1.6666666666666667,1.0,1.0,1,prospective,synthetic_grid_6q_transpiler,grid,transpiler,SYNTHETIC_TARGET,"{""edges"": [[0, 1], [0, 3], [1, 0], [1, 2], [1, 4], [2, 1], [2, 5], [3, 0], [3, 4], [4, 1], [4, 3], [4, 5], [5, 2], [5, 4]], ""seed"": 7, ""basis"": [""id"", ""rz"", ""sx"", ""x"", ""ecr""], ""nodes"": 6}",1dc9d7c7422ee8d9e756c16f45c753640fd9bb0d83eb6013019055e1f800f374,null,,identity proxy before selection when layout is transpiler,00dec25597397b2934fb42740994f65c50571551a5090f8e130104971b3c190f_synthetic_grid_6q_transpiler,basic,11,v0.4.0,00dec25597397b2934fb42740994f65c50571551a5090f8e130104971b3c190f_synthetic_grid_6q_transpiler_11,3,3,23,2.2977e-06,-27,0.0048041850022855215,True,,4.681568408891057e-15,1e-10,logical Operator.equiv + routed zero/3 random states,"[2, 5]"
2,1.5,0.2,3,current,00dec25597397b2934fb42740994f65c50571551a5090f8e130104971b3c190f,1c2a0cd100aa0db30812be65110f1d09aab3b7c0b237bef79d992cd34d08c6f5,127,115,91,36,7,1.4285714285714286,1,1.0,1,1,6,7,2.3333333333333335,3,1.6666666666666667,1.0,1.0,1,prospective,synthetic_grid_6q_transpiler,grid,transpiler,SYNTHETIC_TARGET,"{""edges"": [[0, 1], [0, 3], [1, 0], [1, 2], [1, 4], [2, 1], [2, 5], [3, 0], [3, 4], [4, 1], [4, 3], [4, 5], [5, 2], [5, 4]], ""seed"": 7, ""basis"": [""id"", ""rz"", ""sx"", ""x"", ""ecr""], ""nodes"": 6}",1dc9d7c7422ee8d9e756c16f45c753640fd9bb0d83eb6013019055e1f800f374,null,,identity proxy before selection when layout is transpiler,00dec25597397b2934fb42740994f65c50571551a5090f8e130104971b3c190f_synthetic_grid_6q_transpiler,teleport,11,v0.4.0,00dec25597397b2934fb42740994f65c50571551a5090f8e130104971b3c190f_synthetic_grid_6q_transpiler_11,3,3,23,2.2977e-06,-33,0.004435467999428511,True,,3.0244982157138154e-15,1e-10,logical Operator.equiv + routed zero/3 random states,"[2, 5]"
2,1.5,0.2,3,current,00dec25597397b2934fb42740994f65c50571551a5090f8e130104971b3c190f,1c2a0cd100aa0db30812be65110f1d09aab3b7c0b237bef79d992cd34d08c6f5,127,115,91,36,7,1.4285714285714286,1,1.0,1,1,6,7,2.3333333333333335,3,1.6666666666666667,1.0,1.0,1,prospective,synthetic_grid_6q_transpiler,grid,transpiler,SYNTHETIC_TARGET,"{""edges"": [[0, 1], [0, 3], [1, 0], [1, 2], [1, 4], [2, 1], [2, 5], [3, 0], [3, 4], [4, 1], [4, 3], [4, 5], [5, 2], [5, 4]], ""seed"": 7, ""basis"": [""id"", ""rz"", ""sx"", ""x"", ""ecr""], ""nodes"": 6}",1dc9d7c7422ee8d9e756c16f45c753640fd9bb0d83eb6013019055e1f800f374,null,,identity proxy before selection when layout is transpiler,00dec25597397b2934fb42740994f65c50571551a5090f8e130104971b3c190f_synthetic_grid_6q_transpiler,basic,19,v0.4.0,00dec25597397b2934fb42740994f65c50571551a5090f8e130104971b3c190f_synthetic_grid_6q_transpiler_19,3,3,23,1.762014e-06,-27,0.004834350002056453,True,,6.115303531970722e-15,1e-10,logical Operator.equiv + routed zero/3 random states,"[1, 4]"
2,1.5,0.2,3,current,00dec25597397b2934fb42740994f65c50571551a5090f8e130104971b3c190f,1c2a0cd100aa0db30812be65110f1d09aab3b7c0b237bef79d992cd34d08c6f5,127,115,91,36,7,1.4285714285714286,1,1.0,1,1,6,7,2.3333333333333335,3,1.6666666666666667,1.0,1.0,1,prospective,synthetic_grid_6q_transpiler,grid,transpiler,SYNTHETIC_TARGET,"{""edges"": [[0, 1], [0, 3], [1, 0], [1, 2], [1, 4], [2, 1], [2, 5], [3, 0], [3, 4], [4, 1], [4, 3], [4, 5], [5, 2], [5, 4]], ""seed"": 7, ""basis"": [""id"", ""rz"", ""sx"", ""x"", ""ecr""], ""nodes"": 6}",1dc9d7c7422ee8d9e756c16f45c753640fd9bb0d83eb6013019055e1f800f374,null,,identity proxy before selection when layout is transpiler,00dec25597397b2934fb42740994f65c50571551a5090f8e130104971b3c190f_synthetic_grid_6q_transpiler,teleport,19,v0.4.0,00dec25597397b2934fb42740994f65c50571551a5090f8e130104971b3c190f_synthetic_grid_6q_transpiler_19,3,3,23,1.762014e-06,-33,0.006133966002380475,True,,3.5511954713656104e-15,1e-10,logical Operator.equiv + routed zero/3 random states,"[1, 4]"
2,1.5,0.2,3,current,00dec25597397b2934fb42740994f65c50571551a5090f8e130104971b3c190f,1c2a0cd100aa0db30812be65110f1d09aab3b7c0b237bef79d992cd34d08c6f5,127,115,91,36,7,1.4285714285714286,1,1.0,1,1,6,7,2.3333333333333335,3,1.6666666666666667,1.0,1.0,1,prospective,synthetic_grid_6q_transpiler,grid,transpiler,SYNTHETIC_TARGET,"{""edges"": [[0, 1], [0, 3], [1, 0], [1, 2], [1, 4], [2, 1], [2, 5], [3, 0], [3, 4], [4, 1], [4, 3], [4, 5], [5, 2], [5, 4]], ""seed"": 7, ""basis"": [""id"", ""rz"", ""sx"", ""x"", ""ecr""], ""nodes"": 6}",1dc9d7c7422ee8d9e756c16f45c753640fd9bb0d83eb6013019055e1f800f374,null,,identity proxy before selection when layout is transpiler,00dec25597397b2934fb42740994f65c50571551a5090f8e130104971b3c190f_synthetic_grid_6q_transpiler,basic,29,v0.4.0,00dec25597397b2934fb42740994f65c50571551a5090f8e130104971b3c190f_synthetic_grid_6q_transpiler_29,3,3,23,1.63503e-06,-27,0.004730444998131134,True,,6.49985863115888e-15,1e-10,logical Operator.equiv + routed zero/3 random states,"[1, 2]"
2,1.5,0.2,3,current,00dec25597397b2934fb42740994f65c50571551a5090f8e130104971b3c190f,1c2a0cd100aa0db30812be65110f1d09aab3b7c0b237bef79d992cd34d08c6f5,127,115,91,36,7,1.4285714285714286,1,1.0,1,1,6,7,2.3333333333333335,3,1.6666666666666667,1.0,1.0,1,prospective,synthetic_grid_6q_transpiler,grid,transpiler,SYNTHETIC_TARGET,"{""edges"": [[0, 1], [0, 3], [1, 0], [1, 2], [1, 4], [2, 1], [2, 5], [3, 0], [3, 4], [4, 1], [4, 3], [4, 5], [5, 2], [5, 4]], ""seed"": 7, ""basis"": [""id"", ""rz"", ""sx"", ""x"", ""ecr""], ""nodes"": 6}",1dc9d7c7422ee8d9e756c16f45c753640fd9bb0d83eb6013019055e1f800f374,null,,identity proxy before selection when layout is transpiler,00dec25597397b2934fb42740994f65c50571551a5090f8e130104971b3c190f_synthetic_grid_6q_transpiler,teleport,29,v0.4.0,00dec25597397b2934fb42740994f65c50571551a5090f8e130104971b3c190f_synthetic_grid_6q_transpiler_29,3,3,23,1.63503e-06,-33,0.004617304002749734,True,,3.2033349409162937e-15,1e-10,logical Operator.equiv + routed zero/3 random states,"[1, 2]"
2,1.5,0.2,3,current,00dec25597397b2934fb42740994f65c50571551a5090f8e130104971b3c190f,1c2a0cd100aa0db30812be65110f1d09aab3b7c0b237bef79d992cd34d08c6f5,127,115,91,36,7,1.4285714285714286,1,1.0,1,1,6,7,2.3333333333333335,3,1.6666666666666667,1.0,1.0,1,prospective,synthetic_grid_6q_transpiler,grid,transpiler,SYNTHETIC_TARGET,"{""edges"": [[0, 1], [0, 3], [1, 0], [1, 2], [1, 4], [2, 1], [2, 5], [3, 0], [3, 4], [4, 1], [4, 3], [4, 5], [5, 2], [5, 4]], ""seed"": 7, ""basis"": [""id"", ""rz"", ""sx"", ""x"", ""ecr""], ""nodes"": 6}",1dc9d7c7422ee8d9e756c16f45c753640fd9bb0d83eb6013019055e1f800f374,null,,identity proxy before selection when layout is transpiler,00dec25597397b2934fb42740994f65c50571551a5090f8e130104971b3c190f_synthetic_grid_6q_transpiler,basic,37,v0.4.0,00dec25597397b2934fb42740994f65c50571551a5090f8e130104971b3c190f_synthetic_grid_6q_transpiler_37,3,3,23,2.2977e-06,-27,0.004779836002853699,True,,4.681568408891057e-15,1e-10,logical Operator.equiv + routed zero/3 random states,"[2, 5]"
2,1.5,0.2,3,current,00dec25597397b2934fb42740994f65c50571551a5090f8e130104971b3c190f,1c2a0cd100aa0db30812be65110f1d09aab3b7c0b237bef79d992cd34d08c6f5,127,115,91,36,7,1.4285714285714286,1,1.0,1,1,6,7,2.3333333333333335,3,1.6666666666666667,1.0,1.0,1,prospective,synthetic_grid_6q_transpiler,grid,transpiler,SYNTHETIC_TARGET,"{""edges"": [[0, 1], [0, 3], [1, 0], [1, 2], [1, 4], [2, 1], [2, 5], [3, 0], [3, 4], [4, 1], [4, 3], [4, 5], [5, 2], [5, 4]], ""seed"": 7, ""basis"": [""id"", ""rz"", ""sx"", ""x"", ""ecr""], ""nodes"": 6}",1dc9d7c7422ee8d9e756c16f45c753640fd9bb0d83eb6013019055e1f800f374,null,,identity proxy before selection when layout is transpiler,00dec25597397b2934fb42740994f65c50571551a5090f8e130104971b3c190f_synthetic_grid_6q_transpiler,teleport,37,v0.4.0,00dec25597397b2934fb42740994f65c50571551a5090f8e130104971b3c190f_synthetic_grid_6q_transpiler_37,3,3,23,2.2977e-06,-33,0.004551908001303673,True,,3.0244982157138154e-15,1e-10,logical Operator.equiv + routed zero/3 random states,"[2, 5]"
2,1.5,0.2,3,current,00dec25597397b2934fb42740994f65c50571551a5090f8e130104971b3c190f,1c2a0cd100aa0db30812be65110f1d09aab3b7c0b237bef79d992cd34d08c6f5,127,115,91,36,7,1.4285714285714286,1,1.0,1,1,6,7,2.3333333333333335,3,1.6666666666666667,1.0,1.0,1,prospective,synthetic_grid_6q_transpiler,grid,transpiler,SYNTHETIC_TARGET,"{""edges"": [[0, 1], [0, 3], [1, 0], [1, 2], [1, 4], [2, 1], [2, 5], [3, 0], [3, 4], [4, 1], [4, 3], [4, 5], [5, 2], [5, 4]], ""seed"": 7, ""basis"": [""id"", ""rz"", ""sx"", ""x"", ""ecr""], ""nodes"": 6}",1dc9d7c7422ee8d9e756c16f45c753640fd9bb0d83eb6013019055e1f800f374,null,,identity proxy before selection when layout is transpiler,00dec25597397b2934fb42740994f65c50571551a5090f8e130104971b3c190f_synthetic_grid_6q_transpiler,basic,47,v0.4.0,00dec25597397b2934fb42740994f65c50571551a5090f8e130104971b3c190f_synthetic_grid_6q_transpiler_47,3,3,23,2.087022e-06,-27,0.004875248996540904,True,,3.874761860355438e-15,1e-10,logical Operator.equiv + routed zero/3 random states,"[0, 1]"
2,1.5,0.2,3,current,00dec25597397b2934fb42740994f65c50571551a5090f8e130104971b3c190f,1c2a0cd100aa0db30812be65110f1d09aab3b7c0b237bef79d992cd34d08c6f5,127,115,91,36,7,1.4285714285714286,1,1.0,1,1,6,7,2.3333333333333335,3,1.6666666666666667,1.0,1.0,1,prospective,synthetic_grid_6q_transpiler,grid,transpiler,SYNTHETIC_TARGET,"{""edges"": [[0, 1], [0, 3], [1, 0], [1, 2], [1, 4], [2, 1], [2, 5], [3, 0], [3, 4], [4, 1], [4, 3], [4, 5], [5, 2], [5, 4]], ""seed"": 7, ""basis"": [""id"", ""rz"", ""sx"", ""x"", ""ecr""], ""nodes"": 6}",1dc9d7c7422ee8d9e756c16f45c753640fd9bb0d83eb6013019055e1f800f374,null,,identity proxy before selection when layout is transpiler,00dec25597397b2934fb42740994f65c50571551a5090f8e130104971b3c190f_synthetic_grid_6q_transpiler,teleport,47,v0.4.0,00dec25597397b2934fb42740994f65c50571551a5090f8e130104971b3c190f_synthetic_grid_6q_transpiler_47,3,3,23,2.087022e-06,-33,0.00484269300068263,True,,4.880884262952868e-15,1e-10,logical Operator.equiv + routed zero/3 random states,"[0, 1]"
2,1.5,0.2,3,current,00dec25597397b2934fb42740994f65c50571551a5090f8e130104971b3c190f,1c2a0cd100aa0db30812be65110f1d09aab3b7c0b237bef79d992cd34d08c6f5,127,115,91,36,7,1.4285714285714286,1,1.0,1,1,7,7,2.0,5,2.2857142857142856,1.0,1.0,1,prospective,synthetic_heavy_hex_like_7q_transpiler,heavy_hex_like,transpiler,SYNTHETIC_TARGET,"{""edges"": [[0, 1], [0, 3], [1, 0], [1, 2], [2, 1], [2, 3], [3, 0], [3, 2], [3, 4], [4, 3], [4, 5], [5, 4], [5, 6], [6, 5]], ""seed"": 7, ""basis"": [""id"", ""rz"", ""sx"", ""x"", ""ecr""], ""nodes"": 7}",a56c42c5929ac738475a61ad56ac38f9ce297f29f090779c0473725bc68476b5,null,,identity proxy before selection when layout is transpiler,00dec25597397b2934fb42740994f65c50571551a5090f8e130104971b3c190f_synthetic_heavy_hex_like_7q_transpiler,basic,11,v0.4.0,00dec25597397b2934fb42740994f65c50571551a5090f8e130104971b3c190f_synthetic_heavy_hex_like_7q_transpiler_11,3,3,23,1.1262059999999999e-06,-27,0.0051613899995572865,True,,6.49985863115888e-15,1e-10,logical Operator.equiv + routed zero/3 random states,"[4, 5]"
2,1.5,0.2,3,current,00dec25597397b2934fb42740994f65c50571551a5090f8e130104971b3c190f,1c2a0cd100aa0db30812be65110f1d09aab3b7c0b237bef79d992cd34d08c6f5,127,115,91,36,7,1.4285714285714286,1,1.0,1,1,7,7,2.0,5,2.2857142857142856,1.0,1.0,1,prospective,synthetic_heavy_hex_like_7q_transpiler,heavy_hex_like,transpiler,SYNTHETIC_TARGET,"{""edges"": [[0, 1], [0, 3], [1, 0], [1, 2], [2, 1], [2, 3], [3, 0], [3, 2], [3, 4], [4, 3], [4, 5], [5, 4], [5, 6], [6, 5]], ""seed"": 7, ""basis"": [""id"", ""rz"", ""sx"", ""x"", ""ecr""], ""nodes"": 7}",a56c42c5929ac738475a61ad56ac38f9ce297f29f090779c0473725bc68476b5,null,,identity proxy before selection when layout is transpiler,00dec25597397b2934fb42740994f65c50571551a5090f8e130104971b3c190f_synthetic_heavy_hex_like_7q_transpiler,teleport,11,v0.4.0,00dec25597397b2934fb42740994f65c50571551a5090f8e130104971b3c190f_synthetic_heavy_hex_like_7q_transpiler_11,3,3,23,1.1262059999999999e-06,-33,0.005054373003076762,True,,3.2033349409162937e-15,1e-10,logical Operator.equiv + routed zero/3 random states,"[4, 5]"
2,1.5,0.2,3,current,00dec25597397b2934fb42740994f65c50571551a5090f8e130104971b3c190f,1c2a0cd100aa0db30812be65110f1d09aab3b7c0b237bef79d992cd34d08c6f5,127,115,91,36,7,1.4285714285714286,1,1.0,1,1,7,7,2.0,5,2.2857142857142856,1.0,1.0,1,prospective,synthetic_heavy_hex_like_7q_transpiler,heavy_hex_like,transpiler,SYNTHETIC_TARGET,"{""edges"": [[0, 1], [0, 3], [1, 0], [1, 2], [2, 1], [2, 3], [3, 0], [3, 2], [3, 4], [4, 3], [4, 5], [5, 4], [5, 6], [6, 5]], ""seed"": 7, ""basis"": [""id"", ""rz"", ""sx"", ""x"", ""ecr""], ""nodes"": 7}",a56c42c5929ac738475a61ad56ac38f9ce297f29f090779c0473725bc68476b5,null,,identity proxy before selection when layout is transpiler,00dec25597397b2934fb42740994f65c50571551a5090f8e130104971b3c190f_synthetic_heavy_hex_like_7q_transpiler,basic,19,v0.4.0,00dec25597397b2934fb42740994f65c50571551a5090f8e130104971b3c190f_synthetic_heavy_hex_like_7q_transpiler_19,3,3,23,1.1262059999999999e-06,-27,0.0054477439989568666,True,,6.076125958365705e-15,1e-10,logical Operator.equiv + routed zero/3 random states,"[5, 4]"
2,1.5,0.2,3,current,00dec25597397b2934fb42740994f65c50571551a5090f8e130104971b3c190f,1c2a0cd100aa0db30812be65110f1d09aab3b7c0b237bef79d992cd34d08c6f5,127,115,91,36,7,1.4285714285714286,1,1.0,1,1,7,7,2.0,5,2.2857142857142856,1.0,1.0,1,prospective,synthetic_heavy_hex_like_7q_transpiler,heavy_hex_like,transpiler,SYNTHETIC_TARGET,"{""edges"": [[0, 1], [0, 3], [1, 0], [1, 2], [2, 1], [2, 3], [3, 0], [3, 2], [3, 4], [4, 3], [4, 5], [5, 4], [5, 6], [6, 5]], ""seed"": 7, ""basis"": [""id"", ""rz"", ""sx"", ""x"", ""ecr""], ""nodes"": 7}",a56c42c5929ac738475a61ad56ac38f9ce297f29f090779c0473725bc68476b5,null,,identity proxy before selection when layout is transpiler,00dec25597397b2934fb42740994f65c50571551a5090f8e130104971b3c190f_synthetic_heavy_hex_like_7q_transpiler,teleport,19,v0.4.0,00dec25597397b2934fb42740994f65c50571551a5090f8e130104971b3c190f_synthetic_heavy_hex_like_7q_transpiler_19,3,3,23,1.1262059999999999e-06,-33,0.005074568995041773,True,,3.577348081255765e-15,1e-10,logical Operator.equiv + routed zero/3 random states,"[5, 4]"
2,1.5,0.2,3,current,00dec25597397b2934fb42740994f65c50571551a5090f8e130104971b3c190f,1c2a0cd100aa0db30812be65110f1d09aab3b7c0b237bef79d992cd34d08c6f5,127,115,91,36,7,1.4285714285714286,1,1.0,1,1,7,7,2.0,5,2.2857142857142856,1.0,1.0,1,prospective,synthetic_heavy_hex_like_7q_transpiler,heavy_hex_like,transpiler,SYNTHETIC_TARGET,"{""edges"": [[0, 1], [0, 3], [1, 0], [1, 2], [2, 1], [2, 3], [3, 0], [3, 2], [3, 4], [4, 3], [4, 5], [5, 4], [5, 6], [6, 5]], ""seed"": 7, ""basis"": [""id"", ""rz"", ""sx"", ""x"", ""ecr""], ""nodes"": 7}",a56c42c5929ac738475a61ad56ac38f9ce297f29f090779c0473725bc68476b5,null,,identity proxy before selection when layout is transpiler,00dec25597397b2934fb42740994f65c50571551a5090f8e130104971b3c190f_synthetic_heavy_hex_like_7q_transpiler,basic,29,v0.4.0,00dec25597397b2934fb42740994f65c50571551a5090f8e130104971b3c190f_synthetic_heavy_hex_like_7q_transpiler_29,3,3,23,1.0456200000000003e-06,-27,0.004533024999545887,True,,4.681568408891057e-15,1e-10,logical Operator.equiv + routed zero/3 random states,"[1, 2]"
2,1.5,0.2,3,current,00dec25597397b2934fb42740994f65c50571551a5090f8e130104971b3c190f,1c2a0cd100aa0db30812be65110f1d09aab3b7c0b237bef79d992cd34d08c6f5,127,115,91,36,7,1.4285714285714286,1,1.0,1,1,7,7,2.0,5,2.2857142857142856,1.0,1.0,1,prospective,synthetic_heavy_hex_like_7q_transpiler,heavy_hex_like,transpiler,SYNTHETIC_TARGET,"{""edges"": [[0, 1], [0, 3], [1, 0], [1, 2], [2, 1], [2, 3], [3, 0], [3, 2], [3, 4], [4, 3], [4, 5], [5, 4], [5, 6], [6, 5]], ""seed"": 7, ""basis"": [""id"", ""rz"", ""sx"", ""x"", ""ecr""], ""nodes"": 7}",a56c42c5929ac738475a61ad56ac38f9ce297f29f090779c0473725bc68476b5,null,,identity proxy before selection when layout is transpiler,00dec25597397b2934fb42740994f65c50571551a5090f8e130104971b3c190f_synthetic_heavy_hex_like_7q_transpiler,teleport,29,v0.4.0,00dec25597397b2934fb42740994f65c50571551a5090f8e130104971b3c190f_synthetic_heavy_hex_like_7q_transpiler_29,3,3,23,1.0456200000000003e-06,-33,0.004447592997166794,True,,3.0263761239356783e-15,1e-10,logical Operator.equiv + routed zero/3 random states,"[1, 2]"
2,1.5,0.2,3,current,00dec25597397b2934fb42740994f65c50571551a5090f8e130104971b3c190f,1c2a0cd100aa0db30812be65110f1d09aab3b7c0b237bef79d992cd34d08c6f5,127,115,91,36,7,1.4285714285714286,1,1.0,1,1,7,7,2.0,5,2.2857142857142856,1.0,1.0,1,prospective,synthetic_heavy_hex_like_7q_transpiler,heavy_hex_like,transpiler,SYNTHETIC_TARGET,"{""edges"": [[0, 1], [0, 3], [1, 0], [1, 2], [2, 1], [2, 3], [3, 0], [3, 2], [3, 4], [4, 3], [4, 5], [5, 4], [5, 6], [6, 5]], ""seed"": 7, ""basis"": [""id"", ""rz"", ""sx"", ""x"", ""ecr""], ""nodes"": 7}",a56c42c5929ac738475a61ad56ac38f9ce297f29f090779c0473725bc68476b5,null,,identity proxy before selection when layout is transpiler,00dec25597397b2934fb42740994f65c50571551a5090f8e130104971b3c190f_synthetic_heavy_hex_like_7q_transpiler,basic,37,v0.4.0,00dec25597397b2934fb42740994f65c50571551a5090f8e130104971b3c190f_synthetic_heavy_hex_like_7q_transpiler_37,3,3,23,1.0485060000000002e-06,-27,0.004495116998441517,True,,4.681568408891057e-15,1e-10,logical Operator.equiv + routed zero/3 random states,"[3, 4]"
2,1.5,0.2,3,current,00dec25597397b2934fb42740994f65c50571551a5090f8e130104971b3c190f,1c2a0cd100aa0db30812be65110f1d09aab3b7c0b237bef79d992cd34d08c6f5,127,115,91,36,7,1.4285714285714286,1,1.0,1,1,7,7,2.0,5,2.2857142857142856,1.0,1.0,1,prospective,synthetic_heavy_hex_like_7q_transpiler,heavy_hex_like,transpiler,SYNTHETIC_TARGET,"{""edges"": [[0, 1], [0, 3], [1, 0], [1, 2], [2, 1], [2, 3], [3, 0], [3, 2], [3, 4], [4, 3], [4, 5], [5, 4], [5, 6], [6, 5]], ""seed"": 7, ""basis"": [""id"", ""rz"", ""sx"", ""x"", ""ecr""], ""nodes"": 7}",a56c42c5929ac738475a61ad56ac38f9ce297f29f090779c0473725bc68476b5,null,,identity proxy before selection when layout is transpiler,00dec25597397b2934fb42740994f65c50571551a5090f8e130104971b3c190f_synthetic_heavy_hex_like_7q_transpiler,teleport,37,v0.4.0,00dec25597397b2934fb42740994f65c50571551a5090f8e130104971b3c190f_synthetic_heavy_hex_like_7q_transpiler_37,3,3,23,1.0485060000000002e-06,-33,0.00453966400527861,True,,3.0244982157138154e-15,1e-10,logical Operator.equiv + routed zero/3 random states,"[3, 4]"
2,1.5,0.2,3,current,00dec25597397b2934fb42740994f65c50571551a5090f8e130104971b3c190f,1c2a0cd100aa0db30812be65110f1d09aab3b7c0b237bef79d992cd34d08c6f5,127,115,91,36,7,1.4285714285714286,1,1.0,1,1,7,7,2.0,5,2.2857142857142856,1.0,1.0,1,prospective,synthetic_heavy_hex_like_7q_transpiler,heavy_hex_like,transpiler,SYNTHETIC_TARGET,"{""edges"": [[0, 1], [0, 3], [1, 0], [1, 2], [2, 1], [2, 3], [3, 0], [3, 2], [3, 4], [4, 3], [4, 5], [5, 4], [5, 6], [6, 5]], ""seed"": 7, ""basis"": [""id"", ""rz"", ""sx"", ""x"", ""ecr""], ""nodes"": 7}",a56c42c5929ac738475a61ad56ac38f9ce297f29f090779c0473725bc68476b5,null,,identity proxy before selection when layout is transpiler,00dec25597397b2934fb42740994f65c50571551a5090f8e130104971b3c190f_synthetic_heavy_hex_like_7q_transpiler,basic,47,v0.4.0,00dec25597397b2934fb42740994f65c50571551a5090f8e130104971b3c190f_synthetic_heavy_hex_like_7q_transpiler_47,3,3,23,1.2802740000000002e-06,-27,0.004399516998091713,True,,6.076125958365705e-15,1e-10,logical Operator.equiv + routed zero/3 random states,"[3, 0]"
2,1.5,0.2,3,current,00dec25597397b2934fb42740994f65c50571551a5090f8e130104971b3c190f,1c2a0cd100aa0db30812be65110f1d09aab3b7c0b237bef79d992cd34d08c6f5,127,115,91,36,7,1.4285714285714286,1,1.0,1,1,7,7,2.0,5,2.2857142857142856,1.0,1.0,1,prospective,synthetic_heavy_hex_like_7q_transpiler,heavy_hex_like,transpiler,SYNTHETIC_TARGET,"{""edges"": [[0, 1], [0, 3], [1, 0], [1, 2], [2, 1], [2, 3], [3, 0], [3, 2], [3, 4], [4, 3], [4, 5], [5, 4], [5, 6], [6, 5]], ""seed"": 7, ""basis"": [""id"", ""rz"", ""sx"", ""x"", ""ecr""], ""nodes"": 7}",a56c42c5929ac738475a61ad56ac38f9ce297f29f090779c0473725bc68476b5,null,,identity proxy before selection when layout is transpiler,00dec25597397b2934fb42740994f65c50571551a5090f8e130104971b3c190f_synthetic_heavy_hex_like_7q_transpiler,teleport,47,v0.4.0,00dec25597397b2934fb42740994f65c50571551a5090f8e130104971b3c190f_synthetic_heavy_hex_like_7q_transpiler_47,3,3,23,1.2802740000000002e-06,-33,0.005287859996315092,True,,3.5567229645718996e-15,1e-10,logical Operator.equiv + routed zero/3 random states,"[3, 0]"
2,1.5,0.2,3,current,00dec25597397b2934fb42740994f65c50571551a5090f8e130104971b3c190f,1c2a0cd100aa0db30812be65110f1d09aab3b7c0b237bef79d992cd34d08c6f5,127,115,91,36,7,1.4285714285714286,1,1.0,1,1,7,8,2.2857142857142856,3,1.8095238095238095,1.0,1.0,1,prospective,synthetic_irregular_7q_favorable,irregular,favorable,SYNTHETIC_TARGET,"{""edges"": [[0, 1], [0, 3], [1, 0], [1, 2], [2, 1], [2, 3], [2, 6], [3, 0], [3, 2], [3, 4], [4, 3], [4, 5], [5, 4], [5, 6], [6, 2], [6, 5]], ""seed"": 7, ""basis"": [""id"", ""rz"", ""sx"", ""x"", ""ecr""], ""nodes"": 7}",c8b003a1553d070cddc2acc63823ce20487791b575f8614922ec632ce2dbf9e1,"[0, 1]",,identity proxy before selection when layout is transpiler,00dec25597397b2934fb42740994f65c50571551a5090f8e130104971b3c190f_synthetic_irregular_7q_favorable,basic,11,v0.4.0,00dec25597397b2934fb42740994f65c50571551a5090f8e130104971b3c190f_synthetic_irregular_7q_favorable_11,3,3,23,7.652340000000001e-07,-27,0.004609338997397572,True,,6.115303531970722e-15,1e-10,logical Operator.equiv + routed zero/3 random states,"[0, 1]"
2,1.5,0.2,3,current,00dec25597397b2934fb42740994f65c50571551a5090f8e130104971b3c190f,1c2a0cd100aa0db30812be65110f1d09aab3b7c0b237bef79d992cd34d08c6f5,127,115,91,36,7,1.4285714285714286,1,1.0,1,1,7,8,2.2857142857142856,3,1.8095238095238095,1.0,1.0,1,prospective,synthetic_irregular_7q_favorable,irregular,favorable,SYNTHETIC_TARGET,"{""edges"": [[0, 1], [0, 3], [1, 0], [1, 2], [2, 1], [2, 3], [2, 6], [3, 0], [3, 2], [3, 4], [4, 3], [4, 5], [5, 4], [5, 6], [6, 2], [6, 5]], ""seed"": 7, ""basis"": [""id"", ""rz"", ""sx"", ""x"", ""ecr""], ""nodes"": 7}",c8b003a1553d070cddc2acc63823ce20487791b575f8614922ec632ce2dbf9e1,"[0, 1]",,identity proxy before selection when layout is transpiler,00dec25597397b2934fb42740994f65c50571551a5090f8e130104971b3c190f_synthetic_irregular_7q_favorable,teleport,11,v0.4.0,00dec25597397b2934fb42740994f65c50571551a5090f8e130104971b3c190f_synthetic_irregular_7q_favorable_11,3,3,23,7.652340000000001e-07,-33,0.005097706001834013,True,,3.55710875527919e-15,1e-10,logical Operator.equiv + routed zero/3 random states,"[0, 1]"
2,1.5,0.2,3,current,00dec25597397b2934fb42740994f65c50571551a5090f8e130104971b3c190f,1c2a0cd100aa0db30812be65110f1d09aab3b7c0b237bef79d992cd34d08c6f5,127,115,91,36,7,1.4285714285714286,1,1.0,1,1,7,8,2.2857142857142856,3,1.8095238095238095,1.0,1.0,1,prospective,synthetic_irregular_7q_favorable,irregular,favorable,SYNTHETIC_TARGET,"{""edges"": [[0, 1], [0, 3], [1, 0], [1, 2], [2, 1], [2, 3], [2, 6], [3, 0], [3, 2], [3, 4], [4, 3], [4, 5], [5, 4], [5, 6], [6, 2], [6, 5]], ""seed"": 7, ""basis"": [""id"", ""rz"", ""sx"", ""x"", ""ecr""], ""nodes"": 7}",c8b003a1553d070cddc2acc63823ce20487791b575f8614922ec632ce2dbf9e1,"[0, 1]",,identity proxy before selection when layout is transpiler,00dec25597397b2934fb42740994f65c50571551a5090f8e130104971b3c190f_synthetic_irregular_7q_favorable,basic,19,v0.4.0,00dec25597397b2934fb42740994f65c50571551a5090f8e130104971b3c190f_synthetic_irregular_7q_favorable_19,3,3,23,7.652340000000001e-07,-27,0.0043390710052335635,True,,6.115303531970722e-15,1e-10,logical Operator.equiv + routed zero/3 random states,"[0, 1]"
2,1.5,0.2,3,current,00dec25597397b2934fb42740994f65c50571551a5090f8e130104971b3c190f,1c2a0cd100aa0db30812be65110f1d09aab3b7c0b237bef79d992cd34d08c6f5,127,115,91,36,7,1.4285714285714286,1,1.0,1,1,7,8,2.2857142857142856,3,1.8095238095238095,1.0,1.0,1,prospective,synthetic_irregular_7q_favorable,irregular,favorable,SYNTHETIC_TARGET,"{""edges"": [[0, 1], [0, 3], [1, 0], [1, 2], [2, 1], [2, 3], [2, 6], [3, 0], [3, 2], [3, 4], [4, 3], [4, 5], [5, 4], [5, 6], [6, 2], [6, 5]], ""seed"": 7, ""basis"": [""id"", ""rz"", ""sx"", ""x"", ""ecr""], ""nodes"": 7}",c8b003a1553d070cddc2acc63823ce20487791b575f8614922ec632ce2dbf9e1,"[0, 1]",,identity proxy before selection when layout is transpiler,00dec25597397b2934fb42740994f65c50571551a5090f8e130104971b3c190f_synthetic_irregular_7q_favorable,teleport,19,v0.4.0,00dec25597397b2934fb42740994f65c50571551a5090f8e130104971b3c190f_synthetic_irregular_7q_favorable_19,3,3,23,7.652340000000001e-07,-33,0.004202525997243356,True,,3.55710875527919e-15,1e-10,logical Operator.equiv + routed zero/3 random states,"[0, 1]"
2,1.5,0.2,3,current,00dec25597397b2934fb42740994f65c50571551a5090f8e130104971b3c190f,1c2a0cd100aa0db30812be65110f1d09aab3b7c0b237bef79d992cd34d08c6f5,127,115,91,36,7,1.4285714285714286,1,1.0,1,1,7,8,2.2857142857142856,3,1.8095238095238095,1.0,1.0,1,prospective,synthetic_irregular_7q_favorable,irregular,favorable,SYNTHETIC_TARGET,"{""edges"": [[0, 1], [0, 3], [1, 0], [1, 2], [2, 1], [2, 3], [2, 6], [3, 0], [3, 2], [3, 4], [4, 3], [4, 5], [5, 4], [5, 6], [6, 2], [6, 5]], ""seed"": 7, ""basis"": [""id"", ""rz"", ""sx"", ""x"", ""ecr""], ""nodes"": 7}",c8b003a1553d070cddc2acc63823ce20487791b575f8614922ec632ce2dbf9e1,"[0, 1]",,identity proxy before selection when layout is transpiler,00dec25597397b2934fb42740994f65c50571551a5090f8e130104971b3c190f_synthetic_irregular_7q_favorable,basic,29,v0.4.0,00dec25597397b2934fb42740994f65c50571551a5090f8e130104971b3c190f_synthetic_irregular_7q_favorable_29,3,3,23,7.652340000000001e-07,-27,0.004554592997010332,True,,6.115303531970722e-15,1e-10,logical Operator.equiv + routed zero/3 random states,"[0, 1]"
2,1.5,0.2,3,current,00dec25597397b2934fb42740994f65c50571551a5090f8e130104971b3c190f,1c2a0cd100aa0db30812be65110f1d09aab3b7c0b237bef79d992cd34d08c6f5,127,115,91,36,7,1.4285714285714286,1,1.0,1,1,7,8,2.2857142857142856,3,1.8095238095238095,1.0,1.0,1,prospective,synthetic_irregular_7q_favorable,irregular,favorable,SYNTHETIC_TARGET,"{""edges"": [[0, 1], [0, 3], [1, 0], [1, 2], [2, 1], [2, 3], [2, 6], [3, 0], [3, 2], [3, 4], [4, 3], [4, 5], [5, 4], [5, 6], [6, 2], [6, 5]], ""seed"": 7, ""basis"": [""id"", ""rz"", ""sx"", ""x"", ""ecr""], ""nodes"": 7}",c8b003a1553d070cddc2acc63823ce20487791b575f8614922ec632ce2dbf9e1,"[0, 1]",,identity proxy before selection when layout is transpiler,00dec25597397b2934fb42740994f65c50571551a5090f8e130104971b3c190f_synthetic_irregular_7q_favorable,teleport,29,v0.4.0,00dec25597397b2934fb42740994f65c50571551a5090f8e130104971b3c190f_synthetic_irregular_7q_favorable_29,3,3,23,7.652340000000001e-07,-33,0.0042976280019502155,True,,3.55710875527919e-15,1e-10,logical Operator.equiv + routed zero/3 random states,"[0, 1]"
2,1.5,0.2,3,current,00dec25597397b2934fb42740994f65c50571551a5090f8e130104971b3c190f,1c2a0cd100aa0db30812be65110f1d09aab3b7c0b237bef79d992cd34d08c6f5,127,115,91,36,7,1.4285714285714286,1,1.0,1,1,7,8,2.2857142857142856,3,1.8095238095238095,1.0,1.0,1,prospective,synthetic_irregular_7q_favorable,irregular,favorable,SYNTHETIC_TARGET,"{""edges"": [[0, 1], [0, 3], [1, 0], [1, 2], [2, 1], [2, 3], [2, 6], [3, 0], [3, 2], [3, 4], [4, 3], [4, 5], [5, 4], [5, 6], [6, 2], [6, 5]], ""seed"": 7, ""basis"": [""id"", ""rz"", ""sx"", ""x"", ""ecr""], ""nodes"": 7}",c8b003a1553d070cddc2acc63823ce20487791b575f8614922ec632ce2dbf9e1,"[0, 1]",,identity proxy before selection when layout is transpiler,00dec25597397b2934fb42740994f65c50571551a5090f8e130104971b3c190f_synthetic_irregular_7q_favorable,basic,37,v0.4.0,00dec25597397b2934fb42740994f65c50571551a5090f8e130104971b3c190f_synthetic_irregular_7q_favorable_37,3,3,23,7.652340000000001e-07,-27,0.004111829002795275,True,,6.115303531970722e-15,1e-10,logical Operator.equiv + routed zero/3 random states,"[0, 1]"
2,1.5,0.2,3,current,00dec25597397b2934fb42740994f65c50571551a5090f8e130104971b3c190f,1c2a0cd100aa0db30812be65110f1d09aab3b7c0b237bef79d992cd34d08c6f5,127,115,91,36,7,1.4285714285714286,1,1.0,1,1,7,8,2.2857142857142856,3,1.8095238095238095,1.0,1.0,1,prospective,synthetic_irregular_7q_favorable,irregular,favorable,SYNTHETIC_TARGET,"{""edges"": [[0, 1], [0, 3], [1, 0], [1, 2], [2, 1], [2, 3], [2, 6], [3, 0], [3, 2], [3, 4], [4, 3], [4, 5], [5, 4], [5, 6], [6, 2], [6, 5]], ""seed"": 7, ""basis"": [""id"", ""rz"", ""sx"", ""x"", ""ecr""], ""nodes"": 7}",c8b003a1553d070cddc2acc63823ce20487791b575f8614922ec632ce2dbf9e1,"[0, 1]",,identity proxy before selection when layout is transpiler,00dec25597397b2934fb42740994f65c50571551a5090f8e130104971b3c190f_synthetic_irregular_7q_favorable,teleport,37,v0.4.0,00dec25597397b2934fb42740994f65c50571551a5090f8e130104971b3c190f_synthetic_irregular_7q_favorable_37,3,3,23,7.652340000000001e-07,-33,0.004698727003415115,True,,3.55710875527919e-15,1e-10,logical Operator.equiv + routed zero/3 random states,"[0, 1]"
2,1.5,0.2,3,current,00dec25597397b2934fb42740994f65c50571551a5090f8e130104971b3c190f,1c2a0cd100aa0db30812be65110f1d09aab3b7c0b237bef79d992cd34d08c6f5,127,115,91,36,7,1.4285714285714286,1,1.0,1,1,7,8,2.2857142857142856,3,1.8095238095238095,1.0,1.0,1,prospective,synthetic_irregular_7q_favorable,irregular,favorable,SYNTHETIC_TARGET,"{""edges"": [[0, 1], [0, 3], [1, 0], [1, 2], [2, 1], [2, 3], [2, 6], [3, 0], [3, 2], [3, 4], [4, 3], [4, 5], [5, 4], [5, 6], [6, 2], [6, 5]], ""seed"": 7, ""basis"": [""id"", ""rz"", ""sx"", ""x"", ""ecr""], ""nodes"": 7}",c8b003a1553d070cddc2acc63823ce20487791b575f8614922ec632ce2dbf9e1,"[0, 1]",,identity proxy before selection when layout is transpiler,00dec25597397b2934fb42740994f65c50571551a5090f8e130104971b3c190f_synthetic_irregular_7q_favorable,basic,47,v0.4.0,00dec25597397b2934fb42740994f65c50571551a5090f8e130104971b3c190f_synthetic_irregular_7q_favorable_47,3,3,23,7.652340000000001e-07,-27,0.005428907003079075,True,,6.115303531970722e-15,1e-10,logical Operator.equiv + routed zero/3 random states,"[0, 1]"
2,1.5,0.2,3,current,00dec25597397b2934fb42740994f65c50571551a5090f8e130104971b3c190f,1c2a0cd100aa0db30812be65110f1d09aab3b7c0b237bef79d992cd34d08c6f5,127,115,91,36,7,1.4285714285714286,1,1.0,1,1,7,8,2.2857142857142856,3,1.8095238095238095,1.0,1.0,1,prospective,synthetic_irregular_7q_favorable,irregular,favorable,SYNTHETIC_TARGET,"{""edges"": [[0, 1], [0, 3], [1, 0], [1, 2], [2, 1], [2, 3], [2, 6], [3, 0], [3, 2], [3, 4], [4, 3], [4, 5], [5, 4], [5, 6], [6, 2], [6, 5]], ""seed"": 7, ""basis"": [""id"", ""rz"", ""sx"", ""x"", ""ecr""], ""nodes"": 7}",c8b003a1553d070cddc2acc63823ce20487791b575f8614922ec632ce2dbf9e1,"[0, 1]",,identity proxy before selection when layout is transpiler,00dec25597397b2934fb42740994f65c50571551a5090f8e130104971b3c190f_synthetic_irregular_7q_favorable,teleport,47,v0.4.0,00dec25597397b2934fb42740994f65c50571551a5090f8e130104971b3c190f_synthetic_irregular_7q_favorable_47,3,3,23,7.652340000000001e-07,-33,0.004323845001636073,True,,3.55710875527919e-15,1e-10,logical Operator.equiv + routed zero/3 random states,"[0, 1]"
2,1.5,0.2,3,current,00dec25597397b2934fb42740994f65c50571551a5090f8e130104971b3c190f,1c2a0cd100aa0db30812be65110f1d09aab3b7c0b237bef79d992cd34d08c6f5,127,115,91,36,7,1.4285714285714286,1,1.0,1,1,7,8,2.2857142857142856,3,1.8095238095238095,3.0,3.0,1,prospective,synthetic_irregular_7q_spread,irregular,spread,SYNTHETIC_TARGET,"{""edges"": [[0, 1], [0, 3], [1, 0], [1, 2], [2, 1], [2, 3], [2, 6], [3, 0], [3, 2], [3, 4], [4, 3], [4, 5], [5, 4], [5, 6], [6, 2], [6, 5]], ""seed"": 7, ""basis"": [""id"", ""rz"", ""sx"", ""x"", ""ecr""], ""nodes"": 7}",c8b003a1553d070cddc2acc63823ce20487791b575f8614922ec632ce2dbf9e1,"[0, 5]",,identity proxy before selection when layout is transpiler,00dec25597397b2934fb42740994f65c50571551a5090f8e130104971b3c190f_synthetic_irregular_7q_spread,basic,11,v0.4.0,00dec25597397b2934fb42740994f65c50571551a5090f8e130104971b3c190f_synthetic_irregular_7q_spread_11,9,6,40,2.6300340000000003e-06,-21,0.005190761003177613,True,,4.092065236708088e-15,1e-10,logical Operator.equiv + routed zero/3 random states,"[3, 4]"
2,1.5,0.2,3,current,00dec25597397b2934fb42740994f65c50571551a5090f8e130104971b3c190f,1c2a0cd100aa0db30812be65110f1d09aab3b7c0b237bef79d992cd34d08c6f5,127,115,91,36,7,1.4285714285714286,1,1.0,1,1,7,8,2.2857142857142856,3,1.8095238095238095,3.0,3.0,1,prospective,synthetic_irregular_7q_spread,irregular,spread,SYNTHETIC_TARGET,"{""edges"": [[0, 1], [0, 3], [1, 0], [1, 2], [2, 1], [2, 3], [2, 6], [3, 0], [3, 2], [3, 4], [4, 3], [4, 5], [5, 4], [5, 6], [6, 2], [6, 5]], ""seed"": 7, ""basis"": [""id"", ""rz"", ""sx"", ""x"", ""ecr""], ""nodes"": 7}",c8b003a1553d070cddc2acc63823ce20487791b575f8614922ec632ce2dbf9e1,"[0, 5]",,identity proxy before selection when layout is transpiler,00dec25597397b2934fb42740994f65c50571551a5090f8e130104971b3c190f_synthetic_irregular_7q_spread,teleport,11,v0.4.0,00dec25597397b2934fb42740994f65c50571551a5090f8e130104971b3c190f_synthetic_irregular_7q_spread_11,9,6,40,2.6300340000000003e-06,-27,0.005394985004386399,True,,5.089199744593266e-15,1e-10,logical Operator.equiv + routed zero/3 random states,"[3, 4]"
2,1.5,0.2,3,current,00dec25597397b2934fb42740994f65c50571551a5090f8e130104971b3c190f,1c2a0cd100aa0db30812be65110f1d09aab3b7c0b237bef79d992cd34d08c6f5,127,115,91,36,7,1.4285714285714286,1,1.0,1,1,7,8,2.2857142857142856,3,1.8095238095238095,3.0,3.0,1,prospective,synthetic_irregular_7q_spread,irregular,spread,SYNTHETIC_TARGET,"{""edges"": [[0, 1], [0, 3], [1, 0], [1, 2], [2, 1], [2, 3], [2, 6], [3, 0], [3, 2], [3, 4], [4, 3], [4, 5], [5, 4], [5, 6], [6, 2], [6, 5]], ""seed"": 7, ""basis"": [""id"", ""rz"", ""sx"", ""x"", ""ecr""], ""nodes"": 7}",c8b003a1553d070cddc2acc63823ce20487791b575f8614922ec632ce2dbf9e1,"[0, 5]",,identity proxy before selection when layout is transpiler,00dec25597397b2934fb42740994f65c50571551a5090f8e130104971b3c190f_synthetic_irregular_7q_spread,basic,19,v0.4.0,00dec25597397b2934fb42740994f65c50571551a5090f8e130104971b3c190f_synthetic_irregular_7q_spread_19,9,6,40,2.6300340000000003e-06,-21,0.0050270979991182685,True,,4.092065236708088e-15,1e-10,logical Operator.equiv + routed zero/3 random states,"[3, 4]"
2,1.5,0.2,3,current,00dec25597397b2934fb42740994f65c50571551a5090f8e130104971b3c190f,1c2a0cd100aa0db30812be65110f1d09aab3b7c0b237bef79d992cd34d08c6f5,127,115,91,36,7,1.4285714285714286,1,1.0,1,1,7,8,2.2857142857142856,3,1.8095238095238095,3.0,3.0,1,prospective,synthetic_irregular_7q_spread,irregular,spread,SYNTHETIC_TARGET,"{""edges"": [[0, 1], [0, 3], [1, 0], [1, 2], [2, 1], [2, 3], [2, 6], [3, 0], [3, 2], [3, 4], [4, 3], [4, 5], [5, 4], [5, 6], [6, 2], [6, 5]], ""seed"": 7, ""basis"": [""id"", ""rz"", ""sx"", ""x"", ""ecr""], ""nodes"": 7}",c8b003a1553d070cddc2acc63823ce20487791b575f8614922ec632ce2dbf9e1,"[0, 5]",,identity proxy before selection when layout is transpiler,00dec25597397b2934fb42740994f65c50571551a5090f8e130104971b3c190f_synthetic_irregular_7q_spread,teleport,19,v0.4.0,00dec25597397b2934fb42740994f65c50571551a5090f8e130104971b3c190f_synthetic_irregular_7q_spread_19,9,6,40,2.6300340000000003e-06,-27,0.005620326999633107,True,,5.089199744593266e-15,1e-10,logical Operator.equiv + routed zero/3 random states,"[3, 4]"
2,1.5,0.2,3,current,00dec25597397b2934fb42740994f65c50571551a5090f8e130104971b3c190f,1c2a0cd100aa0db30812be65110f1d09aab3b7c0b237bef79d992cd34d08c6f5,127,115,91,36,7,1.4285714285714286,1,1.0,1,1,7,8,2.2857142857142856,3,1.8095238095238095,3.0,3.0,1,prospective,synthetic_irregular_7q_spread,irregular,spread,SYNTHETIC_TARGET,"{""edges"": [[0, 1], [0, 3], [1, 0], [1, 2], [2, 1], [2, 3], [2, 6], [3, 0], [3, 2], [3, 4], [4, 3], [4, 5], [5, 4], [5, 6], [6, 2], [6, 5]], ""seed"": 7, ""basis"": [""id"", ""rz"", ""sx"", ""x"", ""ecr""], ""nodes"": 7}",c8b003a1553d070cddc2acc63823ce20487791b575f8614922ec632ce2dbf9e1,"[0, 5]",,identity proxy before selection when layout is transpiler,00dec25597397b2934fb42740994f65c50571551a5090f8e130104971b3c190f_synthetic_irregular_7q_spread,basic,29,v0.4.0,00dec25597397b2934fb42740994f65c50571551a5090f8e130104971b3c190f_synthetic_irregular_7q_spread_29,9,6,40,2.6300340000000003e-06,-21,0.0050214420043630525,True,,4.092065236708088e-15,1e-10,logical Operator.equiv + routed zero/3 random states,"[3, 4]"
2,1.5,0.2,3,current,00dec25597397b2934fb42740994f65c50571551a5090f8e130104971b3c190f,1c2a0cd100aa0db30812be65110f1d09aab3b7c0b237bef79d992cd34d08c6f5,127,115,91,36,7,1.4285714285714286,1,1.0,1,1,7,8,2.2857142857142856,3,1.8095238095238095,3.0,3.0,1,prospective,synthetic_irregular_7q_spread,irregular,spread,SYNTHETIC_TARGET,"{""edges"": [[0, 1], [0, 3], [1, 0], [1, 2], [2, 1], [2, 3], [2, 6], [3, 0], [3, 2], [3, 4], [4, 3], [4, 5], [5, 4], [5, 6], [6, 2], [6, 5]], ""seed"": 7, ""basis"": [""id"", ""rz"", ""sx"", ""x"", ""ecr""], ""nodes"": 7}",c8b003a1553d070cddc2acc63823ce20487791b575f8614922ec632ce2dbf9e1,"[0, 5]",,identity proxy before selection when layout is transpiler,00dec25597397b2934fb42740994f65c50571551a5090f8e130104971b3c190f_synthetic_irregular_7q_spread,teleport,29,v0.4.0,00dec25597397b2934fb42740994f65c50571551a5090f8e130104971b3c190f_synthetic_irregular_7q_spread_29,9,6,40,2.6300340000000003e-06,-27,0.004967780005245004,True,,5.089199744593266e-15,1e-10,logical Operator.equiv + routed zero/3 random states,"[3, 4]"
2,1.5,0.2,3,current,00dec25597397b2934fb42740994f65c50571551a5090f8e130104971b3c190f,1c2a0cd100aa0db30812be65110f1d09aab3b7c0b237bef79d992cd34d08c6f5,127,115,91,36,7,1.4285714285714286,1,1.0,1,1,7,8,2.2857142857142856,3,1.8095238095238095,3.0,3.0,1,prospective,synthetic_irregular_7q_spread,irregular,spread,SYNTHETIC_TARGET,"{""edges"": [[0, 1], [0, 3], [1, 0], [1, 2], [2, 1], [2, 3], [2, 6], [3, 0], [3, 2], [3, 4], [4, 3], [4, 5], [5, 4], [5, 6], [6, 2], [6, 5]], ""seed"": 7, ""basis"": [""id"", ""rz"", ""sx"", ""x"", ""ecr""], ""nodes"": 7}",c8b003a1553d070cddc2acc63823ce20487791b575f8614922ec632ce2dbf9e1,"[0, 5]",,identity proxy before selection when layout is transpiler,00dec25597397b2934fb42740994f65c50571551a5090f8e130104971b3c190f_synthetic_irregular_7q_spread,basic,37,v0.4.0,00dec25597397b2934fb42740994f65c50571551a5090f8e130104971b3c190f_synthetic_irregular_7q_spread_37,9,6,40,2.6300340000000003e-06,-21,0.005522931998712011,True,,4.092065236708088e-15,1e-10,logical Operator.equiv + routed zero/3 random states,"[3, 4]"
2,1.5,0.2,3,current,00dec25597397b2934fb42740994f65c50571551a5090f8e130104971b3c190f,1c2a0cd100aa0db30812be65110f1d09aab3b7c0b237bef79d992cd34d08c6f5,127,115,91,36,7,1.4285714285714286,1,1.0,1,1,7,8,2.2857142857142856,3,1.8095238095238095,3.0,3.0,1,prospective,synthetic_irregular_7q_spread,irregular,spread,SYNTHETIC_TARGET,"{""edges"": [[0, 1], [0, 3], [1, 0], [1, 2], [2, 1], [2, 3], [2, 6], [3, 0], [3, 2], [3, 4], [4, 3], [4, 5], [5, 4], [5, 6], [6, 2], [6, 5]], ""seed"": 7, ""basis"": [""id"", ""rz"", ""sx"", ""x"", ""ecr""], ""nodes"": 7}",c8b003a1553d070cddc2acc63823ce20487791b575f8614922ec632ce2dbf9e1,"[0, 5]",,identity proxy before selection when layout is transpiler,00dec25597397b2934fb42740994f65c50571551a5090f8e130104971b3c190f_synthetic_irregular_7q_spread,teleport,37,v0.4.0,00dec25597397b2934fb42740994f65c50571551a5090f8e130104971b3c190f_synthetic_irregular_7q_spread_37,9,6,40,2.6300340000000003e-06,-27,0.0049827729962999,True,,5.089199744593266e-15,1e-10,logical Operator.equiv + routed zero/3 random states,"[3, 4]"
2,1.5,0.2,3,current,00dec25597397b2934fb42740994f65c50571551a5090f8e130104971b3c190f,1c2a0cd100aa0db30812be65110f1d09aab3b7c0b237bef79d992cd34d08c6f5,127,115,91,36,7,1.4285714285714286,1,1.0,1,1,7,8,2.2857142857142856,3,1.8095238095238095,3.0,3.0,1,prospective,synthetic_irregular_7q_spread,irregular,spread,SYNTHETIC_TARGET,"{""edges"": [[0, 1], [0, 3], [1, 0], [1, 2], [2, 1], [2, 3], [2, 6], [3, 0], [3, 2], [3, 4], [4, 3], [4, 5], [5, 4], [5, 6], [6, 2], [6, 5]], ""seed"": 7, ""basis"": [""id"", ""rz"", ""sx"", ""x"", ""ecr""], ""nodes"": 7}",c8b003a1553d070cddc2acc63823ce20487791b575f8614922ec632ce2dbf9e1,"[0, 5]",,identity proxy before selection when layout is transpiler,00dec25597397b2934fb42740994f65c50571551a5090f8e130104971b3c190f_synthetic_irregular_7q_spread,basic,47,v0.4.0,00dec25597397b2934fb42740994f65c50571551a5090f8e130104971b3c190f_synthetic_irregular_7q_spread_47,9,6,40,2.6300340000000003e-06,-21,0.005211078001593705,True,,4.092065236708088e-15,1e-10,logical Operator.equiv + routed zero/3 random states,"[3, 4]"
2,1.5,0.2,3,current,00dec25597397b2934fb42740994f65c50571551a5090f8e130104971b3c190f,1c2a0cd100aa0db30812be65110f1d09aab3b7c0b237bef79d992cd34d08c6f5,127,115,91,36,7,1.4285714285714286,1,1.0,1,1,7,8,2.2857142857142856,3,1.8095238095238095,3.0,3.0,1,prospective,synthetic_irregular_7q_spread,irregular,spread,SYNTHETIC_TARGET,"{""edges"": [[0, 1], [0, 3], [1, 0], [1, 2], [2, 1], [2, 3], [2, 6], [3, 0], [3, 2], [3, 4], [4, 3], [4, 5], [5, 4], [5, 6], [6, 2], [6, 5]], ""seed"": 7, ""basis"": [""id"", ""rz"", ""sx"", ""x"", ""ecr""], ""nodes"": 7}",c8b003a1553d070cddc2acc63823ce20487791b575f8614922ec632ce2dbf9e1,"[0, 5]",,identity proxy before selection when layout is transpiler,00dec25597397b2934fb42740994f65c50571551a5090f8e130104971b3c190f_synthetic_irregular_7q_spread,teleport,47,v0.4.0,00dec25597397b2934fb42740994f65c50571551a5090f8e130104971b3c190f_synthetic_irregular_7q_spread_47,9,6,40,2.6300340000000003e-06,-27,0.005433931997686159,True,,5.089199744593266e-15,1e-10,logical Operator.equiv + routed zero/3 random states,"[3, 4]"
2,1.5,0.2,3,reversed,49f9e42949fe44e9cacc4cb550ad5cc71ba965632af7f9c8a4fd8e3384156438,eb77ef94d7f09284f2e4b0e598070c808cbfe6c61103c8d011722859d4be54fd,127,115,91,36,7,1.4285714285714286,1,1.0,1,1,6,5,1.6666666666666667,5,2.3333333333333335,1.0,1.0,1,prospective,synthetic_line_6q_favorable,line,favorable,SYNTHETIC_TARGET,"{""edges"": [[0, 1], [1, 0], [1, 2], [2, 1], [2, 3], [3, 2], [3, 4], [4, 3], [4, 5], [5, 4]], ""seed"": 7, ""basis"": [""id"", ""rz"", ""sx"", ""x"", ""ecr""], ""nodes"": 6}",ccfecec17e274607ed29176fa4c2a758de445cb0e2e85ddcc1bbcb36bd80dcb3,"[0, 1]",,identity proxy before selection when layout is transpiler,49f9e42949fe44e9cacc4cb550ad5cc71ba965632af7f9c8a4fd8e3384156438_synthetic_line_6q_favorable,basic,11,v0.4.0,49f9e42949fe44e9cacc4cb550ad5cc71ba965632af7f9c8a4fd8e3384156438_synthetic_line_6q_favorable_11,3,3,23,1.39305e-06,-29,0.004712970003311057,True,,3.5060027491513885e-15,1e-10,logical Operator.equiv + routed zero/3 random states,"[0, 1]"
2,1.5,0.2,3,reversed,49f9e42949fe44e9cacc4cb550ad5cc71ba965632af7f9c8a4fd8e3384156438,eb77ef94d7f09284f2e4b0e598070c808cbfe6c61103c8d011722859d4be54fd,127,115,91,36,7,1.4285714285714286,1,1.0,1,1,6,5,1.6666666666666667,5,2.3333333333333335,1.0,1.0,1,prospective,synthetic_line_6q_favorable,line,favorable,SYNTHETIC_TARGET,"{""edges"": [[0, 1], [1, 0], [1, 2], [2, 1], [2, 3], [3, 2], [3, 4], [4, 3], [4, 5], [5, 4]], ""seed"": 7, ""basis"": [""id"", ""rz"", ""sx"", ""x"", ""ecr""], ""nodes"": 6}",ccfecec17e274607ed29176fa4c2a758de445cb0e2e85ddcc1bbcb36bd80dcb3,"[0, 1]",,identity proxy before selection when layout is transpiler,49f9e42949fe44e9cacc4cb550ad5cc71ba965632af7f9c8a4fd8e3384156438_synthetic_line_6q_favorable,teleport,11,v0.4.0,49f9e42949fe44e9cacc4cb550ad5cc71ba965632af7f9c8a4fd8e3384156438_synthetic_line_6q_favorable_11,3,3,23,1.39305e-06,-33,0.0043293920025462285,True,,3.4151766781835904e-15,1e-10,logical Operator.equiv + routed zero/3 random states,"[0, 1]"
2,1.5,0.2,3,reversed,49f9e42949fe44e9cacc4cb550ad5cc71ba965632af7f9c8a4fd8e3384156438,eb77ef94d7f09284f2e4b0e598070c808cbfe6c61103c8d011722859d4be54fd,127,115,91,36,7,1.4285714285714286,1,1.0,1,1,6,5,1.6666666666666667,5,2.3333333333333335,1.0,1.0,1,prospective,synthetic_line_6q_favorable,line,favorable,SYNTHETIC_TARGET,"{""edges"": [[0, 1], [1, 0], [1, 2], [2, 1], [2, 3], [3, 2], [3, 4], [4, 3], [4, 5], [5, 4]], ""seed"": 7, ""basis"": [""id"", ""rz"", ""sx"", ""x"", ""ecr""], ""nodes"": 6}",ccfecec17e274607ed29176fa4c2a758de445cb0e2e85ddcc1bbcb36bd80dcb3,"[0, 1]",,identity proxy before selection when layout is transpiler,49f9e42949fe44e9cacc4cb550ad5cc71ba965632af7f9c8a4fd8e3384156438_synthetic_line_6q_favorable,basic,19,v0.4.0,49f9e42949fe44e9cacc4cb550ad5cc71ba965632af7f9c8a4fd8e3384156438_synthetic_line_6q_favorable_19,3,3,23,1.39305e-06,-29,0.004227413999615237,True,,3.5060027491513885e-15,1e-10,logical Operator.equiv + routed zero/3 random states,"[0, 1]"
2,1.5,0.2,3,reversed,49f9e42949fe44e9cacc4cb550ad5cc71ba965632af7f9c8a4fd8e3384156438,eb77ef94d7f09284f2e4b0e598070c808cbfe6c61103c8d011722859d4be54fd,127,115,91,36,7,1.4285714285714286,1,1.0,1,1,6,5,1.6666666666666667,5,2.3333333333333335,1.0,1.0,1,prospective,synthetic_line_6q_favorable,line,favorable,SYNTHETIC_TARGET,"{""edges"": [[0, 1], [1, 0], [1, 2], [2, 1], [2, 3], [3, 2], [3, 4], [4, 3], [4, 5], [5, 4]], ""seed"": 7, ""basis"": [""id"", ""rz"", ""sx"", ""x"", ""ecr""], ""nodes"": 6}",ccfecec17e274607ed29176fa4c2a758de445cb0e2e85ddcc1bbcb36bd80dcb3,"[0, 1]",,identity proxy before selection when layout is transpiler,49f9e42949fe44e9cacc4cb550ad5cc71ba965632af7f9c8a4fd8e3384156438_synthetic_line_6q_favorable,teleport,19,v0.4.0,49f9e42949fe44e9cacc4cb550ad5cc71ba965632af7f9c8a4fd8e3384156438_synthetic_line_6q_favorable_19,3,3,23,1.39305e-06,-33,0.004781917996297125,True,,3.4151766781835904e-15,1e-10,logical Operator.equiv + routed zero/3 random states,"[0, 1]"
2,1.5,0.2,3,reversed,49f9e42949fe44e9cacc4cb550ad5cc71ba965632af7f9c8a4fd8e3384156438,eb77ef94d7f09284f2e4b0e598070c808cbfe6c61103c8d011722859d4be54fd,127,115,91,36,7,1.4285714285714286,1,1.0,1,1,6,5,1.6666666666666667,5,2.3333333333333335,1.0,1.0,1,prospective,synthetic_line_6q_favorable,line,favorable,SYNTHETIC_TARGET,"{""edges"": [[0, 1], [1, 0], [1, 2], [2, 1], [2, 3], [3, 2], [3, 4], [4, 3], [4, 5], [5, 4]], ""seed"": 7, ""basis"": [""id"", ""rz"", ""sx"", ""x"", ""ecr""], ""nodes"": 6}",ccfecec17e274607ed29176fa4c2a758de445cb0e2e85ddcc1bbcb36bd80dcb3,"[0, 1]",,identity proxy before selection when layout is transpiler,49f9e42949fe44e9cacc4cb550ad5cc71ba965632af7f9c8a4fd8e3384156438_synthetic_line_6q_favorable,basic,29,v0.4.0,49f9e42949fe44e9cacc4cb550ad5cc71ba965632af7f9c8a4fd8e3384156438_synthetic_line_6q_favorable_29,3,3,23,1.39305e-06,-29,0.00481593499716837,True,,3.5060027491513885e-15,1e-10,logical Operator.equiv + routed zero/3 random states,"[0, 1]"
2,1.5,0.2,3,reversed,49f9e42949fe44e9cacc4cb550ad5cc71ba965632af7f9c8a4fd8e3384156438,eb77ef94d7f09284f2e4b0e598070c808cbfe6c61103c8d011722859d4be54fd,127,115,91,36,7,1.4285714285714286,1,1.0,1,1,6,5,1.6666666666666667,5,2.3333333333333335,1.0,1.0,1,prospective,synthetic_line_6q_favorable,line,favorable,SYNTHETIC_TARGET,"{""edges"": [[0, 1], [1, 0], [1, 2], [2, 1], [2, 3], [3, 2], [3, 4], [4, 3], [4, 5], [5, 4]], ""seed"": 7, ""basis"": [""id"", ""rz"", ""sx"", ""x"", ""ecr""], ""nodes"": 6}",ccfecec17e274607ed29176fa4c2a758de445cb0e2e85ddcc1bbcb36bd80dcb3,"[0, 1]",,identity proxy before selection when layout is transpiler,49f9e42949fe44e9cacc4cb550ad5cc71ba965632af7f9c8a4fd8e3384156438_synthetic_line_6q_favorable,teleport,29,v0.4.0,49f9e42949fe44e9cacc4cb550ad5cc71ba965632af7f9c8a4fd8e3384156438_synthetic_line_6q_favorable_29,3,3,23,1.39305e-06,-33,0.004439696996996645,True,,3.4151766781835904e-15,1e-10,logical Operator.equiv + routed zero/3 random states,"[0, 1]"
2,1.5,0.2,3,reversed,49f9e42949fe44e9cacc4cb550ad5cc71ba965632af7f9c8a4fd8e3384156438,eb77ef94d7f09284f2e4b0e598070c808cbfe6c61103c8d011722859d4be54fd,127,115,91,36,7,1.4285714285714286,1,1.0,1,1,6,5,1.6666666666666667,5,2.3333333333333335,1.0,1.0,1,prospective,synthetic_line_6q_favorable,line,favorable,SYNTHETIC_TARGET,"{""edges"": [[0, 1], [1, 0], [1, 2], [2, 1], [2, 3], [3, 2], [3, 4], [4, 3], [4, 5], [5, 4]], ""seed"": 7, ""basis"": [""id"", ""rz"", ""sx"", ""x"", ""ecr""], ""nodes"": 6}",ccfecec17e274607ed29176fa4c2a758de445cb0e2e85ddcc1bbcb36bd80dcb3,"[0, 1]",,identity proxy before selection when layout is transpiler,49f9e42949fe44e9cacc4cb550ad5cc71ba965632af7f9c8a4fd8e3384156438_synthetic_line_6q_favorable,basic,37,v0.4.0,49f9e42949fe44e9cacc4cb550ad5cc71ba965632af7f9c8a4fd8e3384156438_synthetic_line_6q_favorable_37,3,3,23,1.39305e-06,-29,0.004251419006322976,True,,3.5060027491513885e-15,1e-10,logical Operator.equiv + routed zero/3 random states,"[0, 1]"
2,1.5,0.2,3,reversed,49f9e42949fe44e9cacc4cb550ad5cc71ba965632af7f9c8a4fd8e3384156438,eb77ef94d7f09284f2e4b0e598070c808cbfe6c61103c8d011722859d4be54fd,127,115,91,36,7,1.4285714285714286,1,1.0,1,1,6,5,1.6666666666666667,5,2.3333333333333335,1.0,1.0,1,prospective,synthetic_line_6q_favorable,line,favorable,SYNTHETIC_TARGET,"{""edges"": [[0, 1], [1, 0], [1, 2], [2, 1], [2, 3], [3, 2], [3, 4], [4, 3], [4, 5], [5, 4]], ""seed"": 7, ""basis"": [""id"", ""rz"", ""sx"", ""x"", ""ecr""], ""nodes"": 6}",ccfecec17e274607ed29176fa4c2a758de445cb0e2e85ddcc1bbcb36bd80dcb3,"[0, 1]",,identity proxy before selection when layout is transpiler,49f9e42949fe44e9cacc4cb550ad5cc71ba965632af7f9c8a4fd8e3384156438_synthetic_line_6q_favorable,teleport,37,v0.4.0,49f9e42949fe44e9cacc4cb550ad5cc71ba965632af7f9c8a4fd8e3384156438_synthetic_line_6q_favorable_37,3,3,23,1.39305e-06,-33,0.00725089500338072,True,,3.4151766781835904e-15,1e-10,logical Operator.equiv + routed zero/3 random states,"[0, 1]"
2,1.5,0.2,3,reversed,49f9e42949fe44e9cacc4cb550ad5cc71ba965632af7f9c8a4fd8e3384156438,eb77ef94d7f09284f2e4b0e598070c808cbfe6c61103c8d011722859d4be54fd,127,115,91,36,7,1.4285714285714286,1,1.0,1,1,6,5,1.6666666666666667,5,2.3333333333333335,1.0,1.0,1,prospective,synthetic_line_6q_favorable,line,favorable,SYNTHETIC_TARGET,"{""edges"": [[0, 1], [1, 0], [1, 2], [2, 1], [2, 3], [3, 2], [3, 4], [4, 3], [4, 5], [5, 4]], ""seed"": 7, ""basis"": [""id"", ""rz"", ""sx"", ""x"", ""ecr""], ""nodes"": 6}",ccfecec17e274607ed29176fa4c2a758de445cb0e2e85ddcc1bbcb36bd80dcb3,"[0, 1]",,identity proxy before selection when layout is transpiler,49f9e42949fe44e9cacc4cb550ad5cc71ba965632af7f9c8a4fd8e3384156438_synthetic_line_6q_favorable,basic,47,v0.4.0,49f9e42949fe44e9cacc4cb550ad5cc71ba965632af7f9c8a4fd8e3384156438_synthetic_line_6q_favorable_47,3,3,23,1.39305e-06,-29,0.004138671996770427,True,,3.5060027491513885e-15,1e-10,logical Operator.equiv + routed zero/3 random states,"[0, 1]"
2,1.5,0.2,3,reversed,49f9e42949fe44e9cacc4cb550ad5cc71ba965632af7f9c8a4fd8e3384156438,eb77ef94d7f09284f2e4b0e598070c808cbfe6c61103c8d011722859d4be54fd,127,115,91,36,7,1.4285714285714286,1,1.0,1,1,6,5,1.6666666666666667,5,2.3333333333333335,1.0,1.0,1,prospective,synthetic_line_6q_favorable,line,favorable,SYNTHETIC_TARGET,"{""edges"": [[0, 1], [1, 0], [1, 2], [2, 1], [2, 3], [3, 2], [3, 4], [4, 3], [4, 5], [5, 4]], ""seed"": 7, ""basis"": [""id"", ""rz"", ""sx"", ""x"", ""ecr""], ""nodes"": 6}",ccfecec17e274607ed29176fa4c2a758de445cb0e2e85ddcc1bbcb36bd80dcb3,"[0, 1]",,identity proxy before selection when layout is transpiler,49f9e42949fe44e9cacc4cb550ad5cc71ba965632af7f9c8a4fd8e3384156438_synthetic_line_6q_favorable,teleport,47,v0.4.0,49f9e42949fe44e9cacc4cb550ad5cc71ba965632af7f9c8a4fd8e3384156438_synthetic_line_6q_favorable_47,3,3,23,1.39305e-06,-33,0.004192782995232847,True,,3.4151766781835904e-15,1e-10,logical Operator.equiv + routed zero/3 random states,"[0, 1]"
2,1.5,0.2,3,reversed,49f9e42949fe44e9cacc4cb550ad5cc71ba965632af7f9c8a4fd8e3384156438,eb77ef94d7f09284f2e4b0e598070c808cbfe6c61103c8d011722859d4be54fd,127,115,91,36,7,1.4285714285714286,1,1.0,1,1,6,5,1.6666666666666667,5,2.3333333333333335,5.0,5.0,1,prospective,synthetic_line_6q_spread,line,spread,SYNTHETIC_TARGET,"{""edges"": [[0, 1], [1, 0], [1, 2], [2, 1], [2, 3], [3, 2], [3, 4], [4, 3], [4, 5], [5, 4]], ""seed"": 7, ""basis"": [""id"", ""rz"", ""sx"", ""x"", ""ecr""], ""nodes"": 6}",ccfecec17e274607ed29176fa4c2a758de445cb0e2e85ddcc1bbcb36bd80dcb3,"[0, 5]",,identity proxy before selection when layout is transpiler,49f9e42949fe44e9cacc4cb550ad5cc71ba965632af7f9c8a4fd8e3384156438_synthetic_line_6q_spread,basic,11,v0.4.0,49f9e42949fe44e9cacc4cb550ad5cc71ba965632af7f9c8a4fd8e3384156438_synthetic_line_6q_spread_11,15,12,55,6.693744000000001e-06,-17,0.005363219999708235,True,,3.747825005307077e-15,1e-10,logical Operator.equiv + routed zero/3 random states,"[3, 4]"
2,1.5,0.2,3,reversed,49f9e42949fe44e9cacc4cb550ad5cc71ba965632af7f9c8a4fd8e3384156438,eb77ef94d7f09284f2e4b0e598070c808cbfe6c61103c8d011722859d4be54fd,127,115,91,36,7,1.4285714285714286,1,1.0,1,1,6,5,1.6666666666666667,5,2.3333333333333335,5.0,5.0,1,prospective,synthetic_line_6q_spread,line,spread,SYNTHETIC_TARGET,"{""edges"": [[0, 1], [1, 0], [1, 2], [2, 1], [2, 3], [3, 2], [3, 4], [4, 3], [4, 5], [5, 4]], ""seed"": 7, ""basis"": [""id"", ""rz"", ""sx"", ""x"", ""ecr""], ""nodes"": 6}",ccfecec17e274607ed29176fa4c2a758de445cb0e2e85ddcc1bbcb36bd80dcb3,"[0, 5]",,identity proxy before selection when layout is transpiler,49f9e42949fe44e9cacc4cb550ad5cc71ba965632af7f9c8a4fd8e3384156438_synthetic_line_6q_spread,teleport,11,v0.4.0,49f9e42949fe44e9cacc4cb550ad5cc71ba965632af7f9c8a4fd8e3384156438_synthetic_line_6q_spread_11,15,12,55,6.693744000000001e-06,-21,0.005501637999259401,True,,3.3839044131518772e-15,1e-10,logical Operator.equiv + routed zero/3 random states,"[3, 4]"
2,1.5,0.2,3,reversed,49f9e42949fe44e9cacc4cb550ad5cc71ba965632af7f9c8a4fd8e3384156438,eb77ef94d7f09284f2e4b0e598070c808cbfe6c61103c8d011722859d4be54fd,127,115,91,36,7,1.4285714285714286,1,1.0,1,1,6,5,1.6666666666666667,5,2.3333333333333335,5.0,5.0,1,prospective,synthetic_line_6q_spread,line,spread,SYNTHETIC_TARGET,"{""edges"": [[0, 1], [1, 0], [1, 2], [2, 1], [2, 3], [3, 2], [3, 4], [4, 3], [4, 5], [5, 4]], ""seed"": 7, ""basis"": [""id"", ""rz"", ""sx"", ""x"", ""ecr""], ""nodes"": 6}",ccfecec17e274607ed29176fa4c2a758de445cb0e2e85ddcc1bbcb36bd80dcb3,"[0, 5]",,identity proxy before selection when layout is transpiler,49f9e42949fe44e9cacc4cb550ad5cc71ba965632af7f9c8a4fd8e3384156438_synthetic_line_6q_spread,basic,19,v0.4.0,49f9e42949fe44e9cacc4cb550ad5cc71ba965632af7f9c8a4fd8e3384156438_synthetic_line_6q_spread_19,15,9,49,5.6740979999999966e-06,-17,0.005529843001568224,True,,3.925231146709438e-15,1e-10,logical Operator.equiv + routed zero/3 random states,"[2, 3]"
2,1.5,0.2,3,reversed,49f9e42949fe44e9cacc4cb550ad5cc71ba965632af7f9c8a4fd8e3384156438,eb77ef94d7f09284f2e4b0e598070c808cbfe6c61103c8d011722859d4be54fd,127,115,91,36,7,1.4285714285714286,1,1.0,1,1,6,5,1.6666666666666667,5,2.3333333333333335,5.0,5.0,1,prospective,synthetic_line_6q_spread,line,spread,SYNTHETIC_TARGET,"{""edges"": [[0, 1], [1, 0], [1, 2], [2, 1], [2, 3], [3, 2], [3, 4], [4, 3], [4, 5], [5, 4]], ""seed"": 7, ""basis"": [""id"", ""rz"", ""sx"", ""x"", ""ecr""], ""nodes"": 6}",ccfecec17e274607ed29176fa4c2a758de445cb0e2e85ddcc1bbcb36bd80dcb3,"[0, 5]",,identity proxy before selection when layout is transpiler,49f9e42949fe44e9cacc4cb550ad5cc71ba965632af7f9c8a4fd8e3384156438_synthetic_line_6q_spread,teleport,19,v0.4.0,49f9e42949fe44e9cacc4cb550ad5cc71ba965632af7f9c8a4fd8e3384156438_synthetic_line_6q_spread_19,15,9,49,5.6740979999999966e-06,-21,0.005094526000902988,True,,6.204597365854418e-15,1e-10,logical Operator.equiv + routed zero/3 random states,"[2, 3]"
2,1.5,0.2,3,reversed,49f9e42949fe44e9cacc4cb550ad5cc71ba965632af7f9c8a4fd8e3384156438,eb77ef94d7f09284f2e4b0e598070c808cbfe6c61103c8d011722859d4be54fd,127,115,91,36,7,1.4285714285714286,1,1.0,1,1,6,5,1.6666666666666667,5,2.3333333333333335,5.0,5.0,1,prospective,synthetic_line_6q_spread,line,spread,SYNTHETIC_TARGET,"{""edges"": [[0, 1], [1, 0], [1, 2], [2, 1], [2, 3], [3, 2], [3, 4], [4, 3], [4, 5], [5, 4]], ""seed"": 7, ""basis"": [""id"", ""rz"", ""sx"", ""x"", ""ecr""], ""nodes"": 6}",ccfecec17e274607ed29176fa4c2a758de445cb0e2e85ddcc1bbcb36bd80dcb3,"[0, 5]",,identity proxy before selection when layout is transpiler,49f9e42949fe44e9cacc4cb550ad5cc71ba965632af7f9c8a4fd8e3384156438_synthetic_line_6q_spread,basic,29,v0.4.0,49f9e42949fe44e9cacc4cb550ad5cc71ba965632af7f9c8a4fd8e3384156438_synthetic_line_6q_spread_29,15,9,49,5.6740979999999966e-06,-17,0.005284913000650704,True,,3.925231146709438e-15,1e-10,logical Operator.equiv + routed zero/3 random states,"[2, 3]"
2,1.5,0.2,3,reversed,49f9e42949fe44e9cacc4cb550ad5cc71ba965632af7f9c8a4fd8e3384156438,eb77ef94d7f09284f2e4b0e598070c808cbfe6c61103c8d011722859d4be54fd,127,115,91,36,7,1.4285714285714286,1,1.0,1,1,6,5,1.6666666666666667,5,2.3333333333333335,5.0,5.0,1,prospective,synthetic_line_6q_spread,line,spread,SYNTHETIC_TARGET,"{""edges"": [[0, 1], [1, 0], [1, 2], [2, 1], [2, 3], [3, 2], [3, 4], [4, 3], [4, 5], [5, 4]], ""seed"": 7, ""basis"": [""id"", ""rz"", ""sx"", ""x"", ""ecr""], ""nodes"": 6}",ccfecec17e274607ed29176fa4c2a758de445cb0e2e85ddcc1bbcb36bd80dcb3,"[0, 5]",,identity proxy before selection when layout is transpiler,49f9e42949fe44e9cacc4cb550ad5cc71ba965632af7f9c8a4fd8e3384156438_synthetic_line_6q_spread,teleport,29,v0.4.0,49f9e42949fe44e9cacc4cb550ad5cc71ba965632af7f9c8a4fd8e3384156438_synthetic_line_6q_spread_29,15,9,49,5.6740979999999966e-06,-21,0.005636695997964125,True,,6.204597365854418e-15,1e-10,logical Operator.equiv + routed zero/3 random states,"[2, 3]"
2,1.5,0.2,3,reversed,49f9e42949fe44e9cacc4cb550ad5cc71ba965632af7f9c8a4fd8e3384156438,eb77ef94d7f09284f2e4b0e598070c808cbfe6c61103c8d011722859d4be54fd,127,115,91,36,7,1.4285714285714286,1,1.0,1,1,6,5,1.6666666666666667,5,2.3333333333333335,5.0,5.0,1,prospective,synthetic_line_6q_spread,line,spread,SYNTHETIC_TARGET,"{""edges"": [[0, 1], [1, 0], [1, 2], [2, 1], [2, 3], [3, 2], [3, 4], [4, 3], [4, 5], [5, 4]], ""seed"": 7, ""basis"": [""id"", ""rz"", ""sx"", ""x"", ""ecr""], ""nodes"": 6}",ccfecec17e274607ed29176fa4c2a758de445cb0e2e85ddcc1bbcb36bd80dcb3,"[0, 5]",,identity proxy before selection when layout is transpiler,49f9e42949fe44e9cacc4cb550ad5cc71ba965632af7f9c8a4fd8e3384156438_synthetic_line_6q_spread,basic,37,v0.4.0,49f9e42949fe44e9cacc4cb550ad5cc71ba965632af7f9c8a4fd8e3384156438_synthetic_line_6q_spread_37,15,9,49,5.6740979999999966e-06,-17,0.0051748000041698106,True,,3.925231146709438e-15,1e-10,logical Operator.equiv + routed zero/3 random states,"[2, 3]"
2,1.5,0.2,3,reversed,49f9e42949fe44e9cacc4cb550ad5cc71ba965632af7f9c8a4fd8e3384156438,eb77ef94d7f09284f2e4b0e598070c808cbfe6c61103c8d011722859d4be54fd,127,115,91,36,7,1.4285714285714286,1,1.0,1,1,6,5,1.6666666666666667,5,2.3333333333333335,5.0,5.0,1,prospective,synthetic_line_6q_spread,line,spread,SYNTHETIC_TARGET,"{""edges"": [[0, 1], [1, 0], [1, 2], [2, 1], [2, 3], [3, 2], [3, 4], [4, 3], [4, 5], [5, 4]], ""seed"": 7, ""basis"": [""id"", ""rz"", ""sx"", ""x"", ""ecr""], ""nodes"": 6}",ccfecec17e274607ed29176fa4c2a758de445cb0e2e85ddcc1bbcb36bd80dcb3,"[0, 5]",,identity proxy before selection when layout is transpiler,49f9e42949fe44e9cacc4cb550ad5cc71ba965632af7f9c8a4fd8e3384156438_synthetic_line_6q_spread,teleport,37,v0.4.0,49f9e42949fe44e9cacc4cb550ad5cc71ba965632af7f9c8a4fd8e3384156438_synthetic_line_6q_spread_37,15,9,49,5.6740979999999966e-06,-21,0.005065204000857193,True,,6.204597365854418e-15,1e-10,logical Operator.equiv + routed zero/3 random states,"[2, 3]"
2,1.5,0.2,3,reversed,49f9e42949fe44e9cacc4cb550ad5cc71ba965632af7f9c8a4fd8e3384156438,eb77ef94d7f09284f2e4b0e598070c808cbfe6c61103c8d011722859d4be54fd,127,115,91,36,7,1.4285714285714286,1,1.0,1,1,6,5,1.6666666666666667,5,2.3333333333333335,5.0,5.0,1,prospective,synthetic_line_6q_spread,line,spread,SYNTHETIC_TARGET,"{""edges"": [[0, 1], [1, 0], [1, 2], [2, 1], [2, 3], [3, 2], [3, 4], [4, 3], [4, 5], [5, 4]], ""seed"": 7, ""basis"": [""id"", ""rz"", ""sx"", ""x"", ""ecr""], ""nodes"": 6}",ccfecec17e274607ed29176fa4c2a758de445cb0e2e85ddcc1bbcb36bd80dcb3,"[0, 5]",,identity proxy before selection when layout is transpiler,49f9e42949fe44e9cacc4cb550ad5cc71ba965632af7f9c8a4fd8e3384156438_synthetic_line_6q_spread,basic,47,v0.4.0,49f9e42949fe44e9cacc4cb550ad5cc71ba965632af7f9c8a4fd8e3384156438_synthetic_line_6q_spread_47,15,12,55,6.693744000000001e-06,-17,0.00494814900594065,True,,3.747825005307077e-15,1e-10,logical Operator.equiv + routed zero/3 random states,"[3, 4]"
2,1.5,0.2,3,reversed,49f9e42949fe44e9cacc4cb550ad5cc71ba965632af7f9c8a4fd8e3384156438,eb77ef94d7f09284f2e4b0e598070c808cbfe6c61103c8d011722859d4be54fd,127,115,91,36,7,1.4285714285714286,1,1.0,1,1,6,5,1.6666666666666667,5,2.3333333333333335,5.0,5.0,1,prospective,synthetic_line_6q_spread,line,spread,SYNTHETIC_TARGET,"{""edges"": [[0, 1], [1, 0], [1, 2], [2, 1], [2, 3], [3, 2], [3, 4], [4, 3], [4, 5], [5, 4]], ""seed"": 7, ""basis"": [""id"", ""rz"", ""sx"", ""x"", ""ecr""], ""nodes"": 6}",ccfecec17e274607ed29176fa4c2a758de445cb0e2e85ddcc1bbcb36bd80dcb3,"[0, 5]",,identity proxy before selection when layout is transpiler,49f9e42949fe44e9cacc4cb550ad5cc71ba965632af7f9c8a4fd8e3384156438_synthetic_line_6q_spread,teleport,47,v0.4.0,49f9e42949fe44e9cacc4cb550ad5cc71ba965632af7f9c8a4fd8e3384156438_synthetic_line_6q_spread_47,15,12,55,6.693744000000001e-06,-21,0.008402512001339346,True,,3.3839044131518772e-15,1e-10,logical Operator.equiv + routed zero/3 random states,"[3, 4]"
2,1.5,0.2,3,reversed,49f9e42949fe44e9cacc4cb550ad5cc71ba965632af7f9c8a4fd8e3384156438,eb77ef94d7f09284f2e4b0e598070c808cbfe6c61103c8d011722859d4be54fd,127,115,91,36,7,1.4285714285714286,1,1.0,1,1,6,6,2.0,3,1.8,1.0,1.0,1,prospective,synthetic_ring_6q_transpiler,ring,transpiler,SYNTHETIC_TARGET,"{""edges"": [[0, 1], [0, 5], [1, 0], [1, 2], [2, 1], [2, 3], [3, 2], [3, 4], [4, 3], [4, 5], [5, 0], [5, 4]], ""seed"": 7, ""basis"": [""id"", ""rz"", ""sx"", ""x"", ""ecr""], ""nodes"": 6}",ff4a6017b79ba46163d089d132c4bc654811d5fa5518090a9b65bf0d23d86ee8,null,,identity proxy before selection when layout is transpiler,49f9e42949fe44e9cacc4cb550ad5cc71ba965632af7f9c8a4fd8e3384156438_synthetic_ring_6q_transpiler,basic,11,v0.4.0,49f9e42949fe44e9cacc4cb550ad5cc71ba965632af7f9c8a4fd8e3384156438_synthetic_ring_6q_transpiler_11,3,3,23,1.668774e-06,-29,0.005276542993669864,True,,3.4951092187883572e-15,1e-10,logical Operator.equiv + routed zero/3 random states,"[3, 4]"
2,1.5,0.2,3,reversed,49f9e42949fe44e9cacc4cb550ad5cc71ba965632af7f9c8a4fd8e3384156438,eb77ef94d7f09284f2e4b0e598070c808cbfe6c61103c8d011722859d4be54fd,127,115,91,36,7,1.4285714285714286,1,1.0,1,1,6,6,2.0,3,1.8,1.0,1.0,1,prospective,synthetic_ring_6q_transpiler,ring,transpiler,SYNTHETIC_TARGET,"{""edges"": [[0, 1], [0, 5], [1, 0], [1, 2], [2, 1], [2, 3], [3, 2], [3, 4], [4, 3], [4, 5], [5, 0], [5, 4]], ""seed"": 7, ""basis"": [""id"", ""rz"", ""sx"", ""x"", ""ecr""], ""nodes"": 6}",ff4a6017b79ba46163d089d132c4bc654811d5fa5518090a9b65bf0d23d86ee8,null,,identity proxy before selection when layout is transpiler,49f9e42949fe44e9cacc4cb550ad5cc71ba965632af7f9c8a4fd8e3384156438_synthetic_ring_6q_transpiler,teleport,11,v0.4.0,49f9e42949fe44e9cacc4cb550ad5cc71ba965632af7f9c8a4fd8e3384156438_synthetic_ring_6q_transpiler_11,3,3,23,1.668774e-06,-33,0.004554742998152506,True,,3.4151766781835904e-15,1e-10,logical Operator.equiv + routed zero/3 random states,"[3, 4]"
2,1.5,0.2,3,reversed,49f9e42949fe44e9cacc4cb550ad5cc71ba965632af7f9c8a4fd8e3384156438,eb77ef94d7f09284f2e4b0e598070c808cbfe6c61103c8d011722859d4be54fd,127,115,91,36,7,1.4285714285714286,1,1.0,1,1,6,6,2.0,3,1.8,1.0,1.0,1,prospective,synthetic_ring_6q_transpiler,ring,transpiler,SYNTHETIC_TARGET,"{""edges"": [[0, 1], [0, 5], [1, 0], [1, 2], [2, 1], [2, 3], [3, 2], [3, 4], [4, 3], [4, 5], [5, 0], [5, 4]], ""seed"": 7, ""basis"": [""id"", ""rz"", ""sx"", ""x"", ""ecr""], ""nodes"": 6}",ff4a6017b79ba46163d089d132c4bc654811d5fa5518090a9b65bf0d23d86ee8,null,,identity proxy before selection when layout is transpiler,49f9e42949fe44e9cacc4cb550ad5cc71ba965632af7f9c8a4fd8e3384156438_synthetic_ring_6q_transpiler,basic,19,v0.4.0,49f9e42949fe44e9cacc4cb550ad5cc71ba965632af7f9c8a4fd8e3384156438_synthetic_ring_6q_transpiler_19,3,3,23,2.133198e-06,-29,0.0045318289994611405,True,,4.270030909665975e-15,1e-10,logical Operator.equiv + routed zero/3 random states,"[1, 2]"
2,1.5,0.2,3,reversed,49f9e42949fe44e9cacc4cb550ad5cc71ba965632af7f9c8a4fd8e3384156438,eb77ef94d7f09284f2e4b0e598070c808cbfe6c61103c8d011722859d4be54fd,127,115,91,36,7,1.4285714285714286,1,1.0,1,1,6,6,2.0,3,1.8,1.0,1.0,1,prospective,synthetic_ring_6q_transpiler,ring,transpiler,SYNTHETIC_TARGET,"{""edges"": [[0, 1], [0, 5], [1, 0], [1, 2], [2, 1], [2, 3], [3, 2], [3, 4], [4, 3], [4, 5], [5, 0], [5, 4]], ""seed"": 7, ""basis"": [""id"", ""rz"", ""sx"", ""x"", ""ecr""], ""nodes"": 6}",ff4a6017b79ba46163d089d132c4bc654811d5fa5518090a9b65bf0d23d86ee8,null,,identity proxy before selection when layout is transpiler,49f9e42949fe44e9cacc4cb550ad5cc71ba965632af7f9c8a4fd8e3384156438_synthetic_ring_6q_transpiler,teleport,19,v0.4.0,49f9e42949fe44e9cacc4cb550ad5cc71ba965632af7f9c8a4fd8e3384156438_synthetic_ring_6q_transpiler_19,3,3,23,2.133198e-06,-33,0.004466820995730814,True,,8.97720186566477e-15,1e-10,logical Operator.equiv + routed zero/3 random states,"[1, 2]"
2,1.5,0.2,3,reversed,49f9e42949fe44e9cacc4cb550ad5cc71ba965632af7f9c8a4fd8e3384156438,eb77ef94d7f09284f2e4b0e598070c808cbfe6c61103c8d011722859d4be54fd,127,115,91,36,7,1.4285714285714286,1,1.0,1,1,6,6,2.0,3,1.8,1.0,1.0,1,prospective,synthetic_ring_6q_transpiler,ring,transpiler,SYNTHETIC_TARGET,"{""edges"": [[0, 1], [0, 5], [1, 0], [1, 2], [2, 1], [2, 3], [3, 2], [3, 4], [4, 3], [4, 5], [5, 0], [5, 4]], ""seed"": 7, ""basis"": [""id"", ""rz"", ""sx"", ""x"", ""ecr""], ""nodes"": 6}",ff4a6017b79ba46163d089d132c4bc654811d5fa5518090a9b65bf0d23d86ee8,null,,identity proxy before selection when layout is transpiler,49f9e42949fe44e9cacc4cb550ad5cc71ba965632af7f9c8a4fd8e3384156438_synthetic_ring_6q_transpiler,basic,29,v0.4.0,49f9e42949fe44e9cacc4cb550ad5cc71ba965632af7f9c8a4fd8e3384156438_synthetic_ring_6q_transpiler_29,3,3,23,2.133198e-06,-29,0.004509680002229288,True,,4.270030909665975e-15,1e-10,logical Operator.equiv + routed zero/3 random states,"[1, 2]"
2,1.5,0.2,3,reversed,49f9e42949fe44e9cacc4cb550ad5cc71ba965632af7f9c8a4fd8e3384156438,eb77ef94d7f09284f2e4b0e598070c808cbfe6c61103c8d011722859d4be54fd,127,115,91,36,7,1.4285714285714286,1,1.0,1,1,6,6,2.0,3,1.8,1.0,1.0,1,prospective,synthetic_ring_6q_transpiler,ring,transpiler,SYNTHETIC_TARGET,"{""edges"": [[0, 1], [0, 5], [1, 0], [1, 2], [2, 1], [2, 3], [3, 2], [3, 4], [4, 3], [4, 5], [5, 0], [5, 4]], ""seed"": 7, ""basis"": [""id"", ""rz"", ""sx"", ""x"", ""ecr""], ""nodes"": 6}",ff4a6017b79ba46163d089d132c4bc654811d5fa5518090a9b65bf0d23d86ee8,null,,identity proxy before selection when layout is transpiler,49f9e42949fe44e9cacc4cb550ad5cc71ba965632af7f9c8a4fd8e3384156438_synthetic_ring_6q_transpiler,teleport,29,v0.4.0,49f9e42949fe44e9cacc4cb550ad5cc71ba965632af7f9c8a4fd8e3384156438_synthetic_ring_6q_transpiler_29,3,3,23,2.133198e-06,-33,0.004442723999090958,True,,8.97720186566477e-15,1e-10,logical Operator.equiv + routed zero/3 random states,"[1, 2]"
2,1.5,0.2,3,reversed,49f9e42949fe44e9cacc4cb550ad5cc71ba965632af7f9c8a4fd8e3384156438,eb77ef94d7f09284f2e4b0e598070c808cbfe6c61103c8d011722859d4be54fd,127,115,91,36,7,1.4285714285714286,1,1.0,1,1,6,6,2.0,3,1.8,1.0,1.0,1,prospective,synthetic_ring_6q_transpiler,ring,transpiler,SYNTHETIC_TARGET,"{""edges"": [[0, 1], [0, 5], [1, 0], [1, 2], [2, 1], [2, 3], [3, 2], [3, 4], [4, 3], [4, 5], [5, 0], [5, 4]], ""seed"": 7, ""basis"": [""id"", ""rz"", ""sx"", ""x"", ""ecr""], ""nodes"": 6}",ff4a6017b79ba46163d089d132c4bc654811d5fa5518090a9b65bf0d23d86ee8,null,,identity proxy before selection when layout is transpiler,49f9e42949fe44e9cacc4cb550ad5cc71ba965632af7f9c8a4fd8e3384156438_synthetic_ring_6q_transpiler,basic,37,v0.4.0,49f9e42949fe44e9cacc4cb550ad5cc71ba965632af7f9c8a4fd8e3384156438_synthetic_ring_6q_transpiler_37,3,3,23,1.39305e-06,-29,0.004484340002818499,True,,3.7735335743599086e-15,1e-10,logical Operator.equiv + routed zero/3 random states,"[1, 0]"
2,1.5,0.2,3,reversed,49f9e42949fe44e9cacc4cb550ad5cc71ba965632af7f9c8a4fd8e3384156438,eb77ef94d7f09284f2e4b0e598070c808cbfe6c61103c8d011722859d4be54fd,127,115,91,36,7,1.4285714285714286,1,1.0,1,1,6,6,2.0,3,1.8,1.0,1.0,1,prospective,synthetic_ring_6q_transpiler,ring,transpiler,SYNTHETIC_TARGET,"{""edges"": [[0, 1], [0, 5], [1, 0], [1, 2], [2, 1], [2, 3], [3, 2], [3, 4], [4, 3], [4, 5], [5, 0], [5, 4]], ""seed"": 7, ""basis"": [""id"", ""rz"", ""sx"", ""x"", ""ecr""], ""nodes"": 6}",ff4a6017b79ba46163d089d132c4bc654811d5fa5518090a9b65bf0d23d86ee8,null,,identity proxy before selection when layout is transpiler,49f9e42949fe44e9cacc4cb550ad5cc71ba965632af7f9c8a4fd8e3384156438_synthetic_ring_6q_transpiler,teleport,37,v0.4.0,49f9e42949fe44e9cacc4cb550ad5cc71ba965632af7f9c8a4fd8e3384156438_synthetic_ring_6q_transpiler_37,3,3,23,1.39305e-06,-33,0.005954125001153443,True,,6.195402603516566e-15,1e-10,logical Operator.equiv + routed zero/3 random states,"[1, 0]"
2,1.5,0.2,3,reversed,49f9e42949fe44e9cacc4cb550ad5cc71ba965632af7f9c8a4fd8e3384156438,eb77ef94d7f09284f2e4b0e598070c808cbfe6c61103c8d011722859d4be54fd,127,115,91,36,7,1.4285714285714286,1,1.0,1,1,6,6,2.0,3,1.8,1.0,1.0,1,prospective,synthetic_ring_6q_transpiler,ring,transpiler,SYNTHETIC_TARGET,"{""edges"": [[0, 1], [0, 5], [1, 0], [1, 2], [2, 1], [2, 3], [3, 2], [3, 4], [4, 3], [4, 5], [5, 0], [5, 4]], ""seed"": 7, ""basis"": [""id"", ""rz"", ""sx"", ""x"", ""ecr""], ""nodes"": 6}",ff4a6017b79ba46163d089d132c4bc654811d5fa5518090a9b65bf0d23d86ee8,null,,identity proxy before selection when layout is transpiler,49f9e42949fe44e9cacc4cb550ad5cc71ba965632af7f9c8a4fd8e3384156438_synthetic_ring_6q_transpiler,basic,47,v0.4.0,49f9e42949fe44e9cacc4cb550ad5cc71ba965632af7f9c8a4fd8e3384156438_synthetic_ring_6q_transpiler_47,3,3,23,2.133198e-06,-29,0.0045769339994876646,True,,4.899153941134274e-15,1e-10,logical Operator.equiv + routed zero/3 random states,"[2, 1]"
2,1.5,0.2,3,reversed,49f9e42949fe44e9cacc4cb550ad5cc71ba965632af7f9c8a4fd8e3384156438,eb77ef94d7f09284f2e4b0e598070c808cbfe6c61103c8d011722859d4be54fd,127,115,91,36,7,1.4285714285714286,1,1.0,1,1,6,6,2.0,3,1.8,1.0,1.0,1,prospective,synthetic_ring_6q_transpiler,ring,transpiler,SYNTHETIC_TARGET,"{""edges"": [[0, 1], [0, 5], [1, 0], [1, 2], [2, 1], [2, 3], [3, 2], [3, 4], [4, 3], [4, 5], [5, 0], [5, 4]], ""seed"": 7, ""basis"": [""id"", ""rz"", ""sx"", ""x"", ""ecr""], ""nodes"": 6}",ff4a6017b79ba46163d089d132c4bc654811d5fa5518090a9b65bf0d23d86ee8,null,,identity proxy before selection when layout is transpiler,49f9e42949fe44e9cacc4cb550ad5cc71ba965632af7f9c8a4fd8e3384156438_synthetic_ring_6q_transpiler,teleport,47,v0.4.0,49f9e42949fe44e9cacc4cb550ad5cc71ba965632af7f9c8a4fd8e3384156438_synthetic_ring_6q_transpiler_47,3,3,23,2.133198e-06,-33,0.004635169003449846,True,,6.029649518177875e-15,1e-10,logical Operator.equiv + routed zero/3 random states,"[2, 1]"
2,1.5,0.2,3,reversed,49f9e42949fe44e9cacc4cb550ad5cc71ba965632af7f9c8a4fd8e3384156438,eb77ef94d7f09284f2e4b0e598070c808cbfe6c61103c8d011722859d4be54fd,127,115,91,36,7,1.4285714285714286,1,1.0,1,1,6,7,2.3333333333333335,3,1.6666666666666667,1.0,1.0,1,prospective,synthetic_grid_6q_transpiler,grid,transpiler,SYNTHETIC_TARGET,"{""edges"": [[0, 1], [0, 3], [1, 0], [1, 2], [1, 4], [2, 1], [2, 5], [3, 0], [3, 4], [4, 1], [4, 3], [4, 5], [5, 2], [5, 4]], ""seed"": 7, ""basis"": [""id"", ""rz"", ""sx"", ""x"", ""ecr""], ""nodes"": 6}",1dc9d7c7422ee8d9e756c16f45c753640fd9bb0d83eb6013019055e1f800f374,null,,identity proxy before selection when layout is transpiler,49f9e42949fe44e9cacc4cb550ad5cc71ba965632af7f9c8a4fd8e3384156438_synthetic_grid_6q_transpiler,basic,11,v0.4.0,49f9e42949fe44e9cacc4cb550ad5cc71ba965632af7f9c8a4fd8e3384156438_synthetic_grid_6q_transpiler_11,3,3,23,2.2977e-06,-29,0.0048351609948440455,True,,3.4951092187883572e-15,1e-10,logical Operator.equiv + routed zero/3 random states,"[2, 5]"
2,1.5,0.2,3,reversed,49f9e42949fe44e9cacc4cb550ad5cc71ba965632af7f9c8a4fd8e3384156438,eb77ef94d7f09284f2e4b0e598070c808cbfe6c61103c8d011722859d4be54fd,127,115,91,36,7,1.4285714285714286,1,1.0,1,1,6,7,2.3333333333333335,3,1.6666666666666667,1.0,1.0,1,prospective,synthetic_grid_6q_transpiler,grid,transpiler,SYNTHETIC_TARGET,"{""edges"": [[0, 1], [0, 3], [1, 0], [1, 2], [1, 4], [2, 1], [2, 5], [3, 0], [3, 4], [4, 1], [4, 3], [4, 5], [5, 2], [5, 4]], ""seed"": 7, ""basis"": [""id"", ""rz"", ""sx"", ""x"", ""ecr""], ""nodes"": 6}",1dc9d7c7422ee8d9e756c16f45c753640fd9bb0d83eb6013019055e1f800f374,null,,identity proxy before selection when layout is transpiler,49f9e42949fe44e9cacc4cb550ad5cc71ba965632af7f9c8a4fd8e3384156438_synthetic_grid_6q_transpiler,teleport,11,v0.4.0,49f9e42949fe44e9cacc4cb550ad5cc71ba965632af7f9c8a4fd8e3384156438_synthetic_grid_6q_transpiler_11,3,3,23,2.2977e-06,-33,0.004568809999909718,True,,3.4151766781835904e-15,1e-10,logical Operator.equiv + routed zero/3 random states,"[2, 5]"
2,1.5,0.2,3,reversed,49f9e42949fe44e9cacc4cb550ad5cc71ba965632af7f9c8a4fd8e3384156438,eb77ef94d7f09284f2e4b0e598070c808cbfe6c61103c8d011722859d4be54fd,127,115,91,36,7,1.4285714285714286,1,1.0,1,1,6,7,2.3333333333333335,3,1.6666666666666667,1.0,1.0,1,prospective,synthetic_grid_6q_transpiler,grid,transpiler,SYNTHETIC_TARGET,"{""edges"": [[0, 1], [0, 3], [1, 0], [1, 2], [1, 4], [2, 1], [2, 5], [3, 0], [3, 4], [4, 1], [4, 3], [4, 5], [5, 2], [5, 4]], ""seed"": 7, ""basis"": [""id"", ""rz"", ""sx"", ""x"", ""ecr""], ""nodes"": 6}",1dc9d7c7422ee8d9e756c16f45c753640fd9bb0d83eb6013019055e1f800f374,null,,identity proxy before selection when layout is transpiler,49f9e42949fe44e9cacc4cb550ad5cc71ba965632af7f9c8a4fd8e3384156438_synthetic_grid_6q_transpiler,basic,19,v0.4.0,49f9e42949fe44e9cacc4cb550ad5cc71ba965632af7f9c8a4fd8e3384156438_synthetic_grid_6q_transpiler_19,3,3,23,1.762014e-06,-29,0.005207967995374929,True,,4.270030909665975e-15,1e-10,logical Operator.equiv + routed zero/3 random states,"[1, 4]"
2,1.5,0.2,3,reversed,49f9e42949fe44e9cacc4cb550ad5cc71ba965632af7f9c8a4fd8e3384156438,eb77ef94d7f09284f2e4b0e598070c808cbfe6c61103c8d011722859d4be54fd,127,115,91,36,7,1.4285714285714286,1,1.0,1,1,6,7,2.3333333333333335,3,1.6666666666666667,1.0,1.0,1,prospective,synthetic_grid_6q_transpiler,grid,transpiler,SYNTHETIC_TARGET,"{""edges"": [[0, 1], [0, 3], [1, 0], [1, 2], [1, 4], [2, 1], [2, 5], [3, 0], [3, 4], [4, 1], [4, 3], [4, 5], [5, 2], [5, 4]], ""seed"": 7, ""basis"": [""id"", ""rz"", ""sx"", ""x"", ""ecr""], ""nodes"": 6}",1dc9d7c7422ee8d9e756c16f45c753640fd9bb0d83eb6013019055e1f800f374,null,,identity proxy before selection when layout is transpiler,49f9e42949fe44e9cacc4cb550ad5cc71ba965632af7f9c8a4fd8e3384156438_synthetic_grid_6q_transpiler,teleport,19,v0.4.0,49f9e42949fe44e9cacc4cb550ad5cc71ba965632af7f9c8a4fd8e3384156438_synthetic_grid_6q_transpiler_19,3,3,23,1.762014e-06,-33,0.0045540540013462305,True,,8.97720186566477e-15,1e-10,logical Operator.equiv + routed zero/3 random states,"[1, 4]"
2,1.5,0.2,3,reversed,49f9e42949fe44e9cacc4cb550ad5cc71ba965632af7f9c8a4fd8e3384156438,eb77ef94d7f09284f2e4b0e598070c808cbfe6c61103c8d011722859d4be54fd,127,115,91,36,7,1.4285714285714286,1,1.0,1,1,6,7,2.3333333333333335,3,1.6666666666666667,1.0,1.0,1,prospective,synthetic_grid_6q_transpiler,grid,transpiler,SYNTHETIC_TARGET,"{""edges"": [[0, 1], [0, 3], [1, 0], [1, 2], [1, 4], [2, 1], [2, 5], [3, 0], [3, 4], [4, 1], [4, 3], [4, 5], [5, 2], [5, 4]], ""seed"": 7, ""basis"": [""id"", ""rz"", ""sx"", ""x"", ""ecr""], ""nodes"": 6}",1dc9d7c7422ee8d9e756c16f45c753640fd9bb0d83eb6013019055e1f800f374,null,,identity proxy before selection when layout is transpiler,49f9e42949fe44e9cacc4cb550ad5cc71ba965632af7f9c8a4fd8e3384156438_synthetic_grid_6q_transpiler,basic,29,v0.4.0,49f9e42949fe44e9cacc4cb550ad5cc71ba965632af7f9c8a4fd8e3384156438_synthetic_grid_6q_transpiler_29,3,3,23,1.63503e-06,-29,0.004361734994745348,True,,5.097683802142159e-15,1e-10,logical Operator.equiv + routed zero/3 random states,"[1, 2]"
2,1.5,0.2,3,reversed,49f9e42949fe44e9cacc4cb550ad5cc71ba965632af7f9c8a4fd8e3384156438,eb77ef94d7f09284f2e4b0e598070c808cbfe6c61103c8d011722859d4be54fd,127,115,91,36,7,1.4285714285714286,1,1.0,1,1,6,7,2.3333333333333335,3,1.6666666666666667,1.0,1.0,1,prospective,synthetic_grid_6q_transpiler,grid,transpiler,SYNTHETIC_TARGET,"{""edges"": [[0, 1], [0, 3], [1, 0], [1, 2], [1, 4], [2, 1], [2, 5], [3, 0], [3, 4], [4, 1], [4, 3], [4, 5], [5, 2], [5, 4]], ""seed"": 7, ""basis"": [""id"", ""rz"", ""sx"", ""x"", ""ecr""], ""nodes"": 6}",1dc9d7c7422ee8d9e756c16f45c753640fd9bb0d83eb6013019055e1f800f374,null,,identity proxy before selection when layout is transpiler,49f9e42949fe44e9cacc4cb550ad5cc71ba965632af7f9c8a4fd8e3384156438_synthetic_grid_6q_transpiler,teleport,29,v0.4.0,49f9e42949fe44e9cacc4cb550ad5cc71ba965632af7f9c8a4fd8e3384156438_synthetic_grid_6q_transpiler_29,3,3,23,1.63503e-06,-33,0.004391185000713449,True,,6.064605428960731e-15,1e-10,logical Operator.equiv + routed zero/3 random states,"[1, 2]"
2,1.5,0.2,3,reversed,49f9e42949fe44e9cacc4cb550ad5cc71ba965632af7f9c8a4fd8e3384156438,eb77ef94d7f09284f2e4b0e598070c808cbfe6c61103c8d011722859d4be54fd,127,115,91,36,7,1.4285714285714286,1,1.0,1,1,6,7,2.3333333333333335,3,1.6666666666666667,1.0,1.0,1,prospective,synthetic_grid_6q_transpiler,grid,transpiler,SYNTHETIC_TARGET,"{""edges"": [[0, 1], [0, 3], [1, 0], [1, 2], [1, 4], [2, 1], [2, 5], [3, 0], [3, 4], [4, 1], [4, 3], [4, 5], [5, 2], [5, 4]], ""seed"": 7, ""basis"": [""id"", ""rz"", ""sx"", ""x"", ""ecr""], ""nodes"": 6}",1dc9d7c7422ee8d9e756c16f45c753640fd9bb0d83eb6013019055e1f800f374,null,,identity proxy before selection when layout is transpiler,49f9e42949fe44e9cacc4cb550ad5cc71ba965632af7f9c8a4fd8e3384156438_synthetic_grid_6q_transpiler,basic,37,v0.4.0,49f9e42949fe44e9cacc4cb550ad5cc71ba965632af7f9c8a4fd8e3384156438_synthetic_grid_6q_transpiler_37,3,3,23,2.2977e-06,-29,0.004998996002541389,True,,3.4951092187883572e-15,1e-10,logical Operator.equiv + routed zero/3 random states,"[2, 5]"
2,1.5,0.2,3,reversed,49f9e42949fe44e9cacc4cb550ad5cc71ba965632af7f9c8a4fd8e3384156438,eb77ef94d7f09284f2e4b0e598070c808cbfe6c61103c8d011722859d4be54fd,127,115,91,36,7,1.4285714285714286,1,1.0,1,1,6,7,2.3333333333333335,3,1.6666666666666667,1.0,1.0,1,prospective,synthetic_grid_6q_transpiler,grid,transpiler,SYNTHETIC_TARGET,"{""edges"": [[0, 1], [0, 3], [1, 0], [1, 2], [1, 4], [2, 1], [2, 5], [3, 0], [3, 4], [4, 1], [4, 3], [4, 5], [5, 2], [5, 4]], ""seed"": 7, ""basis"": [""id"", ""rz"", ""sx"", ""x"", ""ecr""], ""nodes"": 6}",1dc9d7c7422ee8d9e756c16f45c753640fd9bb0d83eb6013019055e1f800f374,null,,identity proxy before selection when layout is transpiler,49f9e42949fe44e9cacc4cb550ad5cc71ba965632af7f9c8a4fd8e3384156438_synthetic_grid_6q_transpiler,teleport,37,v0.4.0,49f9e42949fe44e9cacc4cb550ad5cc71ba965632af7f9c8a4fd8e3384156438_synthetic_grid_6q_transpiler_37,3,3,23,2.2977e-06,-33,0.004441383003722876,True,,3.4151766781835904e-15,1e-10,logical Operator.equiv + routed zero/3 random states,"[2, 5]"
2,1.5,0.2,3,reversed,49f9e42949fe44e9cacc4cb550ad5cc71ba965632af7f9c8a4fd8e3384156438,eb77ef94d7f09284f2e4b0e598070c808cbfe6c61103c8d011722859d4be54fd,127,115,91,36,7,1.4285714285714286,1,1.0,1,1,6,7,2.3333333333333335,3,1.6666666666666667,1.0,1.0,1,prospective,synthetic_grid_6q_transpiler,grid,transpiler,SYNTHETIC_TARGET,"{""edges"": [[0, 1], [0, 3], [1, 0], [1, 2], [1, 4], [2, 1], [2, 5], [3, 0], [3, 4], [4, 1], [4, 3], [4, 5], [5, 2], [5, 4]], ""seed"": 7, ""basis"": [""id"", ""rz"", ""sx"", ""x"", ""ecr""], ""nodes"": 6}",1dc9d7c7422ee8d9e756c16f45c753640fd9bb0d83eb6013019055e1f800f374,null,,identity proxy before selection when layout is transpiler,49f9e42949fe44e9cacc4cb550ad5cc71ba965632af7f9c8a4fd8e3384156438_synthetic_grid_6q_transpiler,basic,47,v0.4.0,49f9e42949fe44e9cacc4cb550ad5cc71ba965632af7f9c8a4fd8e3384156438_synthetic_grid_6q_transpiler_47,3,3,23,2.087022e-06,-29,0.004813200001080986,True,,3.326966272203901e-15,1e-10,logical Operator.equiv + routed zero/3 random states,"[0, 1]"
2,1.5,0.2,3,reversed,49f9e42949fe44e9cacc4cb550ad5cc71ba965632af7f9c8a4fd8e3384156438,eb77ef94d7f09284f2e4b0e598070c808cbfe6c61103c8d011722859d4be54fd,127,115,91,36,7,1.4285714285714286,1,1.0,1,1,6,7,2.3333333333333335,3,1.6666666666666667,1.0,1.0,1,prospective,synthetic_grid_6q_transpiler,grid,transpiler,SYNTHETIC_TARGET,"{""edges"": [[0, 1], [0, 3], [1, 0], [1, 2], [1, 4], [2, 1], [2, 5], [3, 0], [3, 4], [4, 1], [4, 3], [4, 5], [5, 2], [5, 4]], ""seed"": 7, ""basis"": [""id"", ""rz"", ""sx"", ""x"", ""ecr""], ""nodes"": 6}",1dc9d7c7422ee8d9e756c16f45c753640fd9bb0d83eb6013019055e1f800f374,null,,identity proxy before selection when layout is transpiler,49f9e42949fe44e9cacc4cb550ad5cc71ba965632af7f9c8a4fd8e3384156438_synthetic_grid_6q_transpiler,teleport,47,v0.4.0,49f9e42949fe44e9cacc4cb550ad5cc71ba965632af7f9c8a4fd8e3384156438_synthetic_grid_6q_transpiler_47,3,3,23,2.087022e-06,-33,0.005022350000217557,True,,6.461507541309865e-15,1e-10,logical Operator.equiv + routed zero/3 random states,"[0, 1]"
2,1.5,0.2,3,reversed,49f9e42949fe44e9cacc4cb550ad5cc71ba965632af7f9c8a4fd8e3384156438,eb77ef94d7f09284f2e4b0e598070c808cbfe6c61103c8d011722859d4be54fd,127,115,91,36,7,1.4285714285714286,1,1.0,1,1,7,7,2.0,5,2.2857142857142856,1.0,1.0,1,prospective,synthetic_heavy_hex_like_7q_transpiler,heavy_hex_like,transpiler,SYNTHETIC_TARGET,"{""edges"": [[0, 1], [0, 3], [1, 0], [1, 2], [2, 1], [2, 3], [3, 0], [3, 2], [3, 4], [4, 3], [4, 5], [5, 4], [5, 6], [6, 5]], ""seed"": 7, ""basis"": [""id"", ""rz"", ""sx"", ""x"", ""ecr""], ""nodes"": 7}",a56c42c5929ac738475a61ad56ac38f9ce297f29f090779c0473725bc68476b5,null,,identity proxy before selection when layout is transpiler,49f9e42949fe44e9cacc4cb550ad5cc71ba965632af7f9c8a4fd8e3384156438_synthetic_heavy_hex_like_7q_transpiler,basic,11,v0.4.0,49f9e42949fe44e9cacc4cb550ad5cc71ba965632af7f9c8a4fd8e3384156438_synthetic_heavy_hex_like_7q_transpiler_11,3,3,23,1.1262059999999999e-06,-29,0.004767063997860532,True,,5.094943980303309e-15,1e-10,logical Operator.equiv + routed zero/3 random states,"[4, 5]"
2,1.5,0.2,3,reversed,49f9e42949fe44e9cacc4cb550ad5cc71ba965632af7f9c8a4fd8e3384156438,eb77ef94d7f09284f2e4b0e598070c808cbfe6c61103c8d011722859d4be54fd,127,115,91,36,7,1.4285714285714286,1,1.0,1,1,7,7,2.0,5,2.2857142857142856,1.0,1.0,1,prospective,synthetic_heavy_hex_like_7q_transpiler,heavy_hex_like,transpiler,SYNTHETIC_TARGET,"{""edges"": [[0, 1], [0, 3], [1, 0], [1, 2], [2, 1], [2, 3], [3, 0], [3, 2], [3, 4], [4, 3], [4, 5], [5, 4], [5, 6], [6, 5]], ""seed"": 7, ""basis"": [""id"", ""rz"", ""sx"", ""x"", ""ecr""], ""nodes"": 7}",a56c42c5929ac738475a61ad56ac38f9ce297f29f090779c0473725bc68476b5,null,,identity proxy before selection when layout is transpiler,49f9e42949fe44e9cacc4cb550ad5cc71ba965632af7f9c8a4fd8e3384156438_synthetic_heavy_hex_like_7q_transpiler,teleport,11,v0.4.0,49f9e42949fe44e9cacc4cb550ad5cc71ba965632af7f9c8a4fd8e3384156438_synthetic_heavy_hex_like_7q_transpiler_11,3,3,23,1.1262059999999999e-06,-33,0.004980349003744777,True,,6.065012300437853e-15,1e-10,logical Operator.equiv + routed zero/3 random states,"[4, 5]"
2,1.5,0.2,3,reversed,49f9e42949fe44e9cacc4cb550ad5cc71ba965632af7f9c8a4fd8e3384156438,eb77ef94d7f09284f2e4b0e598070c808cbfe6c61103c8d011722859d4be54fd,127,115,91,36,7,1.4285714285714286,1,1.0,1,1,7,7,2.0,5,2.2857142857142856,1.0,1.0,1,prospective,synthetic_heavy_hex_like_7q_transpiler,heavy_hex_like,transpiler,SYNTHETIC_TARGET,"{""edges"": [[0, 1], [0, 3], [1, 0], [1, 2], [2, 1], [2, 3], [3, 0], [3, 2], [3, 4], [4, 3], [4, 5], [5, 4], [5, 6], [6, 5]], ""seed"": 7, ""basis"": [""id"", ""rz"", ""sx"", ""x"", ""ecr""], ""nodes"": 7}",a56c42c5929ac738475a61ad56ac38f9ce297f29f090779c0473725bc68476b5,null,,identity proxy before selection when layout is transpiler,49f9e42949fe44e9cacc4cb550ad5cc71ba965632af7f9c8a4fd8e3384156438_synthetic_heavy_hex_like_7q_transpiler,basic,19,v0.4.0,49f9e42949fe44e9cacc4cb550ad5cc71ba965632af7f9c8a4fd8e3384156438_synthetic_heavy_hex_like_7q_transpiler_19,3,3,23,1.1262059999999999e-06,-29,0.007789889998093713,True,,4.082240392577816e-15,1e-10,logical Operator.equiv + routed zero/3 random states,"[5, 4]"
2,1.5,0.2,3,reversed,49f9e42949fe44e9cacc4cb550ad5cc71ba965632af7f9c8a4fd8e3384156438,eb77ef94d7f09284f2e4b0e598070c808cbfe6c61103c8d011722859d4be54fd,127,115,91,36,7,1.4285714285714286,1,1.0,1,1,7,7,2.0,5,2.2857142857142856,1.0,1.0,1,prospective,synthetic_heavy_hex_like_7q_transpiler,heavy_hex_like,transpiler,SYNTHETIC_TARGET,"{""edges"": [[0, 1], [0, 3], [1, 0], [1, 2], [2, 1], [2, 3], [3, 0], [3, 2], [3, 4], [4, 3], [4, 5], [5, 4], [5, 6], [6, 5]], ""seed"": 7, ""basis"": [""id"", ""rz"", ""sx"", ""x"", ""ecr""], ""nodes"": 7}",a56c42c5929ac738475a61ad56ac38f9ce297f29f090779c0473725bc68476b5,null,,identity proxy before selection when layout is transpiler,49f9e42949fe44e9cacc4cb550ad5cc71ba965632af7f9c8a4fd8e3384156438_synthetic_heavy_hex_like_7q_transpiler,teleport,19,v0.4.0,49f9e42949fe44e9cacc4cb550ad5cc71ba965632af7f9c8a4fd8e3384156438_synthetic_heavy_hex_like_7q_transpiler_19,3,3,23,1.1262059999999999e-06,-33,0.004695700001320802,True,,8.914510179324712e-15,1e-10,logical Operator.equiv + routed zero/3 random states,"[5, 4]"
2,1.5,0.2,3,reversed,49f9e42949fe44e9cacc4cb550ad5cc71ba965632af7f9c8a4fd8e3384156438,eb77ef94d7f09284f2e4b0e598070c808cbfe6c61103c8d011722859d4be54fd,127,115,91,36,7,1.4285714285714286,1,1.0,1,1,7,7,2.0,5,2.2857142857142856,1.0,1.0,1,prospective,synthetic_heavy_hex_like_7q_transpiler,heavy_hex_like,transpiler,SYNTHETIC_TARGET,"{""edges"": [[0, 1], [0, 3], [1, 0], [1, 2], [2, 1], [2, 3], [3, 0], [3, 2], [3, 4], [4, 3], [4, 5], [5, 4], [5, 6], [6, 5]], ""seed"": 7, ""basis"": [""id"", ""rz"", ""sx"", ""x"", ""ecr""], ""nodes"": 7}",a56c42c5929ac738475a61ad56ac38f9ce297f29f090779c0473725bc68476b5,null,,identity proxy before selection when layout is transpiler,49f9e42949fe44e9cacc4cb550ad5cc71ba965632af7f9c8a4fd8e3384156438_synthetic_heavy_hex_like_7q_transpiler,basic,29,v0.4.0,49f9e42949fe44e9cacc4cb550ad5cc71ba965632af7f9c8a4fd8e3384156438_synthetic_heavy_hex_like_7q_transpiler_29,3,3,23,1.0456200000000003e-06,-29,0.0046016810010769404,True,,3.4951092187883572e-15,1e-10,logical Operator.equiv + routed zero/3 random states,"[1, 2]"
2,1.5,0.2,3,reversed,49f9e42949fe44e9cacc4cb550ad5cc71ba965632af7f9c8a4fd8e3384156438,eb77ef94d7f09284f2e4b0e598070c808cbfe6c61103c8d011722859d4be54fd,127,115,91,36,7,1.4285714285714286,1,1.0,1,1,7,7,2.0,5,2.2857142857142856,1.0,1.0,1,prospective,synthetic_heavy_hex_like_7q_transpiler,heavy_hex_like,transpiler,SYNTHETIC_TARGET,"{""edges"": [[0, 1], [0, 3], [1, 0], [1, 2], [2, 1], [2, 3], [3, 0], [3, 2], [3, 4], [4, 3], [4, 5], [5, 4], [5, 6], [6, 5]], ""seed"": 7, ""basis"": [""id"", ""rz"", ""sx"", ""x"", ""ecr""], ""nodes"": 7}",a56c42c5929ac738475a61ad56ac38f9ce297f29f090779c0473725bc68476b5,null,,identity proxy before selection when layout is transpiler,49f9e42949fe44e9cacc4cb550ad5cc71ba965632af7f9c8a4fd8e3384156438_synthetic_heavy_hex_like_7q_transpiler,teleport,29,v0.4.0,49f9e42949fe44e9cacc4cb550ad5cc71ba965632af7f9c8a4fd8e3384156438_synthetic_heavy_hex_like_7q_transpiler_29,3,3,23,1.0456200000000003e-06,-33,0.005025393998948857,True,,3.4151766781835904e-15,1e-10,logical Operator.equiv + routed zero/3 random states,"[1, 2]"
2,1.5,0.2,3,reversed,49f9e42949fe44e9cacc4cb550ad5cc71ba965632af7f9c8a4fd8e3384156438,eb77ef94d7f09284f2e4b0e598070c808cbfe6c61103c8d011722859d4be54fd,127,115,91,36,7,1.4285714285714286,1,1.0,1,1,7,7,2.0,5,2.2857142857142856,1.0,1.0,1,prospective,synthetic_heavy_hex_like_7q_transpiler,heavy_hex_like,transpiler,SYNTHETIC_TARGET,"{""edges"": [[0, 1], [0, 3], [1, 0], [1, 2], [2, 1], [2, 3], [3, 0], [3, 2], [3, 4], [4, 3], [4, 5], [5, 4], [5, 6], [6, 5]], ""seed"": 7, ""basis"": [""id"", ""rz"", ""sx"", ""x"", ""ecr""], ""nodes"": 7}",a56c42c5929ac738475a61ad56ac38f9ce297f29f090779c0473725bc68476b5,null,,identity proxy before selection when layout is transpiler,49f9e42949fe44e9cacc4cb550ad5cc71ba965632af7f9c8a4fd8e3384156438_synthetic_heavy_hex_like_7q_transpiler,basic,37,v0.4.0,49f9e42949fe44e9cacc4cb550ad5cc71ba965632af7f9c8a4fd8e3384156438_synthetic_heavy_hex_like_7q_transpiler_37,3,3,23,1.0485060000000002e-06,-29,0.004915972996968776,True,,3.4951092187883572e-15,1e-10,logical Operator.equiv + routed zero/3 random states,"[3, 4]"
2,1.5,0.2,3,reversed,49f9e42949fe44e9cacc4cb550ad5cc71ba965632af7f9c8a4fd8e3384156438,eb77ef94d7f09284f2e4b0e598070c808cbfe6c61103c8d011722859d4be54fd,127,115,91,36,7,1.4285714285714286,1,1.0,1,1,7,7,2.0,5,2.2857142857142856,1.0,1.0,1,prospective,synthetic_heavy_hex_like_7q_transpiler,heavy_hex_like,transpiler,SYNTHETIC_TARGET,"{""edges"": [[0, 1], [0, 3], [1, 0], [1, 2], [2, 1], [2, 3], [3, 0], [3, 2], [3, 4], [4, 3], [4, 5], [5, 4], [5, 6], [6, 5]], ""seed"": 7, ""basis"": [""id"", ""rz"", ""sx"", ""x"", ""ecr""], ""nodes"": 7}",a56c42c5929ac738475a61ad56ac38f9ce297f29f090779c0473725bc68476b5,null,,identity proxy before selection when layout is transpiler,49f9e42949fe44e9cacc4cb550ad5cc71ba965632af7f9c8a4fd8e3384156438_synthetic_heavy_hex_like_7q_transpiler,teleport,37,v0.4.0,49f9e42949fe44e9cacc4cb550ad5cc71ba965632af7f9c8a4fd8e3384156438_synthetic_heavy_hex_like_7q_transpiler_37,3,3,23,1.0485060000000002e-06,-33,0.004498371999943629,True,,3.4151766781835904e-15,1e-10,logical Operator.equiv + routed zero/3 random states,"[3, 4]"
2,1.5,0.2,3,reversed,49f9e42949fe44e9cacc4cb550ad5cc71ba965632af7f9c8a4fd8e3384156438,eb77ef94d7f09284f2e4b0e598070c808cbfe6c61103c8d011722859d4be54fd,127,115,91,36,7,1.4285714285714286,1,1.0,1,1,7,7,2.0,5,2.2857142857142856,1.0,1.0,1,prospective,synthetic_heavy_hex_like_7q_transpiler,heavy_hex_like,transpiler,SYNTHETIC_TARGET,"{""edges"": [[0, 1], [0, 3], [1, 0], [1, 2], [2, 1], [2, 3], [3, 0], [3, 2], [3, 4], [4, 3], [4, 5], [5, 4], [5, 6], [6, 5]], ""seed"": 7, ""basis"": [""id"", ""rz"", ""sx"", ""x"", ""ecr""], ""nodes"": 7}",a56c42c5929ac738475a61ad56ac38f9ce297f29f090779c0473725bc68476b5,null,,identity proxy before selection when layout is transpiler,49f9e42949fe44e9cacc4cb550ad5cc71ba965632af7f9c8a4fd8e3384156438_synthetic_heavy_hex_like_7q_transpiler,basic,47,v0.4.0,49f9e42949fe44e9cacc4cb550ad5cc71ba965632af7f9c8a4fd8e3384156438_synthetic_heavy_hex_like_7q_transpiler_47,3,3,23,1.2802740000000002e-06,-29,0.0045633390036528,True,,4.082240392577816e-15,1e-10,logical Operator.equiv + routed zero/3 random states,"[3, 0]"
2,1.5,0.2,3,reversed,49f9e42949fe44e9cacc4cb550ad5cc71ba965632af7f9c8a4fd8e3384156438,eb77ef94d7f09284f2e4b0e598070c808cbfe6c61103c8d011722859d4be54fd,127,115,91,36,7,1.4285714285714286,1,1.0,1,1,7,7,2.0,5,2.2857142857142856,1.0,1.0,1,prospective,synthetic_heavy_hex_like_7q_transpiler,heavy_hex_like,transpiler,SYNTHETIC_TARGET,"{""edges"": [[0, 1], [0, 3], [1, 0], [1, 2], [2, 1], [2, 3], [3, 0], [3, 2], [3, 4], [4, 3], [4, 5], [5, 4], [5, 6], [6, 5]], ""seed"": 7, ""basis"": [""id"", ""rz"", ""sx"", ""x"", ""ecr""], ""nodes"": 7}",a56c42c5929ac738475a61ad56ac38f9ce297f29f090779c0473725bc68476b5,null,,identity proxy before selection when layout is transpiler,49f9e42949fe44e9cacc4cb550ad5cc71ba965632af7f9c8a4fd8e3384156438_synthetic_heavy_hex_like_7q_transpiler,teleport,47,v0.4.0,49f9e42949fe44e9cacc4cb550ad5cc71ba965632af7f9c8a4fd8e3384156438_synthetic_heavy_hex_like_7q_transpiler_47,3,3,23,1.2802740000000002e-06,-33,0.00452401400252711,True,,8.914510179324712e-15,1e-10,logical Operator.equiv + routed zero/3 random states,"[3, 0]"
2,1.5,0.2,3,reversed,49f9e42949fe44e9cacc4cb550ad5cc71ba965632af7f9c8a4fd8e3384156438,eb77ef94d7f09284f2e4b0e598070c808cbfe6c61103c8d011722859d4be54fd,127,115,91,36,7,1.4285714285714286,1,1.0,1,1,7,8,2.2857142857142856,3,1.8095238095238095,1.0,1.0,1,prospective,synthetic_irregular_7q_favorable,irregular,favorable,SYNTHETIC_TARGET,"{""edges"": [[0, 1], [0, 3], [1, 0], [1, 2], [2, 1], [2, 3], [2, 6], [3, 0], [3, 2], [3, 4], [4, 3], [4, 5], [5, 4], [5, 6], [6, 2], [6, 5]], ""seed"": 7, ""basis"": [""id"", ""rz"", ""sx"", ""x"", ""ecr""], ""nodes"": 7}",c8b003a1553d070cddc2acc63823ce20487791b575f8614922ec632ce2dbf9e1,"[0, 1]",,identity proxy before selection when layout is transpiler,49f9e42949fe44e9cacc4cb550ad5cc71ba965632af7f9c8a4fd8e3384156438_synthetic_irregular_7q_favorable,basic,11,v0.4.0,49f9e42949fe44e9cacc4cb550ad5cc71ba965632af7f9c8a4fd8e3384156438_synthetic_irregular_7q_favorable_11,3,3,23,7.652340000000001e-07,-29,0.004380610000225715,True,,4.270030909665975e-15,1e-10,logical Operator.equiv + routed zero/3 random states,"[0, 1]"
2,1.5,0.2,3,reversed,49f9e42949fe44e9cacc4cb550ad5cc71ba965632af7f9c8a4fd8e3384156438,eb77ef94d7f09284f2e4b0e598070c808cbfe6c61103c8d011722859d4be54fd,127,115,91,36,7,1.4285714285714286,1,1.0,1,1,7,8,2.2857142857142856,3,1.8095238095238095,1.0,1.0,1,prospective,synthetic_irregular_7q_favorable,irregular,favorable,SYNTHETIC_TARGET,"{""edges"": [[0, 1], [0, 3], [1, 0], [1, 2], [2, 1], [2, 3], [2, 6], [3, 0], [3, 2], [3, 4], [4, 3], [4, 5], [5, 4], [5, 6], [6, 2], [6, 5]], ""seed"": 7, ""basis"": [""id"", ""rz"", ""sx"", ""x"", ""ecr""], ""nodes"": 7}",c8b003a1553d070cddc2acc63823ce20487791b575f8614922ec632ce2dbf9e1,"[0, 1]",,identity proxy before selection when layout is transpiler,49f9e42949fe44e9cacc4cb550ad5cc71ba965632af7f9c8a4fd8e3384156438_synthetic_irregular_7q_favorable,teleport,11,v0.4.0,49f9e42949fe44e9cacc4cb550ad5cc71ba965632af7f9c8a4fd8e3384156438_synthetic_irregular_7q_favorable_11,3,3,23,7.652340000000001e-07,-33,0.004724351994809695,True,,8.97720186566477e-15,1e-10,logical Operator.equiv + routed zero/3 random states,"[0, 1]"
2,1.5,0.2,3,reversed,49f9e42949fe44e9cacc4cb550ad5cc71ba965632af7f9c8a4fd8e3384156438,eb77ef94d7f09284f2e4b0e598070c808cbfe6c61103c8d011722859d4be54fd,127,115,91,36,7,1.4285714285714286,1,1.0,1,1,7,8,2.2857142857142856,3,1.8095238095238095,1.0,1.0,1,prospective,synthetic_irregular_7q_favorable,irregular,favorable,SYNTHETIC_TARGET,"{""edges"": [[0, 1], [0, 3], [1, 0], [1, 2], [2, 1], [2, 3], [2, 6], [3, 0], [3, 2], [3, 4], [4, 3], [4, 5], [5, 4], [5, 6], [6, 2], [6, 5]], ""seed"": 7, ""basis"": [""id"", ""rz"", ""sx"", ""x"", ""ecr""], ""nodes"": 7}",c8b003a1553d070cddc2acc63823ce20487791b575f8614922ec632ce2dbf9e1,"[0, 1]",,identity proxy before selection when layout is transpiler,49f9e42949fe44e9cacc4cb550ad5cc71ba965632af7f9c8a4fd8e3384156438_synthetic_irregular_7q_favorable,basic,19,v0.4.0,49f9e42949fe44e9cacc4cb550ad5cc71ba965632af7f9c8a4fd8e3384156438_synthetic_irregular_7q_favorable_19,3,3,23,7.652340000000001e-07,-29,0.004334270000981633,True,,4.270030909665975e-15,1e-10,logical Operator.equiv + routed zero/3 random states,"[0, 1]"
2,1.5,0.2,3,reversed,49f9e42949fe44e9cacc4cb550ad5cc71ba965632af7f9c8a4fd8e3384156438,eb77ef94d7f09284f2e4b0e598070c808cbfe6c61103c8d011722859d4be54fd,127,115,91,36,7,1.4285714285714286,1,1.0,1,1,7,8,2.2857142857142856,3,1.8095238095238095,1.0,1.0,1,prospective,synthetic_irregular_7q_favorable,irregular,favorable,SYNTHETIC_TARGET,"{""edges"": [[0, 1], [0, 3], [1, 0], [1, 2], [2, 1], [2, 3], [2, 6], [3, 0], [3, 2], [3, 4], [4, 3], [4, 5], [5, 4], [5, 6], [6, 2], [6, 5]], ""seed"": 7, ""basis"": [""id"", ""rz"", ""sx"", ""x"", ""ecr""], ""nodes"": 7}",c8b003a1553d070cddc2acc63823ce20487791b575f8614922ec632ce2dbf9e1,"[0, 1]",,identity proxy before selection when layout is transpiler,49f9e42949fe44e9cacc4cb550ad5cc71ba965632af7f9c8a4fd8e3384156438_synthetic_irregular_7q_favorable,teleport,19,v0.4.0,49f9e42949fe44e9cacc4cb550ad5cc71ba965632af7f9c8a4fd8e3384156438_synthetic_irregular_7q_favorable_19,3,3,23,7.652340000000001e-07,-33,0.004139083001064137,True,,8.97720186566477e-15,1e-10,logical Operator.equiv + routed zero/3 random states,"[0, 1]"
2,1.5,0.2,3,reversed,49f9e42949fe44e9cacc4cb550ad5cc71ba965632af7f9c8a4fd8e3384156438,eb77ef94d7f09284f2e4b0e598070c808cbfe6c61103c8d011722859d4be54fd,127,115,91,36,7,1.4285714285714286,1,1.0,1,1,7,8,2.2857142857142856,3,1.8095238095238095,1.0,1.0,1,prospective,synthetic_irregular_7q_favorable,irregular,favorable,SYNTHETIC_TARGET,"{""edges"": [[0, 1], [0, 3], [1, 0], [1, 2], [2, 1], [2, 3], [2, 6], [3, 0], [3, 2], [3, 4], [4, 3], [4, 5], [5, 4], [5, 6], [6, 2], [6, 5]], ""seed"": 7, ""basis"": [""id"", ""rz"", ""sx"", ""x"", ""ecr""], ""nodes"": 7}",c8b003a1553d070cddc2acc63823ce20487791b575f8614922ec632ce2dbf9e1,"[0, 1]",,identity proxy before selection when layout is transpiler,49f9e42949fe44e9cacc4cb550ad5cc71ba965632af7f9c8a4fd8e3384156438_synthetic_irregular_7q_favorable,basic,29,v0.4.0,49f9e42949fe44e9cacc4cb550ad5cc71ba965632af7f9c8a4fd8e3384156438_synthetic_irregular_7q_favorable_29,3,3,23,7.652340000000001e-07,-29,0.004256813997926656,True,,4.270030909665975e-15,1e-10,logical Operator.equiv + routed zero/3 random states,"[0, 1]"
2,1.5,0.2,3,reversed,49f9e42949fe44e9cacc4cb550ad5cc71ba965632af7f9c8a4fd8e3384156438,eb77ef94d7f09284f2e4b0e598070c808cbfe6c61103c8d011722859d4be54fd,127,115,91,36,7,1.4285714285714286,1,1.0,1,1,7,8,2.2857142857142856,3,1.8095238095238095,1.0,1.0,1,prospective,synthetic_irregular_7q_favorable,irregular,favorable,SYNTHETIC_TARGET,"{""edges"": [[0, 1], [0, 3], [1, 0], [1, 2], [2, 1], [2, 3], [2, 6], [3, 0], [3, 2], [3, 4], [4, 3], [4, 5], [5, 4], [5, 6], [6, 2], [6, 5]], ""seed"": 7, ""basis"": [""id"", ""rz"", ""sx"", ""x"", ""ecr""], ""nodes"": 7}",c8b003a1553d070cddc2acc63823ce20487791b575f8614922ec632ce2dbf9e1,"[0, 1]",,identity proxy before selection when layout is transpiler,49f9e42949fe44e9cacc4cb550ad5cc71ba965632af7f9c8a4fd8e3384156438_synthetic_irregular_7q_favorable,teleport,29,v0.4.0,49f9e42949fe44e9cacc4cb550ad5cc71ba965632af7f9c8a4fd8e3384156438_synthetic_irregular_7q_favorable_29,3,3,23,7.652340000000001e-07,-33,0.004166501996223815,True,,8.97720186566477e-15,1e-10,logical Operator.equiv + routed zero/3 random states,"[0, 1]"
2,1.5,0.2,3,reversed,49f9e42949fe44e9cacc4cb550ad5cc71ba965632af7f9c8a4fd8e3384156438,eb77ef94d7f09284f2e4b0e598070c808cbfe6c61103c8d011722859d4be54fd,127,115,91,36,7,1.4285714285714286,1,1.0,1,1,7,8,2.2857142857142856,3,1.8095238095238095,1.0,1.0,1,prospective,synthetic_irregular_7q_favorable,irregular,favorable,SYNTHETIC_TARGET,"{""edges"": [[0, 1], [0, 3], [1, 0], [1, 2], [2, 1], [2, 3], [2, 6], [3, 0], [3, 2], [3, 4], [4, 3], [4, 5], [5, 4], [5, 6], [6, 2], [6, 5]], ""seed"": 7, ""basis"": [""id"", ""rz"", ""sx"", ""x"", ""ecr""], ""nodes"": 7}",c8b003a1553d070cddc2acc63823ce20487791b575f8614922ec632ce2dbf9e1,"[0, 1]",,identity proxy before selection when layout is transpiler,49f9e42949fe44e9cacc4cb550ad5cc71ba965632af7f9c8a4fd8e3384156438_synthetic_irregular_7q_favorable,basic,37,v0.4.0,49f9e42949fe44e9cacc4cb550ad5cc71ba965632af7f9c8a4fd8e3384156438_synthetic_irregular_7q_favorable_37,3,3,23,7.652340000000001e-07,-29,0.004379106998385396,True,,4.270030909665975e-15,1e-10,logical Operator.equiv + routed zero/3 random states,"[0, 1]"
2,1.5,0.2,3,reversed,49f9e42949fe44e9cacc4cb550ad5cc71ba965632af7f9c8a4fd8e3384156438,eb77ef94d7f09284f2e4b0e598070c808cbfe6c61103c8d011722859d4be54fd,127,115,91,36,7,1.4285714285714286,1,1.0,1,1,7,8,2.2857142857142856,3,1.8095238095238095,1.0,1.0,1,prospective,synthetic_irregular_7q_favorable,irregular,favorable,SYNTHETIC_TARGET,"{""edges"": [[0, 1], [0, 3], [1, 0], [1, 2], [2, 1], [2, 3], [2, 6], [3, 0], [3, 2], [3, 4], [4, 3], [4, 5], [5, 4], [5, 6], [6, 2], [6, 5]], ""seed"": 7, ""basis"": [""id"", ""rz"", ""sx"", ""x"", ""ecr""], ""nodes"": 7}",c8b003a1553d070cddc2acc63823ce20487791b575f8614922ec632ce2dbf9e1,"[0, 1]",,identity proxy before selection when layout is transpiler,49f9e42949fe44e9cacc4cb550ad5cc71ba965632af7f9c8a4fd8e3384156438_synthetic_irregular_7q_favorable,teleport,37,v0.4.0,49f9e42949fe44e9cacc4cb550ad5cc71ba965632af7f9c8a4fd8e3384156438_synthetic_irregular_7q_favorable_37,3,3,23,7.652340000000001e-07,-33,0.004805055999895558,True,,8.97720186566477e-15,1e-10,logical Operator.equiv + routed zero/3 random states,"[0, 1]"
2,1.5,0.2,3,reversed,49f9e42949fe44e9cacc4cb550ad5cc71ba965632af7f9c8a4fd8e3384156438,eb77ef94d7f09284f2e4b0e598070c808cbfe6c61103c8d011722859d4be54fd,127,115,91,36,7,1.4285714285714286,1,1.0,1,1,7,8,2.2857142857142856,3,1.8095238095238095,1.0,1.0,1,prospective,synthetic_irregular_7q_favorable,irregular,favorable,SYNTHETIC_TARGET,"{""edges"": [[0, 1], [0, 3], [1, 0], [1, 2], [2, 1], [2, 3], [2, 6], [3, 0], [3, 2], [3, 4], [4, 3], [4, 5], [5, 4], [5, 6], [6, 2], [6, 5]], ""seed"": 7, ""basis"": [""id"", ""rz"", ""sx"", ""x"", ""ecr""], ""nodes"": 7}",c8b003a1553d070cddc2acc63823ce20487791b575f8614922ec632ce2dbf9e1,"[0, 1]",,identity proxy before selection when layout is transpiler,49f9e42949fe44e9cacc4cb550ad5cc71ba965632af7f9c8a4fd8e3384156438_synthetic_irregular_7q_favorable,basic,47,v0.4.0,49f9e42949fe44e9cacc4cb550ad5cc71ba965632af7f9c8a4fd8e3384156438_synthetic_irregular_7q_favorable_47,3,3,23,7.652340000000001e-07,-29,0.004528056000708602,True,,4.270030909665975e-15,1e-10,logical Operator.equiv + routed zero/3 random states,"[0, 1]"
2,1.5,0.2,3,reversed,49f9e42949fe44e9cacc4cb550ad5cc71ba965632af7f9c8a4fd8e3384156438,eb77ef94d7f09284f2e4b0e598070c808cbfe6c61103c8d011722859d4be54fd,127,115,91,36,7,1.4285714285714286,1,1.0,1,1,7,8,2.2857142857142856,3,1.8095238095238095,1.0,1.0,1,prospective,synthetic_irregular_7q_favorable,irregular,favorable,SYNTHETIC_TARGET,"{""edges"": [[0, 1], [0, 3], [1, 0], [1, 2], [2, 1], [2, 3], [2, 6], [3, 0], [3, 2], [3, 4], [4, 3], [4, 5], [5, 4], [5, 6], [6, 2], [6, 5]], ""seed"": 7, ""basis"": [""id"", ""rz"", ""sx"", ""x"", ""ecr""], ""nodes"": 7}",c8b003a1553d070cddc2acc63823ce20487791b575f8614922ec632ce2dbf9e1,"[0, 1]",,identity proxy before selection when layout is transpiler,49f9e42949fe44e9cacc4cb550ad5cc71ba965632af7f9c8a4fd8e3384156438_synthetic_irregular_7q_favorable,teleport,47,v0.4.0,49f9e42949fe44e9cacc4cb550ad5cc71ba965632af7f9c8a4fd8e3384156438_synthetic_irregular_7q_favorable_47,3,3,23,7.652340000000001e-07,-33,0.004912568998406641,True,,8.97720186566477e-15,1e-10,logical Operator.equiv + routed zero/3 random states,"[0, 1]"
2,1.5,0.2,3,reversed,49f9e42949fe44e9cacc4cb550ad5cc71ba965632af7f9c8a4fd8e3384156438,eb77ef94d7f09284f2e4b0e598070c808cbfe6c61103c8d011722859d4be54fd,127,115,91,36,7,1.4285714285714286,1,1.0,1,1,7,8,2.2857142857142856,3,1.8095238095238095,3.0,3.0,1,prospective,synthetic_irregular_7q_spread,irregular,spread,SYNTHETIC_TARGET,"{""edges"": [[0, 1], [0, 3], [1, 0], [1, 2], [2, 1], [2, 3], [2, 6], [3, 0], [3, 2], [3, 4], [4, 3], [4, 5], [5, 4], [5, 6], [6, 2], [6, 5]], ""seed"": 7, ""basis"": [""id"", ""rz"", ""sx"", ""x"", ""ecr""], ""nodes"": 7}",c8b003a1553d070cddc2acc63823ce20487791b575f8614922ec632ce2dbf9e1,"[0, 5]",,identity proxy before selection when layout is transpiler,49f9e42949fe44e9cacc4cb550ad5cc71ba965632af7f9c8a4fd8e3384156438_synthetic_irregular_7q_spread,basic,11,v0.4.0,49f9e42949fe44e9cacc4cb550ad5cc71ba965632af7f9c8a4fd8e3384156438_synthetic_irregular_7q_spread_11,9,6,40,2.6300340000000003e-06,-23,0.0058710700031952,True,,3.674234415245817e-15,1e-10,logical Operator.equiv + routed zero/3 random states,"[3, 4]"
2,1.5,0.2,3,reversed,49f9e42949fe44e9cacc4cb550ad5cc71ba965632af7f9c8a4fd8e3384156438,eb77ef94d7f09284f2e4b0e598070c808cbfe6c61103c8d011722859d4be54fd,127,115,91,36,7,1.4285714285714286,1,1.0,1,1,7,8,2.2857142857142856,3,1.8095238095238095,3.0,3.0,1,prospective,synthetic_irregular_7q_spread,irregular,spread,SYNTHETIC_TARGET,"{""edges"": [[0, 1], [0, 3], [1, 0], [1, 2], [2, 1], [2, 3], [2, 6], [3, 0], [3, 2], [3, 4], [4, 3], [4, 5], [5, 4], [5, 6], [6, 2], [6, 5]], ""seed"": 7, ""basis"": [""id"", ""rz"", ""sx"", ""x"", ""ecr""], ""nodes"": 7}",c8b003a1553d070cddc2acc63823ce20487791b575f8614922ec632ce2dbf9e1,"[0, 5]",,identity proxy before selection when layout is transpiler,49f9e42949fe44e9cacc4cb550ad5cc71ba965632af7f9c8a4fd8e3384156438_synthetic_irregular_7q_spread,teleport,11,v0.4.0,49f9e42949fe44e9cacc4cb550ad5cc71ba965632af7f9c8a4fd8e3384156438_synthetic_irregular_7q_spread_11,9,6,40,2.6300340000000003e-06,-27,0.005147188996488694,True,,6.404745667978754e-15,1e-10,logical Operator.equiv + routed zero/3 random states,"[3, 4]"
2,1.5,0.2,3,reversed,49f9e42949fe44e9cacc4cb550ad5cc71ba965632af7f9c8a4fd8e3384156438,eb77ef94d7f09284f2e4b0e598070c808cbfe6c61103c8d011722859d4be54fd,127,115,91,36,7,1.4285714285714286,1,1.0,1,1,7,8,2.2857142857142856,3,1.8095238095238095,3.0,3.0,1,prospective,synthetic_irregular_7q_spread,irregular,spread,SYNTHETIC_TARGET,"{""edges"": [[0, 1], [0, 3], [1, 0], [1, 2], [2, 1], [2, 3], [2, 6], [3, 0], [3, 2], [3, 4], [4, 3], [4, 5], [5, 4], [5, 6], [6, 2], [6, 5]], ""seed"": 7, ""basis"": [""id"", ""rz"", ""sx"", ""x"", ""ecr""], ""nodes"": 7}",c8b003a1553d070cddc2acc63823ce20487791b575f8614922ec632ce2dbf9e1,"[0, 5]",,identity proxy before selection when layout is transpiler,49f9e42949fe44e9cacc4cb550ad5cc71ba965632af7f9c8a4fd8e3384156438_synthetic_irregular_7q_spread,basic,19,v0.4.0,49f9e42949fe44e9cacc4cb550ad5cc71ba965632af7f9c8a4fd8e3384156438_synthetic_irregular_7q_spread_19,9,6,40,2.6300340000000003e-06,-23,0.005643869000778068,True,,3.674234415245817e-15,1e-10,logical Operator.equiv + routed zero/3 random states,"[3, 4]"
2,1.5,0.2,3,reversed,49f9e42949fe44e9cacc4cb550ad5cc71ba965632af7f9c8a4fd8e3384156438,eb77ef94d7f09284f2e4b0e598070c808cbfe6c61103c8d011722859d4be54fd,127,115,91,36,7,1.4285714285714286,1,1.0,1,1,7,8,2.2857142857142856,3,1.8095238095238095,3.0,3.0,1,prospective,synthetic_irregular_7q_spread,irregular,spread,SYNTHETIC_TARGET,"{""edges"": [[0, 1], [0, 3], [1, 0], [1, 2], [2, 1], [2, 3], [2, 6], [3, 0], [3, 2], [3, 4], [4, 3], [4, 5], [5, 4], [5, 6], [6, 2], [6, 5]], ""seed"": 7, ""basis"": [""id"", ""rz"", ""sx"", ""x"", ""ecr""], ""nodes"": 7}",c8b003a1553d070cddc2acc63823ce20487791b575f8614922ec632ce2dbf9e1,"[0, 5]",,identity proxy before selection when layout is transpiler,49f9e42949fe44e9cacc4cb550ad5cc71ba965632af7f9c8a4fd8e3384156438_synthetic_irregular_7q_spread,teleport,19,v0.4.0,49f9e42949fe44e9cacc4cb550ad5cc71ba965632af7f9c8a4fd8e3384156438_synthetic_irregular_7q_spread_19,9,6,40,2.6300340000000003e-06,-27,0.004885945003479719,True,,6.404745667978754e-15,1e-10,logical Operator.equiv + routed zero/3 random states,"[3, 4]"
2,1.5,0.2,3,reversed,49f9e42949fe44e9cacc4cb550ad5cc71ba965632af7f9c8a4fd8e3384156438,eb77ef94d7f09284f2e4b0e598070c808cbfe6c61103c8d011722859d4be54fd,127,115,91,36,7,1.4285714285714286,1,1.0,1,1,7,8,2.2857142857142856,3,1.8095238095238095,3.0,3.0,1,prospective,synthetic_irregular_7q_spread,irregular,spread,SYNTHETIC_TARGET,"{""edges"": [[0, 1], [0, 3], [1, 0], [1, 2], [2, 1], [2, 3], [2, 6], [3, 0], [3, 2], [3, 4], [4, 3], [4, 5], [5, 4], [5, 6], [6, 2], [6, 5]], ""seed"": 7, ""basis"": [""id"", ""rz"", ""sx"", ""x"", ""ecr""], ""nodes"": 7}",c8b003a1553d070cddc2acc63823ce20487791b575f8614922ec632ce2dbf9e1,"[0, 5]",,identity proxy before selection when layout is transpiler,49f9e42949fe44e9cacc4cb550ad5cc71ba965632af7f9c8a4fd8e3384156438_synthetic_irregular_7q_spread,basic,29,v0.4.0,49f9e42949fe44e9cacc4cb550ad5cc71ba965632af7f9c8a4fd8e3384156438_synthetic_irregular_7q_spread_29,9,6,40,2.6300340000000003e-06,-23,0.005313975001627114,True,,3.674234415245817e-15,1e-10,logical Operator.equiv + routed zero/3 random states,"[3, 4]"
2,1.5,0.2,3,reversed,49f9e42949fe44e9cacc4cb550ad5cc71ba965632af7f9c8a4fd8e3384156438,eb77ef94d7f09284f2e4b0e598070c808cbfe6c61103c8d011722859d4be54fd,127,115,91,36,7,1.4285714285714286,1,1.0,1,1,7,8,2.2857142857142856,3,1.8095238095238095,3.0,3.0,1,prospective,synthetic_irregular_7q_spread,irregular,spread,SYNTHETIC_TARGET,"{""edges"": [[0, 1], [0, 3], [1, 0], [1, 2], [2, 1], [2, 3], [2, 6], [3, 0], [3, 2], [3, 4], [4, 3], [4, 5], [5, 4], [5, 6], [6, 2], [6, 5]], ""seed"": 7, ""basis"": [""id"", ""rz"", ""sx"", ""x"", ""ecr""], ""nodes"": 7}",c8b003a1553d070cddc2acc63823ce20487791b575f8614922ec632ce2dbf9e1,"[0, 5]",,identity proxy before selection when layout is transpiler,49f9e42949fe44e9cacc4cb550ad5cc71ba965632af7f9c8a4fd8e3384156438_synthetic_irregular_7q_spread,teleport,29,v0.4.0,49f9e42949fe44e9cacc4cb550ad5cc71ba965632af7f9c8a4fd8e3384156438_synthetic_irregular_7q_spread_29,9,6,40,2.6300340000000003e-06,-27,0.005120351001096424,True,,6.404745667978754e-15,1e-10,logical Operator.equiv + routed zero/3 random states,"[3, 4]"
2,1.5,0.2,3,reversed,49f9e42949fe44e9cacc4cb550ad5cc71ba965632af7f9c8a4fd8e3384156438,eb77ef94d7f09284f2e4b0e598070c808cbfe6c61103c8d011722859d4be54fd,127,115,91,36,7,1.4285714285714286,1,1.0,1,1,7,8,2.2857142857142856,3,1.8095238095238095,3.0,3.0,1,prospective,synthetic_irregular_7q_spread,irregular,spread,SYNTHETIC_TARGET,"{""edges"": [[0, 1], [0, 3], [1, 0], [1, 2], [2, 1], [2, 3], [2, 6], [3, 0], [3, 2], [3, 4], [4, 3], [4, 5], [5, 4], [5, 6], [6, 2], [6, 5]], ""seed"": 7, ""basis"": [""id"", ""rz"", ""sx"", ""x"", ""ecr""], ""nodes"": 7}",c8b003a1553d070cddc2acc63823ce20487791b575f8614922ec632ce2dbf9e1,"[0, 5]",,identity proxy before selection when layout is transpiler,49f9e42949fe44e9cacc4cb550ad5cc71ba965632af7f9c8a4fd8e3384156438_synthetic_irregular_7q_spread,basic,37,v0.4.0,49f9e42949fe44e9cacc4cb550ad5cc71ba965632af7f9c8a4fd8e3384156438_synthetic_irregular_7q_spread_37,9,6,40,2.6300340000000003e-06,-23,0.0048761770012788475,True,,3.674234415245817e-15,1e-10,logical Operator.equiv + routed zero/3 random states,"[3, 4]"
2,1.5,0.2,3,reversed,49f9e42949fe44e9cacc4cb550ad5cc71ba965632af7f9c8a4fd8e3384156438,eb77ef94d7f09284f2e4b0e598070c808cbfe6c61103c8d011722859d4be54fd,127,115,91,36,7,1.4285714285714286,1,1.0,1,1,7,8,2.2857142857142856,3,1.8095238095238095,3.0,3.0,1,prospective,synthetic_irregular_7q_spread,irregular,spread,SYNTHETIC_TARGET,"{""edges"": [[0, 1], [0, 3], [1, 0], [1, 2], [2, 1], [2, 3], [2, 6], [3, 0], [3, 2], [3, 4], [4, 3], [4, 5], [5, 4], [5, 6], [6, 2], [6, 5]], ""seed"": 7, ""basis"": [""id"", ""rz"", ""sx"", ""x"", ""ecr""], ""nodes"": 7}",c8b003a1553d070cddc2acc63823ce20487791b575f8614922ec632ce2dbf9e1,"[0, 5]",,identity proxy before selection when layout is transpiler,49f9e42949fe44e9cacc4cb550ad5cc71ba965632af7f9c8a4fd8e3384156438_synthetic_irregular_7q_spread,teleport,37,v0.4.0,49f9e42949fe44e9cacc4cb550ad5cc71ba965632af7f9c8a4fd8e3384156438_synthetic_irregular_7q_spread_37,9,6,40,2.6300340000000003e-06,-27,0.005828485998790711,True,,6.404745667978754e-15,1e-10,logical Operator.equiv + routed zero/3 random states,"[3, 4]"
2,1.5,0.2,3,reversed,49f9e42949fe44e9cacc4cb550ad5cc71ba965632af7f9c8a4fd8e3384156438,eb77ef94d7f09284f2e4b0e598070c808cbfe6c61103c8d011722859d4be54fd,127,115,91,36,7,1.4285714285714286,1,1.0,1,1,7,8,2.2857142857142856,3,1.8095238095238095,3.0,3.0,1,prospective,synthetic_irregular_7q_spread,irregular,spread,SYNTHETIC_TARGET,"{""edges"": [[0, 1], [0, 3], [1, 0], [1, 2], [2, 1], [2, 3], [2, 6], [3, 0], [3, 2], [3, 4], [4, 3], [4, 5], [5, 4], [5, 6], [6, 2], [6, 5]], ""seed"": 7, ""basis"": [""id"", ""rz"", ""sx"", ""x"", ""ecr""], ""nodes"": 7}",c8b003a1553d070cddc2acc63823ce20487791b575f8614922ec632ce2dbf9e1,"[0, 5]",,identity proxy before selection when layout is transpiler,49f9e42949fe44e9cacc4cb550ad5cc71ba965632af7f9c8a4fd8e3384156438_synthetic_irregular_7q_spread,basic,47,v0.4.0,49f9e42949fe44e9cacc4cb550ad5cc71ba965632af7f9c8a4fd8e3384156438_synthetic_irregular_7q_spread_47,9,6,40,2.6300340000000003e-06,-23,0.004914515993732493,True,,3.674234415245817e-15,1e-10,logical Operator.equiv + routed zero/3 random states,"[3, 4]"
2,1.5,0.2,3,reversed,49f9e42949fe44e9cacc4cb550ad5cc71ba965632af7f9c8a4fd8e3384156438,eb77ef94d7f09284f2e4b0e598070c808cbfe6c61103c8d011722859d4be54fd,127,115,91,36,7,1.4285714285714286,1,1.0,1,1,7,8,2.2857142857142856,3,1.8095238095238095,3.0,3.0,1,prospective,synthetic_irregular_7q_spread,irregular,spread,SYNTHETIC_TARGET,"{""edges"": [[0, 1], [0, 3], [1, 0], [1, 2], [2, 1], [2, 3], [2, 6], [3, 0], [3, 2], [3, 4], [4, 3], [4, 5], [5, 4], [5, 6], [6, 2], [6, 5]], ""seed"": 7, ""basis"": [""id"", ""rz"", ""sx"", ""x"", ""ecr""], ""nodes"": 7}",c8b003a1553d070cddc2acc63823ce20487791b575f8614922ec632ce2dbf9e1,"[0, 5]",,identity proxy before selection when layout is transpiler,49f9e42949fe44e9cacc4cb550ad5cc71ba965632af7f9c8a4fd8e3384156438_synthetic_irregular_7q_spread,teleport,47,v0.4.0,49f9e42949fe44e9cacc4cb550ad5cc71ba965632af7f9c8a4fd8e3384156438_synthetic_irregular_7q_spread_47,9,6,40,2.6300340000000003e-06,-27,0.005463482993945945,True,,6.404745667978754e-15,1e-10,logical Operator.equiv + routed zero/3 random states,"[3, 4]"
2,1.5,0.2,3,symmetry,6a9ea95959ada3b9eb58a4396c3fc46af54caed318314ad360db449a01f90c66,ca6de5a0c9a094b786fcd8825347e1818fed49cb0f89a759cd0593c9592c8756,127,97,91,36,7,1.4285714285714286,1,1.0,1,1,6,5,1.6666666666666667,5,2.3333333333333335,1.0,1.0,1,prospective,synthetic_line_6q_favorable,line,favorable,SYNTHETIC_TARGET,"{""edges"": [[0, 1], [1, 0], [1, 2], [2, 1], [2, 3], [3, 2], [3, 4], [4, 3], [4, 5], [5, 4]], ""seed"": 7, ""basis"": [""id"", ""rz"", ""sx"", ""x"", ""ecr""], ""nodes"": 6}",ccfecec17e274607ed29176fa4c2a758de445cb0e2e85ddcc1bbcb36bd80dcb3,"[0, 1]",,identity proxy before selection when layout is transpiler,6a9ea95959ada3b9eb58a4396c3fc46af54caed318314ad360db449a01f90c66_synthetic_line_6q_favorable,basic,11,v0.4.0,6a9ea95959ada3b9eb58a4396c3fc46af54caed318314ad360db449a01f90c66_synthetic_line_6q_favorable_11,3,3,23,1.39305e-06,-27,0.004286262999812607,True,,4.094511884571402e-15,1e-10,logical Operator.equiv + routed zero/3 random states,"[0, 1]"
2,1.5,0.2,3,symmetry,6a9ea95959ada3b9eb58a4396c3fc46af54caed318314ad360db449a01f90c66,ca6de5a0c9a094b786fcd8825347e1818fed49cb0f89a759cd0593c9592c8756,127,97,91,36,7,1.4285714285714286,1,1.0,1,1,6,5,1.6666666666666667,5,2.3333333333333335,1.0,1.0,1,prospective,synthetic_line_6q_favorable,line,favorable,SYNTHETIC_TARGET,"{""edges"": [[0, 1], [1, 0], [1, 2], [2, 1], [2, 3], [3, 2], [3, 4], [4, 3], [4, 5], [5, 4]], ""seed"": 7, ""basis"": [""id"", ""rz"", ""sx"", ""x"", ""ecr""], ""nodes"": 6}",ccfecec17e274607ed29176fa4c2a758de445cb0e2e85ddcc1bbcb36bd80dcb3,"[0, 1]",,identity proxy before selection when layout is transpiler,6a9ea95959ada3b9eb58a4396c3fc46af54caed318314ad360db449a01f90c66_synthetic_line_6q_favorable,teleport,11,v0.4.0,6a9ea95959ada3b9eb58a4396c3fc46af54caed318314ad360db449a01f90c66_synthetic_line_6q_favorable_11,3,3,23,1.39305e-06,-33,0.004344280998338945,True,,3.0867394805640034e-15,1e-10,logical Operator.equiv + routed zero/3 random states,"[0, 1]"
2,1.5,0.2,3,symmetry,6a9ea95959ada3b9eb58a4396c3fc46af54caed318314ad360db449a01f90c66,ca6de5a0c9a094b786fcd8825347e1818fed49cb0f89a759cd0593c9592c8756,127,97,91,36,7,1.4285714285714286,1,1.0,1,1,6,5,1.6666666666666667,5,2.3333333333333335,1.0,1.0,1,prospective,synthetic_line_6q_favorable,line,favorable,SYNTHETIC_TARGET,"{""edges"": [[0, 1], [1, 0], [1, 2], [2, 1], [2, 3], [3, 2], [3, 4], [4, 3], [4, 5], [5, 4]], ""seed"": 7, ""basis"": [""id"", ""rz"", ""sx"", ""x"", ""ecr""], ""nodes"": 6}",ccfecec17e274607ed29176fa4c2a758de445cb0e2e85ddcc1bbcb36bd80dcb3,"[0, 1]",,identity proxy before selection when layout is transpiler,6a9ea95959ada3b9eb58a4396c3fc46af54caed318314ad360db449a01f90c66_synthetic_line_6q_favorable,basic,19,v0.4.0,6a9ea95959ada3b9eb58a4396c3fc46af54caed318314ad360db449a01f90c66_synthetic_line_6q_favorable_19,3,3,23,1.39305e-06,-27,0.006251708000490908,True,,4.094511884571402e-15,1e-10,logical Operator.equiv + routed zero/3 random states,"[0, 1]"
2,1.5,0.2,3,symmetry,6a9ea95959ada3b9eb58a4396c3fc46af54caed318314ad360db449a01f90c66,ca6de5a0c9a094b786fcd8825347e1818fed49cb0f89a759cd0593c9592c8756,127,97,91,36,7,1.4285714285714286,1,1.0,1,1,6,5,1.6666666666666667,5,2.3333333333333335,1.0,1.0,1,prospective,synthetic_line_6q_favorable,line,favorable,SYNTHETIC_TARGET,"{""edges"": [[0, 1], [1, 0], [1, 2], [2, 1], [2, 3], [3, 2], [3, 4], [4, 3], [4, 5], [5, 4]], ""seed"": 7, ""basis"": [""id"", ""rz"", ""sx"", ""x"", ""ecr""], ""nodes"": 6}",ccfecec17e274607ed29176fa4c2a758de445cb0e2e85ddcc1bbcb36bd80dcb3,"[0, 1]",,identity proxy before selection when layout is transpiler,6a9ea95959ada3b9eb58a4396c3fc46af54caed318314ad360db449a01f90c66_synthetic_line_6q_favorable,teleport,19,v0.4.0,6a9ea95959ada3b9eb58a4396c3fc46af54caed318314ad360db449a01f90c66_synthetic_line_6q_favorable_19,3,3,23,1.39305e-06,-33,0.005143531001522206,True,,3.0867394805640034e-15,1e-10,logical Operator.equiv + routed zero/3 random states,"[0, 1]"
2,1.5,0.2,3,symmetry,6a9ea95959ada3b9eb58a4396c3fc46af54caed318314ad360db449a01f90c66,ca6de5a0c9a094b786fcd8825347e1818fed49cb0f89a759cd0593c9592c8756,127,97,91,36,7,1.4285714285714286,1,1.0,1,1,6,5,1.6666666666666667,5,2.3333333333333335,1.0,1.0,1,prospective,synthetic_line_6q_favorable,line,favorable,SYNTHETIC_TARGET,"{""edges"": [[0, 1], [1, 0], [1, 2], [2, 1], [2, 3], [3, 2], [3, 4], [4, 3], [4, 5], [5, 4]], ""seed"": 7, ""basis"": [""id"", ""rz"", ""sx"", ""x"", ""ecr""], ""nodes"": 6}",ccfecec17e274607ed29176fa4c2a758de445cb0e2e85ddcc1bbcb36bd80dcb3,"[0, 1]",,identity proxy before selection when layout is transpiler,6a9ea95959ada3b9eb58a4396c3fc46af54caed318314ad360db449a01f90c66_synthetic_line_6q_favorable,basic,29,v0.4.0,6a9ea95959ada3b9eb58a4396c3fc46af54caed318314ad360db449a01f90c66_synthetic_line_6q_favorable_29,3,3,23,1.39305e-06,-27,0.00545577999582747,True,,4.094511884571402e-15,1e-10,logical Operator.equiv + routed zero/3 random states,"[0, 1]"
2,1.5,0.2,3,symmetry,6a9ea95959ada3b9eb58a4396c3fc46af54caed318314ad360db449a01f90c66,ca6de5a0c9a094b786fcd8825347e1818fed49cb0f89a759cd0593c9592c8756,127,97,91,36,7,1.4285714285714286,1,1.0,1,1,6,5,1.6666666666666667,5,2.3333333333333335,1.0,1.0,1,prospective,synthetic_line_6q_favorable,line,favorable,SYNTHETIC_TARGET,"{""edges"": [[0, 1], [1, 0], [1, 2], [2, 1], [2, 3], [3, 2], [3, 4], [4, 3], [4, 5], [5, 4]], ""seed"": 7, ""basis"": [""id"", ""rz"", ""sx"", ""x"", ""ecr""], ""nodes"": 6}",ccfecec17e274607ed29176fa4c2a758de445cb0e2e85ddcc1bbcb36bd80dcb3,"[0, 1]",,identity proxy before selection when layout is transpiler,6a9ea95959ada3b9eb58a4396c3fc46af54caed318314ad360db449a01f90c66_synthetic_line_6q_favorable,teleport,29,v0.4.0,6a9ea95959ada3b9eb58a4396c3fc46af54caed318314ad360db449a01f90c66_synthetic_line_6q_favorable_29,3,3,23,1.39305e-06,-33,0.006365721994370688,True,,3.0867394805640034e-15,1e-10,logical Operator.equiv + routed zero/3 random states,"[0, 1]"
2,1.5,0.2,3,symmetry,6a9ea95959ada3b9eb58a4396c3fc46af54caed318314ad360db449a01f90c66,ca6de5a0c9a094b786fcd8825347e1818fed49cb0f89a759cd0593c9592c8756,127,97,91,36,7,1.4285714285714286,1,1.0,1,1,6,5,1.6666666666666667,5,2.3333333333333335,1.0,1.0,1,prospective,synthetic_line_6q_favorable,line,favorable,SYNTHETIC_TARGET,"{""edges"": [[0, 1], [1, 0], [1, 2], [2, 1], [2, 3], [3, 2], [3, 4], [4, 3], [4, 5], [5, 4]], ""seed"": 7, ""basis"": [""id"", ""rz"", ""sx"", ""x"", ""ecr""], ""nodes"": 6}",ccfecec17e274607ed29176fa4c2a758de445cb0e2e85ddcc1bbcb36bd80dcb3,"[0, 1]",,identity proxy before selection when layout is transpiler,6a9ea95959ada3b9eb58a4396c3fc46af54caed318314ad360db449a01f90c66_synthetic_line_6q_favorable,basic,37,v0.4.0,6a9ea95959ada3b9eb58a4396c3fc46af54caed318314ad360db449a01f90c66_synthetic_line_6q_favorable_37,3,3,23,1.39305e-06,-27,0.006670517999737058,True,,4.094511884571402e-15,1e-10,logical Operator.equiv + routed zero/3 random states,"[0, 1]"
2,1.5,0.2,3,symmetry,6a9ea95959ada3b9eb58a4396c3fc46af54caed318314ad360db449a01f90c66,ca6de5a0c9a094b786fcd8825347e1818fed49cb0f89a759cd0593c9592c8756,127,97,91,36,7,1.4285714285714286,1,1.0,1,1,6,5,1.6666666666666667,5,2.3333333333333335,1.0,1.0,1,prospective,synthetic_line_6q_favorable,line,favorable,SYNTHETIC_TARGET,"{""edges"": [[0, 1], [1, 0], [1, 2], [2, 1], [2, 3], [3, 2], [3, 4], [4, 3], [4, 5], [5, 4]], ""seed"": 7, ""basis"": [""id"", ""rz"", ""sx"", ""x"", ""ecr""], ""nodes"": 6}",ccfecec17e274607ed29176fa4c2a758de445cb0e2e85ddcc1bbcb36bd80dcb3,"[0, 1]",,identity proxy before selection when layout is transpiler,6a9ea95959ada3b9eb58a4396c3fc46af54caed318314ad360db449a01f90c66_synthetic_line_6q_favorable,teleport,37,v0.4.0,6a9ea95959ada3b9eb58a4396c3fc46af54caed318314ad360db449a01f90c66_synthetic_line_6q_favorable_37,3,3,23,1.39305e-06,-33,0.005270832996757235,True,,3.0867394805640034e-15,1e-10,logical Operator.equiv + routed zero/3 random states,"[0, 1]"
2,1.5,0.2,3,symmetry,6a9ea95959ada3b9eb58a4396c3fc46af54caed318314ad360db449a01f90c66,ca6de5a0c9a094b786fcd8825347e1818fed49cb0f89a759cd0593c9592c8756,127,97,91,36,7,1.4285714285714286,1,1.0,1,1,6,5,1.6666666666666667,5,2.3333333333333335,1.0,1.0,1,prospective,synthetic_line_6q_favorable,line,favorable,SYNTHETIC_TARGET,"{""edges"": [[0, 1], [1, 0], [1, 2], [2, 1], [2, 3], [3, 2], [3, 4], [4, 3], [4, 5], [5, 4]], ""seed"": 7, ""basis"": [""id"", ""rz"", ""sx"", ""x"", ""ecr""], ""nodes"": 6}",ccfecec17e274607ed29176fa4c2a758de445cb0e2e85ddcc1bbcb36bd80dcb3,"[0, 1]",,identity proxy before selection when layout is transpiler,6a9ea95959ada3b9eb58a4396c3fc46af54caed318314ad360db449a01f90c66_synthetic_line_6q_favorable,basic,47,v0.4.0,6a9ea95959ada3b9eb58a4396c3fc46af54caed318314ad360db449a01f90c66_synthetic_line_6q_favorable_47,3,3,23,1.39305e-06,-27,0.006971246002649423,True,,4.094511884571402e-15,1e-10,logical Operator.equiv + routed zero/3 random states,"[0, 1]"
2,1.5,0.2,3,symmetry,6a9ea95959ada3b9eb58a4396c3fc46af54caed318314ad360db449a01f90c66,ca6de5a0c9a094b786fcd8825347e1818fed49cb0f89a759cd0593c9592c8756,127,97,91,36,7,1.4285714285714286,1,1.0,1,1,6,5,1.6666666666666667,5,2.3333333333333335,1.0,1.0,1,prospective,synthetic_line_6q_favorable,line,favorable,SYNTHETIC_TARGET,"{""edges"": [[0, 1], [1, 0], [1, 2], [2, 1], [2, 3], [3, 2], [3, 4], [4, 3], [4, 5], [5, 4]], ""seed"": 7, ""basis"": [""id"", ""rz"", ""sx"", ""x"", ""ecr""], ""nodes"": 6}",ccfecec17e274607ed29176fa4c2a758de445cb0e2e85ddcc1bbcb36bd80dcb3,"[0, 1]",,identity proxy before selection when layout is transpiler,6a9ea95959ada3b9eb58a4396c3fc46af54caed318314ad360db449a01f90c66_synthetic_line_6q_favorable,teleport,47,v0.4.0,6a9ea95959ada3b9eb58a4396c3fc46af54caed318314ad360db449a01f90c66_synthetic_line_6q_favorable_47,3,3,23,1.39305e-06,-33,0.0051996300026075915,True,,3.0867394805640034e-15,1e-10,logical Operator.equiv + routed zero/3 random states,"[0, 1]"
2,1.5,0.2,3,symmetry,6a9ea95959ada3b9eb58a4396c3fc46af54caed318314ad360db449a01f90c66,ca6de5a0c9a094b786fcd8825347e1818fed49cb0f89a759cd0593c9592c8756,127,97,91,36,7,1.4285714285714286,1,1.0,1,1,6,5,1.6666666666666667,5,2.3333333333333335,5.0,5.0,1,prospective,synthetic_line_6q_spread,line,spread,SYNTHETIC_TARGET,"{""edges"": [[0, 1], [1, 0], [1, 2], [2, 1], [2, 3], [3, 2], [3, 4], [4, 3], [4, 5], [5, 4]], ""seed"": 7, ""basis"": [""id"", ""rz"", ""sx"", ""x"", ""ecr""], ""nodes"": 6}",ccfecec17e274607ed29176fa4c2a758de445cb0e2e85ddcc1bbcb36bd80dcb3,"[0, 5]",,identity proxy before selection when layout is transpiler,6a9ea95959ada3b9eb58a4396c3fc46af54caed318314ad360db449a01f90c66_synthetic_line_6q_spread,basic,11,v0.4.0,6a9ea95959ada3b9eb58a4396c3fc46af54caed318314ad360db449a01f90c66_synthetic_line_6q_spread_11,15,12,55,6.693744000000001e-06,-15,0.011101680996944197,True,,4.915166856007382e-15,1e-10,logical Operator.equiv + routed zero/3 random states,"[3, 4]"
2,1.5,0.2,3,symmetry,6a9ea95959ada3b9eb58a4396c3fc46af54caed318314ad360db449a01f90c66,ca6de5a0c9a094b786fcd8825347e1818fed49cb0f89a759cd0593c9592c8756,127,97,91,36,7,1.4285714285714286,1,1.0,1,1,6,5,1.6666666666666667,5,2.3333333333333335,5.0,5.0,1,prospective,synthetic_line_6q_spread,line,spread,SYNTHETIC_TARGET,"{""edges"": [[0, 1], [1, 0], [1, 2], [2, 1], [2, 3], [3, 2], [3, 4], [4, 3], [4, 5], [5, 4]], ""seed"": 7, ""basis"": [""id"", ""rz"", ""sx"", ""x"", ""ecr""], ""nodes"": 6}",ccfecec17e274607ed29176fa4c2a758de445cb0e2e85ddcc1bbcb36bd80dcb3,"[0, 5]",,identity proxy before selection when layout is transpiler,6a9ea95959ada3b9eb58a4396c3fc46af54caed318314ad360db449a01f90c66_synthetic_line_6q_spread,teleport,11,v0.4.0,6a9ea95959ada3b9eb58a4396c3fc46af54caed318314ad360db449a01f90c66_synthetic_line_6q_spread_11,15,12,55,6.693744000000001e-06,-21,0.005090547005238477,True,,3.6708781830630946e-15,1e-10,logical Operator.equiv + routed zero/3 random states,"[3, 4]"
2,1.5,0.2,3,symmetry,6a9ea95959ada3b9eb58a4396c3fc46af54caed318314ad360db449a01f90c66,ca6de5a0c9a094b786fcd8825347e1818fed49cb0f89a759cd0593c9592c8756,127,97,91,36,7,1.4285714285714286,1,1.0,1,1,6,5,1.6666666666666667,5,2.3333333333333335,5.0,5.0,1,prospective,synthetic_line_6q_spread,line,spread,SYNTHETIC_TARGET,"{""edges"": [[0, 1], [1, 0], [1, 2], [2, 1], [2, 3], [3, 2], [3, 4], [4, 3], [4, 5], [5, 4]], ""seed"": 7, ""basis"": [""id"", ""rz"", ""sx"", ""x"", ""ecr""], ""nodes"": 6}",ccfecec17e274607ed29176fa4c2a758de445cb0e2e85ddcc1bbcb36bd80dcb3,"[0, 5]",,identity proxy before selection when layout is transpiler,6a9ea95959ada3b9eb58a4396c3fc46af54caed318314ad360db449a01f90c66_synthetic_line_6q_spread,basic,19,v0.4.0,6a9ea95959ada3b9eb58a4396c3fc46af54caed318314ad360db449a01f90c66_synthetic_line_6q_spread_19,15,9,49,5.6740979999999966e-06,-15,0.005761159001849592,True,,5.44789348353834e-15,1e-10,logical Operator.equiv + routed zero/3 random states,"[2, 3]"
2,1.5,0.2,3,symmetry,6a9ea95959ada3b9eb58a4396c3fc46af54caed318314ad360db449a01f90c66,ca6de5a0c9a094b786fcd8825347e1818fed49cb0f89a759cd0593c9592c8756,127,97,91,36,7,1.4285714285714286,1,1.0,1,1,6,5,1.6666666666666667,5,2.3333333333333335,5.0,5.0,1,prospective,synthetic_line_6q_spread,line,spread,SYNTHETIC_TARGET,"{""edges"": [[0, 1], [1, 0], [1, 2], [2, 1], [2, 3], [3, 2], [3, 4], [4, 3], [4, 5], [5, 4]], ""seed"": 7, ""basis"": [""id"", ""rz"", ""sx"", ""x"", ""ecr""], ""nodes"": 6}",ccfecec17e274607ed29176fa4c2a758de445cb0e2e85ddcc1bbcb36bd80dcb3,"[0, 5]",,identity proxy before selection when layout is transpiler,6a9ea95959ada3b9eb58a4396c3fc46af54caed318314ad360db449a01f90c66_synthetic_line_6q_spread,teleport,19,v0.4.0,6a9ea95959ada3b9eb58a4396c3fc46af54caed318314ad360db449a01f90c66_synthetic_line_6q_spread_19,15,9,49,5.6740979999999966e-06,-21,0.005154352998943068,True,,3.4365673297604646e-15,1e-10,logical Operator.equiv + routed zero/3 random states,"[2, 3]"
2,1.5,0.2,3,symmetry,6a9ea95959ada3b9eb58a4396c3fc46af54caed318314ad360db449a01f90c66,ca6de5a0c9a094b786fcd8825347e1818fed49cb0f89a759cd0593c9592c8756,127,97,91,36,7,1.4285714285714286,1,1.0,1,1,6,5,1.6666666666666667,5,2.3333333333333335,5.0,5.0,1,prospective,synthetic_line_6q_spread,line,spread,SYNTHETIC_TARGET,"{""edges"": [[0, 1], [1, 0], [1, 2], [2, 1], [2, 3], [3, 2], [3, 4], [4, 3], [4, 5], [5, 4]], ""seed"": 7, ""basis"": [""id"", ""rz"", ""sx"", ""x"", ""ecr""], ""nodes"": 6}",ccfecec17e274607ed29176fa4c2a758de445cb0e2e85ddcc1bbcb36bd80dcb3,"[0, 5]",,identity proxy before selection when layout is transpiler,6a9ea95959ada3b9eb58a4396c3fc46af54caed318314ad360db449a01f90c66_synthetic_line_6q_spread,basic,29,v0.4.0,6a9ea95959ada3b9eb58a4396c3fc46af54caed318314ad360db449a01f90c66_synthetic_line_6q_spread_29,15,9,49,5.6740979999999966e-06,-15,0.00507660600123927,True,,5.44789348353834e-15,1e-10,logical Operator.equiv + routed zero/3 random states,"[2, 3]"
2,1.5,0.2,3,symmetry,6a9ea95959ada3b9eb58a4396c3fc46af54caed318314ad360db449a01f90c66,ca6de5a0c9a094b786fcd8825347e1818fed49cb0f89a759cd0593c9592c8756,127,97,91,36,7,1.4285714285714286,1,1.0,1,1,6,5,1.6666666666666667,5,2.3333333333333335,5.0,5.0,1,prospective,synthetic_line_6q_spread,line,spread,SYNTHETIC_TARGET,"{""edges"": [[0, 1], [1, 0], [1, 2], [2, 1], [2, 3], [3, 2], [3, 4], [4, 3], [4, 5], [5, 4]], ""seed"": 7, ""basis"": [""id"", ""rz"", ""sx"", ""x"", ""ecr""], ""nodes"": 6}",ccfecec17e274607ed29176fa4c2a758de445cb0e2e85ddcc1bbcb36bd80dcb3,"[0, 5]",,identity proxy before selection when layout is transpiler,6a9ea95959ada3b9eb58a4396c3fc46af54caed318314ad360db449a01f90c66_synthetic_line_6q_spread,teleport,29,v0.4.0,6a9ea95959ada3b9eb58a4396c3fc46af54caed318314ad360db449a01f90c66_synthetic_line_6q_spread_29,15,9,49,5.6740979999999966e-06,-21,0.005697076994692907,True,,3.4365673297604646e-15,1e-10,logical Operator.equiv + routed zero/3 random states,"[2, 3]"
2,1.5,0.2,3,symmetry,6a9ea95959ada3b9eb58a4396c3fc46af54caed318314ad360db449a01f90c66,ca6de5a0c9a094b786fcd8825347e1818fed49cb0f89a759cd0593c9592c8756,127,97,91,36,7,1.4285714285714286,1,1.0,1,1,6,5,1.6666666666666667,5,2.3333333333333335,5.0,5.0,1,prospective,synthetic_line_6q_spread,line,spread,SYNTHETIC_TARGET,"{""edges"": [[0, 1], [1, 0], [1, 2], [2, 1], [2, 3], [3, 2], [3, 4], [4, 3], [4, 5], [5, 4]], ""seed"": 7, ""basis"": [""id"", ""rz"", ""sx"", ""x"", ""ecr""], ""nodes"": 6}",ccfecec17e274607ed29176fa4c2a758de445cb0e2e85ddcc1bbcb36bd80dcb3,"[0, 5]",,identity proxy before selection when layout is transpiler,6a9ea95959ada3b9eb58a4396c3fc46af54caed318314ad360db449a01f90c66_synthetic_line_6q_spread,basic,37,v0.4.0,6a9ea95959ada3b9eb58a4396c3fc46af54caed318314ad360db449a01f90c66_synthetic_line_6q_spread_37,15,9,49,5.6740979999999966e-06,-15,0.005020638003770728,True,,5.44789348353834e-15,1e-10,logical Operator.equiv + routed zero/3 random states,"[2, 3]"
2,1.5,0.2,3,symmetry,6a9ea95959ada3b9eb58a4396c3fc46af54caed318314ad360db449a01f90c66,ca6de5a0c9a094b786fcd8825347e1818fed49cb0f89a759cd0593c9592c8756,127,97,91,36,7,1.4285714285714286,1,1.0,1,1,6,5,1.6666666666666667,5,2.3333333333333335,5.0,5.0,1,prospective,synthetic_line_6q_spread,line,spread,SYNTHETIC_TARGET,"{""edges"": [[0, 1], [1, 0], [1, 2], [2, 1], [2, 3], [3, 2], [3, 4], [4, 3], [4, 5], [5, 4]], ""seed"": 7, ""basis"": [""id"", ""rz"", ""sx"", ""x"", ""ecr""], ""nodes"": 6}",ccfecec17e274607ed29176fa4c2a758de445cb0e2e85ddcc1bbcb36bd80dcb3,"[0, 5]",,identity proxy before selection when layout is transpiler,6a9ea95959ada3b9eb58a4396c3fc46af54caed318314ad360db449a01f90c66_synthetic_line_6q_spread,teleport,37,v0.4.0,6a9ea95959ada3b9eb58a4396c3fc46af54caed318314ad360db449a01f90c66_synthetic_line_6q_spread_37,15,9,49,5.6740979999999966e-06,-21,0.005949744001554791,True,,3.4365673297604646e-15,1e-10,logical Operator.equiv + routed zero/3 random states,"[2, 3]"
2,1.5,0.2,3,symmetry,6a9ea95959ada3b9eb58a4396c3fc46af54caed318314ad360db449a01f90c66,ca6de5a0c9a094b786fcd8825347e1818fed49cb0f89a759cd0593c9592c8756,127,97,91,36,7,1.4285714285714286,1,1.0,1,1,6,5,1.6666666666666667,5,2.3333333333333335,5.0,5.0,1,prospective,synthetic_line_6q_spread,line,spread,SYNTHETIC_TARGET,"{""edges"": [[0, 1], [1, 0], [1, 2], [2, 1], [2, 3], [3, 2], [3, 4], [4, 3], [4, 5], [5, 4]], ""seed"": 7, ""basis"": [""id"", ""rz"", ""sx"", ""x"", ""ecr""], ""nodes"": 6}",ccfecec17e274607ed29176fa4c2a758de445cb0e2e85ddcc1bbcb36bd80dcb3,"[0, 5]",,identity proxy before selection when layout is transpiler,6a9ea95959ada3b9eb58a4396c3fc46af54caed318314ad360db449a01f90c66_synthetic_line_6q_spread,basic,47,v0.4.0,6a9ea95959ada3b9eb58a4396c3fc46af54caed318314ad360db449a01f90c66_synthetic_line_6q_spread_47,15,12,55,6.693744000000001e-06,-15,0.005111368001962546,True,,4.915166856007382e-15,1e-10,logical Operator.equiv + routed zero/3 random states,"[3, 4]"
2,1.5,0.2,3,symmetry,6a9ea95959ada3b9eb58a4396c3fc46af54caed318314ad360db449a01f90c66,ca6de5a0c9a094b786fcd8825347e1818fed49cb0f89a759cd0593c9592c8756,127,97,91,36,7,1.4285714285714286,1,1.0,1,1,6,5,1.6666666666666667,5,2.3333333333333335,5.0,5.0,1,prospective,synthetic_line_6q_spread,line,spread,SYNTHETIC_TARGET,"{""edges"": [[0, 1], [1, 0], [1, 2], [2, 1], [2, 3], [3, 2], [3, 4], [4, 3], [4, 5], [5, 4]], ""seed"": 7, ""basis"": [""id"", ""rz"", ""sx"", ""x"", ""ecr""], ""nodes"": 6}",ccfecec17e274607ed29176fa4c2a758de445cb0e2e85ddcc1bbcb36bd80dcb3,"[0, 5]",,identity proxy before selection when layout is transpiler,6a9ea95959ada3b9eb58a4396c3fc46af54caed318314ad360db449a01f90c66_synthetic_line_6q_spread,teleport,47,v0.4.0,6a9ea95959ada3b9eb58a4396c3fc46af54caed318314ad360db449a01f90c66_synthetic_line_6q_spread_47,15,12,55,6.693744000000001e-06,-21,0.005556248004722875,True,,3.6708781830630946e-15,1e-10,logical Operator.equiv + routed zero/3 random states,"[3, 4]"
2,1.5,0.2,3,symmetry,6a9ea95959ada3b9eb58a4396c3fc46af54caed318314ad360db449a01f90c66,ca6de5a0c9a094b786fcd8825347e1818fed49cb0f89a759cd0593c9592c8756,127,97,91,36,7,1.4285714285714286,1,1.0,1,1,6,6,2.0,3,1.8,1.0,1.0,1,prospective,synthetic_ring_6q_transpiler,ring,transpiler,SYNTHETIC_TARGET,"{""edges"": [[0, 1], [0, 5], [1, 0], [1, 2], [2, 1], [2, 3], [3, 2], [3, 4], [4, 3], [4, 5], [5, 0], [5, 4]], ""seed"": 7, ""basis"": [""id"", ""rz"", ""sx"", ""x"", ""ecr""], ""nodes"": 6}",ff4a6017b79ba46163d089d132c4bc654811d5fa5518090a9b65bf0d23d86ee8,null,,identity proxy before selection when layout is transpiler,6a9ea95959ada3b9eb58a4396c3fc46af54caed318314ad360db449a01f90c66_synthetic_ring_6q_transpiler,basic,11,v0.4.0,6a9ea95959ada3b9eb58a4396c3fc46af54caed318314ad360db449a01f90c66_synthetic_ring_6q_transpiler_11,3,3,23,1.668774e-06,-27,0.004733377994853072,True,,4.103345286324977e-15,1e-10,logical Operator.equiv + routed zero/3 random states,"[3, 4]"
2,1.5,0.2,3,symmetry,6a9ea95959ada3b9eb58a4396c3fc46af54caed318314ad360db449a01f90c66,ca6de5a0c9a094b786fcd8825347e1818fed49cb0f89a759cd0593c9592c8756,127,97,91,36,7,1.4285714285714286,1,1.0,1,1,6,6,2.0,3,1.8,1.0,1.0,1,prospective,synthetic_ring_6q_transpiler,ring,transpiler,SYNTHETIC_TARGET,"{""edges"": [[0, 1], [0, 5], [1, 0], [1, 2], [2, 1], [2, 3], [3, 2], [3, 4], [4, 3], [4, 5], [5, 0], [5, 4]], ""seed"": 7, ""basis"": [""id"", ""rz"", ""sx"", ""x"", ""ecr""], ""nodes"": 6}",ff4a6017b79ba46163d089d132c4bc654811d5fa5518090a9b65bf0d23d86ee8,null,,identity proxy before selection when layout is transpiler,6a9ea95959ada3b9eb58a4396c3fc46af54caed318314ad360db449a01f90c66_synthetic_ring_6q_transpiler,teleport,11,v0.4.0,6a9ea95959ada3b9eb58a4396c3fc46af54caed318314ad360db449a01f90c66_synthetic_ring_6q_transpiler_11,3,3,23,1.668774e-06,-33,0.004907849004666787,True,,3.1087483753007652e-15,1e-10,logical Operator.equiv + routed zero/3 random states,"[3, 4]"
2,1.5,0.2,3,symmetry,6a9ea95959ada3b9eb58a4396c3fc46af54caed318314ad360db449a01f90c66,ca6de5a0c9a094b786fcd8825347e1818fed49cb0f89a759cd0593c9592c8756,127,97,91,36,7,1.4285714285714286,1,1.0,1,1,6,6,2.0,3,1.8,1.0,1.0,1,prospective,synthetic_ring_6q_transpiler,ring,transpiler,SYNTHETIC_TARGET,"{""edges"": [[0, 1], [0, 5], [1, 0], [1, 2], [2, 1], [2, 3], [3, 2], [3, 4], [4, 3], [4, 5], [5, 0], [5, 4]], ""seed"": 7, ""basis"": [""id"", ""rz"", ""sx"", ""x"", ""ecr""], ""nodes"": 6}",ff4a6017b79ba46163d089d132c4bc654811d5fa5518090a9b65bf0d23d86ee8,null,,identity proxy before selection when layout is transpiler,6a9ea95959ada3b9eb58a4396c3fc46af54caed318314ad360db449a01f90c66_synthetic_ring_6q_transpiler,basic,19,v0.4.0,6a9ea95959ada3b9eb58a4396c3fc46af54caed318314ad360db449a01f90c66_synthetic_ring_6q_transpiler_19,3,3,23,2.133198e-06,-27,0.004998135998903308,True,,5.766099757109667e-15,1e-10,logical Operator.equiv + routed zero/3 random states,"[1, 2]"
2,1.5,0.2,3,symmetry,6a9ea95959ada3b9eb58a4396c3fc46af54caed318314ad360db449a01f90c66,ca6de5a0c9a094b786fcd8825347e1818fed49cb0f89a759cd0593c9592c8756,127,97,91,36,7,1.4285714285714286,1,1.0,1,1,6,6,2.0,3,1.8,1.0,1.0,1,prospective,synthetic_ring_6q_transpiler,ring,transpiler,SYNTHETIC_TARGET,"{""edges"": [[0, 1], [0, 5], [1, 0], [1, 2], [2, 1], [2, 3], [3, 2], [3, 4], [4, 3], [4, 5], [5, 0], [5, 4]], ""seed"": 7, ""basis"": [""id"", ""rz"", ""sx"", ""x"", ""ecr""], ""nodes"": 6}",ff4a6017b79ba46163d089d132c4bc654811d5fa5518090a9b65bf0d23d86ee8,null,,identity proxy before selection when layout is transpiler,6a9ea95959ada3b9eb58a4396c3fc46af54caed318314ad360db449a01f90c66_synthetic_ring_6q_transpiler,teleport,19,v0.4.0,6a9ea95959ada3b9eb58a4396c3fc46af54caed318314ad360db449a01f90c66_synthetic_ring_6q_transpiler_19,3,3,23,2.133198e-06,-33,0.004618171995389275,True,,4.5155515175022134e-15,1e-10,logical Operator.equiv + routed zero/3 random states,"[1, 2]"
2,1.5,0.2,3,symmetry,6a9ea95959ada3b9eb58a4396c3fc46af54caed318314ad360db449a01f90c66,ca6de5a0c9a094b786fcd8825347e1818fed49cb0f89a759cd0593c9592c8756,127,97,91,36,7,1.4285714285714286,1,1.0,1,1,6,6,2.0,3,1.8,1.0,1.0,1,prospective,synthetic_ring_6q_transpiler,ring,transpiler,SYNTHETIC_TARGET,"{""edges"": [[0, 1], [0, 5], [1, 0], [1, 2], [2, 1], [2, 3], [3, 2], [3, 4], [4, 3], [4, 5], [5, 0], [5, 4]], ""seed"": 7, ""basis"": [""id"", ""rz"", ""sx"", ""x"", ""ecr""], ""nodes"": 6}",ff4a6017b79ba46163d089d132c4bc654811d5fa5518090a9b65bf0d23d86ee8,null,,identity proxy before selection when layout is transpiler,6a9ea95959ada3b9eb58a4396c3fc46af54caed318314ad360db449a01f90c66_synthetic_ring_6q_transpiler,basic,29,v0.4.0,6a9ea95959ada3b9eb58a4396c3fc46af54caed318314ad360db449a01f90c66_synthetic_ring_6q_transpiler_29,3,3,23,2.133198e-06,-27,0.004392307004309259,True,,5.766099757109667e-15,1e-10,logical Operator.equiv + routed zero/3 random states,"[1, 2]"
2,1.5,0.2,3,symmetry,6a9ea95959ada3b9eb58a4396c3fc46af54caed318314ad360db449a01f90c66,ca6de5a0c9a094b786fcd8825347e1818fed49cb0f89a759cd0593c9592c8756,127,97,91,36,7,1.4285714285714286,1,1.0,1,1,6,6,2.0,3,1.8,1.0,1.0,1,prospective,synthetic_ring_6q_transpiler,ring,transpiler,SYNTHETIC_TARGET,"{""edges"": [[0, 1], [0, 5], [1, 0], [1, 2], [2, 1], [2, 3], [3, 2], [3, 4], [4, 3], [4, 5], [5, 0], [5, 4]], ""seed"": 7, ""basis"": [""id"", ""rz"", ""sx"", ""x"", ""ecr""], ""nodes"": 6}",ff4a6017b79ba46163d089d132c4bc654811d5fa5518090a9b65bf0d23d86ee8,null,,identity proxy before selection when layout is transpiler,6a9ea95959ada3b9eb58a4396c3fc46af54caed318314ad360db449a01f90c66_synthetic_ring_6q_transpiler,teleport,29,v0.4.0,6a9ea95959ada3b9eb58a4396c3fc46af54caed318314ad360db449a01f90c66_synthetic_ring_6q_transpiler_29,3,3,23,2.133198e-06,-33,0.004820566995476838,True,,4.5155515175022134e-15,1e-10,logical Operator.equiv + routed zero/3 random states,"[1, 2]"
2,1.5,0.2,3,symmetry,6a9ea95959ada3b9eb58a4396c3fc46af54caed318314ad360db449a01f90c66,ca6de5a0c9a094b786fcd8825347e1818fed49cb0f89a759cd0593c9592c8756,127,97,91,36,7,1.4285714285714286,1,1.0,1,1,6,6,2.0,3,1.8,1.0,1.0,1,prospective,synthetic_ring_6q_transpiler,ring,transpiler,SYNTHETIC_TARGET,"{""edges"": [[0, 1], [0, 5], [1, 0], [1, 2], [2, 1], [2, 3], [3, 2], [3, 4], [4, 3], [4, 5], [5, 0], [5, 4]], ""seed"": 7, ""basis"": [""id"", ""rz"", ""sx"", ""x"", ""ecr""], ""nodes"": 6}",ff4a6017b79ba46163d089d132c4bc654811d5fa5518090a9b65bf0d23d86ee8,null,,identity proxy before selection when layout is transpiler,6a9ea95959ada3b9eb58a4396c3fc46af54caed318314ad360db449a01f90c66_synthetic_ring_6q_transpiler,basic,37,v0.4.0,6a9ea95959ada3b9eb58a4396c3fc46af54caed318314ad360db449a01f90c66_synthetic_ring_6q_transpiler_37,3,3,23,1.39305e-06,-27,0.004745199003082234,True,,4.907951813174212e-15,1e-10,logical Operator.equiv + routed zero/3 random states,"[1, 0]"
2,1.5,0.2,3,symmetry,6a9ea95959ada3b9eb58a4396c3fc46af54caed318314ad360db449a01f90c66,ca6de5a0c9a094b786fcd8825347e1818fed49cb0f89a759cd0593c9592c8756,127,97,91,36,7,1.4285714285714286,1,1.0,1,1,6,6,2.0,3,1.8,1.0,1.0,1,prospective,synthetic_ring_6q_transpiler,ring,transpiler,SYNTHETIC_TARGET,"{""edges"": [[0, 1], [0, 5], [1, 0], [1, 2], [2, 1], [2, 3], [3, 2], [3, 4], [4, 3], [4, 5], [5, 0], [5, 4]], ""seed"": 7, ""basis"": [""id"", ""rz"", ""sx"", ""x"", ""ecr""], ""nodes"": 6}",ff4a6017b79ba46163d089d132c4bc654811d5fa5518090a9b65bf0d23d86ee8,null,,identity proxy before selection when layout is transpiler,6a9ea95959ada3b9eb58a4396c3fc46af54caed318314ad360db449a01f90c66_synthetic_ring_6q_transpiler,teleport,37,v0.4.0,6a9ea95959ada3b9eb58a4396c3fc46af54caed318314ad360db449a01f90c66_synthetic_ring_6q_transpiler_37,3,3,23,1.39305e-06,-33,0.004562273999908939,True,,3.379348191328996e-15,1e-10,logical Operator.equiv + routed zero/3 random states,"[1, 0]"
2,1.5,0.2,3,symmetry,6a9ea95959ada3b9eb58a4396c3fc46af54caed318314ad360db449a01f90c66,ca6de5a0c9a094b786fcd8825347e1818fed49cb0f89a759cd0593c9592c8756,127,97,91,36,7,1.4285714285714286,1,1.0,1,1,6,6,2.0,3,1.8,1.0,1.0,1,prospective,synthetic_ring_6q_transpiler,ring,transpiler,SYNTHETIC_TARGET,"{""edges"": [[0, 1], [0, 5], [1, 0], [1, 2], [2, 1], [2, 3], [3, 2], [3, 4], [4, 3], [4, 5], [5, 0], [5, 4]], ""seed"": 7, ""basis"": [""id"", ""rz"", ""sx"", ""x"", ""ecr""], ""nodes"": 6}",ff4a6017b79ba46163d089d132c4bc654811d5fa5518090a9b65bf0d23d86ee8,null,,identity proxy before selection when layout is transpiler,6a9ea95959ada3b9eb58a4396c3fc46af54caed318314ad360db449a01f90c66_synthetic_ring_6q_transpiler,basic,47,v0.4.0,6a9ea95959ada3b9eb58a4396c3fc46af54caed318314ad360db449a01f90c66_synthetic_ring_6q_transpiler_47,3,3,23,2.133198e-06,-27,0.004481698000745382,True,,4.997545349350386e-15,1e-10,logical Operator.equiv + routed zero/3 random states,"[2, 1]"
2,1.5,0.2,3,symmetry,6a9ea95959ada3b9eb58a4396c3fc46af54caed318314ad360db449a01f90c66,ca6de5a0c9a094b786fcd8825347e1818fed49cb0f89a759cd0593c9592c8756,127,97,91,36,7,1.4285714285714286,1,1.0,1,1,6,6,2.0,3,1.8,1.0,1.0,1,prospective,synthetic_ring_6q_transpiler,ring,transpiler,SYNTHETIC_TARGET,"{""edges"": [[0, 1], [0, 5], [1, 0], [1, 2], [2, 1], [2, 3], [3, 2], [3, 4], [4, 3], [4, 5], [5, 0], [5, 4]], ""seed"": 7, ""basis"": [""id"", ""rz"", ""sx"", ""x"", ""ecr""], ""nodes"": 6}",ff4a6017b79ba46163d089d132c4bc654811d5fa5518090a9b65bf0d23d86ee8,null,,identity proxy before selection when layout is transpiler,6a9ea95959ada3b9eb58a4396c3fc46af54caed318314ad360db449a01f90c66_synthetic_ring_6q_transpiler,teleport,47,v0.4.0,6a9ea95959ada3b9eb58a4396c3fc46af54caed318314ad360db449a01f90c66_synthetic_ring_6q_transpiler_47,3,3,23,2.133198e-06,-33,0.004600350999680813,True,,2.942091015256665e-15,1e-10,logical Operator.equiv + routed zero/3 random states,"[2, 1]"
2,1.5,0.2,3,symmetry,6a9ea95959ada3b9eb58a4396c3fc46af54caed318314ad360db449a01f90c66,ca6de5a0c9a094b786fcd8825347e1818fed49cb0f89a759cd0593c9592c8756,127,97,91,36,7,1.4285714285714286,1,1.0,1,1,6,7,2.3333333333333335,3,1.6666666666666667,1.0,1.0,1,prospective,synthetic_grid_6q_transpiler,grid,transpiler,SYNTHETIC_TARGET,"{""edges"": [[0, 1], [0, 3], [1, 0], [1, 2], [1, 4], [2, 1], [2, 5], [3, 0], [3, 4], [4, 1], [4, 3], [4, 5], [5, 2], [5, 4]], ""seed"": 7, ""basis"": [""id"", ""rz"", ""sx"", ""x"", ""ecr""], ""nodes"": 6}",1dc9d7c7422ee8d9e756c16f45c753640fd9bb0d83eb6013019055e1f800f374,null,,identity proxy before selection when layout is transpiler,6a9ea95959ada3b9eb58a4396c3fc46af54caed318314ad360db449a01f90c66_synthetic_grid_6q_transpiler,basic,11,v0.4.0,6a9ea95959ada3b9eb58a4396c3fc46af54caed318314ad360db449a01f90c66_synthetic_grid_6q_transpiler_11,3,3,23,2.2977e-06,-27,0.005153557998710312,True,,4.107825191113079e-15,1e-10,logical Operator.equiv + routed zero/3 random states,"[2, 5]"
2,1.5,0.2,3,symmetry,6a9ea95959ada3b9eb58a4396c3fc46af54caed318314ad360db449a01f90c66,ca6de5a0c9a094b786fcd8825347e1818fed49cb0f89a759cd0593c9592c8756,127,97,91,36,7,1.4285714285714286,1,1.0,1,1,6,7,2.3333333333333335,3,1.6666666666666667,1.0,1.0,1,prospective,synthetic_grid_6q_transpiler,grid,transpiler,SYNTHETIC_TARGET,"{""edges"": [[0, 1], [0, 3], [1, 0], [1, 2], [1, 4], [2, 1], [2, 5], [3, 0], [3, 4], [4, 1], [4, 3], [4, 5], [5, 2], [5, 4]], ""seed"": 7, ""basis"": [""id"", ""rz"", ""sx"", ""x"", ""ecr""], ""nodes"": 6}",1dc9d7c7422ee8d9e756c16f45c753640fd9bb0d83eb6013019055e1f800f374,null,,identity proxy before selection when layout is transpiler,6a9ea95959ada3b9eb58a4396c3fc46af54caed318314ad360db449a01f90c66_synthetic_grid_6q_transpiler,teleport,11,v0.4.0,6a9ea95959ada3b9eb58a4396c3fc46af54caed318314ad360db449a01f90c66_synthetic_grid_6q_transpiler_11,3,3,23,2.2977e-06,-33,0.0046533030035789125,True,,3.1087483753007652e-15,1e-10,logical Operator.equiv + routed zero/3 random states,"[2, 5]"
2,1.5,0.2,3,symmetry,6a9ea95959ada3b9eb58a4396c3fc46af54caed318314ad360db449a01f90c66,ca6de5a0c9a094b786fcd8825347e1818fed49cb0f89a759cd0593c9592c8756,127,97,91,36,7,1.4285714285714286,1,1.0,1,1,6,7,2.3333333333333335,3,1.6666666666666667,1.0,1.0,1,prospective,synthetic_grid_6q_transpiler,grid,transpiler,SYNTHETIC_TARGET,"{""edges"": [[0, 1], [0, 3], [1, 0], [1, 2], [1, 4], [2, 1], [2, 5], [3, 0], [3, 4], [4, 1], [4, 3], [4, 5], [5, 2], [5, 4]], ""seed"": 7, ""basis"": [""id"", ""rz"", ""sx"", ""x"", ""ecr""], ""nodes"": 6}",1dc9d7c7422ee8d9e756c16f45c753640fd9bb0d83eb6013019055e1f800f374,null,,identity proxy before selection when layout is transpiler,6a9ea95959ada3b9eb58a4396c3fc46af54caed318314ad360db449a01f90c66_synthetic_grid_6q_transpiler,basic,19,v0.4.0,6a9ea95959ada3b9eb58a4396c3fc46af54caed318314ad360db449a01f90c66_synthetic_grid_6q_transpiler_19,3,3,23,1.762014e-06,-27,0.005243038998742122,True,,5.766099757109667e-15,1e-10,logical Operator.equiv + routed zero/3 random states,"[1, 4]"
2,1.5,0.2,3,symmetry,6a9ea95959ada3b9eb58a4396c3fc46af54caed318314ad360db449a01f90c66,ca6de5a0c9a094b786fcd8825347e1818fed49cb0f89a759cd0593c9592c8756,127,97,91,36,7,1.4285714285714286,1,1.0,1,1,6,7,2.3333333333333335,3,1.6666666666666667,1.0,1.0,1,prospective,synthetic_grid_6q_transpiler,grid,transpiler,SYNTHETIC_TARGET,"{""edges"": [[0, 1], [0, 3], [1, 0], [1, 2], [1, 4], [2, 1], [2, 5], [3, 0], [3, 4], [4, 1], [4, 3], [4, 5], [5, 2], [5, 4]], ""seed"": 7, ""basis"": [""id"", ""rz"", ""sx"", ""x"", ""ecr""], ""nodes"": 6}",1dc9d7c7422ee8d9e756c16f45c753640fd9bb0d83eb6013019055e1f800f374,null,,identity proxy before selection when layout is transpiler,6a9ea95959ada3b9eb58a4396c3fc46af54caed318314ad360db449a01f90c66_synthetic_grid_6q_transpiler,teleport,19,v0.4.0,6a9ea95959ada3b9eb58a4396c3fc46af54caed318314ad360db449a01f90c66_synthetic_grid_6q_transpiler_19,3,3,23,1.762014e-06,-33,0.0047487109986832365,True,,4.5155515175022134e-15,1e-10,logical Operator.equiv + routed zero/3 random states,"[1, 4]"
2,1.5,0.2,3,symmetry,6a9ea95959ada3b9eb58a4396c3fc46af54caed318314ad360db449a01f90c66,ca6de5a0c9a094b786fcd8825347e1818fed49cb0f89a759cd0593c9592c8756,127,97,91,36,7,1.4285714285714286,1,1.0,1,1,6,7,2.3333333333333335,3,1.6666666666666667,1.0,1.0,1,prospective,synthetic_grid_6q_transpiler,grid,transpiler,SYNTHETIC_TARGET,"{""edges"": [[0, 1], [0, 3], [1, 0], [1, 2], [1, 4], [2, 1], [2, 5], [3, 0], [3, 4], [4, 1], [4, 3], [4, 5], [5, 2], [5, 4]], ""seed"": 7, ""basis"": [""id"", ""rz"", ""sx"", ""x"", ""ecr""], ""nodes"": 6}",1dc9d7c7422ee8d9e756c16f45c753640fd9bb0d83eb6013019055e1f800f374,null,,identity proxy before selection when layout is transpiler,6a9ea95959ada3b9eb58a4396c3fc46af54caed318314ad360db449a01f90c66_synthetic_grid_6q_transpiler,basic,29,v0.4.0,6a9ea95959ada3b9eb58a4396c3fc46af54caed318314ad360db449a01f90c66_synthetic_grid_6q_transpiler_29,3,3,23,1.63503e-06,-27,0.004588518000673503,True,,5.020926283894215e-15,1e-10,logical Operator.equiv + routed zero/3 random states,"[1, 2]"
2,1.5,0.2,3,symmetry,6a9ea95959ada3b9eb58a4396c3fc46af54caed318314ad360db449a01f90c66,ca6de5a0c9a094b786fcd8825347e1818fed49cb0f89a759cd0593c9592c8756,127,97,91,36,7,1.4285714285714286,1,1.0,1,1,6,7,2.3333333333333335,3,1.6666666666666667,1.0,1.0,1,prospective,synthetic_grid_6q_transpiler,grid,transpiler,SYNTHETIC_TARGET,"{""edges"": [[0, 1], [0, 3], [1, 0], [1, 2], [1, 4], [2, 1], [2, 5], [3, 0], [3, 4], [4, 1], [4, 3], [4, 5], [5, 2], [5, 4]], ""seed"": 7, ""basis"": [""id"", ""rz"", ""sx"", ""x"", ""ecr""], ""nodes"": 6}",1dc9d7c7422ee8d9e756c16f45c753640fd9bb0d83eb6013019055e1f800f374,null,,identity proxy before selection when layout is transpiler,6a9ea95959ada3b9eb58a4396c3fc46af54caed318314ad360db449a01f90c66_synthetic_grid_6q_transpiler,teleport,29,v0.4.0,6a9ea95959ada3b9eb58a4396c3fc46af54caed318314ad360db449a01f90c66_synthetic_grid_6q_transpiler_29,3,3,23,1.63503e-06,-33,0.005005443999834824,True,,2.8420679419676207e-15,1e-10,logical Operator.equiv + routed zero/3 random states,"[1, 2]"
2,1.5,0.2,3,symmetry,6a9ea95959ada3b9eb58a4396c3fc46af54caed318314ad360db449a01f90c66,ca6de5a0c9a094b786fcd8825347e1818fed49cb0f89a759cd0593c9592c8756,127,97,91,36,7,1.4285714285714286,1,1.0,1,1,6,7,2.3333333333333335,3,1.6666666666666667,1.0,1.0,1,prospective,synthetic_grid_6q_transpiler,grid,transpiler,SYNTHETIC_TARGET,"{""edges"": [[0, 1], [0, 3], [1, 0], [1, 2], [1, 4], [2, 1], [2, 5], [3, 0], [3, 4], [4, 1], [4, 3], [4, 5], [5, 2], [5, 4]], ""seed"": 7, ""basis"": [""id"", ""rz"", ""sx"", ""x"", ""ecr""], ""nodes"": 6}",1dc9d7c7422ee8d9e756c16f45c753640fd9bb0d83eb6013019055e1f800f374,null,,identity proxy before selection when layout is transpiler,6a9ea95959ada3b9eb58a4396c3fc46af54caed318314ad360db449a01f90c66_synthetic_grid_6q_transpiler,basic,37,v0.4.0,6a9ea95959ada3b9eb58a4396c3fc46af54caed318314ad360db449a01f90c66_synthetic_grid_6q_transpiler_37,3,3,23,2.2977e-06,-27,0.005092927000077907,True,,4.107825191113079e-15,1e-10,logical Operator.equiv + routed zero/3 random states,"[2, 5]"
2,1.5,0.2,3,symmetry,6a9ea95959ada3b9eb58a4396c3fc46af54caed318314ad360db449a01f90c66,ca6de5a0c9a094b786fcd8825347e1818fed49cb0f89a759cd0593c9592c8756,127,97,91,36,7,1.4285714285714286,1,1.0,1,1,6,7,2.3333333333333335,3,1.6666666666666667,1.0,1.0,1,prospective,synthetic_grid_6q_transpiler,grid,transpiler,SYNTHETIC_TARGET,"{""edges"": [[0, 1], [0, 3], [1, 0], [1, 2], [1, 4], [2, 1], [2, 5], [3, 0], [3, 4], [4, 1], [4, 3], [4, 5], [5, 2], [5, 4]], ""seed"": 7, ""basis"": [""id"", ""rz"", ""sx"", ""x"", ""ecr""], ""nodes"": 6}",1dc9d7c7422ee8d9e756c16f45c753640fd9bb0d83eb6013019055e1f800f374,null,,identity proxy before selection when layout is transpiler,6a9ea95959ada3b9eb58a4396c3fc46af54caed318314ad360db449a01f90c66_synthetic_grid_6q_transpiler,teleport,37,v0.4.0,6a9ea95959ada3b9eb58a4396c3fc46af54caed318314ad360db449a01f90c66_synthetic_grid_6q_transpiler_37,3,3,23,2.2977e-06,-33,0.0073728089992073365,True,,3.1087483753007652e-15,1e-10,logical Operator.equiv + routed zero/3 random states,"[2, 5]"
2,1.5,0.2,3,symmetry,6a9ea95959ada3b9eb58a4396c3fc46af54caed318314ad360db449a01f90c66,ca6de5a0c9a094b786fcd8825347e1818fed49cb0f89a759cd0593c9592c8756,127,97,91,36,7,1.4285714285714286,1,1.0,1,1,6,7,2.3333333333333335,3,1.6666666666666667,1.0,1.0,1,prospective,synthetic_grid_6q_transpiler,grid,transpiler,SYNTHETIC_TARGET,"{""edges"": [[0, 1], [0, 3], [1, 0], [1, 2], [1, 4], [2, 1], [2, 5], [3, 0], [3, 4], [4, 1], [4, 3], [4, 5], [5, 2], [5, 4]], ""seed"": 7, ""basis"": [""id"", ""rz"", ""sx"", ""x"", ""ecr""], ""nodes"": 6}",1dc9d7c7422ee8d9e756c16f45c753640fd9bb0d83eb6013019055e1f800f374,null,,identity proxy before selection when layout is transpiler,6a9ea95959ada3b9eb58a4396c3fc46af54caed318314ad360db449a01f90c66_synthetic_grid_6q_transpiler,basic,47,v0.4.0,6a9ea95959ada3b9eb58a4396c3fc46af54caed318314ad360db449a01f90c66_synthetic_grid_6q_transpiler_47,3,3,23,2.087022e-06,-27,0.004773631997522898,True,,4.914226364206316e-15,1e-10,logical Operator.equiv + routed zero/3 random states,"[0, 1]"
2,1.5,0.2,3,symmetry,6a9ea95959ada3b9eb58a4396c3fc46af54caed318314ad360db449a01f90c66,ca6de5a0c9a094b786fcd8825347e1818fed49cb0f89a759cd0593c9592c8756,127,97,91,36,7,1.4285714285714286,1,1.0,1,1,6,7,2.3333333333333335,3,1.6666666666666667,1.0,1.0,1,prospective,synthetic_grid_6q_transpiler,grid,transpiler,SYNTHETIC_TARGET,"{""edges"": [[0, 1], [0, 3], [1, 0], [1, 2], [1, 4], [2, 1], [2, 5], [3, 0], [3, 4], [4, 1], [4, 3], [4, 5], [5, 2], [5, 4]], ""seed"": 7, ""basis"": [""id"", ""rz"", ""sx"", ""x"", ""ecr""], ""nodes"": 6}",1dc9d7c7422ee8d9e756c16f45c753640fd9bb0d83eb6013019055e1f800f374,null,,identity proxy before selection when layout is transpiler,6a9ea95959ada3b9eb58a4396c3fc46af54caed318314ad360db449a01f90c66_synthetic_grid_6q_transpiler,teleport,47,v0.4.0,6a9ea95959ada3b9eb58a4396c3fc46af54caed318314ad360db449a01f90c66_synthetic_grid_6q_transpiler_47,3,3,23,2.087022e-06,-33,0.004566228999465238,True,,3.3266189232385874e-15,1e-10,logical Operator.equiv + routed zero/3 random states,"[0, 1]"
2,1.5,0.2,3,symmetry,6a9ea95959ada3b9eb58a4396c3fc46af54caed318314ad360db449a01f90c66,ca6de5a0c9a094b786fcd8825347e1818fed49cb0f89a759cd0593c9592c8756,127,97,91,36,7,1.4285714285714286,1,1.0,1,1,7,7,2.0,5,2.2857142857142856,1.0,1.0,1,prospective,synthetic_heavy_hex_like_7q_transpiler,heavy_hex_like,transpiler,SYNTHETIC_TARGET,"{""edges"": [[0, 1], [0, 3], [1, 0], [1, 2], [2, 1], [2, 3], [3, 0], [3, 2], [3, 4], [4, 3], [4, 5], [5, 4], [5, 6], [6, 5]], ""seed"": 7, ""basis"": [""id"", ""rz"", ""sx"", ""x"", ""ecr""], ""nodes"": 7}",a56c42c5929ac738475a61ad56ac38f9ce297f29f090779c0473725bc68476b5,null,,identity proxy before selection when layout is transpiler,6a9ea95959ada3b9eb58a4396c3fc46af54caed318314ad360db449a01f90c66_synthetic_heavy_hex_like_7q_transpiler,basic,11,v0.4.0,6a9ea95959ada3b9eb58a4396c3fc46af54caed318314ad360db449a01f90c66_synthetic_heavy_hex_like_7q_transpiler_11,3,3,23,1.1262059999999999e-06,-27,0.004695395000453573,True,,5.020926283894215e-15,1e-10,logical Operator.equiv + routed zero/3 random states,"[4, 5]"
2,1.5,0.2,3,symmetry,6a9ea95959ada3b9eb58a4396c3fc46af54caed318314ad360db449a01f90c66,ca6de5a0c9a094b786fcd8825347e1818fed49cb0f89a759cd0593c9592c8756,127,97,91,36,7,1.4285714285714286,1,1.0,1,1,7,7,2.0,5,2.2857142857142856,1.0,1.0,1,prospective,synthetic_heavy_hex_like_7q_transpiler,heavy_hex_like,transpiler,SYNTHETIC_TARGET,"{""edges"": [[0, 1], [0, 3], [1, 0], [1, 2], [2, 1], [2, 3], [3, 0], [3, 2], [3, 4], [4, 3], [4, 5], [5, 4], [5, 6], [6, 5]], ""seed"": 7, ""basis"": [""id"", ""rz"", ""sx"", ""x"", ""ecr""], ""nodes"": 7}",a56c42c5929ac738475a61ad56ac38f9ce297f29f090779c0473725bc68476b5,null,,identity proxy before selection when layout is transpiler,6a9ea95959ada3b9eb58a4396c3fc46af54caed318314ad360db449a01f90c66_synthetic_heavy_hex_like_7q_transpiler,teleport,11,v0.4.0,6a9ea95959ada3b9eb58a4396c3fc46af54caed318314ad360db449a01f90c66_synthetic_heavy_hex_like_7q_transpiler_11,3,3,23,1.1262059999999999e-06,-33,0.005132594997121487,True,,2.8420679419676207e-15,1e-10,logical Operator.equiv + routed zero/3 random states,"[4, 5]"
2,1.5,0.2,3,symmetry,6a9ea95959ada3b9eb58a4396c3fc46af54caed318314ad360db449a01f90c66,ca6de5a0c9a094b786fcd8825347e1818fed49cb0f89a759cd0593c9592c8756,127,97,91,36,7,1.4285714285714286,1,1.0,1,1,7,7,2.0,5,2.2857142857142856,1.0,1.0,1,prospective,synthetic_heavy_hex_like_7q_transpiler,heavy_hex_like,transpiler,SYNTHETIC_TARGET,"{""edges"": [[0, 1], [0, 3], [1, 0], [1, 2], [2, 1], [2, 3], [3, 0], [3, 2], [3, 4], [4, 3], [4, 5], [5, 4], [5, 6], [6, 5]], ""seed"": 7, ""basis"": [""id"", ""rz"", ""sx"", ""x"", ""ecr""], ""nodes"": 7}",a56c42c5929ac738475a61ad56ac38f9ce297f29f090779c0473725bc68476b5,null,,identity proxy before selection when layout is transpiler,6a9ea95959ada3b9eb58a4396c3fc46af54caed318314ad360db449a01f90c66_synthetic_heavy_hex_like_7q_transpiler,basic,19,v0.4.0,6a9ea95959ada3b9eb58a4396c3fc46af54caed318314ad360db449a01f90c66_synthetic_heavy_hex_like_7q_transpiler_19,3,3,23,1.1262059999999999e-06,-27,0.005020153002988081,True,,5.889040523511811e-15,1e-10,logical Operator.equiv + routed zero/3 random states,"[5, 4]"
2,1.5,0.2,3,symmetry,6a9ea95959ada3b9eb58a4396c3fc46af54caed318314ad360db449a01f90c66,ca6de5a0c9a094b786fcd8825347e1818fed49cb0f89a759cd0593c9592c8756,127,97,91,36,7,1.4285714285714286,1,1.0,1,1,7,7,2.0,5,2.2857142857142856,1.0,1.0,1,prospective,synthetic_heavy_hex_like_7q_transpiler,heavy_hex_like,transpiler,SYNTHETIC_TARGET,"{""edges"": [[0, 1], [0, 3], [1, 0], [1, 2], [2, 1], [2, 3], [3, 0], [3, 2], [3, 4], [4, 3], [4, 5], [5, 4], [5, 6], [6, 5]], ""seed"": 7, ""basis"": [""id"", ""rz"", ""sx"", ""x"", ""ecr""], ""nodes"": 7}",a56c42c5929ac738475a61ad56ac38f9ce297f29f090779c0473725bc68476b5,null,,identity proxy before selection when layout is transpiler,6a9ea95959ada3b9eb58a4396c3fc46af54caed318314ad360db449a01f90c66_synthetic_heavy_hex_like_7q_transpiler,teleport,19,v0.4.0,6a9ea95959ada3b9eb58a4396c3fc46af54caed318314ad360db449a01f90c66_synthetic_heavy_hex_like_7q_transpiler_19,3,3,23,1.1262059999999999e-06,-33,0.004810639999050181,True,,4.435684875175422e-15,1e-10,logical Operator.equiv + routed zero/3 random states,"[5, 4]"
2,1.5,0.2,3,symmetry,6a9ea95959ada3b9eb58a4396c3fc46af54caed318314ad360db449a01f90c66,ca6de5a0c9a094b786fcd8825347e1818fed49cb0f89a759cd0593c9592c8756,127,97,91,36,7,1.4285714285714286,1,1.0,1,1,7,7,2.0,5,2.2857142857142856,1.0,1.0,1,prospective,synthetic_heavy_hex_like_7q_transpiler,heavy_hex_like,transpiler,SYNTHETIC_TARGET,"{""edges"": [[0, 1], [0, 3], [1, 0], [1, 2], [2, 1], [2, 3], [3, 0], [3, 2], [3, 4], [4, 3], [4, 5], [5, 4], [5, 6], [6, 5]], ""seed"": 7, ""basis"": [""id"", ""rz"", ""sx"", ""x"", ""ecr""], ""nodes"": 7}",a56c42c5929ac738475a61ad56ac38f9ce297f29f090779c0473725bc68476b5,null,,identity proxy before selection when layout is transpiler,6a9ea95959ada3b9eb58a4396c3fc46af54caed318314ad360db449a01f90c66_synthetic_heavy_hex_like_7q_transpiler,basic,29,v0.4.0,6a9ea95959ada3b9eb58a4396c3fc46af54caed318314ad360db449a01f90c66_synthetic_heavy_hex_like_7q_transpiler_29,3,3,23,1.0456200000000003e-06,-27,0.004649233000236563,True,,4.103345286324977e-15,1e-10,logical Operator.equiv + routed zero/3 random states,"[1, 2]"
2,1.5,0.2,3,symmetry,6a9ea95959ada3b9eb58a4396c3fc46af54caed318314ad360db449a01f90c66,ca6de5a0c9a094b786fcd8825347e1818fed49cb0f89a759cd0593c9592c8756,127,97,91,36,7,1.4285714285714286,1,1.0,1,1,7,7,2.0,5,2.2857142857142856,1.0,1.0,1,prospective,synthetic_heavy_hex_like_7q_transpiler,heavy_hex_like,transpiler,SYNTHETIC_TARGET,"{""edges"": [[0, 1], [0, 3], [1, 0], [1, 2], [2, 1], [2, 3], [3, 0], [3, 2], [3, 4], [4, 3], [4, 5], [5, 4], [5, 6], [6, 5]], ""seed"": 7, ""basis"": [""id"", ""rz"", ""sx"", ""x"", ""ecr""], ""nodes"": 7}",a56c42c5929ac738475a61ad56ac38f9ce297f29f090779c0473725bc68476b5,null,,identity proxy before selection when layout is transpiler,6a9ea95959ada3b9eb58a4396c3fc46af54caed318314ad360db449a01f90c66_synthetic_heavy_hex_like_7q_transpiler,teleport,29,v0.4.0,6a9ea95959ada3b9eb58a4396c3fc46af54caed318314ad360db449a01f90c66_synthetic_heavy_hex_like_7q_transpiler_29,3,3,23,1.0456200000000003e-06,-33,0.004837881999264937,True,,3.0867394805640034e-15,1e-10,logical Operator.equiv + routed zero/3 random states,"[1, 2]"
2,1.5,0.2,3,symmetry,6a9ea95959ada3b9eb58a4396c3fc46af54caed318314ad360db449a01f90c66,ca6de5a0c9a094b786fcd8825347e1818fed49cb0f89a759cd0593c9592c8756,127,97,91,36,7,1.4285714285714286,1,1.0,1,1,7,7,2.0,5,2.2857142857142856,1.0,1.0,1,prospective,synthetic_heavy_hex_like_7q_transpiler,heavy_hex_like,transpiler,SYNTHETIC_TARGET,"{""edges"": [[0, 1], [0, 3], [1, 0], [1, 2], [2, 1], [2, 3], [3, 0], [3, 2], [3, 4], [4, 3], [4, 5], [5, 4], [5, 6], [6, 5]], ""seed"": 7, ""basis"": [""id"", ""rz"", ""sx"", ""x"", ""ecr""], ""nodes"": 7}",a56c42c5929ac738475a61ad56ac38f9ce297f29f090779c0473725bc68476b5,null,,identity proxy before selection when layout is transpiler,6a9ea95959ada3b9eb58a4396c3fc46af54caed318314ad360db449a01f90c66_synthetic_heavy_hex_like_7q_transpiler,basic,37,v0.4.0,6a9ea95959ada3b9eb58a4396c3fc46af54caed318314ad360db449a01f90c66_synthetic_heavy_hex_like_7q_transpiler_37,3,3,23,1.0485060000000002e-06,-27,0.004497848996834364,True,,4.103345286324977e-15,1e-10,logical Operator.equiv + routed zero/3 random states,"[3, 4]"
2,1.5,0.2,3,symmetry,6a9ea95959ada3b9eb58a4396c3fc46af54caed318314ad360db449a01f90c66,ca6de5a0c9a094b786fcd8825347e1818fed49cb0f89a759cd0593c9592c8756,127,97,91,36,7,1.4285714285714286,1,1.0,1,1,7,7,2.0,5,2.2857142857142856,1.0,1.0,1,prospective,synthetic_heavy_hex_like_7q_transpiler,heavy_hex_like,transpiler,SYNTHETIC_TARGET,"{""edges"": [[0, 1], [0, 3], [1, 0], [1, 2], [2, 1], [2, 3], [3, 0], [3, 2], [3, 4], [4, 3], [4, 5], [5, 4], [5, 6], [6, 5]], ""seed"": 7, ""basis"": [""id"", ""rz"", ""sx"", ""x"", ""ecr""], ""nodes"": 7}",a56c42c5929ac738475a61ad56ac38f9ce297f29f090779c0473725bc68476b5,null,,identity proxy before selection when layout is transpiler,6a9ea95959ada3b9eb58a4396c3fc46af54caed318314ad360db449a01f90c66_synthetic_heavy_hex_like_7q_transpiler,teleport,37,v0.4.0,6a9ea95959ada3b9eb58a4396c3fc46af54caed318314ad360db449a01f90c66_synthetic_heavy_hex_like_7q_transpiler_37,3,3,23,1.0485060000000002e-06,-33,0.004501645002164878,True,,3.1087483753007652e-15,1e-10,logical Operator.equiv + routed zero/3 random states,"[3, 4]"
2,1.5,0.2,3,symmetry,6a9ea95959ada3b9eb58a4396c3fc46af54caed318314ad360db449a01f90c66,ca6de5a0c9a094b786fcd8825347e1818fed49cb0f89a759cd0593c9592c8756,127,97,91,36,7,1.4285714285714286,1,1.0,1,1,7,7,2.0,5,2.2857142857142856,1.0,1.0,1,prospective,synthetic_heavy_hex_like_7q_transpiler,heavy_hex_like,transpiler,SYNTHETIC_TARGET,"{""edges"": [[0, 1], [0, 3], [1, 0], [1, 2], [2, 1], [2, 3], [3, 0], [3, 2], [3, 4], [4, 3], [4, 5], [5, 4], [5, 6], [6, 5]], ""seed"": 7, ""basis"": [""id"", ""rz"", ""sx"", ""x"", ""ecr""], ""nodes"": 7}",a56c42c5929ac738475a61ad56ac38f9ce297f29f090779c0473725bc68476b5,null,,identity proxy before selection when layout is transpiler,6a9ea95959ada3b9eb58a4396c3fc46af54caed318314ad360db449a01f90c66_synthetic_heavy_hex_like_7q_transpiler,basic,47,v0.4.0,6a9ea95959ada3b9eb58a4396c3fc46af54caed318314ad360db449a01f90c66_synthetic_heavy_hex_like_7q_transpiler_47,3,3,23,1.2802740000000002e-06,-27,0.005198359001951758,True,,5.8968025200037576e-15,1e-10,logical Operator.equiv + routed zero/3 random states,"[3, 0]"
2,1.5,0.2,3,symmetry,6a9ea95959ada3b9eb58a4396c3fc46af54caed318314ad360db449a01f90c66,ca6de5a0c9a094b786fcd8825347e1818fed49cb0f89a759cd0593c9592c8756,127,97,91,36,7,1.4285714285714286,1,1.0,1,1,7,7,2.0,5,2.2857142857142856,1.0,1.0,1,prospective,synthetic_heavy_hex_like_7q_transpiler,heavy_hex_like,transpiler,SYNTHETIC_TARGET,"{""edges"": [[0, 1], [0, 3], [1, 0], [1, 2], [2, 1], [2, 3], [3, 0], [3, 2], [3, 4], [4, 3], [4, 5], [5, 4], [5, 6], [6, 5]], ""seed"": 7, ""basis"": [""id"", ""rz"", ""sx"", ""x"", ""ecr""], ""nodes"": 7}",a56c42c5929ac738475a61ad56ac38f9ce297f29f090779c0473725bc68476b5,null,,identity proxy before selection when layout is transpiler,6a9ea95959ada3b9eb58a4396c3fc46af54caed318314ad360db449a01f90c66_synthetic_heavy_hex_like_7q_transpiler,teleport,47,v0.4.0,6a9ea95959ada3b9eb58a4396c3fc46af54caed318314ad360db449a01f90c66_synthetic_heavy_hex_like_7q_transpiler_47,3,3,23,1.2802740000000002e-06,-33,0.0046190319990273565,True,,4.435684875175422e-15,1e-10,logical Operator.equiv + routed zero/3 random states,"[3, 0]"
2,1.5,0.2,3,symmetry,6a9ea95959ada3b9eb58a4396c3fc46af54caed318314ad360db449a01f90c66,ca6de5a0c9a094b786fcd8825347e1818fed49cb0f89a759cd0593c9592c8756,127,97,91,36,7,1.4285714285714286,1,1.0,1,1,7,8,2.2857142857142856,3,1.8095238095238095,1.0,1.0,1,prospective,synthetic_irregular_7q_favorable,irregular,favorable,SYNTHETIC_TARGET,"{""edges"": [[0, 1], [0, 3], [1, 0], [1, 2], [2, 1], [2, 3], [2, 6], [3, 0], [3, 2], [3, 4], [4, 3], [4, 5], [5, 4], [5, 6], [6, 2], [6, 5]], ""seed"": 7, ""basis"": [""id"", ""rz"", ""sx"", ""x"", ""ecr""], ""nodes"": 7}",c8b003a1553d070cddc2acc63823ce20487791b575f8614922ec632ce2dbf9e1,"[0, 1]",,identity proxy before selection when layout is transpiler,6a9ea95959ada3b9eb58a4396c3fc46af54caed318314ad360db449a01f90c66_synthetic_irregular_7q_favorable,basic,11,v0.4.0,6a9ea95959ada3b9eb58a4396c3fc46af54caed318314ad360db449a01f90c66_synthetic_irregular_7q_favorable_11,3,3,23,7.652340000000001e-07,-27,0.004743158002384007,True,,5.766099757109667e-15,1e-10,logical Operator.equiv + routed zero/3 random states,"[0, 1]"
2,1.5,0.2,3,symmetry,6a9ea95959ada3b9eb58a4396c3fc46af54caed318314ad360db449a01f90c66,ca6de5a0c9a094b786fcd8825347e1818fed49cb0f89a759cd0593c9592c8756,127,97,91,36,7,1.4285714285714286,1,1.0,1,1,7,8,2.2857142857142856,3,1.8095238095238095,1.0,1.0,1,prospective,synthetic_irregular_7q_favorable,irregular,favorable,SYNTHETIC_TARGET,"{""edges"": [[0, 1], [0, 3], [1, 0], [1, 2], [2, 1], [2, 3], [2, 6], [3, 0], [3, 2], [3, 4], [4, 3], [4, 5], [5, 4], [5, 6], [6, 2], [6, 5]], ""seed"": 7, ""basis"": [""id"", ""rz"", ""sx"", ""x"", ""ecr""], ""nodes"": 7}",c8b003a1553d070cddc2acc63823ce20487791b575f8614922ec632ce2dbf9e1,"[0, 1]",,identity proxy before selection when layout is transpiler,6a9ea95959ada3b9eb58a4396c3fc46af54caed318314ad360db449a01f90c66_synthetic_irregular_7q_favorable,teleport,11,v0.4.0,6a9ea95959ada3b9eb58a4396c3fc46af54caed318314ad360db449a01f90c66_synthetic_irregular_7q_favorable_11,3,3,23,7.652340000000001e-07,-33,0.004683206003392115,True,,4.496060575246782e-15,1e-10,logical Operator.equiv + routed zero/3 random states,"[0, 1]"
2,1.5,0.2,3,symmetry,6a9ea95959ada3b9eb58a4396c3fc46af54caed318314ad360db449a01f90c66,ca6de5a0c9a094b786fcd8825347e1818fed49cb0f89a759cd0593c9592c8756,127,97,91,36,7,1.4285714285714286,1,1.0,1,1,7,8,2.2857142857142856,3,1.8095238095238095,1.0,1.0,1,prospective,synthetic_irregular_7q_favorable,irregular,favorable,SYNTHETIC_TARGET,"{""edges"": [[0, 1], [0, 3], [1, 0], [1, 2], [2, 1], [2, 3], [2, 6], [3, 0], [3, 2], [3, 4], [4, 3], [4, 5], [5, 4], [5, 6], [6, 2], [6, 5]], ""seed"": 7, ""basis"": [""id"", ""rz"", ""sx"", ""x"", ""ecr""], ""nodes"": 7}",c8b003a1553d070cddc2acc63823ce20487791b575f8614922ec632ce2dbf9e1,"[0, 1]",,identity proxy before selection when layout is transpiler,6a9ea95959ada3b9eb58a4396c3fc46af54caed318314ad360db449a01f90c66_synthetic_irregular_7q_favorable,basic,19,v0.4.0,6a9ea95959ada3b9eb58a4396c3fc46af54caed318314ad360db449a01f90c66_synthetic_irregular_7q_favorable_19,3,3,23,7.652340000000001e-07,-27,0.004419368000526447,True,,5.766099757109667e-15,1e-10,logical Operator.equiv + routed zero/3 random states,"[0, 1]"
2,1.5,0.2,3,symmetry,6a9ea95959ada3b9eb58a4396c3fc46af54caed318314ad360db449a01f90c66,ca6de5a0c9a094b786fcd8825347e1818fed49cb0f89a759cd0593c9592c8756,127,97,91,36,7,1.4285714285714286,1,1.0,1,1,7,8,2.2857142857142856,3,1.8095238095238095,1.0,1.0,1,prospective,synthetic_irregular_7q_favorable,irregular,favorable,SYNTHETIC_TARGET,"{""edges"": [[0, 1], [0, 3], [1, 0], [1, 2], [2, 1], [2, 3], [2, 6], [3, 0], [3, 2], [3, 4], [4, 3], [4, 5], [5, 4], [5, 6], [6, 2], [6, 5]], ""seed"": 7, ""basis"": [""id"", ""rz"", ""sx"", ""x"", ""ecr""], ""nodes"": 7}",c8b003a1553d070cddc2acc63823ce20487791b575f8614922ec632ce2dbf9e1,"[0, 1]",,identity proxy before selection when layout is transpiler,6a9ea95959ada3b9eb58a4396c3fc46af54caed318314ad360db449a01f90c66_synthetic_irregular_7q_favorable,teleport,19,v0.4.0,6a9ea95959ada3b9eb58a4396c3fc46af54caed318314ad360db449a01f90c66_synthetic_irregular_7q_favorable_19,3,3,23,7.652340000000001e-07,-33,0.004716388997621834,True,,4.496060575246782e-15,1e-10,logical Operator.equiv + routed zero/3 random states,"[0, 1]"
2,1.5,0.2,3,symmetry,6a9ea95959ada3b9eb58a4396c3fc46af54caed318314ad360db449a01f90c66,ca6de5a0c9a094b786fcd8825347e1818fed49cb0f89a759cd0593c9592c8756,127,97,91,36,7,1.4285714285714286,1,1.0,1,1,7,8,2.2857142857142856,3,1.8095238095238095,1.0,1.0,1,prospective,synthetic_irregular_7q_favorable,irregular,favorable,SYNTHETIC_TARGET,"{""edges"": [[0, 1], [0, 3], [1, 0], [1, 2], [2, 1], [2, 3], [2, 6], [3, 0], [3, 2], [3, 4], [4, 3], [4, 5], [5, 4], [5, 6], [6, 2], [6, 5]], ""seed"": 7, ""basis"": [""id"", ""rz"", ""sx"", ""x"", ""ecr""], ""nodes"": 7}",c8b003a1553d070cddc2acc63823ce20487791b575f8614922ec632ce2dbf9e1,"[0, 1]",,identity proxy before selection when layout is transpiler,6a9ea95959ada3b9eb58a4396c3fc46af54caed318314ad360db449a01f90c66_synthetic_irregular_7q_favorable,basic,29,v0.4.0,6a9ea95959ada3b9eb58a4396c3fc46af54caed318314ad360db449a01f90c66_synthetic_irregular_7q_favorable_29,3,3,23,7.652340000000001e-07,-27,0.004680139005358797,True,,5.766099757109667e-15,1e-10,logical Operator.equiv + routed zero/3 random states,"[0, 1]"
2,1.5,0.2,3,symmetry,6a9ea95959ada3b9eb58a4396c3fc46af54caed318314ad360db449a01f90c66,ca6de5a0c9a094b786fcd8825347e1818fed49cb0f89a759cd0593c9592c8756,127,97,91,36,7,1.4285714285714286,1,1.0,1,1,7,8,2.2857142857142856,3,1.8095238095238095,1.0,1.0,1,prospective,synthetic_irregular_7q_favorable,irregular,favorable,SYNTHETIC_TARGET,"{""edges"": [[0, 1], [0, 3], [1, 0], [1, 2], [2, 1], [2, 3], [2, 6], [3, 0], [3, 2], [3, 4], [4, 3], [4, 5], [5, 4], [5, 6], [6, 2], [6, 5]], ""seed"": 7, ""basis"": [""id"", ""rz"", ""sx"", ""x"", ""ecr""], ""nodes"": 7}",c8b003a1553d070cddc2acc63823ce20487791b575f8614922ec632ce2dbf9e1,"[0, 1]",,identity proxy before selection when layout is transpiler,6a9ea95959ada3b9eb58a4396c3fc46af54caed318314ad360db449a01f90c66_synthetic_irregular_7q_favorable,teleport,29,v0.4.0,6a9ea95959ada3b9eb58a4396c3fc46af54caed318314ad360db449a01f90c66_synthetic_irregular_7q_favorable_29,3,3,23,7.652340000000001e-07,-33,0.004485523997573182,True,,4.496060575246782e-15,1e-10,logical Operator.equiv + routed zero/3 random states,"[0, 1]"
2,1.5,0.2,3,symmetry,6a9ea95959ada3b9eb58a4396c3fc46af54caed318314ad360db449a01f90c66,ca6de5a0c9a094b786fcd8825347e1818fed49cb0f89a759cd0593c9592c8756,127,97,91,36,7,1.4285714285714286,1,1.0,1,1,7,8,2.2857142857142856,3,1.8095238095238095,1.0,1.0,1,prospective,synthetic_irregular_7q_favorable,irregular,favorable,SYNTHETIC_TARGET,"{""edges"": [[0, 1], [0, 3], [1, 0], [1, 2], [2, 1], [2, 3], [2, 6], [3, 0], [3, 2], [3, 4], [4, 3], [4, 5], [5, 4], [5, 6], [6, 2], [6, 5]], ""seed"": 7, ""basis"": [""id"", ""rz"", ""sx"", ""x"", ""ecr""], ""nodes"": 7}",c8b003a1553d070cddc2acc63823ce20487791b575f8614922ec632ce2dbf9e1,"[0, 1]",,identity proxy before selection when layout is transpiler,6a9ea95959ada3b9eb58a4396c3fc46af54caed318314ad360db449a01f90c66_synthetic_irregular_7q_favorable,basic,37,v0.4.0,6a9ea95959ada3b9eb58a4396c3fc46af54caed318314ad360db449a01f90c66_synthetic_irregular_7q_favorable_37,3,3,23,7.652340000000001e-07,-27,0.004207158002827782,True,,5.766099757109667e-15,1e-10,logical Operator.equiv + routed zero/3 random states,"[0, 1]"
2,1.5,0.2,3,symmetry,6a9ea95959ada3b9eb58a4396c3fc46af54caed318314ad360db449a01f90c66,ca6de5a0c9a094b786fcd8825347e1818fed49cb0f89a759cd0593c9592c8756,127,97,91,36,7,1.4285714285714286,1,1.0,1,1,7,8,2.2857142857142856,3,1.8095238095238095,1.0,1.0,1,prospective,synthetic_irregular_7q_favorable,irregular,favorable,SYNTHETIC_TARGET,"{""edges"": [[0, 1], [0, 3], [1, 0], [1, 2], [2, 1], [2, 3], [2, 6], [3, 0], [3, 2], [3, 4], [4, 3], [4, 5], [5, 4], [5, 6], [6, 2], [6, 5]], ""seed"": 7, ""basis"": [""id"", ""rz"", ""sx"", ""x"", ""ecr""], ""nodes"": 7}",c8b003a1553d070cddc2acc63823ce20487791b575f8614922ec632ce2dbf9e1,"[0, 1]",,identity proxy before selection when layout is transpiler,6a9ea95959ada3b9eb58a4396c3fc46af54caed318314ad360db449a01f90c66_synthetic_irregular_7q_favorable,teleport,37,v0.4.0,6a9ea95959ada3b9eb58a4396c3fc46af54caed318314ad360db449a01f90c66_synthetic_irregular_7q_favorable_37,3,3,23,7.652340000000001e-07,-33,0.004586627997923642,True,,4.496060575246782e-15,1e-10,logical Operator.equiv + routed zero/3 random states,"[0, 1]"
2,1.5,0.2,3,symmetry,6a9ea95959ada3b9eb58a4396c3fc46af54caed318314ad360db449a01f90c66,ca6de5a0c9a094b786fcd8825347e1818fed49cb0f89a759cd0593c9592c8756,127,97,91,36,7,1.4285714285714286,1,1.0,1,1,7,8,2.2857142857142856,3,1.8095238095238095,1.0,1.0,1,prospective,synthetic_irregular_7q_favorable,irregular,favorable,SYNTHETIC_TARGET,"{""edges"": [[0, 1], [0, 3], [1, 0], [1, 2], [2, 1], [2, 3], [2, 6], [3, 0], [3, 2], [3, 4], [4, 3], [4, 5], [5, 4], [5, 6], [6, 2], [6, 5]], ""seed"": 7, ""basis"": [""id"", ""rz"", ""sx"", ""x"", ""ecr""], ""nodes"": 7}",c8b003a1553d070cddc2acc63823ce20487791b575f8614922ec632ce2dbf9e1,"[0, 1]",,identity proxy before selection when layout is transpiler,6a9ea95959ada3b9eb58a4396c3fc46af54caed318314ad360db449a01f90c66_synthetic_irregular_7q_favorable,basic,47,v0.4.0,6a9ea95959ada3b9eb58a4396c3fc46af54caed318314ad360db449a01f90c66_synthetic_irregular_7q_favorable_47,3,3,23,7.652340000000001e-07,-27,0.004532648999884259,True,,5.766099757109667e-15,1e-10,logical Operator.equiv + routed zero/3 random states,"[0, 1]"
2,1.5,0.2,3,symmetry,6a9ea95959ada3b9eb58a4396c3fc46af54caed318314ad360db449a01f90c66,ca6de5a0c9a094b786fcd8825347e1818fed49cb0f89a759cd0593c9592c8756,127,97,91,36,7,1.4285714285714286,1,1.0,1,1,7,8,2.2857142857142856,3,1.8095238095238095,1.0,1.0,1,prospective,synthetic_irregular_7q_favorable,irregular,favorable,SYNTHETIC_TARGET,"{""edges"": [[0, 1], [0, 3], [1, 0], [1, 2], [2, 1], [2, 3], [2, 6], [3, 0], [3, 2], [3, 4], [4, 3], [4, 5], [5, 4], [5, 6], [6, 2], [6, 5]], ""seed"": 7, ""basis"": [""id"", ""rz"", ""sx"", ""x"", ""ecr""], ""nodes"": 7}",c8b003a1553d070cddc2acc63823ce20487791b575f8614922ec632ce2dbf9e1,"[0, 1]",,identity proxy before selection when layout is transpiler,6a9ea95959ada3b9eb58a4396c3fc46af54caed318314ad360db449a01f90c66_synthetic_irregular_7q_favorable,teleport,47,v0.4.0,6a9ea95959ada3b9eb58a4396c3fc46af54caed318314ad360db449a01f90c66_synthetic_irregular_7q_favorable_47,3,3,23,7.652340000000001e-07,-33,0.004506712000875268,True,,4.496060575246782e-15,1e-10,logical Operator.equiv + routed zero/3 random states,"[0, 1]"
2,1.5,0.2,3,symmetry,6a9ea95959ada3b9eb58a4396c3fc46af54caed318314ad360db449a01f90c66,ca6de5a0c9a094b786fcd8825347e1818fed49cb0f89a759cd0593c9592c8756,127,97,91,36,7,1.4285714285714286,1,1.0,1,1,7,8,2.2857142857142856,3,1.8095238095238095,3.0,3.0,1,prospective,synthetic_irregular_7q_spread,irregular,spread,SYNTHETIC_TARGET,"{""edges"": [[0, 1], [0, 3], [1, 0], [1, 2], [2, 1], [2, 3], [2, 6], [3, 0], [3, 2], [3, 4], [4, 3], [4, 5], [5, 4], [5, 6], [6, 2], [6, 5]], ""seed"": 7, ""basis"": [""id"", ""rz"", ""sx"", ""x"", ""ecr""], ""nodes"": 7}",c8b003a1553d070cddc2acc63823ce20487791b575f8614922ec632ce2dbf9e1,"[0, 5]",,identity proxy before selection when layout is transpiler,6a9ea95959ada3b9eb58a4396c3fc46af54caed318314ad360db449a01f90c66_synthetic_irregular_7q_spread,basic,11,v0.4.0,6a9ea95959ada3b9eb58a4396c3fc46af54caed318314ad360db449a01f90c66_synthetic_irregular_7q_spread_11,9,6,40,2.6300340000000003e-06,-21,0.0052768879977520555,True,,4.491946442396235e-15,1e-10,logical Operator.equiv + routed zero/3 random states,"[3, 4]"
2,1.5,0.2,3,symmetry,6a9ea95959ada3b9eb58a4396c3fc46af54caed318314ad360db449a01f90c66,ca6de5a0c9a094b786fcd8825347e1818fed49cb0f89a759cd0593c9592c8756,127,97,91,36,7,1.4285714285714286,1,1.0,1,1,7,8,2.2857142857142856,3,1.8095238095238095,3.0,3.0,1,prospective,synthetic_irregular_7q_spread,irregular,spread,SYNTHETIC_TARGET,"{""edges"": [[0, 1], [0, 3], [1, 0], [1, 2], [2, 1], [2, 3], [2, 6], [3, 0], [3, 2], [3, 4], [4, 3], [4, 5], [5, 4], [5, 6], [6, 2], [6, 5]], ""seed"": 7, ""basis"": [""id"", ""rz"", ""sx"", ""x"", ""ecr""], ""nodes"": 7}",c8b003a1553d070cddc2acc63823ce20487791b575f8614922ec632ce2dbf9e1,"[0, 5]",,identity proxy before selection when layout is transpiler,6a9ea95959ada3b9eb58a4396c3fc46af54caed318314ad360db449a01f90c66_synthetic_irregular_7q_spread,teleport,11,v0.4.0,6a9ea95959ada3b9eb58a4396c3fc46af54caed318314ad360db449a01f90c66_synthetic_irregular_7q_spread_11,9,6,40,2.6300340000000003e-06,-27,0.00541483900451567,True,,3.4870548170172566e-15,1e-10,logical Operator.equiv + routed zero/3 random states,"[3, 4]"
2,1.5,0.2,3,symmetry,6a9ea95959ada3b9eb58a4396c3fc46af54caed318314ad360db449a01f90c66,ca6de5a0c9a094b786fcd8825347e1818fed49cb0f89a759cd0593c9592c8756,127,97,91,36,7,1.4285714285714286,1,1.0,1,1,7,8,2.2857142857142856,3,1.8095238095238095,3.0,3.0,1,prospective,synthetic_irregular_7q_spread,irregular,spread,SYNTHETIC_TARGET,"{""edges"": [[0, 1], [0, 3], [1, 0], [1, 2], [2, 1], [2, 3], [2, 6], [3, 0], [3, 2], [3, 4], [4, 3], [4, 5], [5, 4], [5, 6], [6, 2], [6, 5]], ""seed"": 7, ""basis"": [""id"", ""rz"", ""sx"", ""x"", ""ecr""], ""nodes"": 7}",c8b003a1553d070cddc2acc63823ce20487791b575f8614922ec632ce2dbf9e1,"[0, 5]",,identity proxy before selection when layout is transpiler,6a9ea95959ada3b9eb58a4396c3fc46af54caed318314ad360db449a01f90c66_synthetic_irregular_7q_spread,basic,19,v0.4.0,6a9ea95959ada3b9eb58a4396c3fc46af54caed318314ad360db449a01f90c66_synthetic_irregular_7q_spread_19,9,6,40,2.6300340000000003e-06,-21,0.004952887997205835,True,,4.491946442396235e-15,1e-10,logical Operator.equiv + routed zero/3 random states,"[3, 4]"
2,1.5,0.2,3,symmetry,6a9ea95959ada3b9eb58a4396c3fc46af54caed318314ad360db449a01f90c66,ca6de5a0c9a094b786fcd8825347e1818fed49cb0f89a759cd0593c9592c8756,127,97,91,36,7,1.4285714285714286,1,1.0,1,1,7,8,2.2857142857142856,3,1.8095238095238095,3.0,3.0,1,prospective,synthetic_irregular_7q_spread,irregular,spread,SYNTHETIC_TARGET,"{""edges"": [[0, 1], [0, 3], [1, 0], [1, 2], [2, 1], [2, 3], [2, 6], [3, 0], [3, 2], [3, 4], [4, 3], [4, 5], [5, 4], [5, 6], [6, 2], [6, 5]], ""seed"": 7, ""basis"": [""id"", ""rz"", ""sx"", ""x"", ""ecr""], ""nodes"": 7}",c8b003a1553d070cddc2acc63823ce20487791b575f8614922ec632ce2dbf9e1,"[0, 5]",,identity proxy before selection when layout is transpiler,6a9ea95959ada3b9eb58a4396c3fc46af54caed318314ad360db449a01f90c66_synthetic_irregular_7q_spread,teleport,19,v0.4.0,6a9ea95959ada3b9eb58a4396c3fc46af54caed318314ad360db449a01f90c66_synthetic_irregular_7q_spread_19,9,6,40,2.6300340000000003e-06,-27,0.005261304002488032,True,,3.4870548170172566e-15,1e-10,logical Operator.equiv + routed zero/3 random states,"[3, 4]"
2,1.5,0.2,3,symmetry,6a9ea95959ada3b9eb58a4396c3fc46af54caed318314ad360db449a01f90c66,ca6de5a0c9a094b786fcd8825347e1818fed49cb0f89a759cd0593c9592c8756,127,97,91,36,7,1.4285714285714286,1,1.0,1,1,7,8,2.2857142857142856,3,1.8095238095238095,3.0,3.0,1,prospective,synthetic_irregular_7q_spread,irregular,spread,SYNTHETIC_TARGET,"{""edges"": [[0, 1], [0, 3], [1, 0], [1, 2], [2, 1], [2, 3], [2, 6], [3, 0], [3, 2], [3, 4], [4, 3], [4, 5], [5, 4], [5, 6], [6, 2], [6, 5]], ""seed"": 7, ""basis"": [""id"", ""rz"", ""sx"", ""x"", ""ecr""], ""nodes"": 7}",c8b003a1553d070cddc2acc63823ce20487791b575f8614922ec632ce2dbf9e1,"[0, 5]",,identity proxy before selection when layout is transpiler,6a9ea95959ada3b9eb58a4396c3fc46af54caed318314ad360db449a01f90c66_synthetic_irregular_7q_spread,basic,29,v0.4.0,6a9ea95959ada3b9eb58a4396c3fc46af54caed318314ad360db449a01f90c66_synthetic_irregular_7q_spread_29,9,6,40,2.6300340000000003e-06,-21,0.005497718993865419,True,,4.491946442396235e-15,1e-10,logical Operator.equiv + routed zero/3 random states,"[3, 4]"
2,1.5,0.2,3,symmetry,6a9ea95959ada3b9eb58a4396c3fc46af54caed318314ad360db449a01f90c66,ca6de5a0c9a094b786fcd8825347e1818fed49cb0f89a759cd0593c9592c8756,127,97,91,36,7,1.4285714285714286,1,1.0,1,1,7,8,2.2857142857142856,3,1.8095238095238095,3.0,3.0,1,prospective,synthetic_irregular_7q_spread,irregular,spread,SYNTHETIC_TARGET,"{""edges"": [[0, 1], [0, 3], [1, 0], [1, 2], [2, 1], [2, 3], [2, 6], [3, 0], [3, 2], [3, 4], [4, 3], [4, 5], [5, 4], [5, 6], [6, 2], [6, 5]], ""seed"": 7, ""basis"": [""id"", ""rz"", ""sx"", ""x"", ""ecr""], ""nodes"": 7}",c8b003a1553d070cddc2acc63823ce20487791b575f8614922ec632ce2dbf9e1,"[0, 5]",,identity proxy before selection when layout is transpiler,6a9ea95959ada3b9eb58a4396c3fc46af54caed318314ad360db449a01f90c66_synthetic_irregular_7q_spread,teleport,29,v0.4.0,6a9ea95959ada3b9eb58a4396c3fc46af54caed318314ad360db449a01f90c66_synthetic_irregular_7q_spread_29,9,6,40,2.6300340000000003e-06,-27,0.005058365000877529,True,,3.4870548170172566e-15,1e-10,logical Operator.equiv + routed zero/3 random states,"[3, 4]"
2,1.5,0.2,3,symmetry,6a9ea95959ada3b9eb58a4396c3fc46af54caed318314ad360db449a01f90c66,ca6de5a0c9a094b786fcd8825347e1818fed49cb0f89a759cd0593c9592c8756,127,97,91,36,7,1.4285714285714286,1,1.0,1,1,7,8,2.2857142857142856,3,1.8095238095238095,3.0,3.0,1,prospective,synthetic_irregular_7q_spread,irregular,spread,SYNTHETIC_TARGET,"{""edges"": [[0, 1], [0, 3], [1, 0], [1, 2], [2, 1], [2, 3], [2, 6], [3, 0], [3, 2], [3, 4], [4, 3], [4, 5], [5, 4], [5, 6], [6, 2], [6, 5]], ""seed"": 7, ""basis"": [""id"", ""rz"", ""sx"", ""x"", ""ecr""], ""nodes"": 7}",c8b003a1553d070cddc2acc63823ce20487791b575f8614922ec632ce2dbf9e1,"[0, 5]",,identity proxy before selection when layout is transpiler,6a9ea95959ada3b9eb58a4396c3fc46af54caed318314ad360db449a01f90c66_synthetic_irregular_7q_spread,basic,37,v0.4.0,6a9ea95959ada3b9eb58a4396c3fc46af54caed318314ad360db449a01f90c66_synthetic_irregular_7q_spread_37,9,6,40,2.6300340000000003e-06,-21,0.005530270005692728,True,,4.491946442396235e-15,1e-10,logical Operator.equiv + routed zero/3 random states,"[3, 4]"
2,1.5,0.2,3,symmetry,6a9ea95959ada3b9eb58a4396c3fc46af54caed318314ad360db449a01f90c66,ca6de5a0c9a094b786fcd8825347e1818fed49cb0f89a759cd0593c9592c8756,127,97,91,36,7,1.4285714285714286,1,1.0,1,1,7,8,2.2857142857142856,3,1.8095238095238095,3.0,3.0,1,prospective,synthetic_irregular_7q_spread,irregular,spread,SYNTHETIC_TARGET,"{""edges"": [[0, 1], [0, 3], [1, 0], [1, 2], [2, 1], [2, 3], [2, 6], [3, 0], [3, 2], [3, 4], [4, 3], [4, 5], [5, 4], [5, 6], [6, 2], [6, 5]], ""seed"": 7, ""basis"": [""id"", ""rz"", ""sx"", ""x"", ""ecr""], ""nodes"": 7}",c8b003a1553d070cddc2acc63823ce20487791b575f8614922ec632ce2dbf9e1,"[0, 5]",,identity proxy before selection when layout is transpiler,6a9ea95959ada3b9eb58a4396c3fc46af54caed318314ad360db449a01f90c66_synthetic_irregular_7q_spread,teleport,37,v0.4.0,6a9ea95959ada3b9eb58a4396c3fc46af54caed318314ad360db449a01f90c66_synthetic_irregular_7q_spread_37,9,6,40,2.6300340000000003e-06,-27,0.005211736999626737,True,,3.4870548170172566e-15,1e-10,logical Operator.equiv + routed zero/3 random states,"[3, 4]"
2,1.5,0.2,3,symmetry,6a9ea95959ada3b9eb58a4396c3fc46af54caed318314ad360db449a01f90c66,ca6de5a0c9a094b786fcd8825347e1818fed49cb0f89a759cd0593c9592c8756,127,97,91,36,7,1.4285714285714286,1,1.0,1,1,7,8,2.2857142857142856,3,1.8095238095238095,3.0,3.0,1,prospective,synthetic_irregular_7q_spread,irregular,spread,SYNTHETIC_TARGET,"{""edges"": [[0, 1], [0, 3], [1, 0], [1, 2], [2, 1], [2, 3], [2, 6], [3, 0], [3, 2], [3, 4], [4, 3], [4, 5], [5, 4], [5, 6], [6, 2], [6, 5]], ""seed"": 7, ""basis"": [""id"", ""rz"", ""sx"", ""x"", ""ecr""], ""nodes"": 7}",c8b003a1553d070cddc2acc63823ce20487791b575f8614922ec632ce2dbf9e1,"[0, 5]",,identity proxy before selection when layout is transpiler,6a9ea95959ada3b9eb58a4396c3fc46af54caed318314ad360db449a01f90c66_synthetic_irregular_7q_spread,basic,47,v0.4.0,6a9ea95959ada3b9eb58a4396c3fc46af54caed318314ad360db449a01f90c66_synthetic_irregular_7q_spread_47,9,6,40,2.6300340000000003e-06,-21,0.00530929199885577,True,,4.491946442396235e-15,1e-10,logical Operator.equiv + routed zero/3 random states,"[3, 4]"
2,1.5,0.2,3,symmetry,6a9ea95959ada3b9eb58a4396c3fc46af54caed318314ad360db449a01f90c66,ca6de5a0c9a094b786fcd8825347e1818fed49cb0f89a759cd0593c9592c8756,127,97,91,36,7,1.4285714285714286,1,1.0,1,1,7,8,2.2857142857142856,3,1.8095238095238095,3.0,3.0,1,prospective,synthetic_irregular_7q_spread,irregular,spread,SYNTHETIC_TARGET,"{""edges"": [[0, 1], [0, 3], [1, 0], [1, 2], [2, 1], [2, 3], [2, 6], [3, 0], [3, 2], [3, 4], [4, 3], [4, 5], [5, 4], [5, 6], [6, 2], [6, 5]], ""seed"": 7, ""basis"": [""id"", ""rz"", ""sx"", ""x"", ""ecr""], ""nodes"": 7}",c8b003a1553d070cddc2acc63823ce20487791b575f8614922ec632ce2dbf9e1,"[0, 5]",,identity proxy before selection when layout is transpiler,6a9ea95959ada3b9eb58a4396c3fc46af54caed318314ad360db449a01f90c66_synthetic_irregular_7q_spread,teleport,47,v0.4.0,6a9ea95959ada3b9eb58a4396c3fc46af54caed318314ad360db449a01f90c66_synthetic_irregular_7q_spread_47,9,6,40,2.6300340000000003e-06,-27,0.005106641001475509,True,,3.4870548170172566e-15,1e-10,logical Operator.equiv + routed zero/3 random states,"[3, 4]"
4,1.5,0.2,3,current,2b5e0ed483cc3050468f9dbe07ba775d3779a0f5f0b1d9721b5967992a9fa793,7053dcfa4d49723c39c3271f3f1855d8cc4ee612ed86840eb385db0a6e2af18b,415,294,259,156,19,1.6842105263157894,3,1.5,2,1,6,5,1.6666666666666667,5,2.3333333333333335,1.0,1.0,1,prospective,synthetic_line_6q_favorable,line,favorable,SYNTHETIC_TARGET,"{""edges"": [[0, 1], [1, 0], [1, 2], [2, 1], [2, 3], [3, 2], [3, 4], [4, 3], [4, 5], [5, 4]], ""seed"": 7, ""basis"": [""id"", ""rz"", ""sx"", ""x"", ""ecr""], ""nodes"": 6}",ccfecec17e274607ed29176fa4c2a758de445cb0e2e85ddcc1bbcb36bd80dcb3,"[0, 1, 2, 3]",,identity proxy before selection when layout is transpiler,2b5e0ed483cc3050468f9dbe07ba775d3779a0f5f0b1d9721b5967992a9fa793_synthetic_line_6q_favorable,basic,11,v0.4.0,2b5e0ed483cc3050468f9dbe07ba775d3779a0f5f0b1d9721b5967992a9fa793_synthetic_line_6q_favorable_11,98,86,339,5.926445399999994e-05,-34,0.007740631001070142,True,,3.561701459081009e-14,1e-10,logical Operator.equiv + routed zero/3 random states,"[0, 1, 2, 3]"
4,1.5,0.2,3,current,2b5e0ed483cc3050468f9dbe07ba775d3779a0f5f0b1d9721b5967992a9fa793,7053dcfa4d49723c39c3271f3f1855d8cc4ee612ed86840eb385db0a6e2af18b,415,294,259,156,19,1.6842105263157894,3,1.5,2,1,6,5,1.6666666666666667,5,2.3333333333333335,1.0,1.0,1,prospective,synthetic_line_6q_favorable,line,favorable,SYNTHETIC_TARGET,"{""edges"": [[0, 1], [1, 0], [1, 2], [2, 1], [2, 3], [3, 2], [3, 4], [4, 3], [4, 5], [5, 4]], ""seed"": 7, ""basis"": [""id"", ""rz"", ""sx"", ""x"", ""ecr""], ""nodes"": 6}",ccfecec17e274607ed29176fa4c2a758de445cb0e2e85ddcc1bbcb36bd80dcb3,"[0, 1, 2, 3]",,identity proxy before selection when layout is transpiler,2b5e0ed483cc3050468f9dbe07ba775d3779a0f5f0b1d9721b5967992a9fa793_synthetic_line_6q_favorable,teleport,11,v0.4.0,2b5e0ed483cc3050468f9dbe07ba775d3779a0f5f0b1d9721b5967992a9fa793_synthetic_line_6q_favorable_11,96,84,298,6.148978199999996e-05,-60,0.0071755989993107505,True,,4.0425841051012986e-14,1e-10,logical Operator.equiv + routed zero/3 random states,"[0, 1, 2, 3]"
4,1.5,0.2,3,current,2b5e0ed483cc3050468f9dbe07ba775d3779a0f5f0b1d9721b5967992a9fa793,7053dcfa4d49723c39c3271f3f1855d8cc4ee612ed86840eb385db0a6e2af18b,415,294,259,156,19,1.6842105263157894,3,1.5,2,1,6,5,1.6666666666666667,5,2.3333333333333335,1.0,1.0,1,prospective,synthetic_line_6q_favorable,line,favorable,SYNTHETIC_TARGET,"{""edges"": [[0, 1], [1, 0], [1, 2], [2, 1], [2, 3], [3, 2], [3, 4], [4, 3], [4, 5], [5, 4]], ""seed"": 7, ""basis"": [""id"", ""rz"", ""sx"", ""x"", ""ecr""], ""nodes"": 6}",ccfecec17e274607ed29176fa4c2a758de445cb0e2e85ddcc1bbcb36bd80dcb3,"[0, 1, 2, 3]",,identity proxy before selection when layout is transpiler,2b5e0ed483cc3050468f9dbe07ba775d3779a0f5f0b1d9721b5967992a9fa793_synthetic_line_6q_favorable,basic,19,v0.4.0,2b5e0ed483cc3050468f9dbe07ba775d3779a0f5f0b1d9721b5967992a9fa793_synthetic_line_6q_favorable_19,98,86,339,5.926445399999994e-05,-34,0.006917039994732477,True,,3.561701459081009e-14,1e-10,logical Operator.equiv + routed zero/3 random states,"[0, 1, 2, 3]"
4,1.5,0.2,3,current,2b5e0ed483cc3050468f9dbe07ba775d3779a0f5f0b1d9721b5967992a9fa793,7053dcfa4d49723c39c3271f3f1855d8cc4ee612ed86840eb385db0a6e2af18b,415,294,259,156,19,1.6842105263157894,3,1.5,2,1,6,5,1.6666666666666667,5,2.3333333333333335,1.0,1.0,1,prospective,synthetic_line_6q_favorable,line,favorable,SYNTHETIC_TARGET,"{""edges"": [[0, 1], [1, 0], [1, 2], [2, 1], [2, 3], [3, 2], [3, 4], [4, 3], [4, 5], [5, 4]], ""seed"": 7, ""basis"": [""id"", ""rz"", ""sx"", ""x"", ""ecr""], ""nodes"": 6}",ccfecec17e274607ed29176fa4c2a758de445cb0e2e85ddcc1bbcb36bd80dcb3,"[0, 1, 2, 3]",,identity proxy before selection when layout is transpiler,2b5e0ed483cc3050468f9dbe07ba775d3779a0f5f0b1d9721b5967992a9fa793_synthetic_line_6q_favorable,teleport,19,v0.4.0,2b5e0ed483cc3050468f9dbe07ba775d3779a0f5f0b1d9721b5967992a9fa793_synthetic_line_6q_favorable_19,96,84,298,6.148978199999996e-05,-60,0.0071656130021438,True,,4.0425841051012986e-14,1e-10,logical Operator.equiv + routed zero/3 random states,"[0, 1, 2, 3]"
4,1.5,0.2,3,current,2b5e0ed483cc3050468f9dbe07ba775d3779a0f5f0b1d9721b5967992a9fa793,7053dcfa4d49723c39c3271f3f1855d8cc4ee612ed86840eb385db0a6e2af18b,415,294,259,156,19,1.6842105263157894,3,1.5,2,1,6,5,1.6666666666666667,5,2.3333333333333335,1.0,1.0,1,prospective,synthetic_line_6q_favorable,line,favorable,SYNTHETIC_TARGET,"{""edges"": [[0, 1], [1, 0], [1, 2], [2, 1], [2, 3], [3, 2], [3, 4], [4, 3], [4, 5], [5, 4]], ""seed"": 7, ""basis"": [""id"", ""rz"", ""sx"", ""x"", ""ecr""], ""nodes"": 6}",ccfecec17e274607ed29176fa4c2a758de445cb0e2e85ddcc1bbcb36bd80dcb3,"[0, 1, 2, 3]",,identity proxy before selection when layout is transpiler,2b5e0ed483cc3050468f9dbe07ba775d3779a0f5f0b1d9721b5967992a9fa793_synthetic_line_6q_favorable,basic,29,v0.4.0,2b5e0ed483cc3050468f9dbe07ba775d3779a0f5f0b1d9721b5967992a9fa793_synthetic_line_6q_favorable_29,98,86,339,5.926445399999994e-05,-34,0.007517140002164524,True,,3.561701459081009e-14,1e-10,logical Operator.equiv + routed zero/3 random states,"[0, 1, 2, 3]"
4,1.5,0.2,3,current,2b5e0ed483cc3050468f9dbe07ba775d3779a0f5f0b1d9721b5967992a9fa793,7053dcfa4d49723c39c3271f3f1855d8cc4ee612ed86840eb385db0a6e2af18b,415,294,259,156,19,1.6842105263157894,3,1.5,2,1,6,5,1.6666666666666667,5,2.3333333333333335,1.0,1.0,1,prospective,synthetic_line_6q_favorable,line,favorable,SYNTHETIC_TARGET,"{""edges"": [[0, 1], [1, 0], [1, 2], [2, 1], [2, 3], [3, 2], [3, 4], [4, 3], [4, 5], [5, 4]], ""seed"": 7, ""basis"": [""id"", ""rz"", ""sx"", ""x"", ""ecr""], ""nodes"": 6}",ccfecec17e274607ed29176fa4c2a758de445cb0e2e85ddcc1bbcb36bd80dcb3,"[0, 1, 2, 3]",,identity proxy before selection when layout is transpiler,2b5e0ed483cc3050468f9dbe07ba775d3779a0f5f0b1d9721b5967992a9fa793_synthetic_line_6q_favorable,teleport,29,v0.4.0,2b5e0ed483cc3050468f9dbe07ba775d3779a0f5f0b1d9721b5967992a9fa793_synthetic_line_6q_favorable_29,96,84,298,6.148978199999996e-05,-60,0.007112705003237352,True,,4.0425841051012986e-14,1e-10,logical Operator.equiv + routed zero/3 random states,"[0, 1, 2, 3]"
4,1.5,0.2,3,current,2b5e0ed483cc3050468f9dbe07ba775d3779a0f5f0b1d9721b5967992a9fa793,7053dcfa4d49723c39c3271f3f1855d8cc4ee612ed86840eb385db0a6e2af18b,415,294,259,156,19,1.6842105263157894,3,1.5,2,1,6,5,1.6666666666666667,5,2.3333333333333335,1.0,1.0,1,prospective,synthetic_line_6q_favorable,line,favorable,SYNTHETIC_TARGET,"{""edges"": [[0, 1], [1, 0], [1, 2], [2, 1], [2, 3], [3, 2], [3, 4], [4, 3], [4, 5], [5, 4]], ""seed"": 7, ""basis"": [""id"", ""rz"", ""sx"", ""x"", ""ecr""], ""nodes"": 6}",ccfecec17e274607ed29176fa4c2a758de445cb0e2e85ddcc1bbcb36bd80dcb3,"[0, 1, 2, 3]",,identity proxy before selection when layout is transpiler,2b5e0ed483cc3050468f9dbe07ba775d3779a0f5f0b1d9721b5967992a9fa793_synthetic_line_6q_favorable,basic,37,v0.4.0,2b5e0ed483cc3050468f9dbe07ba775d3779a0f5f0b1d9721b5967992a9fa793_synthetic_line_6q_favorable_37,98,86,339,5.926445399999994e-05,-34,0.007460303000698332,True,,3.561701459081009e-14,1e-10,logical Operator.equiv + routed zero/3 random states,"[0, 1, 2, 3]"
4,1.5,0.2,3,current,2b5e0ed483cc3050468f9dbe07ba775d3779a0f5f0b1d9721b5967992a9fa793,7053dcfa4d49723c39c3271f3f1855d8cc4ee612ed86840eb385db0a6e2af18b,415,294,259,156,19,1.6842105263157894,3,1.5,2,1,6,5,1.6666666666666667,5,2.3333333333333335,1.0,1.0,1,prospective,synthetic_line_6q_favorable,line,favorable,SYNTHETIC_TARGET,"{""edges"": [[0, 1], [1, 0], [1, 2], [2, 1], [2, 3], [3, 2], [3, 4], [4, 3], [4, 5], [5, 4]], ""seed"": 7, ""basis"": [""id"", ""rz"", ""sx"", ""x"", ""ecr""], ""nodes"": 6}",ccfecec17e274607ed29176fa4c2a758de445cb0e2e85ddcc1bbcb36bd80dcb3,"[0, 1, 2, 3]",,identity proxy before selection when layout is transpiler,2b5e0ed483cc3050468f9dbe07ba775d3779a0f5f0b1d9721b5967992a9fa793_synthetic_line_6q_favorable,teleport,37,v0.4.0,2b5e0ed483cc3050468f9dbe07ba775d3779a0f5f0b1d9721b5967992a9fa793_synthetic_line_6q_favorable_37,96,84,298,6.148978199999996e-05,-60,0.006945017994439695,True,,4.0425841051012986e-14,1e-10,logical Operator.equiv + routed zero/3 random states,"[0, 1, 2, 3]"
4,1.5,0.2,3,current,2b5e0ed483cc3050468f9dbe07ba775d3779a0f5f0b1d9721b5967992a9fa793,7053dcfa4d49723c39c3271f3f1855d8cc4ee612ed86840eb385db0a6e2af18b,415,294,259,156,19,1.6842105263157894,3,1.5,2,1,6,5,1.6666666666666667,5,2.3333333333333335,1.0,1.0,1,prospective,synthetic_line_6q_favorable,line,favorable,SYNTHETIC_TARGET,"{""edges"": [[0, 1], [1, 0], [1, 2], [2, 1], [2, 3], [3, 2], [3, 4], [4, 3], [4, 5], [5, 4]], ""seed"": 7, ""basis"": [""id"", ""rz"", ""sx"", ""x"", ""ecr""], ""nodes"": 6}",ccfecec17e274607ed29176fa4c2a758de445cb0e2e85ddcc1bbcb36bd80dcb3,"[0, 1, 2, 3]",,identity proxy before selection when layout is transpiler,2b5e0ed483cc3050468f9dbe07ba775d3779a0f5f0b1d9721b5967992a9fa793_synthetic_line_6q_favorable,basic,47,v0.4.0,2b5e0ed483cc3050468f9dbe07ba775d3779a0f5f0b1d9721b5967992a9fa793_synthetic_line_6q_favorable_47,98,86,339,5.926445399999994e-05,-34,0.007463418995030224,True,,3.561701459081009e-14,1e-10,logical Operator.equiv + routed zero/3 random states,"[0, 1, 2, 3]"
4,1.5,0.2,3,current,2b5e0ed483cc3050468f9dbe07ba775d3779a0f5f0b1d9721b5967992a9fa793,7053dcfa4d49723c39c3271f3f1855d8cc4ee612ed86840eb385db0a6e2af18b,415,294,259,156,19,1.6842105263157894,3,1.5,2,1,6,5,1.6666666666666667,5,2.3333333333333335,1.0,1.0,1,prospective,synthetic_line_6q_favorable,line,favorable,SYNTHETIC_TARGET,"{""edges"": [[0, 1], [1, 0], [1, 2], [2, 1], [2, 3], [3, 2], [3, 4], [4, 3], [4, 5], [5, 4]], ""seed"": 7, ""basis"": [""id"", ""rz"", ""sx"", ""x"", ""ecr""], ""nodes"": 6}",ccfecec17e274607ed29176fa4c2a758de445cb0e2e85ddcc1bbcb36bd80dcb3,"[0, 1, 2, 3]",,identity proxy before selection when layout is transpiler,2b5e0ed483cc3050468f9dbe07ba775d3779a0f5f0b1d9721b5967992a9fa793_synthetic_line_6q_favorable,teleport,47,v0.4.0,2b5e0ed483cc3050468f9dbe07ba775d3779a0f5f0b1d9721b5967992a9fa793_synthetic_line_6q_favorable_47,96,84,298,6.148978199999996e-05,-60,0.007086814002832398,True,,4.0425841051012986e-14,1e-10,logical Operator.equiv + routed zero/3 random states,"[0, 1, 2, 3]"
4,1.5,0.2,3,current,2b5e0ed483cc3050468f9dbe07ba775d3779a0f5f0b1d9721b5967992a9fa793,7053dcfa4d49723c39c3271f3f1855d8cc4ee612ed86840eb385db0a6e2af18b,415,294,259,156,19,1.6842105263157894,3,1.5,2,1,6,5,1.6666666666666667,5,2.3333333333333335,1.6153846153846154,2.0,1,prospective,synthetic_line_6q_spread,line,spread,SYNTHETIC_TARGET,"{""edges"": [[0, 1], [1, 0], [1, 2], [2, 1], [2, 3], [3, 2], [3, 4], [4, 3], [4, 5], [5, 4]], ""seed"": 7, ""basis"": [""id"", ""rz"", ""sx"", ""x"", ""ecr""], ""nodes"": 6}",ccfecec17e274607ed29176fa4c2a758de445cb0e2e85ddcc1bbcb36bd80dcb3,"[0, 2, 3, 5]",,identity proxy before selection when layout is transpiler,2b5e0ed483cc3050468f9dbe07ba775d3779a0f5f0b1d9721b5967992a9fa793_synthetic_line_6q_spread,basic,11,v0.4.0,2b5e0ed483cc3050468f9dbe07ba775d3779a0f5f0b1d9721b5967992a9fa793_synthetic_line_6q_spread_11,104,89,356,5.557570199999996e-05,-28,0.007741130000795238,True,,5.3624260539329326e-14,1e-10,logical Operator.equiv + routed zero/3 random states,"[1, 2, 3, 4]"
4,1.5,0.2,3,current,2b5e0ed483cc3050468f9dbe07ba775d3779a0f5f0b1d9721b5967992a9fa793,7053dcfa4d49723c39c3271f3f1855d8cc4ee612ed86840eb385db0a6e2af18b,415,294,259,156,19,1.6842105263157894,3,1.5,2,1,6,5,1.6666666666666667,5,2.3333333333333335,1.6153846153846154,2.0,1,prospective,synthetic_line_6q_spread,line,spread,SYNTHETIC_TARGET,"{""edges"": [[0, 1], [1, 0], [1, 2], [2, 1], [2, 3], [3, 2], [3, 4], [4, 3], [4, 5], [5, 4]], ""seed"": 7, ""basis"": [""id"", ""rz"", ""sx"", ""x"", ""ecr""], ""nodes"": 6}",ccfecec17e274607ed29176fa4c2a758de445cb0e2e85ddcc1bbcb36bd80dcb3,"[0, 2, 3, 5]",,identity proxy before selection when layout is transpiler,2b5e0ed483cc3050468f9dbe07ba775d3779a0f5f0b1d9721b5967992a9fa793_synthetic_line_6q_spread,teleport,11,v0.4.0,2b5e0ed483cc3050468f9dbe07ba775d3779a0f5f0b1d9721b5967992a9fa793_synthetic_line_6q_spread_11,102,87,321,5.925268799999992e-05,-54,0.007472244004020467,True,,4.582247155653564e-14,1e-10,logical Operator.equiv + routed zero/3 random states,"[1, 2, 3, 4]"
4,1.5,0.2,3,current,2b5e0ed483cc3050468f9dbe07ba775d3779a0f5f0b1d9721b5967992a9fa793,7053dcfa4d49723c39c3271f3f1855d8cc4ee612ed86840eb385db0a6e2af18b,415,294,259,156,19,1.6842105263157894,3,1.5,2,1,6,5,1.6666666666666667,5,2.3333333333333335,1.6153846153846154,2.0,1,prospective,synthetic_line_6q_spread,line,spread,SYNTHETIC_TARGET,"{""edges"": [[0, 1], [1, 0], [1, 2], [2, 1], [2, 3], [3, 2], [3, 4], [4, 3], [4, 5], [5, 4]], ""seed"": 7, ""basis"": [""id"", ""rz"", ""sx"", ""x"", ""ecr""], ""nodes"": 6}",ccfecec17e274607ed29176fa4c2a758de445cb0e2e85ddcc1bbcb36bd80dcb3,"[0, 2, 3, 5]",,identity proxy before selection when layout is transpiler,2b5e0ed483cc3050468f9dbe07ba775d3779a0f5f0b1d9721b5967992a9fa793_synthetic_line_6q_spread,basic,19,v0.4.0,2b5e0ed483cc3050468f9dbe07ba775d3779a0f5f0b1d9721b5967992a9fa793_synthetic_line_6q_spread_19,104,89,356,5.557570199999996e-05,-28,0.00856371700501768,True,,5.3624260539329326e-14,1e-10,logical Operator.equiv + routed zero/3 random states,"[1, 2, 3, 4]"
4,1.5,0.2,3,current,2b5e0ed483cc3050468f9dbe07ba775d3779a0f5f0b1d9721b5967992a9fa793,7053dcfa4d49723c39c3271f3f1855d8cc4ee612ed86840eb385db0a6e2af18b,415,294,259,156,19,1.6842105263157894,3,1.5,2,1,6,5,1.6666666666666667,5,2.3333333333333335,1.6153846153846154,2.0,1,prospective,synthetic_line_6q_spread,line,spread,SYNTHETIC_TARGET,"{""edges"": [[0, 1], [1, 0], [1, 2], [2, 1], [2, 3], [3, 2], [3, 4], [4, 3], [4, 5], [5, 4]], ""seed"": 7, ""basis"": [""id"", ""rz"", ""sx"", ""x"", ""ecr""], ""nodes"": 6}",ccfecec17e274607ed29176fa4c2a758de445cb0e2e85ddcc1bbcb36bd80dcb3,"[0, 2, 3, 5]",,identity proxy before selection when layout is transpiler,2b5e0ed483cc3050468f9dbe07ba775d3779a0f5f0b1d9721b5967992a9fa793_synthetic_line_6q_spread,teleport,19,v0.4.0,2b5e0ed483cc3050468f9dbe07ba775d3779a0f5f0b1d9721b5967992a9fa793_synthetic_line_6q_spread_19,102,87,321,5.925268799999992e-05,-54,0.007578327997180168,True,,4.582247155653564e-14,1e-10,logical Operator.equiv + routed zero/3 random states,"[1, 2, 3, 4]"
4,1.5,0.2,3,current,2b5e0ed483cc3050468f9dbe07ba775d3779a0f5f0b1d9721b5967992a9fa793,7053dcfa4d49723c39c3271f3f1855d8cc4ee612ed86840eb385db0a6e2af18b,415,294,259,156,19,1.6842105263157894,3,1.5,2,1,6,5,1.6666666666666667,5,2.3333333333333335,1.6153846153846154,2.0,1,prospective,synthetic_line_6q_spread,line,spread,SYNTHETIC_TARGET,"{""edges"": [[0, 1], [1, 0], [1, 2], [2, 1], [2, 3], [3, 2], [3, 4], [4, 3], [4, 5], [5, 4]], ""seed"": 7, ""basis"": [""id"", ""rz"", ""sx"", ""x"", ""ecr""], ""nodes"": 6}",ccfecec17e274607ed29176fa4c2a758de445cb0e2e85ddcc1bbcb36bd80dcb3,"[0, 2, 3, 5]",,identity proxy before selection when layout is transpiler,2b5e0ed483cc3050468f9dbe07ba775d3779a0f5f0b1d9721b5967992a9fa793_synthetic_line_6q_spread,basic,29,v0.4.0,2b5e0ed483cc3050468f9dbe07ba775d3779a0f5f0b1d9721b5967992a9fa793_synthetic_line_6q_spread_29,104,89,356,5.557570199999996e-05,-28,0.007827465997252148,True,,5.3624260539329326e-14,1e-10,logical Operator.equiv + routed zero/3 random states,"[1, 2, 3, 4]"
4,1.5,0.2,3,current,2b5e0ed483cc3050468f9dbe07ba775d3779a0f5f0b1d9721b5967992a9fa793,7053dcfa4d49723c39c3271f3f1855d8cc4ee612ed86840eb385db0a6e2af18b,415,294,259,156,19,1.6842105263157894,3,1.5,2,1,6,5,1.6666666666666667,5,2.3333333333333335,1.6153846153846154,2.0,1,prospective,synthetic_line_6q_spread,line,spread,SYNTHETIC_TARGET,"{""edges"": [[0, 1], [1, 0], [1, 2], [2, 1], [2, 3], [3, 2], [3, 4], [4, 3], [4, 5], [5, 4]], ""seed"": 7, ""basis"": [""id"", ""rz"", ""sx"", ""x"", ""ecr""], ""nodes"": 6}",ccfecec17e274607ed29176fa4c2a758de445cb0e2e85ddcc1bbcb36bd80dcb3,"[0, 2, 3, 5]",,identity proxy before selection when layout is transpiler,2b5e0ed483cc3050468f9dbe07ba775d3779a0f5f0b1d9721b5967992a9fa793_synthetic_line_6q_spread,teleport,29,v0.4.0,2b5e0ed483cc3050468f9dbe07ba775d3779a0f5f0b1d9721b5967992a9fa793_synthetic_line_6q_spread_29,102,87,321,5.925268799999992e-05,-54,0.007920472999103367,True,,4.582247155653564e-14,1e-10,logical Operator.equiv + routed zero/3 random states,"[1, 2, 3, 4]"
4,1.5,0.2,3,current,2b5e0ed483cc3050468f9dbe07ba775d3779a0f5f0b1d9721b5967992a9fa793,7053dcfa4d49723c39c3271f3f1855d8cc4ee612ed86840eb385db0a6e2af18b,415,294,259,156,19,1.6842105263157894,3,1.5,2,1,6,5,1.6666666666666667,5,2.3333333333333335,1.6153846153846154,2.0,1,prospective,synthetic_line_6q_spread,line,spread,SYNTHETIC_TARGET,"{""edges"": [[0, 1], [1, 0], [1, 2], [2, 1], [2, 3], [3, 2], [3, 4], [4, 3], [4, 5], [5, 4]], ""seed"": 7, ""basis"": [""id"", ""rz"", ""sx"", ""x"", ""ecr""], ""nodes"": 6}",ccfecec17e274607ed29176fa4c2a758de445cb0e2e85ddcc1bbcb36bd80dcb3,"[0, 2, 3, 5]",,identity proxy before selection when layout is transpiler,2b5e0ed483cc3050468f9dbe07ba775d3779a0f5f0b1d9721b5967992a9fa793_synthetic_line_6q_spread,basic,37,v0.4.0,2b5e0ed483cc3050468f9dbe07ba775d3779a0f5f0b1d9721b5967992a9fa793_synthetic_line_6q_spread_37,104,89,356,5.557570199999996e-05,-28,0.007694624000578187,True,,5.3624260539329326e-14,1e-10,logical Operator.equiv + routed zero/3 random states,"[1, 2, 3, 4]"
4,1.5,0.2,3,current,2b5e0ed483cc3050468f9dbe07ba775d3779a0f5f0b1d9721b5967992a9fa793,7053dcfa4d49723c39c3271f3f1855d8cc4ee612ed86840eb385db0a6e2af18b,415,294,259,156,19,1.6842105263157894,3,1.5,2,1,6,5,1.6666666666666667,5,2.3333333333333335,1.6153846153846154,2.0,1,prospective,synthetic_line_6q_spread,line,spread,SYNTHETIC_TARGET,"{""edges"": [[0, 1], [1, 0], [1, 2], [2, 1], [2, 3], [3, 2], [3, 4], [4, 3], [4, 5], [5, 4]], ""seed"": 7, ""basis"": [""id"", ""rz"", ""sx"", ""x"", ""ecr""], ""nodes"": 6}",ccfecec17e274607ed29176fa4c2a758de445cb0e2e85ddcc1bbcb36bd80dcb3,"[0, 2, 3, 5]",,identity proxy before selection when layout is transpiler,2b5e0ed483cc3050468f9dbe07ba775d3779a0f5f0b1d9721b5967992a9fa793_synthetic_line_6q_spread,teleport,37,v0.4.0,2b5e0ed483cc3050468f9dbe07ba775d3779a0f5f0b1d9721b5967992a9fa793_synthetic_line_6q_spread_37,102,87,321,5.925268799999992e-05,-54,0.007385147000604775,True,,4.582247155653564e-14,1e-10,logical Operator.equiv + routed zero/3 random states,"[1, 2, 3, 4]"
4,1.5,0.2,3,current,2b5e0ed483cc3050468f9dbe07ba775d3779a0f5f0b1d9721b5967992a9fa793,7053dcfa4d49723c39c3271f3f1855d8cc4ee612ed86840eb385db0a6e2af18b,415,294,259,156,19,1.6842105263157894,3,1.5,2,1,6,5,1.6666666666666667,5,2.3333333333333335,1.6153846153846154,2.0,1,prospective,synthetic_line_6q_spread,line,spread,SYNTHETIC_TARGET,"{""edges"": [[0, 1], [1, 0], [1, 2], [2, 1], [2, 3], [3, 2], [3, 4], [4, 3], [4, 5], [5, 4]], ""seed"": 7, ""basis"": [""id"", ""rz"", ""sx"", ""x"", ""ecr""], ""nodes"": 6}",ccfecec17e274607ed29176fa4c2a758de445cb0e2e85ddcc1bbcb36bd80dcb3,"[0, 2, 3, 5]",,identity proxy before selection when layout is transpiler,2b5e0ed483cc3050468f9dbe07ba775d3779a0f5f0b1d9721b5967992a9fa793_synthetic_line_6q_spread,basic,47,v0.4.0,2b5e0ed483cc3050468f9dbe07ba775d3779a0f5f0b1d9721b5967992a9fa793_synthetic_line_6q_spread_47,104,89,356,5.557570199999996e-05,-28,0.008193756999389734,True,,5.3624260539329326e-14,1e-10,logical Operator.equiv + routed zero/3 random states,"[1, 2, 3, 4]"
4,1.5,0.2,3,current,2b5e0ed483cc3050468f9dbe07ba775d3779a0f5f0b1d9721b5967992a9fa793,7053dcfa4d49723c39c3271f3f1855d8cc4ee612ed86840eb385db0a6e2af18b,415,294,259,156,19,1.6842105263157894,3,1.5,2,1,6,5,1.6666666666666667,5,2.3333333333333335,1.6153846153846154,2.0,1,prospective,synthetic_line_6q_spread,line,spread,SYNTHETIC_TARGET,"{""edges"": [[0, 1], [1, 0], [1, 2], [2, 1], [2, 3], [3, 2], [3, 4], [4, 3], [4, 5], [5, 4]], ""seed"": 7, ""basis"": [""id"", ""rz"", ""sx"", ""x"", ""ecr""], ""nodes"": 6}",ccfecec17e274607ed29176fa4c2a758de445cb0e2e85ddcc1bbcb36bd80dcb3,"[0, 2, 3, 5]",,identity proxy before selection when layout is transpiler,2b5e0ed483cc3050468f9dbe07ba775d3779a0f5f0b1d9721b5967992a9fa793_synthetic_line_6q_spread,teleport,47,v0.4.0,2b5e0ed483cc3050468f9dbe07ba775d3779a0f5f0b1d9721b5967992a9fa793_synthetic_line_6q_spread_47,102,87,321,5.925268799999992e-05,-54,0.008116415003314614,True,,4.582247155653564e-14,1e-10,logical Operator.equiv + routed zero/3 random states,"[1, 2, 3, 4]"
4,1.5,0.2,3,current,2b5e0ed483cc3050468f9dbe07ba775d3779a0f5f0b1d9721b5967992a9fa793,7053dcfa4d49723c39c3271f3f1855d8cc4ee612ed86840eb385db0a6e2af18b,415,294,259,156,19,1.6842105263157894,3,1.5,2,1,6,6,2.0,3,1.8,1.0,1.0,1,prospective,synthetic_ring_6q_transpiler,ring,transpiler,SYNTHETIC_TARGET,"{""edges"": [[0, 1], [0, 5], [1, 0], [1, 2], [2, 1], [2, 3], [3, 2], [3, 4], [4, 3], [4, 5], [5, 0], [5, 4]], ""seed"": 7, ""basis"": [""id"", ""rz"", ""sx"", ""x"", ""ecr""], ""nodes"": 6}",ff4a6017b79ba46163d089d132c4bc654811d5fa5518090a9b65bf0d23d86ee8,null,,identity proxy before selection when layout is transpiler,2b5e0ed483cc3050468f9dbe07ba775d3779a0f5f0b1d9721b5967992a9fa793_synthetic_ring_6q_transpiler,basic,11,v0.4.0,2b5e0ed483cc3050468f9dbe07ba775d3779a0f5f0b1d9721b5967992a9fa793_synthetic_ring_6q_transpiler_11,98,86,390,4.6335395999999925e-05,-34,0.008365920002688654,True,,5.4259163505061606e-14,1e-10,logical Operator.equiv + routed zero/3 random states,"[3, 4, 5, 0]"
4,1.5,0.2,3,current,2b5e0ed483cc3050468f9dbe07ba775d3779a0f5f0b1d9721b5967992a9fa793,7053dcfa4d49723c39c3271f3f1855d8cc4ee612ed86840eb385db0a6e2af18b,415,294,259,156,19,1.6842105263157894,3,1.5,2,1,6,6,2.0,3,1.8,1.0,1.0,1,prospective,synthetic_ring_6q_transpiler,ring,transpiler,SYNTHETIC_TARGET,"{""edges"": [[0, 1], [0, 5], [1, 0], [1, 2], [2, 1], [2, 3], [3, 2], [3, 4], [4, 3], [4, 5], [5, 0], [5, 4]], ""seed"": 7, ""basis"": [""id"", ""rz"", ""sx"", ""x"", ""ecr""], ""nodes"": 6}",ff4a6017b79ba46163d089d132c4bc654811d5fa5518090a9b65bf0d23d86ee8,null,,identity proxy before selection when layout is transpiler,2b5e0ed483cc3050468f9dbe07ba775d3779a0f5f0b1d9721b5967992a9fa793_synthetic_ring_6q_transpiler,teleport,11,v0.4.0,2b5e0ed483cc3050468f9dbe07ba775d3779a0f5f0b1d9721b5967992a9fa793_synthetic_ring_6q_transpiler_11,96,84,319,4.5974423999999936e-05,-60,0.007437988999299705,True,,3.9176127302865474e-14,1e-10,logical Operator.equiv + routed zero/3 random states,"[3, 4, 5, 0]"
4,1.5,0.2,3,current,2b5e0ed483cc3050468f9dbe07ba775d3779a0f5f0b1d9721b5967992a9fa793,7053dcfa4d49723c39c3271f3f1855d8cc4ee612ed86840eb385db0a6e2af18b,415,294,259,156,19,1.6842105263157894,3,1.5,2,1,6,6,2.0,3,1.8,1.0,1.0,1,prospective,synthetic_ring_6q_transpiler,ring,transpiler,SYNTHETIC_TARGET,"{""edges"": [[0, 1], [0, 5], [1, 0], [1, 2], [2, 1], [2, 3], [3, 2], [3, 4], [4, 3], [4, 5], [5, 0], [5, 4]], ""seed"": 7, ""basis"": [""id"", ""rz"", ""sx"", ""x"", ""ecr""], ""nodes"": 6}",ff4a6017b79ba46163d089d132c4bc654811d5fa5518090a9b65bf0d23d86ee8,null,,identity proxy before selection when layout is transpiler,2b5e0ed483cc3050468f9dbe07ba775d3779a0f5f0b1d9721b5967992a9fa793_synthetic_ring_6q_transpiler,basic,19,v0.4.0,2b5e0ed483cc3050468f9dbe07ba775d3779a0f5f0b1d9721b5967992a9fa793_synthetic_ring_6q_transpiler_19,98,86,342,4.8762299999999945e-05,-34,0.008348934003151953,True,,5.407686721923974e-14,1e-10,logical Operator.equiv + routed zero/3 random states,"[2, 3, 4, 5]"
4,1.5,0.2,3,current,2b5e0ed483cc3050468f9dbe07ba775d3779a0f5f0b1d9721b5967992a9fa793,7053dcfa4d49723c39c3271f3f1855d8cc4ee612ed86840eb385db0a6e2af18b,415,294,259,156,19,1.6842105263157894,3,1.5,2,1,6,6,2.0,3,1.8,1.0,1.0,1,prospective,synthetic_ring_6q_transpiler,ring,transpiler,SYNTHETIC_TARGET,"{""edges"": [[0, 1], [0, 5], [1, 0], [1, 2], [2, 1], [2, 3], [3, 2], [3, 4], [4, 3], [4, 5], [5, 0], [5, 4]], ""seed"": 7, ""basis"": [""id"", ""rz"", ""sx"", ""x"", ""ecr""], ""nodes"": 6}",ff4a6017b79ba46163d089d132c4bc654811d5fa5518090a9b65bf0d23d86ee8,null,,identity proxy before selection when layout is transpiler,2b5e0ed483cc3050468f9dbe07ba775d3779a0f5f0b1d9721b5967992a9fa793_synthetic_ring_6q_transpiler,teleport,19,v0.4.0,2b5e0ed483cc3050468f9dbe07ba775d3779a0f5f0b1d9721b5967992a9fa793_synthetic_ring_6q_transpiler_19,96,84,314,4.7291993999999936e-05,-60,0.007400711998343468,True,,5.911364223709918e-14,1e-10,logical Operator.equiv + routed zero/3 random states,"[2, 3, 4, 5]"
4,1.5,0.2,3,current,2b5e0ed483cc3050468f9dbe07ba775d3779a0f5f0b1d9721b5967992a9fa793,7053dcfa4d49723c39c3271f3f1855d8cc4ee612ed86840eb385db0a6e2af18b,415,294,259,156,19,1.6842105263157894,3,1.5,2,1,6,6,2.0,3,1.8,1.0,1.0,1,prospective,synthetic_ring_6q_transpiler,ring,transpiler,SYNTHETIC_TARGET,"{""edges"": [[0, 1], [0, 5], [1, 0], [1, 2], [2, 1], [2, 3], [3, 2], [3, 4], [4, 3], [4, 5], [5, 0], [5, 4]], ""seed"": 7, ""basis"": [""id"", ""rz"", ""sx"", ""x"", ""ecr""], ""nodes"": 6}",ff4a6017b79ba46163d089d132c4bc654811d5fa5518090a9b65bf0d23d86ee8,null,,identity proxy before selection when layout is transpiler,2b5e0ed483cc3050468f9dbe07ba775d3779a0f5f0b1d9721b5967992a9fa793_synthetic_ring_6q_transpiler,basic,29,v0.4.0,2b5e0ed483cc3050468f9dbe07ba775d3779a0f5f0b1d9721b5967992a9fa793_synthetic_ring_6q_transpiler_29,98,86,478,3.836870399999995e-05,-34,0.008925263005949091,True,,4.2906126401565025e-14,1e-10,logical Operator.equiv + routed zero/3 random states,"[2, 1, 0, 5]"
4,1.5,0.2,3,current,2b5e0ed483cc3050468f9dbe07ba775d3779a0f5f0b1d9721b5967992a9fa793,7053dcfa4d49723c39c3271f3f1855d8cc4ee612ed86840eb385db0a6e2af18b,415,294,259,156,19,1.6842105263157894,3,1.5,2,1,6,6,2.0,3,1.8,1.0,1.0,1,prospective,synthetic_ring_6q_transpiler,ring,transpiler,SYNTHETIC_TARGET,"{""edges"": [[0, 1], [0, 5], [1, 0], [1, 2], [2, 1], [2, 3], [3, 2], [3, 4], [4, 3], [4, 5], [5, 0], [5, 4]], ""seed"": 7, ""basis"": [""id"", ""rz"", ""sx"", ""x"", ""ecr""], ""nodes"": 6}",ff4a6017b79ba46163d089d132c4bc654811d5fa5518090a9b65bf0d23d86ee8,null,,identity proxy before selection when layout is transpiler,2b5e0ed483cc3050468f9dbe07ba775d3779a0f5f0b1d9721b5967992a9fa793_synthetic_ring_6q_transpiler,teleport,29,v0.4.0,2b5e0ed483cc3050468f9dbe07ba775d3779a0f5f0b1d9721b5967992a9fa793_synthetic_ring_6q_transpiler_29,96,84,466,3.878029199999995e-05,-60,0.007495215999369975,True,,1.9436765337229453e-13,1e-10,logical Operator.equiv + routed zero/3 random states,"[2, 1, 0, 5]"
4,1.5,0.2,3,current,2b5e0ed483cc3050468f9dbe07ba775d3779a0f5f0b1d9721b5967992a9fa793,7053dcfa4d49723c39c3271f3f1855d8cc4ee612ed86840eb385db0a6e2af18b,415,294,259,156,19,1.6842105263157894,3,1.5,2,1,6,6,2.0,3,1.8,1.0,1.0,1,prospective,synthetic_ring_6q_transpiler,ring,transpiler,SYNTHETIC_TARGET,"{""edges"": [[0, 1], [0, 5], [1, 0], [1, 2], [2, 1], [2, 3], [3, 2], [3, 4], [4, 3], [4, 5], [5, 0], [5, 4]], ""seed"": 7, ""basis"": [""id"", ""rz"", ""sx"", ""x"", ""ecr""], ""nodes"": 6}",ff4a6017b79ba46163d089d132c4bc654811d5fa5518090a9b65bf0d23d86ee8,null,,identity proxy before selection when layout is transpiler,2b5e0ed483cc3050468f9dbe07ba775d3779a0f5f0b1d9721b5967992a9fa793_synthetic_ring_6q_transpiler,basic,37,v0.4.0,2b5e0ed483cc3050468f9dbe07ba775d3779a0f5f0b1d9721b5967992a9fa793_synthetic_ring_6q_transpiler_37,98,86,483,4.89523319999999e-05,-34,0.008551268998417072,True,,9.059746836402384e-14,1e-10,logical Operator.equiv + routed zero/3 random states,"[0, 5, 4, 3]"
4,1.5,0.2,3,current,2b5e0ed483cc3050468f9dbe07ba775d3779a0f5f0b1d9721b5967992a9fa793,7053dcfa4d49723c39c3271f3f1855d8cc4ee612ed86840eb385db0a6e2af18b,415,294,259,156,19,1.6842105263157894,3,1.5,2,1,6,6,2.0,3,1.8,1.0,1.0,1,prospective,synthetic_ring_6q_transpiler,ring,transpiler,SYNTHETIC_TARGET,"{""edges"": [[0, 1], [0, 5], [1, 0], [1, 2], [2, 1], [2, 3], [3, 2], [3, 4], [4, 3], [4, 5], [5, 0], [5, 4]], ""seed"": 7, ""basis"": [""id"", ""rz"", ""sx"", ""x"", ""ecr""], ""nodes"": 6}",ff4a6017b79ba46163d089d132c4bc654811d5fa5518090a9b65bf0d23d86ee8,null,,identity proxy before selection when layout is transpiler,2b5e0ed483cc3050468f9dbe07ba775d3779a0f5f0b1d9721b5967992a9fa793_synthetic_ring_6q_transpiler,teleport,37,v0.4.0,2b5e0ed483cc3050468f9dbe07ba775d3779a0f5f0b1d9721b5967992a9fa793_synthetic_ring_6q_transpiler_37,96,84,439,4.703913599999992e-05,-60,0.007516395999118686,True,,1.1959847278740126e-13,1e-10,logical Operator.equiv + routed zero/3 random states,"[0, 5, 4, 3]"
4,1.5,0.2,3,current,2b5e0ed483cc3050468f9dbe07ba775d3779a0f5f0b1d9721b5967992a9fa793,7053dcfa4d49723c39c3271f3f1855d8cc4ee612ed86840eb385db0a6e2af18b,415,294,259,156,19,1.6842105263157894,3,1.5,2,1,6,6,2.0,3,1.8,1.0,1.0,1,prospective,synthetic_ring_6q_transpiler,ring,transpiler,SYNTHETIC_TARGET,"{""edges"": [[0, 1], [0, 5], [1, 0], [1, 2], [2, 1], [2, 3], [3, 2], [3, 4], [4, 3], [4, 5], [5, 0], [5, 4]], ""seed"": 7, ""basis"": [""id"", ""rz"", ""sx"", ""x"", ""ecr""], ""nodes"": 6}",ff4a6017b79ba46163d089d132c4bc654811d5fa5518090a9b65bf0d23d86ee8,null,,identity proxy before selection when layout is transpiler,2b5e0ed483cc3050468f9dbe07ba775d3779a0f5f0b1d9721b5967992a9fa793_synthetic_ring_6q_transpiler,basic,47,v0.4.0,2b5e0ed483cc3050468f9dbe07ba775d3779a0f5f0b1d9721b5967992a9fa793_synthetic_ring_6q_transpiler_47,98,86,423,4.734105599999997e-05,-34,0.007414817002427299,True,,1.119260234759563e-13,1e-10,logical Operator.equiv + routed zero/3 random states,"[3, 2, 1, 0]"
4,1.5,0.2,3,current,2b5e0ed483cc3050468f9dbe07ba775d3779a0f5f0b1d9721b5967992a9fa793,7053dcfa4d49723c39c3271f3f1855d8cc4ee612ed86840eb385db0a6e2af18b,415,294,259,156,19,1.6842105263157894,3,1.5,2,1,6,6,2.0,3,1.8,1.0,1.0,1,prospective,synthetic_ring_6q_transpiler,ring,transpiler,SYNTHETIC_TARGET,"{""edges"": [[0, 1], [0, 5], [1, 0], [1, 2], [2, 1], [2, 3], [3, 2], [3, 4], [4, 3], [4, 5], [5, 0], [5, 4]], ""seed"": 7, ""basis"": [""id"", ""rz"", ""sx"", ""x"", ""ecr""], ""nodes"": 6}",ff4a6017b79ba46163d089d132c4bc654811d5fa5518090a9b65bf0d23d86ee8,null,,identity proxy before selection when layout is transpiler,2b5e0ed483cc3050468f9dbe07ba775d3779a0f5f0b1d9721b5967992a9fa793_synthetic_ring_6q_transpiler,teleport,47,v0.4.0,2b5e0ed483cc3050468f9dbe07ba775d3779a0f5f0b1d9721b5967992a9fa793_synthetic_ring_6q_transpiler_47,96,84,392,4.655784e-05,-60,0.007204885994724464,True,,1.1486393381616664e-13,1e-10,logical Operator.equiv + routed zero/3 random states,"[3, 2, 1, 0]"
4,1.5,0.2,3,current,2b5e0ed483cc3050468f9dbe07ba775d3779a0f5f0b1d9721b5967992a9fa793,7053dcfa4d49723c39c3271f3f1855d8cc4ee612ed86840eb385db0a6e2af18b,415,294,259,156,19,1.6842105263157894,3,1.5,2,1,6,7,2.3333333333333335,3,1.6666666666666667,1.6153846153846154,3.0,1,prospective,synthetic_grid_6q_transpiler,grid,transpiler,SYNTHETIC_TARGET,"{""edges"": [[0, 1], [0, 3], [1, 0], [1, 2], [1, 4], [2, 1], [2, 5], [3, 0], [3, 4], [4, 1], [4, 3], [4, 5], [5, 2], [5, 4]], ""seed"": 7, ""basis"": [""id"", ""rz"", ""sx"", ""x"", ""ecr""], ""nodes"": 6}",1dc9d7c7422ee8d9e756c16f45c753640fd9bb0d83eb6013019055e1f800f374,null,,identity proxy before selection when layout is transpiler,2b5e0ed483cc3050468f9dbe07ba775d3779a0f5f0b1d9721b5967992a9fa793_synthetic_grid_6q_transpiler,basic,11,v0.4.0,2b5e0ed483cc3050468f9dbe07ba775d3779a0f5f0b1d9721b5967992a9fa793_synthetic_grid_6q_transpiler_11,98,86,387,3.957549600000001e-05,-34,0.00785625300341053,True,,1.2465172081320964e-13,1e-10,logical Operator.equiv + routed zero/3 random states,"[2, 5, 4, 1]"
4,1.5,0.2,3,current,2b5e0ed483cc3050468f9dbe07ba775d3779a0f5f0b1d9721b5967992a9fa793,7053dcfa4d49723c39c3271f3f1855d8cc4ee612ed86840eb385db0a6e2af18b,415,294,259,156,19,1.6842105263157894,3,1.5,2,1,6,7,2.3333333333333335,3,1.6666666666666667,1.6153846153846154,3.0,1,prospective,synthetic_grid_6q_transpiler,grid,transpiler,SYNTHETIC_TARGET,"{""edges"": [[0, 1], [0, 3], [1, 0], [1, 2], [1, 4], [2, 1], [2, 5], [3, 0], [3, 4], [4, 1], [4, 3], [4, 5], [5, 2], [5, 4]], ""seed"": 7, ""basis"": [""id"", ""rz"", ""sx"", ""x"", ""ecr""], ""nodes"": 6}",1dc9d7c7422ee8d9e756c16f45c753640fd9bb0d83eb6013019055e1f800f374,null,,identity proxy before selection when layout is transpiler,2b5e0ed483cc3050468f9dbe07ba775d3779a0f5f0b1d9721b5967992a9fa793_synthetic_grid_6q_transpiler,teleport,11,v0.4.0,2b5e0ed483cc3050468f9dbe07ba775d3779a0f5f0b1d9721b5967992a9fa793_synthetic_grid_6q_transpiler_11,96,84,348,3.794801400000001e-05,-60,0.007722977999947034,True,,6.939727076266545e-14,1e-10,logical Operator.equiv + routed zero/3 random states,"[2, 5, 4, 1]"
4,1.5,0.2,3,current,2b5e0ed483cc3050468f9dbe07ba775d3779a0f5f0b1d9721b5967992a9fa793,7053dcfa4d49723c39c3271f3f1855d8cc4ee612ed86840eb385db0a6e2af18b,415,294,259,156,19,1.6842105263157894,3,1.5,2,1,6,7,2.3333333333333335,3,1.6666666666666667,1.6153846153846154,3.0,1,prospective,synthetic_grid_6q_transpiler,grid,transpiler,SYNTHETIC_TARGET,"{""edges"": [[0, 1], [0, 3], [1, 0], [1, 2], [1, 4], [2, 1], [2, 5], [3, 0], [3, 4], [4, 1], [4, 3], [4, 5], [5, 2], [5, 4]], ""seed"": 7, ""basis"": [""id"", ""rz"", ""sx"", ""x"", ""ecr""], ""nodes"": 6}",1dc9d7c7422ee8d9e756c16f45c753640fd9bb0d83eb6013019055e1f800f374,null,,identity proxy before selection when layout is transpiler,2b5e0ed483cc3050468f9dbe07ba775d3779a0f5f0b1d9721b5967992a9fa793_synthetic_grid_6q_transpiler,basic,19,v0.4.0,2b5e0ed483cc3050468f9dbe07ba775d3779a0f5f0b1d9721b5967992a9fa793_synthetic_grid_6q_transpiler_19,98,86,360,3.173068200000003e-05,-34,0.008336462997249328,True,,3.293245832093082e-14,1e-10,logical Operator.equiv + routed zero/3 random states,"[0, 3, 4, 5]"
4,1.5,0.2,3,current,2b5e0ed483cc3050468f9dbe07ba775d3779a0f5f0b1d9721b5967992a9fa793,7053dcfa4d49723c39c3271f3f1855d8cc4ee612ed86840eb385db0a6e2af18b,415,294,259,156,19,1.6842105263157894,3,1.5,2,1,6,7,2.3333333333333335,3,1.6666666666666667,1.6153846153846154,3.0,1,prospective,synthetic_grid_6q_transpiler,grid,transpiler,SYNTHETIC_TARGET,"{""edges"": [[0, 1], [0, 3], [1, 0], [1, 2], [1, 4], [2, 1], [2, 5], [3, 0], [3, 4], [4, 1], [4, 3], [4, 5], [5, 2], [5, 4]], ""seed"": 7, ""basis"": [""id"", ""rz"", ""sx"", ""x"", ""ecr""], ""nodes"": 6}",1dc9d7c7422ee8d9e756c16f45c753640fd9bb0d83eb6013019055e1f800f374,null,,identity proxy before selection when layout is transpiler,2b5e0ed483cc3050468f9dbe07ba775d3779a0f5f0b1d9721b5967992a9fa793_synthetic_grid_6q_transpiler,teleport,19,v0.4.0,2b5e0ed483cc3050468f9dbe07ba775d3779a0f5f0b1d9721b5967992a9fa793_synthetic_grid_6q_transpiler_19,96,84,340,2.9827254000000053e-05,-60,0.008018471002287697,True,,6.540081545036546e-14,1e-10,logical Operator.equiv + routed zero/3 random states,"[0, 3, 4, 5]"
4,1.5,0.2,3,current,2b5e0ed483cc3050468f9dbe07ba775d3779a0f5f0b1d9721b5967992a9fa793,7053dcfa4d49723c39c3271f3f1855d8cc4ee612ed86840eb385db0a6e2af18b,415,294,259,156,19,1.6842105263157894,3,1.5,2,1,6,7,2.3333333333333335,3,1.6666666666666667,1.6153846153846154,3.0,1,prospective,synthetic_grid_6q_transpiler,grid,transpiler,SYNTHETIC_TARGET,"{""edges"": [[0, 1], [0, 3], [1, 0], [1, 2], [1, 4], [2, 1], [2, 5], [3, 0], [3, 4], [4, 1], [4, 3], [4, 5], [5, 2], [5, 4]], ""seed"": 7, ""basis"": [""id"", ""rz"", ""sx"", ""x"", ""ecr""], ""nodes"": 6}",1dc9d7c7422ee8d9e756c16f45c753640fd9bb0d83eb6013019055e1f800f374,null,,identity proxy before selection when layout is transpiler,2b5e0ed483cc3050468f9dbe07ba775d3779a0f5f0b1d9721b5967992a9fa793_synthetic_grid_6q_transpiler,basic,29,v0.4.0,2b5e0ed483cc3050468f9dbe07ba775d3779a0f5f0b1d9721b5967992a9fa793_synthetic_grid_6q_transpiler_29,98,86,390,4.7100851999999956e-05,-34,0.007894528003816959,True,,5.410827024281209e-14,1e-10,logical Operator.equiv + routed zero/3 random states,"[1, 2, 5, 4]"
4,1.5,0.2,3,current,2b5e0ed483cc3050468f9dbe07ba775d3779a0f5f0b1d9721b5967992a9fa793,7053dcfa4d49723c39c3271f3f1855d8cc4ee612ed86840eb385db0a6e2af18b,415,294,259,156,19,1.6842105263157894,3,1.5,2,1,6,7,2.3333333333333335,3,1.6666666666666667,1.6153846153846154,3.0,1,prospective,synthetic_grid_6q_transpiler,grid,transpiler,SYNTHETIC_TARGET,"{""edges"": [[0, 1], [0, 3], [1, 0], [1, 2], [1, 4], [2, 1], [2, 5], [3, 0], [3, 4], [4, 1], [4, 3], [4, 5], [5, 2], [5, 4]], ""seed"": 7, ""basis"": [""id"", ""rz"", ""sx"", ""x"", ""ecr""], ""nodes"": 6}",1dc9d7c7422ee8d9e756c16f45c753640fd9bb0d83eb6013019055e1f800f374,null,,identity proxy before selection when layout is transpiler,2b5e0ed483cc3050468f9dbe07ba775d3779a0f5f0b1d9721b5967992a9fa793_synthetic_grid_6q_transpiler,teleport,29,v0.4.0,2b5e0ed483cc3050468f9dbe07ba775d3779a0f5f0b1d9721b5967992a9fa793_synthetic_grid_6q_transpiler_29,96,84,319,4.6427525999999966e-05,-60,0.008802871001535095,True,,3.9400562251890356e-14,1e-10,logical Operator.equiv + routed zero/3 random states,"[1, 2, 5, 4]"
4,1.5,0.2,3,current,2b5e0ed483cc3050468f9dbe07ba775d3779a0f5f0b1d9721b5967992a9fa793,7053dcfa4d49723c39c3271f3f1855d8cc4ee612ed86840eb385db0a6e2af18b,415,294,259,156,19,1.6842105263157894,3,1.5,2,1,6,7,2.3333333333333335,3,1.6666666666666667,1.6153846153846154,3.0,1,prospective,synthetic_grid_6q_transpiler,grid,transpiler,SYNTHETIC_TARGET,"{""edges"": [[0, 1], [0, 3], [1, 0], [1, 2], [1, 4], [2, 1], [2, 5], [3, 0], [3, 4], [4, 1], [4, 3], [4, 5], [5, 2], [5, 4]], ""seed"": 7, ""basis"": [""id"", ""rz"", ""sx"", ""x"", ""ecr""], ""nodes"": 6}",1dc9d7c7422ee8d9e756c16f45c753640fd9bb0d83eb6013019055e1f800f374,null,,identity proxy before selection when layout is transpiler,2b5e0ed483cc3050468f9dbe07ba775d3779a0f5f0b1d9721b5967992a9fa793_synthetic_grid_6q_transpiler,basic,37,v0.4.0,2b5e0ed483cc3050468f9dbe07ba775d3779a0f5f0b1d9721b5967992a9fa793_synthetic_grid_6q_transpiler_37,98,86,387,3.957549600000001e-05,-34,0.008144983999955002,True,,1.2465172081320964e-13,1e-10,logical Operator.equiv + routed zero/3 random states,"[2, 5, 4, 1]"
4,1.5,0.2,3,current,2b5e0ed483cc3050468f9dbe07ba775d3779a0f5f0b1d9721b5967992a9fa793,7053dcfa4d49723c39c3271f3f1855d8cc4ee612ed86840eb385db0a6e2af18b,415,294,259,156,19,1.6842105263157894,3,1.5,2,1,6,7,2.3333333333333335,3,1.6666666666666667,1.6153846153846154,3.0,1,prospective,synthetic_grid_6q_transpiler,grid,transpiler,SYNTHETIC_TARGET,"{""edges"": [[0, 1], [0, 3], [1, 0], [1, 2], [1, 4], [2, 1], [2, 5], [3, 0], [3, 4], [4, 1], [4, 3], [4, 5], [5, 2], [5, 4]], ""seed"": 7, ""basis"": [""id"", ""rz"", ""sx"", ""x"", ""ecr""], ""nodes"": 6}",1dc9d7c7422ee8d9e756c16f45c753640fd9bb0d83eb6013019055e1f800f374,null,,identity proxy before selection when layout is transpiler,2b5e0ed483cc3050468f9dbe07ba775d3779a0f5f0b1d9721b5967992a9fa793_synthetic_grid_6q_transpiler,teleport,37,v0.4.0,2b5e0ed483cc3050468f9dbe07ba775d3779a0f5f0b1d9721b5967992a9fa793_synthetic_grid_6q_transpiler_37,96,84,348,3.794801400000001e-05,-60,0.007463401998393238,True,,6.939727076266545e-14,1e-10,logical Operator.equiv + routed zero/3 random states,"[2, 5, 4, 1]"
4,1.5,0.2,3,current,2b5e0ed483cc3050468f9dbe07ba775d3779a0f5f0b1d9721b5967992a9fa793,7053dcfa4d49723c39c3271f3f1855d8cc4ee612ed86840eb385db0a6e2af18b,415,294,259,156,19,1.6842105263157894,3,1.5,2,1,6,7,2.3333333333333335,3,1.6666666666666667,1.6153846153846154,3.0,1,prospective,synthetic_grid_6q_transpiler,grid,transpiler,SYNTHETIC_TARGET,"{""edges"": [[0, 1], [0, 3], [1, 0], [1, 2], [1, 4], [2, 1], [2, 5], [3, 0], [3, 4], [4, 1], [4, 3], [4, 5], [5, 2], [5, 4]], ""seed"": 7, ""basis"": [""id"", ""rz"", ""sx"", ""x"", ""ecr""], ""nodes"": 6}",1dc9d7c7422ee8d9e756c16f45c753640fd9bb0d83eb6013019055e1f800f374,null,,identity proxy before selection when layout is transpiler,2b5e0ed483cc3050468f9dbe07ba775d3779a0f5f0b1d9721b5967992a9fa793_synthetic_grid_6q_transpiler,basic,47,v0.4.0,2b5e0ed483cc3050468f9dbe07ba775d3779a0f5f0b1d9721b5967992a9fa793_synthetic_grid_6q_transpiler_47,98,86,342,5.143184999999993e-05,-34,0.008119519996398594,True,,5.3412929882192843e-14,1e-10,logical Operator.equiv + routed zero/3 random states,"[0, 1, 2, 5]"
4,1.5,0.2,3,current,2b5e0ed483cc3050468f9dbe07ba775d3779a0f5f0b1d9721b5967992a9fa793,7053dcfa4d49723c39c3271f3f1855d8cc4ee612ed86840eb385db0a6e2af18b,415,294,259,156,19,1.6842105263157894,3,1.5,2,1,6,7,2.3333333333333335,3,1.6666666666666667,1.6153846153846154,3.0,1,prospective,synthetic_grid_6q_transpiler,grid,transpiler,SYNTHETIC_TARGET,"{""edges"": [[0, 1], [0, 3], [1, 0], [1, 2], [1, 4], [2, 1], [2, 5], [3, 0], [3, 4], [4, 1], [4, 3], [4, 5], [5, 2], [5, 4]], ""seed"": 7, ""basis"": [""id"", ""rz"", ""sx"", ""x"", ""ecr""], ""nodes"": 6}",1dc9d7c7422ee8d9e756c16f45c753640fd9bb0d83eb6013019055e1f800f374,null,,identity proxy before selection when layout is transpiler,2b5e0ed483cc3050468f9dbe07ba775d3779a0f5f0b1d9721b5967992a9fa793_synthetic_grid_6q_transpiler,teleport,47,v0.4.0,2b5e0ed483cc3050468f9dbe07ba775d3779a0f5f0b1d9721b5967992a9fa793_synthetic_grid_6q_transpiler_47,96,84,292,5.889393599999989e-05,-60,0.007471628006896935,True,,3.7211708834604155e-14,1e-10,logical Operator.equiv + routed zero/3 random states,"[0, 1, 4, 5]"
4,1.5,0.2,3,current,2b5e0ed483cc3050468f9dbe07ba775d3779a0f5f0b1d9721b5967992a9fa793,7053dcfa4d49723c39c3271f3f1855d8cc4ee612ed86840eb385db0a6e2af18b,415,294,259,156,19,1.6842105263157894,3,1.5,2,1,7,7,2.0,5,2.2857142857142856,1.0,1.0,1,prospective,synthetic_heavy_hex_like_7q_transpiler,heavy_hex_like,transpiler,SYNTHETIC_TARGET,"{""edges"": [[0, 1], [0, 3], [1, 0], [1, 2], [2, 1], [2, 3], [3, 0], [3, 2], [3, 4], [4, 3], [4, 5], [5, 4], [5, 6], [6, 5]], ""seed"": 7, ""basis"": [""id"", ""rz"", ""sx"", ""x"", ""ecr""], ""nodes"": 7}",a56c42c5929ac738475a61ad56ac38f9ce297f29f090779c0473725bc68476b5,null,,identity proxy before selection when layout is transpiler,2b5e0ed483cc3050468f9dbe07ba775d3779a0f5f0b1d9721b5967992a9fa793_synthetic_heavy_hex_like_7q_transpiler,basic,11,v0.4.0,2b5e0ed483cc3050468f9dbe07ba775d3779a0f5f0b1d9721b5967992a9fa793_synthetic_heavy_hex_like_7q_transpiler_11,98,86,478,3.22759139999999e-05,-34,0.007784435001667589,True,,7.352919273647563e-14,1e-10,logical Operator.equiv + routed zero/3 random states,"[5, 4, 3, 0]"
4,1.5,0.2,3,current,2b5e0ed483cc3050468f9dbe07ba775d3779a0f5f0b1d9721b5967992a9fa793,7053dcfa4d49723c39c3271f3f1855d8cc4ee612ed86840eb385db0a6e2af18b,415,294,259,156,19,1.6842105263157894,3,1.5,2,1,7,7,2.0,5,2.2857142857142856,1.0,1.0,1,prospective,synthetic_heavy_hex_like_7q_transpiler,heavy_hex_like,transpiler,SYNTHETIC_TARGET,"{""edges"": [[0, 1], [0, 3], [1, 0], [1, 2], [2, 1], [2, 3], [3, 0], [3, 2], [3, 4], [4, 3], [4, 5], [5, 4], [5, 6], [6, 5]], ""seed"": 7, ""basis"": [""id"", ""rz"", ""sx"", ""x"", ""ecr""], ""nodes"": 7}",a56c42c5929ac738475a61ad56ac38f9ce297f29f090779c0473725bc68476b5,null,,identity proxy before selection when layout is transpiler,2b5e0ed483cc3050468f9dbe07ba775d3779a0f5f0b1d9721b5967992a9fa793_synthetic_heavy_hex_like_7q_transpiler,teleport,11,v0.4.0,2b5e0ed483cc3050468f9dbe07ba775d3779a0f5f0b1d9721b5967992a9fa793_synthetic_heavy_hex_like_7q_transpiler_11,96,84,362,4.254518999999997e-05,-60,0.00784319299418712,True,,8.587576889630254e-14,1e-10,logical Operator.equiv + routed zero/3 random states,"[6, 5, 4, 3]"
4,1.5,0.2,3,current,2b5e0ed483cc3050468f9dbe07ba775d3779a0f5f0b1d9721b5967992a9fa793,7053dcfa4d49723c39c3271f3f1855d8cc4ee612ed86840eb385db0a6e2af18b,415,294,259,156,19,1.6842105263157894,3,1.5,2,1,7,7,2.0,5,2.2857142857142856,1.0,1.0,1,prospective,synthetic_heavy_hex_like_7q_transpiler,heavy_hex_like,transpiler,SYNTHETIC_TARGET,"{""edges"": [[0, 1], [0, 3], [1, 0], [1, 2], [2, 1], [2, 3], [3, 0], [3, 2], [3, 4], [4, 3], [4, 5], [5, 4], [5, 6], [6, 5]], ""seed"": 7, ""basis"": [""id"", ""rz"", ""sx"", ""x"", ""ecr""], ""nodes"": 7}",a56c42c5929ac738475a61ad56ac38f9ce297f29f090779c0473725bc68476b5,null,,identity proxy before selection when layout is transpiler,2b5e0ed483cc3050468f9dbe07ba775d3779a0f5f0b1d9721b5967992a9fa793_synthetic_heavy_hex_like_7q_transpiler,basic,19,v0.4.0,2b5e0ed483cc3050468f9dbe07ba775d3779a0f5f0b1d9721b5967992a9fa793_synthetic_heavy_hex_like_7q_transpiler_19,98,86,478,4.267217400000001e-05,-34,0.009462187001190614,True,,7.352919273647563e-14,1e-10,logical Operator.equiv + routed zero/3 random states,"[5, 4, 3, 2]"
4,1.5,0.2,3,current,2b5e0ed483cc3050468f9dbe07ba775d3779a0f5f0b1d9721b5967992a9fa793,7053dcfa4d49723c39c3271f3f1855d8cc4ee612ed86840eb385db0a6e2af18b,415,294,259,156,19,1.6842105263157894,3,1.5,2,1,7,7,2.0,5,2.2857142857142856,1.0,1.0,1,prospective,synthetic_heavy_hex_like_7q_transpiler,heavy_hex_like,transpiler,SYNTHETIC_TARGET,"{""edges"": [[0, 1], [0, 3], [1, 0], [1, 2], [2, 1], [2, 3], [3, 0], [3, 2], [3, 4], [4, 3], [4, 5], [5, 4], [5, 6], [6, 5]], ""seed"": 7, ""basis"": [""id"", ""rz"", ""sx"", ""x"", ""ecr""], ""nodes"": 7}",a56c42c5929ac738475a61ad56ac38f9ce297f29f090779c0473725bc68476b5,null,,identity proxy before selection when layout is transpiler,2b5e0ed483cc3050468f9dbe07ba775d3779a0f5f0b1d9721b5967992a9fa793_synthetic_heavy_hex_like_7q_transpiler,teleport,19,v0.4.0,2b5e0ed483cc3050468f9dbe07ba775d3779a0f5f0b1d9721b5967992a9fa793_synthetic_heavy_hex_like_7q_transpiler_19,96,84,471,4.198441799999998e-05,-60,0.008215348003432155,True,,1.7036871992388082e-13,1e-10,logical Operator.equiv + routed zero/3 random states,"[5, 4, 3, 2]"
4,1.5,0.2,3,current,2b5e0ed483cc3050468f9dbe07ba775d3779a0f5f0b1d9721b5967992a9fa793,7053dcfa4d49723c39c3271f3f1855d8cc4ee612ed86840eb385db0a6e2af18b,415,294,259,156,19,1.6842105263157894,3,1.5,2,1,7,7,2.0,5,2.2857142857142856,1.0,1.0,1,prospective,synthetic_heavy_hex_like_7q_transpiler,heavy_hex_like,transpiler,SYNTHETIC_TARGET,"{""edges"": [[0, 1], [0, 3], [1, 0], [1, 2], [2, 1], [2, 3], [3, 0], [3, 2], [3, 4], [4, 3], [4, 5], [5, 4], [5, 6], [6, 5]], ""seed"": 7, ""basis"": [""id"", ""rz"", ""sx"", ""x"", ""ecr""], ""nodes"": 7}",a56c42c5929ac738475a61ad56ac38f9ce297f29f090779c0473725bc68476b5,null,,identity proxy before selection when layout is transpiler,2b5e0ed483cc3050468f9dbe07ba775d3779a0f5f0b1d9721b5967992a9fa793_synthetic_heavy_hex_like_7q_transpiler,basic,29,v0.4.0,2b5e0ed483cc3050468f9dbe07ba775d3779a0f5f0b1d9721b5967992a9fa793_synthetic_heavy_hex_like_7q_transpiler_29,98,86,390,3.520453799999997e-05,-34,0.007987586002855096,True,,5.3762766695524325e-14,1e-10,logical Operator.equiv + routed zero/3 random states,"[2, 3, 4, 5]"
4,1.5,0.2,3,current,2b5e0ed483cc3050468f9dbe07ba775d3779a0f5f0b1d9721b5967992a9fa793,7053dcfa4d49723c39c3271f3f1855d8cc4ee612ed86840eb385db0a6e2af18b,415,294,259,156,19,1.6842105263157894,3,1.5,2,1,7,7,2.0,5,2.2857142857142856,1.0,1.0,1,prospective,synthetic_heavy_hex_like_7q_transpiler,heavy_hex_like,transpiler,SYNTHETIC_TARGET,"{""edges"": [[0, 1], [0, 3], [1, 0], [1, 2], [2, 1], [2, 3], [3, 0], [3, 2], [3, 4], [4, 3], [4, 5], [5, 4], [5, 6], [6, 5]], ""seed"": 7, ""basis"": [""id"", ""rz"", ""sx"", ""x"", ""ecr""], ""nodes"": 7}",a56c42c5929ac738475a61ad56ac38f9ce297f29f090779c0473725bc68476b5,null,,identity proxy before selection when layout is transpiler,2b5e0ed483cc3050468f9dbe07ba775d3779a0f5f0b1d9721b5967992a9fa793_synthetic_heavy_hex_like_7q_transpiler,teleport,29,v0.4.0,2b5e0ed483cc3050468f9dbe07ba775d3779a0f5f0b1d9721b5967992a9fa793_synthetic_heavy_hex_like_7q_transpiler_29,96,84,348,3.4541867999999974e-05,-60,0.0075516419965424575,True,,6.92226173826882e-14,1e-10,logical Operator.equiv + routed zero/3 random states,"[2, 3, 4, 5]"
4,1.5,0.2,3,current,2b5e0ed483cc3050468f9dbe07ba775d3779a0f5f0b1d9721b5967992a9fa793,7053dcfa4d49723c39c3271f3f1855d8cc4ee612ed86840eb385db0a6e2af18b,415,294,259,156,19,1.6842105263157894,3,1.5,2,1,7,7,2.0,5,2.2857142857142856,1.0,1.0,1,prospective,synthetic_heavy_hex_like_7q_transpiler,heavy_hex_like,transpiler,SYNTHETIC_TARGET,"{""edges"": [[0, 1], [0, 3], [1, 0], [1, 2], [2, 1], [2, 3], [3, 0], [3, 2], [3, 4], [4, 3], [4, 5], [5, 4], [5, 6], [6, 5]], ""seed"": 7, ""basis"": [""id"", ""rz"", ""sx"", ""x"", ""ecr""], ""nodes"": 7}",a56c42c5929ac738475a61ad56ac38f9ce297f29f090779c0473725bc68476b5,null,,identity proxy before selection when layout is transpiler,2b5e0ed483cc3050468f9dbe07ba775d3779a0f5f0b1d9721b5967992a9fa793_synthetic_heavy_hex_like_7q_transpiler,basic,37,v0.4.0,2b5e0ed483cc3050468f9dbe07ba775d3779a0f5f0b1d9721b5967992a9fa793_synthetic_heavy_hex_like_7q_transpiler_37,98,86,429,3.9074885999999976e-05,-34,0.008845021002343856,True,,3.615336126699272e-14,1e-10,logical Operator.equiv + routed zero/3 random states,"[6, 5, 4, 3]"
4,1.5,0.2,3,current,2b5e0ed483cc3050468f9dbe07ba775d3779a0f5f0b1d9721b5967992a9fa793,7053dcfa4d49723c39c3271f3f1855d8cc4ee612ed86840eb385db0a6e2af18b,415,294,259,156,19,1.6842105263157894,3,1.5,2,1,7,7,2.0,5,2.2857142857142856,1.0,1.0,1,prospective,synthetic_heavy_hex_like_7q_transpiler,heavy_hex_like,transpiler,SYNTHETIC_TARGET,"{""edges"": [[0, 1], [0, 3], [1, 0], [1, 2], [2, 1], [2, 3], [3, 0], [3, 2], [3, 4], [4, 3], [4, 5], [5, 4], [5, 6], [6, 5]], ""seed"": 7, ""basis"": [""id"", ""rz"", ""sx"", ""x"", ""ecr""], ""nodes"": 7}",a56c42c5929ac738475a61ad56ac38f9ce297f29f090779c0473725bc68476b5,null,,identity proxy before selection when layout is transpiler,2b5e0ed483cc3050468f9dbe07ba775d3779a0f5f0b1d9721b5967992a9fa793_synthetic_heavy_hex_like_7q_transpiler,teleport,37,v0.4.0,2b5e0ed483cc3050468f9dbe07ba775d3779a0f5f0b1d9721b5967992a9fa793_synthetic_heavy_hex_like_7q_transpiler_37,96,84,362,4.254518999999997e-05,-60,0.007913654000731185,True,,8.587576889630254e-14,1e-10,logical Operator.equiv + routed zero/3 random states,"[6, 5, 4, 3]"
4,1.5,0.2,3,current,2b5e0ed483cc3050468f9dbe07ba775d3779a0f5f0b1d9721b5967992a9fa793,7053dcfa4d49723c39c3271f3f1855d8cc4ee612ed86840eb385db0a6e2af18b,415,294,259,156,19,1.6842105263157894,3,1.5,2,1,7,7,2.0,5,2.2857142857142856,1.0,1.0,1,prospective,synthetic_heavy_hex_like_7q_transpiler,heavy_hex_like,transpiler,SYNTHETIC_TARGET,"{""edges"": [[0, 1], [0, 3], [1, 0], [1, 2], [2, 1], [2, 3], [3, 0], [3, 2], [3, 4], [4, 3], [4, 5], [5, 4], [5, 6], [6, 5]], ""seed"": 7, ""basis"": [""id"", ""rz"", ""sx"", ""x"", ""ecr""], ""nodes"": 7}",a56c42c5929ac738475a61ad56ac38f9ce297f29f090779c0473725bc68476b5,null,,identity proxy before selection when layout is transpiler,2b5e0ed483cc3050468f9dbe07ba775d3779a0f5f0b1d9721b5967992a9fa793_synthetic_heavy_hex_like_7q_transpiler,basic,47,v0.4.0,2b5e0ed483cc3050468f9dbe07ba775d3779a0f5f0b1d9721b5967992a9fa793_synthetic_heavy_hex_like_7q_transpiler_47,98,86,451,3.522917999999997e-05,-34,0.00853559000097448,True,,6.374782788917556e-14,1e-10,logical Operator.equiv + routed zero/3 random states,"[3, 2, 1, 0]"
4,1.5,0.2,3,current,2b5e0ed483cc3050468f9dbe07ba775d3779a0f5f0b1d9721b5967992a9fa793,7053dcfa4d49723c39c3271f3f1855d8cc4ee612ed86840eb385db0a6e2af18b,415,294,259,156,19,1.6842105263157894,3,1.5,2,1,7,7,2.0,5,2.2857142857142856,1.0,1.0,1,prospective,synthetic_heavy_hex_like_7q_transpiler,heavy_hex_like,transpiler,SYNTHETIC_TARGET,"{""edges"": [[0, 1], [0, 3], [1, 0], [1, 2], [2, 1], [2, 3], [3, 0], [3, 2], [3, 4], [4, 3], [4, 5], [5, 4], [5, 6], [6, 5]], ""seed"": 7, ""basis"": [""id"", ""rz"", ""sx"", ""x"", ""ecr""], ""nodes"": 7}",a56c42c5929ac738475a61ad56ac38f9ce297f29f090779c0473725bc68476b5,null,,identity proxy before selection when layout is transpiler,2b5e0ed483cc3050468f9dbe07ba775d3779a0f5f0b1d9721b5967992a9fa793_synthetic_heavy_hex_like_7q_transpiler,teleport,47,v0.4.0,2b5e0ed483cc3050468f9dbe07ba775d3779a0f5f0b1d9721b5967992a9fa793_synthetic_heavy_hex_like_7q_transpiler_47,96,84,420,3.553243199999998e-05,-60,0.007341765995079186,True,,1.6034636151071808e-13,1e-10,logical Operator.equiv + routed zero/3 random states,"[3, 2, 1, 0]"
4,1.5,0.2,3,current,2b5e0ed483cc3050468f9dbe07ba775d3779a0f5f0b1d9721b5967992a9fa793,7053dcfa4d49723c39c3271f3f1855d8cc4ee612ed86840eb385db0a6e2af18b,415,294,259,156,19,1.6842105263157894,3,1.5,2,1,7,8,2.2857142857142856,3,1.8095238095238095,1.0,1.0,1,prospective,synthetic_irregular_7q_favorable,irregular,favorable,SYNTHETIC_TARGET,"{""edges"": [[0, 1], [0, 3], [1, 0], [1, 2], [2, 1], [2, 3], [2, 6], [3, 0], [3, 2], [3, 4], [4, 3], [4, 5], [5, 4], [5, 6], [6, 2], [6, 5]], ""seed"": 7, ""basis"": [""id"", ""rz"", ""sx"", ""x"", ""ecr""], ""nodes"": 7}",c8b003a1553d070cddc2acc63823ce20487791b575f8614922ec632ce2dbf9e1,"[0, 1, 2, 3]",,identity proxy before selection when layout is transpiler,2b5e0ed483cc3050468f9dbe07ba775d3779a0f5f0b1d9721b5967992a9fa793_synthetic_irregular_7q_favorable,basic,11,v0.4.0,2b5e0ed483cc3050468f9dbe07ba775d3779a0f5f0b1d9721b5967992a9fa793_synthetic_irregular_7q_favorable_11,98,86,342,3.093592199999996e-05,-34,0.007328578001761343,True,,1.0676664796480873e-13,1e-10,logical Operator.equiv + routed zero/3 random states,"[0, 1, 2, 3]"
4,1.5,0.2,3,current,2b5e0ed483cc3050468f9dbe07ba775d3779a0f5f0b1d9721b5967992a9fa793,7053dcfa4d49723c39c3271f3f1855d8cc4ee612ed86840eb385db0a6e2af18b,415,294,259,156,19,1.6842105263157894,3,1.5,2,1,7,8,2.2857142857142856,3,1.8095238095238095,1.0,1.0,1,prospective,synthetic_irregular_7q_favorable,irregular,favorable,SYNTHETIC_TARGET,"{""edges"": [[0, 1], [0, 3], [1, 0], [1, 2], [2, 1], [2, 3], [2, 6], [3, 0], [3, 2], [3, 4], [4, 3], [4, 5], [5, 4], [5, 6], [6, 2], [6, 5]], ""seed"": 7, ""basis"": [""id"", ""rz"", ""sx"", ""x"", ""ecr""], ""nodes"": 7}",c8b003a1553d070cddc2acc63823ce20487791b575f8614922ec632ce2dbf9e1,"[0, 1, 2, 3]",,identity proxy before selection when layout is transpiler,2b5e0ed483cc3050468f9dbe07ba775d3779a0f5f0b1d9721b5967992a9fa793_synthetic_irregular_7q_favorable,teleport,11,v0.4.0,2b5e0ed483cc3050468f9dbe07ba775d3779a0f5f0b1d9721b5967992a9fa793_synthetic_irregular_7q_favorable_11,96,84,303,2.9318873999999987e-05,-60,0.007035640002868604,True,,4.3141933220193115e-14,1e-10,logical Operator.equiv + routed zero/3 random states,"[0, 1, 2, 3]"
4,1.5,0.2,3,current,2b5e0ed483cc3050468f9dbe07ba775d3779a0f5f0b1d9721b5967992a9fa793,7053dcfa4d49723c39c3271f3f1855d8cc4ee612ed86840eb385db0a6e2af18b,415,294,259,156,19,1.6842105263157894,3,1.5,2,1,7,8,2.2857142857142856,3,1.8095238095238095,1.0,1.0,1,prospective,synthetic_irregular_7q_favorable,irregular,favorable,SYNTHETIC_TARGET,"{""edges"": [[0, 1], [0, 3], [1, 0], [1, 2], [2, 1], [2, 3], [2, 6], [3, 0], [3, 2], [3, 4], [4, 3], [4, 5], [5, 4], [5, 6], [6, 2], [6, 5]], ""seed"": 7, ""basis"": [""id"", ""rz"", ""sx"", ""x"", ""ecr""], ""nodes"": 7}",c8b003a1553d070cddc2acc63823ce20487791b575f8614922ec632ce2dbf9e1,"[0, 1, 2, 3]",,identity proxy before selection when layout is transpiler,2b5e0ed483cc3050468f9dbe07ba775d3779a0f5f0b1d9721b5967992a9fa793_synthetic_irregular_7q_favorable,basic,19,v0.4.0,2b5e0ed483cc3050468f9dbe07ba775d3779a0f5f0b1d9721b5967992a9fa793_synthetic_irregular_7q_favorable_19,98,86,342,3.093592199999996e-05,-34,0.01003852500434732,True,,1.0676664796480873e-13,1e-10,logical Operator.equiv + routed zero/3 random states,"[0, 1, 2, 3]"
4,1.5,0.2,3,current,2b5e0ed483cc3050468f9dbe07ba775d3779a0f5f0b1d9721b5967992a9fa793,7053dcfa4d49723c39c3271f3f1855d8cc4ee612ed86840eb385db0a6e2af18b,415,294,259,156,19,1.6842105263157894,3,1.5,2,1,7,8,2.2857142857142856,3,1.8095238095238095,1.0,1.0,1,prospective,synthetic_irregular_7q_favorable,irregular,favorable,SYNTHETIC_TARGET,"{""edges"": [[0, 1], [0, 3], [1, 0], [1, 2], [2, 1], [2, 3], [2, 6], [3, 0], [3, 2], [3, 4], [4, 3], [4, 5], [5, 4], [5, 6], [6, 2], [6, 5]], ""seed"": 7, ""basis"": [""id"", ""rz"", ""sx"", ""x"", ""ecr""], ""nodes"": 7}",c8b003a1553d070cddc2acc63823ce20487791b575f8614922ec632ce2dbf9e1,"[0, 1, 2, 3]",,identity proxy before selection when layout is transpiler,2b5e0ed483cc3050468f9dbe07ba775d3779a0f5f0b1d9721b5967992a9fa793_synthetic_irregular_7q_favorable,teleport,19,v0.4.0,2b5e0ed483cc3050468f9dbe07ba775d3779a0f5f0b1d9721b5967992a9fa793_synthetic_irregular_7q_favorable_19,96,84,303,2.9318873999999987e-05,-60,0.007004858001891989,True,,4.3141933220193115e-14,1e-10,logical Operator.equiv + routed zero/3 random states,"[0, 1, 2, 3]"
4,1.5,0.2,3,current,2b5e0ed483cc3050468f9dbe07ba775d3779a0f5f0b1d9721b5967992a9fa793,7053dcfa4d49723c39c3271f3f1855d8cc4ee612ed86840eb385db0a6e2af18b,415,294,259,156,19,1.6842105263157894,3,1.5,2,1,7,8,2.2857142857142856,3,1.8095238095238095,1.0,1.0,1,prospective,synthetic_irregular_7q_favorable,irregular,favorable,SYNTHETIC_TARGET,"{""edges"": [[0, 1], [0, 3], [1, 0], [1, 2], [2, 1], [2, 3], [2, 6], [3, 0], [3, 2], [3, 4], [4, 3], [4, 5], [5, 4], [5, 6], [6, 2], [6, 5]], ""seed"": 7, ""basis"": [""id"", ""rz"", ""sx"", ""x"", ""ecr""], ""nodes"": 7}",c8b003a1553d070cddc2acc63823ce20487791b575f8614922ec632ce2dbf9e1,"[0, 1, 2, 3]",,identity proxy before selection when layout is transpiler,2b5e0ed483cc3050468f9dbe07ba775d3779a0f5f0b1d9721b5967992a9fa793_synthetic_irregular_7q_favorable,basic,29,v0.4.0,2b5e0ed483cc3050468f9dbe07ba775d3779a0f5f0b1d9721b5967992a9fa793_synthetic_irregular_7q_favorable_29,98,86,342,3.093592199999996e-05,-34,0.007257520002895035,True,,1.0676664796480873e-13,1e-10,logical Operator.equiv + routed zero/3 random states,"[0, 1, 2, 3]"
4,1.5,0.2,3,current,2b5e0ed483cc3050468f9dbe07ba775d3779a0f5f0b1d9721b5967992a9fa793,7053dcfa4d49723c39c3271f3f1855d8cc4ee612ed86840eb385db0a6e2af18b,415,294,259,156,19,1.6842105263157894,3,1.5,2,1,7,8,2.2857142857142856,3,1.8095238095238095,1.0,1.0,1,prospective,synthetic_irregular_7q_favorable,irregular,favorable,SYNTHETIC_TARGET,"{""edges"": [[0, 1], [0, 3], [1, 0], [1, 2], [2, 1], [2, 3], [2, 6], [3, 0], [3, 2], [3, 4], [4, 3], [4, 5], [5, 4], [5, 6], [6, 2], [6, 5]], ""seed"": 7, ""basis"": [""id"", ""rz"", ""sx"", ""x"", ""ecr""], ""nodes"": 7}",c8b003a1553d070cddc2acc63823ce20487791b575f8614922ec632ce2dbf9e1,"[0, 1, 2, 3]",,identity proxy before selection when layout is transpiler,2b5e0ed483cc3050468f9dbe07ba775d3779a0f5f0b1d9721b5967992a9fa793_synthetic_irregular_7q_favorable,teleport,29,v0.4.0,2b5e0ed483cc3050468f9dbe07ba775d3779a0f5f0b1d9721b5967992a9fa793_synthetic_irregular_7q_favorable_29,96,84,303,2.9318873999999987e-05,-60,0.007485420996090397,True,,4.3141933220193115e-14,1e-10,logical Operator.equiv + routed zero/3 random states,"[0, 1, 2, 3]"
4,1.5,0.2,3,current,2b5e0ed483cc3050468f9dbe07ba775d3779a0f5f0b1d9721b5967992a9fa793,7053dcfa4d49723c39c3271f3f1855d8cc4ee612ed86840eb385db0a6e2af18b,415,294,259,156,19,1.6842105263157894,3,1.5,2,1,7,8,2.2857142857142856,3,1.8095238095238095,1.0,1.0,1,prospective,synthetic_irregular_7q_favorable,irregular,favorable,SYNTHETIC_TARGET,"{""edges"": [[0, 1], [0, 3], [1, 0], [1, 2], [2, 1], [2, 3], [2, 6], [3, 0], [3, 2], [3, 4], [4, 3], [4, 5], [5, 4], [5, 6], [6, 2], [6, 5]], ""seed"": 7, ""basis"": [""id"", ""rz"", ""sx"", ""x"", ""ecr""], ""nodes"": 7}",c8b003a1553d070cddc2acc63823ce20487791b575f8614922ec632ce2dbf9e1,"[0, 1, 2, 3]",,identity proxy before selection when layout is transpiler,2b5e0ed483cc3050468f9dbe07ba775d3779a0f5f0b1d9721b5967992a9fa793_synthetic_irregular_7q_favorable,basic,37,v0.4.0,2b5e0ed483cc3050468f9dbe07ba775d3779a0f5f0b1d9721b5967992a9fa793_synthetic_irregular_7q_favorable_37,98,86,342,3.093592199999996e-05,-34,0.007466745999408886,True,,1.0676664796480873e-13,1e-10,logical Operator.equiv + routed zero/3 random states,"[0, 1, 2, 3]"
4,1.5,0.2,3,current,2b5e0ed483cc3050468f9dbe07ba775d3779a0f5f0b1d9721b5967992a9fa793,7053dcfa4d49723c39c3271f3f1855d8cc4ee612ed86840eb385db0a6e2af18b,415,294,259,156,19,1.6842105263157894,3,1.5,2,1,7,8,2.2857142857142856,3,1.8095238095238095,1.0,1.0,1,prospective,synthetic_irregular_7q_favorable,irregular,favorable,SYNTHETIC_TARGET,"{""edges"": [[0, 1], [0, 3], [1, 0], [1, 2], [2, 1], [2, 3], [2, 6], [3, 0], [3, 2], [3, 4], [4, 3], [4, 5], [5, 4], [5, 6], [6, 2], [6, 5]], ""seed"": 7, ""basis"": [""id"", ""rz"", ""sx"", ""x"", ""ecr""], ""nodes"": 7}",c8b003a1553d070cddc2acc63823ce20487791b575f8614922ec632ce2dbf9e1,"[0, 1, 2, 3]",,identity proxy before selection when layout is transpiler,2b5e0ed483cc3050468f9dbe07ba775d3779a0f5f0b1d9721b5967992a9fa793_synthetic_irregular_7q_favorable,teleport,37,v0.4.0,2b5e0ed483cc3050468f9dbe07ba775d3779a0f5f0b1d9721b5967992a9fa793_synthetic_irregular_7q_favorable_37,96,84,303,2.9318873999999987e-05,-60,0.006900414002302568,True,,4.3141933220193115e-14,1e-10,logical Operator.equiv + routed zero/3 random states,"[0, 1, 2, 3]"
4,1.5,0.2,3,current,2b5e0ed483cc3050468f9dbe07ba775d3779a0f5f0b1d9721b5967992a9fa793,7053dcfa4d49723c39c3271f3f1855d8cc4ee612ed86840eb385db0a6e2af18b,415,294,259,156,19,1.6842105263157894,3,1.5,2,1,7,8,2.2857142857142856,3,1.8095238095238095,1.0,1.0,1,prospective,synthetic_irregular_7q_favorable,irregular,favorable,SYNTHETIC_TARGET,"{""edges"": [[0, 1], [0, 3], [1, 0], [1, 2], [2, 1], [2, 3], [2, 6], [3, 0], [3, 2], [3, 4], [4, 3], [4, 5], [5, 4], [5, 6], [6, 2], [6, 5]], ""seed"": 7, ""basis"": [""id"", ""rz"", ""sx"", ""x"", ""ecr""], ""nodes"": 7}",c8b003a1553d070cddc2acc63823ce20487791b575f8614922ec632ce2dbf9e1,"[0, 1, 2, 3]",,identity proxy before selection when layout is transpiler,2b5e0ed483cc3050468f9dbe07ba775d3779a0f5f0b1d9721b5967992a9fa793_synthetic_irregular_7q_favorable,basic,47,v0.4.0,2b5e0ed483cc3050468f9dbe07ba775d3779a0f5f0b1d9721b5967992a9fa793_synthetic_irregular_7q_favorable_47,98,86,342,3.093592199999996e-05,-34,0.008292862999951467,True,,1.0676664796480873e-13,1e-10,logical Operator.equiv + routed zero/3 random states,"[0, 1, 2, 3]"
4,1.5,0.2,3,current,2b5e0ed483cc3050468f9dbe07ba775d3779a0f5f0b1d9721b5967992a9fa793,7053dcfa4d49723c39c3271f3f1855d8cc4ee612ed86840eb385db0a6e2af18b,415,294,259,156,19,1.6842105263157894,3,1.5,2,1,7,8,2.2857142857142856,3,1.8095238095238095,1.0,1.0,1,prospective,synthetic_irregular_7q_favorable,irregular,favorable,SYNTHETIC_TARGET,"{""edges"": [[0, 1], [0, 3], [1, 0], [1, 2], [2, 1], [2, 3], [2, 6], [3, 0], [3, 2], [3, 4], [4, 3], [4, 5], [5, 4], [5, 6], [6, 2], [6, 5]], ""seed"": 7, ""basis"": [""id"", ""rz"", ""sx"", ""x"", ""ecr""], ""nodes"": 7}",c8b003a1553d070cddc2acc63823ce20487791b575f8614922ec632ce2dbf9e1,"[0, 1, 2, 3]",,identity proxy before selection when layout is transpiler,2b5e0ed483cc3050468f9dbe07ba775d3779a0f5f0b1d9721b5967992a9fa793_synthetic_irregular_7q_favorable,teleport,47,v0.4.0,2b5e0ed483cc3050468f9dbe07ba775d3779a0f5f0b1d9721b5967992a9fa793_synthetic_irregular_7q_favorable_47,96,84,303,2.9318873999999987e-05,-60,0.006923254004504997,True,,4.3141933220193115e-14,1e-10,logical Operator.equiv + routed zero/3 random states,"[0, 1, 2, 3]"
4,1.5,0.2,3,current,2b5e0ed483cc3050468f9dbe07ba775d3779a0f5f0b1d9721b5967992a9fa793,7053dcfa4d49723c39c3271f3f1855d8cc4ee612ed86840eb385db0a6e2af18b,415,294,259,156,19,1.6842105263157894,3,1.5,2,1,7,8,2.2857142857142856,3,1.8095238095238095,1.6153846153846154,2.0,1,prospective,synthetic_irregular_7q_spread,irregular,spread,SYNTHETIC_TARGET,"{""edges"": [[0, 1], [0, 3], [1, 0], [1, 2], [2, 1], [2, 3], [2, 6], [3, 0], [3, 2], [3, 4], [4, 3], [4, 5], [5, 4], [5, 6], [6, 2], [6, 5]], ""seed"": 7, ""basis"": [""id"", ""rz"", ""sx"", ""x"", ""ecr""], ""nodes"": 7}",c8b003a1553d070cddc2acc63823ce20487791b575f8614922ec632ce2dbf9e1,"[0, 2, 3, 5]",,identity proxy before selection when layout is transpiler,2b5e0ed483cc3050468f9dbe07ba775d3779a0f5f0b1d9721b5967992a9fa793_synthetic_irregular_7q_spread,basic,11,v0.4.0,2b5e0ed483cc3050468f9dbe07ba775d3779a0f5f0b1d9721b5967992a9fa793_synthetic_irregular_7q_spread_11,104,89,376,4.110907200000002e-05,-28,0.008072167001955677,True,,1.0813243120447348e-13,1e-10,logical Operator.equiv + routed zero/3 random states,"[0, 3, 2, 6]"
4,1.5,0.2,3,current,2b5e0ed483cc3050468f9dbe07ba775d3779a0f5f0b1d9721b5967992a9fa793,7053dcfa4d49723c39c3271f3f1855d8cc4ee612ed86840eb385db0a6e2af18b,415,294,259,156,19,1.6842105263157894,3,1.5,2,1,7,8,2.2857142857142856,3,1.8095238095238095,1.6153846153846154,2.0,1,prospective,synthetic_irregular_7q_spread,irregular,spread,SYNTHETIC_TARGET,"{""edges"": [[0, 1], [0, 3], [1, 0], [1, 2], [2, 1], [2, 3], [2, 6], [3, 0], [3, 2], [3, 4], [4, 3], [4, 5], [5, 4], [5, 6], [6, 2], [6, 5]], ""seed"": 7, ""basis"": [""id"", ""rz"", ""sx"", ""x"", ""ecr""], ""nodes"": 7}",c8b003a1553d070cddc2acc63823ce20487791b575f8614922ec632ce2dbf9e1,"[0, 2, 3, 5]",,identity proxy before selection when layout is transpiler,2b5e0ed483cc3050468f9dbe07ba775d3779a0f5f0b1d9721b5967992a9fa793_synthetic_irregular_7q_spread,teleport,11,v0.4.0,2b5e0ed483cc3050468f9dbe07ba775d3779a0f5f0b1d9721b5967992a9fa793_synthetic_irregular_7q_spread_11,102,87,335,3.641399399999999e-05,-54,0.007008521002717316,True,,5.820637745511702e-14,1e-10,logical Operator.equiv + routed zero/3 random states,"[0, 3, 2, 6]"
4,1.5,0.2,3,current,2b5e0ed483cc3050468f9dbe07ba775d3779a0f5f0b1d9721b5967992a9fa793,7053dcfa4d49723c39c3271f3f1855d8cc4ee612ed86840eb385db0a6e2af18b,415,294,259,156,19,1.6842105263157894,3,1.5,2,1,7,8,2.2857142857142856,3,1.8095238095238095,1.6153846153846154,2.0,1,prospective,synthetic_irregular_7q_spread,irregular,spread,SYNTHETIC_TARGET,"{""edges"": [[0, 1], [0, 3], [1, 0], [1, 2], [2, 1], [2, 3], [2, 6], [3, 0], [3, 2], [3, 4], [4, 3], [4, 5], [5, 4], [5, 6], [6, 2], [6, 5]], ""seed"": 7, ""basis"": [""id"", ""rz"", ""sx"", ""x"", ""ecr""], ""nodes"": 7}",c8b003a1553d070cddc2acc63823ce20487791b575f8614922ec632ce2dbf9e1,"[0, 2, 3, 5]",,identity proxy before selection when layout is transpiler,2b5e0ed483cc3050468f9dbe07ba775d3779a0f5f0b1d9721b5967992a9fa793_synthetic_irregular_7q_spread,basic,19,v0.4.0,2b5e0ed483cc3050468f9dbe07ba775d3779a0f5f0b1d9721b5967992a9fa793_synthetic_irregular_7q_spread_19,104,89,376,4.110907200000002e-05,-28,0.007339577001403086,True,,1.0813243120447348e-13,1e-10,logical Operator.equiv + routed zero/3 random states,"[0, 3, 2, 6]"
4,1.5,0.2,3,current,2b5e0ed483cc3050468f9dbe07ba775d3779a0f5f0b1d9721b5967992a9fa793,7053dcfa4d49723c39c3271f3f1855d8cc4ee612ed86840eb385db0a6e2af18b,415,294,259,156,19,1.6842105263157894,3,1.5,2,1,7,8,2.2857142857142856,3,1.8095238095238095,1.6153846153846154,2.0,1,prospective,synthetic_irregular_7q_spread,irregular,spread,SYNTHETIC_TARGET,"{""edges"": [[0, 1], [0, 3], [1, 0], [1, 2], [2, 1], [2, 3], [2, 6], [3, 0], [3, 2], [3, 4], [4, 3], [4, 5], [5, 4], [5, 6], [6, 2], [6, 5]], ""seed"": 7, ""basis"": [""id"", ""rz"", ""sx"", ""x"", ""ecr""], ""nodes"": 7}",c8b003a1553d070cddc2acc63823ce20487791b575f8614922ec632ce2dbf9e1,"[0, 2, 3, 5]",,identity proxy before selection when layout is transpiler,2b5e0ed483cc3050468f9dbe07ba775d3779a0f5f0b1d9721b5967992a9fa793_synthetic_irregular_7q_spread,teleport,19,v0.4.0,2b5e0ed483cc3050468f9dbe07ba775d3779a0f5f0b1d9721b5967992a9fa793_synthetic_irregular_7q_spread_19,102,87,335,3.641399399999999e-05,-54,0.007402969000395387,True,,5.820637745511702e-14,1e-10,logical Operator.equiv + routed zero/3 random states,"[0, 3, 2, 6]"
4,1.5,0.2,3,current,2b5e0ed483cc3050468f9dbe07ba775d3779a0f5f0b1d9721b5967992a9fa793,7053dcfa4d49723c39c3271f3f1855d8cc4ee612ed86840eb385db0a6e2af18b,415,294,259,156,19,1.6842105263157894,3,1.5,2,1,7,8,2.2857142857142856,3,1.8095238095238095,1.6153846153846154,2.0,1,prospective,synthetic_irregular_7q_spread,irregular,spread,SYNTHETIC_TARGET,"{""edges"": [[0, 1], [0, 3], [1, 0], [1, 2], [2, 1], [2, 3], [2, 6], [3, 0], [3, 2], [3, 4], [4, 3], [4, 5], [5, 4], [5, 6], [6, 2], [6, 5]], ""seed"": 7, ""basis"": [""id"", ""rz"", ""sx"", ""x"", ""ecr""], ""nodes"": 7}",c8b003a1553d070cddc2acc63823ce20487791b575f8614922ec632ce2dbf9e1,"[0, 2, 3, 5]",,identity proxy before selection when layout is transpiler,2b5e0ed483cc3050468f9dbe07ba775d3779a0f5f0b1d9721b5967992a9fa793_synthetic_irregular_7q_spread,basic,29,v0.4.0,2b5e0ed483cc3050468f9dbe07ba775d3779a0f5f0b1d9721b5967992a9fa793_synthetic_irregular_7q_spread_29,104,89,376,4.110907200000002e-05,-28,0.007902871999249328,True,,1.0813243120447348e-13,1e-10,logical Operator.equiv + routed zero/3 random states,"[0, 3, 2, 6]"
4,1.5,0.2,3,current,2b5e0ed483cc3050468f9dbe07ba775d3779a0f5f0b1d9721b5967992a9fa793,7053dcfa4d49723c39c3271f3f1855d8cc4ee612ed86840eb385db0a6e2af18b,415,294,259,156,19,1.6842105263157894,3,1.5,2,1,7,8,2.2857142857142856,3,1.8095238095238095,1.6153846153846154,2.0,1,prospective,synthetic_irregular_7q_spread,irregular,spread,SYNTHETIC_TARGET,"{""edges"": [[0, 1], [0, 3], [1, 0], [1, 2], [2, 1], [2, 3], [2, 6], [3, 0], [3, 2], [3, 4], [4, 3], [4, 5], [5, 4], [5, 6], [6, 2], [6, 5]], ""seed"": 7, ""basis"": [""id"", ""rz"", ""sx"", ""x"", ""ecr""], ""nodes"": 7}",c8b003a1553d070cddc2acc63823ce20487791b575f8614922ec632ce2dbf9e1,"[0, 2, 3, 5]",,identity proxy before selection when layout is transpiler,2b5e0ed483cc3050468f9dbe07ba775d3779a0f5f0b1d9721b5967992a9fa793_synthetic_irregular_7q_spread,teleport,29,v0.4.0,2b5e0ed483cc3050468f9dbe07ba775d3779a0f5f0b1d9721b5967992a9fa793_synthetic_irregular_7q_spread_29,102,87,335,3.641399399999999e-05,-54,0.0073943380048149265,True,,5.820637745511702e-14,1e-10,logical Operator.equiv + routed zero/3 random states,"[0, 3, 2, 6]"
4,1.5,0.2,3,current,2b5e0ed483cc3050468f9dbe07ba775d3779a0f5f0b1d9721b5967992a9fa793,7053dcfa4d49723c39c3271f3f1855d8cc4ee612ed86840eb385db0a6e2af18b,415,294,259,156,19,1.6842105263157894,3,1.5,2,1,7,8,2.2857142857142856,3,1.8095238095238095,1.6153846153846154,2.0,1,prospective,synthetic_irregular_7q_spread,irregular,spread,SYNTHETIC_TARGET,"{""edges"": [[0, 1], [0, 3], [1, 0], [1, 2], [2, 1], [2, 3], [2, 6], [3, 0], [3, 2], [3, 4], [4, 3], [4, 5], [5, 4], [5, 6], [6, 2], [6, 5]], ""seed"": 7, ""basis"": [""id"", ""rz"", ""sx"", ""x"", ""ecr""], ""nodes"": 7}",c8b003a1553d070cddc2acc63823ce20487791b575f8614922ec632ce2dbf9e1,"[0, 2, 3, 5]",,identity proxy before selection when layout is transpiler,2b5e0ed483cc3050468f9dbe07ba775d3779a0f5f0b1d9721b5967992a9fa793_synthetic_irregular_7q_spread,basic,37,v0.4.0,2b5e0ed483cc3050468f9dbe07ba775d3779a0f5f0b1d9721b5967992a9fa793_synthetic_irregular_7q_spread_37,104,89,376,4.110907200000002e-05,-28,0.00822768900252413,True,,1.0813243120447348e-13,1e-10,logical Operator.equiv + routed zero/3 random states,"[0, 3, 2, 6]"
4,1.5,0.2,3,current,2b5e0ed483cc3050468f9dbe07ba775d3779a0f5f0b1d9721b5967992a9fa793,7053dcfa4d49723c39c3271f3f1855d8cc4ee612ed86840eb385db0a6e2af18b,415,294,259,156,19,1.6842105263157894,3,1.5,2,1,7,8,2.2857142857142856,3,1.8095238095238095,1.6153846153846154,2.0,1,prospective,synthetic_irregular_7q_spread,irregular,spread,SYNTHETIC_TARGET,"{""edges"": [[0, 1], [0, 3], [1, 0], [1, 2], [2, 1], [2, 3], [2, 6], [3, 0], [3, 2], [3, 4], [4, 3], [4, 5], [5, 4], [5, 6], [6, 2], [6, 5]], ""seed"": 7, ""basis"": [""id"", ""rz"", ""sx"", ""x"", ""ecr""], ""nodes"": 7}",c8b003a1553d070cddc2acc63823ce20487791b575f8614922ec632ce2dbf9e1,"[0, 2, 3, 5]",,identity proxy before selection when layout is transpiler,2b5e0ed483cc3050468f9dbe07ba775d3779a0f5f0b1d9721b5967992a9fa793_synthetic_irregular_7q_spread,teleport,37,v0.4.0,2b5e0ed483cc3050468f9dbe07ba775d3779a0f5f0b1d9721b5967992a9fa793_synthetic_irregular_7q_spread_37,102,87,335,3.641399399999999e-05,-54,0.009088378996239044,True,,5.820637745511702e-14,1e-10,logical Operator.equiv + routed zero/3 random states,"[0, 3, 2, 6]"
4,1.5,0.2,3,current,2b5e0ed483cc3050468f9dbe07ba775d3779a0f5f0b1d9721b5967992a9fa793,7053dcfa4d49723c39c3271f3f1855d8cc4ee612ed86840eb385db0a6e2af18b,415,294,259,156,19,1.6842105263157894,3,1.5,2,1,7,8,2.2857142857142856,3,1.8095238095238095,1.6153846153846154,2.0,1,prospective,synthetic_irregular_7q_spread,irregular,spread,SYNTHETIC_TARGET,"{""edges"": [[0, 1], [0, 3], [1, 0], [1, 2], [2, 1], [2, 3], [2, 6], [3, 0], [3, 2], [3, 4], [4, 3], [4, 5], [5, 4], [5, 6], [6, 2], [6, 5]], ""seed"": 7, ""basis"": [""id"", ""rz"", ""sx"", ""x"", ""ecr""], ""nodes"": 7}",c8b003a1553d070cddc2acc63823ce20487791b575f8614922ec632ce2dbf9e1,"[0, 2, 3, 5]",,identity proxy before selection when layout is transpiler,2b5e0ed483cc3050468f9dbe07ba775d3779a0f5f0b1d9721b5967992a9fa793_synthetic_irregular_7q_spread,basic,47,v0.4.0,2b5e0ed483cc3050468f9dbe07ba775d3779a0f5f0b1d9721b5967992a9fa793_synthetic_irregular_7q_spread_47,104,89,376,4.110907200000002e-05,-28,0.008025964998523705,True,,1.0813243120447348e-13,1e-10,logical Operator.equiv + routed zero/3 random states,"[0, 3, 2, 6]"
4,1.5,0.2,3,current,2b5e0ed483cc3050468f9dbe07ba775d3779a0f5f0b1d9721b5967992a9fa793,7053dcfa4d49723c39c3271f3f1855d8cc4ee612ed86840eb385db0a6e2af18b,415,294,259,156,19,1.6842105263157894,3,1.5,2,1,7,8,2.2857142857142856,3,1.8095238095238095,1.6153846153846154,2.0,1,prospective,synthetic_irregular_7q_spread,irregular,spread,SYNTHETIC_TARGET,"{""edges"": [[0, 1], [0, 3], [1, 0], [1, 2], [2, 1], [2, 3], [2, 6], [3, 0], [3, 2], [3, 4], [4, 3], [4, 5], [5, 4], [5, 6], [6, 2], [6, 5]], ""seed"": 7, ""basis"": [""id"", ""rz"", ""sx"", ""x"", ""ecr""], ""nodes"": 7}",c8b003a1553d070cddc2acc63823ce20487791b575f8614922ec632ce2dbf9e1,"[0, 2, 3, 5]",,identity proxy before selection when layout is transpiler,2b5e0ed483cc3050468f9dbe07ba775d3779a0f5f0b1d9721b5967992a9fa793_synthetic_irregular_7q_spread,teleport,47,v0.4.0,2b5e0ed483cc3050468f9dbe07ba775d3779a0f5f0b1d9721b5967992a9fa793_synthetic_irregular_7q_spread_47,102,87,335,3.641399399999999e-05,-54,0.007203040004242212,True,,5.820637745511702e-14,1e-10,logical Operator.equiv + routed zero/3 random states,"[0, 3, 2, 6]"
4,1.5,0.2,3,reversed,8e4246a80f37dc867d0cfe5b703c5e97fe1bd50168e294b8649e2eadb63771f1,ac9e11c5e0ad6cf029dbb306c1c1878bd17bda5d9f0f07da06929dd1ce826be0,415,295,259,156,19,1.6842105263157894,3,1.5,2,1,6,5,1.6666666666666667,5,2.3333333333333335,1.0,1.0,1,prospective,synthetic_line_6q_favorable,line,favorable,SYNTHETIC_TARGET,"{""edges"": [[0, 1], [1, 0], [1, 2], [2, 1], [2, 3], [3, 2], [3, 4], [4, 3], [4, 5], [5, 4]], ""seed"": 7, ""basis"": [""id"", ""rz"", ""sx"", ""x"", ""ecr""], ""nodes"": 6}",ccfecec17e274607ed29176fa4c2a758de445cb0e2e85ddcc1bbcb36bd80dcb3,"[0, 1, 2, 3]",,identity proxy before selection when layout is transpiler,8e4246a80f37dc867d0cfe5b703c5e97fe1bd50168e294b8649e2eadb63771f1_synthetic_line_6q_favorable,basic,11,v0.4.0,8e4246a80f37dc867d0cfe5b703c5e97fe1bd50168e294b8649e2eadb63771f1_synthetic_line_6q_favorable_11,104,92,364,6.492833999999994e-05,-34,0.007270980000612326,True,,6.208832930579575e-14,1e-10,logical Operator.equiv + routed zero/3 random states,"[0, 1, 2, 3]"
4,1.5,0.2,3,reversed,8e4246a80f37dc867d0cfe5b703c5e97fe1bd50168e294b8649e2eadb63771f1,ac9e11c5e0ad6cf029dbb306c1c1878bd17bda5d9f0f07da06929dd1ce826be0,415,295,259,156,19,1.6842105263157894,3,1.5,2,1,6,5,1.6666666666666667,5,2.3333333333333335,1.0,1.0,1,prospective,synthetic_line_6q_favorable,line,favorable,SYNTHETIC_TARGET,"{""edges"": [[0, 1], [1, 0], [1, 2], [2, 1], [2, 3], [3, 2], [3, 4], [4, 3], [4, 5], [5, 4]], ""seed"": 7, ""basis"": [""id"", ""rz"", ""sx"", ""x"", ""ecr""], ""nodes"": 6}",ccfecec17e274607ed29176fa4c2a758de445cb0e2e85ddcc1bbcb36bd80dcb3,"[0, 1, 2, 3]",,identity proxy before selection when layout is transpiler,8e4246a80f37dc867d0cfe5b703c5e97fe1bd50168e294b8649e2eadb63771f1_synthetic_line_6q_favorable,teleport,11,v0.4.0,8e4246a80f37dc867d0cfe5b703c5e97fe1bd50168e294b8649e2eadb63771f1_synthetic_line_6q_favorable_11,98,86,303,6.462686399999996e-05,-58,0.007504383000195958,True,,1.151244265118865e-14,1e-10,logical Operator.equiv + routed zero/3 random states,"[0, 1, 2, 3]"
4,1.5,0.2,3,reversed,8e4246a80f37dc867d0cfe5b703c5e97fe1bd50168e294b8649e2eadb63771f1,ac9e11c5e0ad6cf029dbb306c1c1878bd17bda5d9f0f07da06929dd1ce826be0,415,295,259,156,19,1.6842105263157894,3,1.5,2,1,6,5,1.6666666666666667,5,2.3333333333333335,1.0,1.0,1,prospective,synthetic_line_6q_favorable,line,favorable,SYNTHETIC_TARGET,"{""edges"": [[0, 1], [1, 0], [1, 2], [2, 1], [2, 3], [3, 2], [3, 4], [4, 3], [4, 5], [5, 4]], ""seed"": 7, ""basis"": [""id"", ""rz"", ""sx"", ""x"", ""ecr""], ""nodes"": 6}",ccfecec17e274607ed29176fa4c2a758de445cb0e2e85ddcc1bbcb36bd80dcb3,"[0, 1, 2, 3]",,identity proxy before selection when layout is transpiler,8e4246a80f37dc867d0cfe5b703c5e97fe1bd50168e294b8649e2eadb63771f1_synthetic_line_6q_favorable,basic,19,v0.4.0,8e4246a80f37dc867d0cfe5b703c5e97fe1bd50168e294b8649e2eadb63771f1_synthetic_line_6q_favorable_19,104,92,364,6.492833999999994e-05,-34,0.008321219000208657,True,,6.208832930579575e-14,1e-10,logical Operator.equiv + routed zero/3 random states,"[0, 1, 2, 3]"
4,1.5,0.2,3,reversed,8e4246a80f37dc867d0cfe5b703c5e97fe1bd50168e294b8649e2eadb63771f1,ac9e11c5e0ad6cf029dbb306c1c1878bd17bda5d9f0f07da06929dd1ce826be0,415,295,259,156,19,1.6842105263157894,3,1.5,2,1,6,5,1.6666666666666667,5,2.3333333333333335,1.0,1.0,1,prospective,synthetic_line_6q_favorable,line,favorable,SYNTHETIC_TARGET,"{""edges"": [[0, 1], [1, 0], [1, 2], [2, 1], [2, 3], [3, 2], [3, 4], [4, 3], [4, 5], [5, 4]], ""seed"": 7, ""basis"": [""id"", ""rz"", ""sx"", ""x"", ""ecr""], ""nodes"": 6}",ccfecec17e274607ed29176fa4c2a758de445cb0e2e85ddcc1bbcb36bd80dcb3,"[0, 1, 2, 3]",,identity proxy before selection when layout is transpiler,8e4246a80f37dc867d0cfe5b703c5e97fe1bd50168e294b8649e2eadb63771f1_synthetic_line_6q_favorable,teleport,19,v0.4.0,8e4246a80f37dc867d0cfe5b703c5e97fe1bd50168e294b8649e2eadb63771f1_synthetic_line_6q_favorable_19,98,86,303,6.462686399999996e-05,-58,0.007257822995597962,True,,1.151244265118865e-14,1e-10,logical Operator.equiv + routed zero/3 random states,"[0, 1, 2, 3]"
4,1.5,0.2,3,reversed,8e4246a80f37dc867d0cfe5b703c5e97fe1bd50168e294b8649e2eadb63771f1,ac9e11c5e0ad6cf029dbb306c1c1878bd17bda5d9f0f07da06929dd1ce826be0,415,295,259,156,19,1.6842105263157894,3,1.5,2,1,6,5,1.6666666666666667,5,2.3333333333333335,1.0,1.0,1,prospective,synthetic_line_6q_favorable,line,favorable,SYNTHETIC_TARGET,"{""edges"": [[0, 1], [1, 0], [1, 2], [2, 1], [2, 3], [3, 2], [3, 4], [4, 3], [4, 5], [5, 4]], ""seed"": 7, ""basis"": [""id"", ""rz"", ""sx"", ""x"", ""ecr""], ""nodes"": 6}",ccfecec17e274607ed29176fa4c2a758de445cb0e2e85ddcc1bbcb36bd80dcb3,"[0, 1, 2, 3]",,identity proxy before selection when layout is transpiler,8e4246a80f37dc867d0cfe5b703c5e97fe1bd50168e294b8649e2eadb63771f1_synthetic_line_6q_favorable,basic,29,v0.4.0,8e4246a80f37dc867d0cfe5b703c5e97fe1bd50168e294b8649e2eadb63771f1_synthetic_line_6q_favorable_29,104,92,364,6.492833999999994e-05,-34,0.007547195004008245,True,,6.208832930579575e-14,1e-10,logical Operator.equiv + routed zero/3 random states,"[0, 1, 2, 3]"
4,1.5,0.2,3,reversed,8e4246a80f37dc867d0cfe5b703c5e97fe1bd50168e294b8649e2eadb63771f1,ac9e11c5e0ad6cf029dbb306c1c1878bd17bda5d9f0f07da06929dd1ce826be0,415,295,259,156,19,1.6842105263157894,3,1.5,2,1,6,5,1.6666666666666667,5,2.3333333333333335,1.0,1.0,1,prospective,synthetic_line_6q_favorable,line,favorable,SYNTHETIC_TARGET,"{""edges"": [[0, 1], [1, 0], [1, 2], [2, 1], [2, 3], [3, 2], [3, 4], [4, 3], [4, 5], [5, 4]], ""seed"": 7, ""basis"": [""id"", ""rz"", ""sx"", ""x"", ""ecr""], ""nodes"": 6}",ccfecec17e274607ed29176fa4c2a758de445cb0e2e85ddcc1bbcb36bd80dcb3,"[0, 1, 2, 3]",,identity proxy before selection when layout is transpiler,8e4246a80f37dc867d0cfe5b703c5e97fe1bd50168e294b8649e2eadb63771f1_synthetic_line_6q_favorable,teleport,29,v0.4.0,8e4246a80f37dc867d0cfe5b703c5e97fe1bd50168e294b8649e2eadb63771f1_synthetic_line_6q_favorable_29,98,86,303,6.462686399999996e-05,-58,0.007122391994926147,True,,1.151244265118865e-14,1e-10,logical Operator.equiv + routed zero/3 random states,"[0, 1, 2, 3]"
4,1.5,0.2,3,reversed,8e4246a80f37dc867d0cfe5b703c5e97fe1bd50168e294b8649e2eadb63771f1,ac9e11c5e0ad6cf029dbb306c1c1878bd17bda5d9f0f07da06929dd1ce826be0,415,295,259,156,19,1.6842105263157894,3,1.5,2,1,6,5,1.6666666666666667,5,2.3333333333333335,1.0,1.0,1,prospective,synthetic_line_6q_favorable,line,favorable,SYNTHETIC_TARGET,"{""edges"": [[0, 1], [1, 0], [1, 2], [2, 1], [2, 3], [3, 2], [3, 4], [4, 3], [4, 5], [5, 4]], ""seed"": 7, ""basis"": [""id"", ""rz"", ""sx"", ""x"", ""ecr""], ""nodes"": 6}",ccfecec17e274607ed29176fa4c2a758de445cb0e2e85ddcc1bbcb36bd80dcb3,"[0, 1, 2, 3]",,identity proxy before selection when layout is transpiler,8e4246a80f37dc867d0cfe5b703c5e97fe1bd50168e294b8649e2eadb63771f1_synthetic_line_6q_favorable,basic,37,v0.4.0,8e4246a80f37dc867d0cfe5b703c5e97fe1bd50168e294b8649e2eadb63771f1_synthetic_line_6q_favorable_37,104,92,364,6.492833999999994e-05,-34,0.007831846000044607,True,,6.208832930579575e-14,1e-10,logical Operator.equiv + routed zero/3 random states,"[0, 1, 2, 3]"
4,1.5,0.2,3,reversed,8e4246a80f37dc867d0cfe5b703c5e97fe1bd50168e294b8649e2eadb63771f1,ac9e11c5e0ad6cf029dbb306c1c1878bd17bda5d9f0f07da06929dd1ce826be0,415,295,259,156,19,1.6842105263157894,3,1.5,2,1,6,5,1.6666666666666667,5,2.3333333333333335,1.0,1.0,1,prospective,synthetic_line_6q_favorable,line,favorable,SYNTHETIC_TARGET,"{""edges"": [[0, 1], [1, 0], [1, 2], [2, 1], [2, 3], [3, 2], [3, 4], [4, 3], [4, 5], [5, 4]], ""seed"": 7, ""basis"": [""id"", ""rz"", ""sx"", ""x"", ""ecr""], ""nodes"": 6}",ccfecec17e274607ed29176fa4c2a758de445cb0e2e85ddcc1bbcb36bd80dcb3,"[0, 1, 2, 3]",,identity proxy before selection when layout is transpiler,8e4246a80f37dc867d0cfe5b703c5e97fe1bd50168e294b8649e2eadb63771f1_synthetic_line_6q_favorable,teleport,37,v0.4.0,8e4246a80f37dc867d0cfe5b703c5e97fe1bd50168e294b8649e2eadb63771f1_synthetic_line_6q_favorable_37,98,86,303,6.462686399999996e-05,-58,0.007494594996387605,True,,1.151244265118865e-14,1e-10,logical Operator.equiv + routed zero/3 random states,"[0, 1, 2, 3]"
4,1.5,0.2,3,reversed,8e4246a80f37dc867d0cfe5b703c5e97fe1bd50168e294b8649e2eadb63771f1,ac9e11c5e0ad6cf029dbb306c1c1878bd17bda5d9f0f07da06929dd1ce826be0,415,295,259,156,19,1.6842105263157894,3,1.5,2,1,6,5,1.6666666666666667,5,2.3333333333333335,1.0,1.0,1,prospective,synthetic_line_6q_favorable,line,favorable,SYNTHETIC_TARGET,"{""edges"": [[0, 1], [1, 0], [1, 2], [2, 1], [2, 3], [3, 2], [3, 4], [4, 3], [4, 5], [5, 4]], ""seed"": 7, ""basis"": [""id"", ""rz"", ""sx"", ""x"", ""ecr""], ""nodes"": 6}",ccfecec17e274607ed29176fa4c2a758de445cb0e2e85ddcc1bbcb36bd80dcb3,"[0, 1, 2, 3]",,identity proxy before selection when layout is transpiler,8e4246a80f37dc867d0cfe5b703c5e97fe1bd50168e294b8649e2eadb63771f1_synthetic_line_6q_favorable,basic,47,v0.4.0,8e4246a80f37dc867d0cfe5b703c5e97fe1bd50168e294b8649e2eadb63771f1_synthetic_line_6q_favorable_47,104,92,364,6.492833999999994e-05,-34,0.0073103820031974465,True,,6.208832930579575e-14,1e-10,logical Operator.equiv + routed zero/3 random states,"[0, 1, 2, 3]"
4,1.5,0.2,3,reversed,8e4246a80f37dc867d0cfe5b703c5e97fe1bd50168e294b8649e2eadb63771f1,ac9e11c5e0ad6cf029dbb306c1c1878bd17bda5d9f0f07da06929dd1ce826be0,415,295,259,156,19,1.6842105263157894,3,1.5,2,1,6,5,1.6666666666666667,5,2.3333333333333335,1.0,1.0,1,prospective,synthetic_line_6q_favorable,line,favorable,SYNTHETIC_TARGET,"{""edges"": [[0, 1], [1, 0], [1, 2], [2, 1], [2, 3], [3, 2], [3, 4], [4, 3], [4, 5], [5, 4]], ""seed"": 7, ""basis"": [""id"", ""rz"", ""sx"", ""x"", ""ecr""], ""nodes"": 6}",ccfecec17e274607ed29176fa4c2a758de445cb0e2e85ddcc1bbcb36bd80dcb3,"[0, 1, 2, 3]",,identity proxy before selection when layout is transpiler,8e4246a80f37dc867d0cfe5b703c5e97fe1bd50168e294b8649e2eadb63771f1_synthetic_line_6q_favorable,teleport,47,v0.4.0,8e4246a80f37dc867d0cfe5b703c5e97fe1bd50168e294b8649e2eadb63771f1_synthetic_line_6q_favorable_47,98,86,303,6.462686399999996e-05,-58,0.007522335996327456,True,,1.151244265118865e-14,1e-10,logical Operator.equiv + routed zero/3 random states,"[0, 1, 2, 3]"
4,1.5,0.2,3,reversed,8e4246a80f37dc867d0cfe5b703c5e97fe1bd50168e294b8649e2eadb63771f1,ac9e11c5e0ad6cf029dbb306c1c1878bd17bda5d9f0f07da06929dd1ce826be0,415,295,259,156,19,1.6842105263157894,3,1.5,2,1,6,5,1.6666666666666667,5,2.3333333333333335,1.6153846153846154,2.0,1,prospective,synthetic_line_6q_spread,line,spread,SYNTHETIC_TARGET,"{""edges"": [[0, 1], [1, 0], [1, 2], [2, 1], [2, 3], [3, 2], [3, 4], [4, 3], [4, 5], [5, 4]], ""seed"": 7, ""basis"": [""id"", ""rz"", ""sx"", ""x"", ""ecr""], ""nodes"": 6}",ccfecec17e274607ed29176fa4c2a758de445cb0e2e85ddcc1bbcb36bd80dcb3,"[0, 2, 3, 5]",,identity proxy before selection when layout is transpiler,8e4246a80f37dc867d0cfe5b703c5e97fe1bd50168e294b8649e2eadb63771f1_synthetic_line_6q_spread,basic,11,v0.4.0,8e4246a80f37dc867d0cfe5b703c5e97fe1bd50168e294b8649e2eadb63771f1_synthetic_line_6q_spread_11,110,95,369,5.8720553999999935e-05,-28,0.008657190002850257,True,,4.9370296443161287e-14,1e-10,logical Operator.equiv + routed zero/3 random states,"[1, 2, 3, 4]"
4,1.5,0.2,3,reversed,8e4246a80f37dc867d0cfe5b703c5e97fe1bd50168e294b8649e2eadb63771f1,ac9e11c5e0ad6cf029dbb306c1c1878bd17bda5d9f0f07da06929dd1ce826be0,415,295,259,156,19,1.6842105263157894,3,1.5,2,1,6,5,1.6666666666666667,5,2.3333333333333335,1.6153846153846154,2.0,1,prospective,synthetic_line_6q_spread,line,spread,SYNTHETIC_TARGET,"{""edges"": [[0, 1], [1, 0], [1, 2], [2, 1], [2, 3], [3, 2], [3, 4], [4, 3], [4, 5], [5, 4]], ""seed"": 7, ""basis"": [""id"", ""rz"", ""sx"", ""x"", ""ecr""], ""nodes"": 6}",ccfecec17e274607ed29176fa4c2a758de445cb0e2e85ddcc1bbcb36bd80dcb3,"[0, 2, 3, 5]",,identity proxy before selection when layout is transpiler,8e4246a80f37dc867d0cfe5b703c5e97fe1bd50168e294b8649e2eadb63771f1_synthetic_line_6q_spread,teleport,11,v0.4.0,8e4246a80f37dc867d0cfe5b703c5e97fe1bd50168e294b8649e2eadb63771f1_synthetic_line_6q_spread_11,104,88,323,5.895387599999991e-05,-52,0.007416237996949349,True,,2.904225447606702e-14,1e-10,logical Operator.equiv + routed zero/3 random states,"[1, 2, 3, 4]"
4,1.5,0.2,3,reversed,8e4246a80f37dc867d0cfe5b703c5e97fe1bd50168e294b8649e2eadb63771f1,ac9e11c5e0ad6cf029dbb306c1c1878bd17bda5d9f0f07da06929dd1ce826be0,415,295,259,156,19,1.6842105263157894,3,1.5,2,1,6,5,1.6666666666666667,5,2.3333333333333335,1.6153846153846154,2.0,1,prospective,synthetic_line_6q_spread,line,spread,SYNTHETIC_TARGET,"{""edges"": [[0, 1], [1, 0], [1, 2], [2, 1], [2, 3], [3, 2], [3, 4], [4, 3], [4, 5], [5, 4]], ""seed"": 7, ""basis"": [""id"", ""rz"", ""sx"", ""x"", ""ecr""], ""nodes"": 6}",ccfecec17e274607ed29176fa4c2a758de445cb0e2e85ddcc1bbcb36bd80dcb3,"[0, 2, 3, 5]",,identity proxy before selection when layout is transpiler,8e4246a80f37dc867d0cfe5b703c5e97fe1bd50168e294b8649e2eadb63771f1_synthetic_line_6q_spread,basic,19,v0.4.0,8e4246a80f37dc867d0cfe5b703c5e97fe1bd50168e294b8649e2eadb63771f1_synthetic_line_6q_spread_19,110,95,369,5.8720553999999935e-05,-28,0.007913295004982501,True,,4.9370296443161287e-14,1e-10,logical Operator.equiv + routed zero/3 random states,"[1, 2, 3, 4]"
4,1.5,0.2,3,reversed,8e4246a80f37dc867d0cfe5b703c5e97fe1bd50168e294b8649e2eadb63771f1,ac9e11c5e0ad6cf029dbb306c1c1878bd17bda5d9f0f07da06929dd1ce826be0,415,295,259,156,19,1.6842105263157894,3,1.5,2,1,6,5,1.6666666666666667,5,2.3333333333333335,1.6153846153846154,2.0,1,prospective,synthetic_line_6q_spread,line,spread,SYNTHETIC_TARGET,"{""edges"": [[0, 1], [1, 0], [1, 2], [2, 1], [2, 3], [3, 2], [3, 4], [4, 3], [4, 5], [5, 4]], ""seed"": 7, ""basis"": [""id"", ""rz"", ""sx"", ""x"", ""ecr""], ""nodes"": 6}",ccfecec17e274607ed29176fa4c2a758de445cb0e2e85ddcc1bbcb36bd80dcb3,"[0, 2, 3, 5]",,identity proxy before selection when layout is transpiler,8e4246a80f37dc867d0cfe5b703c5e97fe1bd50168e294b8649e2eadb63771f1_synthetic_line_6q_spread,teleport,19,v0.4.0,8e4246a80f37dc867d0cfe5b703c5e97fe1bd50168e294b8649e2eadb63771f1_synthetic_line_6q_spread_19,104,88,323,5.895387599999991e-05,-52,0.007930843996291514,True,,2.904225447606702e-14,1e-10,logical Operator.equiv + routed zero/3 random states,"[1, 2, 3, 4]"
4,1.5,0.2,3,reversed,8e4246a80f37dc867d0cfe5b703c5e97fe1bd50168e294b8649e2eadb63771f1,ac9e11c5e0ad6cf029dbb306c1c1878bd17bda5d9f0f07da06929dd1ce826be0,415,295,259,156,19,1.6842105263157894,3,1.5,2,1,6,5,1.6666666666666667,5,2.3333333333333335,1.6153846153846154,2.0,1,prospective,synthetic_line_6q_spread,line,spread,SYNTHETIC_TARGET,"{""edges"": [[0, 1], [1, 0], [1, 2], [2, 1], [2, 3], [3, 2], [3, 4], [4, 3], [4, 5], [5, 4]], ""seed"": 7, ""basis"": [""id"", ""rz"", ""sx"", ""x"", ""ecr""], ""nodes"": 6}",ccfecec17e274607ed29176fa4c2a758de445cb0e2e85ddcc1bbcb36bd80dcb3,"[0, 2, 3, 5]",,identity proxy before selection when layout is transpiler,8e4246a80f37dc867d0cfe5b703c5e97fe1bd50168e294b8649e2eadb63771f1_synthetic_line_6q_spread,basic,29,v0.4.0,8e4246a80f37dc867d0cfe5b703c5e97fe1bd50168e294b8649e2eadb63771f1_synthetic_line_6q_spread_29,110,95,369,5.8720553999999935e-05,-28,0.008116030003293417,True,,4.9370296443161287e-14,1e-10,logical Operator.equiv + routed zero/3 random states,"[1, 2, 3, 4]"
4,1.5,0.2,3,reversed,8e4246a80f37dc867d0cfe5b703c5e97fe1bd50168e294b8649e2eadb63771f1,ac9e11c5e0ad6cf029dbb306c1c1878bd17bda5d9f0f07da06929dd1ce826be0,415,295,259,156,19,1.6842105263157894,3,1.5,2,1,6,5,1.6666666666666667,5,2.3333333333333335,1.6153846153846154,2.0,1,prospective,synthetic_line_6q_spread,line,spread,SYNTHETIC_TARGET,"{""edges"": [[0, 1], [1, 0], [1, 2], [2, 1], [2, 3], [3, 2], [3, 4], [4, 3], [4, 5], [5, 4]], ""seed"": 7, ""basis"": [""id"", ""rz"", ""sx"", ""x"", ""ecr""], ""nodes"": 6}",ccfecec17e274607ed29176fa4c2a758de445cb0e2e85ddcc1bbcb36bd80dcb3,"[0, 2, 3, 5]",,identity proxy before selection when layout is transpiler,8e4246a80f37dc867d0cfe5b703c5e97fe1bd50168e294b8649e2eadb63771f1_synthetic_line_6q_spread,teleport,29,v0.4.0,8e4246a80f37dc867d0cfe5b703c5e97fe1bd50168e294b8649e2eadb63771f1_synthetic_line_6q_spread_29,104,88,323,5.895387599999991e-05,-52,0.007997408996743616,True,,2.904225447606702e-14,1e-10,logical Operator.equiv + routed zero/3 random states,"[1, 2, 3, 4]"
4,1.5,0.2,3,reversed,8e4246a80f37dc867d0cfe5b703c5e97fe1bd50168e294b8649e2eadb63771f1,ac9e11c5e0ad6cf029dbb306c1c1878bd17bda5d9f0f07da06929dd1ce826be0,415,295,259,156,19,1.6842105263157894,3,1.5,2,1,6,5,1.6666666666666667,5,2.3333333333333335,1.6153846153846154,2.0,1,prospective,synthetic_line_6q_spread,line,spread,SYNTHETIC_TARGET,"{""edges"": [[0, 1], [1, 0], [1, 2], [2, 1], [2, 3], [3, 2], [3, 4], [4, 3], [4, 5], [5, 4]], ""seed"": 7, ""basis"": [""id"", ""rz"", ""sx"", ""x"", ""ecr""], ""nodes"": 6}",ccfecec17e274607ed29176fa4c2a758de445cb0e2e85ddcc1bbcb36bd80dcb3,"[0, 2, 3, 5]",,identity proxy before selection when layout is transpiler,8e4246a80f37dc867d0cfe5b703c5e97fe1bd50168e294b8649e2eadb63771f1_synthetic_line_6q_spread,basic,37,v0.4.0,8e4246a80f37dc867d0cfe5b703c5e97fe1bd50168e294b8649e2eadb63771f1_synthetic_line_6q_spread_37,110,95,369,5.8720553999999935e-05,-28,0.008648076000099536,True,,4.9370296443161287e-14,1e-10,logical Operator.equiv + routed zero/3 random states,"[1, 2, 3, 4]"
4,1.5,0.2,3,reversed,8e4246a80f37dc867d0cfe5b703c5e97fe1bd50168e294b8649e2eadb63771f1,ac9e11c5e0ad6cf029dbb306c1c1878bd17bda5d9f0f07da06929dd1ce826be0,415,295,259,156,19,1.6842105263157894,3,1.5,2,1,6,5,1.6666666666666667,5,2.3333333333333335,1.6153846153846154,2.0,1,prospective,synthetic_line_6q_spread,line,spread,SYNTHETIC_TARGET,"{""edges"": [[0, 1], [1, 0], [1, 2], [2, 1], [2, 3], [3, 2], [3, 4], [4, 3], [4, 5], [5, 4]], ""seed"": 7, ""basis"": [""id"", ""rz"", ""sx"", ""x"", ""ecr""], ""nodes"": 6}",ccfecec17e274607ed29176fa4c2a758de445cb0e2e85ddcc1bbcb36bd80dcb3,"[0, 2, 3, 5]",,identity proxy before selection when layout is transpiler,8e4246a80f37dc867d0cfe5b703c5e97fe1bd50168e294b8649e2eadb63771f1_synthetic_line_6q_spread,teleport,37,v0.4.0,8e4246a80f37dc867d0cfe5b703c5e97fe1bd50168e294b8649e2eadb63771f1_synthetic_line_6q_spread_37,104,88,323,5.895387599999991e-05,-52,0.007729210999968927,True,,2.904225447606702e-14,1e-10,logical Operator.equiv + routed zero/3 random states,"[1, 2, 3, 4]"
4,1.5,0.2,3,reversed,8e4246a80f37dc867d0cfe5b703c5e97fe1bd50168e294b8649e2eadb63771f1,ac9e11c5e0ad6cf029dbb306c1c1878bd17bda5d9f0f07da06929dd1ce826be0,415,295,259,156,19,1.6842105263157894,3,1.5,2,1,6,5,1.6666666666666667,5,2.3333333333333335,1.6153846153846154,2.0,1,prospective,synthetic_line_6q_spread,line,spread,SYNTHETIC_TARGET,"{""edges"": [[0, 1], [1, 0], [1, 2], [2, 1], [2, 3], [3, 2], [3, 4], [4, 3], [4, 5], [5, 4]], ""seed"": 7, ""basis"": [""id"", ""rz"", ""sx"", ""x"", ""ecr""], ""nodes"": 6}",ccfecec17e274607ed29176fa4c2a758de445cb0e2e85ddcc1bbcb36bd80dcb3,"[0, 2, 3, 5]",,identity proxy before selection when layout is transpiler,8e4246a80f37dc867d0cfe5b703c5e97fe1bd50168e294b8649e2eadb63771f1_synthetic_line_6q_spread,basic,47,v0.4.0,8e4246a80f37dc867d0cfe5b703c5e97fe1bd50168e294b8649e2eadb63771f1_synthetic_line_6q_spread_47,110,95,369,5.8720553999999935e-05,-28,0.007803698004863691,True,,4.9370296443161287e-14,1e-10,logical Operator.equiv + routed zero/3 random states,"[1, 2, 3, 4]"
4,1.5,0.2,3,reversed,8e4246a80f37dc867d0cfe5b703c5e97fe1bd50168e294b8649e2eadb63771f1,ac9e11c5e0ad6cf029dbb306c1c1878bd17bda5d9f0f07da06929dd1ce826be0,415,295,259,156,19,1.6842105263157894,3,1.5,2,1,6,5,1.6666666666666667,5,2.3333333333333335,1.6153846153846154,2.0,1,prospective,synthetic_line_6q_spread,line,spread,SYNTHETIC_TARGET,"{""edges"": [[0, 1], [1, 0], [1, 2], [2, 1], [2, 3], [3, 2], [3, 4], [4, 3], [4, 5], [5, 4]], ""seed"": 7, ""basis"": [""id"", ""rz"", ""sx"", ""x"", ""ecr""], ""nodes"": 6}",ccfecec17e274607ed29176fa4c2a758de445cb0e2e85ddcc1bbcb36bd80dcb3,"[0, 2, 3, 5]",,identity proxy before selection when layout is transpiler,8e4246a80f37dc867d0cfe5b703c5e97fe1bd50168e294b8649e2eadb63771f1_synthetic_line_6q_spread,teleport,47,v0.4.0,8e4246a80f37dc867d0cfe5b703c5e97fe1bd50168e294b8649e2eadb63771f1_synthetic_line_6q_spread_47,104,88,323,5.895387599999991e-05,-52,0.00789964400610188,True,,2.904225447606702e-14,1e-10,logical Operator.equiv + routed zero/3 random states,"[1, 2, 3, 4]"
4,1.5,0.2,3,reversed,8e4246a80f37dc867d0cfe5b703c5e97fe1bd50168e294b8649e2eadb63771f1,ac9e11c5e0ad6cf029dbb306c1c1878bd17bda5d9f0f07da06929dd1ce826be0,415,295,259,156,19,1.6842105263157894,3,1.5,2,1,6,6,2.0,3,1.8,1.0,1.0,1,prospective,synthetic_ring_6q_transpiler,ring,transpiler,SYNTHETIC_TARGET,"{""edges"": [[0, 1], [0, 5], [1, 0], [1, 2], [2, 1], [2, 3], [3, 2], [3, 4], [4, 3], [4, 5], [5, 0], [5, 4]], ""seed"": 7, ""basis"": [""id"", ""rz"", ""sx"", ""x"", ""ecr""], ""nodes"": 6}",ff4a6017b79ba46163d089d132c4bc654811d5fa5518090a9b65bf0d23d86ee8,null,,identity proxy before selection when layout is transpiler,8e4246a80f37dc867d0cfe5b703c5e97fe1bd50168e294b8649e2eadb63771f1_synthetic_ring_6q_transpiler,basic,11,v0.4.0,8e4246a80f37dc867d0cfe5b703c5e97fe1bd50168e294b8649e2eadb63771f1_synthetic_ring_6q_transpiler_11,104,92,414,4.951776599999991e-05,-34,0.00916701400274178,True,,4.820014633524658e-14,1e-10,logical Operator.equiv + routed zero/3 random states,"[3, 4, 5, 0]"
4,1.5,0.2,3,reversed,8e4246a80f37dc867d0cfe5b703c5e97fe1bd50168e294b8649e2eadb63771f1,ac9e11c5e0ad6cf029dbb306c1c1878bd17bda5d9f0f07da06929dd1ce826be0,415,295,259,156,19,1.6842105263157894,3,1.5,2,1,6,6,2.0,3,1.8,1.0,1.0,1,prospective,synthetic_ring_6q_transpiler,ring,transpiler,SYNTHETIC_TARGET,"{""edges"": [[0, 1], [0, 5], [1, 0], [1, 2], [2, 1], [2, 3], [3, 2], [3, 4], [4, 3], [4, 5], [5, 0], [5, 4]], ""seed"": 7, ""basis"": [""id"", ""rz"", ""sx"", ""x"", ""ecr""], ""nodes"": 6}",ff4a6017b79ba46163d089d132c4bc654811d5fa5518090a9b65bf0d23d86ee8,null,,identity proxy before selection when layout is transpiler,8e4246a80f37dc867d0cfe5b703c5e97fe1bd50168e294b8649e2eadb63771f1_synthetic_ring_6q_transpiler,teleport,11,v0.4.0,8e4246a80f37dc867d0cfe5b703c5e97fe1bd50168e294b8649e2eadb63771f1_synthetic_ring_6q_transpiler_11,98,86,329,4.643640599999994e-05,-58,0.008454280003206804,True,,2.869072786930753e-14,1e-10,logical Operator.equiv + routed zero/3 random states,"[3, 4, 5, 0]"
4,1.5,0.2,3,reversed,8e4246a80f37dc867d0cfe5b703c5e97fe1bd50168e294b8649e2eadb63771f1,ac9e11c5e0ad6cf029dbb306c1c1878bd17bda5d9f0f07da06929dd1ce826be0,415,295,259,156,19,1.6842105263157894,3,1.5,2,1,6,6,2.0,3,1.8,1.0,1.0,1,prospective,synthetic_ring_6q_transpiler,ring,transpiler,SYNTHETIC_TARGET,"{""edges"": [[0, 1], [0, 5], [1, 0], [1, 2], [2, 1], [2, 3], [3, 2], [3, 4], [4, 3], [4, 5], [5, 0], [5, 4]], ""seed"": 7, ""basis"": [""id"", ""rz"", ""sx"", ""x"", ""ecr""], ""nodes"": 6}",ff4a6017b79ba46163d089d132c4bc654811d5fa5518090a9b65bf0d23d86ee8,null,,identity proxy before selection when layout is transpiler,8e4246a80f37dc867d0cfe5b703c5e97fe1bd50168e294b8649e2eadb63771f1_synthetic_ring_6q_transpiler,basic,19,v0.4.0,8e4246a80f37dc867d0cfe5b703c5e97fe1bd50168e294b8649e2eadb63771f1_synthetic_ring_6q_transpiler_19,104,92,367,5.161832999999992e-05,-34,0.007562956998299342,True,,5.3743775942629714e-14,1e-10,logical Operator.equiv + routed zero/3 random states,"[2, 3, 4, 5]"
4,1.5,0.2,3,reversed,8e4246a80f37dc867d0cfe5b703c5e97fe1bd50168e294b8649e2eadb63771f1,ac9e11c5e0ad6cf029dbb306c1c1878bd17bda5d9f0f07da06929dd1ce826be0,415,295,259,156,19,1.6842105263157894,3,1.5,2,1,6,6,2.0,3,1.8,1.0,1.0,1,prospective,synthetic_ring_6q_transpiler,ring,transpiler,SYNTHETIC_TARGET,"{""edges"": [[0, 1], [0, 5], [1, 0], [1, 2], [2, 1], [2, 3], [3, 2], [3, 4], [4, 3], [4, 5], [5, 0], [5, 4]], ""seed"": 7, ""basis"": [""id"", ""rz"", ""sx"", ""x"", ""ecr""], ""nodes"": 6}",ff4a6017b79ba46163d089d132c4bc654811d5fa5518090a9b65bf0d23d86ee8,null,,identity proxy before selection when layout is transpiler,8e4246a80f37dc867d0cfe5b703c5e97fe1bd50168e294b8649e2eadb63771f1_synthetic_ring_6q_transpiler,teleport,19,v0.4.0,8e4246a80f37dc867d0cfe5b703c5e97fe1bd50168e294b8649e2eadb63771f1_synthetic_ring_6q_transpiler_19,98,86,329,4.643640599999994e-05,-58,0.007984665004187264,True,,2.869072786930753e-14,1e-10,logical Operator.equiv + routed zero/3 random states,"[3, 4, 5, 0]"
4,1.5,0.2,3,reversed,8e4246a80f37dc867d0cfe5b703c5e97fe1bd50168e294b8649e2eadb63771f1,ac9e11c5e0ad6cf029dbb306c1c1878bd17bda5d9f0f07da06929dd1ce826be0,415,295,259,156,19,1.6842105263157894,3,1.5,2,1,6,6,2.0,3,1.8,1.0,1.0,1,prospective,synthetic_ring_6q_transpiler,ring,transpiler,SYNTHETIC_TARGET,"{""edges"": [[0, 1], [0, 5], [1, 0], [1, 2], [2, 1], [2, 3], [3, 2], [3, 4], [4, 3], [4, 5], [5, 0], [5, 4]], ""seed"": 7, ""basis"": [""id"", ""rz"", ""sx"", ""x"", ""ecr""], ""nodes"": 6}",ff4a6017b79ba46163d089d132c4bc654811d5fa5518090a9b65bf0d23d86ee8,null,,identity proxy before selection when layout is transpiler,8e4246a80f37dc867d0cfe5b703c5e97fe1bd50168e294b8649e2eadb63771f1_synthetic_ring_6q_transpiler,basic,29,v0.4.0,8e4246a80f37dc867d0cfe5b703c5e97fe1bd50168e294b8649e2eadb63771f1_synthetic_ring_6q_transpiler_29,104,92,502,4.021019399999994e-05,-34,0.008190023996576201,True,,1.2046022141451082e-13,1e-10,logical Operator.equiv + routed zero/3 random states,"[1, 0, 5, 4]"
4,1.5,0.2,3,reversed,8e4246a80f37dc867d0cfe5b703c5e97fe1bd50168e294b8649e2eadb63771f1,ac9e11c5e0ad6cf029dbb306c1c1878bd17bda5d9f0f07da06929dd1ce826be0,415,295,259,156,19,1.6842105263157894,3,1.5,2,1,6,6,2.0,3,1.8,1.0,1.0,1,prospective,synthetic_ring_6q_transpiler,ring,transpiler,SYNTHETIC_TARGET,"{""edges"": [[0, 1], [0, 5], [1, 0], [1, 2], [2, 1], [2, 3], [3, 2], [3, 4], [4, 3], [4, 5], [5, 0], [5, 4]], ""seed"": 7, ""basis"": [""id"", ""rz"", ""sx"", ""x"", ""ecr""], ""nodes"": 6}",ff4a6017b79ba46163d089d132c4bc654811d5fa5518090a9b65bf0d23d86ee8,null,,identity proxy before selection when layout is transpiler,8e4246a80f37dc867d0cfe5b703c5e97fe1bd50168e294b8649e2eadb63771f1_synthetic_ring_6q_transpiler,teleport,29,v0.4.0,8e4246a80f37dc867d0cfe5b703c5e97fe1bd50168e294b8649e2eadb63771f1_synthetic_ring_6q_transpiler_29,98,86,447,3.6225072e-05,-58,0.009099659000639804,True,,1.1717821961842167e-13,1e-10,logical Operator.equiv + routed zero/3 random states,"[1, 0, 5, 4]"
4,1.5,0.2,3,reversed,8e4246a80f37dc867d0cfe5b703c5e97fe1bd50168e294b8649e2eadb63771f1,ac9e11c5e0ad6cf029dbb306c1c1878bd17bda5d9f0f07da06929dd1ce826be0,415,295,259,156,19,1.6842105263157894,3,1.5,2,1,6,6,2.0,3,1.8,1.0,1.0,1,prospective,synthetic_ring_6q_transpiler,ring,transpiler,SYNTHETIC_TARGET,"{""edges"": [[0, 1], [0, 5], [1, 0], [1, 2], [2, 1], [2, 3], [3, 2], [3, 4], [4, 3], [4, 5], [5, 0], [5, 4]], ""seed"": 7, ""basis"": [""id"", ""rz"", ""sx"", ""x"", ""ecr""], ""nodes"": 6}",ff4a6017b79ba46163d089d132c4bc654811d5fa5518090a9b65bf0d23d86ee8,null,,identity proxy before selection when layout is transpiler,8e4246a80f37dc867d0cfe5b703c5e97fe1bd50168e294b8649e2eadb63771f1_synthetic_ring_6q_transpiler,basic,37,v0.4.0,8e4246a80f37dc867d0cfe5b703c5e97fe1bd50168e294b8649e2eadb63771f1_synthetic_ring_6q_transpiler_37,104,92,505,5.248812599999988e-05,-34,0.010866463002457749,True,,1.05157026668461e-13,1e-10,logical Operator.equiv + routed zero/3 random states,"[0, 5, 4, 3]"
4,1.5,0.2,3,reversed,8e4246a80f37dc867d0cfe5b703c5e97fe1bd50168e294b8649e2eadb63771f1,ac9e11c5e0ad6cf029dbb306c1c1878bd17bda5d9f0f07da06929dd1ce826be0,415,295,259,156,19,1.6842105263157894,3,1.5,2,1,6,6,2.0,3,1.8,1.0,1.0,1,prospective,synthetic_ring_6q_transpiler,ring,transpiler,SYNTHETIC_TARGET,"{""edges"": [[0, 1], [0, 5], [1, 0], [1, 2], [2, 1], [2, 3], [3, 2], [3, 4], [4, 3], [4, 5], [5, 0], [5, 4]], ""seed"": 7, ""basis"": [""id"", ""rz"", ""sx"", ""x"", ""ecr""], ""nodes"": 6}",ff4a6017b79ba46163d089d132c4bc654811d5fa5518090a9b65bf0d23d86ee8,null,,identity proxy before selection when layout is transpiler,8e4246a80f37dc867d0cfe5b703c5e97fe1bd50168e294b8649e2eadb63771f1_synthetic_ring_6q_transpiler,teleport,37,v0.4.0,8e4246a80f37dc867d0cfe5b703c5e97fe1bd50168e294b8649e2eadb63771f1_synthetic_ring_6q_transpiler_37,98,86,329,4.643640599999994e-05,-58,0.00774738600011915,True,,2.869072786930753e-14,1e-10,logical Operator.equiv + routed zero/3 random states,"[3, 4, 5, 0]"
4,1.5,0.2,3,reversed,8e4246a80f37dc867d0cfe5b703c5e97fe1bd50168e294b8649e2eadb63771f1,ac9e11c5e0ad6cf029dbb306c1c1878bd17bda5d9f0f07da06929dd1ce826be0,415,295,259,156,19,1.6842105263157894,3,1.5,2,1,6,6,2.0,3,1.8,1.0,1.0,1,prospective,synthetic_ring_6q_transpiler,ring,transpiler,SYNTHETIC_TARGET,"{""edges"": [[0, 1], [0, 5], [1, 0], [1, 2], [2, 1], [2, 3], [3, 2], [3, 4], [4, 3], [4, 5], [5, 0], [5, 4]], ""seed"": 7, ""basis"": [""id"", ""rz"", ""sx"", ""x"", ""ecr""], ""nodes"": 6}",ff4a6017b79ba46163d089d132c4bc654811d5fa5518090a9b65bf0d23d86ee8,null,,identity proxy before selection when layout is transpiler,8e4246a80f37dc867d0cfe5b703c5e97fe1bd50168e294b8649e2eadb63771f1_synthetic_ring_6q_transpiler,basic,47,v0.4.0,8e4246a80f37dc867d0cfe5b703c5e97fe1bd50168e294b8649e2eadb63771f1_synthetic_ring_6q_transpiler_47,104,92,461,5.0766515999999925e-05,-34,0.008644101006211713,True,,8.375880398714373e-14,1e-10,logical Operator.equiv + routed zero/3 random states,"[3, 2, 1, 0]"
4,1.5,0.2,3,reversed,8e4246a80f37dc867d0cfe5b703c5e97fe1bd50168e294b8649e2eadb63771f1,ac9e11c5e0ad6cf029dbb306c1c1878bd17bda5d9f0f07da06929dd1ce826be0,415,295,259,156,19,1.6842105263157894,3,1.5,2,1,6,6,2.0,3,1.8,1.0,1.0,1,prospective,synthetic_ring_6q_transpiler,ring,transpiler,SYNTHETIC_TARGET,"{""edges"": [[0, 1], [0, 5], [1, 0], [1, 2], [2, 1], [2, 3], [3, 2], [3, 4], [4, 3], [4, 5], [5, 0], [5, 4]], ""seed"": 7, ""basis"": [""id"", ""rz"", ""sx"", ""x"", ""ecr""], ""nodes"": 6}",ff4a6017b79ba46163d089d132c4bc654811d5fa5518090a9b65bf0d23d86ee8,null,,identity proxy before selection when layout is transpiler,8e4246a80f37dc867d0cfe5b703c5e97fe1bd50168e294b8649e2eadb63771f1_synthetic_ring_6q_transpiler,teleport,47,v0.4.0,8e4246a80f37dc867d0cfe5b703c5e97fe1bd50168e294b8649e2eadb63771f1_synthetic_ring_6q_transpiler_47,98,86,418,4.7452499999999946e-05,-58,0.007777159997203853,True,,4.6132206911571976e-14,1e-10,logical Operator.equiv + routed zero/3 random states,"[3, 2, 1, 0]"
4,1.5,0.2,3,reversed,8e4246a80f37dc867d0cfe5b703c5e97fe1bd50168e294b8649e2eadb63771f1,ac9e11c5e0ad6cf029dbb306c1c1878bd17bda5d9f0f07da06929dd1ce826be0,415,295,259,156,19,1.6842105263157894,3,1.5,2,1,6,7,2.3333333333333335,3,1.6666666666666667,1.6153846153846154,3.0,1,prospective,synthetic_grid_6q_transpiler,grid,transpiler,SYNTHETIC_TARGET,"{""edges"": [[0, 1], [0, 3], [1, 0], [1, 2], [1, 4], [2, 1], [2, 5], [3, 0], [3, 4], [4, 1], [4, 3], [4, 5], [5, 2], [5, 4]], ""seed"": 7, ""basis"": [""id"", ""rz"", ""sx"", ""x"", ""ecr""], ""nodes"": 6}",1dc9d7c7422ee8d9e756c16f45c753640fd9bb0d83eb6013019055e1f800f374,null,,identity proxy before selection when layout is transpiler,8e4246a80f37dc867d0cfe5b703c5e97fe1bd50168e294b8649e2eadb63771f1_synthetic_grid_6q_transpiler,basic,11,v0.4.0,8e4246a80f37dc867d0cfe5b703c5e97fe1bd50168e294b8649e2eadb63771f1_synthetic_grid_6q_transpiler_11,104,92,413,4.176530400000001e-05,-34,0.007522612999309786,True,,8.939060497487827e-14,1e-10,logical Operator.equiv + routed zero/3 random states,"[2, 5, 4, 1]"
4,1.5,0.2,3,reversed,8e4246a80f37dc867d0cfe5b703c5e97fe1bd50168e294b8649e2eadb63771f1,ac9e11c5e0ad6cf029dbb306c1c1878bd17bda5d9f0f07da06929dd1ce826be0,415,295,259,156,19,1.6842105263157894,3,1.5,2,1,6,7,2.3333333333333335,3,1.6666666666666667,1.6153846153846154,3.0,1,prospective,synthetic_grid_6q_transpiler,grid,transpiler,SYNTHETIC_TARGET,"{""edges"": [[0, 1], [0, 3], [1, 0], [1, 2], [1, 4], [2, 1], [2, 5], [3, 0], [3, 4], [4, 1], [4, 3], [4, 5], [5, 2], [5, 4]], ""seed"": 7, ""basis"": [""id"", ""rz"", ""sx"", ""x"", ""ecr""], ""nodes"": 6}",1dc9d7c7422ee8d9e756c16f45c753640fd9bb0d83eb6013019055e1f800f374,null,,identity proxy before selection when layout is transpiler,8e4246a80f37dc867d0cfe5b703c5e97fe1bd50168e294b8649e2eadb63771f1_synthetic_grid_6q_transpiler,teleport,11,v0.4.0,8e4246a80f37dc867d0cfe5b703c5e97fe1bd50168e294b8649e2eadb63771f1_synthetic_grid_6q_transpiler_11,98,86,354,3.7788840000000016e-05,-58,0.008031274999666493,True,,4.4675028254630155e-14,1e-10,logical Operator.equiv + routed zero/3 random states,"[2, 5, 4, 1]"
4,1.5,0.2,3,reversed,8e4246a80f37dc867d0cfe5b703c5e97fe1bd50168e294b8649e2eadb63771f1,ac9e11c5e0ad6cf029dbb306c1c1878bd17bda5d9f0f07da06929dd1ce826be0,415,295,259,156,19,1.6842105263157894,3,1.5,2,1,6,7,2.3333333333333335,3,1.6666666666666667,1.6153846153846154,3.0,1,prospective,synthetic_grid_6q_transpiler,grid,transpiler,SYNTHETIC_TARGET,"{""edges"": [[0, 1], [0, 3], [1, 0], [1, 2], [1, 4], [2, 1], [2, 5], [3, 0], [3, 4], [4, 1], [4, 3], [4, 5], [5, 2], [5, 4]], ""seed"": 7, ""basis"": [""id"", ""rz"", ""sx"", ""x"", ""ecr""], ""nodes"": 6}",1dc9d7c7422ee8d9e756c16f45c753640fd9bb0d83eb6013019055e1f800f374,null,,identity proxy before selection when layout is transpiler,8e4246a80f37dc867d0cfe5b703c5e97fe1bd50168e294b8649e2eadb63771f1_synthetic_grid_6q_transpiler,basic,19,v0.4.0,8e4246a80f37dc867d0cfe5b703c5e97fe1bd50168e294b8649e2eadb63771f1_synthetic_grid_6q_transpiler_19,104,92,390,3.3988200000000035e-05,-34,0.008172762994945515,True,,4.725967908870691e-14,1e-10,logical Operator.equiv + routed zero/3 random states,"[0, 3, 4, 5]"
4,1.5,0.2,3,reversed,8e4246a80f37dc867d0cfe5b703c5e97fe1bd50168e294b8649e2eadb63771f1,ac9e11c5e0ad6cf029dbb306c1c1878bd17bda5d9f0f07da06929dd1ce826be0,415,295,259,156,19,1.6842105263157894,3,1.5,2,1,6,7,2.3333333333333335,3,1.6666666666666667,1.6153846153846154,3.0,1,prospective,synthetic_grid_6q_transpiler,grid,transpiler,SYNTHETIC_TARGET,"{""edges"": [[0, 1], [0, 3], [1, 0], [1, 2], [1, 4], [2, 1], [2, 5], [3, 0], [3, 4], [4, 1], [4, 3], [4, 5], [5, 2], [5, 4]], ""seed"": 7, ""basis"": [""id"", ""rz"", ""sx"", ""x"", ""ecr""], ""nodes"": 6}",1dc9d7c7422ee8d9e756c16f45c753640fd9bb0d83eb6013019055e1f800f374,null,,identity proxy before selection when layout is transpiler,8e4246a80f37dc867d0cfe5b703c5e97fe1bd50168e294b8649e2eadb63771f1_synthetic_grid_6q_transpiler,teleport,19,v0.4.0,8e4246a80f37dc867d0cfe5b703c5e97fe1bd50168e294b8649e2eadb63771f1_synthetic_grid_6q_transpiler_19,98,86,351,3.126559200000004e-05,-58,0.007130260004487354,True,,3.143686234175944e-14,1e-10,logical Operator.equiv + routed zero/3 random states,"[0, 3, 4, 5]"
4,1.5,0.2,3,reversed,8e4246a80f37dc867d0cfe5b703c5e97fe1bd50168e294b8649e2eadb63771f1,ac9e11c5e0ad6cf029dbb306c1c1878bd17bda5d9f0f07da06929dd1ce826be0,415,295,259,156,19,1.6842105263157894,3,1.5,2,1,6,7,2.3333333333333335,3,1.6666666666666667,1.6153846153846154,3.0,1,prospective,synthetic_grid_6q_transpiler,grid,transpiler,SYNTHETIC_TARGET,"{""edges"": [[0, 1], [0, 3], [1, 0], [1, 2], [1, 4], [2, 1], [2, 5], [3, 0], [3, 4], [4, 1], [4, 3], [4, 5], [5, 2], [5, 4]], ""seed"": 7, ""basis"": [""id"", ""rz"", ""sx"", ""x"", ""ecr""], ""nodes"": 6}",1dc9d7c7422ee8d9e756c16f45c753640fd9bb0d83eb6013019055e1f800f374,null,,identity proxy before selection when layout is transpiler,8e4246a80f37dc867d0cfe5b703c5e97fe1bd50168e294b8649e2eadb63771f1_synthetic_grid_6q_transpiler,basic,29,v0.4.0,8e4246a80f37dc867d0cfe5b703c5e97fe1bd50168e294b8649e2eadb63771f1_synthetic_grid_6q_transpiler_29,104,92,414,5.036092199999995e-05,-34,0.008724081999389455,True,,4.7938372886132534e-14,1e-10,logical Operator.equiv + routed zero/3 random states,"[1, 2, 5, 4]"
4,1.5,0.2,3,reversed,8e4246a80f37dc867d0cfe5b703c5e97fe1bd50168e294b8649e2eadb63771f1,ac9e11c5e0ad6cf029dbb306c1c1878bd17bda5d9f0f07da06929dd1ce826be0,415,295,259,156,19,1.6842105263157894,3,1.5,2,1,6,7,2.3333333333333335,3,1.6666666666666667,1.6153846153846154,3.0,1,prospective,synthetic_grid_6q_transpiler,grid,transpiler,SYNTHETIC_TARGET,"{""edges"": [[0, 1], [0, 3], [1, 0], [1, 2], [1, 4], [2, 1], [2, 5], [3, 0], [3, 4], [4, 1], [4, 3], [4, 5], [5, 2], [5, 4]], ""seed"": 7, ""basis"": [""id"", ""rz"", ""sx"", ""x"", ""ecr""], ""nodes"": 6}",1dc9d7c7422ee8d9e756c16f45c753640fd9bb0d83eb6013019055e1f800f374,null,,identity proxy before selection when layout is transpiler,8e4246a80f37dc867d0cfe5b703c5e97fe1bd50168e294b8649e2eadb63771f1_synthetic_grid_6q_transpiler,teleport,29,v0.4.0,8e4246a80f37dc867d0cfe5b703c5e97fe1bd50168e294b8649e2eadb63771f1_synthetic_grid_6q_transpiler_29,98,86,329,4.7128157999999965e-05,-58,0.0074634089978644624,True,,2.923335496249206e-14,1e-10,logical Operator.equiv + routed zero/3 random states,"[1, 2, 5, 4]"
4,1.5,0.2,3,reversed,8e4246a80f37dc867d0cfe5b703c5e97fe1bd50168e294b8649e2eadb63771f1,ac9e11c5e0ad6cf029dbb306c1c1878bd17bda5d9f0f07da06929dd1ce826be0,415,295,259,156,19,1.6842105263157894,3,1.5,2,1,6,7,2.3333333333333335,3,1.6666666666666667,1.6153846153846154,3.0,1,prospective,synthetic_grid_6q_transpiler,grid,transpiler,SYNTHETIC_TARGET,"{""edges"": [[0, 1], [0, 3], [1, 0], [1, 2], [1, 4], [2, 1], [2, 5], [3, 0], [3, 4], [4, 1], [4, 3], [4, 5], [5, 2], [5, 4]], ""seed"": 7, ""basis"": [""id"", ""rz"", ""sx"", ""x"", ""ecr""], ""nodes"": 6}",1dc9d7c7422ee8d9e756c16f45c753640fd9bb0d83eb6013019055e1f800f374,null,,identity proxy before selection when layout is transpiler,8e4246a80f37dc867d0cfe5b703c5e97fe1bd50168e294b8649e2eadb63771f1_synthetic_grid_6q_transpiler,basic,37,v0.4.0,8e4246a80f37dc867d0cfe5b703c5e97fe1bd50168e294b8649e2eadb63771f1_synthetic_grid_6q_transpiler_37,104,92,413,4.176530400000001e-05,-34,0.007495231999200769,True,,8.939060497487827e-14,1e-10,logical Operator.equiv + routed zero/3 random states,"[2, 5, 4, 1]"
4,1.5,0.2,3,reversed,8e4246a80f37dc867d0cfe5b703c5e97fe1bd50168e294b8649e2eadb63771f1,ac9e11c5e0ad6cf029dbb306c1c1878bd17bda5d9f0f07da06929dd1ce826be0,415,295,259,156,19,1.6842105263157894,3,1.5,2,1,6,7,2.3333333333333335,3,1.6666666666666667,1.6153846153846154,3.0,1,prospective,synthetic_grid_6q_transpiler,grid,transpiler,SYNTHETIC_TARGET,"{""edges"": [[0, 1], [0, 3], [1, 0], [1, 2], [1, 4], [2, 1], [2, 5], [3, 0], [3, 4], [4, 1], [4, 3], [4, 5], [5, 2], [5, 4]], ""seed"": 7, ""basis"": [""id"", ""rz"", ""sx"", ""x"", ""ecr""], ""nodes"": 6}",1dc9d7c7422ee8d9e756c16f45c753640fd9bb0d83eb6013019055e1f800f374,null,,identity proxy before selection when layout is transpiler,8e4246a80f37dc867d0cfe5b703c5e97fe1bd50168e294b8649e2eadb63771f1_synthetic_grid_6q_transpiler,teleport,37,v0.4.0,8e4246a80f37dc867d0cfe5b703c5e97fe1bd50168e294b8649e2eadb63771f1_synthetic_grid_6q_transpiler_37,98,86,354,3.7788840000000016e-05,-58,0.008131098999001551,True,,4.4675028254630155e-14,1e-10,logical Operator.equiv + routed zero/3 random states,"[2, 5, 4, 1]"
4,1.5,0.2,3,reversed,8e4246a80f37dc867d0cfe5b703c5e97fe1bd50168e294b8649e2eadb63771f1,ac9e11c5e0ad6cf029dbb306c1c1878bd17bda5d9f0f07da06929dd1ce826be0,415,295,259,156,19,1.6842105263157894,3,1.5,2,1,6,7,2.3333333333333335,3,1.6666666666666667,1.6153846153846154,3.0,1,prospective,synthetic_grid_6q_transpiler,grid,transpiler,SYNTHETIC_TARGET,"{""edges"": [[0, 1], [0, 3], [1, 0], [1, 2], [1, 4], [2, 1], [2, 5], [3, 0], [3, 4], [4, 1], [4, 3], [4, 5], [5, 2], [5, 4]], ""seed"": 7, ""basis"": [""id"", ""rz"", ""sx"", ""x"", ""ecr""], ""nodes"": 6}",1dc9d7c7422ee8d9e756c16f45c753640fd9bb0d83eb6013019055e1f800f374,null,,identity proxy before selection when layout is transpiler,8e4246a80f37dc867d0cfe5b703c5e97fe1bd50168e294b8649e2eadb63771f1_synthetic_grid_6q_transpiler,basic,47,v0.4.0,8e4246a80f37dc867d0cfe5b703c5e97fe1bd50168e294b8649e2eadb63771f1_synthetic_grid_6q_transpiler_47,104,92,341,5.972554799999993e-05,-34,0.0076860889967065305,True,,5.206711524383129e-14,1e-10,logical Operator.equiv + routed zero/3 random states,"[0, 1, 4, 5]"
4,1.5,0.2,3,reversed,8e4246a80f37dc867d0cfe5b703c5e97fe1bd50168e294b8649e2eadb63771f1,ac9e11c5e0ad6cf029dbb306c1c1878bd17bda5d9f0f07da06929dd1ce826be0,415,295,259,156,19,1.6842105263157894,3,1.5,2,1,6,7,2.3333333333333335,3,1.6666666666666667,1.6153846153846154,3.0,1,prospective,synthetic_grid_6q_transpiler,grid,transpiler,SYNTHETIC_TARGET,"{""edges"": [[0, 1], [0, 3], [1, 0], [1, 2], [1, 4], [2, 1], [2, 5], [3, 0], [3, 4], [4, 1], [4, 3], [4, 5], [5, 2], [5, 4]], ""seed"": 7, ""basis"": [""id"", ""rz"", ""sx"", ""x"", ""ecr""], ""nodes"": 6}",1dc9d7c7422ee8d9e756c16f45c753640fd9bb0d83eb6013019055e1f800f374,null,,identity proxy before selection when layout is transpiler,8e4246a80f37dc867d0cfe5b703c5e97fe1bd50168e294b8649e2eadb63771f1_synthetic_grid_6q_transpiler,teleport,47,v0.4.0,8e4246a80f37dc867d0cfe5b703c5e97fe1bd50168e294b8649e2eadb63771f1_synthetic_grid_6q_transpiler_47,98,86,328,5.088683999999993e-05,-58,0.007679640002606902,True,,4.421157706119711e-14,1e-10,logical Operator.equiv + routed zero/3 random states,"[0, 1, 2, 5]"
4,1.5,0.2,3,reversed,8e4246a80f37dc867d0cfe5b703c5e97fe1bd50168e294b8649e2eadb63771f1,ac9e11c5e0ad6cf029dbb306c1c1878bd17bda5d9f0f07da06929dd1ce826be0,415,295,259,156,19,1.6842105263157894,3,1.5,2,1,7,7,2.0,5,2.2857142857142856,1.0,1.0,1,prospective,synthetic_heavy_hex_like_7q_transpiler,heavy_hex_like,transpiler,SYNTHETIC_TARGET,"{""edges"": [[0, 1], [0, 3], [1, 0], [1, 2], [2, 1], [2, 3], [3, 0], [3, 2], [3, 4], [4, 3], [4, 5], [5, 4], [5, 6], [6, 5]], ""seed"": 7, ""basis"": [""id"", ""rz"", ""sx"", ""x"", ""ecr""], ""nodes"": 7}",a56c42c5929ac738475a61ad56ac38f9ce297f29f090779c0473725bc68476b5,null,,identity proxy before selection when layout is transpiler,8e4246a80f37dc867d0cfe5b703c5e97fe1bd50168e294b8649e2eadb63771f1_synthetic_heavy_hex_like_7q_transpiler,basic,11,v0.4.0,8e4246a80f37dc867d0cfe5b703c5e97fe1bd50168e294b8649e2eadb63771f1_synthetic_heavy_hex_like_7q_transpiler_11,104,92,416,2.786499599999994e-05,-34,0.008159551005519461,True,,4.4153129141751986e-14,1e-10,logical Operator.equiv + routed zero/3 random states,"[0, 3, 4, 5]"
4,1.5,0.2,3,reversed,8e4246a80f37dc867d0cfe5b703c5e97fe1bd50168e294b8649e2eadb63771f1,ac9e11c5e0ad6cf029dbb306c1c1878bd17bda5d9f0f07da06929dd1ce826be0,415,295,259,156,19,1.6842105263157894,3,1.5,2,1,7,7,2.0,5,2.2857142857142856,1.0,1.0,1,prospective,synthetic_heavy_hex_like_7q_transpiler,heavy_hex_like,transpiler,SYNTHETIC_TARGET,"{""edges"": [[0, 1], [0, 3], [1, 0], [1, 2], [2, 1], [2, 3], [3, 0], [3, 2], [3, 4], [4, 3], [4, 5], [5, 4], [5, 6], [6, 5]], ""seed"": 7, ""basis"": [""id"", ""rz"", ""sx"", ""x"", ""ecr""], ""nodes"": 7}",a56c42c5929ac738475a61ad56ac38f9ce297f29f090779c0473725bc68476b5,null,,identity proxy before selection when layout is transpiler,8e4246a80f37dc867d0cfe5b703c5e97fe1bd50168e294b8649e2eadb63771f1_synthetic_heavy_hex_like_7q_transpiler,teleport,11,v0.4.0,8e4246a80f37dc867d0cfe5b703c5e97fe1bd50168e294b8649e2eadb63771f1_synthetic_heavy_hex_like_7q_transpiler_11,98,86,354,3.347915399999998e-05,-58,0.007743174995994195,True,,4.550942852134161e-14,1e-10,logical Operator.equiv + routed zero/3 random states,"[2, 3, 4, 5]"
4,1.5,0.2,3,reversed,8e4246a80f37dc867d0cfe5b703c5e97fe1bd50168e294b8649e2eadb63771f1,ac9e11c5e0ad6cf029dbb306c1c1878bd17bda5d9f0f07da06929dd1ce826be0,415,295,259,156,19,1.6842105263157894,3,1.5,2,1,7,7,2.0,5,2.2857142857142856,1.0,1.0,1,prospective,synthetic_heavy_hex_like_7q_transpiler,heavy_hex_like,transpiler,SYNTHETIC_TARGET,"{""edges"": [[0, 1], [0, 3], [1, 0], [1, 2], [2, 1], [2, 3], [3, 0], [3, 2], [3, 4], [4, 3], [4, 5], [5, 4], [5, 6], [6, 5]], ""seed"": 7, ""basis"": [""id"", ""rz"", ""sx"", ""x"", ""ecr""], ""nodes"": 7}",a56c42c5929ac738475a61ad56ac38f9ce297f29f090779c0473725bc68476b5,null,,identity proxy before selection when layout is transpiler,8e4246a80f37dc867d0cfe5b703c5e97fe1bd50168e294b8649e2eadb63771f1_synthetic_heavy_hex_like_7q_transpiler,basic,19,v0.4.0,8e4246a80f37dc867d0cfe5b703c5e97fe1bd50168e294b8649e2eadb63771f1_synthetic_heavy_hex_like_7q_transpiler_19,104,92,514,4.462533e-05,-34,0.007707003998802975,True,,8.274073027978097e-14,1e-10,logical Operator.equiv + routed zero/3 random states,"[5, 4, 3, 2]"
4,1.5,0.2,3,reversed,8e4246a80f37dc867d0cfe5b703c5e97fe1bd50168e294b8649e2eadb63771f1,ac9e11c5e0ad6cf029dbb306c1c1878bd17bda5d9f0f07da06929dd1ce826be0,415,295,259,156,19,1.6842105263157894,3,1.5,2,1,7,7,2.0,5,2.2857142857142856,1.0,1.0,1,prospective,synthetic_heavy_hex_like_7q_transpiler,heavy_hex_like,transpiler,SYNTHETIC_TARGET,"{""edges"": [[0, 1], [0, 3], [1, 0], [1, 2], [2, 1], [2, 3], [3, 0], [3, 2], [3, 4], [4, 3], [4, 5], [5, 4], [5, 6], [6, 5]], ""seed"": 7, ""basis"": [""id"", ""rz"", ""sx"", ""x"", ""ecr""], ""nodes"": 7}",a56c42c5929ac738475a61ad56ac38f9ce297f29f090779c0473725bc68476b5,null,,identity proxy before selection when layout is transpiler,8e4246a80f37dc867d0cfe5b703c5e97fe1bd50168e294b8649e2eadb63771f1_synthetic_heavy_hex_like_7q_transpiler,teleport,19,v0.4.0,8e4246a80f37dc867d0cfe5b703c5e97fe1bd50168e294b8649e2eadb63771f1_synthetic_heavy_hex_like_7q_transpiler_19,98,86,481,4.2633546000000004e-05,-58,0.007761986998957582,True,,1.4099811940938723e-13,1e-10,logical Operator.equiv + routed zero/3 random states,"[5, 4, 3, 2]"
4,1.5,0.2,3,reversed,8e4246a80f37dc867d0cfe5b703c5e97fe1bd50168e294b8649e2eadb63771f1,ac9e11c5e0ad6cf029dbb306c1c1878bd17bda5d9f0f07da06929dd1ce826be0,415,295,259,156,19,1.6842105263157894,3,1.5,2,1,7,7,2.0,5,2.2857142857142856,1.0,1.0,1,prospective,synthetic_heavy_hex_like_7q_transpiler,heavy_hex_like,transpiler,SYNTHETIC_TARGET,"{""edges"": [[0, 1], [0, 3], [1, 0], [1, 2], [2, 1], [2, 3], [3, 0], [3, 2], [3, 4], [4, 3], [4, 5], [5, 4], [5, 6], [6, 5]], ""seed"": 7, ""basis"": [""id"", ""rz"", ""sx"", ""x"", ""ecr""], ""nodes"": 7}",a56c42c5929ac738475a61ad56ac38f9ce297f29f090779c0473725bc68476b5,null,,identity proxy before selection when layout is transpiler,8e4246a80f37dc867d0cfe5b703c5e97fe1bd50168e294b8649e2eadb63771f1_synthetic_heavy_hex_like_7q_transpiler,basic,29,v0.4.0,8e4246a80f37dc867d0cfe5b703c5e97fe1bd50168e294b8649e2eadb63771f1_synthetic_heavy_hex_like_7q_transpiler_29,104,92,416,3.687508799999999e-05,-34,0.007631891996425111,True,,4.4153129141751986e-14,1e-10,logical Operator.equiv + routed zero/3 random states,"[2, 3, 4, 5]"
4,1.5,0.2,3,reversed,8e4246a80f37dc867d0cfe5b703c5e97fe1bd50168e294b8649e2eadb63771f1,ac9e11c5e0ad6cf029dbb306c1c1878bd17bda5d9f0f07da06929dd1ce826be0,415,295,259,156,19,1.6842105263157894,3,1.5,2,1,7,7,2.0,5,2.2857142857142856,1.0,1.0,1,prospective,synthetic_heavy_hex_like_7q_transpiler,heavy_hex_like,transpiler,SYNTHETIC_TARGET,"{""edges"": [[0, 1], [0, 3], [1, 0], [1, 2], [2, 1], [2, 3], [3, 0], [3, 2], [3, 4], [4, 3], [4, 5], [5, 4], [5, 6], [6, 5]], ""seed"": 7, ""basis"": [""id"", ""rz"", ""sx"", ""x"", ""ecr""], ""nodes"": 7}",a56c42c5929ac738475a61ad56ac38f9ce297f29f090779c0473725bc68476b5,null,,identity proxy before selection when layout is transpiler,8e4246a80f37dc867d0cfe5b703c5e97fe1bd50168e294b8649e2eadb63771f1_synthetic_heavy_hex_like_7q_transpiler,teleport,29,v0.4.0,8e4246a80f37dc867d0cfe5b703c5e97fe1bd50168e294b8649e2eadb63771f1_synthetic_heavy_hex_like_7q_transpiler_29,98,86,354,3.347915399999998e-05,-58,0.008065867004916072,True,,4.550942852134161e-14,1e-10,logical Operator.equiv + routed zero/3 random states,"[2, 3, 4, 5]"
4,1.5,0.2,3,reversed,8e4246a80f37dc867d0cfe5b703c5e97fe1bd50168e294b8649e2eadb63771f1,ac9e11c5e0ad6cf029dbb306c1c1878bd17bda5d9f0f07da06929dd1ce826be0,415,295,259,156,19,1.6842105263157894,3,1.5,2,1,7,7,2.0,5,2.2857142857142856,1.0,1.0,1,prospective,synthetic_heavy_hex_like_7q_transpiler,heavy_hex_like,transpiler,SYNTHETIC_TARGET,"{""edges"": [[0, 1], [0, 3], [1, 0], [1, 2], [2, 1], [2, 3], [3, 0], [3, 2], [3, 4], [4, 3], [4, 5], [5, 4], [5, 6], [6, 5]], ""seed"": 7, ""basis"": [""id"", ""rz"", ""sx"", ""x"", ""ecr""], ""nodes"": 7}",a56c42c5929ac738475a61ad56ac38f9ce297f29f090779c0473725bc68476b5,null,,identity proxy before selection when layout is transpiler,8e4246a80f37dc867d0cfe5b703c5e97fe1bd50168e294b8649e2eadb63771f1_synthetic_heavy_hex_like_7q_transpiler,basic,37,v0.4.0,8e4246a80f37dc867d0cfe5b703c5e97fe1bd50168e294b8649e2eadb63771f1_synthetic_heavy_hex_like_7q_transpiler_37,104,92,463,4.325225999999992e-05,-34,0.008685626002261415,True,,6.332137579607457e-14,1e-10,logical Operator.equiv + routed zero/3 random states,"[6, 5, 4, 3]"
4,1.5,0.2,3,reversed,8e4246a80f37dc867d0cfe5b703c5e97fe1bd50168e294b8649e2eadb63771f1,ac9e11c5e0ad6cf029dbb306c1c1878bd17bda5d9f0f07da06929dd1ce826be0,415,295,259,156,19,1.6842105263157894,3,1.5,2,1,7,7,2.0,5,2.2857142857142856,1.0,1.0,1,prospective,synthetic_heavy_hex_like_7q_transpiler,heavy_hex_like,transpiler,SYNTHETIC_TARGET,"{""edges"": [[0, 1], [0, 3], [1, 0], [1, 2], [2, 1], [2, 3], [3, 0], [3, 2], [3, 4], [4, 3], [4, 5], [5, 4], [5, 6], [6, 5]], ""seed"": 7, ""basis"": [""id"", ""rz"", ""sx"", ""x"", ""ecr""], ""nodes"": 7}",a56c42c5929ac738475a61ad56ac38f9ce297f29f090779c0473725bc68476b5,null,,identity proxy before selection when layout is transpiler,8e4246a80f37dc867d0cfe5b703c5e97fe1bd50168e294b8649e2eadb63771f1_synthetic_heavy_hex_like_7q_transpiler,teleport,37,v0.4.0,8e4246a80f37dc867d0cfe5b703c5e97fe1bd50168e294b8649e2eadb63771f1_synthetic_heavy_hex_like_7q_transpiler_37,98,86,383,4.4016605999999944e-05,-58,0.007862817001296207,True,,4.07650769197172e-14,1e-10,logical Operator.equiv + routed zero/3 random states,"[6, 5, 4, 3]"
4,1.5,0.2,3,reversed,8e4246a80f37dc867d0cfe5b703c5e97fe1bd50168e294b8649e2eadb63771f1,ac9e11c5e0ad6cf029dbb306c1c1878bd17bda5d9f0f07da06929dd1ce826be0,415,295,259,156,19,1.6842105263157894,3,1.5,2,1,7,7,2.0,5,2.2857142857142856,1.0,1.0,1,prospective,synthetic_heavy_hex_like_7q_transpiler,heavy_hex_like,transpiler,SYNTHETIC_TARGET,"{""edges"": [[0, 1], [0, 3], [1, 0], [1, 2], [2, 1], [2, 3], [3, 0], [3, 2], [3, 4], [4, 3], [4, 5], [5, 4], [5, 6], [6, 5]], ""seed"": 7, ""basis"": [""id"", ""rz"", ""sx"", ""x"", ""ecr""], ""nodes"": 7}",a56c42c5929ac738475a61ad56ac38f9ce297f29f090779c0473725bc68476b5,null,,identity proxy before selection when layout is transpiler,8e4246a80f37dc867d0cfe5b703c5e97fe1bd50168e294b8649e2eadb63771f1_synthetic_heavy_hex_like_7q_transpiler,basic,47,v0.4.0,8e4246a80f37dc867d0cfe5b703c5e97fe1bd50168e294b8649e2eadb63771f1_synthetic_heavy_hex_like_7q_transpiler_47,104,92,470,3.661978799999998e-05,-34,0.007470491000276525,True,,6.983896852785577e-14,1e-10,logical Operator.equiv + routed zero/3 random states,"[3, 2, 1, 0]"
4,1.5,0.2,3,reversed,8e4246a80f37dc867d0cfe5b703c5e97fe1bd50168e294b8649e2eadb63771f1,ac9e11c5e0ad6cf029dbb306c1c1878bd17bda5d9f0f07da06929dd1ce826be0,415,295,259,156,19,1.6842105263157894,3,1.5,2,1,7,7,2.0,5,2.2857142857142856,1.0,1.0,1,prospective,synthetic_heavy_hex_like_7q_transpiler,heavy_hex_like,transpiler,SYNTHETIC_TARGET,"{""edges"": [[0, 1], [0, 3], [1, 0], [1, 2], [2, 1], [2, 3], [3, 0], [3, 2], [3, 4], [4, 3], [4, 5], [5, 4], [5, 6], [6, 5]], ""seed"": 7, ""basis"": [""id"", ""rz"", ""sx"", ""x"", ""ecr""], ""nodes"": 7}",a56c42c5929ac738475a61ad56ac38f9ce297f29f090779c0473725bc68476b5,null,,identity proxy before selection when layout is transpiler,8e4246a80f37dc867d0cfe5b703c5e97fe1bd50168e294b8649e2eadb63771f1_synthetic_heavy_hex_like_7q_transpiler,teleport,47,v0.4.0,8e4246a80f37dc867d0cfe5b703c5e97fe1bd50168e294b8649e2eadb63771f1_synthetic_heavy_hex_like_7q_transpiler_47,98,86,423,3.396511199999997e-05,-58,0.007732727004622575,True,,1.219696563634523e-13,1e-10,logical Operator.equiv + routed zero/3 random states,"[3, 2, 1, 0]"
4,1.5,0.2,3,reversed,8e4246a80f37dc867d0cfe5b703c5e97fe1bd50168e294b8649e2eadb63771f1,ac9e11c5e0ad6cf029dbb306c1c1878bd17bda5d9f0f07da06929dd1ce826be0,415,295,259,156,19,1.6842105263157894,3,1.5,2,1,7,8,2.2857142857142856,3,1.8095238095238095,1.0,1.0,1,prospective,synthetic_irregular_7q_favorable,irregular,favorable,SYNTHETIC_TARGET,"{""edges"": [[0, 1], [0, 3], [1, 0], [1, 2], [2, 1], [2, 3], [2, 6], [3, 0], [3, 2], [3, 4], [4, 3], [4, 5], [5, 4], [5, 6], [6, 2], [6, 5]], ""seed"": 7, ""basis"": [""id"", ""rz"", ""sx"", ""x"", ""ecr""], ""nodes"": 7}",c8b003a1553d070cddc2acc63823ce20487791b575f8614922ec632ce2dbf9e1,"[0, 1, 2, 3]",,identity proxy before selection when layout is transpiler,8e4246a80f37dc867d0cfe5b703c5e97fe1bd50168e294b8649e2eadb63771f1_synthetic_irregular_7q_favorable,basic,11,v0.4.0,8e4246a80f37dc867d0cfe5b703c5e97fe1bd50168e294b8649e2eadb63771f1_synthetic_irregular_7q_favorable_11,104,92,362,3.3286235999999944e-05,-34,0.007913401997939218,True,,8.114921523114833e-14,1e-10,logical Operator.equiv + routed zero/3 random states,"[0, 1, 2, 3]"
4,1.5,0.2,3,reversed,8e4246a80f37dc867d0cfe5b703c5e97fe1bd50168e294b8649e2eadb63771f1,ac9e11c5e0ad6cf029dbb306c1c1878bd17bda5d9f0f07da06929dd1ce826be0,415,295,259,156,19,1.6842105263157894,3,1.5,2,1,7,8,2.2857142857142856,3,1.8095238095238095,1.0,1.0,1,prospective,synthetic_irregular_7q_favorable,irregular,favorable,SYNTHETIC_TARGET,"{""edges"": [[0, 1], [0, 3], [1, 0], [1, 2], [2, 1], [2, 3], [2, 6], [3, 0], [3, 2], [3, 4], [4, 3], [4, 5], [5, 4], [5, 6], [6, 2], [6, 5]], ""seed"": 7, ""basis"": [""id"", ""rz"", ""sx"", ""x"", ""ecr""], ""nodes"": 7}",c8b003a1553d070cddc2acc63823ce20487791b575f8614922ec632ce2dbf9e1,"[0, 1, 2, 3]",,identity proxy before selection when layout is transpiler,8e4246a80f37dc867d0cfe5b703c5e97fe1bd50168e294b8649e2eadb63771f1_synthetic_irregular_7q_favorable,teleport,11,v0.4.0,8e4246a80f37dc867d0cfe5b703c5e97fe1bd50168e294b8649e2eadb63771f1_synthetic_irregular_7q_favorable_11,98,86,317,3.237115199999998e-05,-58,0.007806009001797065,True,,3.0254252205027494e-14,1e-10,logical Operator.equiv + routed zero/3 random states,"[0, 1, 2, 3]"
4,1.5,0.2,3,reversed,8e4246a80f37dc867d0cfe5b703c5e97fe1bd50168e294b8649e2eadb63771f1,ac9e11c5e0ad6cf029dbb306c1c1878bd17bda5d9f0f07da06929dd1ce826be0,415,295,259,156,19,1.6842105263157894,3,1.5,2,1,7,8,2.2857142857142856,3,1.8095238095238095,1.0,1.0,1,prospective,synthetic_irregular_7q_favorable,irregular,favorable,SYNTHETIC_TARGET,"{""edges"": [[0, 1], [0, 3], [1, 0], [1, 2], [2, 1], [2, 3], [2, 6], [3, 0], [3, 2], [3, 4], [4, 3], [4, 5], [5, 4], [5, 6], [6, 2], [6, 5]], ""seed"": 7, ""basis"": [""id"", ""rz"", ""sx"", ""x"", ""ecr""], ""nodes"": 7}",c8b003a1553d070cddc2acc63823ce20487791b575f8614922ec632ce2dbf9e1,"[0, 1, 2, 3]",,identity proxy before selection when layout is transpiler,8e4246a80f37dc867d0cfe5b703c5e97fe1bd50168e294b8649e2eadb63771f1_synthetic_irregular_7q_favorable,basic,19,v0.4.0,8e4246a80f37dc867d0cfe5b703c5e97fe1bd50168e294b8649e2eadb63771f1_synthetic_irregular_7q_favorable_19,104,92,362,3.3286235999999944e-05,-34,0.007646613994438667,True,,8.114921523114833e-14,1e-10,logical Operator.equiv + routed zero/3 random states,"[0, 1, 2, 3]"
4,1.5,0.2,3,reversed,8e4246a80f37dc867d0cfe5b703c5e97fe1bd50168e294b8649e2eadb63771f1,ac9e11c5e0ad6cf029dbb306c1c1878bd17bda5d9f0f07da06929dd1ce826be0,415,295,259,156,19,1.6842105263157894,3,1.5,2,1,7,8,2.2857142857142856,3,1.8095238095238095,1.0,1.0,1,prospective,synthetic_irregular_7q_favorable,irregular,favorable,SYNTHETIC_TARGET,"{""edges"": [[0, 1], [0, 3], [1, 0], [1, 2], [2, 1], [2, 3], [2, 6], [3, 0], [3, 2], [3, 4], [4, 3], [4, 5], [5, 4], [5, 6], [6, 2], [6, 5]], ""seed"": 7, ""basis"": [""id"", ""rz"", ""sx"", ""x"", ""ecr""], ""nodes"": 7}",c8b003a1553d070cddc2acc63823ce20487791b575f8614922ec632ce2dbf9e1,"[0, 1, 2, 3]",,identity proxy before selection when layout is transpiler,8e4246a80f37dc867d0cfe5b703c5e97fe1bd50168e294b8649e2eadb63771f1_synthetic_irregular_7q_favorable,teleport,19,v0.4.0,8e4246a80f37dc867d0cfe5b703c5e97fe1bd50168e294b8649e2eadb63771f1_synthetic_irregular_7q_favorable_19,98,86,317,3.237115199999998e-05,-58,0.007105548997060396,True,,3.0254252205027494e-14,1e-10,logical Operator.equiv + routed zero/3 random states,"[0, 1, 2, 3]"
4,1.5,0.2,3,reversed,8e4246a80f37dc867d0cfe5b703c5e97fe1bd50168e294b8649e2eadb63771f1,ac9e11c5e0ad6cf029dbb306c1c1878bd17bda5d9f0f07da06929dd1ce826be0,415,295,259,156,19,1.6842105263157894,3,1.5,2,1,7,8,2.2857142857142856,3,1.8095238095238095,1.0,1.0,1,prospective,synthetic_irregular_7q_favorable,irregular,favorable,SYNTHETIC_TARGET,"{""edges"": [[0, 1], [0, 3], [1, 0], [1, 2], [2, 1], [2, 3], [2, 6], [3, 0], [3, 2], [3, 4], [4, 3], [4, 5], [5, 4], [5, 6], [6, 2], [6, 5]], ""seed"": 7, ""basis"": [""id"", ""rz"", ""sx"", ""x"", ""ecr""], ""nodes"": 7}",c8b003a1553d070cddc2acc63823ce20487791b575f8614922ec632ce2dbf9e1,"[0, 1, 2, 3]",,identity proxy before selection when layout is transpiler,8e4246a80f37dc867d0cfe5b703c5e97fe1bd50168e294b8649e2eadb63771f1_synthetic_irregular_7q_favorable,basic,29,v0.4.0,8e4246a80f37dc867d0cfe5b703c5e97fe1bd50168e294b8649e2eadb63771f1_synthetic_irregular_7q_favorable_29,104,92,362,3.3286235999999944e-05,-34,0.007871555993915536,True,,8.114921523114833e-14,1e-10,logical Operator.equiv + routed zero/3 random states,"[0, 1, 2, 3]"
4,1.5,0.2,3,reversed,8e4246a80f37dc867d0cfe5b703c5e97fe1bd50168e294b8649e2eadb63771f1,ac9e11c5e0ad6cf029dbb306c1c1878bd17bda5d9f0f07da06929dd1ce826be0,415,295,259,156,19,1.6842105263157894,3,1.5,2,1,7,8,2.2857142857142856,3,1.8095238095238095,1.0,1.0,1,prospective,synthetic_irregular_7q_favorable,irregular,favorable,SYNTHETIC_TARGET,"{""edges"": [[0, 1], [0, 3], [1, 0], [1, 2], [2, 1], [2, 3], [2, 6], [3, 0], [3, 2], [3, 4], [4, 3], [4, 5], [5, 4], [5, 6], [6, 2], [6, 5]], ""seed"": 7, ""basis"": [""id"", ""rz"", ""sx"", ""x"", ""ecr""], ""nodes"": 7}",c8b003a1553d070cddc2acc63823ce20487791b575f8614922ec632ce2dbf9e1,"[0, 1, 2, 3]",,identity proxy before selection when layout is transpiler,8e4246a80f37dc867d0cfe5b703c5e97fe1bd50168e294b8649e2eadb63771f1_synthetic_irregular_7q_favorable,teleport,29,v0.4.0,8e4246a80f37dc867d0cfe5b703c5e97fe1bd50168e294b8649e2eadb63771f1_synthetic_irregular_7q_favorable_29,98,86,317,3.237115199999998e-05,-58,0.006783445001929067,True,,3.0254252205027494e-14,1e-10,logical Operator.equiv + routed zero/3 random states,"[0, 1, 2, 3]"
4,1.5,0.2,3,reversed,8e4246a80f37dc867d0cfe5b703c5e97fe1bd50168e294b8649e2eadb63771f1,ac9e11c5e0ad6cf029dbb306c1c1878bd17bda5d9f0f07da06929dd1ce826be0,415,295,259,156,19,1.6842105263157894,3,1.5,2,1,7,8,2.2857142857142856,3,1.8095238095238095,1.0,1.0,1,prospective,synthetic_irregular_7q_favorable,irregular,favorable,SYNTHETIC_TARGET,"{""edges"": [[0, 1], [0, 3], [1, 0], [1, 2], [2, 1], [2, 3], [2, 6], [3, 0], [3, 2], [3, 4], [4, 3], [4, 5], [5, 4], [5, 6], [6, 2], [6, 5]], ""seed"": 7, ""basis"": [""id"", ""rz"", ""sx"", ""x"", ""ecr""], ""nodes"": 7}",c8b003a1553d070cddc2acc63823ce20487791b575f8614922ec632ce2dbf9e1,"[0, 1, 2, 3]",,identity proxy before selection when layout is transpiler,8e4246a80f37dc867d0cfe5b703c5e97fe1bd50168e294b8649e2eadb63771f1_synthetic_irregular_7q_favorable,basic,37,v0.4.0,8e4246a80f37dc867d0cfe5b703c5e97fe1bd50168e294b8649e2eadb63771f1_synthetic_irregular_7q_favorable_37,104,92,362,3.3286235999999944e-05,-34,0.007442287002049852,True,,8.114921523114833e-14,1e-10,logical Operator.equiv + routed zero/3 random states,"[0, 1, 2, 3]"
4,1.5,0.2,3,reversed,8e4246a80f37dc867d0cfe5b703c5e97fe1bd50168e294b8649e2eadb63771f1,ac9e11c5e0ad6cf029dbb306c1c1878bd17bda5d9f0f07da06929dd1ce826be0,415,295,259,156,19,1.6842105263157894,3,1.5,2,1,7,8,2.2857142857142856,3,1.8095238095238095,1.0,1.0,1,prospective,synthetic_irregular_7q_favorable,irregular,favorable,SYNTHETIC_TARGET,"{""edges"": [[0, 1], [0, 3], [1, 0], [1, 2], [2, 1], [2, 3], [2, 6], [3, 0], [3, 2], [3, 4], [4, 3], [4, 5], [5, 4], [5, 6], [6, 2], [6, 5]], ""seed"": 7, ""basis"": [""id"", ""rz"", ""sx"", ""x"", ""ecr""], ""nodes"": 7}",c8b003a1553d070cddc2acc63823ce20487791b575f8614922ec632ce2dbf9e1,"[0, 1, 2, 3]",,identity proxy before selection when layout is transpiler,8e4246a80f37dc867d0cfe5b703c5e97fe1bd50168e294b8649e2eadb63771f1_synthetic_irregular_7q_favorable,teleport,37,v0.4.0,8e4246a80f37dc867d0cfe5b703c5e97fe1bd50168e294b8649e2eadb63771f1_synthetic_irregular_7q_favorable_37,98,86,317,3.237115199999998e-05,-58,0.006835238003986888,True,,3.0254252205027494e-14,1e-10,logical Operator.equiv + routed zero/3 random states,"[0, 1, 2, 3]"
4,1.5,0.2,3,reversed,8e4246a80f37dc867d0cfe5b703c5e97fe1bd50168e294b8649e2eadb63771f1,ac9e11c5e0ad6cf029dbb306c1c1878bd17bda5d9f0f07da06929dd1ce826be0,415,295,259,156,19,1.6842105263157894,3,1.5,2,1,7,8,2.2857142857142856,3,1.8095238095238095,1.0,1.0,1,prospective,synthetic_irregular_7q_favorable,irregular,favorable,SYNTHETIC_TARGET,"{""edges"": [[0, 1], [0, 3], [1, 0], [1, 2], [2, 1], [2, 3], [2, 6], [3, 0], [3, 2], [3, 4], [4, 3], [4, 5], [5, 4], [5, 6], [6, 2], [6, 5]], ""seed"": 7, ""basis"": [""id"", ""rz"", ""sx"", ""x"", ""ecr""], ""nodes"": 7}",c8b003a1553d070cddc2acc63823ce20487791b575f8614922ec632ce2dbf9e1,"[0, 1, 2, 3]",,identity proxy before selection when layout is transpiler,8e4246a80f37dc867d0cfe5b703c5e97fe1bd50168e294b8649e2eadb63771f1_synthetic_irregular_7q_favorable,basic,47,v0.4.0,8e4246a80f37dc867d0cfe5b703c5e97fe1bd50168e294b8649e2eadb63771f1_synthetic_irregular_7q_favorable_47,104,92,362,3.3286235999999944e-05,-34,0.007159331005823333,True,,8.114921523114833e-14,1e-10,logical Operator.equiv + routed zero/3 random states,"[0, 1, 2, 3]"
4,1.5,0.2,3,reversed,8e4246a80f37dc867d0cfe5b703c5e97fe1bd50168e294b8649e2eadb63771f1,ac9e11c5e0ad6cf029dbb306c1c1878bd17bda5d9f0f07da06929dd1ce826be0,415,295,259,156,19,1.6842105263157894,3,1.5,2,1,7,8,2.2857142857142856,3,1.8095238095238095,1.0,1.0,1,prospective,synthetic_irregular_7q_favorable,irregular,favorable,SYNTHETIC_TARGET,"{""edges"": [[0, 1], [0, 3], [1, 0], [1, 2], [2, 1], [2, 3], [2, 6], [3, 0], [3, 2], [3, 4], [4, 3], [4, 5], [5, 4], [5, 6], [6, 2], [6, 5]], ""seed"": 7, ""basis"": [""id"", ""rz"", ""sx"", ""x"", ""ecr""], ""nodes"": 7}",c8b003a1553d070cddc2acc63823ce20487791b575f8614922ec632ce2dbf9e1,"[0, 1, 2, 3]",,identity proxy before selection when layout is transpiler,8e4246a80f37dc867d0cfe5b703c5e97fe1bd50168e294b8649e2eadb63771f1_synthetic_irregular_7q_favorable,teleport,47,v0.4.0,8e4246a80f37dc867d0cfe5b703c5e97fe1bd50168e294b8649e2eadb63771f1_synthetic_irregular_7q_favorable_47,98,86,317,3.237115199999998e-05,-58,0.00699701900157379,True,,3.0254252205027494e-14,1e-10,logical Operator.equiv + routed zero/3 random states,"[0, 1, 2, 3]"
4,1.5,0.2,3,reversed,8e4246a80f37dc867d0cfe5b703c5e97fe1bd50168e294b8649e2eadb63771f1,ac9e11c5e0ad6cf029dbb306c1c1878bd17bda5d9f0f07da06929dd1ce826be0,415,295,259,156,19,1.6842105263157894,3,1.5,2,1,7,8,2.2857142857142856,3,1.8095238095238095,1.6153846153846154,2.0,1,prospective,synthetic_irregular_7q_spread,irregular,spread,SYNTHETIC_TARGET,"{""edges"": [[0, 1], [0, 3], [1, 0], [1, 2], [2, 1], [2, 3], [2, 6], [3, 0], [3, 2], [3, 4], [4, 3], [4, 5], [5, 4], [5, 6], [6, 2], [6, 5]], ""seed"": 7, ""basis"": [""id"", ""rz"", ""sx"", ""x"", ""ecr""], ""nodes"": 7}",c8b003a1553d070cddc2acc63823ce20487791b575f8614922ec632ce2dbf9e1,"[0, 2, 3, 5]",,identity proxy before selection when layout is transpiler,8e4246a80f37dc867d0cfe5b703c5e97fe1bd50168e294b8649e2eadb63771f1_synthetic_irregular_7q_spread,basic,11,v0.4.0,8e4246a80f37dc867d0cfe5b703c5e97fe1bd50168e294b8649e2eadb63771f1_synthetic_irregular_7q_spread_11,110,95,410,4.378861200000006e-05,-28,0.008166078994690906,True,,7.677543416630449e-14,1e-10,logical Operator.equiv + routed zero/3 random states,"[0, 3, 2, 6]"
4,1.5,0.2,3,reversed,8e4246a80f37dc867d0cfe5b703c5e97fe1bd50168e294b8649e2eadb63771f1,ac9e11c5e0ad6cf029dbb306c1c1878bd17bda5d9f0f07da06929dd1ce826be0,415,295,259,156,19,1.6842105263157894,3,1.5,2,1,7,8,2.2857142857142856,3,1.8095238095238095,1.6153846153846154,2.0,1,prospective,synthetic_irregular_7q_spread,irregular,spread,SYNTHETIC_TARGET,"{""edges"": [[0, 1], [0, 3], [1, 0], [1, 2], [2, 1], [2, 3], [2, 6], [3, 0], [3, 2], [3, 4], [4, 3], [4, 5], [5, 4], [5, 6], [6, 2], [6, 5]], ""seed"": 7, ""basis"": [""id"", ""rz"", ""sx"", ""x"", ""ecr""], ""nodes"": 7}",c8b003a1553d070cddc2acc63823ce20487791b575f8614922ec632ce2dbf9e1,"[0, 2, 3, 5]",,identity proxy before selection when layout is transpiler,8e4246a80f37dc867d0cfe5b703c5e97fe1bd50168e294b8649e2eadb63771f1_synthetic_irregular_7q_spread,teleport,11,v0.4.0,8e4246a80f37dc867d0cfe5b703c5e97fe1bd50168e294b8649e2eadb63771f1_synthetic_irregular_7q_spread_11,104,88,328,5.6473026000000004e-05,-52,0.007510680996347219,True,,1.458774014476429e-14,1e-10,logical Operator.equiv + routed zero/3 random states,"[1, 2, 3, 4]"
4,1.5,0.2,3,reversed,8e4246a80f37dc867d0cfe5b703c5e97fe1bd50168e294b8649e2eadb63771f1,ac9e11c5e0ad6cf029dbb306c1c1878bd17bda5d9f0f07da06929dd1ce826be0,415,295,259,156,19,1.6842105263157894,3,1.5,2,1,7,8,2.2857142857142856,3,1.8095238095238095,1.6153846153846154,2.0,1,prospective,synthetic_irregular_7q_spread,irregular,spread,SYNTHETIC_TARGET,"{""edges"": [[0, 1], [0, 3], [1, 0], [1, 2], [2, 1], [2, 3], [2, 6], [3, 0], [3, 2], [3, 4], [4, 3], [4, 5], [5, 4], [5, 6], [6, 2], [6, 5]], ""seed"": 7, ""basis"": [""id"", ""rz"", ""sx"", ""x"", ""ecr""], ""nodes"": 7}",c8b003a1553d070cddc2acc63823ce20487791b575f8614922ec632ce2dbf9e1,"[0, 2, 3, 5]",,identity proxy before selection when layout is transpiler,8e4246a80f37dc867d0cfe5b703c5e97fe1bd50168e294b8649e2eadb63771f1_synthetic_irregular_7q_spread,basic,19,v0.4.0,8e4246a80f37dc867d0cfe5b703c5e97fe1bd50168e294b8649e2eadb63771f1_synthetic_irregular_7q_spread_19,110,95,410,4.378861200000006e-05,-28,0.009193730998958927,True,,7.677543416630449e-14,1e-10,logical Operator.equiv + routed zero/3 random states,"[0, 3, 2, 6]"
4,1.5,0.2,3,reversed,8e4246a80f37dc867d0cfe5b703c5e97fe1bd50168e294b8649e2eadb63771f1,ac9e11c5e0ad6cf029dbb306c1c1878bd17bda5d9f0f07da06929dd1ce826be0,415,295,259,156,19,1.6842105263157894,3,1.5,2,1,7,8,2.2857142857142856,3,1.8095238095238095,1.6153846153846154,2.0,1,prospective,synthetic_irregular_7q_spread,irregular,spread,SYNTHETIC_TARGET,"{""edges"": [[0, 1], [0, 3], [1, 0], [1, 2], [2, 1], [2, 3], [2, 6], [3, 0], [3, 2], [3, 4], [4, 3], [4, 5], [5, 4], [5, 6], [6, 2], [6, 5]], ""seed"": 7, ""basis"": [""id"", ""rz"", ""sx"", ""x"", ""ecr""], ""nodes"": 7}",c8b003a1553d070cddc2acc63823ce20487791b575f8614922ec632ce2dbf9e1,"[0, 2, 3, 5]",,identity proxy before selection when layout is transpiler,8e4246a80f37dc867d0cfe5b703c5e97fe1bd50168e294b8649e2eadb63771f1_synthetic_irregular_7q_spread,teleport,19,v0.4.0,8e4246a80f37dc867d0cfe5b703c5e97fe1bd50168e294b8649e2eadb63771f1_synthetic_irregular_7q_spread_19,104,88,328,5.6473026000000004e-05,-52,0.007812741001544055,True,,1.458774014476429e-14,1e-10,logical Operator.equiv + routed zero/3 random states,"[1, 2, 3, 4]"
4,1.5,0.2,3,reversed,8e4246a80f37dc867d0cfe5b703c5e97fe1bd50168e294b8649e2eadb63771f1,ac9e11c5e0ad6cf029dbb306c1c1878bd17bda5d9f0f07da06929dd1ce826be0,415,295,259,156,19,1.6842105263157894,3,1.5,2,1,7,8,2.2857142857142856,3,1.8095238095238095,1.6153846153846154,2.0,1,prospective,synthetic_irregular_7q_spread,irregular,spread,SYNTHETIC_TARGET,"{""edges"": [[0, 1], [0, 3], [1, 0], [1, 2], [2, 1], [2, 3], [2, 6], [3, 0], [3, 2], [3, 4], [4, 3], [4, 5], [5, 4], [5, 6], [6, 2], [6, 5]], ""seed"": 7, ""basis"": [""id"", ""rz"", ""sx"", ""x"", ""ecr""], ""nodes"": 7}",c8b003a1553d070cddc2acc63823ce20487791b575f8614922ec632ce2dbf9e1,"[0, 2, 3, 5]",,identity proxy before selection when layout is transpiler,8e4246a80f37dc867d0cfe5b703c5e97fe1bd50168e294b8649e2eadb63771f1_synthetic_irregular_7q_spread,basic,29,v0.4.0,8e4246a80f37dc867d0cfe5b703c5e97fe1bd50168e294b8649e2eadb63771f1_synthetic_irregular_7q_spread_29,110,95,410,4.378861200000006e-05,-28,0.007643072996870615,True,,7.677543416630449e-14,1e-10,logical Operator.equiv + routed zero/3 random states,"[0, 3, 2, 6]"
4,1.5,0.2,3,reversed,8e4246a80f37dc867d0cfe5b703c5e97fe1bd50168e294b8649e2eadb63771f1,ac9e11c5e0ad6cf029dbb306c1c1878bd17bda5d9f0f07da06929dd1ce826be0,415,295,259,156,19,1.6842105263157894,3,1.5,2,1,7,8,2.2857142857142856,3,1.8095238095238095,1.6153846153846154,2.0,1,prospective,synthetic_irregular_7q_spread,irregular,spread,SYNTHETIC_TARGET,"{""edges"": [[0, 1], [0, 3], [1, 0], [1, 2], [2, 1], [2, 3], [2, 6], [3, 0], [3, 2], [3, 4], [4, 3], [4, 5], [5, 4], [5, 6], [6, 2], [6, 5]], ""seed"": 7, ""basis"": [""id"", ""rz"", ""sx"", ""x"", ""ecr""], ""nodes"": 7}",c8b003a1553d070cddc2acc63823ce20487791b575f8614922ec632ce2dbf9e1,"[0, 2, 3, 5]",,identity proxy before selection when layout is transpiler,8e4246a80f37dc867d0cfe5b703c5e97fe1bd50168e294b8649e2eadb63771f1_synthetic_irregular_7q_spread,teleport,29,v0.4.0,8e4246a80f37dc867d0cfe5b703c5e97fe1bd50168e294b8649e2eadb63771f1_synthetic_irregular_7q_spread_29,104,88,328,5.6473026000000004e-05,-52,0.008005978001165204,True,,1.458774014476429e-14,1e-10,logical Operator.equiv + routed zero/3 random states,"[1, 2, 3, 4]"
4,1.5,0.2,3,reversed,8e4246a80f37dc867d0cfe5b703c5e97fe1bd50168e294b8649e2eadb63771f1,ac9e11c5e0ad6cf029dbb306c1c1878bd17bda5d9f0f07da06929dd1ce826be0,415,295,259,156,19,1.6842105263157894,3,1.5,2,1,7,8,2.2857142857142856,3,1.8095238095238095,1.6153846153846154,2.0,1,prospective,synthetic_irregular_7q_spread,irregular,spread,SYNTHETIC_TARGET,"{""edges"": [[0, 1], [0, 3], [1, 0], [1, 2], [2, 1], [2, 3], [2, 6], [3, 0], [3, 2], [3, 4], [4, 3], [4, 5], [5, 4], [5, 6], [6, 2], [6, 5]], ""seed"": 7, ""basis"": [""id"", ""rz"", ""sx"", ""x"", ""ecr""], ""nodes"": 7}",c8b003a1553d070cddc2acc63823ce20487791b575f8614922ec632ce2dbf9e1,"[0, 2, 3, 5]",,identity proxy before selection when layout is transpiler,8e4246a80f37dc867d0cfe5b703c5e97fe1bd50168e294b8649e2eadb63771f1_synthetic_irregular_7q_spread,basic,37,v0.4.0,8e4246a80f37dc867d0cfe5b703c5e97fe1bd50168e294b8649e2eadb63771f1_synthetic_irregular_7q_spread_37,110,95,410,4.378861200000006e-05,-28,0.008292414997413289,True,,7.677543416630449e-14,1e-10,logical Operator.equiv + routed zero/3 random states,"[0, 3, 2, 6]"
4,1.5,0.2,3,reversed,8e4246a80f37dc867d0cfe5b703c5e97fe1bd50168e294b8649e2eadb63771f1,ac9e11c5e0ad6cf029dbb306c1c1878bd17bda5d9f0f07da06929dd1ce826be0,415,295,259,156,19,1.6842105263157894,3,1.5,2,1,7,8,2.2857142857142856,3,1.8095238095238095,1.6153846153846154,2.0,1,prospective,synthetic_irregular_7q_spread,irregular,spread,SYNTHETIC_TARGET,"{""edges"": [[0, 1], [0, 3], [1, 0], [1, 2], [2, 1], [2, 3], [2, 6], [3, 0], [3, 2], [3, 4], [4, 3], [4, 5], [5, 4], [5, 6], [6, 2], [6, 5]], ""seed"": 7, ""basis"": [""id"", ""rz"", ""sx"", ""x"", ""ecr""], ""nodes"": 7}",c8b003a1553d070cddc2acc63823ce20487791b575f8614922ec632ce2dbf9e1,"[0, 2, 3, 5]",,identity proxy before selection when layout is transpiler,8e4246a80f37dc867d0cfe5b703c5e97fe1bd50168e294b8649e2eadb63771f1_synthetic_irregular_7q_spread,teleport,37,v0.4.0,8e4246a80f37dc867d0cfe5b703c5e97fe1bd50168e294b8649e2eadb63771f1_synthetic_irregular_7q_spread_37,104,88,328,5.6473026000000004e-05,-52,0.007425525000144262,True,,1.458774014476429e-14,1e-10,logical Operator.equiv + routed zero/3 random states,"[1, 2, 3, 4]"
4,1.5,0.2,3,reversed,8e4246a80f37dc867d0cfe5b703c5e97fe1bd50168e294b8649e2eadb63771f1,ac9e11c5e0ad6cf029dbb306c1c1878bd17bda5d9f0f07da06929dd1ce826be0,415,295,259,156,19,1.6842105263157894,3,1.5,2,1,7,8,2.2857142857142856,3,1.8095238095238095,1.6153846153846154,2.0,1,prospective,synthetic_irregular_7q_spread,irregular,spread,SYNTHETIC_TARGET,"{""edges"": [[0, 1], [0, 3], [1, 0], [1, 2], [2, 1], [2, 3], [2, 6], [3, 0], [3, 2], [3, 4], [4, 3], [4, 5], [5, 4], [5, 6], [6, 2], [6, 5]], ""seed"": 7, ""basis"": [""id"", ""rz"", ""sx"", ""x"", ""ecr""], ""nodes"": 7}",c8b003a1553d070cddc2acc63823ce20487791b575f8614922ec632ce2dbf9e1,"[0, 2, 3, 5]",,identity proxy before selection when layout is transpiler,8e4246a80f37dc867d0cfe5b703c5e97fe1bd50168e294b8649e2eadb63771f1_synthetic_irregular_7q_spread,basic,47,v0.4.0,8e4246a80f37dc867d0cfe5b703c5e97fe1bd50168e294b8649e2eadb63771f1_synthetic_irregular_7q_spread_47,110,95,376,5.3443614000000016e-05,-28,0.0076822440023534,True,,5.778504247412777e-14,1e-10,logical Operator.equiv + routed zero/3 random states,"[1, 2, 3, 4]"
4,1.5,0.2,3,reversed,8e4246a80f37dc867d0cfe5b703c5e97fe1bd50168e294b8649e2eadb63771f1,ac9e11c5e0ad6cf029dbb306c1c1878bd17bda5d9f0f07da06929dd1ce826be0,415,295,259,156,19,1.6842105263157894,3,1.5,2,1,7,8,2.2857142857142856,3,1.8095238095238095,1.6153846153846154,2.0,1,prospective,synthetic_irregular_7q_spread,irregular,spread,SYNTHETIC_TARGET,"{""edges"": [[0, 1], [0, 3], [1, 0], [1, 2], [2, 1], [2, 3], [2, 6], [3, 0], [3, 2], [3, 4], [4, 3], [4, 5], [5, 4], [5, 6], [6, 2], [6, 5]], ""seed"": 7, ""basis"": [""id"", ""rz"", ""sx"", ""x"", ""ecr""], ""nodes"": 7}",c8b003a1553d070cddc2acc63823ce20487791b575f8614922ec632ce2dbf9e1,"[0, 2, 3, 5]",,identity proxy before selection when layout is transpiler,8e4246a80f37dc867d0cfe5b703c5e97fe1bd50168e294b8649e2eadb63771f1_synthetic_irregular_7q_spread,teleport,47,v0.4.0,8e4246a80f37dc867d0cfe5b703c5e97fe1bd50168e294b8649e2eadb63771f1_synthetic_irregular_7q_spread_47,104,88,328,5.6473026000000004e-05,-52,0.0075874009999097325,True,,1.458774014476429e-14,1e-10,logical Operator.equiv + routed zero/3 random states,"[1, 2, 3, 4]"
4,1.5,0.2,3,symmetry,4578146e16dfcf0a3a55a1b3fea16f778ac944886bf5b33e90f7dc227bfcd90d,5d660df1811b06d2a855b494e5485abcab84c6d43e60a7ab268ab6b05a0fe264,415,247,259,156,19,1.6842105263157894,3,1.5,2,1,6,5,1.6666666666666667,5,2.3333333333333335,1.0,1.0,1,prospective,synthetic_line_6q_favorable,line,favorable,SYNTHETIC_TARGET,"{""edges"": [[0, 1], [1, 0], [1, 2], [2, 1], [2, 3], [3, 2], [3, 4], [4, 3], [4, 5], [5, 4]], ""seed"": 7, ""basis"": [""id"", ""rz"", ""sx"", ""x"", ""ecr""], ""nodes"": 6}",ccfecec17e274607ed29176fa4c2a758de445cb0e2e85ddcc1bbcb36bd80dcb3,"[0, 1, 2, 3]",,identity proxy before selection when layout is transpiler,4578146e16dfcf0a3a55a1b3fea16f778ac944886bf5b33e90f7dc227bfcd90d_synthetic_line_6q_favorable,basic,11,v0.4.0,4578146e16dfcf0a3a55a1b3fea16f778ac944886bf5b33e90f7dc227bfcd90d_synthetic_line_6q_favorable_11,63,54,257,3.459758999999999e-05,-69,0.006962493003811687,True,,2.488516059900055e-14,1e-10,logical Operator.equiv + routed zero/3 random states,"[0, 1, 2, 3]"
4,1.5,0.2,3,symmetry,4578146e16dfcf0a3a55a1b3fea16f778ac944886bf5b33e90f7dc227bfcd90d,5d660df1811b06d2a855b494e5485abcab84c6d43e60a7ab268ab6b05a0fe264,415,247,259,156,19,1.6842105263157894,3,1.5,2,1,6,5,1.6666666666666667,5,2.3333333333333335,1.0,1.0,1,prospective,synthetic_line_6q_favorable,line,favorable,SYNTHETIC_TARGET,"{""edges"": [[0, 1], [1, 0], [1, 2], [2, 1], [2, 3], [3, 2], [3, 4], [4, 3], [4, 5], [5, 4]], ""seed"": 7, ""basis"": [""id"", ""rz"", ""sx"", ""x"", ""ecr""], ""nodes"": 6}",ccfecec17e274607ed29176fa4c2a758de445cb0e2e85ddcc1bbcb36bd80dcb3,"[0, 1, 2, 3]",,identity proxy before selection when layout is transpiler,4578146e16dfcf0a3a55a1b3fea16f778ac944886bf5b33e90f7dc227bfcd90d_synthetic_line_6q_favorable,teleport,11,v0.4.0,4578146e16dfcf0a3a55a1b3fea16f778ac944886bf5b33e90f7dc227bfcd90d_synthetic_line_6q_favorable_11,80,70,296,4.6361147999999977e-05,-76,0.007187464005255606,True,,1.2676491296247908e-14,1e-10,logical Operator.equiv + routed zero/3 random states,"[0, 1, 2, 3]"
4,1.5,0.2,3,symmetry,4578146e16dfcf0a3a55a1b3fea16f778ac944886bf5b33e90f7dc227bfcd90d,5d660df1811b06d2a855b494e5485abcab84c6d43e60a7ab268ab6b05a0fe264,415,247,259,156,19,1.6842105263157894,3,1.5,2,1,6,5,1.6666666666666667,5,2.3333333333333335,1.0,1.0,1,prospective,synthetic_line_6q_favorable,line,favorable,SYNTHETIC_TARGET,"{""edges"": [[0, 1], [1, 0], [1, 2], [2, 1], [2, 3], [3, 2], [3, 4], [4, 3], [4, 5], [5, 4]], ""seed"": 7, ""basis"": [""id"", ""rz"", ""sx"", ""x"", ""ecr""], ""nodes"": 6}",ccfecec17e274607ed29176fa4c2a758de445cb0e2e85ddcc1bbcb36bd80dcb3,"[0, 1, 2, 3]",,identity proxy before selection when layout is transpiler,4578146e16dfcf0a3a55a1b3fea16f778ac944886bf5b33e90f7dc227bfcd90d_synthetic_line_6q_favorable,basic,19,v0.4.0,4578146e16dfcf0a3a55a1b3fea16f778ac944886bf5b33e90f7dc227bfcd90d_synthetic_line_6q_favorable_19,63,54,257,3.459758999999999e-05,-69,0.006587065996427555,True,,2.488516059900055e-14,1e-10,logical Operator.equiv + routed zero/3 random states,"[0, 1, 2, 3]"
4,1.5,0.2,3,symmetry,4578146e16dfcf0a3a55a1b3fea16f778ac944886bf5b33e90f7dc227bfcd90d,5d660df1811b06d2a855b494e5485abcab84c6d43e60a7ab268ab6b05a0fe264,415,247,259,156,19,1.6842105263157894,3,1.5,2,1,6,5,1.6666666666666667,5,2.3333333333333335,1.0,1.0,1,prospective,synthetic_line_6q_favorable,line,favorable,SYNTHETIC_TARGET,"{""edges"": [[0, 1], [1, 0], [1, 2], [2, 1], [2, 3], [3, 2], [3, 4], [4, 3], [4, 5], [5, 4]], ""seed"": 7, ""basis"": [""id"", ""rz"", ""sx"", ""x"", ""ecr""], ""nodes"": 6}",ccfecec17e274607ed29176fa4c2a758de445cb0e2e85ddcc1bbcb36bd80dcb3,"[0, 1, 2, 3]",,identity proxy before selection when layout is transpiler,4578146e16dfcf0a3a55a1b3fea16f778ac944886bf5b33e90f7dc227bfcd90d_synthetic_line_6q_favorable,teleport,19,v0.4.0,4578146e16dfcf0a3a55a1b3fea16f778ac944886bf5b33e90f7dc227bfcd90d_synthetic_line_6q_favorable_19,80,70,296,4.6361147999999977e-05,-76,0.006520269002066925,True,,1.2676491296247908e-14,1e-10,logical Operator.equiv + routed zero/3 random states,"[0, 1, 2, 3]"
4,1.5,0.2,3,symmetry,4578146e16dfcf0a3a55a1b3fea16f778ac944886bf5b33e90f7dc227bfcd90d,5d660df1811b06d2a855b494e5485abcab84c6d43e60a7ab268ab6b05a0fe264,415,247,259,156,19,1.6842105263157894,3,1.5,2,1,6,5,1.6666666666666667,5,2.3333333333333335,1.0,1.0,1,prospective,synthetic_line_6q_favorable,line,favorable,SYNTHETIC_TARGET,"{""edges"": [[0, 1], [1, 0], [1, 2], [2, 1], [2, 3], [3, 2], [3, 4], [4, 3], [4, 5], [5, 4]], ""seed"": 7, ""basis"": [""id"", ""rz"", ""sx"", ""x"", ""ecr""], ""nodes"": 6}",ccfecec17e274607ed29176fa4c2a758de445cb0e2e85ddcc1bbcb36bd80dcb3,"[0, 1, 2, 3]",,identity proxy before selection when layout is transpiler,4578146e16dfcf0a3a55a1b3fea16f778ac944886bf5b33e90f7dc227bfcd90d_synthetic_line_6q_favorable,basic,29,v0.4.0,4578146e16dfcf0a3a55a1b3fea16f778ac944886bf5b33e90f7dc227bfcd90d_synthetic_line_6q_favorable_29,63,54,257,3.459758999999999e-05,-69,0.007447736003086902,True,,2.488516059900055e-14,1e-10,logical Operator.equiv + routed zero/3 random states,"[0, 1, 2, 3]"
4,1.5,0.2,3,symmetry,4578146e16dfcf0a3a55a1b3fea16f778ac944886bf5b33e90f7dc227bfcd90d,5d660df1811b06d2a855b494e5485abcab84c6d43e60a7ab268ab6b05a0fe264,415,247,259,156,19,1.6842105263157894,3,1.5,2,1,6,5,1.6666666666666667,5,2.3333333333333335,1.0,1.0,1,prospective,synthetic_line_6q_favorable,line,favorable,SYNTHETIC_TARGET,"{""edges"": [[0, 1], [1, 0], [1, 2], [2, 1], [2, 3], [3, 2], [3, 4], [4, 3], [4, 5], [5, 4]], ""seed"": 7, ""basis"": [""id"", ""rz"", ""sx"", ""x"", ""ecr""], ""nodes"": 6}",ccfecec17e274607ed29176fa4c2a758de445cb0e2e85ddcc1bbcb36bd80dcb3,"[0, 1, 2, 3]",,identity proxy before selection when layout is transpiler,4578146e16dfcf0a3a55a1b3fea16f778ac944886bf5b33e90f7dc227bfcd90d_synthetic_line_6q_favorable,teleport,29,v0.4.0,4578146e16dfcf0a3a55a1b3fea16f778ac944886bf5b33e90f7dc227bfcd90d_synthetic_line_6q_favorable_29,80,70,296,4.6361147999999977e-05,-76,0.007398592002573423,True,,1.2676491296247908e-14,1e-10,logical Operator.equiv + routed zero/3 random states,"[0, 1, 2, 3]"
4,1.5,0.2,3,symmetry,4578146e16dfcf0a3a55a1b3fea16f778ac944886bf5b33e90f7dc227bfcd90d,5d660df1811b06d2a855b494e5485abcab84c6d43e60a7ab268ab6b05a0fe264,415,247,259,156,19,1.6842105263157894,3,1.5,2,1,6,5,1.6666666666666667,5,2.3333333333333335,1.0,1.0,1,prospective,synthetic_line_6q_favorable,line,favorable,SYNTHETIC_TARGET,"{""edges"": [[0, 1], [1, 0], [1, 2], [2, 1], [2, 3], [3, 2], [3, 4], [4, 3], [4, 5], [5, 4]], ""seed"": 7, ""basis"": [""id"", ""rz"", ""sx"", ""x"", ""ecr""], ""nodes"": 6}",ccfecec17e274607ed29176fa4c2a758de445cb0e2e85ddcc1bbcb36bd80dcb3,"[0, 1, 2, 3]",,identity proxy before selection when layout is transpiler,4578146e16dfcf0a3a55a1b3fea16f778ac944886bf5b33e90f7dc227bfcd90d_synthetic_line_6q_favorable,basic,37,v0.4.0,4578146e16dfcf0a3a55a1b3fea16f778ac944886bf5b33e90f7dc227bfcd90d_synthetic_line_6q_favorable_37,63,54,257,3.459758999999999e-05,-69,0.008200680997106247,True,,2.488516059900055e-14,1e-10,logical Operator.equiv + routed zero/3 random states,"[0, 1, 2, 3]"
4,1.5,0.2,3,symmetry,4578146e16dfcf0a3a55a1b3fea16f778ac944886bf5b33e90f7dc227bfcd90d,5d660df1811b06d2a855b494e5485abcab84c6d43e60a7ab268ab6b05a0fe264,415,247,259,156,19,1.6842105263157894,3,1.5,2,1,6,5,1.6666666666666667,5,2.3333333333333335,1.0,1.0,1,prospective,synthetic_line_6q_favorable,line,favorable,SYNTHETIC_TARGET,"{""edges"": [[0, 1], [1, 0], [1, 2], [2, 1], [2, 3], [3, 2], [3, 4], [4, 3], [4, 5], [5, 4]], ""seed"": 7, ""basis"": [""id"", ""rz"", ""sx"", ""x"", ""ecr""], ""nodes"": 6}",ccfecec17e274607ed29176fa4c2a758de445cb0e2e85ddcc1bbcb36bd80dcb3,"[0, 1, 2, 3]",,identity proxy before selection when layout is transpiler,4578146e16dfcf0a3a55a1b3fea16f778ac944886bf5b33e90f7dc227bfcd90d_synthetic_line_6q_favorable,teleport,37,v0.4.0,4578146e16dfcf0a3a55a1b3fea16f778ac944886bf5b33e90f7dc227bfcd90d_synthetic_line_6q_favorable_37,80,70,296,4.6361147999999977e-05,-76,0.006938648999494035,True,,1.2676491296247908e-14,1e-10,logical Operator.equiv + routed zero/3 random states,"[0, 1, 2, 3]"
4,1.5,0.2,3,symmetry,4578146e16dfcf0a3a55a1b3fea16f778ac944886bf5b33e90f7dc227bfcd90d,5d660df1811b06d2a855b494e5485abcab84c6d43e60a7ab268ab6b05a0fe264,415,247,259,156,19,1.6842105263157894,3,1.5,2,1,6,5,1.6666666666666667,5,2.3333333333333335,1.0,1.0,1,prospective,synthetic_line_6q_favorable,line,favorable,SYNTHETIC_TARGET,"{""edges"": [[0, 1], [1, 0], [1, 2], [2, 1], [2, 3], [3, 2], [3, 4], [4, 3], [4, 5], [5, 4]], ""seed"": 7, ""basis"": [""id"", ""rz"", ""sx"", ""x"", ""ecr""], ""nodes"": 6}",ccfecec17e274607ed29176fa4c2a758de445cb0e2e85ddcc1bbcb36bd80dcb3,"[0, 1, 2, 3]",,identity proxy before selection when layout is transpiler,4578146e16dfcf0a3a55a1b3fea16f778ac944886bf5b33e90f7dc227bfcd90d_synthetic_line_6q_favorable,basic,47,v0.4.0,4578146e16dfcf0a3a55a1b3fea16f778ac944886bf5b33e90f7dc227bfcd90d_synthetic_line_6q_favorable_47,63,54,257,3.459758999999999e-05,-69,0.007149129996832926,True,,2.488516059900055e-14,1e-10,logical Operator.equiv + routed zero/3 random states,"[0, 1, 2, 3]"
4,1.5,0.2,3,symmetry,4578146e16dfcf0a3a55a1b3fea16f778ac944886bf5b33e90f7dc227bfcd90d,5d660df1811b06d2a855b494e5485abcab84c6d43e60a7ab268ab6b05a0fe264,415,247,259,156,19,1.6842105263157894,3,1.5,2,1,6,5,1.6666666666666667,5,2.3333333333333335,1.0,1.0,1,prospective,synthetic_line_6q_favorable,line,favorable,SYNTHETIC_TARGET,"{""edges"": [[0, 1], [1, 0], [1, 2], [2, 1], [2, 3], [3, 2], [3, 4], [4, 3], [4, 5], [5, 4]], ""seed"": 7, ""basis"": [""id"", ""rz"", ""sx"", ""x"", ""ecr""], ""nodes"": 6}",ccfecec17e274607ed29176fa4c2a758de445cb0e2e85ddcc1bbcb36bd80dcb3,"[0, 1, 2, 3]",,identity proxy before selection when layout is transpiler,4578146e16dfcf0a3a55a1b3fea16f778ac944886bf5b33e90f7dc227bfcd90d_synthetic_line_6q_favorable,teleport,47,v0.4.0,4578146e16dfcf0a3a55a1b3fea16f778ac944886bf5b33e90f7dc227bfcd90d_synthetic_line_6q_favorable_47,80,70,296,4.6361147999999977e-05,-76,0.008122008002828807,True,,1.2676491296247908e-14,1e-10,logical Operator.equiv + routed zero/3 random states,"[0, 1, 2, 3]"
4,1.5,0.2,3,symmetry,4578146e16dfcf0a3a55a1b3fea16f778ac944886bf5b33e90f7dc227bfcd90d,5d660df1811b06d2a855b494e5485abcab84c6d43e60a7ab268ab6b05a0fe264,415,247,259,156,19,1.6842105263157894,3,1.5,2,1,6,5,1.6666666666666667,5,2.3333333333333335,1.6153846153846154,2.0,1,prospective,synthetic_line_6q_spread,line,spread,SYNTHETIC_TARGET,"{""edges"": [[0, 1], [1, 0], [1, 2], [2, 1], [2, 3], [3, 2], [3, 4], [4, 3], [4, 5], [5, 4]], ""seed"": 7, ""basis"": [""id"", ""rz"", ""sx"", ""x"", ""ecr""], ""nodes"": 6}",ccfecec17e274607ed29176fa4c2a758de445cb0e2e85ddcc1bbcb36bd80dcb3,"[0, 2, 3, 5]",,identity proxy before selection when layout is transpiler,4578146e16dfcf0a3a55a1b3fea16f778ac944886bf5b33e90f7dc227bfcd90d_synthetic_line_6q_spread,basic,11,v0.4.0,4578146e16dfcf0a3a55a1b3fea16f778ac944886bf5b33e90f7dc227bfcd90d_synthetic_line_6q_spread_11,69,57,288,3.424882800000001e-05,-63,0.0076448839972727,True,,3.1821074454218573e-14,1e-10,logical Operator.equiv + routed zero/3 random states,"[1, 2, 3, 4]"
4,1.5,0.2,3,symmetry,4578146e16dfcf0a3a55a1b3fea16f778ac944886bf5b33e90f7dc227bfcd90d,5d660df1811b06d2a855b494e5485abcab84c6d43e60a7ab268ab6b05a0fe264,415,247,259,156,19,1.6842105263157894,3,1.5,2,1,6,5,1.6666666666666667,5,2.3333333333333335,1.6153846153846154,2.0,1,prospective,synthetic_line_6q_spread,line,spread,SYNTHETIC_TARGET,"{""edges"": [[0, 1], [1, 0], [1, 2], [2, 1], [2, 3], [3, 2], [3, 4], [4, 3], [4, 5], [5, 4]], ""seed"": 7, ""basis"": [""id"", ""rz"", ""sx"", ""x"", ""ecr""], ""nodes"": 6}",ccfecec17e274607ed29176fa4c2a758de445cb0e2e85ddcc1bbcb36bd80dcb3,"[0, 2, 3, 5]",,identity proxy before selection when layout is transpiler,4578146e16dfcf0a3a55a1b3fea16f778ac944886bf5b33e90f7dc227bfcd90d_synthetic_line_6q_spread,teleport,11,v0.4.0,4578146e16dfcf0a3a55a1b3fea16f778ac944886bf5b33e90f7dc227bfcd90d_synthetic_line_6q_spread_11,86,73,331,4.7238713999999984e-05,-70,0.010086730995681137,True,,2.4866937473168903e-13,1e-10,logical Operator.equiv + routed zero/3 random states,"[1, 2, 3, 4]"
4,1.5,0.2,3,symmetry,4578146e16dfcf0a3a55a1b3fea16f778ac944886bf5b33e90f7dc227bfcd90d,5d660df1811b06d2a855b494e5485abcab84c6d43e60a7ab268ab6b05a0fe264,415,247,259,156,19,1.6842105263157894,3,1.5,2,1,6,5,1.6666666666666667,5,2.3333333333333335,1.6153846153846154,2.0,1,prospective,synthetic_line_6q_spread,line,spread,SYNTHETIC_TARGET,"{""edges"": [[0, 1], [1, 0], [1, 2], [2, 1], [2, 3], [3, 2], [3, 4], [4, 3], [4, 5], [5, 4]], ""seed"": 7, ""basis"": [""id"", ""rz"", ""sx"", ""x"", ""ecr""], ""nodes"": 6}",ccfecec17e274607ed29176fa4c2a758de445cb0e2e85ddcc1bbcb36bd80dcb3,"[0, 2, 3, 5]",,identity proxy before selection when layout is transpiler,4578146e16dfcf0a3a55a1b3fea16f778ac944886bf5b33e90f7dc227bfcd90d_synthetic_line_6q_spread,basic,19,v0.4.0,4578146e16dfcf0a3a55a1b3fea16f778ac944886bf5b33e90f7dc227bfcd90d_synthetic_line_6q_spread_19,69,57,288,3.424882800000001e-05,-63,0.0075376419990789145,True,,3.1821074454218573e-14,1e-10,logical Operator.equiv + routed zero/3 random states,"[1, 2, 3, 4]"
4,1.5,0.2,3,symmetry,4578146e16dfcf0a3a55a1b3fea16f778ac944886bf5b33e90f7dc227bfcd90d,5d660df1811b06d2a855b494e5485abcab84c6d43e60a7ab268ab6b05a0fe264,415,247,259,156,19,1.6842105263157894,3,1.5,2,1,6,5,1.6666666666666667,5,2.3333333333333335,1.6153846153846154,2.0,1,prospective,synthetic_line_6q_spread,line,spread,SYNTHETIC_TARGET,"{""edges"": [[0, 1], [1, 0], [1, 2], [2, 1], [2, 3], [3, 2], [3, 4], [4, 3], [4, 5], [5, 4]], ""seed"": 7, ""basis"": [""id"", ""rz"", ""sx"", ""x"", ""ecr""], ""nodes"": 6}",ccfecec17e274607ed29176fa4c2a758de445cb0e2e85ddcc1bbcb36bd80dcb3,"[0, 2, 3, 5]",,identity proxy before selection when layout is transpiler,4578146e16dfcf0a3a55a1b3fea16f778ac944886bf5b33e90f7dc227bfcd90d_synthetic_line_6q_spread,teleport,19,v0.4.0,4578146e16dfcf0a3a55a1b3fea16f778ac944886bf5b33e90f7dc227bfcd90d_synthetic_line_6q_spread_19,86,73,331,4.7238713999999984e-05,-70,0.007106611999915913,True,,2.4866937473168903e-13,1e-10,logical Operator.equiv + routed zero/3 random states,"[1, 2, 3, 4]"
4,1.5,0.2,3,symmetry,4578146e16dfcf0a3a55a1b3fea16f778ac944886bf5b33e90f7dc227bfcd90d,5d660df1811b06d2a855b494e5485abcab84c6d43e60a7ab268ab6b05a0fe264,415,247,259,156,19,1.6842105263157894,3,1.5,2,1,6,5,1.6666666666666667,5,2.3333333333333335,1.6153846153846154,2.0,1,prospective,synthetic_line_6q_spread,line,spread,SYNTHETIC_TARGET,"{""edges"": [[0, 1], [1, 0], [1, 2], [2, 1], [2, 3], [3, 2], [3, 4], [4, 3], [4, 5], [5, 4]], ""seed"": 7, ""basis"": [""id"", ""rz"", ""sx"", ""x"", ""ecr""], ""nodes"": 6}",ccfecec17e274607ed29176fa4c2a758de445cb0e2e85ddcc1bbcb36bd80dcb3,"[0, 2, 3, 5]",,identity proxy before selection when layout is transpiler,4578146e16dfcf0a3a55a1b3fea16f778ac944886bf5b33e90f7dc227bfcd90d_synthetic_line_6q_spread,basic,29,v0.4.0,4578146e16dfcf0a3a55a1b3fea16f778ac944886bf5b33e90f7dc227bfcd90d_synthetic_line_6q_spread_29,69,57,288,3.424882800000001e-05,-63,0.008172253001248464,True,,3.1821074454218573e-14,1e-10,logical Operator.equiv + routed zero/3 random states,"[1, 2, 3, 4]"
4,1.5,0.2,3,symmetry,4578146e16dfcf0a3a55a1b3fea16f778ac944886bf5b33e90f7dc227bfcd90d,5d660df1811b06d2a855b494e5485abcab84c6d43e60a7ab268ab6b05a0fe264,415,247,259,156,19,1.6842105263157894,3,1.5,2,1,6,5,1.6666666666666667,5,2.3333333333333335,1.6153846153846154,2.0,1,prospective,synthetic_line_6q_spread,line,spread,SYNTHETIC_TARGET,"{""edges"": [[0, 1], [1, 0], [1, 2], [2, 1], [2, 3], [3, 2], [3, 4], [4, 3], [4, 5], [5, 4]], ""seed"": 7, ""basis"": [""id"", ""rz"", ""sx"", ""x"", ""ecr""], ""nodes"": 6}",ccfecec17e274607ed29176fa4c2a758de445cb0e2e85ddcc1bbcb36bd80dcb3,"[0, 2, 3, 5]",,identity proxy before selection when layout is transpiler,4578146e16dfcf0a3a55a1b3fea16f778ac944886bf5b33e90f7dc227bfcd90d_synthetic_line_6q_spread,teleport,29,v0.4.0,4578146e16dfcf0a3a55a1b3fea16f778ac944886bf5b33e90f7dc227bfcd90d_synthetic_line_6q_spread_29,86,73,331,4.7238713999999984e-05,-70,0.01123791799909668,True,,2.4866937473168903e-13,1e-10,logical Operator.equiv + routed zero/3 random states,"[1, 2, 3, 4]"
4,1.5,0.2,3,symmetry,4578146e16dfcf0a3a55a1b3fea16f778ac944886bf5b33e90f7dc227bfcd90d,5d660df1811b06d2a855b494e5485abcab84c6d43e60a7ab268ab6b05a0fe264,415,247,259,156,19,1.6842105263157894,3,1.5,2,1,6,5,1.6666666666666667,5,2.3333333333333335,1.6153846153846154,2.0,1,prospective,synthetic_line_6q_spread,line,spread,SYNTHETIC_TARGET,"{""edges"": [[0, 1], [1, 0], [1, 2], [2, 1], [2, 3], [3, 2], [3, 4], [4, 3], [4, 5], [5, 4]], ""seed"": 7, ""basis"": [""id"", ""rz"", ""sx"", ""x"", ""ecr""], ""nodes"": 6}",ccfecec17e274607ed29176fa4c2a758de445cb0e2e85ddcc1bbcb36bd80dcb3,"[0, 2, 3, 5]",,identity proxy before selection when layout is transpiler,4578146e16dfcf0a3a55a1b3fea16f778ac944886bf5b33e90f7dc227bfcd90d_synthetic_line_6q_spread,basic,37,v0.4.0,4578146e16dfcf0a3a55a1b3fea16f778ac944886bf5b33e90f7dc227bfcd90d_synthetic_line_6q_spread_37,69,57,288,3.424882800000001e-05,-63,0.007551557995611802,True,,3.1821074454218573e-14,1e-10,logical Operator.equiv + routed zero/3 random states,"[1, 2, 3, 4]"
4,1.5,0.2,3,symmetry,4578146e16dfcf0a3a55a1b3fea16f778ac944886bf5b33e90f7dc227bfcd90d,5d660df1811b06d2a855b494e5485abcab84c6d43e60a7ab268ab6b05a0fe264,415,247,259,156,19,1.6842105263157894,3,1.5,2,1,6,5,1.6666666666666667,5,2.3333333333333335,1.6153846153846154,2.0,1,prospective,synthetic_line_6q_spread,line,spread,SYNTHETIC_TARGET,"{""edges"": [[0, 1], [1, 0], [1, 2], [2, 1], [2, 3], [3, 2], [3, 4], [4, 3], [4, 5], [5, 4]], ""seed"": 7, ""basis"": [""id"", ""rz"", ""sx"", ""x"", ""ecr""], ""nodes"": 6}",ccfecec17e274607ed29176fa4c2a758de445cb0e2e85ddcc1bbcb36bd80dcb3,"[0, 2, 3, 5]",,identity proxy before selection when layout is transpiler,4578146e16dfcf0a3a55a1b3fea16f778ac944886bf5b33e90f7dc227bfcd90d_synthetic_line_6q_spread,teleport,37,v0.4.0,4578146e16dfcf0a3a55a1b3fea16f778ac944886bf5b33e90f7dc227bfcd90d_synthetic_line_6q_spread_37,86,73,331,4.7238713999999984e-05,-70,0.007959771995956544,True,,2.4866937473168903e-13,1e-10,logical Operator.equiv + routed zero/3 random states,"[1, 2, 3, 4]"
4,1.5,0.2,3,symmetry,4578146e16dfcf0a3a55a1b3fea16f778ac944886bf5b33e90f7dc227bfcd90d,5d660df1811b06d2a855b494e5485abcab84c6d43e60a7ab268ab6b05a0fe264,415,247,259,156,19,1.6842105263157894,3,1.5,2,1,6,5,1.6666666666666667,5,2.3333333333333335,1.6153846153846154,2.0,1,prospective,synthetic_line_6q_spread,line,spread,SYNTHETIC_TARGET,"{""edges"": [[0, 1], [1, 0], [1, 2], [2, 1], [2, 3], [3, 2], [3, 4], [4, 3], [4, 5], [5, 4]], ""seed"": 7, ""basis"": [""id"", ""rz"", ""sx"", ""x"", ""ecr""], ""nodes"": 6}",ccfecec17e274607ed29176fa4c2a758de445cb0e2e85ddcc1bbcb36bd80dcb3,"[0, 2, 3, 5]",,identity proxy before selection when layout is transpiler,4578146e16dfcf0a3a55a1b3fea16f778ac944886bf5b33e90f7dc227bfcd90d_synthetic_line_6q_spread,basic,47,v0.4.0,4578146e16dfcf0a3a55a1b3fea16f778ac944886bf5b33e90f7dc227bfcd90d_synthetic_line_6q_spread_47,69,57,288,3.424882800000001e-05,-63,0.008273131999885663,True,,3.1821074454218573e-14,1e-10,logical Operator.equiv + routed zero/3 random states,"[1, 2, 3, 4]"
4,1.5,0.2,3,symmetry,4578146e16dfcf0a3a55a1b3fea16f778ac944886bf5b33e90f7dc227bfcd90d,5d660df1811b06d2a855b494e5485abcab84c6d43e60a7ab268ab6b05a0fe264,415,247,259,156,19,1.6842105263157894,3,1.5,2,1,6,5,1.6666666666666667,5,2.3333333333333335,1.6153846153846154,2.0,1,prospective,synthetic_line_6q_spread,line,spread,SYNTHETIC_TARGET,"{""edges"": [[0, 1], [1, 0], [1, 2], [2, 1], [2, 3], [3, 2], [3, 4], [4, 3], [4, 5], [5, 4]], ""seed"": 7, ""basis"": [""id"", ""rz"", ""sx"", ""x"", ""ecr""], ""nodes"": 6}",ccfecec17e274607ed29176fa4c2a758de445cb0e2e85ddcc1bbcb36bd80dcb3,"[0, 2, 3, 5]",,identity proxy before selection when layout is transpiler,4578146e16dfcf0a3a55a1b3fea16f778ac944886bf5b33e90f7dc227bfcd90d_synthetic_line_6q_spread,teleport,47,v0.4.0,4578146e16dfcf0a3a55a1b3fea16f778ac944886bf5b33e90f7dc227bfcd90d_synthetic_line_6q_spread_47,86,73,331,4.7238713999999984e-05,-70,0.007961208997585345,True,,2.4866937473168903e-13,1e-10,logical Operator.equiv + routed zero/3 random states,"[1, 2, 3, 4]"
4,1.5,0.2,3,symmetry,4578146e16dfcf0a3a55a1b3fea16f778ac944886bf5b33e90f7dc227bfcd90d,5d660df1811b06d2a855b494e5485abcab84c6d43e60a7ab268ab6b05a0fe264,415,247,259,156,19,1.6842105263157894,3,1.5,2,1,6,6,2.0,3,1.8,1.0,1.0,1,prospective,synthetic_ring_6q_transpiler,ring,transpiler,SYNTHETIC_TARGET,"{""edges"": [[0, 1], [0, 5], [1, 0], [1, 2], [2, 1], [2, 3], [3, 2], [3, 4], [4, 3], [4, 5], [5, 0], [5, 4]], ""seed"": 7, ""basis"": [""id"", ""rz"", ""sx"", ""x"", ""ecr""], ""nodes"": 6}",ff4a6017b79ba46163d089d132c4bc654811d5fa5518090a9b65bf0d23d86ee8,null,,identity proxy before selection when layout is transpiler,4578146e16dfcf0a3a55a1b3fea16f778ac944886bf5b33e90f7dc227bfcd90d_synthetic_ring_6q_transpiler,basic,11,v0.4.0,4578146e16dfcf0a3a55a1b3fea16f778ac944886bf5b33e90f7dc227bfcd90d_synthetic_ring_6q_transpiler_11,63,54,276,2.843820000000005e-05,-69,0.007717373999184929,True,,6.631845734138619e-14,1e-10,logical Operator.equiv + routed zero/3 random states,"[3, 4, 5, 0]"
4,1.5,0.2,3,symmetry,4578146e16dfcf0a3a55a1b3fea16f778ac944886bf5b33e90f7dc227bfcd90d,5d660df1811b06d2a855b494e5485abcab84c6d43e60a7ab268ab6b05a0fe264,415,247,259,156,19,1.6842105263157894,3,1.5,2,1,6,6,2.0,3,1.8,1.0,1.0,1,prospective,synthetic_ring_6q_transpiler,ring,transpiler,SYNTHETIC_TARGET,"{""edges"": [[0, 1], [0, 5], [1, 0], [1, 2], [2, 1], [2, 3], [3, 2], [3, 4], [4, 3], [4, 5], [5, 0], [5, 4]], ""seed"": 7, ""basis"": [""id"", ""rz"", ""sx"", ""x"", ""ecr""], ""nodes"": 6}",ff4a6017b79ba46163d089d132c4bc654811d5fa5518090a9b65bf0d23d86ee8,null,,identity proxy before selection when layout is transpiler,4578146e16dfcf0a3a55a1b3fea16f778ac944886bf5b33e90f7dc227bfcd90d_synthetic_ring_6q_transpiler,teleport,11,v0.4.0,4578146e16dfcf0a3a55a1b3fea16f778ac944886bf5b33e90f7dc227bfcd90d_synthetic_ring_6q_transpiler_11,80,70,314,3.870658799999997e-05,-76,0.007613777997903526,True,,2.724420950790815e-13,1e-10,logical Operator.equiv + routed zero/3 random states,"[3, 4, 5, 0]"
4,1.5,0.2,3,symmetry,4578146e16dfcf0a3a55a1b3fea16f778ac944886bf5b33e90f7dc227bfcd90d,5d660df1811b06d2a855b494e5485abcab84c6d43e60a7ab268ab6b05a0fe264,415,247,259,156,19,1.6842105263157894,3,1.5,2,1,6,6,2.0,3,1.8,1.0,1.0,1,prospective,synthetic_ring_6q_transpiler,ring,transpiler,SYNTHETIC_TARGET,"{""edges"": [[0, 1], [0, 5], [1, 0], [1, 2], [2, 1], [2, 3], [3, 2], [3, 4], [4, 3], [4, 5], [5, 0], [5, 4]], ""seed"": 7, ""basis"": [""id"", ""rz"", ""sx"", ""x"", ""ecr""], ""nodes"": 6}",ff4a6017b79ba46163d089d132c4bc654811d5fa5518090a9b65bf0d23d86ee8,null,,identity proxy before selection when layout is transpiler,4578146e16dfcf0a3a55a1b3fea16f778ac944886bf5b33e90f7dc227bfcd90d_synthetic_ring_6q_transpiler,basic,19,v0.4.0,4578146e16dfcf0a3a55a1b3fea16f778ac944886bf5b33e90f7dc227bfcd90d_synthetic_ring_6q_transpiler_19,63,54,271,3.2982318000000014e-05,-69,0.007238602003781125,True,,3.395000470877248e-14,1e-10,logical Operator.equiv + routed zero/3 random states,"[1, 2, 3, 4]"
4,1.5,0.2,3,symmetry,4578146e16dfcf0a3a55a1b3fea16f778ac944886bf5b33e90f7dc227bfcd90d,5d660df1811b06d2a855b494e5485abcab84c6d43e60a7ab268ab6b05a0fe264,415,247,259,156,19,1.6842105263157894,3,1.5,2,1,6,6,2.0,3,1.8,1.0,1.0,1,prospective,synthetic_ring_6q_transpiler,ring,transpiler,SYNTHETIC_TARGET,"{""edges"": [[0, 1], [0, 5], [1, 0], [1, 2], [2, 1], [2, 3], [3, 2], [3, 4], [4, 3], [4, 5], [5, 0], [5, 4]], ""seed"": 7, ""basis"": [""id"", ""rz"", ""sx"", ""x"", ""ecr""], ""nodes"": 6}",ff4a6017b79ba46163d089d132c4bc654811d5fa5518090a9b65bf0d23d86ee8,null,,identity proxy before selection when layout is transpiler,4578146e16dfcf0a3a55a1b3fea16f778ac944886bf5b33e90f7dc227bfcd90d_synthetic_ring_6q_transpiler,teleport,19,v0.4.0,4578146e16dfcf0a3a55a1b3fea16f778ac944886bf5b33e90f7dc227bfcd90d_synthetic_ring_6q_transpiler_19,80,70,314,4.545250199999998e-05,-76,0.008147182998072822,True,,2.426401786457611e-13,1e-10,logical Operator.equiv + routed zero/3 random states,"[1, 2, 3, 4]"
4,1.5,0.2,3,symmetry,4578146e16dfcf0a3a55a1b3fea16f778ac944886bf5b33e90f7dc227bfcd90d,5d660df1811b06d2a855b494e5485abcab84c6d43e60a7ab268ab6b05a0fe264,415,247,259,156,19,1.6842105263157894,3,1.5,2,1,6,6,2.0,3,1.8,1.0,1.0,1,prospective,synthetic_ring_6q_transpiler,ring,transpiler,SYNTHETIC_TARGET,"{""edges"": [[0, 1], [0, 5], [1, 0], [1, 2], [2, 1], [2, 3], [3, 2], [3, 4], [4, 3], [4, 5], [5, 0], [5, 4]], ""seed"": 7, ""basis"": [""id"", ""rz"", ""sx"", ""x"", ""ecr""], ""nodes"": 6}",ff4a6017b79ba46163d089d132c4bc654811d5fa5518090a9b65bf0d23d86ee8,null,,identity proxy before selection when layout is transpiler,4578146e16dfcf0a3a55a1b3fea16f778ac944886bf5b33e90f7dc227bfcd90d_synthetic_ring_6q_transpiler,basic,29,v0.4.0,4578146e16dfcf0a3a55a1b3fea16f778ac944886bf5b33e90f7dc227bfcd90d_synthetic_ring_6q_transpiler_29,63,54,285,2.4936816000000043e-05,-69,0.009364243000163697,True,,8.842136257969018e-14,1e-10,logical Operator.equiv + routed zero/3 random states,"[1, 0, 5, 4]"
4,1.5,0.2,3,symmetry,4578146e16dfcf0a3a55a1b3fea16f778ac944886bf5b33e90f7dc227bfcd90d,5d660df1811b06d2a855b494e5485abcab84c6d43e60a7ab268ab6b05a0fe264,415,247,259,156,19,1.6842105263157894,3,1.5,2,1,6,6,2.0,3,1.8,1.0,1.0,1,prospective,synthetic_ring_6q_transpiler,ring,transpiler,SYNTHETIC_TARGET,"{""edges"": [[0, 1], [0, 5], [1, 0], [1, 2], [2, 1], [2, 3], [3, 2], [3, 4], [4, 3], [4, 5], [5, 0], [5, 4]], ""seed"": 7, ""basis"": [""id"", ""rz"", ""sx"", ""x"", ""ecr""], ""nodes"": 6}",ff4a6017b79ba46163d089d132c4bc654811d5fa5518090a9b65bf0d23d86ee8,null,,identity proxy before selection when layout is transpiler,4578146e16dfcf0a3a55a1b3fea16f778ac944886bf5b33e90f7dc227bfcd90d_synthetic_ring_6q_transpiler,teleport,29,v0.4.0,4578146e16dfcf0a3a55a1b3fea16f778ac944886bf5b33e90f7dc227bfcd90d_synthetic_ring_6q_transpiler_29,80,70,395,3.213583200000006e-05,-76,0.007896148999861907,True,,8.71412876353963e-14,1e-10,logical Operator.equiv + routed zero/3 random states,"[2, 1, 0, 5]"
4,1.5,0.2,3,symmetry,4578146e16dfcf0a3a55a1b3fea16f778ac944886bf5b33e90f7dc227bfcd90d,5d660df1811b06d2a855b494e5485abcab84c6d43e60a7ab268ab6b05a0fe264,415,247,259,156,19,1.6842105263157894,3,1.5,2,1,6,6,2.0,3,1.8,1.0,1.0,1,prospective,synthetic_ring_6q_transpiler,ring,transpiler,SYNTHETIC_TARGET,"{""edges"": [[0, 1], [0, 5], [1, 0], [1, 2], [2, 1], [2, 3], [3, 2], [3, 4], [4, 3], [4, 5], [5, 0], [5, 4]], ""seed"": 7, ""basis"": [""id"", ""rz"", ""sx"", ""x"", ""ecr""], ""nodes"": 6}",ff4a6017b79ba46163d089d132c4bc654811d5fa5518090a9b65bf0d23d86ee8,null,,identity proxy before selection when layout is transpiler,4578146e16dfcf0a3a55a1b3fea16f778ac944886bf5b33e90f7dc227bfcd90d_synthetic_ring_6q_transpiler,basic,37,v0.4.0,4578146e16dfcf0a3a55a1b3fea16f778ac944886bf5b33e90f7dc227bfcd90d_synthetic_ring_6q_transpiler_37,63,54,276,2.843820000000005e-05,-69,0.009222031003446318,True,,6.631845734138619e-14,1e-10,logical Operator.equiv + routed zero/3 random states,"[3, 4, 5, 0]"
4,1.5,0.2,3,symmetry,4578146e16dfcf0a3a55a1b3fea16f778ac944886bf5b33e90f7dc227bfcd90d,5d660df1811b06d2a855b494e5485abcab84c6d43e60a7ab268ab6b05a0fe264,415,247,259,156,19,1.6842105263157894,3,1.5,2,1,6,6,2.0,3,1.8,1.0,1.0,1,prospective,synthetic_ring_6q_transpiler,ring,transpiler,SYNTHETIC_TARGET,"{""edges"": [[0, 1], [0, 5], [1, 0], [1, 2], [2, 1], [2, 3], [3, 2], [3, 4], [4, 3], [4, 5], [5, 0], [5, 4]], ""seed"": 7, ""basis"": [""id"", ""rz"", ""sx"", ""x"", ""ecr""], ""nodes"": 6}",ff4a6017b79ba46163d089d132c4bc654811d5fa5518090a9b65bf0d23d86ee8,null,,identity proxy before selection when layout is transpiler,4578146e16dfcf0a3a55a1b3fea16f778ac944886bf5b33e90f7dc227bfcd90d_synthetic_ring_6q_transpiler,teleport,37,v0.4.0,4578146e16dfcf0a3a55a1b3fea16f778ac944886bf5b33e90f7dc227bfcd90d_synthetic_ring_6q_transpiler_37,80,70,314,3.870658799999997e-05,-76,0.0072155100060626864,True,,2.724420950790815e-13,1e-10,logical Operator.equiv + routed zero/3 random states,"[3, 4, 5, 0]"
4,1.5,0.2,3,symmetry,4578146e16dfcf0a3a55a1b3fea16f778ac944886bf5b33e90f7dc227bfcd90d,5d660df1811b06d2a855b494e5485abcab84c6d43e60a7ab268ab6b05a0fe264,415,247,259,156,19,1.6842105263157894,3,1.5,2,1,6,6,2.0,3,1.8,1.0,1.0,1,prospective,synthetic_ring_6q_transpiler,ring,transpiler,SYNTHETIC_TARGET,"{""edges"": [[0, 1], [0, 5], [1, 0], [1, 2], [2, 1], [2, 3], [3, 2], [3, 4], [4, 3], [4, 5], [5, 0], [5, 4]], ""seed"": 7, ""basis"": [""id"", ""rz"", ""sx"", ""x"", ""ecr""], ""nodes"": 6}",ff4a6017b79ba46163d089d132c4bc654811d5fa5518090a9b65bf0d23d86ee8,null,,identity proxy before selection when layout is transpiler,4578146e16dfcf0a3a55a1b3fea16f778ac944886bf5b33e90f7dc227bfcd90d_synthetic_ring_6q_transpiler,basic,47,v0.4.0,4578146e16dfcf0a3a55a1b3fea16f778ac944886bf5b33e90f7dc227bfcd90d_synthetic_ring_6q_transpiler_47,63,54,287,2.936704799999999e-05,-69,0.008466822000627872,True,,6.700816372381765e-14,1e-10,logical Operator.equiv + routed zero/3 random states,"[3, 2, 1, 0]"
4,1.5,0.2,3,symmetry,4578146e16dfcf0a3a55a1b3fea16f778ac944886bf5b33e90f7dc227bfcd90d,5d660df1811b06d2a855b494e5485abcab84c6d43e60a7ab268ab6b05a0fe264,415,247,259,156,19,1.6842105263157894,3,1.5,2,1,6,6,2.0,3,1.8,1.0,1.0,1,prospective,synthetic_ring_6q_transpiler,ring,transpiler,SYNTHETIC_TARGET,"{""edges"": [[0, 1], [0, 5], [1, 0], [1, 2], [2, 1], [2, 3], [3, 2], [3, 4], [4, 3], [4, 5], [5, 0], [5, 4]], ""seed"": 7, ""basis"": [""id"", ""rz"", ""sx"", ""x"", ""ecr""], ""nodes"": 6}",ff4a6017b79ba46163d089d132c4bc654811d5fa5518090a9b65bf0d23d86ee8,null,,identity proxy before selection when layout is transpiler,4578146e16dfcf0a3a55a1b3fea16f778ac944886bf5b33e90f7dc227bfcd90d_synthetic_ring_6q_transpiler,teleport,47,v0.4.0,4578146e16dfcf0a3a55a1b3fea16f778ac944886bf5b33e90f7dc227bfcd90d_synthetic_ring_6q_transpiler_47,80,70,349,3.9202979999999955e-05,-76,0.007546135995653458,True,,7.50320903406814e-14,1e-10,logical Operator.equiv + routed zero/3 random states,"[3, 2, 1, 0]"
4,1.5,0.2,3,symmetry,4578146e16dfcf0a3a55a1b3fea16f778ac944886bf5b33e90f7dc227bfcd90d,5d660df1811b06d2a855b494e5485abcab84c6d43e60a7ab268ab6b05a0fe264,415,247,259,156,19,1.6842105263157894,3,1.5,2,1,6,7,2.3333333333333335,3,1.6666666666666667,1.6153846153846154,3.0,1,prospective,synthetic_grid_6q_transpiler,grid,transpiler,SYNTHETIC_TARGET,"{""edges"": [[0, 1], [0, 3], [1, 0], [1, 2], [1, 4], [2, 1], [2, 5], [3, 0], [3, 4], [4, 1], [4, 3], [4, 5], [5, 2], [5, 4]], ""seed"": 7, ""basis"": [""id"", ""rz"", ""sx"", ""x"", ""ecr""], ""nodes"": 6}",1dc9d7c7422ee8d9e756c16f45c753640fd9bb0d83eb6013019055e1f800f374,null,,identity proxy before selection when layout is transpiler,4578146e16dfcf0a3a55a1b3fea16f778ac944886bf5b33e90f7dc227bfcd90d_synthetic_grid_6q_transpiler,basic,11,v0.4.0,4578146e16dfcf0a3a55a1b3fea16f778ac944886bf5b33e90f7dc227bfcd90d_synthetic_grid_6q_transpiler_11,63,54,285,2.6038380000000017e-05,-69,0.008131882001180202,True,,6.663576721375734e-14,1e-10,logical Operator.equiv + routed zero/3 random states,"[2, 5, 4, 1]"
4,1.5,0.2,3,symmetry,4578146e16dfcf0a3a55a1b3fea16f778ac944886bf5b33e90f7dc227bfcd90d,5d660df1811b06d2a855b494e5485abcab84c6d43e60a7ab268ab6b05a0fe264,415,247,259,156,19,1.6842105263157894,3,1.5,2,1,6,7,2.3333333333333335,3,1.6666666666666667,1.6153846153846154,3.0,1,prospective,synthetic_grid_6q_transpiler,grid,transpiler,SYNTHETIC_TARGET,"{""edges"": [[0, 1], [0, 3], [1, 0], [1, 2], [1, 4], [2, 1], [2, 5], [3, 0], [3, 4], [4, 1], [4, 3], [4, 5], [5, 2], [5, 4]], ""seed"": 7, ""basis"": [""id"", ""rz"", ""sx"", ""x"", ""ecr""], ""nodes"": 6}",1dc9d7c7422ee8d9e756c16f45c753640fd9bb0d83eb6013019055e1f800f374,null,,identity proxy before selection when layout is transpiler,4578146e16dfcf0a3a55a1b3fea16f778ac944886bf5b33e90f7dc227bfcd90d_synthetic_grid_6q_transpiler,teleport,11,v0.4.0,4578146e16dfcf0a3a55a1b3fea16f778ac944886bf5b33e90f7dc227bfcd90d_synthetic_grid_6q_transpiler_11,80,70,340,3.275543400000003e-05,-76,0.007745775998046156,True,,2.7142059625454064e-13,1e-10,logical Operator.equiv + routed zero/3 random states,"[2, 5, 4, 1]"
4,1.5,0.2,3,symmetry,4578146e16dfcf0a3a55a1b3fea16f778ac944886bf5b33e90f7dc227bfcd90d,5d660df1811b06d2a855b494e5485abcab84c6d43e60a7ab268ab6b05a0fe264,415,247,259,156,19,1.6842105263157894,3,1.5,2,1,6,7,2.3333333333333335,3,1.6666666666666667,1.6153846153846154,3.0,1,prospective,synthetic_grid_6q_transpiler,grid,transpiler,SYNTHETIC_TARGET,"{""edges"": [[0, 1], [0, 3], [1, 0], [1, 2], [1, 4], [2, 1], [2, 5], [3, 0], [3, 4], [4, 1], [4, 3], [4, 5], [5, 2], [5, 4]], ""seed"": 7, ""basis"": [""id"", ""rz"", ""sx"", ""x"", ""ecr""], ""nodes"": 6}",1dc9d7c7422ee8d9e756c16f45c753640fd9bb0d83eb6013019055e1f800f374,null,,identity proxy before selection when layout is transpiler,4578146e16dfcf0a3a55a1b3fea16f778ac944886bf5b33e90f7dc227bfcd90d_synthetic_grid_6q_transpiler,basic,19,v0.4.0,4578146e16dfcf0a3a55a1b3fea16f778ac944886bf5b33e90f7dc227bfcd90d_synthetic_grid_6q_transpiler_19,63,54,285,2.4922164000000025e-05,-69,0.0076039939958718605,True,,6.597013970307183e-14,1e-10,logical Operator.equiv + routed zero/3 random states,"[3, 4, 1, 2]"
4,1.5,0.2,3,symmetry,4578146e16dfcf0a3a55a1b3fea16f778ac944886bf5b33e90f7dc227bfcd90d,5d660df1811b06d2a855b494e5485abcab84c6d43e60a7ab268ab6b05a0fe264,415,247,259,156,19,1.6842105263157894,3,1.5,2,1,6,7,2.3333333333333335,3,1.6666666666666667,1.6153846153846154,3.0,1,prospective,synthetic_grid_6q_transpiler,grid,transpiler,SYNTHETIC_TARGET,"{""edges"": [[0, 1], [0, 3], [1, 0], [1, 2], [1, 4], [2, 1], [2, 5], [3, 0], [3, 4], [4, 1], [4, 3], [4, 5], [5, 2], [5, 4]], ""seed"": 7, ""basis"": [""id"", ""rz"", ""sx"", ""x"", ""ecr""], ""nodes"": 6}",1dc9d7c7422ee8d9e756c16f45c753640fd9bb0d83eb6013019055e1f800f374,null,,identity proxy before selection when layout is transpiler,4578146e16dfcf0a3a55a1b3fea16f778ac944886bf5b33e90f7dc227bfcd90d_synthetic_grid_6q_transpiler,teleport,19,v0.4.0,4578146e16dfcf0a3a55a1b3fea16f778ac944886bf5b33e90f7dc227bfcd90d_synthetic_grid_6q_transpiler_19,80,70,338,3.5467385999999994e-05,-76,0.007968532001541462,True,,1.6901923864503354e-14,1e-10,logical Operator.equiv + routed zero/3 random states,"[4, 3, 0, 1]"
4,1.5,0.2,3,symmetry,4578146e16dfcf0a3a55a1b3fea16f778ac944886bf5b33e90f7dc227bfcd90d,5d660df1811b06d2a855b494e5485abcab84c6d43e60a7ab268ab6b05a0fe264,415,247,259,156,19,1.6842105263157894,3,1.5,2,1,6,7,2.3333333333333335,3,1.6666666666666667,1.6153846153846154,3.0,1,prospective,synthetic_grid_6q_transpiler,grid,transpiler,SYNTHETIC_TARGET,"{""edges"": [[0, 1], [0, 3], [1, 0], [1, 2], [1, 4], [2, 1], [2, 5], [3, 0], [3, 4], [4, 1], [4, 3], [4, 5], [5, 2], [5, 4]], ""seed"": 7, ""basis"": [""id"", ""rz"", ""sx"", ""x"", ""ecr""], ""nodes"": 6}",1dc9d7c7422ee8d9e756c16f45c753640fd9bb0d83eb6013019055e1f800f374,null,,identity proxy before selection when layout is transpiler,4578146e16dfcf0a3a55a1b3fea16f778ac944886bf5b33e90f7dc227bfcd90d_synthetic_grid_6q_transpiler,basic,29,v0.4.0,4578146e16dfcf0a3a55a1b3fea16f778ac944886bf5b33e90f7dc227bfcd90d_synthetic_grid_6q_transpiler_29,63,54,276,2.907045600000001e-05,-69,0.007662645999516826,True,,6.587906903576085e-14,1e-10,logical Operator.equiv + routed zero/3 random states,"[1, 2, 5, 4]"
4,1.5,0.2,3,symmetry,4578146e16dfcf0a3a55a1b3fea16f778ac944886bf5b33e90f7dc227bfcd90d,5d660df1811b06d2a855b494e5485abcab84c6d43e60a7ab268ab6b05a0fe264,415,247,259,156,19,1.6842105263157894,3,1.5,2,1,6,7,2.3333333333333335,3,1.6666666666666667,1.6153846153846154,3.0,1,prospective,synthetic_grid_6q_transpiler,grid,transpiler,SYNTHETIC_TARGET,"{""edges"": [[0, 1], [0, 3], [1, 0], [1, 2], [1, 4], [2, 1], [2, 5], [3, 0], [3, 4], [4, 1], [4, 3], [4, 5], [5, 2], [5, 4]], ""seed"": 7, ""basis"": [""id"", ""rz"", ""sx"", ""x"", ""ecr""], ""nodes"": 6}",1dc9d7c7422ee8d9e756c16f45c753640fd9bb0d83eb6013019055e1f800f374,null,,identity proxy before selection when layout is transpiler,4578146e16dfcf0a3a55a1b3fea16f778ac944886bf5b33e90f7dc227bfcd90d_synthetic_grid_6q_transpiler,teleport,29,v0.4.0,4578146e16dfcf0a3a55a1b3fea16f778ac944886bf5b33e90f7dc227bfcd90d_synthetic_grid_6q_transpiler_29,80,70,314,3.9151919999999975e-05,-76,0.0076745339974877425,True,,2.725089520562622e-13,1e-10,logical Operator.equiv + routed zero/3 random states,"[1, 2, 5, 4]"
4,1.5,0.2,3,symmetry,4578146e16dfcf0a3a55a1b3fea16f778ac944886bf5b33e90f7dc227bfcd90d,5d660df1811b06d2a855b494e5485abcab84c6d43e60a7ab268ab6b05a0fe264,415,247,259,156,19,1.6842105263157894,3,1.5,2,1,6,7,2.3333333333333335,3,1.6666666666666667,1.6153846153846154,3.0,1,prospective,synthetic_grid_6q_transpiler,grid,transpiler,SYNTHETIC_TARGET,"{""edges"": [[0, 1], [0, 3], [1, 0], [1, 2], [1, 4], [2, 1], [2, 5], [3, 0], [3, 4], [4, 1], [4, 3], [4, 5], [5, 2], [5, 4]], ""seed"": 7, ""basis"": [""id"", ""rz"", ""sx"", ""x"", ""ecr""], ""nodes"": 6}",1dc9d7c7422ee8d9e756c16f45c753640fd9bb0d83eb6013019055e1f800f374,null,,identity proxy before selection when layout is transpiler,4578146e16dfcf0a3a55a1b3fea16f778ac944886bf5b33e90f7dc227bfcd90d_synthetic_grid_6q_transpiler,basic,37,v0.4.0,4578146e16dfcf0a3a55a1b3fea16f778ac944886bf5b33e90f7dc227bfcd90d_synthetic_grid_6q_transpiler_37,63,54,285,2.6038380000000017e-05,-69,0.00806512599956477,True,,6.663576721375734e-14,1e-10,logical Operator.equiv + routed zero/3 random states,"[2, 5, 4, 1]"
4,1.5,0.2,3,symmetry,4578146e16dfcf0a3a55a1b3fea16f778ac944886bf5b33e90f7dc227bfcd90d,5d660df1811b06d2a855b494e5485abcab84c6d43e60a7ab268ab6b05a0fe264,415,247,259,156,19,1.6842105263157894,3,1.5,2,1,6,7,2.3333333333333335,3,1.6666666666666667,1.6153846153846154,3.0,1,prospective,synthetic_grid_6q_transpiler,grid,transpiler,SYNTHETIC_TARGET,"{""edges"": [[0, 1], [0, 3], [1, 0], [1, 2], [1, 4], [2, 1], [2, 5], [3, 0], [3, 4], [4, 1], [4, 3], [4, 5], [5, 2], [5, 4]], ""seed"": 7, ""basis"": [""id"", ""rz"", ""sx"", ""x"", ""ecr""], ""nodes"": 6}",1dc9d7c7422ee8d9e756c16f45c753640fd9bb0d83eb6013019055e1f800f374,null,,identity proxy before selection when layout is transpiler,4578146e16dfcf0a3a55a1b3fea16f778ac944886bf5b33e90f7dc227bfcd90d_synthetic_grid_6q_transpiler,teleport,37,v0.4.0,4578146e16dfcf0a3a55a1b3fea16f778ac944886bf5b33e90f7dc227bfcd90d_synthetic_grid_6q_transpiler_37,80,70,340,3.275543400000003e-05,-76,0.0076092509989393875,True,,2.7142059625454064e-13,1e-10,logical Operator.equiv + routed zero/3 random states,"[2, 5, 4, 1]"
4,1.5,0.2,3,symmetry,4578146e16dfcf0a3a55a1b3fea16f778ac944886bf5b33e90f7dc227bfcd90d,5d660df1811b06d2a855b494e5485abcab84c6d43e60a7ab268ab6b05a0fe264,415,247,259,156,19,1.6842105263157894,3,1.5,2,1,6,7,2.3333333333333335,3,1.6666666666666667,1.6153846153846154,3.0,1,prospective,synthetic_grid_6q_transpiler,grid,transpiler,SYNTHETIC_TARGET,"{""edges"": [[0, 1], [0, 3], [1, 0], [1, 2], [1, 4], [2, 1], [2, 5], [3, 0], [3, 4], [4, 1], [4, 3], [4, 5], [5, 2], [5, 4]], ""seed"": 7, ""basis"": [""id"", ""rz"", ""sx"", ""x"", ""ecr""], ""nodes"": 6}",1dc9d7c7422ee8d9e756c16f45c753640fd9bb0d83eb6013019055e1f800f374,null,,identity proxy before selection when layout is transpiler,4578146e16dfcf0a3a55a1b3fea16f778ac944886bf5b33e90f7dc227bfcd90d_synthetic_grid_6q_transpiler,basic,47,v0.4.0,4578146e16dfcf0a3a55a1b3fea16f778ac944886bf5b33e90f7dc227bfcd90d_synthetic_grid_6q_transpiler_47,63,54,268,3.1261818000000016e-05,-69,0.0071089390039560385,True,,3.477329462762918e-14,1e-10,logical Operator.equiv + routed zero/3 random states,"[3, 0, 1, 2]"
4,1.5,0.2,3,symmetry,4578146e16dfcf0a3a55a1b3fea16f778ac944886bf5b33e90f7dc227bfcd90d,5d660df1811b06d2a855b494e5485abcab84c6d43e60a7ab268ab6b05a0fe264,415,247,259,156,19,1.6842105263157894,3,1.5,2,1,6,7,2.3333333333333335,3,1.6666666666666667,1.6153846153846154,3.0,1,prospective,synthetic_grid_6q_transpiler,grid,transpiler,SYNTHETIC_TARGET,"{""edges"": [[0, 1], [0, 3], [1, 0], [1, 2], [1, 4], [2, 1], [2, 5], [3, 0], [3, 4], [4, 1], [4, 3], [4, 5], [5, 2], [5, 4]], ""seed"": 7, ""basis"": [""id"", ""rz"", ""sx"", ""x"", ""ecr""], ""nodes"": 6}",1dc9d7c7422ee8d9e756c16f45c753640fd9bb0d83eb6013019055e1f800f374,null,,identity proxy before selection when layout is transpiler,4578146e16dfcf0a3a55a1b3fea16f778ac944886bf5b33e90f7dc227bfcd90d_synthetic_grid_6q_transpiler,teleport,47,v0.4.0,4578146e16dfcf0a3a55a1b3fea16f778ac944886bf5b33e90f7dc227bfcd90d_synthetic_grid_6q_transpiler_47,80,70,329,4.362410999999995e-05,-76,0.010452759001054801,True,,2.4374473373101963e-13,1e-10,logical Operator.equiv + routed zero/3 random states,"[3, 0, 1, 2]"
4,1.5,0.2,3,symmetry,4578146e16dfcf0a3a55a1b3fea16f778ac944886bf5b33e90f7dc227bfcd90d,5d660df1811b06d2a855b494e5485abcab84c6d43e60a7ab268ab6b05a0fe264,415,247,259,156,19,1.6842105263157894,3,1.5,2,1,7,7,2.0,5,2.2857142857142856,1.0,1.0,1,prospective,synthetic_heavy_hex_like_7q_transpiler,heavy_hex_like,transpiler,SYNTHETIC_TARGET,"{""edges"": [[0, 1], [0, 3], [1, 0], [1, 2], [2, 1], [2, 3], [3, 0], [3, 2], [3, 4], [4, 3], [4, 5], [5, 4], [5, 6], [6, 5]], ""seed"": 7, ""basis"": [""id"", ""rz"", ""sx"", ""x"", ""ecr""], ""nodes"": 7}",a56c42c5929ac738475a61ad56ac38f9ce297f29f090779c0473725bc68476b5,null,,identity proxy before selection when layout is transpiler,4578146e16dfcf0a3a55a1b3fea16f778ac944886bf5b33e90f7dc227bfcd90d_synthetic_heavy_hex_like_7q_transpiler,basic,11,v0.4.0,4578146e16dfcf0a3a55a1b3fea16f778ac944886bf5b33e90f7dc227bfcd90d_synthetic_heavy_hex_like_7q_transpiler_11,63,54,288,2.0106539999999984e-05,-69,0.007910874999652151,True,,8.855009013850557e-14,1e-10,logical Operator.equiv + routed zero/3 random states,"[5, 4, 3, 0]"
4,1.5,0.2,3,symmetry,4578146e16dfcf0a3a55a1b3fea16f778ac944886bf5b33e90f7dc227bfcd90d,5d660df1811b06d2a855b494e5485abcab84c6d43e60a7ab268ab6b05a0fe264,415,247,259,156,19,1.6842105263157894,3,1.5,2,1,7,7,2.0,5,2.2857142857142856,1.0,1.0,1,prospective,synthetic_heavy_hex_like_7q_transpiler,heavy_hex_like,transpiler,SYNTHETIC_TARGET,"{""edges"": [[0, 1], [0, 3], [1, 0], [1, 2], [2, 1], [2, 3], [3, 0], [3, 2], [3, 4], [4, 3], [4, 5], [5, 4], [5, 6], [6, 5]], ""seed"": 7, ""basis"": [""id"", ""rz"", ""sx"", ""x"", ""ecr""], ""nodes"": 7}",a56c42c5929ac738475a61ad56ac38f9ce297f29f090779c0473725bc68476b5,null,,identity proxy before selection when layout is transpiler,4578146e16dfcf0a3a55a1b3fea16f778ac944886bf5b33e90f7dc227bfcd90d_synthetic_heavy_hex_like_7q_transpiler,teleport,11,v0.4.0,4578146e16dfcf0a3a55a1b3fea16f778ac944886bf5b33e90f7dc227bfcd90d_synthetic_heavy_hex_like_7q_transpiler_11,80,70,395,2.7779303999999947e-05,-76,0.008526223995431792,True,,8.550116487617339e-14,1e-10,logical Operator.equiv + routed zero/3 random states,"[5, 4, 3, 0]"
4,1.5,0.2,3,symmetry,4578146e16dfcf0a3a55a1b3fea16f778ac944886bf5b33e90f7dc227bfcd90d,5d660df1811b06d2a855b494e5485abcab84c6d43e60a7ab268ab6b05a0fe264,415,247,259,156,19,1.6842105263157894,3,1.5,2,1,7,7,2.0,5,2.2857142857142856,1.0,1.0,1,prospective,synthetic_heavy_hex_like_7q_transpiler,heavy_hex_like,transpiler,SYNTHETIC_TARGET,"{""edges"": [[0, 1], [0, 3], [1, 0], [1, 2], [2, 1], [2, 3], [3, 0], [3, 2], [3, 4], [4, 3], [4, 5], [5, 4], [5, 6], [6, 5]], ""seed"": 7, ""basis"": [""id"", ""rz"", ""sx"", ""x"", ""ecr""], ""nodes"": 7}",a56c42c5929ac738475a61ad56ac38f9ce297f29f090779c0473725bc68476b5,null,,identity proxy before selection when layout is transpiler,4578146e16dfcf0a3a55a1b3fea16f778ac944886bf5b33e90f7dc227bfcd90d_synthetic_heavy_hex_like_7q_transpiler,basic,19,v0.4.0,4578146e16dfcf0a3a55a1b3fea16f778ac944886bf5b33e90f7dc227bfcd90d_synthetic_heavy_hex_like_7q_transpiler_19,63,54,288,2.779129199999997e-05,-69,0.007502173000830226,True,,8.855009013850557e-14,1e-10,logical Operator.equiv + routed zero/3 random states,"[5, 4, 3, 2]"
4,1.5,0.2,3,symmetry,4578146e16dfcf0a3a55a1b3fea16f778ac944886bf5b33e90f7dc227bfcd90d,5d660df1811b06d2a855b494e5485abcab84c6d43e60a7ab268ab6b05a0fe264,415,247,259,156,19,1.6842105263157894,3,1.5,2,1,7,7,2.0,5,2.2857142857142856,1.0,1.0,1,prospective,synthetic_heavy_hex_like_7q_transpiler,heavy_hex_like,transpiler,SYNTHETIC_TARGET,"{""edges"": [[0, 1], [0, 3], [1, 0], [1, 2], [2, 1], [2, 3], [3, 0], [3, 2], [3, 4], [4, 3], [4, 5], [5, 4], [5, 6], [6, 5]], ""seed"": 7, ""basis"": [""id"", ""rz"", ""sx"", ""x"", ""ecr""], ""nodes"": 7}",a56c42c5929ac738475a61ad56ac38f9ce297f29f090779c0473725bc68476b5,null,,identity proxy before selection when layout is transpiler,4578146e16dfcf0a3a55a1b3fea16f778ac944886bf5b33e90f7dc227bfcd90d_synthetic_heavy_hex_like_7q_transpiler,teleport,19,v0.4.0,4578146e16dfcf0a3a55a1b3fea16f778ac944886bf5b33e90f7dc227bfcd90d_synthetic_heavy_hex_like_7q_transpiler_19,80,70,395,3.540322799999998e-05,-76,0.008260155998868868,True,,8.550116487617339e-14,1e-10,logical Operator.equiv + routed zero/3 random states,"[5, 4, 3, 2]"
4,1.5,0.2,3,symmetry,4578146e16dfcf0a3a55a1b3fea16f778ac944886bf5b33e90f7dc227bfcd90d,5d660df1811b06d2a855b494e5485abcab84c6d43e60a7ab268ab6b05a0fe264,415,247,259,156,19,1.6842105263157894,3,1.5,2,1,7,7,2.0,5,2.2857142857142856,1.0,1.0,1,prospective,synthetic_heavy_hex_like_7q_transpiler,heavy_hex_like,transpiler,SYNTHETIC_TARGET,"{""edges"": [[0, 1], [0, 3], [1, 0], [1, 2], [2, 1], [2, 3], [3, 0], [3, 2], [3, 4], [4, 3], [4, 5], [5, 4], [5, 6], [6, 5]], ""seed"": 7, ""basis"": [""id"", ""rz"", ""sx"", ""x"", ""ecr""], ""nodes"": 7}",a56c42c5929ac738475a61ad56ac38f9ce297f29f090779c0473725bc68476b5,null,,identity proxy before selection when layout is transpiler,4578146e16dfcf0a3a55a1b3fea16f778ac944886bf5b33e90f7dc227bfcd90d_synthetic_heavy_hex_like_7q_transpiler,basic,29,v0.4.0,4578146e16dfcf0a3a55a1b3fea16f778ac944886bf5b33e90f7dc227bfcd90d_synthetic_heavy_hex_like_7q_transpiler_29,63,54,285,2.2811165999999983e-05,-69,0.007812572999682743,True,,6.579605410990224e-14,1e-10,logical Operator.equiv + routed zero/3 random states,"[2, 3, 4, 5]"
4,1.5,0.2,3,symmetry,4578146e16dfcf0a3a55a1b3fea16f778ac944886bf5b33e90f7dc227bfcd90d,5d660df1811b06d2a855b494e5485abcab84c6d43e60a7ab268ab6b05a0fe264,415,247,259,156,19,1.6842105263157894,3,1.5,2,1,7,7,2.0,5,2.2857142857142856,1.0,1.0,1,prospective,synthetic_heavy_hex_like_7q_transpiler,heavy_hex_like,transpiler,SYNTHETIC_TARGET,"{""edges"": [[0, 1], [0, 3], [1, 0], [1, 2], [2, 1], [2, 3], [3, 0], [3, 2], [3, 4], [4, 3], [4, 5], [5, 4], [5, 6], [6, 5]], ""seed"": 7, ""basis"": [""id"", ""rz"", ""sx"", ""x"", ""ecr""], ""nodes"": 7}",a56c42c5929ac738475a61ad56ac38f9ce297f29f090779c0473725bc68476b5,null,,identity proxy before selection when layout is transpiler,4578146e16dfcf0a3a55a1b3fea16f778ac944886bf5b33e90f7dc227bfcd90d_synthetic_heavy_hex_like_7q_transpiler,teleport,29,v0.4.0,4578146e16dfcf0a3a55a1b3fea16f778ac944886bf5b33e90f7dc227bfcd90d_synthetic_heavy_hex_like_7q_transpiler_29,80,70,314,3.496610999999999e-05,-76,0.007891825996921398,True,,2.72545773000867e-13,1e-10,logical Operator.equiv + routed zero/3 random states,"[1, 2, 3, 4]"
4,1.5,0.2,3,symmetry,4578146e16dfcf0a3a55a1b3fea16f778ac944886bf5b33e90f7dc227bfcd90d,5d660df1811b06d2a855b494e5485abcab84c6d43e60a7ab268ab6b05a0fe264,415,247,259,156,19,1.6842105263157894,3,1.5,2,1,7,7,2.0,5,2.2857142857142856,1.0,1.0,1,prospective,synthetic_heavy_hex_like_7q_transpiler,heavy_hex_like,transpiler,SYNTHETIC_TARGET,"{""edges"": [[0, 1], [0, 3], [1, 0], [1, 2], [2, 1], [2, 3], [3, 0], [3, 2], [3, 4], [4, 3], [4, 5], [5, 4], [5, 6], [6, 5]], ""seed"": 7, ""basis"": [""id"", ""rz"", ""sx"", ""x"", ""ecr""], ""nodes"": 7}",a56c42c5929ac738475a61ad56ac38f9ce297f29f090779c0473725bc68476b5,null,,identity proxy before selection when layout is transpiler,4578146e16dfcf0a3a55a1b3fea16f778ac944886bf5b33e90f7dc227bfcd90d_synthetic_heavy_hex_like_7q_transpiler,basic,37,v0.4.0,4578146e16dfcf0a3a55a1b3fea16f778ac944886bf5b33e90f7dc227bfcd90d_synthetic_heavy_hex_like_7q_transpiler_37,63,54,285,2.0271042000000008e-05,-69,0.008421272999839857,True,,8.957017279977387e-14,1e-10,logical Operator.equiv + routed zero/3 random states,"[6, 5, 4, 3]"
4,1.5,0.2,3,symmetry,4578146e16dfcf0a3a55a1b3fea16f778ac944886bf5b33e90f7dc227bfcd90d,5d660df1811b06d2a855b494e5485abcab84c6d43e60a7ab268ab6b05a0fe264,415,247,259,156,19,1.6842105263157894,3,1.5,2,1,7,7,2.0,5,2.2857142857142856,1.0,1.0,1,prospective,synthetic_heavy_hex_like_7q_transpiler,heavy_hex_like,transpiler,SYNTHETIC_TARGET,"{""edges"": [[0, 1], [0, 3], [1, 0], [1, 2], [2, 1], [2, 3], [3, 0], [3, 2], [3, 4], [4, 3], [4, 5], [5, 4], [5, 6], [6, 5]], ""seed"": 7, ""basis"": [""id"", ""rz"", ""sx"", ""x"", ""ecr""], ""nodes"": 7}",a56c42c5929ac738475a61ad56ac38f9ce297f29f090779c0473725bc68476b5,null,,identity proxy before selection when layout is transpiler,4578146e16dfcf0a3a55a1b3fea16f778ac944886bf5b33e90f7dc227bfcd90d_synthetic_heavy_hex_like_7q_transpiler,teleport,37,v0.4.0,4578146e16dfcf0a3a55a1b3fea16f778ac944886bf5b33e90f7dc227bfcd90d_synthetic_heavy_hex_like_7q_transpiler_37,80,70,332,2.9162364000000005e-05,-76,0.00789280999742914,True,,9.253410688060629e-14,1e-10,logical Operator.equiv + routed zero/3 random states,"[6, 5, 4, 3]"
4,1.5,0.2,3,symmetry,4578146e16dfcf0a3a55a1b3fea16f778ac944886bf5b33e90f7dc227bfcd90d,5d660df1811b06d2a855b494e5485abcab84c6d43e60a7ab268ab6b05a0fe264,415,247,259,156,19,1.6842105263157894,3,1.5,2,1,7,7,2.0,5,2.2857142857142856,1.0,1.0,1,prospective,synthetic_heavy_hex_like_7q_transpiler,heavy_hex_like,transpiler,SYNTHETIC_TARGET,"{""edges"": [[0, 1], [0, 3], [1, 0], [1, 2], [2, 1], [2, 3], [3, 0], [3, 2], [3, 4], [4, 3], [4, 5], [5, 4], [5, 6], [6, 5]], ""seed"": 7, ""basis"": [""id"", ""rz"", ""sx"", ""x"", ""ecr""], ""nodes"": 7}",a56c42c5929ac738475a61ad56ac38f9ce297f29f090779c0473725bc68476b5,null,,identity proxy before selection when layout is transpiler,4578146e16dfcf0a3a55a1b3fea16f778ac944886bf5b33e90f7dc227bfcd90d_synthetic_heavy_hex_like_7q_transpiler,basic,47,v0.4.0,4578146e16dfcf0a3a55a1b3fea16f778ac944886bf5b33e90f7dc227bfcd90d_synthetic_heavy_hex_like_7q_transpiler_47,63,54,271,2.1578843999999977e-05,-69,0.00786337700264994,True,,3.728135901038931e-14,1e-10,logical Operator.equiv + routed zero/3 random states,"[3, 2, 1, 0]"
4,1.5,0.2,3,symmetry,4578146e16dfcf0a3a55a1b3fea16f778ac944886bf5b33e90f7dc227bfcd90d,5d660df1811b06d2a855b494e5485abcab84c6d43e60a7ab268ab6b05a0fe264,415,247,259,156,19,1.6842105263157894,3,1.5,2,1,7,7,2.0,5,2.2857142857142856,1.0,1.0,1,prospective,synthetic_heavy_hex_like_7q_transpiler,heavy_hex_like,transpiler,SYNTHETIC_TARGET,"{""edges"": [[0, 1], [0, 3], [1, 0], [1, 2], [2, 1], [2, 3], [3, 0], [3, 2], [3, 4], [4, 3], [4, 5], [5, 4], [5, 6], [6, 5]], ""seed"": 7, ""basis"": [""id"", ""rz"", ""sx"", ""x"", ""ecr""], ""nodes"": 7}",a56c42c5929ac738475a61ad56ac38f9ce297f29f090779c0473725bc68476b5,null,,identity proxy before selection when layout is transpiler,4578146e16dfcf0a3a55a1b3fea16f778ac944886bf5b33e90f7dc227bfcd90d_synthetic_heavy_hex_like_7q_transpiler,teleport,47,v0.4.0,4578146e16dfcf0a3a55a1b3fea16f778ac944886bf5b33e90f7dc227bfcd90d_synthetic_heavy_hex_like_7q_transpiler_47,80,70,338,2.8779191999999965e-05,-76,0.007688665005844086,True,,1.4606611065843504e-14,1e-10,logical Operator.equiv + routed zero/3 random states,"[3, 2, 1, 0]"
4,1.5,0.2,3,symmetry,4578146e16dfcf0a3a55a1b3fea16f778ac944886bf5b33e90f7dc227bfcd90d,5d660df1811b06d2a855b494e5485abcab84c6d43e60a7ab268ab6b05a0fe264,415,247,259,156,19,1.6842105263157894,3,1.5,2,1,7,8,2.2857142857142856,3,1.8095238095238095,1.0,1.0,1,prospective,synthetic_irregular_7q_favorable,irregular,favorable,SYNTHETIC_TARGET,"{""edges"": [[0, 1], [0, 3], [1, 0], [1, 2], [2, 1], [2, 3], [2, 6], [3, 0], [3, 2], [3, 4], [4, 3], [4, 5], [5, 4], [5, 6], [6, 2], [6, 5]], ""seed"": 7, ""basis"": [""id"", ""rz"", ""sx"", ""x"", ""ecr""], ""nodes"": 7}",c8b003a1553d070cddc2acc63823ce20487791b575f8614922ec632ce2dbf9e1,"[0, 1, 2, 3]",,identity proxy before selection when layout is transpiler,4578146e16dfcf0a3a55a1b3fea16f778ac944886bf5b33e90f7dc227bfcd90d_synthetic_irregular_7q_favorable,basic,11,v0.4.0,4578146e16dfcf0a3a55a1b3fea16f778ac944886bf5b33e90f7dc227bfcd90d_synthetic_irregular_7q_favorable_11,63,54,252,2.100963599999999e-05,-69,0.006637728998612147,True,,4.5908636617103794e-14,1e-10,logical Operator.equiv + routed zero/3 random states,"[0, 1, 2, 3]"
4,1.5,0.2,3,symmetry,4578146e16dfcf0a3a55a1b3fea16f778ac944886bf5b33e90f7dc227bfcd90d,5d660df1811b06d2a855b494e5485abcab84c6d43e60a7ab268ab6b05a0fe264,415,247,259,156,19,1.6842105263157894,3,1.5,2,1,7,8,2.2857142857142856,3,1.8095238095238095,1.0,1.0,1,prospective,synthetic_irregular_7q_favorable,irregular,favorable,SYNTHETIC_TARGET,"{""edges"": [[0, 1], [0, 3], [1, 0], [1, 2], [2, 1], [2, 3], [2, 6], [3, 0], [3, 2], [3, 4], [4, 3], [4, 5], [5, 4], [5, 6], [6, 2], [6, 5]], ""seed"": 7, ""basis"": [""id"", ""rz"", ""sx"", ""x"", ""ecr""], ""nodes"": 7}",c8b003a1553d070cddc2acc63823ce20487791b575f8614922ec632ce2dbf9e1,"[0, 1, 2, 3]",,identity proxy before selection when layout is transpiler,4578146e16dfcf0a3a55a1b3fea16f778ac944886bf5b33e90f7dc227bfcd90d_synthetic_irregular_7q_favorable,teleport,11,v0.4.0,4578146e16dfcf0a3a55a1b3fea16f778ac944886bf5b33e90f7dc227bfcd90d_synthetic_irregular_7q_favorable_11,80,70,308,2.4919499999999964e-05,-76,0.00748094199661864,True,,1.2749118134778083e-14,1e-10,logical Operator.equiv + routed zero/3 random states,"[0, 1, 2, 3]"
4,1.5,0.2,3,symmetry,4578146e16dfcf0a3a55a1b3fea16f778ac944886bf5b33e90f7dc227bfcd90d,5d660df1811b06d2a855b494e5485abcab84c6d43e60a7ab268ab6b05a0fe264,415,247,259,156,19,1.6842105263157894,3,1.5,2,1,7,8,2.2857142857142856,3,1.8095238095238095,1.0,1.0,1,prospective,synthetic_irregular_7q_favorable,irregular,favorable,SYNTHETIC_TARGET,"{""edges"": [[0, 1], [0, 3], [1, 0], [1, 2], [2, 1], [2, 3], [2, 6], [3, 0], [3, 2], [3, 4], [4, 3], [4, 5], [5, 4], [5, 6], [6, 2], [6, 5]], ""seed"": 7, ""basis"": [""id"", ""rz"", ""sx"", ""x"", ""ecr""], ""nodes"": 7}",c8b003a1553d070cddc2acc63823ce20487791b575f8614922ec632ce2dbf9e1,"[0, 1, 2, 3]",,identity proxy before selection when layout is transpiler,4578146e16dfcf0a3a55a1b3fea16f778ac944886bf5b33e90f7dc227bfcd90d_synthetic_irregular_7q_favorable,basic,19,v0.4.0,4578146e16dfcf0a3a55a1b3fea16f778ac944886bf5b33e90f7dc227bfcd90d_synthetic_irregular_7q_favorable_19,63,54,252,2.100963599999999e-05,-69,0.007122944000002462,True,,4.5908636617103794e-14,1e-10,logical Operator.equiv + routed zero/3 random states,"[0, 1, 2, 3]"
4,1.5,0.2,3,symmetry,4578146e16dfcf0a3a55a1b3fea16f778ac944886bf5b33e90f7dc227bfcd90d,5d660df1811b06d2a855b494e5485abcab84c6d43e60a7ab268ab6b05a0fe264,415,247,259,156,19,1.6842105263157894,3,1.5,2,1,7,8,2.2857142857142856,3,1.8095238095238095,1.0,1.0,1,prospective,synthetic_irregular_7q_favorable,irregular,favorable,SYNTHETIC_TARGET,"{""edges"": [[0, 1], [0, 3], [1, 0], [1, 2], [2, 1], [2, 3], [2, 6], [3, 0], [3, 2], [3, 4], [4, 3], [4, 5], [5, 4], [5, 6], [6, 2], [6, 5]], ""seed"": 7, ""basis"": [""id"", ""rz"", ""sx"", ""x"", ""ecr""], ""nodes"": 7}",c8b003a1553d070cddc2acc63823ce20487791b575f8614922ec632ce2dbf9e1,"[0, 1, 2, 3]",,identity proxy before selection when layout is transpiler,4578146e16dfcf0a3a55a1b3fea16f778ac944886bf5b33e90f7dc227bfcd90d_synthetic_irregular_7q_favorable,teleport,19,v0.4.0,4578146e16dfcf0a3a55a1b3fea16f778ac944886bf5b33e90f7dc227bfcd90d_synthetic_irregular_7q_favorable_19,80,70,308,2.4919499999999964e-05,-76,0.007378021997283213,True,,1.2749118134778083e-14,1e-10,logical Operator.equiv + routed zero/3 random states,"[0, 1, 2, 3]"
4,1.5,0.2,3,symmetry,4578146e16dfcf0a3a55a1b3fea16f778ac944886bf5b33e90f7dc227bfcd90d,5d660df1811b06d2a855b494e5485abcab84c6d43e60a7ab268ab6b05a0fe264,415,247,259,156,19,1.6842105263157894,3,1.5,2,1,7,8,2.2857142857142856,3,1.8095238095238095,1.0,1.0,1,prospective,synthetic_irregular_7q_favorable,irregular,favorable,SYNTHETIC_TARGET,"{""edges"": [[0, 1], [0, 3], [1, 0], [1, 2], [2, 1], [2, 3], [2, 6], [3, 0], [3, 2], [3, 4], [4, 3], [4, 5], [5, 4], [5, 6], [6, 2], [6, 5]], ""seed"": 7, ""basis"": [""id"", ""rz"", ""sx"", ""x"", ""ecr""], ""nodes"": 7}",c8b003a1553d070cddc2acc63823ce20487791b575f8614922ec632ce2dbf9e1,"[0, 1, 2, 3]",,identity proxy before selection when layout is transpiler,4578146e16dfcf0a3a55a1b3fea16f778ac944886bf5b33e90f7dc227bfcd90d_synthetic_irregular_7q_favorable,basic,29,v0.4.0,4578146e16dfcf0a3a55a1b3fea16f778ac944886bf5b33e90f7dc227bfcd90d_synthetic_irregular_7q_favorable_29,63,54,252,2.100963599999999e-05,-69,0.007204990004538558,True,,4.5908636617103794e-14,1e-10,logical Operator.equiv + routed zero/3 random states,"[0, 1, 2, 3]"
4,1.5,0.2,3,symmetry,4578146e16dfcf0a3a55a1b3fea16f778ac944886bf5b33e90f7dc227bfcd90d,5d660df1811b06d2a855b494e5485abcab84c6d43e60a7ab268ab6b05a0fe264,415,247,259,156,19,1.6842105263157894,3,1.5,2,1,7,8,2.2857142857142856,3,1.8095238095238095,1.0,1.0,1,prospective,synthetic_irregular_7q_favorable,irregular,favorable,SYNTHETIC_TARGET,"{""edges"": [[0, 1], [0, 3], [1, 0], [1, 2], [2, 1], [2, 3], [2, 6], [3, 0], [3, 2], [3, 4], [4, 3], [4, 5], [5, 4], [5, 6], [6, 2], [6, 5]], ""seed"": 7, ""basis"": [""id"", ""rz"", ""sx"", ""x"", ""ecr""], ""nodes"": 7}",c8b003a1553d070cddc2acc63823ce20487791b575f8614922ec632ce2dbf9e1,"[0, 1, 2, 3]",,identity proxy before selection when layout is transpiler,4578146e16dfcf0a3a55a1b3fea16f778ac944886bf5b33e90f7dc227bfcd90d_synthetic_irregular_7q_favorable,teleport,29,v0.4.0,4578146e16dfcf0a3a55a1b3fea16f778ac944886bf5b33e90f7dc227bfcd90d_synthetic_irregular_7q_favorable_29,80,70,308,2.4919499999999964e-05,-76,0.007198345992946997,True,,1.2749118134778083e-14,1e-10,logical Operator.equiv + routed zero/3 random states,"[0, 1, 2, 3]"
4,1.5,0.2,3,symmetry,4578146e16dfcf0a3a55a1b3fea16f778ac944886bf5b33e90f7dc227bfcd90d,5d660df1811b06d2a855b494e5485abcab84c6d43e60a7ab268ab6b05a0fe264,415,247,259,156,19,1.6842105263157894,3,1.5,2,1,7,8,2.2857142857142856,3,1.8095238095238095,1.0,1.0,1,prospective,synthetic_irregular_7q_favorable,irregular,favorable,SYNTHETIC_TARGET,"{""edges"": [[0, 1], [0, 3], [1, 0], [1, 2], [2, 1], [2, 3], [2, 6], [3, 0], [3, 2], [3, 4], [4, 3], [4, 5], [5, 4], [5, 6], [6, 2], [6, 5]], ""seed"": 7, ""basis"": [""id"", ""rz"", ""sx"", ""x"", ""ecr""], ""nodes"": 7}",c8b003a1553d070cddc2acc63823ce20487791b575f8614922ec632ce2dbf9e1,"[0, 1, 2, 3]",,identity proxy before selection when layout is transpiler,4578146e16dfcf0a3a55a1b3fea16f778ac944886bf5b33e90f7dc227bfcd90d_synthetic_irregular_7q_favorable,basic,37,v0.4.0,4578146e16dfcf0a3a55a1b3fea16f778ac944886bf5b33e90f7dc227bfcd90d_synthetic_irregular_7q_favorable_37,63,54,252,2.100963599999999e-05,-69,0.007574257004307583,True,,4.5908636617103794e-14,1e-10,logical Operator.equiv + routed zero/3 random states,"[0, 1, 2, 3]"
4,1.5,0.2,3,symmetry,4578146e16dfcf0a3a55a1b3fea16f778ac944886bf5b33e90f7dc227bfcd90d,5d660df1811b06d2a855b494e5485abcab84c6d43e60a7ab268ab6b05a0fe264,415,247,259,156,19,1.6842105263157894,3,1.5,2,1,7,8,2.2857142857142856,3,1.8095238095238095,1.0,1.0,1,prospective,synthetic_irregular_7q_favorable,irregular,favorable,SYNTHETIC_TARGET,"{""edges"": [[0, 1], [0, 3], [1, 0], [1, 2], [2, 1], [2, 3], [2, 6], [3, 0], [3, 2], [3, 4], [4, 3], [4, 5], [5, 4], [5, 6], [6, 2], [6, 5]], ""seed"": 7, ""basis"": [""id"", ""rz"", ""sx"", ""x"", ""ecr""], ""nodes"": 7}",c8b003a1553d070cddc2acc63823ce20487791b575f8614922ec632ce2dbf9e1,"[0, 1, 2, 3]",,identity proxy before selection when layout is transpiler,4578146e16dfcf0a3a55a1b3fea16f778ac944886bf5b33e90f7dc227bfcd90d_synthetic_irregular_7q_favorable,teleport,37,v0.4.0,4578146e16dfcf0a3a55a1b3fea16f778ac944886bf5b33e90f7dc227bfcd90d_synthetic_irregular_7q_favorable_37,80,70,308,2.4919499999999964e-05,-76,0.0103419209990534,True,,1.2749118134778083e-14,1e-10,logical Operator.equiv + routed zero/3 random states,"[0, 1, 2, 3]"
4,1.5,0.2,3,symmetry,4578146e16dfcf0a3a55a1b3fea16f778ac944886bf5b33e90f7dc227bfcd90d,5d660df1811b06d2a855b494e5485abcab84c6d43e60a7ab268ab6b05a0fe264,415,247,259,156,19,1.6842105263157894,3,1.5,2,1,7,8,2.2857142857142856,3,1.8095238095238095,1.0,1.0,1,prospective,synthetic_irregular_7q_favorable,irregular,favorable,SYNTHETIC_TARGET,"{""edges"": [[0, 1], [0, 3], [1, 0], [1, 2], [2, 1], [2, 3], [2, 6], [3, 0], [3, 2], [3, 4], [4, 3], [4, 5], [5, 4], [5, 6], [6, 2], [6, 5]], ""seed"": 7, ""basis"": [""id"", ""rz"", ""sx"", ""x"", ""ecr""], ""nodes"": 7}",c8b003a1553d070cddc2acc63823ce20487791b575f8614922ec632ce2dbf9e1,"[0, 1, 2, 3]",,identity proxy before selection when layout is transpiler,4578146e16dfcf0a3a55a1b3fea16f778ac944886bf5b33e90f7dc227bfcd90d_synthetic_irregular_7q_favorable,basic,47,v0.4.0,4578146e16dfcf0a3a55a1b3fea16f778ac944886bf5b33e90f7dc227bfcd90d_synthetic_irregular_7q_favorable_47,63,54,252,2.100963599999999e-05,-69,0.008109597001748625,True,,4.5908636617103794e-14,1e-10,logical Operator.equiv + routed zero/3 random states,"[0, 1, 2, 3]"
4,1.5,0.2,3,symmetry,4578146e16dfcf0a3a55a1b3fea16f778ac944886bf5b33e90f7dc227bfcd90d,5d660df1811b06d2a855b494e5485abcab84c6d43e60a7ab268ab6b05a0fe264,415,247,259,156,19,1.6842105263157894,3,1.5,2,1,7,8,2.2857142857142856,3,1.8095238095238095,1.0,1.0,1,prospective,synthetic_irregular_7q_favorable,irregular,favorable,SYNTHETIC_TARGET,"{""edges"": [[0, 1], [0, 3], [1, 0], [1, 2], [2, 1], [2, 3], [2, 6], [3, 0], [3, 2], [3, 4], [4, 3], [4, 5], [5, 4], [5, 6], [6, 2], [6, 5]], ""seed"": 7, ""basis"": [""id"", ""rz"", ""sx"", ""x"", ""ecr""], ""nodes"": 7}",c8b003a1553d070cddc2acc63823ce20487791b575f8614922ec632ce2dbf9e1,"[0, 1, 2, 3]",,identity proxy before selection when layout is transpiler,4578146e16dfcf0a3a55a1b3fea16f778ac944886bf5b33e90f7dc227bfcd90d_synthetic_irregular_7q_favorable,teleport,47,v0.4.0,4578146e16dfcf0a3a55a1b3fea16f778ac944886bf5b33e90f7dc227bfcd90d_synthetic_irregular_7q_favorable_47,80,70,308,2.4919499999999964e-05,-76,0.006768454004486557,True,,1.2749118134778083e-14,1e-10,logical Operator.equiv + routed zero/3 random states,"[0, 1, 2, 3]"
4,1.5,0.2,3,symmetry,4578146e16dfcf0a3a55a1b3fea16f778ac944886bf5b33e90f7dc227bfcd90d,5d660df1811b06d2a855b494e5485abcab84c6d43e60a7ab268ab6b05a0fe264,415,247,259,156,19,1.6842105263157894,3,1.5,2,1,7,8,2.2857142857142856,3,1.8095238095238095,1.6153846153846154,2.0,1,prospective,synthetic_irregular_7q_spread,irregular,spread,SYNTHETIC_TARGET,"{""edges"": [[0, 1], [0, 3], [1, 0], [1, 2], [2, 1], [2, 3], [2, 6], [3, 0], [3, 2], [3, 4], [4, 3], [4, 5], [5, 4], [5, 6], [6, 2], [6, 5]], ""seed"": 7, ""basis"": [""id"", ""rz"", ""sx"", ""x"", ""ecr""], ""nodes"": 7}",c8b003a1553d070cddc2acc63823ce20487791b575f8614922ec632ce2dbf9e1,"[0, 2, 3, 5]",,identity proxy before selection when layout is transpiler,4578146e16dfcf0a3a55a1b3fea16f778ac944886bf5b33e90f7dc227bfcd90d_synthetic_irregular_7q_spread,basic,11,v0.4.0,4578146e16dfcf0a3a55a1b3fea16f778ac944886bf5b33e90f7dc227bfcd90d_synthetic_irregular_7q_spread_11,69,57,288,2.8916831999999958e-05,-63,0.007379747999948449,True,,5.145337261584299e-14,1e-10,logical Operator.equiv + routed zero/3 random states,"[0, 3, 2, 6]"
4,1.5,0.2,3,symmetry,4578146e16dfcf0a3a55a1b3fea16f778ac944886bf5b33e90f7dc227bfcd90d,5d660df1811b06d2a855b494e5485abcab84c6d43e60a7ab268ab6b05a0fe264,415,247,259,156,19,1.6842105263157894,3,1.5,2,1,7,8,2.2857142857142856,3,1.8095238095238095,1.6153846153846154,2.0,1,prospective,synthetic_irregular_7q_spread,irregular,spread,SYNTHETIC_TARGET,"{""edges"": [[0, 1], [0, 3], [1, 0], [1, 2], [2, 1], [2, 3], [2, 6], [3, 0], [3, 2], [3, 4], [4, 3], [4, 5], [5, 4], [5, 6], [6, 2], [6, 5]], ""seed"": 7, ""basis"": [""id"", ""rz"", ""sx"", ""x"", ""ecr""], ""nodes"": 7}",c8b003a1553d070cddc2acc63823ce20487791b575f8614922ec632ce2dbf9e1,"[0, 2, 3, 5]",,identity proxy before selection when layout is transpiler,4578146e16dfcf0a3a55a1b3fea16f778ac944886bf5b33e90f7dc227bfcd90d_synthetic_irregular_7q_spread,teleport,11,v0.4.0,4578146e16dfcf0a3a55a1b3fea16f778ac944886bf5b33e90f7dc227bfcd90d_synthetic_irregular_7q_spread_11,86,73,348,3.302249999999996e-05,-70,0.007701585003815126,True,,6.083921769181217e-14,1e-10,logical Operator.equiv + routed zero/3 random states,"[0, 3, 2, 6]"
4,1.5,0.2,3,symmetry,4578146e16dfcf0a3a55a1b3fea16f778ac944886bf5b33e90f7dc227bfcd90d,5d660df1811b06d2a855b494e5485abcab84c6d43e60a7ab268ab6b05a0fe264,415,247,259,156,19,1.6842105263157894,3,1.5,2,1,7,8,2.2857142857142856,3,1.8095238095238095,1.6153846153846154,2.0,1,prospective,synthetic_irregular_7q_spread,irregular,spread,SYNTHETIC_TARGET,"{""edges"": [[0, 1], [0, 3], [1, 0], [1, 2], [2, 1], [2, 3], [2, 6], [3, 0], [3, 2], [3, 4], [4, 3], [4, 5], [5, 4], [5, 6], [6, 2], [6, 5]], ""seed"": 7, ""basis"": [""id"", ""rz"", ""sx"", ""x"", ""ecr""], ""nodes"": 7}",c8b003a1553d070cddc2acc63823ce20487791b575f8614922ec632ce2dbf9e1,"[0, 2, 3, 5]",,identity proxy before selection when layout is transpiler,4578146e16dfcf0a3a55a1b3fea16f778ac944886bf5b33e90f7dc227bfcd90d_synthetic_irregular_7q_spread,basic,19,v0.4.0,4578146e16dfcf0a3a55a1b3fea16f778ac944886bf5b33e90f7dc227bfcd90d_synthetic_irregular_7q_spread_19,69,57,288,2.8916831999999958e-05,-63,0.007990582998900209,True,,5.145337261584299e-14,1e-10,logical Operator.equiv + routed zero/3 random states,"[0, 3, 2, 6]"
4,1.5,0.2,3,symmetry,4578146e16dfcf0a3a55a1b3fea16f778ac944886bf5b33e90f7dc227bfcd90d,5d660df1811b06d2a855b494e5485abcab84c6d43e60a7ab268ab6b05a0fe264,415,247,259,156,19,1.6842105263157894,3,1.5,2,1,7,8,2.2857142857142856,3,1.8095238095238095,1.6153846153846154,2.0,1,prospective,synthetic_irregular_7q_spread,irregular,spread,SYNTHETIC_TARGET,"{""edges"": [[0, 1], [0, 3], [1, 0], [1, 2], [2, 1], [2, 3], [2, 6], [3, 0], [3, 2], [3, 4], [4, 3], [4, 5], [5, 4], [5, 6], [6, 2], [6, 5]], ""seed"": 7, ""basis"": [""id"", ""rz"", ""sx"", ""x"", ""ecr""], ""nodes"": 7}",c8b003a1553d070cddc2acc63823ce20487791b575f8614922ec632ce2dbf9e1,"[0, 2, 3, 5]",,identity proxy before selection when layout is transpiler,4578146e16dfcf0a3a55a1b3fea16f778ac944886bf5b33e90f7dc227bfcd90d_synthetic_irregular_7q_spread,teleport,19,v0.4.0,4578146e16dfcf0a3a55a1b3fea16f778ac944886bf5b33e90f7dc227bfcd90d_synthetic_irregular_7q_spread_19,86,73,348,3.302249999999996e-05,-70,0.00781985699723009,True,,6.083921769181217e-14,1e-10,logical Operator.equiv + routed zero/3 random states,"[0, 3, 2, 6]"
4,1.5,0.2,3,symmetry,4578146e16dfcf0a3a55a1b3fea16f778ac944886bf5b33e90f7dc227bfcd90d,5d660df1811b06d2a855b494e5485abcab84c6d43e60a7ab268ab6b05a0fe264,415,247,259,156,19,1.6842105263157894,3,1.5,2,1,7,8,2.2857142857142856,3,1.8095238095238095,1.6153846153846154,2.0,1,prospective,synthetic_irregular_7q_spread,irregular,spread,SYNTHETIC_TARGET,"{""edges"": [[0, 1], [0, 3], [1, 0], [1, 2], [2, 1], [2, 3], [2, 6], [3, 0], [3, 2], [3, 4], [4, 3], [4, 5], [5, 4], [5, 6], [6, 2], [6, 5]], ""seed"": 7, ""basis"": [""id"", ""rz"", ""sx"", ""x"", ""ecr""], ""nodes"": 7}",c8b003a1553d070cddc2acc63823ce20487791b575f8614922ec632ce2dbf9e1,"[0, 2, 3, 5]",,identity proxy before selection when layout is transpiler,4578146e16dfcf0a3a55a1b3fea16f778ac944886bf5b33e90f7dc227bfcd90d_synthetic_irregular_7q_spread,basic,29,v0.4.0,4578146e16dfcf0a3a55a1b3fea16f778ac944886bf5b33e90f7dc227bfcd90d_synthetic_irregular_7q_spread_29,69,57,268,2.848903799999995e-05,-63,0.007254604002810083,True,,2.5229009065686086e-14,1e-10,logical Operator.equiv + routed zero/3 random states,"[1, 2, 3, 4]"
4,1.5,0.2,3,symmetry,4578146e16dfcf0a3a55a1b3fea16f778ac944886bf5b33e90f7dc227bfcd90d,5d660df1811b06d2a855b494e5485abcab84c6d43e60a7ab268ab6b05a0fe264,415,247,259,156,19,1.6842105263157894,3,1.5,2,1,7,8,2.2857142857142856,3,1.8095238095238095,1.6153846153846154,2.0,1,prospective,synthetic_irregular_7q_spread,irregular,spread,SYNTHETIC_TARGET,"{""edges"": [[0, 1], [0, 3], [1, 0], [1, 2], [2, 1], [2, 3], [2, 6], [3, 0], [3, 2], [3, 4], [4, 3], [4, 5], [5, 4], [5, 6], [6, 2], [6, 5]], ""seed"": 7, ""basis"": [""id"", ""rz"", ""sx"", ""x"", ""ecr""], ""nodes"": 7}",c8b003a1553d070cddc2acc63823ce20487791b575f8614922ec632ce2dbf9e1,"[0, 2, 3, 5]",,identity proxy before selection when layout is transpiler,4578146e16dfcf0a3a55a1b3fea16f778ac944886bf5b33e90f7dc227bfcd90d_synthetic_irregular_7q_spread,teleport,29,v0.4.0,4578146e16dfcf0a3a55a1b3fea16f778ac944886bf5b33e90f7dc227bfcd90d_synthetic_irregular_7q_spread_29,86,73,313,3.6209531999999994e-05,-70,0.007716009000432678,True,,1.6198987145830543e-14,1e-10,logical Operator.equiv + routed zero/3 random states,"[1, 2, 3, 4]"
4,1.5,0.2,3,symmetry,4578146e16dfcf0a3a55a1b3fea16f778ac944886bf5b33e90f7dc227bfcd90d,5d660df1811b06d2a855b494e5485abcab84c6d43e60a7ab268ab6b05a0fe264,415,247,259,156,19,1.6842105263157894,3,1.5,2,1,7,8,2.2857142857142856,3,1.8095238095238095,1.6153846153846154,2.0,1,prospective,synthetic_irregular_7q_spread,irregular,spread,SYNTHETIC_TARGET,"{""edges"": [[0, 1], [0, 3], [1, 0], [1, 2], [2, 1], [2, 3], [2, 6], [3, 0], [3, 2], [3, 4], [4, 3], [4, 5], [5, 4], [5, 6], [6, 2], [6, 5]], ""seed"": 7, ""basis"": [""id"", ""rz"", ""sx"", ""x"", ""ecr""], ""nodes"": 7}",c8b003a1553d070cddc2acc63823ce20487791b575f8614922ec632ce2dbf9e1,"[0, 2, 3, 5]",,identity proxy before selection when layout is transpiler,4578146e16dfcf0a3a55a1b3fea16f778ac944886bf5b33e90f7dc227bfcd90d_synthetic_irregular_7q_spread,basic,37,v0.4.0,4578146e16dfcf0a3a55a1b3fea16f778ac944886bf5b33e90f7dc227bfcd90d_synthetic_irregular_7q_spread_37,69,57,268,2.848903799999995e-05,-63,0.009366168000269681,True,,2.5229009065686086e-14,1e-10,logical Operator.equiv + routed zero/3 random states,"[1, 2, 3, 4]"
4,1.5,0.2,3,symmetry,4578146e16dfcf0a3a55a1b3fea16f778ac944886bf5b33e90f7dc227bfcd90d,5d660df1811b06d2a855b494e5485abcab84c6d43e60a7ab268ab6b05a0fe264,415,247,259,156,19,1.6842105263157894,3,1.5,2,1,7,8,2.2857142857142856,3,1.8095238095238095,1.6153846153846154,2.0,1,prospective,synthetic_irregular_7q_spread,irregular,spread,SYNTHETIC_TARGET,"{""edges"": [[0, 1], [0, 3], [1, 0], [1, 2], [2, 1], [2, 3], [2, 6], [3, 0], [3, 2], [3, 4], [4, 3], [4, 5], [5, 4], [5, 6], [6, 2], [6, 5]], ""seed"": 7, ""basis"": [""id"", ""rz"", ""sx"", ""x"", ""ecr""], ""nodes"": 7}",c8b003a1553d070cddc2acc63823ce20487791b575f8614922ec632ce2dbf9e1,"[0, 2, 3, 5]",,identity proxy before selection when layout is transpiler,4578146e16dfcf0a3a55a1b3fea16f778ac944886bf5b33e90f7dc227bfcd90d_synthetic_irregular_7q_spread,teleport,37,v0.4.0,4578146e16dfcf0a3a55a1b3fea16f778ac944886bf5b33e90f7dc227bfcd90d_synthetic_irregular_7q_spread_37,86,73,313,3.6209531999999994e-05,-70,0.0072735470021143556,True,,1.6198987145830543e-14,1e-10,logical Operator.equiv + routed zero/3 random states,"[1, 2, 3, 4]"
4,1.5,0.2,3,symmetry,4578146e16dfcf0a3a55a1b3fea16f778ac944886bf5b33e90f7dc227bfcd90d,5d660df1811b06d2a855b494e5485abcab84c6d43e60a7ab268ab6b05a0fe264,415,247,259,156,19,1.6842105263157894,3,1.5,2,1,7,8,2.2857142857142856,3,1.8095238095238095,1.6153846153846154,2.0,1,prospective,synthetic_irregular_7q_spread,irregular,spread,SYNTHETIC_TARGET,"{""edges"": [[0, 1], [0, 3], [1, 0], [1, 2], [2, 1], [2, 3], [2, 6], [3, 0], [3, 2], [3, 4], [4, 3], [4, 5], [5, 4], [5, 6], [6, 2], [6, 5]], ""seed"": 7, ""basis"": [""id"", ""rz"", ""sx"", ""x"", ""ecr""], ""nodes"": 7}",c8b003a1553d070cddc2acc63823ce20487791b575f8614922ec632ce2dbf9e1,"[0, 2, 3, 5]",,identity proxy before selection when layout is transpiler,4578146e16dfcf0a3a55a1b3fea16f778ac944886bf5b33e90f7dc227bfcd90d_synthetic_irregular_7q_spread,basic,47,v0.4.0,4578146e16dfcf0a3a55a1b3fea16f778ac944886bf5b33e90f7dc227bfcd90d_synthetic_irregular_7q_spread_47,69,57,288,2.8916831999999958e-05,-63,0.007653872999071609,True,,5.145337261584299e-14,1e-10,logical Operator.equiv + routed zero/3 random states,"[0, 3, 2, 6]"
4,1.5,0.2,3,symmetry,4578146e16dfcf0a3a55a1b3fea16f778ac944886bf5b33e90f7dc227bfcd90d,5d660df1811b06d2a855b494e5485abcab84c6d43e60a7ab268ab6b05a0fe264,415,247,259,156,19,1.6842105263157894,3,1.5,2,1,7,8,2.2857142857142856,3,1.8095238095238095,1.6153846153846154,2.0,1,prospective,synthetic_irregular_7q_spread,irregular,spread,SYNTHETIC_TARGET,"{""edges"": [[0, 1], [0, 3], [1, 0], [1, 2], [2, 1], [2, 3], [2, 6], [3, 0], [3, 2], [3, 4], [4, 3], [4, 5], [5, 4], [5, 6], [6, 2], [6, 5]], ""seed"": 7, ""basis"": [""id"", ""rz"", ""sx"", ""x"", ""ecr""], ""nodes"": 7}",c8b003a1553d070cddc2acc63823ce20487791b575f8614922ec632ce2dbf9e1,"[0, 2, 3, 5]",,identity proxy before selection when layout is transpiler,4578146e16dfcf0a3a55a1b3fea16f778ac944886bf5b33e90f7dc227bfcd90d_synthetic_irregular_7q_spread,teleport,47,v0.4.0,4578146e16dfcf0a3a55a1b3fea16f778ac944886bf5b33e90f7dc227bfcd90d_synthetic_irregular_7q_spread_47,86,73,348,3.302249999999996e-05,-70,0.007599725002364721,True,,6.083921769181217e-14,1e-10,logical Operator.equiv + routed zero/3 random states,"[0, 3, 2, 6]"
6,1.5,0.2,3,current,b75cbf89649a5d40ee4400d372e6cf3e16e5c828229f394ddf0f65442c3f44a5,3d69e26737c19bf3e2d6b9dda6f38e4ad0254fb23cf7fb6c99dd7280a09a7e63,703,510,427,276,31,1.7419354838709677,5,1.6666666666666667,2,1,8,7,1.75,7,3.0,1.0,1.0,1,prospective,synthetic_line_8q_favorable,line,favorable,SYNTHETIC_TARGET,"{""edges"": [[0, 1], [1, 0], [1, 2], [2, 1], [2, 3], [3, 2], [3, 4], [4, 3], [4, 5], [5, 4], [5, 6], [6, 5], [6, 7], [7, 6]], ""seed"": 7, ""basis"": [""id"", ""rz"", ""sx"", ""x"", ""ecr""], ""nodes"": 8}",801945da6501ad7b48137221aea8d7e8e5603ff1e572732c6d3f24a3be410b79,"[0, 1, 2, 3, 4, 5]",,identity proxy before selection when layout is transpiler,b75cbf89649a5d40ee4400d372e6cf3e16e5c828229f394ddf0f65442c3f44a5_synthetic_line_8q_favorable,basic,11,v0.4.0,b75cbf89649a5d40ee4400d372e6cf3e16e5c828229f394ddf0f65442c3f44a5_synthetic_line_8q_favorable_11,182,146,708,7.432804200000021e-05,-58,0.009822116997384,True,,9.600881488936197e-14,1e-10,logical Operator.equiv + routed zero/3 random states,"[0, 1, 2, 3, 4, 5]"
6,1.5,0.2,3,current,b75cbf89649a5d40ee4400d372e6cf3e16e5c828229f394ddf0f65442c3f44a5,3d69e26737c19bf3e2d6b9dda6f38e4ad0254fb23cf7fb6c99dd7280a09a7e63,703,510,427,276,31,1.7419354838709677,5,1.6666666666666667,2,1,8,7,1.75,7,3.0,1.0,1.0,1,prospective,synthetic_line_8q_favorable,line,favorable,SYNTHETIC_TARGET,"{""edges"": [[0, 1], [1, 0], [1, 2], [2, 1], [2, 3], [3, 2], [3, 4], [4, 3], [4, 5], [5, 4], [5, 6], [6, 5], [6, 7], [7, 6]], ""seed"": 7, ""basis"": [""id"", ""rz"", ""sx"", ""x"", ""ecr""], ""nodes"": 8}",801945da6501ad7b48137221aea8d7e8e5603ff1e572732c6d3f24a3be410b79,"[0, 1, 2, 3, 4, 5]",,identity proxy before selection when layout is transpiler,b75cbf89649a5d40ee4400d372e6cf3e16e5c828229f394ddf0f65442c3f44a5_synthetic_line_8q_favorable,teleport,11,v0.4.0,b75cbf89649a5d40ee4400d372e6cf3e16e5c828229f394ddf0f65442c3f44a5_synthetic_line_8q_favorable_11,208,180,911,9.316318800000032e-05,-68,0.009224055000231601,True,,1.3108994798647873e-13,1e-10,logical Operator.equiv + routed zero/3 random states,"[0, 1, 2, 3, 4, 5]"
6,1.5,0.2,3,current,b75cbf89649a5d40ee4400d372e6cf3e16e5c828229f394ddf0f65442c3f44a5,3d69e26737c19bf3e2d6b9dda6f38e4ad0254fb23cf7fb6c99dd7280a09a7e63,703,510,427,276,31,1.7419354838709677,5,1.6666666666666667,2,1,8,7,1.75,7,3.0,1.0,1.0,1,prospective,synthetic_line_8q_favorable,line,favorable,SYNTHETIC_TARGET,"{""edges"": [[0, 1], [1, 0], [1, 2], [2, 1], [2, 3], [3, 2], [3, 4], [4, 3], [4, 5], [5, 4], [5, 6], [6, 5], [6, 7], [7, 6]], ""seed"": 7, ""basis"": [""id"", ""rz"", ""sx"", ""x"", ""ecr""], ""nodes"": 8}",801945da6501ad7b48137221aea8d7e8e5603ff1e572732c6d3f24a3be410b79,"[0, 1, 2, 3, 4, 5]",,identity proxy before selection when layout is transpiler,b75cbf89649a5d40ee4400d372e6cf3e16e5c828229f394ddf0f65442c3f44a5_synthetic_line_8q_favorable,basic,19,v0.4.0,b75cbf89649a5d40ee4400d372e6cf3e16e5c828229f394ddf0f65442c3f44a5_synthetic_line_8q_favorable_19,182,146,708,7.432804200000021e-05,-58,0.009052489993337076,True,,9.600881488936197e-14,1e-10,logical Operator.equiv + routed zero/3 random states,"[0, 1, 2, 3, 4, 5]"
6,1.5,0.2,3,current,b75cbf89649a5d40ee4400d372e6cf3e16e5c828229f394ddf0f65442c3f44a5,3d69e26737c19bf3e2d6b9dda6f38e4ad0254fb23cf7fb6c99dd7280a09a7e63,703,510,427,276,31,1.7419354838709677,5,1.6666666666666667,2,1,8,7,1.75,7,3.0,1.0,1.0,1,prospective,synthetic_line_8q_favorable,line,favorable,SYNTHETIC_TARGET,"{""edges"": [[0, 1], [1, 0], [1, 2], [2, 1], [2, 3], [3, 2], [3, 4], [4, 3], [4, 5], [5, 4], [5, 6], [6, 5], [6, 7], [7, 6]], ""seed"": 7, ""basis"": [""id"", ""rz"", ""sx"", ""x"", ""ecr""], ""nodes"": 8}",801945da6501ad7b48137221aea8d7e8e5603ff1e572732c6d3f24a3be410b79,"[0, 1, 2, 3, 4, 5]",,identity proxy before selection when layout is transpiler,b75cbf89649a5d40ee4400d372e6cf3e16e5c828229f394ddf0f65442c3f44a5_synthetic_line_8q_favorable,teleport,19,v0.4.0,b75cbf89649a5d40ee4400d372e6cf3e16e5c828229f394ddf0f65442c3f44a5_synthetic_line_8q_favorable_19,208,180,911,9.316318800000032e-05,-68,0.008767409002757631,True,,1.3108994798647873e-13,1e-10,logical Operator.equiv + routed zero/3 random states,"[0, 1, 2, 3, 4, 5]"
6,1.5,0.2,3,current,b75cbf89649a5d40ee4400d372e6cf3e16e5c828229f394ddf0f65442c3f44a5,3d69e26737c19bf3e2d6b9dda6f38e4ad0254fb23cf7fb6c99dd7280a09a7e63,703,510,427,276,31,1.7419354838709677,5,1.6666666666666667,2,1,8,7,1.75,7,3.0,1.0,1.0,1,prospective,synthetic_line_8q_favorable,line,favorable,SYNTHETIC_TARGET,"{""edges"": [[0, 1], [1, 0], [1, 2], [2, 1], [2, 3], [3, 2], [3, 4], [4, 3], [4, 5], [5, 4], [5, 6], [6, 5], [6, 7], [7, 6]], ""seed"": 7, ""basis"": [""id"", ""rz"", ""sx"", ""x"", ""ecr""], ""nodes"": 8}",801945da6501ad7b48137221aea8d7e8e5603ff1e572732c6d3f24a3be410b79,"[0, 1, 2, 3, 4, 5]",,identity proxy before selection when layout is transpiler,b75cbf89649a5d40ee4400d372e6cf3e16e5c828229f394ddf0f65442c3f44a5_synthetic_line_8q_favorable,basic,29,v0.4.0,b75cbf89649a5d40ee4400d372e6cf3e16e5c828229f394ddf0f65442c3f44a5_synthetic_line_8q_favorable_29,182,146,708,7.432804200000021e-05,-58,0.008393627002078574,True,,9.600881488936197e-14,1e-10,logical Operator.equiv + routed zero/3 random states,"[0, 1, 2, 3, 4, 5]"
6,1.5,0.2,3,current,b75cbf89649a5d40ee4400d372e6cf3e16e5c828229f394ddf0f65442c3f44a5,3d69e26737c19bf3e2d6b9dda6f38e4ad0254fb23cf7fb6c99dd7280a09a7e63,703,510,427,276,31,1.7419354838709677,5,1.6666666666666667,2,1,8,7,1.75,7,3.0,1.0,1.0,1,prospective,synthetic_line_8q_favorable,line,favorable,SYNTHETIC_TARGET,"{""edges"": [[0, 1], [1, 0], [1, 2], [2, 1], [2, 3], [3, 2], [3, 4], [4, 3], [4, 5], [5, 4], [5, 6], [6, 5], [6, 7], [7, 6]], ""seed"": 7, ""basis"": [""id"", ""rz"", ""sx"", ""x"", ""ecr""], ""nodes"": 8}",801945da6501ad7b48137221aea8d7e8e5603ff1e572732c6d3f24a3be410b79,"[0, 1, 2, 3, 4, 5]",,identity proxy before selection when layout is transpiler,b75cbf89649a5d40ee4400d372e6cf3e16e5c828229f394ddf0f65442c3f44a5_synthetic_line_8q_favorable,teleport,29,v0.4.0,b75cbf89649a5d40ee4400d372e6cf3e16e5c828229f394ddf0f65442c3f44a5_synthetic_line_8q_favorable_29,208,180,911,9.316318800000032e-05,-68,0.009089195998967625,True,,1.3108994798647873e-13,1e-10,logical Operator.equiv + routed zero/3 random states,"[0, 1, 2, 3, 4, 5]"
6,1.5,0.2,3,current,b75cbf89649a5d40ee4400d372e6cf3e16e5c828229f394ddf0f65442c3f44a5,3d69e26737c19bf3e2d6b9dda6f38e4ad0254fb23cf7fb6c99dd7280a09a7e63,703,510,427,276,31,1.7419354838709677,5,1.6666666666666667,2,1,8,7,1.75,7,3.0,1.0,1.0,1,prospective,synthetic_line_8q_favorable,line,favorable,SYNTHETIC_TARGET,"{""edges"": [[0, 1], [1, 0], [1, 2], [2, 1], [2, 3], [3, 2], [3, 4], [4, 3], [4, 5], [5, 4], [5, 6], [6, 5], [6, 7], [7, 6]], ""seed"": 7, ""basis"": [""id"", ""rz"", ""sx"", ""x"", ""ecr""], ""nodes"": 8}",801945da6501ad7b48137221aea8d7e8e5603ff1e572732c6d3f24a3be410b79,"[0, 1, 2, 3, 4, 5]",,identity proxy before selection when layout is transpiler,b75cbf89649a5d40ee4400d372e6cf3e16e5c828229f394ddf0f65442c3f44a5_synthetic_line_8q_favorable,basic,37,v0.4.0,b75cbf89649a5d40ee4400d372e6cf3e16e5c828229f394ddf0f65442c3f44a5_synthetic_line_8q_favorable_37,182,146,708,7.432804200000021e-05,-58,0.008540073002222925,True,,9.600881488936197e-14,1e-10,logical Operator.equiv + routed zero/3 random states,"[0, 1, 2, 3, 4, 5]"
6,1.5,0.2,3,current,b75cbf89649a5d40ee4400d372e6cf3e16e5c828229f394ddf0f65442c3f44a5,3d69e26737c19bf3e2d6b9dda6f38e4ad0254fb23cf7fb6c99dd7280a09a7e63,703,510,427,276,31,1.7419354838709677,5,1.6666666666666667,2,1,8,7,1.75,7,3.0,1.0,1.0,1,prospective,synthetic_line_8q_favorable,line,favorable,SYNTHETIC_TARGET,"{""edges"": [[0, 1], [1, 0], [1, 2], [2, 1], [2, 3], [3, 2], [3, 4], [4, 3], [4, 5], [5, 4], [5, 6], [6, 5], [6, 7], [7, 6]], ""seed"": 7, ""basis"": [""id"", ""rz"", ""sx"", ""x"", ""ecr""], ""nodes"": 8}",801945da6501ad7b48137221aea8d7e8e5603ff1e572732c6d3f24a3be410b79,"[0, 1, 2, 3, 4, 5]",,identity proxy before selection when layout is transpiler,b75cbf89649a5d40ee4400d372e6cf3e16e5c828229f394ddf0f65442c3f44a5_synthetic_line_8q_favorable,teleport,37,v0.4.0,b75cbf89649a5d40ee4400d372e6cf3e16e5c828229f394ddf0f65442c3f44a5_synthetic_line_8q_favorable_37,208,180,911,9.316318800000032e-05,-68,0.00876573699497385,True,,1.3108994798647873e-13,1e-10,logical Operator.equiv + routed zero/3 random states,"[0, 1, 2, 3, 4, 5]"
6,1.5,0.2,3,current,b75cbf89649a5d40ee4400d372e6cf3e16e5c828229f394ddf0f65442c3f44a5,3d69e26737c19bf3e2d6b9dda6f38e4ad0254fb23cf7fb6c99dd7280a09a7e63,703,510,427,276,31,1.7419354838709677,5,1.6666666666666667,2,1,8,7,1.75,7,3.0,1.0,1.0,1,prospective,synthetic_line_8q_favorable,line,favorable,SYNTHETIC_TARGET,"{""edges"": [[0, 1], [1, 0], [1, 2], [2, 1], [2, 3], [3, 2], [3, 4], [4, 3], [4, 5], [5, 4], [5, 6], [6, 5], [6, 7], [7, 6]], ""seed"": 7, ""basis"": [""id"", ""rz"", ""sx"", ""x"", ""ecr""], ""nodes"": 8}",801945da6501ad7b48137221aea8d7e8e5603ff1e572732c6d3f24a3be410b79,"[0, 1, 2, 3, 4, 5]",,identity proxy before selection when layout is transpiler,b75cbf89649a5d40ee4400d372e6cf3e16e5c828229f394ddf0f65442c3f44a5_synthetic_line_8q_favorable,basic,47,v0.4.0,b75cbf89649a5d40ee4400d372e6cf3e16e5c828229f394ddf0f65442c3f44a5_synthetic_line_8q_favorable_47,182,146,708,7.432804200000021e-05,-58,0.009334251000836957,True,,9.600881488936197e-14,1e-10,logical Operator.equiv + routed zero/3 random states,"[0, 1, 2, 3, 4, 5]"
6,1.5,0.2,3,current,b75cbf89649a5d40ee4400d372e6cf3e16e5c828229f394ddf0f65442c3f44a5,3d69e26737c19bf3e2d6b9dda6f38e4ad0254fb23cf7fb6c99dd7280a09a7e63,703,510,427,276,31,1.7419354838709677,5,1.6666666666666667,2,1,8,7,1.75,7,3.0,1.0,1.0,1,prospective,synthetic_line_8q_favorable,line,favorable,SYNTHETIC_TARGET,"{""edges"": [[0, 1], [1, 0], [1, 2], [2, 1], [2, 3], [3, 2], [3, 4], [4, 3], [4, 5], [5, 4], [5, 6], [6, 5], [6, 7], [7, 6]], ""seed"": 7, ""basis"": [""id"", ""rz"", ""sx"", ""x"", ""ecr""], ""nodes"": 8}",801945da6501ad7b48137221aea8d7e8e5603ff1e572732c6d3f24a3be410b79,"[0, 1, 2, 3, 4, 5]",,identity proxy before selection when layout is transpiler,b75cbf89649a5d40ee4400d372e6cf3e16e5c828229f394ddf0f65442c3f44a5_synthetic_line_8q_favorable,teleport,47,v0.4.0,b75cbf89649a5d40ee4400d372e6cf3e16e5c828229f394ddf0f65442c3f44a5_synthetic_line_8q_favorable_47,208,180,911,9.316318800000032e-05,-68,0.009403982003277633,True,,1.3108994798647873e-13,1e-10,logical Operator.equiv + routed zero/3 random states,"[0, 1, 2, 3, 4, 5]"
6,1.5,0.2,3,current,b75cbf89649a5d40ee4400d372e6cf3e16e5c828229f394ddf0f65442c3f44a5,3d69e26737c19bf3e2d6b9dda6f38e4ad0254fb23cf7fb6c99dd7280a09a7e63,703,510,427,276,31,1.7419354838709677,5,1.6666666666666667,2,1,8,7,1.75,7,3.0,1.434782608695652,2.0,1,prospective,synthetic_line_8q_spread,line,spread,SYNTHETIC_TARGET,"{""edges"": [[0, 1], [1, 0], [1, 2], [2, 1], [2, 3], [3, 2], [3, 4], [4, 3], [4, 5], [5, 4], [5, 6], [6, 5], [6, 7], [7, 6]], ""seed"": 7, ""basis"": [""id"", ""rz"", ""sx"", ""x"", ""ecr""], ""nodes"": 8}",801945da6501ad7b48137221aea8d7e8e5603ff1e572732c6d3f24a3be410b79,"[0, 1, 3, 4, 6, 7]",,identity proxy before selection when layout is transpiler,b75cbf89649a5d40ee4400d372e6cf3e16e5c828229f394ddf0f65442c3f44a5_synthetic_line_8q_spread,basic,11,v0.4.0,b75cbf89649a5d40ee4400d372e6cf3e16e5c828229f394ddf0f65442c3f44a5_synthetic_line_8q_spread_11,200,152,656,6.865438800000014e-05,-40,0.010395024000899866,True,,1.1811556819557464e-13,1e-10,logical Operator.equiv + routed zero/3 random states,"[1, 2, 3, 4, 5, 6]"
6,1.5,0.2,3,current,b75cbf89649a5d40ee4400d372e6cf3e16e5c828229f394ddf0f65442c3f44a5,3d69e26737c19bf3e2d6b9dda6f38e4ad0254fb23cf7fb6c99dd7280a09a7e63,703,510,427,276,31,1.7419354838709677,5,1.6666666666666667,2,1,8,7,1.75,7,3.0,1.434782608695652,2.0,1,prospective,synthetic_line_8q_spread,line,spread,SYNTHETIC_TARGET,"{""edges"": [[0, 1], [1, 0], [1, 2], [2, 1], [2, 3], [3, 2], [3, 4], [4, 3], [4, 5], [5, 4], [5, 6], [6, 5], [6, 7], [7, 6]], ""seed"": 7, ""basis"": [""id"", ""rz"", ""sx"", ""x"", ""ecr""], ""nodes"": 8}",801945da6501ad7b48137221aea8d7e8e5603ff1e572732c6d3f24a3be410b79,"[0, 1, 3, 4, 6, 7]",,identity proxy before selection when layout is transpiler,b75cbf89649a5d40ee4400d372e6cf3e16e5c828229f394ddf0f65442c3f44a5_synthetic_line_8q_spread,teleport,11,v0.4.0,b75cbf89649a5d40ee4400d372e6cf3e16e5c828229f394ddf0f65442c3f44a5_synthetic_line_8q_spread_11,226,184,812,8.743936200000042e-05,-50,0.009959889001038391,True,,1.5625798761473085e-13,1e-10,logical Operator.equiv + routed zero/3 random states,"[1, 2, 3, 4, 5, 6]"
6,1.5,0.2,3,current,b75cbf89649a5d40ee4400d372e6cf3e16e5c828229f394ddf0f65442c3f44a5,3d69e26737c19bf3e2d6b9dda6f38e4ad0254fb23cf7fb6c99dd7280a09a7e63,703,510,427,276,31,1.7419354838709677,5,1.6666666666666667,2,1,8,7,1.75,7,3.0,1.434782608695652,2.0,1,prospective,synthetic_line_8q_spread,line,spread,SYNTHETIC_TARGET,"{""edges"": [[0, 1], [1, 0], [1, 2], [2, 1], [2, 3], [3, 2], [3, 4], [4, 3], [4, 5], [5, 4], [5, 6], [6, 5], [6, 7], [7, 6]], ""seed"": 7, ""basis"": [""id"", ""rz"", ""sx"", ""x"", ""ecr""], ""nodes"": 8}",801945da6501ad7b48137221aea8d7e8e5603ff1e572732c6d3f24a3be410b79,"[0, 1, 3, 4, 6, 7]",,identity proxy before selection when layout is transpiler,b75cbf89649a5d40ee4400d372e6cf3e16e5c828229f394ddf0f65442c3f44a5_synthetic_line_8q_spread,basic,19,v0.4.0,b75cbf89649a5d40ee4400d372e6cf3e16e5c828229f394ddf0f65442c3f44a5_synthetic_line_8q_spread_19,200,152,656,6.865438800000014e-05,-40,0.009905376995448023,True,,1.1811556819557464e-13,1e-10,logical Operator.equiv + routed zero/3 random states,"[1, 2, 3, 4, 5, 6]"
6,1.5,0.2,3,current,b75cbf89649a5d40ee4400d372e6cf3e16e5c828229f394ddf0f65442c3f44a5,3d69e26737c19bf3e2d6b9dda6f38e4ad0254fb23cf7fb6c99dd7280a09a7e63,703,510,427,276,31,1.7419354838709677,5,1.6666666666666667,2,1,8,7,1.75,7,3.0,1.434782608695652,2.0,1,prospective,synthetic_line_8q_spread,line,spread,SYNTHETIC_TARGET,"{""edges"": [[0, 1], [1, 0], [1, 2], [2, 1], [2, 3], [3, 2], [3, 4], [4, 3], [4, 5], [5, 4], [5, 6], [6, 5], [6, 7], [7, 6]], ""seed"": 7, ""basis"": [""id"", ""rz"", ""sx"", ""x"", ""ecr""], ""nodes"": 8}",801945da6501ad7b48137221aea8d7e8e5603ff1e572732c6d3f24a3be410b79,"[0, 1, 3, 4, 6, 7]",,identity proxy before selection when layout is transpiler,b75cbf89649a5d40ee4400d372e6cf3e16e5c828229f394ddf0f65442c3f44a5_synthetic_line_8q_spread,teleport,19,v0.4.0,b75cbf89649a5d40ee4400d372e6cf3e16e5c828229f394ddf0f65442c3f44a5_synthetic_line_8q_spread_19,226,184,812,8.743936200000042e-05,-50,0.012170803995104507,True,,1.5625798761473085e-13,1e-10,logical Operator.equiv + routed zero/3 random states,"[1, 2, 3, 4, 5, 6]"
6,1.5,0.2,3,current,b75cbf89649a5d40ee4400d372e6cf3e16e5c828229f394ddf0f65442c3f44a5,3d69e26737c19bf3e2d6b9dda6f38e4ad0254fb23cf7fb6c99dd7280a09a7e63,703,510,427,276,31,1.7419354838709677,5,1.6666666666666667,2,1,8,7,1.75,7,3.0,1.434782608695652,2.0,1,prospective,synthetic_line_8q_spread,line,spread,SYNTHETIC_TARGET,"{""edges"": [[0, 1], [1, 0], [1, 2], [2, 1], [2, 3], [3, 2], [3, 4], [4, 3], [4, 5], [5, 4], [5, 6], [6, 5], [6, 7], [7, 6]], ""seed"": 7, ""basis"": [""id"", ""rz"", ""sx"", ""x"", ""ecr""], ""nodes"": 8}",801945da6501ad7b48137221aea8d7e8e5603ff1e572732c6d3f24a3be410b79,"[0, 1, 3, 4, 6, 7]",,identity proxy before selection when layout is transpiler,b75cbf89649a5d40ee4400d372e6cf3e16e5c828229f394ddf0f65442c3f44a5_synthetic_line_8q_spread,basic,29,v0.4.0,b75cbf89649a5d40ee4400d372e6cf3e16e5c828229f394ddf0f65442c3f44a5_synthetic_line_8q_spread_29,200,152,656,6.865438800000014e-05,-40,0.00992607900116127,True,,1.1811556819557464e-13,1e-10,logical Operator.equiv + routed zero/3 random states,"[1, 2, 3, 4, 5, 6]"
6,1.5,0.2,3,current,b75cbf89649a5d40ee4400d372e6cf3e16e5c828229f394ddf0f65442c3f44a5,3d69e26737c19bf3e2d6b9dda6f38e4ad0254fb23cf7fb6c99dd7280a09a7e63,703,510,427,276,31,1.7419354838709677,5,1.6666666666666667,2,1,8,7,1.75,7,3.0,1.434782608695652,2.0,1,prospective,synthetic_line_8q_spread,line,spread,SYNTHETIC_TARGET,"{""edges"": [[0, 1], [1, 0], [1, 2], [2, 1], [2, 3], [3, 2], [3, 4], [4, 3], [4, 5], [5, 4], [5, 6], [6, 5], [6, 7], [7, 6]], ""seed"": 7, ""basis"": [""id"", ""rz"", ""sx"", ""x"", ""ecr""], ""nodes"": 8}",801945da6501ad7b48137221aea8d7e8e5603ff1e572732c6d3f24a3be410b79,"[0, 1, 3, 4, 6, 7]",,identity proxy before selection when layout is transpiler,b75cbf89649a5d40ee4400d372e6cf3e16e5c828229f394ddf0f65442c3f44a5_synthetic_line_8q_spread,teleport,29,v0.4.0,b75cbf89649a5d40ee4400d372e6cf3e16e5c828229f394ddf0f65442c3f44a5_synthetic_line_8q_spread_29,226,184,812,8.743936200000042e-05,-50,0.00952369700098643,True,,1.5625798761473085e-13,1e-10,logical Operator.equiv + routed zero/3 random states,"[1, 2, 3, 4, 5, 6]"
6,1.5,0.2,3,current,b75cbf89649a5d40ee4400d372e6cf3e16e5c828229f394ddf0f65442c3f44a5,3d69e26737c19bf3e2d6b9dda6f38e4ad0254fb23cf7fb6c99dd7280a09a7e63,703,510,427,276,31,1.7419354838709677,5,1.6666666666666667,2,1,8,7,1.75,7,3.0,1.434782608695652,2.0,1,prospective,synthetic_line_8q_spread,line,spread,SYNTHETIC_TARGET,"{""edges"": [[0, 1], [1, 0], [1, 2], [2, 1], [2, 3], [3, 2], [3, 4], [4, 3], [4, 5], [5, 4], [5, 6], [6, 5], [6, 7], [7, 6]], ""seed"": 7, ""basis"": [""id"", ""rz"", ""sx"", ""x"", ""ecr""], ""nodes"": 8}",801945da6501ad7b48137221aea8d7e8e5603ff1e572732c6d3f24a3be410b79,"[0, 1, 3, 4, 6, 7]",,identity proxy before selection when layout is transpiler,b75cbf89649a5d40ee4400d372e6cf3e16e5c828229f394ddf0f65442c3f44a5_synthetic_line_8q_spread,basic,37,v0.4.0,b75cbf89649a5d40ee4400d372e6cf3e16e5c828229f394ddf0f65442c3f44a5_synthetic_line_8q_spread_37,200,152,656,6.865438800000014e-05,-40,0.010289337995345704,True,,1.1811556819557464e-13,1e-10,logical Operator.equiv + routed zero/3 random states,"[1, 2, 3, 4, 5, 6]"
6,1.5,0.2,3,current,b75cbf89649a5d40ee4400d372e6cf3e16e5c828229f394ddf0f65442c3f44a5,3d69e26737c19bf3e2d6b9dda6f38e4ad0254fb23cf7fb6c99dd7280a09a7e63,703,510,427,276,31,1.7419354838709677,5,1.6666666666666667,2,1,8,7,1.75,7,3.0,1.434782608695652,2.0,1,prospective,synthetic_line_8q_spread,line,spread,SYNTHETIC_TARGET,"{""edges"": [[0, 1], [1, 0], [1, 2], [2, 1], [2, 3], [3, 2], [3, 4], [4, 3], [4, 5], [5, 4], [5, 6], [6, 5], [6, 7], [7, 6]], ""seed"": 7, ""basis"": [""id"", ""rz"", ""sx"", ""x"", ""ecr""], ""nodes"": 8}",801945da6501ad7b48137221aea8d7e8e5603ff1e572732c6d3f24a3be410b79,"[0, 1, 3, 4, 6, 7]",,identity proxy before selection when layout is transpiler,b75cbf89649a5d40ee4400d372e6cf3e16e5c828229f394ddf0f65442c3f44a5_synthetic_line_8q_spread,teleport,37,v0.4.0,b75cbf89649a5d40ee4400d372e6cf3e16e5c828229f394ddf0f65442c3f44a5_synthetic_line_8q_spread_37,226,184,812,8.743936200000042e-05,-50,0.010285627999110147,True,,1.5625798761473085e-13,1e-10,logical Operator.equiv + routed zero/3 random states,"[1, 2, 3, 4, 5, 6]"
6,1.5,0.2,3,current,b75cbf89649a5d40ee4400d372e6cf3e16e5c828229f394ddf0f65442c3f44a5,3d69e26737c19bf3e2d6b9dda6f38e4ad0254fb23cf7fb6c99dd7280a09a7e63,703,510,427,276,31,1.7419354838709677,5,1.6666666666666667,2,1,8,7,1.75,7,3.0,1.434782608695652,2.0,1,prospective,synthetic_line_8q_spread,line,spread,SYNTHETIC_TARGET,"{""edges"": [[0, 1], [1, 0], [1, 2], [2, 1], [2, 3], [3, 2], [3, 4], [4, 3], [4, 5], [5, 4], [5, 6], [6, 5], [6, 7], [7, 6]], ""seed"": 7, ""basis"": [""id"", ""rz"", ""sx"", ""x"", ""ecr""], ""nodes"": 8}",801945da6501ad7b48137221aea8d7e8e5603ff1e572732c6d3f24a3be410b79,"[0, 1, 3, 4, 6, 7]",,identity proxy before selection when layout is transpiler,b75cbf89649a5d40ee4400d372e6cf3e16e5c828229f394ddf0f65442c3f44a5_synthetic_line_8q_spread,basic,47,v0.4.0,b75cbf89649a5d40ee4400d372e6cf3e16e5c828229f394ddf0f65442c3f44a5_synthetic_line_8q_spread_47,200,152,656,6.865438800000014e-05,-40,0.00930014700134052,True,,1.1811556819557464e-13,1e-10,logical Operator.equiv + routed zero/3 random states,"[1, 2, 3, 4, 5, 6]"
6,1.5,0.2,3,current,b75cbf89649a5d40ee4400d372e6cf3e16e5c828229f394ddf0f65442c3f44a5,3d69e26737c19bf3e2d6b9dda6f38e4ad0254fb23cf7fb6c99dd7280a09a7e63,703,510,427,276,31,1.7419354838709677,5,1.6666666666666667,2,1,8,7,1.75,7,3.0,1.434782608695652,2.0,1,prospective,synthetic_line_8q_spread,line,spread,SYNTHETIC_TARGET,"{""edges"": [[0, 1], [1, 0], [1, 2], [2, 1], [2, 3], [3, 2], [3, 4], [4, 3], [4, 5], [5, 4], [5, 6], [6, 5], [6, 7], [7, 6]], ""seed"": 7, ""basis"": [""id"", ""rz"", ""sx"", ""x"", ""ecr""], ""nodes"": 8}",801945da6501ad7b48137221aea8d7e8e5603ff1e572732c6d3f24a3be410b79,"[0, 1, 3, 4, 6, 7]",,identity proxy before selection when layout is transpiler,b75cbf89649a5d40ee4400d372e6cf3e16e5c828229f394ddf0f65442c3f44a5_synthetic_line_8q_spread,teleport,47,v0.4.0,b75cbf89649a5d40ee4400d372e6cf3e16e5c828229f394ddf0f65442c3f44a5_synthetic_line_8q_spread_47,226,184,812,8.743936200000042e-05,-50,0.010738584998762235,True,,1.5625798761473085e-13,1e-10,logical Operator.equiv + routed zero/3 random states,"[1, 2, 3, 4, 5, 6]"
6,1.5,0.2,3,current,b75cbf89649a5d40ee4400d372e6cf3e16e5c828229f394ddf0f65442c3f44a5,3d69e26737c19bf3e2d6b9dda6f38e4ad0254fb23cf7fb6c99dd7280a09a7e63,703,510,427,276,31,1.7419354838709677,5,1.6666666666666667,2,1,8,8,2.0,4,2.2857142857142856,1.0,1.0,1,prospective,synthetic_ring_8q_transpiler,ring,transpiler,SYNTHETIC_TARGET,"{""edges"": [[0, 1], [0, 7], [1, 0], [1, 2], [2, 1], [2, 3], [3, 2], [3, 4], [4, 3], [4, 5], [5, 4], [5, 6], [6, 5], [6, 7], [7, 0], [7, 6]], ""seed"": 7, ""basis"": [""id"", ""rz"", ""sx"", ""x"", ""ecr""], ""nodes"": 8}",0153e862e72b462af51b55ef2b6c107f2f40d86c748b745e313c1ca148c454ca,null,,identity proxy before selection when layout is transpiler,b75cbf89649a5d40ee4400d372e6cf3e16e5c828229f394ddf0f65442c3f44a5_synthetic_ring_8q_transpiler,basic,11,v0.4.0,b75cbf89649a5d40ee4400d372e6cf3e16e5c828229f394ddf0f65442c3f44a5_synthetic_ring_8q_transpiler_11,182,146,643,5.927910600000009e-05,-58,0.009917541996401269,True,,1.151093065799472e-13,1e-10,logical Operator.equiv + routed zero/3 random states,"[3, 4, 5, 6, 7, 0]"
6,1.5,0.2,3,current,b75cbf89649a5d40ee4400d372e6cf3e16e5c828229f394ddf0f65442c3f44a5,3d69e26737c19bf3e2d6b9dda6f38e4ad0254fb23cf7fb6c99dd7280a09a7e63,703,510,427,276,31,1.7419354838709677,5,1.6666666666666667,2,1,8,8,2.0,4,2.2857142857142856,1.0,1.0,1,prospective,synthetic_ring_8q_transpiler,ring,transpiler,SYNTHETIC_TARGET,"{""edges"": [[0, 1], [0, 7], [1, 0], [1, 2], [2, 1], [2, 3], [3, 2], [3, 4], [4, 3], [4, 5], [5, 4], [5, 6], [6, 5], [6, 7], [7, 0], [7, 6]], ""seed"": 7, ""basis"": [""id"", ""rz"", ""sx"", ""x"", ""ecr""], ""nodes"": 8}",0153e862e72b462af51b55ef2b6c107f2f40d86c748b745e313c1ca148c454ca,null,,identity proxy before selection when layout is transpiler,b75cbf89649a5d40ee4400d372e6cf3e16e5c828229f394ddf0f65442c3f44a5_synthetic_ring_8q_transpiler,teleport,11,v0.4.0,b75cbf89649a5d40ee4400d372e6cf3e16e5c828229f394ddf0f65442c3f44a5_synthetic_ring_8q_transpiler_11,208,180,692,7.768135200000016e-05,-68,0.009766666000359692,True,,4.0686691817482594e-14,1e-10,logical Operator.equiv + routed zero/3 random states,"[3, 4, 5, 6, 7, 0]"
6,1.5,0.2,3,current,b75cbf89649a5d40ee4400d372e6cf3e16e5c828229f394ddf0f65442c3f44a5,3d69e26737c19bf3e2d6b9dda6f38e4ad0254fb23cf7fb6c99dd7280a09a7e63,703,510,427,276,31,1.7419354838709677,5,1.6666666666666667,2,1,8,8,2.0,4,2.2857142857142856,1.0,1.0,1,prospective,synthetic_ring_8q_transpiler,ring,transpiler,SYNTHETIC_TARGET,"{""edges"": [[0, 1], [0, 7], [1, 0], [1, 2], [2, 1], [2, 3], [3, 2], [3, 4], [4, 3], [4, 5], [5, 4], [5, 6], [6, 5], [6, 7], [7, 0], [7, 6]], ""seed"": 7, ""basis"": [""id"", ""rz"", ""sx"", ""x"", ""ecr""], ""nodes"": 8}",0153e862e72b462af51b55ef2b6c107f2f40d86c748b745e313c1ca148c454ca,null,,identity proxy before selection when layout is transpiler,b75cbf89649a5d40ee4400d372e6cf3e16e5c828229f394ddf0f65442c3f44a5_synthetic_ring_8q_transpiler,basic,19,v0.4.0,b75cbf89649a5d40ee4400d372e6cf3e16e5c828229f394ddf0f65442c3f44a5_synthetic_ring_8q_transpiler_19,182,146,724,7.516831200000005e-05,-58,0.009900135002681054,True,,4.820375630882031e-14,1e-10,logical Operator.equiv + routed zero/3 random states,"[6, 7, 0, 1, 2, 3]"
6,1.5,0.2,3,current,b75cbf89649a5d40ee4400d372e6cf3e16e5c828229f394ddf0f65442c3f44a5,3d69e26737c19bf3e2d6b9dda6f38e4ad0254fb23cf7fb6c99dd7280a09a7e63,703,510,427,276,31,1.7419354838709677,5,1.6666666666666667,2,1,8,8,2.0,4,2.2857142857142856,1.0,1.0,1,prospective,synthetic_ring_8q_transpiler,ring,transpiler,SYNTHETIC_TARGET,"{""edges"": [[0, 1], [0, 7], [1, 0], [1, 2], [2, 1], [2, 3], [3, 2], [3, 4], [4, 3], [4, 5], [5, 4], [5, 6], [6, 5], [6, 7], [7, 0], [7, 6]], ""seed"": 7, ""basis"": [""id"", ""rz"", ""sx"", ""x"", ""ecr""], ""nodes"": 8}",0153e862e72b462af51b55ef2b6c107f2f40d86c748b745e313c1ca148c454ca,null,,identity proxy before selection when layout is transpiler,b75cbf89649a5d40ee4400d372e6cf3e16e5c828229f394ddf0f65442c3f44a5_synthetic_ring_8q_transpiler,teleport,19,v0.4.0,b75cbf89649a5d40ee4400d372e6cf3e16e5c828229f394ddf0f65442c3f44a5_synthetic_ring_8q_transpiler_19,208,180,898,0.00010476402000000017,-68,0.009743169997818768,True,,1.5792024955689533e-13,1e-10,logical Operator.equiv + routed zero/3 random states,"[6, 7, 0, 1, 2, 3]"
6,1.5,0.2,3,current,b75cbf89649a5d40ee4400d372e6cf3e16e5c828229f394ddf0f65442c3f44a5,3d69e26737c19bf3e2d6b9dda6f38e4ad0254fb23cf7fb6c99dd7280a09a7e63,703,510,427,276,31,1.7419354838709677,5,1.6666666666666667,2,1,8,8,2.0,4,2.2857142857142856,1.0,1.0,1,prospective,synthetic_ring_8q_transpiler,ring,transpiler,SYNTHETIC_TARGET,"{""edges"": [[0, 1], [0, 7], [1, 0], [1, 2], [2, 1], [2, 3], [3, 2], [3, 4], [4, 3], [4, 5], [5, 4], [5, 6], [6, 5], [6, 7], [7, 0], [7, 6]], ""seed"": 7, ""basis"": [""id"", ""rz"", ""sx"", ""x"", ""ecr""], ""nodes"": 8}",0153e862e72b462af51b55ef2b6c107f2f40d86c748b745e313c1ca148c454ca,null,,identity proxy before selection when layout is transpiler,b75cbf89649a5d40ee4400d372e6cf3e16e5c828229f394ddf0f65442c3f44a5_synthetic_ring_8q_transpiler,basic,29,v0.4.0,b75cbf89649a5d40ee4400d372e6cf3e16e5c828229f394ddf0f65442c3f44a5_synthetic_ring_8q_transpiler_29,182,146,643,6.538011000000014e-05,-58,0.009791985998163,True,,1.1822573690805903e-13,1e-10,logical Operator.equiv + routed zero/3 random states,"[1, 2, 3, 4, 5, 6]"
6,1.5,0.2,3,current,b75cbf89649a5d40ee4400d372e6cf3e16e5c828229f394ddf0f65442c3f44a5,3d69e26737c19bf3e2d6b9dda6f38e4ad0254fb23cf7fb6c99dd7280a09a7e63,703,510,427,276,31,1.7419354838709677,5,1.6666666666666667,2,1,8,8,2.0,4,2.2857142857142856,1.0,1.0,1,prospective,synthetic_ring_8q_transpiler,ring,transpiler,SYNTHETIC_TARGET,"{""edges"": [[0, 1], [0, 7], [1, 0], [1, 2], [2, 1], [2, 3], [3, 2], [3, 4], [4, 3], [4, 5], [5, 4], [5, 6], [6, 5], [6, 7], [7, 0], [7, 6]], ""seed"": 7, ""basis"": [""id"", ""rz"", ""sx"", ""x"", ""ecr""], ""nodes"": 8}",0153e862e72b462af51b55ef2b6c107f2f40d86c748b745e313c1ca148c454ca,null,,identity proxy before selection when layout is transpiler,b75cbf89649a5d40ee4400d372e6cf3e16e5c828229f394ddf0f65442c3f44a5_synthetic_ring_8q_transpiler,teleport,29,v0.4.0,b75cbf89649a5d40ee4400d372e6cf3e16e5c828229f394ddf0f65442c3f44a5_synthetic_ring_8q_transpiler_29,208,180,799,8.438220000000041e-05,-68,0.009816620004130527,True,,1.5625149943075724e-13,1e-10,logical Operator.equiv + routed zero/3 random states,"[1, 2, 3, 4, 5, 6]"
6,1.5,0.2,3,current,b75cbf89649a5d40ee4400d372e6cf3e16e5c828229f394ddf0f65442c3f44a5,3d69e26737c19bf3e2d6b9dda6f38e4ad0254fb23cf7fb6c99dd7280a09a7e63,703,510,427,276,31,1.7419354838709677,5,1.6666666666666667,2,1,8,8,2.0,4,2.2857142857142856,1.0,1.0,1,prospective,synthetic_ring_8q_transpiler,ring,transpiler,SYNTHETIC_TARGET,"{""edges"": [[0, 1], [0, 7], [1, 0], [1, 2], [2, 1], [2, 3], [3, 2], [3, 4], [4, 3], [4, 5], [5, 4], [5, 6], [6, 5], [6, 7], [7, 0], [7, 6]], ""seed"": 7, ""basis"": [""id"", ""rz"", ""sx"", ""x"", ""ecr""], ""nodes"": 8}",0153e862e72b462af51b55ef2b6c107f2f40d86c748b745e313c1ca148c454ca,null,,identity proxy before selection when layout is transpiler,b75cbf89649a5d40ee4400d372e6cf3e16e5c828229f394ddf0f65442c3f44a5_synthetic_ring_8q_transpiler,basic,37,v0.4.0,b75cbf89649a5d40ee4400d372e6cf3e16e5c828229f394ddf0f65442c3f44a5_synthetic_ring_8q_transpiler_37,182,146,606,6.160344600000006e-05,-58,0.009428402998310048,True,,9.266520968978656e-14,1e-10,logical Operator.equiv + routed zero/3 random states,"[4, 5, 6, 7, 0, 1]"
6,1.5,0.2,3,current,b75cbf89649a5d40ee4400d372e6cf3e16e5c828229f394ddf0f65442c3f44a5,3d69e26737c19bf3e2d6b9dda6f38e4ad0254fb23cf7fb6c99dd7280a09a7e63,703,510,427,276,31,1.7419354838709677,5,1.6666666666666667,2,1,8,8,2.0,4,2.2857142857142856,1.0,1.0,1,prospective,synthetic_ring_8q_transpiler,ring,transpiler,SYNTHETIC_TARGET,"{""edges"": [[0, 1], [0, 7], [1, 0], [1, 2], [2, 1], [2, 3], [3, 2], [3, 4], [4, 3], [4, 5], [5, 4], [5, 6], [6, 5], [6, 7], [7, 0], [7, 6]], ""seed"": 7, ""basis"": [""id"", ""rz"", ""sx"", ""x"", ""ecr""], ""nodes"": 8}",0153e862e72b462af51b55ef2b6c107f2f40d86c748b745e313c1ca148c454ca,null,,identity proxy before selection when layout is transpiler,b75cbf89649a5d40ee4400d372e6cf3e16e5c828229f394ddf0f65442c3f44a5_synthetic_ring_8q_transpiler,teleport,37,v0.4.0,b75cbf89649a5d40ee4400d372e6cf3e16e5c828229f394ddf0f65442c3f44a5_synthetic_ring_8q_transpiler_37,208,180,732,7.266037800000014e-05,-68,0.00917815399589017,True,,6.174502912265492e-14,1e-10,logical Operator.equiv + routed zero/3 random states,"[4, 5, 6, 7, 0, 1]"
6,1.5,0.2,3,current,b75cbf89649a5d40ee4400d372e6cf3e16e5c828229f394ddf0f65442c3f44a5,3d69e26737c19bf3e2d6b9dda6f38e4ad0254fb23cf7fb6c99dd7280a09a7e63,703,510,427,276,31,1.7419354838709677,5,1.6666666666666667,2,1,8,8,2.0,4,2.2857142857142856,1.0,1.0,1,prospective,synthetic_ring_8q_transpiler,ring,transpiler,SYNTHETIC_TARGET,"{""edges"": [[0, 1], [0, 7], [1, 0], [1, 2], [2, 1], [2, 3], [3, 2], [3, 4], [4, 3], [4, 5], [5, 4], [5, 6], [6, 5], [6, 7], [7, 0], [7, 6]], ""seed"": 7, ""basis"": [""id"", ""rz"", ""sx"", ""x"", ""ecr""], ""nodes"": 8}",0153e862e72b462af51b55ef2b6c107f2f40d86c748b745e313c1ca148c454ca,null,,identity proxy before selection when layout is transpiler,b75cbf89649a5d40ee4400d372e6cf3e16e5c828229f394ddf0f65442c3f44a5_synthetic_ring_8q_transpiler,basic,47,v0.4.0,b75cbf89649a5d40ee4400d372e6cf3e16e5c828229f394ddf0f65442c3f44a5_synthetic_ring_8q_transpiler_47,182,146,621,5.2548288000000014e-05,-58,0.008848580997437239,True,,8.232804857929502e-14,1e-10,logical Operator.equiv + routed zero/3 random states,"[2, 1, 0, 7, 6, 5]"
6,1.5,0.2,3,current,b75cbf89649a5d40ee4400d372e6cf3e16e5c828229f394ddf0f65442c3f44a5,3d69e26737c19bf3e2d6b9dda6f38e4ad0254fb23cf7fb6c99dd7280a09a7e63,703,510,427,276,31,1.7419354838709677,5,1.6666666666666667,2,1,8,8,2.0,4,2.2857142857142856,1.0,1.0,1,prospective,synthetic_ring_8q_transpiler,ring,transpiler,SYNTHETIC_TARGET,"{""edges"": [[0, 1], [0, 7], [1, 0], [1, 2], [2, 1], [2, 3], [3, 2], [3, 4], [4, 3], [4, 5], [5, 4], [5, 6], [6, 5], [6, 7], [7, 0], [7, 6]], ""seed"": 7, ""basis"": [""id"", ""rz"", ""sx"", ""x"", ""ecr""], ""nodes"": 8}",0153e862e72b462af51b55ef2b6c107f2f40d86c748b745e313c1ca148c454ca,null,,identity proxy before selection when layout is transpiler,b75cbf89649a5d40ee4400d372e6cf3e16e5c828229f394ddf0f65442c3f44a5_synthetic_ring_8q_transpiler,teleport,47,v0.4.0,b75cbf89649a5d40ee4400d372e6cf3e16e5c828229f394ddf0f65442c3f44a5_synthetic_ring_8q_transpiler_47,208,180,622,6.22794360000001e-05,-68,0.009933968001860194,True,,3.302459746704532e-14,1e-10,logical Operator.equiv + routed zero/3 random states,"[2, 1, 0, 7, 6, 5]"
6,1.5,0.2,3,current,b75cbf89649a5d40ee4400d372e6cf3e16e5c828229f394ddf0f65442c3f44a5,3d69e26737c19bf3e2d6b9dda6f38e4ad0254fb23cf7fb6c99dd7280a09a7e63,703,510,427,276,31,1.7419354838709677,5,1.6666666666666667,2,1,8,10,2.5,4,2.0,1.6521739130434783,4.0,1,prospective,synthetic_grid_8q_transpiler,grid,transpiler,SYNTHETIC_TARGET,"{""edges"": [[0, 1], [0, 4], [1, 0], [1, 2], [1, 5], [2, 1], [2, 3], [2, 6], [3, 2], [3, 7], [4, 0], [4, 5], [5, 1], [5, 4], [5, 6], [6, 2], [6, 5], [6, 7], [7, 3], [7, 6]], ""seed"": 7, ""basis"": [""id"", ""rz"", ""sx"", ""x"", ""ecr""], ""nodes"": 8}",1c54af58f98ce04f3c64adbffe8dbe5ec26492bca016b2595a08e9c2b5021db4,null,,identity proxy before selection when layout is transpiler,b75cbf89649a5d40ee4400d372e6cf3e16e5c828229f394ddf0f65442c3f44a5_synthetic_grid_8q_transpiler,basic,11,v0.4.0,b75cbf89649a5d40ee4400d372e6cf3e16e5c828229f394ddf0f65442c3f44a5_synthetic_grid_8q_transpiler_11,182,146,600,6.556548000000011e-05,-58,0.009537500998703763,True,,8.124294162811151e-14,1e-10,logical Operator.equiv + routed zero/3 random states,"[1, 5, 6, 7, 3, 2]"
6,1.5,0.2,3,current,b75cbf89649a5d40ee4400d372e6cf3e16e5c828229f394ddf0f65442c3f44a5,3d69e26737c19bf3e2d6b9dda6f38e4ad0254fb23cf7fb6c99dd7280a09a7e63,703,510,427,276,31,1.7419354838709677,5,1.6666666666666667,2,1,8,10,2.5,4,2.0,1.6521739130434783,4.0,1,prospective,synthetic_grid_8q_transpiler,grid,transpiler,SYNTHETIC_TARGET,"{""edges"": [[0, 1], [0, 4], [1, 0], [1, 2], [1, 5], [2, 1], [2, 3], [2, 6], [3, 2], [3, 7], [4, 0], [4, 5], [5, 1], [5, 4], [5, 6], [6, 2], [6, 5], [6, 7], [7, 3], [7, 6]], ""seed"": 7, ""basis"": [""id"", ""rz"", ""sx"", ""x"", ""ecr""], ""nodes"": 8}",1c54af58f98ce04f3c64adbffe8dbe5ec26492bca016b2595a08e9c2b5021db4,null,,identity proxy before selection when layout is transpiler,b75cbf89649a5d40ee4400d372e6cf3e16e5c828229f394ddf0f65442c3f44a5_synthetic_grid_8q_transpiler,teleport,11,v0.4.0,b75cbf89649a5d40ee4400d372e6cf3e16e5c828229f394ddf0f65442c3f44a5_synthetic_grid_8q_transpiler_11,208,180,607,8.452605600000007e-05,-68,0.011481822999485303,True,,3.392750159806614e-14,1e-10,logical Operator.equiv + routed zero/3 random states,"[1, 5, 6, 7, 3, 2]"
6,1.5,0.2,3,current,b75cbf89649a5d40ee4400d372e6cf3e16e5c828229f394ddf0f65442c3f44a5,3d69e26737c19bf3e2d6b9dda6f38e4ad0254fb23cf7fb6c99dd7280a09a7e63,703,510,427,276,31,1.7419354838709677,5,1.6666666666666667,2,1,8,10,2.5,4,2.0,1.6521739130434783,4.0,1,prospective,synthetic_grid_8q_transpiler,grid,transpiler,SYNTHETIC_TARGET,"{""edges"": [[0, 1], [0, 4], [1, 0], [1, 2], [1, 5], [2, 1], [2, 3], [2, 6], [3, 2], [3, 7], [4, 0], [4, 5], [5, 1], [5, 4], [5, 6], [6, 2], [6, 5], [6, 7], [7, 3], [7, 6]], ""seed"": 7, ""basis"": [""id"", ""rz"", ""sx"", ""x"", ""ecr""], ""nodes"": 8}",1c54af58f98ce04f3c64adbffe8dbe5ec26492bca016b2595a08e9c2b5021db4,null,,identity proxy before selection when layout is transpiler,b75cbf89649a5d40ee4400d372e6cf3e16e5c828229f394ddf0f65442c3f44a5_synthetic_grid_8q_transpiler,basic,19,v0.4.0,b75cbf89649a5d40ee4400d372e6cf3e16e5c828229f394ddf0f65442c3f44a5_synthetic_grid_8q_transpiler_19,182,146,615,5.865040200000009e-05,-58,0.009588860993972048,True,,3.219847753790929e-14,1e-10,logical Operator.equiv + routed zero/3 random states,"[6, 7, 3, 2, 1, 0]"
6,1.5,0.2,3,current,b75cbf89649a5d40ee4400d372e6cf3e16e5c828229f394ddf0f65442c3f44a5,3d69e26737c19bf3e2d6b9dda6f38e4ad0254fb23cf7fb6c99dd7280a09a7e63,703,510,427,276,31,1.7419354838709677,5,1.6666666666666667,2,1,8,10,2.5,4,2.0,1.6521739130434783,4.0,1,prospective,synthetic_grid_8q_transpiler,grid,transpiler,SYNTHETIC_TARGET,"{""edges"": [[0, 1], [0, 4], [1, 0], [1, 2], [1, 5], [2, 1], [2, 3], [2, 6], [3, 2], [3, 7], [4, 0], [4, 5], [5, 1], [5, 4], [5, 6], [6, 2], [6, 5], [6, 7], [7, 3], [7, 6]], ""seed"": 7, ""basis"": [""id"", ""rz"", ""sx"", ""x"", ""ecr""], ""nodes"": 8}",1c54af58f98ce04f3c64adbffe8dbe5ec26492bca016b2595a08e9c2b5021db4,null,,identity proxy before selection when layout is transpiler,b75cbf89649a5d40ee4400d372e6cf3e16e5c828229f394ddf0f65442c3f44a5_synthetic_grid_8q_transpiler,teleport,19,v0.4.0,b75cbf89649a5d40ee4400d372e6cf3e16e5c828229f394ddf0f65442c3f44a5_synthetic_grid_8q_transpiler_19,208,180,598,6.630252000000011e-05,-68,0.010052293997432571,True,,2.7751557705241235e-14,1e-10,logical Operator.equiv + routed zero/3 random states,"[6, 7, 3, 2, 1, 0]"
6,1.5,0.2,3,current,b75cbf89649a5d40ee4400d372e6cf3e16e5c828229f394ddf0f65442c3f44a5,3d69e26737c19bf3e2d6b9dda6f38e4ad0254fb23cf7fb6c99dd7280a09a7e63,703,510,427,276,31,1.7419354838709677,5,1.6666666666666667,2,1,8,10,2.5,4,2.0,1.6521739130434783,4.0,1,prospective,synthetic_grid_8q_transpiler,grid,transpiler,SYNTHETIC_TARGET,"{""edges"": [[0, 1], [0, 4], [1, 0], [1, 2], [1, 5], [2, 1], [2, 3], [2, 6], [3, 2], [3, 7], [4, 0], [4, 5], [5, 1], [5, 4], [5, 6], [6, 2], [6, 5], [6, 7], [7, 3], [7, 6]], ""seed"": 7, ""basis"": [""id"", ""rz"", ""sx"", ""x"", ""ecr""], ""nodes"": 8}",1c54af58f98ce04f3c64adbffe8dbe5ec26492bca016b2595a08e9c2b5021db4,null,,identity proxy before selection when layout is transpiler,b75cbf89649a5d40ee4400d372e6cf3e16e5c828229f394ddf0f65442c3f44a5_synthetic_grid_8q_transpiler,basic,29,v0.4.0,b75cbf89649a5d40ee4400d372e6cf3e16e5c828229f394ddf0f65442c3f44a5_synthetic_grid_8q_transpiler_29,182,146,640,8.048765400000022e-05,-58,0.009889162000035867,True,,7.440862562261177e-14,1e-10,logical Operator.equiv + routed zero/3 random states,"[7, 6, 5, 1, 2, 3]"
6,1.5,0.2,3,current,b75cbf89649a5d40ee4400d372e6cf3e16e5c828229f394ddf0f65442c3f44a5,3d69e26737c19bf3e2d6b9dda6f38e4ad0254fb23cf7fb6c99dd7280a09a7e63,703,510,427,276,31,1.7419354838709677,5,1.6666666666666667,2,1,8,10,2.5,4,2.0,1.6521739130434783,4.0,1,prospective,synthetic_grid_8q_transpiler,grid,transpiler,SYNTHETIC_TARGET,"{""edges"": [[0, 1], [0, 4], [1, 0], [1, 2], [1, 5], [2, 1], [2, 3], [2, 6], [3, 2], [3, 7], [4, 0], [4, 5], [5, 1], [5, 4], [5, 6], [6, 2], [6, 5], [6, 7], [7, 3], [7, 6]], ""seed"": 7, ""basis"": [""id"", ""rz"", ""sx"", ""x"", ""ecr""], ""nodes"": 8}",1c54af58f98ce04f3c64adbffe8dbe5ec26492bca016b2595a08e9c2b5021db4,null,,identity proxy before selection when layout is transpiler,b75cbf89649a5d40ee4400d372e6cf3e16e5c828229f394ddf0f65442c3f44a5_synthetic_grid_8q_transpiler,teleport,29,v0.4.0,b75cbf89649a5d40ee4400d372e6cf3e16e5c828229f394ddf0f65442c3f44a5_synthetic_grid_8q_transpiler_29,208,180,767,0.00010343068800000052,-68,0.008739674005482811,True,,6.631685282703339e-14,1e-10,logical Operator.equiv + routed zero/3 random states,"[7, 6, 5, 1, 2, 3]"
6,1.5,0.2,3,current,b75cbf89649a5d40ee4400d372e6cf3e16e5c828229f394ddf0f65442c3f44a5,3d69e26737c19bf3e2d6b9dda6f38e4ad0254fb23cf7fb6c99dd7280a09a7e63,703,510,427,276,31,1.7419354838709677,5,1.6666666666666667,2,1,8,10,2.5,4,2.0,1.6521739130434783,4.0,1,prospective,synthetic_grid_8q_transpiler,grid,transpiler,SYNTHETIC_TARGET,"{""edges"": [[0, 1], [0, 4], [1, 0], [1, 2], [1, 5], [2, 1], [2, 3], [2, 6], [3, 2], [3, 7], [4, 0], [4, 5], [5, 1], [5, 4], [5, 6], [6, 2], [6, 5], [6, 7], [7, 3], [7, 6]], ""seed"": 7, ""basis"": [""id"", ""rz"", ""sx"", ""x"", ""ecr""], ""nodes"": 8}",1c54af58f98ce04f3c64adbffe8dbe5ec26492bca016b2595a08e9c2b5021db4,null,,identity proxy before selection when layout is transpiler,b75cbf89649a5d40ee4400d372e6cf3e16e5c828229f394ddf0f65442c3f44a5_synthetic_grid_8q_transpiler,basic,37,v0.4.0,b75cbf89649a5d40ee4400d372e6cf3e16e5c828229f394ddf0f65442c3f44a5_synthetic_grid_8q_transpiler_37,182,146,612,6.229808400000008e-05,-58,0.00888439499976812,True,,3.602336911556669e-14,1e-10,logical Operator.equiv + routed zero/3 random states,"[1, 5, 6, 2, 3, 7]"
6,1.5,0.2,3,current,b75cbf89649a5d40ee4400d372e6cf3e16e5c828229f394ddf0f65442c3f44a5,3d69e26737c19bf3e2d6b9dda6f38e4ad0254fb23cf7fb6c99dd7280a09a7e63,703,510,427,276,31,1.7419354838709677,5,1.6666666666666667,2,1,8,10,2.5,4,2.0,1.6521739130434783,4.0,1,prospective,synthetic_grid_8q_transpiler,grid,transpiler,SYNTHETIC_TARGET,"{""edges"": [[0, 1], [0, 4], [1, 0], [1, 2], [1, 5], [2, 1], [2, 3], [2, 6], [3, 2], [3, 7], [4, 0], [4, 5], [5, 1], [5, 4], [5, 6], [6, 2], [6, 5], [6, 7], [7, 3], [7, 6]], ""seed"": 7, ""basis"": [""id"", ""rz"", ""sx"", ""x"", ""ecr""], ""nodes"": 8}",1c54af58f98ce04f3c64adbffe8dbe5ec26492bca016b2595a08e9c2b5021db4,null,,identity proxy before selection when layout is transpiler,b75cbf89649a5d40ee4400d372e6cf3e16e5c828229f394ddf0f65442c3f44a5_synthetic_grid_8q_transpiler,teleport,37,v0.4.0,b75cbf89649a5d40ee4400d372e6cf3e16e5c828229f394ddf0f65442c3f44a5_synthetic_grid_8q_transpiler_37,208,180,613,8.18795939999999e-05,-68,0.009771046999958344,True,,2.70396613975962e-14,1e-10,logical Operator.equiv + routed zero/3 random states,"[1, 5, 6, 2, 3, 7]"
6,1.5,0.2,3,current,b75cbf89649a5d40ee4400d372e6cf3e16e5c828229f394ddf0f65442c3f44a5,3d69e26737c19bf3e2d6b9dda6f38e4ad0254fb23cf7fb6c99dd7280a09a7e63,703,510,427,276,31,1.7419354838709677,5,1.6666666666666667,2,1,8,10,2.5,4,2.0,1.6521739130434783,4.0,1,prospective,synthetic_grid_8q_transpiler,grid,transpiler,SYNTHETIC_TARGET,"{""edges"": [[0, 1], [0, 4], [1, 0], [1, 2], [1, 5], [2, 1], [2, 3], [2, 6], [3, 2], [3, 7], [4, 0], [4, 5], [5, 1], [5, 4], [5, 6], [6, 2], [6, 5], [6, 7], [7, 3], [7, 6]], ""seed"": 7, ""basis"": [""id"", ""rz"", ""sx"", ""x"", ""ecr""], ""nodes"": 8}",1c54af58f98ce04f3c64adbffe8dbe5ec26492bca016b2595a08e9c2b5021db4,null,,identity proxy before selection when layout is transpiler,b75cbf89649a5d40ee4400d372e6cf3e16e5c828229f394ddf0f65442c3f44a5_synthetic_grid_8q_transpiler,basic,47,v0.4.0,b75cbf89649a5d40ee4400d372e6cf3e16e5c828229f394ddf0f65442c3f44a5_synthetic_grid_8q_transpiler_47,182,146,610,5.550066600000009e-05,-58,0.008941760002926458,True,,1.0710419181948403e-13,1e-10,logical Operator.equiv + routed zero/3 random states,"[7, 6, 2, 1, 5, 4]"
6,1.5,0.2,3,current,b75cbf89649a5d40ee4400d372e6cf3e16e5c828229f394ddf0f65442c3f44a5,3d69e26737c19bf3e2d6b9dda6f38e4ad0254fb23cf7fb6c99dd7280a09a7e63,703,510,427,276,31,1.7419354838709677,5,1.6666666666666667,2,1,8,10,2.5,4,2.0,1.6521739130434783,4.0,1,prospective,synthetic_grid_8q_transpiler,grid,transpiler,SYNTHETIC_TARGET,"{""edges"": [[0, 1], [0, 4], [1, 0], [1, 2], [1, 5], [2, 1], [2, 3], [2, 6], [3, 2], [3, 7], [4, 0], [4, 5], [5, 1], [5, 4], [5, 6], [6, 2], [6, 5], [6, 7], [7, 3], [7, 6]], ""seed"": 7, ""basis"": [""id"", ""rz"", ""sx"", ""x"", ""ecr""], ""nodes"": 8}",1c54af58f98ce04f3c64adbffe8dbe5ec26492bca016b2595a08e9c2b5021db4,null,,identity proxy before selection when layout is transpiler,b75cbf89649a5d40ee4400d372e6cf3e16e5c828229f394ddf0f65442c3f44a5_synthetic_grid_8q_transpiler,teleport,47,v0.4.0,b75cbf89649a5d40ee4400d372e6cf3e16e5c828229f394ddf0f65442c3f44a5_synthetic_grid_8q_transpiler_47,208,180,641,6.564273600000002e-05,-68,0.009276898999814875,True,,2.7274033714452212e-14,1e-10,logical Operator.equiv + routed zero/3 random states,"[7, 6, 2, 1, 5, 4]"
6,1.5,0.2,3,current,b75cbf89649a5d40ee4400d372e6cf3e16e5c828229f394ddf0f65442c3f44a5,3d69e26737c19bf3e2d6b9dda6f38e4ad0254fb23cf7fb6c99dd7280a09a7e63,703,510,427,276,31,1.7419354838709677,5,1.6666666666666667,2,1,8,9,2.25,5,2.2857142857142856,1.0,1.0,1,prospective,synthetic_heavy_hex_like_8q_transpiler,heavy_hex_like,transpiler,SYNTHETIC_TARGET,"{""edges"": [[0, 1], [0, 3], [1, 0], [1, 2], [2, 1], [2, 3], [3, 0], [3, 2], [3, 4], [4, 3], [4, 5], [4, 7], [5, 4], [5, 6], [6, 5], [6, 7], [7, 4], [7, 6]], ""seed"": 7, ""basis"": [""id"", ""rz"", ""sx"", ""x"", ""ecr""], ""nodes"": 8}",f911f56297274ab5855fabda92273b130893a8a55e6a11c5c1f619fbe1db12bc,null,,identity proxy before selection when layout is transpiler,b75cbf89649a5d40ee4400d372e6cf3e16e5c828229f394ddf0f65442c3f44a5_synthetic_heavy_hex_like_8q_transpiler,basic,11,v0.4.0,b75cbf89649a5d40ee4400d372e6cf3e16e5c828229f394ddf0f65442c3f44a5_synthetic_heavy_hex_like_8q_transpiler_11,182,146,649,4.086820200000009e-05,-58,0.011322725003992673,True,,8.507956846327786e-14,1e-10,logical Operator.equiv + routed zero/3 random states,"[6, 5, 4, 3, 2, 1]"
6,1.5,0.2,3,current,b75cbf89649a5d40ee4400d372e6cf3e16e5c828229f394ddf0f65442c3f44a5,3d69e26737c19bf3e2d6b9dda6f38e4ad0254fb23cf7fb6c99dd7280a09a7e63,703,510,427,276,31,1.7419354838709677,5,1.6666666666666667,2,1,8,9,2.25,5,2.2857142857142856,1.0,1.0,1,prospective,synthetic_heavy_hex_like_8q_transpiler,heavy_hex_like,transpiler,SYNTHETIC_TARGET,"{""edges"": [[0, 1], [0, 3], [1, 0], [1, 2], [2, 1], [2, 3], [3, 0], [3, 2], [3, 4], [4, 3], [4, 5], [4, 7], [5, 4], [5, 6], [6, 5], [6, 7], [7, 4], [7, 6]], ""seed"": 7, ""basis"": [""id"", ""rz"", ""sx"", ""x"", ""ecr""], ""nodes"": 8}",f911f56297274ab5855fabda92273b130893a8a55e6a11c5c1f619fbe1db12bc,null,,identity proxy before selection when layout is transpiler,b75cbf89649a5d40ee4400d372e6cf3e16e5c828229f394ddf0f65442c3f44a5_synthetic_heavy_hex_like_8q_transpiler,teleport,11,v0.4.0,b75cbf89649a5d40ee4400d372e6cf3e16e5c828229f394ddf0f65442c3f44a5_synthetic_heavy_hex_like_8q_transpiler_11,208,180,807,4.172179200000006e-05,-68,0.010266210003464948,True,,1.0133058615570892e-13,1e-10,logical Operator.equiv + routed zero/3 random states,"[7, 6, 5, 4, 3, 2]"
6,1.5,0.2,3,current,b75cbf89649a5d40ee4400d372e6cf3e16e5c828229f394ddf0f65442c3f44a5,3d69e26737c19bf3e2d6b9dda6f38e4ad0254fb23cf7fb6c99dd7280a09a7e63,703,510,427,276,31,1.7419354838709677,5,1.6666666666666667,2,1,8,9,2.25,5,2.2857142857142856,1.0,1.0,1,prospective,synthetic_heavy_hex_like_8q_transpiler,heavy_hex_like,transpiler,SYNTHETIC_TARGET,"{""edges"": [[0, 1], [0, 3], [1, 0], [1, 2], [2, 1], [2, 3], [3, 0], [3, 2], [3, 4], [4, 3], [4, 5], [4, 7], [5, 4], [5, 6], [6, 5], [6, 7], [7, 4], [7, 6]], ""seed"": 7, ""basis"": [""id"", ""rz"", ""sx"", ""x"", ""ecr""], ""nodes"": 8}",f911f56297274ab5855fabda92273b130893a8a55e6a11c5c1f619fbe1db12bc,null,,identity proxy before selection when layout is transpiler,b75cbf89649a5d40ee4400d372e6cf3e16e5c828229f394ddf0f65442c3f44a5_synthetic_heavy_hex_like_8q_transpiler,basic,19,v0.4.0,b75cbf89649a5d40ee4400d372e6cf3e16e5c828229f394ddf0f65442c3f44a5_synthetic_heavy_hex_like_8q_transpiler_19,182,146,684,4.087841400000004e-05,-58,0.011095900001237169,True,,1.2571986631245284e-13,1e-10,logical Operator.equiv + routed zero/3 random states,"[0, 3, 4, 5, 6, 7]"
6,1.5,0.2,3,current,b75cbf89649a5d40ee4400d372e6cf3e16e5c828229f394ddf0f65442c3f44a5,3d69e26737c19bf3e2d6b9dda6f38e4ad0254fb23cf7fb6c99dd7280a09a7e63,703,510,427,276,31,1.7419354838709677,5,1.6666666666666667,2,1,8,9,2.25,5,2.2857142857142856,1.0,1.0,1,prospective,synthetic_heavy_hex_like_8q_transpiler,heavy_hex_like,transpiler,SYNTHETIC_TARGET,"{""edges"": [[0, 1], [0, 3], [1, 0], [1, 2], [2, 1], [2, 3], [3, 0], [3, 2], [3, 4], [4, 3], [4, 5], [4, 7], [5, 4], [5, 6], [6, 5], [6, 7], [7, 4], [7, 6]], ""seed"": 7, ""basis"": [""id"", ""rz"", ""sx"", ""x"", ""ecr""], ""nodes"": 8}",f911f56297274ab5855fabda92273b130893a8a55e6a11c5c1f619fbe1db12bc,null,,identity proxy before selection when layout is transpiler,b75cbf89649a5d40ee4400d372e6cf3e16e5c828229f394ddf0f65442c3f44a5_synthetic_heavy_hex_like_8q_transpiler,teleport,19,v0.4.0,b75cbf89649a5d40ee4400d372e6cf3e16e5c828229f394ddf0f65442c3f44a5_synthetic_heavy_hex_like_8q_transpiler_19,208,180,774,5.179659600000002e-05,-68,0.010722072001954075,True,,1.6027610888871135e-13,1e-10,logical Operator.equiv + routed zero/3 random states,"[0, 3, 4, 5, 6, 7]"
6,1.5,0.2,3,current,b75cbf89649a5d40ee4400d372e6cf3e16e5c828229f394ddf0f65442c3f44a5,3d69e26737c19bf3e2d6b9dda6f38e4ad0254fb23cf7fb6c99dd7280a09a7e63,703,510,427,276,31,1.7419354838709677,5,1.6666666666666667,2,1,8,9,2.25,5,2.2857142857142856,1.0,1.0,1,prospective,synthetic_heavy_hex_like_8q_transpiler,heavy_hex_like,transpiler,SYNTHETIC_TARGET,"{""edges"": [[0, 1], [0, 3], [1, 0], [1, 2], [2, 1], [2, 3], [3, 0], [3, 2], [3, 4], [4, 3], [4, 5], [4, 7], [5, 4], [5, 6], [6, 5], [6, 7], [7, 4], [7, 6]], ""seed"": 7, ""basis"": [""id"", ""rz"", ""sx"", ""x"", ""ecr""], ""nodes"": 8}",f911f56297274ab5855fabda92273b130893a8a55e6a11c5c1f619fbe1db12bc,null,,identity proxy before selection when layout is transpiler,b75cbf89649a5d40ee4400d372e6cf3e16e5c828229f394ddf0f65442c3f44a5_synthetic_heavy_hex_like_8q_transpiler,basic,29,v0.4.0,b75cbf89649a5d40ee4400d372e6cf3e16e5c828229f394ddf0f65442c3f44a5_synthetic_heavy_hex_like_8q_transpiler_29,182,146,633,6.836800800000025e-05,-58,0.015187648001301568,True,,1.0301703991777423e-13,1e-10,logical Operator.equiv + routed zero/3 random states,"[1, 2, 3, 4, 7, 6]"
6,1.5,0.2,3,current,b75cbf89649a5d40ee4400d372e6cf3e16e5c828229f394ddf0f65442c3f44a5,3d69e26737c19bf3e2d6b9dda6f38e4ad0254fb23cf7fb6c99dd7280a09a7e63,703,510,427,276,31,1.7419354838709677,5,1.6666666666666667,2,1,8,9,2.25,5,2.2857142857142856,1.0,1.0,1,prospective,synthetic_heavy_hex_like_8q_transpiler,heavy_hex_like,transpiler,SYNTHETIC_TARGET,"{""edges"": [[0, 1], [0, 3], [1, 0], [1, 2], [2, 1], [2, 3], [3, 0], [3, 2], [3, 4], [4, 3], [4, 5], [4, 7], [5, 4], [5, 6], [6, 5], [6, 7], [7, 4], [7, 6]], ""seed"": 7, ""basis"": [""id"", ""rz"", ""sx"", ""x"", ""ecr""], ""nodes"": 8}",f911f56297274ab5855fabda92273b130893a8a55e6a11c5c1f619fbe1db12bc,null,,identity proxy before selection when layout is transpiler,b75cbf89649a5d40ee4400d372e6cf3e16e5c828229f394ddf0f65442c3f44a5_synthetic_heavy_hex_like_8q_transpiler,teleport,29,v0.4.0,b75cbf89649a5d40ee4400d372e6cf3e16e5c828229f394ddf0f65442c3f44a5_synthetic_heavy_hex_like_8q_transpiler_29,208,180,680,8.85651240000001e-05,-68,0.01064792900433531,True,,4.455069913112849e-14,1e-10,logical Operator.equiv + routed zero/3 random states,"[5, 6, 7, 4, 3, 2]"
6,1.5,0.2,3,current,b75cbf89649a5d40ee4400d372e6cf3e16e5c828229f394ddf0f65442c3f44a5,3d69e26737c19bf3e2d6b9dda6f38e4ad0254fb23cf7fb6c99dd7280a09a7e63,703,510,427,276,31,1.7419354838709677,5,1.6666666666666667,2,1,8,9,2.25,5,2.2857142857142856,1.0,1.0,1,prospective,synthetic_heavy_hex_like_8q_transpiler,heavy_hex_like,transpiler,SYNTHETIC_TARGET,"{""edges"": [[0, 1], [0, 3], [1, 0], [1, 2], [2, 1], [2, 3], [3, 0], [3, 2], [3, 4], [4, 3], [4, 5], [4, 7], [5, 4], [5, 6], [6, 5], [6, 7], [7, 4], [7, 6]], ""seed"": 7, ""basis"": [""id"", ""rz"", ""sx"", ""x"", ""ecr""], ""nodes"": 8}",f911f56297274ab5855fabda92273b130893a8a55e6a11c5c1f619fbe1db12bc,null,,identity proxy before selection when layout is transpiler,b75cbf89649a5d40ee4400d372e6cf3e16e5c828229f394ddf0f65442c3f44a5_synthetic_heavy_hex_like_8q_transpiler,basic,37,v0.4.0,b75cbf89649a5d40ee4400d372e6cf3e16e5c828229f394ddf0f65442c3f44a5_synthetic_heavy_hex_like_8q_transpiler_37,182,146,740,4.00916460000001e-05,-58,0.013042186001257505,True,,1.0884640225062953e-13,1e-10,logical Operator.equiv + routed zero/3 random states,"[7, 6, 5, 4, 3, 2]"
6,1.5,0.2,3,current,b75cbf89649a5d40ee4400d372e6cf3e16e5c828229f394ddf0f65442c3f44a5,3d69e26737c19bf3e2d6b9dda6f38e4ad0254fb23cf7fb6c99dd7280a09a7e63,703,510,427,276,31,1.7419354838709677,5,1.6666666666666667,2,1,8,9,2.25,5,2.2857142857142856,1.0,1.0,1,prospective,synthetic_heavy_hex_like_8q_transpiler,heavy_hex_like,transpiler,SYNTHETIC_TARGET,"{""edges"": [[0, 1], [0, 3], [1, 0], [1, 2], [2, 1], [2, 3], [3, 0], [3, 2], [3, 4], [4, 3], [4, 5], [4, 7], [5, 4], [5, 6], [6, 5], [6, 7], [7, 4], [7, 6]], ""seed"": 7, ""basis"": [""id"", ""rz"", ""sx"", ""x"", ""ecr""], ""nodes"": 8}",f911f56297274ab5855fabda92273b130893a8a55e6a11c5c1f619fbe1db12bc,null,,identity proxy before selection when layout is transpiler,b75cbf89649a5d40ee4400d372e6cf3e16e5c828229f394ddf0f65442c3f44a5_synthetic_heavy_hex_like_8q_transpiler,teleport,37,v0.4.0,b75cbf89649a5d40ee4400d372e6cf3e16e5c828229f394ddf0f65442c3f44a5_synthetic_heavy_hex_like_8q_transpiler_37,208,180,807,4.172179200000006e-05,-68,0.010787229999550618,True,,1.0133058615570892e-13,1e-10,logical Operator.equiv + routed zero/3 random states,"[7, 6, 5, 4, 3, 2]"
6,1.5,0.2,3,current,b75cbf89649a5d40ee4400d372e6cf3e16e5c828229f394ddf0f65442c3f44a5,3d69e26737c19bf3e2d6b9dda6f38e4ad0254fb23cf7fb6c99dd7280a09a7e63,703,510,427,276,31,1.7419354838709677,5,1.6666666666666667,2,1,8,9,2.25,5,2.2857142857142856,1.0,1.0,1,prospective,synthetic_heavy_hex_like_8q_transpiler,heavy_hex_like,transpiler,SYNTHETIC_TARGET,"{""edges"": [[0, 1], [0, 3], [1, 0], [1, 2], [2, 1], [2, 3], [3, 0], [3, 2], [3, 4], [4, 3], [4, 5], [4, 7], [5, 4], [5, 6], [6, 5], [6, 7], [7, 4], [7, 6]], ""seed"": 7, ""basis"": [""id"", ""rz"", ""sx"", ""x"", ""ecr""], ""nodes"": 8}",f911f56297274ab5855fabda92273b130893a8a55e6a11c5c1f619fbe1db12bc,null,,identity proxy before selection when layout is transpiler,b75cbf89649a5d40ee4400d372e6cf3e16e5c828229f394ddf0f65442c3f44a5_synthetic_heavy_hex_like_8q_transpiler,basic,47,v0.4.0,b75cbf89649a5d40ee4400d372e6cf3e16e5c828229f394ddf0f65442c3f44a5_synthetic_heavy_hex_like_8q_transpiler_47,182,146,651,7.089969600000017e-05,-58,0.009579591001966037,True,,9.224768203361943e-14,1e-10,logical Operator.equiv + routed zero/3 random states,"[6, 7, 4, 3, 2, 1]"
6,1.5,0.2,3,current,b75cbf89649a5d40ee4400d372e6cf3e16e5c828229f394ddf0f65442c3f44a5,3d69e26737c19bf3e2d6b9dda6f38e4ad0254fb23cf7fb6c99dd7280a09a7e63,703,510,427,276,31,1.7419354838709677,5,1.6666666666666667,2,1,8,9,2.25,5,2.2857142857142856,1.0,1.0,1,prospective,synthetic_heavy_hex_like_8q_transpiler,heavy_hex_like,transpiler,SYNTHETIC_TARGET,"{""edges"": [[0, 1], [0, 3], [1, 0], [1, 2], [2, 1], [2, 3], [3, 0], [3, 2], [3, 4], [4, 3], [4, 5], [4, 7], [5, 4], [5, 6], [6, 5], [6, 7], [7, 4], [7, 6]], ""seed"": 7, ""basis"": [""id"", ""rz"", ""sx"", ""x"", ""ecr""], ""nodes"": 8}",f911f56297274ab5855fabda92273b130893a8a55e6a11c5c1f619fbe1db12bc,null,,identity proxy before selection when layout is transpiler,b75cbf89649a5d40ee4400d372e6cf3e16e5c828229f394ddf0f65442c3f44a5_synthetic_heavy_hex_like_8q_transpiler,teleport,47,v0.4.0,b75cbf89649a5d40ee4400d372e6cf3e16e5c828229f394ddf0f65442c3f44a5_synthetic_heavy_hex_like_8q_transpiler_47,208,180,632,9.125110200000001e-05,-68,0.01398312600213103,True,,3.602883265548576e-14,1e-10,logical Operator.equiv + routed zero/3 random states,"[5, 6, 7, 4, 3, 0]"
6,1.5,0.2,3,current,b75cbf89649a5d40ee4400d372e6cf3e16e5c828229f394ddf0f65442c3f44a5,3d69e26737c19bf3e2d6b9dda6f38e4ad0254fb23cf7fb6c99dd7280a09a7e63,703,510,427,276,31,1.7419354838709677,5,1.6666666666666667,2,1,8,9,2.25,4,2.0714285714285716,1.0,1.0,1,prospective,synthetic_irregular_8q_favorable,irregular,favorable,SYNTHETIC_TARGET,"{""edges"": [[0, 1], [0, 3], [1, 0], [1, 2], [2, 1], [2, 3], [2, 7], [3, 0], [3, 2], [3, 4], [4, 3], [4, 5], [5, 4], [5, 6], [6, 5], [6, 7], [7, 2], [7, 6]], ""seed"": 7, ""basis"": [""id"", ""rz"", ""sx"", ""x"", ""ecr""], ""nodes"": 8}",6b6ce92b7572d9aab18041c2ed891a6915103a840fb0577e497bbcb3d6fc0831,"[0, 1, 2, 3, 4, 5]",,identity proxy before selection when layout is transpiler,b75cbf89649a5d40ee4400d372e6cf3e16e5c828229f394ddf0f65442c3f44a5_synthetic_irregular_8q_favorable,basic,11,v0.4.0,b75cbf89649a5d40ee4400d372e6cf3e16e5c828229f394ddf0f65442c3f44a5_synthetic_irregular_8q_favorable_11,182,146,648,6.877559999999999e-05,-58,0.009844287000305485,True,,3.3259495952911906e-14,1e-10,logical Operator.equiv + routed zero/3 random states,"[0, 1, 2, 3, 4, 5]"
6,1.5,0.2,3,current,b75cbf89649a5d40ee4400d372e6cf3e16e5c828229f394ddf0f65442c3f44a5,3d69e26737c19bf3e2d6b9dda6f38e4ad0254fb23cf7fb6c99dd7280a09a7e63,703,510,427,276,31,1.7419354838709677,5,1.6666666666666667,2,1,8,9,2.25,4,2.0714285714285716,1.0,1.0,1,prospective,synthetic_irregular_8q_favorable,irregular,favorable,SYNTHETIC_TARGET,"{""edges"": [[0, 1], [0, 3], [1, 0], [1, 2], [2, 1], [2, 3], [2, 7], [3, 0], [3, 2], [3, 4], [4, 3], [4, 5], [5, 4], [5, 6], [6, 5], [6, 7], [7, 2], [7, 6]], ""seed"": 7, ""basis"": [""id"", ""rz"", ""sx"", ""x"", ""ecr""], ""nodes"": 8}",6b6ce92b7572d9aab18041c2ed891a6915103a840fb0577e497bbcb3d6fc0831,"[0, 1, 2, 3, 4, 5]",,identity proxy before selection when layout is transpiler,b75cbf89649a5d40ee4400d372e6cf3e16e5c828229f394ddf0f65442c3f44a5_synthetic_irregular_8q_favorable,teleport,11,v0.4.0,b75cbf89649a5d40ee4400d372e6cf3e16e5c828229f394ddf0f65442c3f44a5_synthetic_irregular_8q_favorable_11,208,180,653,9.22674180000001e-05,-68,0.00874963600654155,True,,2.5409437421805387e-14,1e-10,logical Operator.equiv + routed zero/3 random states,"[0, 1, 2, 3, 4, 5]"
6,1.5,0.2,3,current,b75cbf89649a5d40ee4400d372e6cf3e16e5c828229f394ddf0f65442c3f44a5,3d69e26737c19bf3e2d6b9dda6f38e4ad0254fb23cf7fb6c99dd7280a09a7e63,703,510,427,276,31,1.7419354838709677,5,1.6666666666666667,2,1,8,9,2.25,4,2.0714285714285716,1.0,1.0,1,prospective,synthetic_irregular_8q_favorable,irregular,favorable,SYNTHETIC_TARGET,"{""edges"": [[0, 1], [0, 3], [1, 0], [1, 2], [2, 1], [2, 3], [2, 7], [3, 0], [3, 2], [3, 4], [4, 3], [4, 5], [5, 4], [5, 6], [6, 5], [6, 7], [7, 2], [7, 6]], ""seed"": 7, ""basis"": [""id"", ""rz"", ""sx"", ""x"", ""ecr""], ""nodes"": 8}",6b6ce92b7572d9aab18041c2ed891a6915103a840fb0577e497bbcb3d6fc0831,"[0, 1, 2, 3, 4, 5]",,identity proxy before selection when layout is transpiler,b75cbf89649a5d40ee4400d372e6cf3e16e5c828229f394ddf0f65442c3f44a5_synthetic_irregular_8q_favorable,basic,19,v0.4.0,b75cbf89649a5d40ee4400d372e6cf3e16e5c828229f394ddf0f65442c3f44a5_synthetic_irregular_8q_favorable_19,182,146,648,6.877559999999999e-05,-58,0.008755375005421229,True,,3.3259495952911906e-14,1e-10,logical Operator.equiv + routed zero/3 random states,"[0, 1, 2, 3, 4, 5]"
6,1.5,0.2,3,current,b75cbf89649a5d40ee4400d372e6cf3e16e5c828229f394ddf0f65442c3f44a5,3d69e26737c19bf3e2d6b9dda6f38e4ad0254fb23cf7fb6c99dd7280a09a7e63,703,510,427,276,31,1.7419354838709677,5,1.6666666666666667,2,1,8,9,2.25,4,2.0714285714285716,1.0,1.0,1,prospective,synthetic_irregular_8q_favorable,irregular,favorable,SYNTHETIC_TARGET,"{""edges"": [[0, 1], [0, 3], [1, 0], [1, 2], [2, 1], [2, 3], [2, 7], [3, 0], [3, 2], [3, 4], [4, 3], [4, 5], [5, 4], [5, 6], [6, 5], [6, 7], [7, 2], [7, 6]], ""seed"": 7, ""basis"": [""id"", ""rz"", ""sx"", ""x"", ""ecr""], ""nodes"": 8}",6b6ce92b7572d9aab18041c2ed891a6915103a840fb0577e497bbcb3d6fc0831,"[0, 1, 2, 3, 4, 5]",,identity proxy before selection when layout is transpiler,b75cbf89649a5d40ee4400d372e6cf3e16e5c828229f394ddf0f65442c3f44a5_synthetic_irregular_8q_favorable,teleport,19,v0.4.0,b75cbf89649a5d40ee4400d372e6cf3e16e5c828229f394ddf0f65442c3f44a5_synthetic_irregular_8q_favorable_19,208,180,653,9.22674180000001e-05,-68,0.009928545005095657,True,,2.5409437421805387e-14,1e-10,logical Operator.equiv + routed zero/3 random states,"[0, 1, 2, 3, 4, 5]"
6,1.5,0.2,3,current,b75cbf89649a5d40ee4400d372e6cf3e16e5c828229f394ddf0f65442c3f44a5,3d69e26737c19bf3e2d6b9dda6f38e4ad0254fb23cf7fb6c99dd7280a09a7e63,703,510,427,276,31,1.7419354838709677,5,1.6666666666666667,2,1,8,9,2.25,4,2.0714285714285716,1.0,1.0,1,prospective,synthetic_irregular_8q_favorable,irregular,favorable,SYNTHETIC_TARGET,"{""edges"": [[0, 1], [0, 3], [1, 0], [1, 2], [2, 1], [2, 3], [2, 7], [3, 0], [3, 2], [3, 4], [4, 3], [4, 5], [5, 4], [5, 6], [6, 5], [6, 7], [7, 2], [7, 6]], ""seed"": 7, ""basis"": [""id"", ""rz"", ""sx"", ""x"", ""ecr""], ""nodes"": 8}",6b6ce92b7572d9aab18041c2ed891a6915103a840fb0577e497bbcb3d6fc0831,"[0, 1, 2, 3, 4, 5]",,identity proxy before selection when layout is transpiler,b75cbf89649a5d40ee4400d372e6cf3e16e5c828229f394ddf0f65442c3f44a5_synthetic_irregular_8q_favorable,basic,29,v0.4.0,b75cbf89649a5d40ee4400d372e6cf3e16e5c828229f394ddf0f65442c3f44a5_synthetic_irregular_8q_favorable_29,182,146,648,6.877559999999999e-05,-58,0.009422471004654653,True,,3.3259495952911906e-14,1e-10,logical Operator.equiv + routed zero/3 random states,"[0, 1, 2, 3, 4, 5]"
6,1.5,0.2,3,current,b75cbf89649a5d40ee4400d372e6cf3e16e5c828229f394ddf0f65442c3f44a5,3d69e26737c19bf3e2d6b9dda6f38e4ad0254fb23cf7fb6c99dd7280a09a7e63,703,510,427,276,31,1.7419354838709677,5,1.6666666666666667,2,1,8,9,2.25,4,2.0714285714285716,1.0,1.0,1,prospective,synthetic_irregular_8q_favorable,irregular,favorable,SYNTHETIC_TARGET,"{""edges"": [[0, 1], [0, 3], [1, 0], [1, 2], [2, 1], [2, 3], [2, 7], [3, 0], [3, 2], [3, 4], [4, 3], [4, 5], [5, 4], [5, 6], [6, 5], [6, 7], [7, 2], [7, 6]], ""seed"": 7, ""basis"": [""id"", ""rz"", ""sx"", ""x"", ""ecr""], ""nodes"": 8}",6b6ce92b7572d9aab18041c2ed891a6915103a840fb0577e497bbcb3d6fc0831,"[0, 1, 2, 3, 4, 5]",,identity proxy before selection when layout is transpiler,b75cbf89649a5d40ee4400d372e6cf3e16e5c828229f394ddf0f65442c3f44a5_synthetic_irregular_8q_favorable,teleport,29,v0.4.0,b75cbf89649a5d40ee4400d372e6cf3e16e5c828229f394ddf0f65442c3f44a5_synthetic_irregular_8q_favorable_29,208,180,653,9.22674180000001e-05,-68,0.008476137998513877,True,,2.5409437421805387e-14,1e-10,logical Operator.equiv + routed zero/3 random states,"[0, 1, 2, 3, 4, 5]"
6,1.5,0.2,3,current,b75cbf89649a5d40ee4400d372e6cf3e16e5c828229f394ddf0f65442c3f44a5,3d69e26737c19bf3e2d6b9dda6f38e4ad0254fb23cf7fb6c99dd7280a09a7e63,703,510,427,276,31,1.7419354838709677,5,1.6666666666666667,2,1,8,9,2.25,4,2.0714285714285716,1.0,1.0,1,prospective,synthetic_irregular_8q_favorable,irregular,favorable,SYNTHETIC_TARGET,"{""edges"": [[0, 1], [0, 3], [1, 0], [1, 2], [2, 1], [2, 3], [2, 7], [3, 0], [3, 2], [3, 4], [4, 3], [4, 5], [5, 4], [5, 6], [6, 5], [6, 7], [7, 2], [7, 6]], ""seed"": 7, ""basis"": [""id"", ""rz"", ""sx"", ""x"", ""ecr""], ""nodes"": 8}",6b6ce92b7572d9aab18041c2ed891a6915103a840fb0577e497bbcb3d6fc0831,"[0, 1, 2, 3, 4, 5]",,identity proxy before selection when layout is transpiler,b75cbf89649a5d40ee4400d372e6cf3e16e5c828229f394ddf0f65442c3f44a5_synthetic_irregular_8q_favorable,basic,37,v0.4.0,b75cbf89649a5d40ee4400d372e6cf3e16e5c828229f394ddf0f65442c3f44a5_synthetic_irregular_8q_favorable_37,182,146,648,6.877559999999999e-05,-58,0.010341189998143818,True,,3.3259495952911906e-14,1e-10,logical Operator.equiv + routed zero/3 random states,"[0, 1, 2, 3, 4, 5]"
6,1.5,0.2,3,current,b75cbf89649a5d40ee4400d372e6cf3e16e5c828229f394ddf0f65442c3f44a5,3d69e26737c19bf3e2d6b9dda6f38e4ad0254fb23cf7fb6c99dd7280a09a7e63,703,510,427,276,31,1.7419354838709677,5,1.6666666666666667,2,1,8,9,2.25,4,2.0714285714285716,1.0,1.0,1,prospective,synthetic_irregular_8q_favorable,irregular,favorable,SYNTHETIC_TARGET,"{""edges"": [[0, 1], [0, 3], [1, 0], [1, 2], [2, 1], [2, 3], [2, 7], [3, 0], [3, 2], [3, 4], [4, 3], [4, 5], [5, 4], [5, 6], [6, 5], [6, 7], [7, 2], [7, 6]], ""seed"": 7, ""basis"": [""id"", ""rz"", ""sx"", ""x"", ""ecr""], ""nodes"": 8}",6b6ce92b7572d9aab18041c2ed891a6915103a840fb0577e497bbcb3d6fc0831,"[0, 1, 2, 3, 4, 5]",,identity proxy before selection when layout is transpiler,b75cbf89649a5d40ee4400d372e6cf3e16e5c828229f394ddf0f65442c3f44a5_synthetic_irregular_8q_favorable,teleport,37,v0.4.0,b75cbf89649a5d40ee4400d372e6cf3e16e5c828229f394ddf0f65442c3f44a5_synthetic_irregular_8q_favorable_37,208,180,653,9.22674180000001e-05,-68,0.009997785004088655,True,,2.5409437421805387e-14,1e-10,logical Operator.equiv + routed zero/3 random states,"[0, 1, 2, 3, 4, 5]"
6,1.5,0.2,3,current,b75cbf89649a5d40ee4400d372e6cf3e16e5c828229f394ddf0f65442c3f44a5,3d69e26737c19bf3e2d6b9dda6f38e4ad0254fb23cf7fb6c99dd7280a09a7e63,703,510,427,276,31,1.7419354838709677,5,1.6666666666666667,2,1,8,9,2.25,4,2.0714285714285716,1.0,1.0,1,prospective,synthetic_irregular_8q_favorable,irregular,favorable,SYNTHETIC_TARGET,"{""edges"": [[0, 1], [0, 3], [1, 0], [1, 2], [2, 1], [2, 3], [2, 7], [3, 0], [3, 2], [3, 4], [4, 3], [4, 5], [5, 4], [5, 6], [6, 5], [6, 7], [7, 2], [7, 6]], ""seed"": 7, ""basis"": [""id"", ""rz"", ""sx"", ""x"", ""ecr""], ""nodes"": 8}",6b6ce92b7572d9aab18041c2ed891a6915103a840fb0577e497bbcb3d6fc0831,"[0, 1, 2, 3, 4, 5]",,identity proxy before selection when layout is transpiler,b75cbf89649a5d40ee4400d372e6cf3e16e5c828229f394ddf0f65442c3f44a5_synthetic_irregular_8q_favorable,basic,47,v0.4.0,b75cbf89649a5d40ee4400d372e6cf3e16e5c828229f394ddf0f65442c3f44a5_synthetic_irregular_8q_favorable_47,182,146,648,6.877559999999999e-05,-58,0.00842796000506496,True,,3.3259495952911906e-14,1e-10,logical Operator.equiv + routed zero/3 random states,"[0, 1, 2, 3, 4, 5]"
6,1.5,0.2,3,current,b75cbf89649a5d40ee4400d372e6cf3e16e5c828229f394ddf0f65442c3f44a5,3d69e26737c19bf3e2d6b9dda6f38e4ad0254fb23cf7fb6c99dd7280a09a7e63,703,510,427,276,31,1.7419354838709677,5,1.6666666666666667,2,1,8,9,2.25,4,2.0714285714285716,1.0,1.0,1,prospective,synthetic_irregular_8q_favorable,irregular,favorable,SYNTHETIC_TARGET,"{""edges"": [[0, 1], [0, 3], [1, 0], [1, 2], [2, 1], [2, 3], [2, 7], [3, 0], [3, 2], [3, 4], [4, 3], [4, 5], [5, 4], [5, 6], [6, 5], [6, 7], [7, 2], [7, 6]], ""seed"": 7, ""basis"": [""id"", ""rz"", ""sx"", ""x"", ""ecr""], ""nodes"": 8}",6b6ce92b7572d9aab18041c2ed891a6915103a840fb0577e497bbcb3d6fc0831,"[0, 1, 2, 3, 4, 5]",,identity proxy before selection when layout is transpiler,b75cbf89649a5d40ee4400d372e6cf3e16e5c828229f394ddf0f65442c3f44a5_synthetic_irregular_8q_favorable,teleport,47,v0.4.0,b75cbf89649a5d40ee4400d372e6cf3e16e5c828229f394ddf0f65442c3f44a5_synthetic_irregular_8q_favorable_47,208,180,653,9.22674180000001e-05,-68,0.008776932998443954,True,,2.5409437421805387e-14,1e-10,logical Operator.equiv + routed zero/3 random states,"[0, 1, 2, 3, 4, 5]"
6,1.5,0.2,3,current,b75cbf89649a5d40ee4400d372e6cf3e16e5c828229f394ddf0f65442c3f44a5,3d69e26737c19bf3e2d6b9dda6f38e4ad0254fb23cf7fb6c99dd7280a09a7e63,703,510,427,276,31,1.7419354838709677,5,1.6666666666666667,2,1,8,9,2.25,4,2.0714285714285716,1.434782608695652,2.0,1,prospective,synthetic_irregular_8q_spread,irregular,spread,SYNTHETIC_TARGET,"{""edges"": [[0, 1], [0, 3], [1, 0], [1, 2], [2, 1], [2, 3], [2, 7], [3, 0], [3, 2], [3, 4], [4, 3], [4, 5], [5, 4], [5, 6], [6, 5], [6, 7], [7, 2], [7, 6]], ""seed"": 7, ""basis"": [""id"", ""rz"", ""sx"", ""x"", ""ecr""], ""nodes"": 8}",6b6ce92b7572d9aab18041c2ed891a6915103a840fb0577e497bbcb3d6fc0831,"[0, 1, 3, 4, 6, 7]",,identity proxy before selection when layout is transpiler,b75cbf89649a5d40ee4400d372e6cf3e16e5c828229f394ddf0f65442c3f44a5_synthetic_irregular_8q_spread,basic,11,v0.4.0,b75cbf89649a5d40ee4400d372e6cf3e16e5c828229f394ddf0f65442c3f44a5_synthetic_irregular_8q_spread_11,195,150,675,4.596287999999993e-05,-45,0.010525757003051694,True,,9.792389323824603e-14,1e-10,logical Operator.equiv + routed zero/3 random states,"[1, 0, 3, 4, 5, 6]"
6,1.5,0.2,3,current,b75cbf89649a5d40ee4400d372e6cf3e16e5c828229f394ddf0f65442c3f44a5,3d69e26737c19bf3e2d6b9dda6f38e4ad0254fb23cf7fb6c99dd7280a09a7e63,703,510,427,276,31,1.7419354838709677,5,1.6666666666666667,2,1,8,9,2.25,4,2.0714285714285716,1.434782608695652,2.0,1,prospective,synthetic_irregular_8q_spread,irregular,spread,SYNTHETIC_TARGET,"{""edges"": [[0, 1], [0, 3], [1, 0], [1, 2], [2, 1], [2, 3], [2, 7], [3, 0], [3, 2], [3, 4], [4, 3], [4, 5], [5, 4], [5, 6], [6, 5], [6, 7], [7, 2], [7, 6]], ""seed"": 7, ""basis"": [""id"", ""rz"", ""sx"", ""x"", ""ecr""], ""nodes"": 8}",6b6ce92b7572d9aab18041c2ed891a6915103a840fb0577e497bbcb3d6fc0831,"[0, 1, 3, 4, 6, 7]",,identity proxy before selection when layout is transpiler,b75cbf89649a5d40ee4400d372e6cf3e16e5c828229f394ddf0f65442c3f44a5_synthetic_irregular_8q_spread,teleport,11,v0.4.0,b75cbf89649a5d40ee4400d372e6cf3e16e5c828229f394ddf0f65442c3f44a5_synthetic_irregular_8q_spread_11,221,181,791,5.369602799999987e-05,-55,0.010629377000441309,True,,8.550872693420599e-14,1e-10,logical Operator.equiv + routed zero/3 random states,"[1, 0, 3, 4, 5, 6]"
6,1.5,0.2,3,current,b75cbf89649a5d40ee4400d372e6cf3e16e5c828229f394ddf0f65442c3f44a5,3d69e26737c19bf3e2d6b9dda6f38e4ad0254fb23cf7fb6c99dd7280a09a7e63,703,510,427,276,31,1.7419354838709677,5,1.6666666666666667,2,1,8,9,2.25,4,2.0714285714285716,1.434782608695652,2.0,1,prospective,synthetic_irregular_8q_spread,irregular,spread,SYNTHETIC_TARGET,"{""edges"": [[0, 1], [0, 3], [1, 0], [1, 2], [2, 1], [2, 3], [2, 7], [3, 0], [3, 2], [3, 4], [4, 3], [4, 5], [5, 4], [5, 6], [6, 5], [6, 7], [7, 2], [7, 6]], ""seed"": 7, ""basis"": [""id"", ""rz"", ""sx"", ""x"", ""ecr""], ""nodes"": 8}",6b6ce92b7572d9aab18041c2ed891a6915103a840fb0577e497bbcb3d6fc0831,"[0, 1, 3, 4, 6, 7]",,identity proxy before selection when layout is transpiler,b75cbf89649a5d40ee4400d372e6cf3e16e5c828229f394ddf0f65442c3f44a5_synthetic_irregular_8q_spread,basic,19,v0.4.0,b75cbf89649a5d40ee4400d372e6cf3e16e5c828229f394ddf0f65442c3f44a5_synthetic_irregular_8q_spread_19,195,150,675,4.596287999999993e-05,-45,0.008951042000262532,True,,9.792389323824603e-14,1e-10,logical Operator.equiv + routed zero/3 random states,"[1, 0, 3, 4, 5, 6]"
6,1.5,0.2,3,current,b75cbf89649a5d40ee4400d372e6cf3e16e5c828229f394ddf0f65442c3f44a5,3d69e26737c19bf3e2d6b9dda6f38e4ad0254fb23cf7fb6c99dd7280a09a7e63,703,510,427,276,31,1.7419354838709677,5,1.6666666666666667,2,1,8,9,2.25,4,2.0714285714285716,1.434782608695652,2.0,1,prospective,synthetic_irregular_8q_spread,irregular,spread,SYNTHETIC_TARGET,"{""edges"": [[0, 1], [0, 3], [1, 0], [1, 2], [2, 1], [2, 3], [2, 7], [3, 0], [3, 2], [3, 4], [4, 3], [4, 5], [5, 4], [5, 6], [6, 5], [6, 7], [7, 2], [7, 6]], ""seed"": 7, ""basis"": [""id"", ""rz"", ""sx"", ""x"", ""ecr""], ""nodes"": 8}",6b6ce92b7572d9aab18041c2ed891a6915103a840fb0577e497bbcb3d6fc0831,"[0, 1, 3, 4, 6, 7]",,identity proxy before selection when layout is transpiler,b75cbf89649a5d40ee4400d372e6cf3e16e5c828229f394ddf0f65442c3f44a5_synthetic_irregular_8q_spread,teleport,19,v0.4.0,b75cbf89649a5d40ee4400d372e6cf3e16e5c828229f394ddf0f65442c3f44a5_synthetic_irregular_8q_spread_19,221,181,791,5.369602799999987e-05,-55,0.010741338999650907,True,,8.550872693420599e-14,1e-10,logical Operator.equiv + routed zero/3 random states,"[1, 0, 3, 4, 5, 6]"
6,1.5,0.2,3,current,b75cbf89649a5d40ee4400d372e6cf3e16e5c828229f394ddf0f65442c3f44a5,3d69e26737c19bf3e2d6b9dda6f38e4ad0254fb23cf7fb6c99dd7280a09a7e63,703,510,427,276,31,1.7419354838709677,5,1.6666666666666667,2,1,8,9,2.25,4,2.0714285714285716,1.434782608695652,2.0,1,prospective,synthetic_irregular_8q_spread,irregular,spread,SYNTHETIC_TARGET,"{""edges"": [[0, 1], [0, 3], [1, 0], [1, 2], [2, 1], [2, 3], [2, 7], [3, 0], [3, 2], [3, 4], [4, 3], [4, 5], [5, 4], [5, 6], [6, 5], [6, 7], [7, 2], [7, 6]], ""seed"": 7, ""basis"": [""id"", ""rz"", ""sx"", ""x"", ""ecr""], ""nodes"": 8}",6b6ce92b7572d9aab18041c2ed891a6915103a840fb0577e497bbcb3d6fc0831,"[0, 1, 3, 4, 6, 7]",,identity proxy before selection when layout is transpiler,b75cbf89649a5d40ee4400d372e6cf3e16e5c828229f394ddf0f65442c3f44a5_synthetic_irregular_8q_spread,basic,29,v0.4.0,b75cbf89649a5d40ee4400d372e6cf3e16e5c828229f394ddf0f65442c3f44a5_synthetic_irregular_8q_spread_29,195,150,675,4.596287999999993e-05,-45,0.011951847998716403,True,,9.792389323824603e-14,1e-10,logical Operator.equiv + routed zero/3 random states,"[1, 0, 3, 4, 5, 6]"
6,1.5,0.2,3,current,b75cbf89649a5d40ee4400d372e6cf3e16e5c828229f394ddf0f65442c3f44a5,3d69e26737c19bf3e2d6b9dda6f38e4ad0254fb23cf7fb6c99dd7280a09a7e63,703,510,427,276,31,1.7419354838709677,5,1.6666666666666667,2,1,8,9,2.25,4,2.0714285714285716,1.434782608695652,2.0,1,prospective,synthetic_irregular_8q_spread,irregular,spread,SYNTHETIC_TARGET,"{""edges"": [[0, 1], [0, 3], [1, 0], [1, 2], [2, 1], [2, 3], [2, 7], [3, 0], [3, 2], [3, 4], [4, 3], [4, 5], [5, 4], [5, 6], [6, 5], [6, 7], [7, 2], [7, 6]], ""seed"": 7, ""basis"": [""id"", ""rz"", ""sx"", ""x"", ""ecr""], ""nodes"": 8}",6b6ce92b7572d9aab18041c2ed891a6915103a840fb0577e497bbcb3d6fc0831,"[0, 1, 3, 4, 6, 7]",,identity proxy before selection when layout is transpiler,b75cbf89649a5d40ee4400d372e6cf3e16e5c828229f394ddf0f65442c3f44a5_synthetic_irregular_8q_spread,teleport,29,v0.4.0,b75cbf89649a5d40ee4400d372e6cf3e16e5c828229f394ddf0f65442c3f44a5_synthetic_irregular_8q_spread_29,221,181,791,5.369602799999987e-05,-55,0.00977820700063603,True,,8.550872693420599e-14,1e-10,logical Operator.equiv + routed zero/3 random states,"[1, 0, 3, 4, 5, 6]"
6,1.5,0.2,3,current,b75cbf89649a5d40ee4400d372e6cf3e16e5c828229f394ddf0f65442c3f44a5,3d69e26737c19bf3e2d6b9dda6f38e4ad0254fb23cf7fb6c99dd7280a09a7e63,703,510,427,276,31,1.7419354838709677,5,1.6666666666666667,2,1,8,9,2.25,4,2.0714285714285716,1.434782608695652,2.0,1,prospective,synthetic_irregular_8q_spread,irregular,spread,SYNTHETIC_TARGET,"{""edges"": [[0, 1], [0, 3], [1, 0], [1, 2], [2, 1], [2, 3], [2, 7], [3, 0], [3, 2], [3, 4], [4, 3], [4, 5], [5, 4], [5, 6], [6, 5], [6, 7], [7, 2], [7, 6]], ""seed"": 7, ""basis"": [""id"", ""rz"", ""sx"", ""x"", ""ecr""], ""nodes"": 8}",6b6ce92b7572d9aab18041c2ed891a6915103a840fb0577e497bbcb3d6fc0831,"[0, 1, 3, 4, 6, 7]",,identity proxy before selection when layout is transpiler,b75cbf89649a5d40ee4400d372e6cf3e16e5c828229f394ddf0f65442c3f44a5_synthetic_irregular_8q_spread,basic,37,v0.4.0,b75cbf89649a5d40ee4400d372e6cf3e16e5c828229f394ddf0f65442c3f44a5_synthetic_irregular_8q_spread_37,195,150,675,4.596287999999993e-05,-45,0.010895150000578724,True,,9.792389323824603e-14,1e-10,logical Operator.equiv + routed zero/3 random states,"[1, 0, 3, 4, 5, 6]"
6,1.5,0.2,3,current,b75cbf89649a5d40ee4400d372e6cf3e16e5c828229f394ddf0f65442c3f44a5,3d69e26737c19bf3e2d6b9dda6f38e4ad0254fb23cf7fb6c99dd7280a09a7e63,703,510,427,276,31,1.7419354838709677,5,1.6666666666666667,2,1,8,9,2.25,4,2.0714285714285716,1.434782608695652,2.0,1,prospective,synthetic_irregular_8q_spread,irregular,spread,SYNTHETIC_TARGET,"{""edges"": [[0, 1], [0, 3], [1, 0], [1, 2], [2, 1], [2, 3], [2, 7], [3, 0], [3, 2], [3, 4], [4, 3], [4, 5], [5, 4], [5, 6], [6, 5], [6, 7], [7, 2], [7, 6]], ""seed"": 7, ""basis"": [""id"", ""rz"", ""sx"", ""x"", ""ecr""], ""nodes"": 8}",6b6ce92b7572d9aab18041c2ed891a6915103a840fb0577e497bbcb3d6fc0831,"[0, 1, 3, 4, 6, 7]",,identity proxy before selection when layout is transpiler,b75cbf89649a5d40ee4400d372e6cf3e16e5c828229f394ddf0f65442c3f44a5_synthetic_irregular_8q_spread,teleport,37,v0.4.0,b75cbf89649a5d40ee4400d372e6cf3e16e5c828229f394ddf0f65442c3f44a5_synthetic_irregular_8q_spread_37,221,181,791,5.369602799999987e-05,-55,0.009992279003199656,True,,8.550872693420599e-14,1e-10,logical Operator.equiv + routed zero/3 random states,"[1, 0, 3, 4, 5, 6]"
6,1.5,0.2,3,current,b75cbf89649a5d40ee4400d372e6cf3e16e5c828229f394ddf0f65442c3f44a5,3d69e26737c19bf3e2d6b9dda6f38e4ad0254fb23cf7fb6c99dd7280a09a7e63,703,510,427,276,31,1.7419354838709677,5,1.6666666666666667,2,1,8,9,2.25,4,2.0714285714285716,1.434782608695652,2.0,1,prospective,synthetic_irregular_8q_spread,irregular,spread,SYNTHETIC_TARGET,"{""edges"": [[0, 1], [0, 3], [1, 0], [1, 2], [2, 1], [2, 3], [2, 7], [3, 0], [3, 2], [3, 4], [4, 3], [4, 5], [5, 4], [5, 6], [6, 5], [6, 7], [7, 2], [7, 6]], ""seed"": 7, ""basis"": [""id"", ""rz"", ""sx"", ""x"", ""ecr""], ""nodes"": 8}",6b6ce92b7572d9aab18041c2ed891a6915103a840fb0577e497bbcb3d6fc0831,"[0, 1, 3, 4, 6, 7]",,identity proxy before selection when layout is transpiler,b75cbf89649a5d40ee4400d372e6cf3e16e5c828229f394ddf0f65442c3f44a5_synthetic_irregular_8q_spread,basic,47,v0.4.0,b75cbf89649a5d40ee4400d372e6cf3e16e5c828229f394ddf0f65442c3f44a5_synthetic_irregular_8q_spread_47,195,150,675,4.596287999999993e-05,-45,0.01025495499925455,True,,9.792389323824603e-14,1e-10,logical Operator.equiv + routed zero/3 random states,"[1, 0, 3, 4, 5, 6]"
6,1.5,0.2,3,current,b75cbf89649a5d40ee4400d372e6cf3e16e5c828229f394ddf0f65442c3f44a5,3d69e26737c19bf3e2d6b9dda6f38e4ad0254fb23cf7fb6c99dd7280a09a7e63,703,510,427,276,31,1.7419354838709677,5,1.6666666666666667,2,1,8,9,2.25,4,2.0714285714285716,1.434782608695652,2.0,1,prospective,synthetic_irregular_8q_spread,irregular,spread,SYNTHETIC_TARGET,"{""edges"": [[0, 1], [0, 3], [1, 0], [1, 2], [2, 1], [2, 3], [2, 7], [3, 0], [3, 2], [3, 4], [4, 3], [4, 5], [5, 4], [5, 6], [6, 5], [6, 7], [7, 2], [7, 6]], ""seed"": 7, ""basis"": [""id"", ""rz"", ""sx"", ""x"", ""ecr""], ""nodes"": 8}",6b6ce92b7572d9aab18041c2ed891a6915103a840fb0577e497bbcb3d6fc0831,"[0, 1, 3, 4, 6, 7]",,identity proxy before selection when layout is transpiler,b75cbf89649a5d40ee4400d372e6cf3e16e5c828229f394ddf0f65442c3f44a5_synthetic_irregular_8q_spread,teleport,47,v0.4.0,b75cbf89649a5d40ee4400d372e6cf3e16e5c828229f394ddf0f65442c3f44a5_synthetic_irregular_8q_spread_47,221,181,791,5.369602799999987e-05,-55,0.009464419999858364,True,,8.550872693420599e-14,1e-10,logical Operator.equiv + routed zero/3 random states,"[1, 0, 3, 4, 5, 6]"
6,1.5,0.2,3,reversed,d338eb773a8d9b65affd729028e23e9f24e361c2bc1272505190220bc634f90b,b900105fd332fb167e8c3241bb160ee549828e89691222f9cd8180d5e3225235,703,510,427,276,31,1.7419354838709677,5,1.6666666666666667,2,1,8,7,1.75,7,3.0,1.0,1.0,1,prospective,synthetic_line_8q_favorable,line,favorable,SYNTHETIC_TARGET,"{""edges"": [[0, 1], [1, 0], [1, 2], [2, 1], [2, 3], [3, 2], [3, 4], [4, 3], [4, 5], [5, 4], [5, 6], [6, 5], [6, 7], [7, 6]], ""seed"": 7, ""basis"": [""id"", ""rz"", ""sx"", ""x"", ""ecr""], ""nodes"": 8}",801945da6501ad7b48137221aea8d7e8e5603ff1e572732c6d3f24a3be410b79,"[0, 1, 2, 3, 4, 5]",,identity proxy before selection when layout is transpiler,d338eb773a8d9b65affd729028e23e9f24e361c2bc1272505190220bc634f90b_synthetic_line_8q_favorable,basic,11,v0.4.0,d338eb773a8d9b65affd729028e23e9f24e361c2bc1272505190220bc634f90b_synthetic_line_8q_favorable_11,196,160,780,8.016375600000023e-05,-54,0.009630396001739427,True,,7.541226159785338e-14,1e-10,logical Operator.equiv + routed zero/3 random states,"[0, 1, 2, 3, 4, 5]"
6,1.5,0.2,3,reversed,d338eb773a8d9b65affd729028e23e9f24e361c2bc1272505190220bc634f90b,b900105fd332fb167e8c3241bb160ee549828e89691222f9cd8180d5e3225235,703,510,427,276,31,1.7419354838709677,5,1.6666666666666667,2,1,8,7,1.75,7,3.0,1.0,1.0,1,prospective,synthetic_line_8q_favorable,line,favorable,SYNTHETIC_TARGET,"{""edges"": [[0, 1], [1, 0], [1, 2], [2, 1], [2, 3], [3, 2], [3, 4], [4, 3], [4, 5], [5, 4], [5, 6], [6, 5], [6, 7], [7, 6]], ""seed"": 7, ""basis"": [""id"", ""rz"", ""sx"", ""x"", ""ecr""], ""nodes"": 8}",801945da6501ad7b48137221aea8d7e8e5603ff1e572732c6d3f24a3be410b79,"[0, 1, 2, 3, 4, 5]",,identity proxy before selection when layout is transpiler,d338eb773a8d9b65affd729028e23e9f24e361c2bc1272505190220bc634f90b_synthetic_line_8q_favorable,teleport,11,v0.4.0,d338eb773a8d9b65affd729028e23e9f24e361c2bc1272505190220bc634f90b_synthetic_line_8q_favorable_11,206,182,913,9.272695800000038e-05,-70,0.00913567499810597,True,,1.351675444918325e-13,1e-10,logical Operator.equiv + routed zero/3 random states,"[0, 1, 2, 3, 4, 5]"
6,1.5,0.2,3,reversed,d338eb773a8d9b65affd729028e23e9f24e361c2bc1272505190220bc634f90b,b900105fd332fb167e8c3241bb160ee549828e89691222f9cd8180d5e3225235,703,510,427,276,31,1.7419354838709677,5,1.6666666666666667,2,1,8,7,1.75,7,3.0,1.0,1.0,1,prospective,synthetic_line_8q_favorable,line,favorable,SYNTHETIC_TARGET,"{""edges"": [[0, 1], [1, 0], [1, 2], [2, 1], [2, 3], [3, 2], [3, 4], [4, 3], [4, 5], [5, 4], [5, 6], [6, 5], [6, 7], [7, 6]], ""seed"": 7, ""basis"": [""id"", ""rz"", ""sx"", ""x"", ""ecr""], ""nodes"": 8}",801945da6501ad7b48137221aea8d7e8e5603ff1e572732c6d3f24a3be410b79,"[0, 1, 2, 3, 4, 5]",,identity proxy before selection when layout is transpiler,d338eb773a8d9b65affd729028e23e9f24e361c2bc1272505190220bc634f90b_synthetic_line_8q_favorable,basic,19,v0.4.0,d338eb773a8d9b65affd729028e23e9f24e361c2bc1272505190220bc634f90b_synthetic_line_8q_favorable_19,196,160,780,8.016375600000023e-05,-54,0.00955929600604577,True,,7.541226159785338e-14,1e-10,logical Operator.equiv + routed zero/3 random states,"[0, 1, 2, 3, 4, 5]"
6,1.5,0.2,3,reversed,d338eb773a8d9b65affd729028e23e9f24e361c2bc1272505190220bc634f90b,b900105fd332fb167e8c3241bb160ee549828e89691222f9cd8180d5e3225235,703,510,427,276,31,1.7419354838709677,5,1.6666666666666667,2,1,8,7,1.75,7,3.0,1.0,1.0,1,prospective,synthetic_line_8q_favorable,line,favorable,SYNTHETIC_TARGET,"{""edges"": [[0, 1], [1, 0], [1, 2], [2, 1], [2, 3], [3, 2], [3, 4], [4, 3], [4, 5], [5, 4], [5, 6], [6, 5], [6, 7], [7, 6]], ""seed"": 7, ""basis"": [""id"", ""rz"", ""sx"", ""x"", ""ecr""], ""nodes"": 8}",801945da6501ad7b48137221aea8d7e8e5603ff1e572732c6d3f24a3be410b79,"[0, 1, 2, 3, 4, 5]",,identity proxy before selection when layout is transpiler,d338eb773a8d9b65affd729028e23e9f24e361c2bc1272505190220bc634f90b_synthetic_line_8q_favorable,teleport,19,v0.4.0,d338eb773a8d9b65affd729028e23e9f24e361c2bc1272505190220bc634f90b_synthetic_line_8q_favorable_19,206,182,913,9.272695800000038e-05,-70,0.008523201002390124,True,,1.351675444918325e-13,1e-10,logical Operator.equiv + routed zero/3 random states,"[0, 1, 2, 3, 4, 5]"
6,1.5,0.2,3,reversed,d338eb773a8d9b65affd729028e23e9f24e361c2bc1272505190220bc634f90b,b900105fd332fb167e8c3241bb160ee549828e89691222f9cd8180d5e3225235,703,510,427,276,31,1.7419354838709677,5,1.6666666666666667,2,1,8,7,1.75,7,3.0,1.0,1.0,1,prospective,synthetic_line_8q_favorable,line,favorable,SYNTHETIC_TARGET,"{""edges"": [[0, 1], [1, 0], [1, 2], [2, 1], [2, 3], [3, 2], [3, 4], [4, 3], [4, 5], [5, 4], [5, 6], [6, 5], [6, 7], [7, 6]], ""seed"": 7, ""basis"": [""id"", ""rz"", ""sx"", ""x"", ""ecr""], ""nodes"": 8}",801945da6501ad7b48137221aea8d7e8e5603ff1e572732c6d3f24a3be410b79,"[0, 1, 2, 3, 4, 5]",,identity proxy before selection when layout is transpiler,d338eb773a8d9b65affd729028e23e9f24e361c2bc1272505190220bc634f90b_synthetic_line_8q_favorable,basic,29,v0.4.0,d338eb773a8d9b65affd729028e23e9f24e361c2bc1272505190220bc634f90b_synthetic_line_8q_favorable_29,196,160,780,8.016375600000023e-05,-54,0.010388580994913355,True,,7.541226159785338e-14,1e-10,logical Operator.equiv + routed zero/3 random states,"[0, 1, 2, 3, 4, 5]"
6,1.5,0.2,3,reversed,d338eb773a8d9b65affd729028e23e9f24e361c2bc1272505190220bc634f90b,b900105fd332fb167e8c3241bb160ee549828e89691222f9cd8180d5e3225235,703,510,427,276,31,1.7419354838709677,5,1.6666666666666667,2,1,8,7,1.75,7,3.0,1.0,1.0,1,prospective,synthetic_line_8q_favorable,line,favorable,SYNTHETIC_TARGET,"{""edges"": [[0, 1], [1, 0], [1, 2], [2, 1], [2, 3], [3, 2], [3, 4], [4, 3], [4, 5], [5, 4], [5, 6], [6, 5], [6, 7], [7, 6]], ""seed"": 7, ""basis"": [""id"", ""rz"", ""sx"", ""x"", ""ecr""], ""nodes"": 8}",801945da6501ad7b48137221aea8d7e8e5603ff1e572732c6d3f24a3be410b79,"[0, 1, 2, 3, 4, 5]",,identity proxy before selection when layout is transpiler,d338eb773a8d9b65affd729028e23e9f24e361c2bc1272505190220bc634f90b_synthetic_line_8q_favorable,teleport,29,v0.4.0,d338eb773a8d9b65affd729028e23e9f24e361c2bc1272505190220bc634f90b_synthetic_line_8q_favorable_29,206,182,913,9.272695800000038e-05,-70,0.00896150000335183,True,,1.351675444918325e-13,1e-10,logical Operator.equiv + routed zero/3 random states,"[0, 1, 2, 3, 4, 5]"
6,1.5,0.2,3,reversed,d338eb773a8d9b65affd729028e23e9f24e361c2bc1272505190220bc634f90b,b900105fd332fb167e8c3241bb160ee549828e89691222f9cd8180d5e3225235,703,510,427,276,31,1.7419354838709677,5,1.6666666666666667,2,1,8,7,1.75,7,3.0,1.0,1.0,1,prospective,synthetic_line_8q_favorable,line,favorable,SYNTHETIC_TARGET,"{""edges"": [[0, 1], [1, 0], [1, 2], [2, 1], [2, 3], [3, 2], [3, 4], [4, 3], [4, 5], [5, 4], [5, 6], [6, 5], [6, 7], [7, 6]], ""seed"": 7, ""basis"": [""id"", ""rz"", ""sx"", ""x"", ""ecr""], ""nodes"": 8}",801945da6501ad7b48137221aea8d7e8e5603ff1e572732c6d3f24a3be410b79,"[0, 1, 2, 3, 4, 5]",,identity proxy before selection when layout is transpiler,d338eb773a8d9b65affd729028e23e9f24e361c2bc1272505190220bc634f90b_synthetic_line_8q_favorable,basic,37,v0.4.0,d338eb773a8d9b65affd729028e23e9f24e361c2bc1272505190220bc634f90b_synthetic_line_8q_favorable_37,196,160,780,8.016375600000023e-05,-54,0.009662479002145119,True,,7.541226159785338e-14,1e-10,logical Operator.equiv + routed zero/3 random states,"[0, 1, 2, 3, 4, 5]"
6,1.5,0.2,3,reversed,d338eb773a8d9b65affd729028e23e9f24e361c2bc1272505190220bc634f90b,b900105fd332fb167e8c3241bb160ee549828e89691222f9cd8180d5e3225235,703,510,427,276,31,1.7419354838709677,5,1.6666666666666667,2,1,8,7,1.75,7,3.0,1.0,1.0,1,prospective,synthetic_line_8q_favorable,line,favorable,SYNTHETIC_TARGET,"{""edges"": [[0, 1], [1, 0], [1, 2], [2, 1], [2, 3], [3, 2], [3, 4], [4, 3], [4, 5], [5, 4], [5, 6], [6, 5], [6, 7], [7, 6]], ""seed"": 7, ""basis"": [""id"", ""rz"", ""sx"", ""x"", ""ecr""], ""nodes"": 8}",801945da6501ad7b48137221aea8d7e8e5603ff1e572732c6d3f24a3be410b79,"[0, 1, 2, 3, 4, 5]",,identity proxy before selection when layout is transpiler,d338eb773a8d9b65affd729028e23e9f24e361c2bc1272505190220bc634f90b_synthetic_line_8q_favorable,teleport,37,v0.4.0,d338eb773a8d9b65affd729028e23e9f24e361c2bc1272505190220bc634f90b_synthetic_line_8q_favorable_37,206,182,913,9.272695800000038e-05,-70,0.00930366299871821,True,,1.351675444918325e-13,1e-10,logical Operator.equiv + routed zero/3 random states,"[0, 1, 2, 3, 4, 5]"
6,1.5,0.2,3,reversed,d338eb773a8d9b65affd729028e23e9f24e361c2bc1272505190220bc634f90b,b900105fd332fb167e8c3241bb160ee549828e89691222f9cd8180d5e3225235,703,510,427,276,31,1.7419354838709677,5,1.6666666666666667,2,1,8,7,1.75,7,3.0,1.0,1.0,1,prospective,synthetic_line_8q_favorable,line,favorable,SYNTHETIC_TARGET,"{""edges"": [[0, 1], [1, 0], [1, 2], [2, 1], [2, 3], [3, 2], [3, 4], [4, 3], [4, 5], [5, 4], [5, 6], [6, 5], [6, 7], [7, 6]], ""seed"": 7, ""basis"": [""id"", ""rz"", ""sx"", ""x"", ""ecr""], ""nodes"": 8}",801945da6501ad7b48137221aea8d7e8e5603ff1e572732c6d3f24a3be410b79,"[0, 1, 2, 3, 4, 5]",,identity proxy before selection when layout is transpiler,d338eb773a8d9b65affd729028e23e9f24e361c2bc1272505190220bc634f90b_synthetic_line_8q_favorable,basic,47,v0.4.0,d338eb773a8d9b65affd729028e23e9f24e361c2bc1272505190220bc634f90b_synthetic_line_8q_favorable_47,196,160,780,8.016375600000023e-05,-54,0.009359823001432233,True,,7.541226159785338e-14,1e-10,logical Operator.equiv + routed zero/3 random states,"[0, 1, 2, 3, 4, 5]"
6,1.5,0.2,3,reversed,d338eb773a8d9b65affd729028e23e9f24e361c2bc1272505190220bc634f90b,b900105fd332fb167e8c3241bb160ee549828e89691222f9cd8180d5e3225235,703,510,427,276,31,1.7419354838709677,5,1.6666666666666667,2,1,8,7,1.75,7,3.0,1.0,1.0,1,prospective,synthetic_line_8q_favorable,line,favorable,SYNTHETIC_TARGET,"{""edges"": [[0, 1], [1, 0], [1, 2], [2, 1], [2, 3], [3, 2], [3, 4], [4, 3], [4, 5], [5, 4], [5, 6], [6, 5], [6, 7], [7, 6]], ""seed"": 7, ""basis"": [""id"", ""rz"", ""sx"", ""x"", ""ecr""], ""nodes"": 8}",801945da6501ad7b48137221aea8d7e8e5603ff1e572732c6d3f24a3be410b79,"[0, 1, 2, 3, 4, 5]",,identity proxy before selection when layout is transpiler,d338eb773a8d9b65affd729028e23e9f24e361c2bc1272505190220bc634f90b_synthetic_line_8q_favorable,teleport,47,v0.4.0,d338eb773a8d9b65affd729028e23e9f24e361c2bc1272505190220bc634f90b_synthetic_line_8q_favorable_47,206,182,913,9.272695800000038e-05,-70,0.01019262699992396,True,,1.351675444918325e-13,1e-10,logical Operator.equiv + routed zero/3 random states,"[0, 1, 2, 3, 4, 5]"
6,1.5,0.2,3,reversed,d338eb773a8d9b65affd729028e23e9f24e361c2bc1272505190220bc634f90b,b900105fd332fb167e8c3241bb160ee549828e89691222f9cd8180d5e3225235,703,510,427,276,31,1.7419354838709677,5,1.6666666666666667,2,1,8,7,1.75,7,3.0,1.434782608695652,2.0,1,prospective,synthetic_line_8q_spread,line,spread,SYNTHETIC_TARGET,"{""edges"": [[0, 1], [1, 0], [1, 2], [2, 1], [2, 3], [3, 2], [3, 4], [4, 3], [4, 5], [5, 4], [5, 6], [6, 5], [6, 7], [7, 6]], ""seed"": 7, ""basis"": [""id"", ""rz"", ""sx"", ""x"", ""ecr""], ""nodes"": 8}",801945da6501ad7b48137221aea8d7e8e5603ff1e572732c6d3f24a3be410b79,"[0, 1, 3, 4, 6, 7]",,identity proxy before selection when layout is transpiler,d338eb773a8d9b65affd729028e23e9f24e361c2bc1272505190220bc634f90b_synthetic_line_8q_spread,basic,11,v0.4.0,d338eb773a8d9b65affd729028e23e9f24e361c2bc1272505190220bc634f90b_synthetic_line_8q_spread_11,214,166,721,7.158723000000026e-05,-36,0.009681476003606804,True,,4.390024912263757e-14,1e-10,logical Operator.equiv + routed zero/3 random states,"[2, 3, 4, 5, 6, 7]"
6,1.5,0.2,3,reversed,d338eb773a8d9b65affd729028e23e9f24e361c2bc1272505190220bc634f90b,b900105fd332fb167e8c3241bb160ee549828e89691222f9cd8180d5e3225235,703,510,427,276,31,1.7419354838709677,5,1.6666666666666667,2,1,8,7,1.75,7,3.0,1.434782608695652,2.0,1,prospective,synthetic_line_8q_spread,line,spread,SYNTHETIC_TARGET,"{""edges"": [[0, 1], [1, 0], [1, 2], [2, 1], [2, 3], [3, 2], [3, 4], [4, 3], [4, 5], [5, 4], [5, 6], [6, 5], [6, 7], [7, 6]], ""seed"": 7, ""basis"": [""id"", ""rz"", ""sx"", ""x"", ""ecr""], ""nodes"": 8}",801945da6501ad7b48137221aea8d7e8e5603ff1e572732c6d3f24a3be410b79,"[0, 1, 3, 4, 6, 7]",,identity proxy before selection when layout is transpiler,d338eb773a8d9b65affd729028e23e9f24e361c2bc1272505190220bc634f90b_synthetic_line_8q_spread,teleport,11,v0.4.0,d338eb773a8d9b65affd729028e23e9f24e361c2bc1272505190220bc634f90b_synthetic_line_8q_spread_11,224,185,760,8.505264000000034e-05,-52,0.009300669000367634,True,,1.2683087260260367e-13,1e-10,logical Operator.equiv + routed zero/3 random states,"[2, 3, 4, 5, 6, 7]"
6,1.5,0.2,3,reversed,d338eb773a8d9b65affd729028e23e9f24e361c2bc1272505190220bc634f90b,b900105fd332fb167e8c3241bb160ee549828e89691222f9cd8180d5e3225235,703,510,427,276,31,1.7419354838709677,5,1.6666666666666667,2,1,8,7,1.75,7,3.0,1.434782608695652,2.0,1,prospective,synthetic_line_8q_spread,line,spread,SYNTHETIC_TARGET,"{""edges"": [[0, 1], [1, 0], [1, 2], [2, 1], [2, 3], [3, 2], [3, 4], [4, 3], [4, 5], [5, 4], [5, 6], [6, 5], [6, 7], [7, 6]], ""seed"": 7, ""basis"": [""id"", ""rz"", ""sx"", ""x"", ""ecr""], ""nodes"": 8}",801945da6501ad7b48137221aea8d7e8e5603ff1e572732c6d3f24a3be410b79,"[0, 1, 3, 4, 6, 7]",,identity proxy before selection when layout is transpiler,d338eb773a8d9b65affd729028e23e9f24e361c2bc1272505190220bc634f90b_synthetic_line_8q_spread,basic,19,v0.4.0,d338eb773a8d9b65affd729028e23e9f24e361c2bc1272505190220bc634f90b_synthetic_line_8q_spread_19,214,166,721,7.158723000000026e-05,-36,0.00973889099986991,True,,4.390024912263757e-14,1e-10,logical Operator.equiv + routed zero/3 random states,"[2, 3, 4, 5, 6, 7]"
6,1.5,0.2,3,reversed,d338eb773a8d9b65affd729028e23e9f24e361c2bc1272505190220bc634f90b,b900105fd332fb167e8c3241bb160ee549828e89691222f9cd8180d5e3225235,703,510,427,276,31,1.7419354838709677,5,1.6666666666666667,2,1,8,7,1.75,7,3.0,1.434782608695652,2.0,1,prospective,synthetic_line_8q_spread,line,spread,SYNTHETIC_TARGET,"{""edges"": [[0, 1], [1, 0], [1, 2], [2, 1], [2, 3], [3, 2], [3, 4], [4, 3], [4, 5], [5, 4], [5, 6], [6, 5], [6, 7], [7, 6]], ""seed"": 7, ""basis"": [""id"", ""rz"", ""sx"", ""x"", ""ecr""], ""nodes"": 8}",801945da6501ad7b48137221aea8d7e8e5603ff1e572732c6d3f24a3be410b79,"[0, 1, 3, 4, 6, 7]",,identity proxy before selection when layout is transpiler,d338eb773a8d9b65affd729028e23e9f24e361c2bc1272505190220bc634f90b_synthetic_line_8q_spread,teleport,19,v0.4.0,d338eb773a8d9b65affd729028e23e9f24e361c2bc1272505190220bc634f90b_synthetic_line_8q_spread_19,224,185,760,8.505264000000034e-05,-52,0.009603876998880878,True,,1.2683087260260367e-13,1e-10,logical Operator.equiv + routed zero/3 random states,"[2, 3, 4, 5, 6, 7]"
6,1.5,0.2,3,reversed,d338eb773a8d9b65affd729028e23e9f24e361c2bc1272505190220bc634f90b,b900105fd332fb167e8c3241bb160ee549828e89691222f9cd8180d5e3225235,703,510,427,276,31,1.7419354838709677,5,1.6666666666666667,2,1,8,7,1.75,7,3.0,1.434782608695652,2.0,1,prospective,synthetic_line_8q_spread,line,spread,SYNTHETIC_TARGET,"{""edges"": [[0, 1], [1, 0], [1, 2], [2, 1], [2, 3], [3, 2], [3, 4], [4, 3], [4, 5], [5, 4], [5, 6], [6, 5], [6, 7], [7, 6]], ""seed"": 7, ""basis"": [""id"", ""rz"", ""sx"", ""x"", ""ecr""], ""nodes"": 8}",801945da6501ad7b48137221aea8d7e8e5603ff1e572732c6d3f24a3be410b79,"[0, 1, 3, 4, 6, 7]",,identity proxy before selection when layout is transpiler,d338eb773a8d9b65affd729028e23e9f24e361c2bc1272505190220bc634f90b_synthetic_line_8q_spread,basic,29,v0.4.0,d338eb773a8d9b65affd729028e23e9f24e361c2bc1272505190220bc634f90b_synthetic_line_8q_spread_29,214,166,721,7.158723000000026e-05,-36,0.012240243995620403,True,,4.390024912263757e-14,1e-10,logical Operator.equiv + routed zero/3 random states,"[2, 3, 4, 5, 6, 7]"
6,1.5,0.2,3,reversed,d338eb773a8d9b65affd729028e23e9f24e361c2bc1272505190220bc634f90b,b900105fd332fb167e8c3241bb160ee549828e89691222f9cd8180d5e3225235,703,510,427,276,31,1.7419354838709677,5,1.6666666666666667,2,1,8,7,1.75,7,3.0,1.434782608695652,2.0,1,prospective,synthetic_line_8q_spread,line,spread,SYNTHETIC_TARGET,"{""edges"": [[0, 1], [1, 0], [1, 2], [2, 1], [2, 3], [3, 2], [3, 4], [4, 3], [4, 5], [5, 4], [5, 6], [6, 5], [6, 7], [7, 6]], ""seed"": 7, ""basis"": [""id"", ""rz"", ""sx"", ""x"", ""ecr""], ""nodes"": 8}",801945da6501ad7b48137221aea8d7e8e5603ff1e572732c6d3f24a3be410b79,"[0, 1, 3, 4, 6, 7]",,identity proxy before selection when layout is transpiler,d338eb773a8d9b65affd729028e23e9f24e361c2bc1272505190220bc634f90b_synthetic_line_8q_spread,teleport,29,v0.4.0,d338eb773a8d9b65affd729028e23e9f24e361c2bc1272505190220bc634f90b_synthetic_line_8q_spread_29,224,185,760,8.505264000000034e-05,-52,0.009335371003544424,True,,1.2683087260260367e-13,1e-10,logical Operator.equiv + routed zero/3 random states,"[2, 3, 4, 5, 6, 7]"
6,1.5,0.2,3,reversed,d338eb773a8d9b65affd729028e23e9f24e361c2bc1272505190220bc634f90b,b900105fd332fb167e8c3241bb160ee549828e89691222f9cd8180d5e3225235,703,510,427,276,31,1.7419354838709677,5,1.6666666666666667,2,1,8,7,1.75,7,3.0,1.434782608695652,2.0,1,prospective,synthetic_line_8q_spread,line,spread,SYNTHETIC_TARGET,"{""edges"": [[0, 1], [1, 0], [1, 2], [2, 1], [2, 3], [3, 2], [3, 4], [4, 3], [4, 5], [5, 4], [5, 6], [6, 5], [6, 7], [7, 6]], ""seed"": 7, ""basis"": [""id"", ""rz"", ""sx"", ""x"", ""ecr""], ""nodes"": 8}",801945da6501ad7b48137221aea8d7e8e5603ff1e572732c6d3f24a3be410b79,"[0, 1, 3, 4, 6, 7]",,identity proxy before selection when layout is transpiler,d338eb773a8d9b65affd729028e23e9f24e361c2bc1272505190220bc634f90b_synthetic_line_8q_spread,basic,37,v0.4.0,d338eb773a8d9b65affd729028e23e9f24e361c2bc1272505190220bc634f90b_synthetic_line_8q_spread_37,214,166,721,7.158723000000026e-05,-36,0.009818724996875972,True,,4.390024912263757e-14,1e-10,logical Operator.equiv + routed zero/3 random states,"[2, 3, 4, 5, 6, 7]"
6,1.5,0.2,3,reversed,d338eb773a8d9b65affd729028e23e9f24e361c2bc1272505190220bc634f90b,b900105fd332fb167e8c3241bb160ee549828e89691222f9cd8180d5e3225235,703,510,427,276,31,1.7419354838709677,5,1.6666666666666667,2,1,8,7,1.75,7,3.0,1.434782608695652,2.0,1,prospective,synthetic_line_8q_spread,line,spread,SYNTHETIC_TARGET,"{""edges"": [[0, 1], [1, 0], [1, 2], [2, 1], [2, 3], [3, 2], [3, 4], [4, 3], [4, 5], [5, 4], [5, 6], [6, 5], [6, 7], [7, 6]], ""seed"": 7, ""basis"": [""id"", ""rz"", ""sx"", ""x"", ""ecr""], ""nodes"": 8}",801945da6501ad7b48137221aea8d7e8e5603ff1e572732c6d3f24a3be410b79,"[0, 1, 3, 4, 6, 7]",,identity proxy before selection when layout is transpiler,d338eb773a8d9b65affd729028e23e9f24e361c2bc1272505190220bc634f90b_synthetic_line_8q_spread,teleport,37,v0.4.0,d338eb773a8d9b65affd729028e23e9f24e361c2bc1272505190220bc634f90b_synthetic_line_8q_spread_37,224,185,760,8.505264000000034e-05,-52,0.009353182998893317,True,,1.2683087260260367e-13,1e-10,logical Operator.equiv + routed zero/3 random states,"[2, 3, 4, 5, 6, 7]"
6,1.5,0.2,3,reversed,d338eb773a8d9b65affd729028e23e9f24e361c2bc1272505190220bc634f90b,b900105fd332fb167e8c3241bb160ee549828e89691222f9cd8180d5e3225235,703,510,427,276,31,1.7419354838709677,5,1.6666666666666667,2,1,8,7,1.75,7,3.0,1.434782608695652,2.0,1,prospective,synthetic_line_8q_spread,line,spread,SYNTHETIC_TARGET,"{""edges"": [[0, 1], [1, 0], [1, 2], [2, 1], [2, 3], [3, 2], [3, 4], [4, 3], [4, 5], [5, 4], [5, 6], [6, 5], [6, 7], [7, 6]], ""seed"": 7, ""basis"": [""id"", ""rz"", ""sx"", ""x"", ""ecr""], ""nodes"": 8}",801945da6501ad7b48137221aea8d7e8e5603ff1e572732c6d3f24a3be410b79,"[0, 1, 3, 4, 6, 7]",,identity proxy before selection when layout is transpiler,d338eb773a8d9b65affd729028e23e9f24e361c2bc1272505190220bc634f90b_synthetic_line_8q_spread,basic,47,v0.4.0,d338eb773a8d9b65affd729028e23e9f24e361c2bc1272505190220bc634f90b_synthetic_line_8q_spread_47,214,166,721,7.158723000000026e-05,-36,0.009802625994780101,True,,4.390024912263757e-14,1e-10,logical Operator.equiv + routed zero/3 random states,"[2, 3, 4, 5, 6, 7]"
6,1.5,0.2,3,reversed,d338eb773a8d9b65affd729028e23e9f24e361c2bc1272505190220bc634f90b,b900105fd332fb167e8c3241bb160ee549828e89691222f9cd8180d5e3225235,703,510,427,276,31,1.7419354838709677,5,1.6666666666666667,2,1,8,7,1.75,7,3.0,1.434782608695652,2.0,1,prospective,synthetic_line_8q_spread,line,spread,SYNTHETIC_TARGET,"{""edges"": [[0, 1], [1, 0], [1, 2], [2, 1], [2, 3], [3, 2], [3, 4], [4, 3], [4, 5], [5, 4], [5, 6], [6, 5], [6, 7], [7, 6]], ""seed"": 7, ""basis"": [""id"", ""rz"", ""sx"", ""x"", ""ecr""], ""nodes"": 8}",801945da6501ad7b48137221aea8d7e8e5603ff1e572732c6d3f24a3be410b79,"[0, 1, 3, 4, 6, 7]",,identity proxy before selection when layout is transpiler,d338eb773a8d9b65affd729028e23e9f24e361c2bc1272505190220bc634f90b_synthetic_line_8q_spread,teleport,47,v0.4.0,d338eb773a8d9b65affd729028e23e9f24e361c2bc1272505190220bc634f90b_synthetic_line_8q_spread_47,224,185,760,8.505264000000034e-05,-52,0.010070430995256174,True,,1.2683087260260367e-13,1e-10,logical Operator.equiv + routed zero/3 random states,"[2, 3, 4, 5, 6, 7]"
6,1.5,0.2,3,reversed,d338eb773a8d9b65affd729028e23e9f24e361c2bc1272505190220bc634f90b,b900105fd332fb167e8c3241bb160ee549828e89691222f9cd8180d5e3225235,703,510,427,276,31,1.7419354838709677,5,1.6666666666666667,2,1,8,8,2.0,4,2.2857142857142856,1.0,1.0,1,prospective,synthetic_ring_8q_transpiler,ring,transpiler,SYNTHETIC_TARGET,"{""edges"": [[0, 1], [0, 7], [1, 0], [1, 2], [2, 1], [2, 3], [3, 2], [3, 4], [4, 3], [4, 5], [5, 4], [5, 6], [6, 5], [6, 7], [7, 0], [7, 6]], ""seed"": 7, ""basis"": [""id"", ""rz"", ""sx"", ""x"", ""ecr""], ""nodes"": 8}",0153e862e72b462af51b55ef2b6c107f2f40d86c748b745e313c1ca148c454ca,null,,identity proxy before selection when layout is transpiler,d338eb773a8d9b65affd729028e23e9f24e361c2bc1272505190220bc634f90b_synthetic_ring_8q_transpiler,basic,11,v0.4.0,d338eb773a8d9b65affd729028e23e9f24e361c2bc1272505190220bc634f90b_synthetic_ring_8q_transpiler_11,196,160,790,7.493499000000016e-05,-54,0.01027162499667611,True,,8.445066738346866e-14,1e-10,logical Operator.equiv + routed zero/3 random states,"[5, 6, 7, 0, 1, 2]"
6,1.5,0.2,3,reversed,d338eb773a8d9b65affd729028e23e9f24e361c2bc1272505190220bc634f90b,b900105fd332fb167e8c3241bb160ee549828e89691222f9cd8180d5e3225235,703,510,427,276,31,1.7419354838709677,5,1.6666666666666667,2,1,8,8,2.0,4,2.2857142857142856,1.0,1.0,1,prospective,synthetic_ring_8q_transpiler,ring,transpiler,SYNTHETIC_TARGET,"{""edges"": [[0, 1], [0, 7], [1, 0], [1, 2], [2, 1], [2, 3], [3, 2], [3, 4], [4, 3], [4, 5], [5, 4], [5, 6], [6, 5], [6, 7], [7, 0], [7, 6]], ""seed"": 7, ""basis"": [""id"", ""rz"", ""sx"", ""x"", ""ecr""], ""nodes"": 8}",0153e862e72b462af51b55ef2b6c107f2f40d86c748b745e313c1ca148c454ca,null,,identity proxy before selection when layout is transpiler,d338eb773a8d9b65affd729028e23e9f24e361c2bc1272505190220bc634f90b_synthetic_ring_8q_transpiler,teleport,11,v0.4.0,d338eb773a8d9b65affd729028e23e9f24e361c2bc1272505190220bc634f90b_synthetic_ring_8q_transpiler_11,206,182,615,9.212533800000016e-05,-70,0.009391730003699195,True,,2.6513476379029232e-14,1e-10,logical Operator.equiv + routed zero/3 random states,"[5, 4, 3, 2, 1, 0]"
6,1.5,0.2,3,reversed,d338eb773a8d9b65affd729028e23e9f24e361c2bc1272505190220bc634f90b,b900105fd332fb167e8c3241bb160ee549828e89691222f9cd8180d5e3225235,703,510,427,276,31,1.7419354838709677,5,1.6666666666666667,2,1,8,8,2.0,4,2.2857142857142856,1.0,1.0,1,prospective,synthetic_ring_8q_transpiler,ring,transpiler,SYNTHETIC_TARGET,"{""edges"": [[0, 1], [0, 7], [1, 0], [1, 2], [2, 1], [2, 3], [3, 2], [3, 4], [4, 3], [4, 5], [5, 4], [5, 6], [6, 5], [6, 7], [7, 0], [7, 6]], ""seed"": 7, ""basis"": [""id"", ""rz"", ""sx"", ""x"", ""ecr""], ""nodes"": 8}",0153e862e72b462af51b55ef2b6c107f2f40d86c748b745e313c1ca148c454ca,null,,identity proxy before selection when layout is transpiler,d338eb773a8d9b65affd729028e23e9f24e361c2bc1272505190220bc634f90b_synthetic_ring_8q_transpiler,basic,19,v0.4.0,d338eb773a8d9b65affd729028e23e9f24e361c2bc1272505190220bc634f90b_synthetic_ring_8q_transpiler_19,196,160,780,8.016375600000023e-05,-54,0.010376484002335928,True,,7.541226159785338e-14,1e-10,logical Operator.equiv + routed zero/3 random states,"[0, 1, 2, 3, 4, 5]"
6,1.5,0.2,3,reversed,d338eb773a8d9b65affd729028e23e9f24e361c2bc1272505190220bc634f90b,b900105fd332fb167e8c3241bb160ee549828e89691222f9cd8180d5e3225235,703,510,427,276,31,1.7419354838709677,5,1.6666666666666667,2,1,8,8,2.0,4,2.2857142857142856,1.0,1.0,1,prospective,synthetic_ring_8q_transpiler,ring,transpiler,SYNTHETIC_TARGET,"{""edges"": [[0, 1], [0, 7], [1, 0], [1, 2], [2, 1], [2, 3], [3, 2], [3, 4], [4, 3], [4, 5], [5, 4], [5, 6], [6, 5], [6, 7], [7, 0], [7, 6]], ""seed"": 7, ""basis"": [""id"", ""rz"", ""sx"", ""x"", ""ecr""], ""nodes"": 8}",0153e862e72b462af51b55ef2b6c107f2f40d86c748b745e313c1ca148c454ca,null,,identity proxy before selection when layout is transpiler,d338eb773a8d9b65affd729028e23e9f24e361c2bc1272505190220bc634f90b_synthetic_ring_8q_transpiler,teleport,19,v0.4.0,d338eb773a8d9b65affd729028e23e9f24e361c2bc1272505190220bc634f90b_synthetic_ring_8q_transpiler_19,206,182,632,5.5829448000000145e-05,-70,0.013406524005404208,True,,3.155441537003835e-14,1e-10,logical Operator.equiv + routed zero/3 random states,"[1, 0, 7, 6, 5, 4]"
6,1.5,0.2,3,reversed,d338eb773a8d9b65affd729028e23e9f24e361c2bc1272505190220bc634f90b,b900105fd332fb167e8c3241bb160ee549828e89691222f9cd8180d5e3225235,703,510,427,276,31,1.7419354838709677,5,1.6666666666666667,2,1,8,8,2.0,4,2.2857142857142856,1.0,1.0,1,prospective,synthetic_ring_8q_transpiler,ring,transpiler,SYNTHETIC_TARGET,"{""edges"": [[0, 1], [0, 7], [1, 0], [1, 2], [2, 1], [2, 3], [3, 2], [3, 4], [4, 3], [4, 5], [5, 4], [5, 6], [6, 5], [6, 7], [7, 0], [7, 6]], ""seed"": 7, ""basis"": [""id"", ""rz"", ""sx"", ""x"", ""ecr""], ""nodes"": 8}",0153e862e72b462af51b55ef2b6c107f2f40d86c748b745e313c1ca148c454ca,null,,identity proxy before selection when layout is transpiler,d338eb773a8d9b65affd729028e23e9f24e361c2bc1272505190220bc634f90b_synthetic_ring_8q_transpiler,basic,29,v0.4.0,d338eb773a8d9b65affd729028e23e9f24e361c2bc1272505190220bc634f90b_synthetic_ring_8q_transpiler_29,196,160,692,7.210582200000031e-05,-54,0.009669923994806595,True,,8.976070011427705e-14,1e-10,logical Operator.equiv + routed zero/3 random states,"[1, 2, 3, 4, 5, 6]"
6,1.5,0.2,3,reversed,d338eb773a8d9b65affd729028e23e9f24e361c2bc1272505190220bc634f90b,b900105fd332fb167e8c3241bb160ee549828e89691222f9cd8180d5e3225235,703,510,427,276,31,1.7419354838709677,5,1.6666666666666667,2,1,8,8,2.0,4,2.2857142857142856,1.0,1.0,1,prospective,synthetic_ring_8q_transpiler,ring,transpiler,SYNTHETIC_TARGET,"{""edges"": [[0, 1], [0, 7], [1, 0], [1, 2], [2, 1], [2, 3], [3, 2], [3, 4], [4, 3], [4, 5], [5, 4], [5, 6], [6, 5], [6, 7], [7, 0], [7, 6]], ""seed"": 7, ""basis"": [""id"", ""rz"", ""sx"", ""x"", ""ecr""], ""nodes"": 8}",0153e862e72b462af51b55ef2b6c107f2f40d86c748b745e313c1ca148c454ca,null,,identity proxy before selection when layout is transpiler,d338eb773a8d9b65affd729028e23e9f24e361c2bc1272505190220bc634f90b_synthetic_ring_8q_transpiler,teleport,29,v0.4.0,d338eb773a8d9b65affd729028e23e9f24e361c2bc1272505190220bc634f90b_synthetic_ring_8q_transpiler_29,206,182,788,8.527108800000029e-05,-70,0.009286212000006344,True,,1.6501606615787232e-13,1e-10,logical Operator.equiv + routed zero/3 random states,"[1, 2, 3, 4, 5, 6]"
6,1.5,0.2,3,reversed,d338eb773a8d9b65affd729028e23e9f24e361c2bc1272505190220bc634f90b,b900105fd332fb167e8c3241bb160ee549828e89691222f9cd8180d5e3225235,703,510,427,276,31,1.7419354838709677,5,1.6666666666666667,2,1,8,8,2.0,4,2.2857142857142856,1.0,1.0,1,prospective,synthetic_ring_8q_transpiler,ring,transpiler,SYNTHETIC_TARGET,"{""edges"": [[0, 1], [0, 7], [1, 0], [1, 2], [2, 1], [2, 3], [3, 2], [3, 4], [4, 3], [4, 5], [5, 4], [5, 6], [6, 5], [6, 7], [7, 0], [7, 6]], ""seed"": 7, ""basis"": [""id"", ""rz"", ""sx"", ""x"", ""ecr""], ""nodes"": 8}",0153e862e72b462af51b55ef2b6c107f2f40d86c748b745e313c1ca148c454ca,null,,identity proxy before selection when layout is transpiler,d338eb773a8d9b65affd729028e23e9f24e361c2bc1272505190220bc634f90b_synthetic_ring_8q_transpiler,basic,37,v0.4.0,d338eb773a8d9b65affd729028e23e9f24e361c2bc1272505190220bc634f90b_synthetic_ring_8q_transpiler_37,196,160,660,6.742606200000005e-05,-54,0.009840320999501273,True,,8.087178889356393e-14,1e-10,logical Operator.equiv + routed zero/3 random states,"[4, 5, 6, 7, 0, 1]"
6,1.5,0.2,3,reversed,d338eb773a8d9b65affd729028e23e9f24e361c2bc1272505190220bc634f90b,b900105fd332fb167e8c3241bb160ee549828e89691222f9cd8180d5e3225235,703,510,427,276,31,1.7419354838709677,5,1.6666666666666667,2,1,8,8,2.0,4,2.2857142857142856,1.0,1.0,1,prospective,synthetic_ring_8q_transpiler,ring,transpiler,SYNTHETIC_TARGET,"{""edges"": [[0, 1], [0, 7], [1, 0], [1, 2], [2, 1], [2, 3], [3, 2], [3, 4], [4, 3], [4, 5], [5, 4], [5, 6], [6, 5], [6, 7], [7, 0], [7, 6]], ""seed"": 7, ""basis"": [""id"", ""rz"", ""sx"", ""x"", ""ecr""], ""nodes"": 8}",0153e862e72b462af51b55ef2b6c107f2f40d86c748b745e313c1ca148c454ca,null,,identity proxy before selection when layout is transpiler,d338eb773a8d9b65affd729028e23e9f24e361c2bc1272505190220bc634f90b_synthetic_ring_8q_transpiler,teleport,37,v0.4.0,d338eb773a8d9b65affd729028e23e9f24e361c2bc1272505190220bc634f90b_synthetic_ring_8q_transpiler_37,206,182,847,8.772840600000015e-05,-70,0.008871809004631359,True,,1.6481266701774317e-13,1e-10,logical Operator.equiv + routed zero/3 random states,"[5, 6, 7, 0, 1, 2]"
6,1.5,0.2,3,reversed,d338eb773a8d9b65affd729028e23e9f24e361c2bc1272505190220bc634f90b,b900105fd332fb167e8c3241bb160ee549828e89691222f9cd8180d5e3225235,703,510,427,276,31,1.7419354838709677,5,1.6666666666666667,2,1,8,8,2.0,4,2.2857142857142856,1.0,1.0,1,prospective,synthetic_ring_8q_transpiler,ring,transpiler,SYNTHETIC_TARGET,"{""edges"": [[0, 1], [0, 7], [1, 0], [1, 2], [2, 1], [2, 3], [3, 2], [3, 4], [4, 3], [4, 5], [5, 4], [5, 6], [6, 5], [6, 7], [7, 0], [7, 6]], ""seed"": 7, ""basis"": [""id"", ""rz"", ""sx"", ""x"", ""ecr""], ""nodes"": 8}",0153e862e72b462af51b55ef2b6c107f2f40d86c748b745e313c1ca148c454ca,null,,identity proxy before selection when layout is transpiler,d338eb773a8d9b65affd729028e23e9f24e361c2bc1272505190220bc634f90b_synthetic_ring_8q_transpiler,basic,47,v0.4.0,d338eb773a8d9b65affd729028e23e9f24e361c2bc1272505190220bc634f90b_synthetic_ring_8q_transpiler_47,196,160,663,5.026723800000006e-05,-54,0.009341442004370037,True,,5.71291216730487e-14,1e-10,logical Operator.equiv + routed zero/3 random states,"[1, 0, 7, 6, 5, 4]"
6,1.5,0.2,3,reversed,d338eb773a8d9b65affd729028e23e9f24e361c2bc1272505190220bc634f90b,b900105fd332fb167e8c3241bb160ee549828e89691222f9cd8180d5e3225235,703,510,427,276,31,1.7419354838709677,5,1.6666666666666667,2,1,8,8,2.0,4,2.2857142857142856,1.0,1.0,1,prospective,synthetic_ring_8q_transpiler,ring,transpiler,SYNTHETIC_TARGET,"{""edges"": [[0, 1], [0, 7], [1, 0], [1, 2], [2, 1], [2, 3], [3, 2], [3, 4], [4, 3], [4, 5], [5, 4], [5, 6], [6, 5], [6, 7], [7, 0], [7, 6]], ""seed"": 7, ""basis"": [""id"", ""rz"", ""sx"", ""x"", ""ecr""], ""nodes"": 8}",0153e862e72b462af51b55ef2b6c107f2f40d86c748b745e313c1ca148c454ca,null,,identity proxy before selection when layout is transpiler,d338eb773a8d9b65affd729028e23e9f24e361c2bc1272505190220bc634f90b_synthetic_ring_8q_transpiler,teleport,47,v0.4.0,d338eb773a8d9b65affd729028e23e9f24e361c2bc1272505190220bc634f90b_synthetic_ring_8q_transpiler_47,206,182,632,5.5829448000000145e-05,-70,0.009496954000496771,True,,3.155441537003835e-14,1e-10,logical Operator.equiv + routed zero/3 random states,"[1, 0, 7, 6, 5, 4]"
6,1.5,0.2,3,reversed,d338eb773a8d9b65affd729028e23e9f24e361c2bc1272505190220bc634f90b,b900105fd332fb167e8c3241bb160ee549828e89691222f9cd8180d5e3225235,703,510,427,276,31,1.7419354838709677,5,1.6666666666666667,2,1,8,10,2.5,4,2.0,1.6521739130434783,4.0,1,prospective,synthetic_grid_8q_transpiler,grid,transpiler,SYNTHETIC_TARGET,"{""edges"": [[0, 1], [0, 4], [1, 0], [1, 2], [1, 5], [2, 1], [2, 3], [2, 6], [3, 2], [3, 7], [4, 0], [4, 5], [5, 1], [5, 4], [5, 6], [6, 2], [6, 5], [6, 7], [7, 3], [7, 6]], ""seed"": 7, ""basis"": [""id"", ""rz"", ""sx"", ""x"", ""ecr""], ""nodes"": 8}",1c54af58f98ce04f3c64adbffe8dbe5ec26492bca016b2595a08e9c2b5021db4,null,,identity proxy before selection when layout is transpiler,d338eb773a8d9b65affd729028e23e9f24e361c2bc1272505190220bc634f90b_synthetic_grid_8q_transpiler,basic,11,v0.4.0,d338eb773a8d9b65affd729028e23e9f24e361c2bc1272505190220bc634f90b_synthetic_grid_8q_transpiler_11,196,160,644,7.221970800000005e-05,-54,0.009542940002575051,True,,5.497650389355735e-14,1e-10,logical Operator.equiv + routed zero/3 random states,"[1, 5, 6, 7, 3, 2]"
6,1.5,0.2,3,reversed,d338eb773a8d9b65affd729028e23e9f24e361c2bc1272505190220bc634f90b,b900105fd332fb167e8c3241bb160ee549828e89691222f9cd8180d5e3225235,703,510,427,276,31,1.7419354838709677,5,1.6666666666666667,2,1,8,10,2.5,4,2.0,1.6521739130434783,4.0,1,prospective,synthetic_grid_8q_transpiler,grid,transpiler,SYNTHETIC_TARGET,"{""edges"": [[0, 1], [0, 4], [1, 0], [1, 2], [1, 5], [2, 1], [2, 3], [2, 6], [3, 2], [3, 7], [4, 0], [4, 5], [5, 1], [5, 4], [5, 6], [6, 2], [6, 5], [6, 7], [7, 3], [7, 6]], ""seed"": 7, ""basis"": [""id"", ""rz"", ""sx"", ""x"", ""ecr""], ""nodes"": 8}",1c54af58f98ce04f3c64adbffe8dbe5ec26492bca016b2595a08e9c2b5021db4,null,,identity proxy before selection when layout is transpiler,d338eb773a8d9b65affd729028e23e9f24e361c2bc1272505190220bc634f90b_synthetic_grid_8q_transpiler,teleport,11,v0.4.0,d338eb773a8d9b65affd729028e23e9f24e361c2bc1272505190220bc634f90b_synthetic_grid_8q_transpiler_11,206,182,619,8.371731000000009e-05,-70,0.009465875999012496,True,,3.516469318429309e-14,1e-10,logical Operator.equiv + routed zero/3 random states,"[1, 5, 6, 7, 3, 2]"
6,1.5,0.2,3,reversed,d338eb773a8d9b65affd729028e23e9f24e361c2bc1272505190220bc634f90b,b900105fd332fb167e8c3241bb160ee549828e89691222f9cd8180d5e3225235,703,510,427,276,31,1.7419354838709677,5,1.6666666666666667,2,1,8,10,2.5,4,2.0,1.6521739130434783,4.0,1,prospective,synthetic_grid_8q_transpiler,grid,transpiler,SYNTHETIC_TARGET,"{""edges"": [[0, 1], [0, 4], [1, 0], [1, 2], [1, 5], [2, 1], [2, 3], [2, 6], [3, 2], [3, 7], [4, 0], [4, 5], [5, 1], [5, 4], [5, 6], [6, 2], [6, 5], [6, 7], [7, 3], [7, 6]], ""seed"": 7, ""basis"": [""id"", ""rz"", ""sx"", ""x"", ""ecr""], ""nodes"": 8}",1c54af58f98ce04f3c64adbffe8dbe5ec26492bca016b2595a08e9c2b5021db4,null,,identity proxy before selection when layout is transpiler,d338eb773a8d9b65affd729028e23e9f24e361c2bc1272505190220bc634f90b_synthetic_grid_8q_transpiler,basic,19,v0.4.0,d338eb773a8d9b65affd729028e23e9f24e361c2bc1272505190220bc634f90b_synthetic_grid_8q_transpiler_19,196,160,663,6.418419600000015e-05,-54,0.009564717998728156,True,,3.6154980006826994e-14,1e-10,logical Operator.equiv + routed zero/3 random states,"[6, 7, 3, 2, 1, 0]"
6,1.5,0.2,3,reversed,d338eb773a8d9b65affd729028e23e9f24e361c2bc1272505190220bc634f90b,b900105fd332fb167e8c3241bb160ee549828e89691222f9cd8180d5e3225235,703,510,427,276,31,1.7419354838709677,5,1.6666666666666667,2,1,8,10,2.5,4,2.0,1.6521739130434783,4.0,1,prospective,synthetic_grid_8q_transpiler,grid,transpiler,SYNTHETIC_TARGET,"{""edges"": [[0, 1], [0, 4], [1, 0], [1, 2], [1, 5], [2, 1], [2, 3], [2, 6], [3, 2], [3, 7], [4, 0], [4, 5], [5, 1], [5, 4], [5, 6], [6, 2], [6, 5], [6, 7], [7, 3], [7, 6]], ""seed"": 7, ""basis"": [""id"", ""rz"", ""sx"", ""x"", ""ecr""], ""nodes"": 8}",1c54af58f98ce04f3c64adbffe8dbe5ec26492bca016b2595a08e9c2b5021db4,null,,identity proxy before selection when layout is transpiler,d338eb773a8d9b65affd729028e23e9f24e361c2bc1272505190220bc634f90b_synthetic_grid_8q_transpiler,teleport,19,v0.4.0,d338eb773a8d9b65affd729028e23e9f24e361c2bc1272505190220bc634f90b_synthetic_grid_8q_transpiler_19,206,182,758,6.791845800000014e-05,-70,0.009279090001655277,True,,1.3141667137819732e-13,1e-10,logical Operator.equiv + routed zero/3 random states,"[3, 7, 6, 2, 1, 0]"
6,1.5,0.2,3,reversed,d338eb773a8d9b65affd729028e23e9f24e361c2bc1272505190220bc634f90b,b900105fd332fb167e8c3241bb160ee549828e89691222f9cd8180d5e3225235,703,510,427,276,31,1.7419354838709677,5,1.6666666666666667,2,1,8,10,2.5,4,2.0,1.6521739130434783,4.0,1,prospective,synthetic_grid_8q_transpiler,grid,transpiler,SYNTHETIC_TARGET,"{""edges"": [[0, 1], [0, 4], [1, 0], [1, 2], [1, 5], [2, 1], [2, 3], [2, 6], [3, 2], [3, 7], [4, 0], [4, 5], [5, 1], [5, 4], [5, 6], [6, 2], [6, 5], [6, 7], [7, 3], [7, 6]], ""seed"": 7, ""basis"": [""id"", ""rz"", ""sx"", ""x"", ""ecr""], ""nodes"": 8}",1c54af58f98ce04f3c64adbffe8dbe5ec26492bca016b2595a08e9c2b5021db4,null,,identity proxy before selection when layout is transpiler,d338eb773a8d9b65affd729028e23e9f24e361c2bc1272505190220bc634f90b_synthetic_grid_8q_transpiler,basic,29,v0.4.0,d338eb773a8d9b65affd729028e23e9f24e361c2bc1272505190220bc634f90b_synthetic_grid_8q_transpiler_29,196,160,687,8.911257600000035e-05,-54,0.012777335999999195,True,,6.268087183460452e-14,1e-10,logical Operator.equiv + routed zero/3 random states,"[7, 6, 5, 1, 2, 3]"
6,1.5,0.2,3,reversed,d338eb773a8d9b65affd729028e23e9f24e361c2bc1272505190220bc634f90b,b900105fd332fb167e8c3241bb160ee549828e89691222f9cd8180d5e3225235,703,510,427,276,31,1.7419354838709677,5,1.6666666666666667,2,1,8,10,2.5,4,2.0,1.6521739130434783,4.0,1,prospective,synthetic_grid_8q_transpiler,grid,transpiler,SYNTHETIC_TARGET,"{""edges"": [[0, 1], [0, 4], [1, 0], [1, 2], [1, 5], [2, 1], [2, 3], [2, 6], [3, 2], [3, 7], [4, 0], [4, 5], [5, 1], [5, 4], [5, 6], [6, 2], [6, 5], [6, 7], [7, 3], [7, 6]], ""seed"": 7, ""basis"": [""id"", ""rz"", ""sx"", ""x"", ""ecr""], ""nodes"": 8}",1c54af58f98ce04f3c64adbffe8dbe5ec26492bca016b2595a08e9c2b5021db4,null,,identity proxy before selection when layout is transpiler,d338eb773a8d9b65affd729028e23e9f24e361c2bc1272505190220bc634f90b_synthetic_grid_8q_transpiler,teleport,29,v0.4.0,d338eb773a8d9b65affd729028e23e9f24e361c2bc1272505190220bc634f90b_synthetic_grid_8q_transpiler_29,206,182,638,9.509836200000005e-05,-70,0.009269109003071208,True,,2.893856530891321e-14,1e-10,logical Operator.equiv + routed zero/3 random states,"[3, 2, 1, 5, 6, 7]"
6,1.5,0.2,3,reversed,d338eb773a8d9b65affd729028e23e9f24e361c2bc1272505190220bc634f90b,b900105fd332fb167e8c3241bb160ee549828e89691222f9cd8180d5e3225235,703,510,427,276,31,1.7419354838709677,5,1.6666666666666667,2,1,8,10,2.5,4,2.0,1.6521739130434783,4.0,1,prospective,synthetic_grid_8q_transpiler,grid,transpiler,SYNTHETIC_TARGET,"{""edges"": [[0, 1], [0, 4], [1, 0], [1, 2], [1, 5], [2, 1], [2, 3], [2, 6], [3, 2], [3, 7], [4, 0], [4, 5], [5, 1], [5, 4], [5, 6], [6, 2], [6, 5], [6, 7], [7, 3], [7, 6]], ""seed"": 7, ""basis"": [""id"", ""rz"", ""sx"", ""x"", ""ecr""], ""nodes"": 8}",1c54af58f98ce04f3c64adbffe8dbe5ec26492bca016b2595a08e9c2b5021db4,null,,identity proxy before selection when layout is transpiler,d338eb773a8d9b65affd729028e23e9f24e361c2bc1272505190220bc634f90b_synthetic_grid_8q_transpiler,basic,37,v0.4.0,d338eb773a8d9b65affd729028e23e9f24e361c2bc1272505190220bc634f90b_synthetic_grid_8q_transpiler_37,196,160,652,6.901558200000001e-05,-54,0.010210988999460824,True,,2.9401422426517057e-14,1e-10,logical Operator.equiv + routed zero/3 random states,"[1, 5, 6, 2, 3, 7]"
6,1.5,0.2,3,reversed,d338eb773a8d9b65affd729028e23e9f24e361c2bc1272505190220bc634f90b,b900105fd332fb167e8c3241bb160ee549828e89691222f9cd8180d5e3225235,703,510,427,276,31,1.7419354838709677,5,1.6666666666666667,2,1,8,10,2.5,4,2.0,1.6521739130434783,4.0,1,prospective,synthetic_grid_8q_transpiler,grid,transpiler,SYNTHETIC_TARGET,"{""edges"": [[0, 1], [0, 4], [1, 0], [1, 2], [1, 5], [2, 1], [2, 3], [2, 6], [3, 2], [3, 7], [4, 0], [4, 5], [5, 1], [5, 4], [5, 6], [6, 2], [6, 5], [6, 7], [7, 3], [7, 6]], ""seed"": 7, ""basis"": [""id"", ""rz"", ""sx"", ""x"", ""ecr""], ""nodes"": 8}",1c54af58f98ce04f3c64adbffe8dbe5ec26492bca016b2595a08e9c2b5021db4,null,,identity proxy before selection when layout is transpiler,d338eb773a8d9b65affd729028e23e9f24e361c2bc1272505190220bc634f90b_synthetic_grid_8q_transpiler,teleport,37,v0.4.0,d338eb773a8d9b65affd729028e23e9f24e361c2bc1272505190220bc634f90b_synthetic_grid_8q_transpiler_37,206,182,623,8.162229600000002e-05,-70,0.014328485005535185,True,,2.767372168668152e-14,1e-10,logical Operator.equiv + routed zero/3 random states,"[1, 5, 6, 2, 3, 7]"
6,1.5,0.2,3,reversed,d338eb773a8d9b65affd729028e23e9f24e361c2bc1272505190220bc634f90b,b900105fd332fb167e8c3241bb160ee549828e89691222f9cd8180d5e3225235,703,510,427,276,31,1.7419354838709677,5,1.6666666666666667,2,1,8,10,2.5,4,2.0,1.6521739130434783,4.0,1,prospective,synthetic_grid_8q_transpiler,grid,transpiler,SYNTHETIC_TARGET,"{""edges"": [[0, 1], [0, 4], [1, 0], [1, 2], [1, 5], [2, 1], [2, 3], [2, 6], [3, 2], [3, 7], [4, 0], [4, 5], [5, 1], [5, 4], [5, 6], [6, 2], [6, 5], [6, 7], [7, 3], [7, 6]], ""seed"": 7, ""basis"": [""id"", ""rz"", ""sx"", ""x"", ""ecr""], ""nodes"": 8}",1c54af58f98ce04f3c64adbffe8dbe5ec26492bca016b2595a08e9c2b5021db4,null,,identity proxy before selection when layout is transpiler,d338eb773a8d9b65affd729028e23e9f24e361c2bc1272505190220bc634f90b_synthetic_grid_8q_transpiler,basic,47,v0.4.0,d338eb773a8d9b65affd729028e23e9f24e361c2bc1272505190220bc634f90b_synthetic_grid_8q_transpiler_47,196,160,644,6.706264800000012e-05,-54,0.009992528997827321,True,,7.695415412854073e-14,1e-10,logical Operator.equiv + routed zero/3 random states,"[7, 3, 2, 1, 5, 4]"
6,1.5,0.2,3,reversed,d338eb773a8d9b65affd729028e23e9f24e361c2bc1272505190220bc634f90b,b900105fd332fb167e8c3241bb160ee549828e89691222f9cd8180d5e3225235,703,510,427,276,31,1.7419354838709677,5,1.6666666666666667,2,1,8,10,2.5,4,2.0,1.6521739130434783,4.0,1,prospective,synthetic_grid_8q_transpiler,grid,transpiler,SYNTHETIC_TARGET,"{""edges"": [[0, 1], [0, 4], [1, 0], [1, 2], [1, 5], [2, 1], [2, 3], [2, 6], [3, 2], [3, 7], [4, 0], [4, 5], [5, 1], [5, 4], [5, 6], [6, 2], [6, 5], [6, 7], [7, 3], [7, 6]], ""seed"": 7, ""basis"": [""id"", ""rz"", ""sx"", ""x"", ""ecr""], ""nodes"": 8}",1c54af58f98ce04f3c64adbffe8dbe5ec26492bca016b2595a08e9c2b5021db4,null,,identity proxy before selection when layout is transpiler,d338eb773a8d9b65affd729028e23e9f24e361c2bc1272505190220bc634f90b_synthetic_grid_8q_transpiler,teleport,47,v0.4.0,d338eb773a8d9b65affd729028e23e9f24e361c2bc1272505190220bc634f90b_synthetic_grid_8q_transpiler_47,206,182,618,7.386961200000019e-05,-70,0.009399914000823628,True,,2.72488976530914e-14,1e-10,logical Operator.equiv + routed zero/3 random states,"[7, 3, 2, 1, 5, 4]"
6,1.5,0.2,3,reversed,d338eb773a8d9b65affd729028e23e9f24e361c2bc1272505190220bc634f90b,b900105fd332fb167e8c3241bb160ee549828e89691222f9cd8180d5e3225235,703,510,427,276,31,1.7419354838709677,5,1.6666666666666667,2,1,8,9,2.25,5,2.2857142857142856,1.0,1.0,1,prospective,synthetic_heavy_hex_like_8q_transpiler,heavy_hex_like,transpiler,SYNTHETIC_TARGET,"{""edges"": [[0, 1], [0, 3], [1, 0], [1, 2], [2, 1], [2, 3], [3, 0], [3, 2], [3, 4], [4, 3], [4, 5], [4, 7], [5, 4], [5, 6], [6, 5], [6, 7], [7, 4], [7, 6]], ""seed"": 7, ""basis"": [""id"", ""rz"", ""sx"", ""x"", ""ecr""], ""nodes"": 8}",f911f56297274ab5855fabda92273b130893a8a55e6a11c5c1f619fbe1db12bc,null,,identity proxy before selection when layout is transpiler,d338eb773a8d9b65affd729028e23e9f24e361c2bc1272505190220bc634f90b_synthetic_heavy_hex_like_8q_transpiler,basic,11,v0.4.0,d338eb773a8d9b65affd729028e23e9f24e361c2bc1272505190220bc634f90b_synthetic_heavy_hex_like_8q_transpiler_11,196,160,713,7.871187600000013e-05,-54,0.009970615996280685,True,,9.053977677293032e-14,1e-10,logical Operator.equiv + routed zero/3 random states,"[6, 7, 4, 3, 2, 1]"
6,1.5,0.2,3,reversed,d338eb773a8d9b65affd729028e23e9f24e361c2bc1272505190220bc634f90b,b900105fd332fb167e8c3241bb160ee549828e89691222f9cd8180d5e3225235,703,510,427,276,31,1.7419354838709677,5,1.6666666666666667,2,1,8,9,2.25,5,2.2857142857142856,1.0,1.0,1,prospective,synthetic_heavy_hex_like_8q_transpiler,heavy_hex_like,transpiler,SYNTHETIC_TARGET,"{""edges"": [[0, 1], [0, 3], [1, 0], [1, 2], [2, 1], [2, 3], [3, 0], [3, 2], [3, 4], [4, 3], [4, 5], [4, 7], [5, 4], [5, 6], [6, 5], [6, 7], [7, 4], [7, 6]], ""seed"": 7, ""basis"": [""id"", ""rz"", ""sx"", ""x"", ""ecr""], ""nodes"": 8}",f911f56297274ab5855fabda92273b130893a8a55e6a11c5c1f619fbe1db12bc,null,,identity proxy before selection when layout is transpiler,d338eb773a8d9b65affd729028e23e9f24e361c2bc1272505190220bc634f90b_synthetic_heavy_hex_like_8q_transpiler,teleport,11,v0.4.0,d338eb773a8d9b65affd729028e23e9f24e361c2bc1272505190220bc634f90b_synthetic_heavy_hex_like_8q_transpiler_11,206,182,755,9.244457400000009e-05,-70,0.009928193998348434,True,,1.0435673076543318e-13,1e-10,logical Operator.equiv + routed zero/3 random states,"[6, 7, 4, 3, 2, 1]"
6,1.5,0.2,3,reversed,d338eb773a8d9b65affd729028e23e9f24e361c2bc1272505190220bc634f90b,b900105fd332fb167e8c3241bb160ee549828e89691222f9cd8180d5e3225235,703,510,427,276,31,1.7419354838709677,5,1.6666666666666667,2,1,8,9,2.25,5,2.2857142857142856,1.0,1.0,1,prospective,synthetic_heavy_hex_like_8q_transpiler,heavy_hex_like,transpiler,SYNTHETIC_TARGET,"{""edges"": [[0, 1], [0, 3], [1, 0], [1, 2], [2, 1], [2, 3], [3, 0], [3, 2], [3, 4], [4, 3], [4, 5], [4, 7], [5, 4], [5, 6], [6, 5], [6, 7], [7, 4], [7, 6]], ""seed"": 7, ""basis"": [""id"", ""rz"", ""sx"", ""x"", ""ecr""], ""nodes"": 8}",f911f56297274ab5855fabda92273b130893a8a55e6a11c5c1f619fbe1db12bc,null,,identity proxy before selection when layout is transpiler,d338eb773a8d9b65affd729028e23e9f24e361c2bc1272505190220bc634f90b_synthetic_heavy_hex_like_8q_transpiler,basic,19,v0.4.0,d338eb773a8d9b65affd729028e23e9f24e361c2bc1272505190220bc634f90b_synthetic_heavy_hex_like_8q_transpiler_19,196,160,745,4.556305800000003e-05,-54,0.009445322000829037,True,,8.540468304224358e-14,1e-10,logical Operator.equiv + routed zero/3 random states,"[0, 3, 4, 5, 6, 7]"
6,1.5,0.2,3,reversed,d338eb773a8d9b65affd729028e23e9f24e361c2bc1272505190220bc634f90b,b900105fd332fb167e8c3241bb160ee549828e89691222f9cd8180d5e3225235,703,510,427,276,31,1.7419354838709677,5,1.6666666666666667,2,1,8,9,2.25,5,2.2857142857142856,1.0,1.0,1,prospective,synthetic_heavy_hex_like_8q_transpiler,heavy_hex_like,transpiler,SYNTHETIC_TARGET,"{""edges"": [[0, 1], [0, 3], [1, 0], [1, 2], [2, 1], [2, 3], [3, 0], [3, 2], [3, 4], [4, 3], [4, 5], [4, 7], [5, 4], [5, 6], [6, 5], [6, 7], [7, 4], [7, 6]], ""seed"": 7, ""basis"": [""id"", ""rz"", ""sx"", ""x"", ""ecr""], ""nodes"": 8}",f911f56297274ab5855fabda92273b130893a8a55e6a11c5c1f619fbe1db12bc,null,,identity proxy before selection when layout is transpiler,d338eb773a8d9b65affd729028e23e9f24e361c2bc1272505190220bc634f90b_synthetic_heavy_hex_like_8q_transpiler,teleport,19,v0.4.0,d338eb773a8d9b65affd729028e23e9f24e361c2bc1272505190220bc634f90b_synthetic_heavy_hex_like_8q_transpiler_19,206,182,755,9.244457400000009e-05,-70,0.010248751001199707,True,,1.0435673076543318e-13,1e-10,logical Operator.equiv + routed zero/3 random states,"[6, 7, 4, 3, 2, 1]"
6,1.5,0.2,3,reversed,d338eb773a8d9b65affd729028e23e9f24e361c2bc1272505190220bc634f90b,b900105fd332fb167e8c3241bb160ee549828e89691222f9cd8180d5e3225235,703,510,427,276,31,1.7419354838709677,5,1.6666666666666667,2,1,8,9,2.25,5,2.2857142857142856,1.0,1.0,1,prospective,synthetic_heavy_hex_like_8q_transpiler,heavy_hex_like,transpiler,SYNTHETIC_TARGET,"{""edges"": [[0, 1], [0, 3], [1, 0], [1, 2], [2, 1], [2, 3], [3, 0], [3, 2], [3, 4], [4, 3], [4, 5], [4, 7], [5, 4], [5, 6], [6, 5], [6, 7], [7, 4], [7, 6]], ""seed"": 7, ""basis"": [""id"", ""rz"", ""sx"", ""x"", ""ecr""], ""nodes"": 8}",f911f56297274ab5855fabda92273b130893a8a55e6a11c5c1f619fbe1db12bc,null,,identity proxy before selection when layout is transpiler,d338eb773a8d9b65affd729028e23e9f24e361c2bc1272505190220bc634f90b_synthetic_heavy_hex_like_8q_transpiler,basic,29,v0.4.0,d338eb773a8d9b65affd729028e23e9f24e361c2bc1272505190220bc634f90b_synthetic_heavy_hex_like_8q_transpiler_29,196,160,788,4.2800268000000125e-05,-54,0.010303814000508282,True,,9.973654725803122e-14,1e-10,logical Operator.equiv + routed zero/3 random states,"[7, 6, 5, 4, 3, 2]"
6,1.5,0.2,3,reversed,d338eb773a8d9b65affd729028e23e9f24e361c2bc1272505190220bc634f90b,b900105fd332fb167e8c3241bb160ee549828e89691222f9cd8180d5e3225235,703,510,427,276,31,1.7419354838709677,5,1.6666666666666667,2,1,8,9,2.25,5,2.2857142857142856,1.0,1.0,1,prospective,synthetic_heavy_hex_like_8q_transpiler,heavy_hex_like,transpiler,SYNTHETIC_TARGET,"{""edges"": [[0, 1], [0, 3], [1, 0], [1, 2], [2, 1], [2, 3], [3, 0], [3, 2], [3, 4], [4, 3], [4, 5], [4, 7], [5, 4], [5, 6], [6, 5], [6, 7], [7, 4], [7, 6]], ""seed"": 7, ""basis"": [""id"", ""rz"", ""sx"", ""x"", ""ecr""], ""nodes"": 8}",f911f56297274ab5855fabda92273b130893a8a55e6a11c5c1f619fbe1db12bc,null,,identity proxy before selection when layout is transpiler,d338eb773a8d9b65affd729028e23e9f24e361c2bc1272505190220bc634f90b_synthetic_heavy_hex_like_8q_transpiler,teleport,29,v0.4.0,d338eb773a8d9b65affd729028e23e9f24e361c2bc1272505190220bc634f90b_synthetic_heavy_hex_like_8q_transpiler_29,206,182,610,0.00011061527399999995,-70,0.009438163004233502,True,,2.9439158366627674e-14,1e-10,logical Operator.equiv + routed zero/3 random states,"[6, 7, 4, 3, 0, 1]"
6,1.5,0.2,3,reversed,d338eb773a8d9b65affd729028e23e9f24e361c2bc1272505190220bc634f90b,b900105fd332fb167e8c3241bb160ee549828e89691222f9cd8180d5e3225235,703,510,427,276,31,1.7419354838709677,5,1.6666666666666667,2,1,8,9,2.25,5,2.2857142857142856,1.0,1.0,1,prospective,synthetic_heavy_hex_like_8q_transpiler,heavy_hex_like,transpiler,SYNTHETIC_TARGET,"{""edges"": [[0, 1], [0, 3], [1, 0], [1, 2], [2, 1], [2, 3], [3, 0], [3, 2], [3, 4], [4, 3], [4, 5], [4, 7], [5, 4], [5, 6], [6, 5], [6, 7], [7, 4], [7, 6]], ""seed"": 7, ""basis"": [""id"", ""rz"", ""sx"", ""x"", ""ecr""], ""nodes"": 8}",f911f56297274ab5855fabda92273b130893a8a55e6a11c5c1f619fbe1db12bc,null,,identity proxy before selection when layout is transpiler,d338eb773a8d9b65affd729028e23e9f24e361c2bc1272505190220bc634f90b_synthetic_heavy_hex_like_8q_transpiler,basic,37,v0.4.0,d338eb773a8d9b65affd729028e23e9f24e361c2bc1272505190220bc634f90b_synthetic_heavy_hex_like_8q_transpiler_37,196,160,715,4.744006800000005e-05,-54,0.010101341998961288,True,,7.61500216873198e-14,1e-10,logical Operator.equiv + routed zero/3 random states,"[7, 6, 5, 4, 3, 0]"
6,1.5,0.2,3,reversed,d338eb773a8d9b65affd729028e23e9f24e361c2bc1272505190220bc634f90b,b900105fd332fb167e8c3241bb160ee549828e89691222f9cd8180d5e3225235,703,510,427,276,31,1.7419354838709677,5,1.6666666666666667,2,1,8,9,2.25,5,2.2857142857142856,1.0,1.0,1,prospective,synthetic_heavy_hex_like_8q_transpiler,heavy_hex_like,transpiler,SYNTHETIC_TARGET,"{""edges"": [[0, 1], [0, 3], [1, 0], [1, 2], [2, 1], [2, 3], [3, 0], [3, 2], [3, 4], [4, 3], [4, 5], [4, 7], [5, 4], [5, 6], [6, 5], [6, 7], [7, 4], [7, 6]], ""seed"": 7, ""basis"": [""id"", ""rz"", ""sx"", ""x"", ""ecr""], ""nodes"": 8}",f911f56297274ab5855fabda92273b130893a8a55e6a11c5c1f619fbe1db12bc,null,,identity proxy before selection when layout is transpiler,d338eb773a8d9b65affd729028e23e9f24e361c2bc1272505190220bc634f90b_synthetic_heavy_hex_like_8q_transpiler,teleport,37,v0.4.0,d338eb773a8d9b65affd729028e23e9f24e361c2bc1272505190220bc634f90b_synthetic_heavy_hex_like_8q_transpiler_37,206,182,755,9.244457400000009e-05,-70,0.009975095999834593,True,,1.0435673076543318e-13,1e-10,logical Operator.equiv + routed zero/3 random states,"[6, 7, 4, 3, 2, 1]"
6,1.5,0.2,3,reversed,d338eb773a8d9b65affd729028e23e9f24e361c2bc1272505190220bc634f90b,b900105fd332fb167e8c3241bb160ee549828e89691222f9cd8180d5e3225235,703,510,427,276,31,1.7419354838709677,5,1.6666666666666667,2,1,8,9,2.25,5,2.2857142857142856,1.0,1.0,1,prospective,synthetic_heavy_hex_like_8q_transpiler,heavy_hex_like,transpiler,SYNTHETIC_TARGET,"{""edges"": [[0, 1], [0, 3], [1, 0], [1, 2], [2, 1], [2, 3], [3, 0], [3, 2], [3, 4], [4, 3], [4, 5], [4, 7], [5, 4], [5, 6], [6, 5], [6, 7], [7, 4], [7, 6]], ""seed"": 7, ""basis"": [""id"", ""rz"", ""sx"", ""x"", ""ecr""], ""nodes"": 8}",f911f56297274ab5855fabda92273b130893a8a55e6a11c5c1f619fbe1db12bc,null,,identity proxy before selection when layout is transpiler,d338eb773a8d9b65affd729028e23e9f24e361c2bc1272505190220bc634f90b_synthetic_heavy_hex_like_8q_transpiler,basic,47,v0.4.0,d338eb773a8d9b65affd729028e23e9f24e361c2bc1272505190220bc634f90b_synthetic_heavy_hex_like_8q_transpiler_47,196,160,647,8.039419200000006e-05,-54,0.010187838997808285,True,,7.404712265569596e-14,1e-10,logical Operator.equiv + routed zero/3 random states,"[5, 6, 7, 4, 3, 0]"
6,1.5,0.2,3,reversed,d338eb773a8d9b65affd729028e23e9f24e361c2bc1272505190220bc634f90b,b900105fd332fb167e8c3241bb160ee549828e89691222f9cd8180d5e3225235,703,510,427,276,31,1.7419354838709677,5,1.6666666666666667,2,1,8,9,2.25,5,2.2857142857142856,1.0,1.0,1,prospective,synthetic_heavy_hex_like_8q_transpiler,heavy_hex_like,transpiler,SYNTHETIC_TARGET,"{""edges"": [[0, 1], [0, 3], [1, 0], [1, 2], [2, 1], [2, 3], [3, 0], [3, 2], [3, 4], [4, 3], [4, 5], [4, 7], [5, 4], [5, 6], [6, 5], [6, 7], [7, 4], [7, 6]], ""seed"": 7, ""basis"": [""id"", ""rz"", ""sx"", ""x"", ""ecr""], ""nodes"": 8}",f911f56297274ab5855fabda92273b130893a8a55e6a11c5c1f619fbe1db12bc,null,,identity proxy before selection when layout is transpiler,d338eb773a8d9b65affd729028e23e9f24e361c2bc1272505190220bc634f90b_synthetic_heavy_hex_like_8q_transpiler,teleport,47,v0.4.0,d338eb773a8d9b65affd729028e23e9f24e361c2bc1272505190220bc634f90b_synthetic_heavy_hex_like_8q_transpiler_47,206,182,712,8.888014200000009e-05,-70,0.009323484999185894,True,,3.710524968491405e-14,1e-10,logical Operator.equiv + routed zero/3 random states,"[5, 6, 7, 4, 3, 2]"
6,1.5,0.2,3,reversed,d338eb773a8d9b65affd729028e23e9f24e361c2bc1272505190220bc634f90b,b900105fd332fb167e8c3241bb160ee549828e89691222f9cd8180d5e3225235,703,510,427,276,31,1.7419354838709677,5,1.6666666666666667,2,1,8,9,2.25,4,2.0714285714285716,1.0,1.0,1,prospective,synthetic_irregular_8q_favorable,irregular,favorable,SYNTHETIC_TARGET,"{""edges"": [[0, 1], [0, 3], [1, 0], [1, 2], [2, 1], [2, 3], [2, 7], [3, 0], [3, 2], [3, 4], [4, 3], [4, 5], [5, 4], [5, 6], [6, 5], [6, 7], [7, 2], [7, 6]], ""seed"": 7, ""basis"": [""id"", ""rz"", ""sx"", ""x"", ""ecr""], ""nodes"": 8}",6b6ce92b7572d9aab18041c2ed891a6915103a840fb0577e497bbcb3d6fc0831,"[0, 1, 2, 3, 4, 5]",,identity proxy before selection when layout is transpiler,d338eb773a8d9b65affd729028e23e9f24e361c2bc1272505190220bc634f90b_synthetic_irregular_8q_favorable,basic,11,v0.4.0,d338eb773a8d9b65affd729028e23e9f24e361c2bc1272505190220bc634f90b_synthetic_irregular_8q_favorable_11,196,160,699,7.530528600000003e-05,-54,0.009885965002467856,True,,3.400702631695441e-14,1e-10,logical Operator.equiv + routed zero/3 random states,"[0, 1, 2, 3, 4, 5]"
6,1.5,0.2,3,reversed,d338eb773a8d9b65affd729028e23e9f24e361c2bc1272505190220bc634f90b,b900105fd332fb167e8c3241bb160ee549828e89691222f9cd8180d5e3225235,703,510,427,276,31,1.7419354838709677,5,1.6666666666666667,2,1,8,9,2.25,4,2.0714285714285716,1.0,1.0,1,prospective,synthetic_irregular_8q_favorable,irregular,favorable,SYNTHETIC_TARGET,"{""edges"": [[0, 1], [0, 3], [1, 0], [1, 2], [2, 1], [2, 3], [2, 7], [3, 0], [3, 2], [3, 4], [4, 3], [4, 5], [5, 4], [5, 6], [6, 5], [6, 7], [7, 2], [7, 6]], ""seed"": 7, ""basis"": [""id"", ""rz"", ""sx"", ""x"", ""ecr""], ""nodes"": 8}",6b6ce92b7572d9aab18041c2ed891a6915103a840fb0577e497bbcb3d6fc0831,"[0, 1, 2, 3, 4, 5]",,identity proxy before selection when layout is transpiler,d338eb773a8d9b65affd729028e23e9f24e361c2bc1272505190220bc634f90b_synthetic_irregular_8q_favorable,teleport,11,v0.4.0,d338eb773a8d9b65affd729028e23e9f24e361c2bc1272505190220bc634f90b_synthetic_irregular_8q_favorable_11,206,182,682,8.92997220000001e-05,-70,0.008555678999982774,True,,2.1905814409501502e-14,1e-10,logical Operator.equiv + routed zero/3 random states,"[0, 1, 2, 3, 4, 5]"
6,1.5,0.2,3,reversed,d338eb773a8d9b65affd729028e23e9f24e361c2bc1272505190220bc634f90b,b900105fd332fb167e8c3241bb160ee549828e89691222f9cd8180d5e3225235,703,510,427,276,31,1.7419354838709677,5,1.6666666666666667,2,1,8,9,2.25,4,2.0714285714285716,1.0,1.0,1,prospective,synthetic_irregular_8q_favorable,irregular,favorable,SYNTHETIC_TARGET,"{""edges"": [[0, 1], [0, 3], [1, 0], [1, 2], [2, 1], [2, 3], [2, 7], [3, 0], [3, 2], [3, 4], [4, 3], [4, 5], [5, 4], [5, 6], [6, 5], [6, 7], [7, 2], [7, 6]], ""seed"": 7, ""basis"": [""id"", ""rz"", ""sx"", ""x"", ""ecr""], ""nodes"": 8}",6b6ce92b7572d9aab18041c2ed891a6915103a840fb0577e497bbcb3d6fc0831,"[0, 1, 2, 3, 4, 5]",,identity proxy before selection when layout is transpiler,d338eb773a8d9b65affd729028e23e9f24e361c2bc1272505190220bc634f90b_synthetic_irregular_8q_favorable,basic,19,v0.4.0,d338eb773a8d9b65affd729028e23e9f24e361c2bc1272505190220bc634f90b_synthetic_irregular_8q_favorable_19,196,160,699,7.530528600000003e-05,-54,0.009063860001333524,True,,3.400702631695441e-14,1e-10,logical Operator.equiv + routed zero/3 random states,"[0, 1, 2, 3, 4, 5]"
6,1.5,0.2,3,reversed,d338eb773a8d9b65affd729028e23e9f24e361c2bc1272505190220bc634f90b,b900105fd332fb167e8c3241bb160ee549828e89691222f9cd8180d5e3225235,703,510,427,276,31,1.7419354838709677,5,1.6666666666666667,2,1,8,9,2.25,4,2.0714285714285716,1.0,1.0,1,prospective,synthetic_irregular_8q_favorable,irregular,favorable,SYNTHETIC_TARGET,"{""edges"": [[0, 1], [0, 3], [1, 0], [1, 2], [2, 1], [2, 3], [2, 7], [3, 0], [3, 2], [3, 4], [4, 3], [4, 5], [5, 4], [5, 6], [6, 5], [6, 7], [7, 2], [7, 6]], ""seed"": 7, ""basis"": [""id"", ""rz"", ""sx"", ""x"", ""ecr""], ""nodes"": 8}",6b6ce92b7572d9aab18041c2ed891a6915103a840fb0577e497bbcb3d6fc0831,"[0, 1, 2, 3, 4, 5]",,identity proxy before selection when layout is transpiler,d338eb773a8d9b65affd729028e23e9f24e361c2bc1272505190220bc634f90b_synthetic_irregular_8q_favorable,teleport,19,v0.4.0,d338eb773a8d9b65affd729028e23e9f24e361c2bc1272505190220bc634f90b_synthetic_irregular_8q_favorable_19,206,182,682,8.92997220000001e-05,-70,0.009271062001062091,True,,2.1905814409501502e-14,1e-10,logical Operator.equiv + routed zero/3 random states,"[0, 1, 2, 3, 4, 5]"
6,1.5,0.2,3,reversed,d338eb773a8d9b65affd729028e23e9f24e361c2bc1272505190220bc634f90b,b900105fd332fb167e8c3241bb160ee549828e89691222f9cd8180d5e3225235,703,510,427,276,31,1.7419354838709677,5,1.6666666666666667,2,1,8,9,2.25,4,2.0714285714285716,1.0,1.0,1,prospective,synthetic_irregular_8q_favorable,irregular,favorable,SYNTHETIC_TARGET,"{""edges"": [[0, 1], [0, 3], [1, 0], [1, 2], [2, 1], [2, 3], [2, 7], [3, 0], [3, 2], [3, 4], [4, 3], [4, 5], [5, 4], [5, 6], [6, 5], [6, 7], [7, 2], [7, 6]], ""seed"": 7, ""basis"": [""id"", ""rz"", ""sx"", ""x"", ""ecr""], ""nodes"": 8}",6b6ce92b7572d9aab18041c2ed891a6915103a840fb0577e497bbcb3d6fc0831,"[0, 1, 2, 3, 4, 5]",,identity proxy before selection when layout is transpiler,d338eb773a8d9b65affd729028e23e9f24e361c2bc1272505190220bc634f90b_synthetic_irregular_8q_favorable,basic,29,v0.4.0,d338eb773a8d9b65affd729028e23e9f24e361c2bc1272505190220bc634f90b_synthetic_irregular_8q_favorable_29,196,160,699,7.530528600000003e-05,-54,0.009705099000711925,True,,3.400702631695441e-14,1e-10,logical Operator.equiv + routed zero/3 random states,"[0, 1, 2, 3, 4, 5]"
6,1.5,0.2,3,reversed,d338eb773a8d9b65affd729028e23e9f24e361c2bc1272505190220bc634f90b,b900105fd332fb167e8c3241bb160ee549828e89691222f9cd8180d5e3225235,703,510,427,276,31,1.7419354838709677,5,1.6666666666666667,2,1,8,9,2.25,4,2.0714285714285716,1.0,1.0,1,prospective,synthetic_irregular_8q_favorable,irregular,favorable,SYNTHETIC_TARGET,"{""edges"": [[0, 1], [0, 3], [1, 0], [1, 2], [2, 1], [2, 3], [2, 7], [3, 0], [3, 2], [3, 4], [4, 3], [4, 5], [5, 4], [5, 6], [6, 5], [6, 7], [7, 2], [7, 6]], ""seed"": 7, ""basis"": [""id"", ""rz"", ""sx"", ""x"", ""ecr""], ""nodes"": 8}",6b6ce92b7572d9aab18041c2ed891a6915103a840fb0577e497bbcb3d6fc0831,"[0, 1, 2, 3, 4, 5]",,identity proxy before selection when layout is transpiler,d338eb773a8d9b65affd729028e23e9f24e361c2bc1272505190220bc634f90b_synthetic_irregular_8q_favorable,teleport,29,v0.4.0,d338eb773a8d9b65affd729028e23e9f24e361c2bc1272505190220bc634f90b_synthetic_irregular_8q_favorable_29,206,182,682,8.92997220000001e-05,-70,0.009024124999996275,True,,2.1905814409501502e-14,1e-10,logical Operator.equiv + routed zero/3 random states,"[0, 1, 2, 3, 4, 5]"
6,1.5,0.2,3,reversed,d338eb773a8d9b65affd729028e23e9f24e361c2bc1272505190220bc634f90b,b900105fd332fb167e8c3241bb160ee549828e89691222f9cd8180d5e3225235,703,510,427,276,31,1.7419354838709677,5,1.6666666666666667,2,1,8,9,2.25,4,2.0714285714285716,1.0,1.0,1,prospective,synthetic_irregular_8q_favorable,irregular,favorable,SYNTHETIC_TARGET,"{""edges"": [[0, 1], [0, 3], [1, 0], [1, 2], [2, 1], [2, 3], [2, 7], [3, 0], [3, 2], [3, 4], [4, 3], [4, 5], [5, 4], [5, 6], [6, 5], [6, 7], [7, 2], [7, 6]], ""seed"": 7, ""basis"": [""id"", ""rz"", ""sx"", ""x"", ""ecr""], ""nodes"": 8}",6b6ce92b7572d9aab18041c2ed891a6915103a840fb0577e497bbcb3d6fc0831,"[0, 1, 2, 3, 4, 5]",,identity proxy before selection when layout is transpiler,d338eb773a8d9b65affd729028e23e9f24e361c2bc1272505190220bc634f90b_synthetic_irregular_8q_favorable,basic,37,v0.4.0,d338eb773a8d9b65affd729028e23e9f24e361c2bc1272505190220bc634f90b_synthetic_irregular_8q_favorable_37,196,160,699,7.530528600000003e-05,-54,0.008933202996558975,True,,3.400702631695441e-14,1e-10,logical Operator.equiv + routed zero/3 random states,"[0, 1, 2, 3, 4, 5]"
6,1.5,0.2,3,reversed,d338eb773a8d9b65affd729028e23e9f24e361c2bc1272505190220bc634f90b,b900105fd332fb167e8c3241bb160ee549828e89691222f9cd8180d5e3225235,703,510,427,276,31,1.7419354838709677,5,1.6666666666666667,2,1,8,9,2.25,4,2.0714285714285716,1.0,1.0,1,prospective,synthetic_irregular_8q_favorable,irregular,favorable,SYNTHETIC_TARGET,"{""edges"": [[0, 1], [0, 3], [1, 0], [1, 2], [2, 1], [2, 3], [2, 7], [3, 0], [3, 2], [3, 4], [4, 3], [4, 5], [5, 4], [5, 6], [6, 5], [6, 7], [7, 2], [7, 6]], ""seed"": 7, ""basis"": [""id"", ""rz"", ""sx"", ""x"", ""ecr""], ""nodes"": 8}",6b6ce92b7572d9aab18041c2ed891a6915103a840fb0577e497bbcb3d6fc0831,"[0, 1, 2, 3, 4, 5]",,identity proxy before selection when layout is transpiler,d338eb773a8d9b65affd729028e23e9f24e361c2bc1272505190220bc634f90b_synthetic_irregular_8q_favorable,teleport,37,v0.4.0,d338eb773a8d9b65affd729028e23e9f24e361c2bc1272505190220bc634f90b_synthetic_irregular_8q_favorable_37,206,182,682,8.92997220000001e-05,-70,0.009030446999531705,True,,2.1905814409501502e-14,1e-10,logical Operator.equiv + routed zero/3 random states,"[0, 1, 2, 3, 4, 5]"
6,1.5,0.2,3,reversed,d338eb773a8d9b65affd729028e23e9f24e361c2bc1272505190220bc634f90b,b900105fd332fb167e8c3241bb160ee549828e89691222f9cd8180d5e3225235,703,510,427,276,31,1.7419354838709677,5,1.6666666666666667,2,1,8,9,2.25,4,2.0714285714285716,1.0,1.0,1,prospective,synthetic_irregular_8q_favorable,irregular,favorable,SYNTHETIC_TARGET,"{""edges"": [[0, 1], [0, 3], [1, 0], [1, 2], [2, 1], [2, 3], [2, 7], [3, 0], [3, 2], [3, 4], [4, 3], [4, 5], [5, 4], [5, 6], [6, 5], [6, 7], [7, 2], [7, 6]], ""seed"": 7, ""basis"": [""id"", ""rz"", ""sx"", ""x"", ""ecr""], ""nodes"": 8}",6b6ce92b7572d9aab18041c2ed891a6915103a840fb0577e497bbcb3d6fc0831,"[0, 1, 2, 3, 4, 5]",,identity proxy before selection when layout is transpiler,d338eb773a8d9b65affd729028e23e9f24e361c2bc1272505190220bc634f90b_synthetic_irregular_8q_favorable,basic,47,v0.4.0,d338eb773a8d9b65affd729028e23e9f24e361c2bc1272505190220bc634f90b_synthetic_irregular_8q_favorable_47,196,160,699,7.530528600000003e-05,-54,0.009840831000474282,True,,3.400702631695441e-14,1e-10,logical Operator.equiv + routed zero/3 random states,"[0, 1, 2, 3, 4, 5]"
6,1.5,0.2,3,reversed,d338eb773a8d9b65affd729028e23e9f24e361c2bc1272505190220bc634f90b,b900105fd332fb167e8c3241bb160ee549828e89691222f9cd8180d5e3225235,703,510,427,276,31,1.7419354838709677,5,1.6666666666666667,2,1,8,9,2.25,4,2.0714285714285716,1.0,1.0,1,prospective,synthetic_irregular_8q_favorable,irregular,favorable,SYNTHETIC_TARGET,"{""edges"": [[0, 1], [0, 3], [1, 0], [1, 2], [2, 1], [2, 3], [2, 7], [3, 0], [3, 2], [3, 4], [4, 3], [4, 5], [5, 4], [5, 6], [6, 5], [6, 7], [7, 2], [7, 6]], ""seed"": 7, ""basis"": [""id"", ""rz"", ""sx"", ""x"", ""ecr""], ""nodes"": 8}",6b6ce92b7572d9aab18041c2ed891a6915103a840fb0577e497bbcb3d6fc0831,"[0, 1, 2, 3, 4, 5]",,identity proxy before selection when layout is transpiler,d338eb773a8d9b65affd729028e23e9f24e361c2bc1272505190220bc634f90b_synthetic_irregular_8q_favorable,teleport,47,v0.4.0,d338eb773a8d9b65affd729028e23e9f24e361c2bc1272505190220bc634f90b_synthetic_irregular_8q_favorable_47,206,182,682,8.92997220000001e-05,-70,0.009711031001643278,True,,2.1905814409501502e-14,1e-10,logical Operator.equiv + routed zero/3 random states,"[0, 1, 2, 3, 4, 5]"
6,1.5,0.2,3,reversed,d338eb773a8d9b65affd729028e23e9f24e361c2bc1272505190220bc634f90b,b900105fd332fb167e8c3241bb160ee549828e89691222f9cd8180d5e3225235,703,510,427,276,31,1.7419354838709677,5,1.6666666666666667,2,1,8,9,2.25,4,2.0714285714285716,1.434782608695652,2.0,1,prospective,synthetic_irregular_8q_spread,irregular,spread,SYNTHETIC_TARGET,"{""edges"": [[0, 1], [0, 3], [1, 0], [1, 2], [2, 1], [2, 3], [2, 7], [3, 0], [3, 2], [3, 4], [4, 3], [4, 5], [5, 4], [5, 6], [6, 5], [6, 7], [7, 2], [7, 6]], ""seed"": 7, ""basis"": [""id"", ""rz"", ""sx"", ""x"", ""ecr""], ""nodes"": 8}",6b6ce92b7572d9aab18041c2ed891a6915103a840fb0577e497bbcb3d6fc0831,"[0, 1, 3, 4, 6, 7]",,identity proxy before selection when layout is transpiler,d338eb773a8d9b65affd729028e23e9f24e361c2bc1272505190220bc634f90b_synthetic_irregular_8q_spread,basic,11,v0.4.0,d338eb773a8d9b65affd729028e23e9f24e361c2bc1272505190220bc634f90b_synthetic_irregular_8q_spread_11,208,166,765,3.7249602000000036e-05,-42,0.010665822999726515,True,,8.784920851035885e-14,1e-10,logical Operator.equiv + routed zero/3 random states,"[0, 3, 4, 5, 6, 7]"
6,1.5,0.2,3,reversed,d338eb773a8d9b65affd729028e23e9f24e361c2bc1272505190220bc634f90b,b900105fd332fb167e8c3241bb160ee549828e89691222f9cd8180d5e3225235,703,510,427,276,31,1.7419354838709677,5,1.6666666666666667,2,1,8,9,2.25,4,2.0714285714285716,1.434782608695652,2.0,1,prospective,synthetic_irregular_8q_spread,irregular,spread,SYNTHETIC_TARGET,"{""edges"": [[0, 1], [0, 3], [1, 0], [1, 2], [2, 1], [2, 3], [2, 7], [3, 0], [3, 2], [3, 4], [4, 3], [4, 5], [5, 4], [5, 6], [6, 5], [6, 7], [7, 2], [7, 6]], ""seed"": 7, ""basis"": [""id"", ""rz"", ""sx"", ""x"", ""ecr""], ""nodes"": 8}",6b6ce92b7572d9aab18041c2ed891a6915103a840fb0577e497bbcb3d6fc0831,"[0, 1, 3, 4, 6, 7]",,identity proxy before selection when layout is transpiler,d338eb773a8d9b65affd729028e23e9f24e361c2bc1272505190220bc634f90b_synthetic_irregular_8q_spread,teleport,11,v0.4.0,d338eb773a8d9b65affd729028e23e9f24e361c2bc1272505190220bc634f90b_synthetic_irregular_8q_spread_11,218,185,806,3.661734600000008e-05,-58,0.0096369910024805,True,,1.6063754296990096e-13,1e-10,logical Operator.equiv + routed zero/3 random states,"[0, 3, 4, 5, 6, 7]"
6,1.5,0.2,3,reversed,d338eb773a8d9b65affd729028e23e9f24e361c2bc1272505190220bc634f90b,b900105fd332fb167e8c3241bb160ee549828e89691222f9cd8180d5e3225235,703,510,427,276,31,1.7419354838709677,5,1.6666666666666667,2,1,8,9,2.25,4,2.0714285714285716,1.434782608695652,2.0,1,prospective,synthetic_irregular_8q_spread,irregular,spread,SYNTHETIC_TARGET,"{""edges"": [[0, 1], [0, 3], [1, 0], [1, 2], [2, 1], [2, 3], [2, 7], [3, 0], [3, 2], [3, 4], [4, 3], [4, 5], [5, 4], [5, 6], [6, 5], [6, 7], [7, 2], [7, 6]], ""seed"": 7, ""basis"": [""id"", ""rz"", ""sx"", ""x"", ""ecr""], ""nodes"": 8}",6b6ce92b7572d9aab18041c2ed891a6915103a840fb0577e497bbcb3d6fc0831,"[0, 1, 3, 4, 6, 7]",,identity proxy before selection when layout is transpiler,d338eb773a8d9b65affd729028e23e9f24e361c2bc1272505190220bc634f90b_synthetic_irregular_8q_spread,basic,19,v0.4.0,d338eb773a8d9b65affd729028e23e9f24e361c2bc1272505190220bc634f90b_synthetic_irregular_8q_spread_19,208,166,765,3.7249602000000036e-05,-42,0.010636635997798294,True,,8.784920851035885e-14,1e-10,logical Operator.equiv + routed zero/3 random states,"[0, 3, 4, 5, 6, 7]"
6,1.5,0.2,3,reversed,d338eb773a8d9b65affd729028e23e9f24e361c2bc1272505190220bc634f90b,b900105fd332fb167e8c3241bb160ee549828e89691222f9cd8180d5e3225235,703,510,427,276,31,1.7419354838709677,5,1.6666666666666667,2,1,8,9,2.25,4,2.0714285714285716,1.434782608695652,2.0,1,prospective,synthetic_irregular_8q_spread,irregular,spread,SYNTHETIC_TARGET,"{""edges"": [[0, 1], [0, 3], [1, 0], [1, 2], [2, 1], [2, 3], [2, 7], [3, 0], [3, 2], [3, 4], [4, 3], [4, 5], [5, 4], [5, 6], [6, 5], [6, 7], [7, 2], [7, 6]], ""seed"": 7, ""basis"": [""id"", ""rz"", ""sx"", ""x"", ""ecr""], ""nodes"": 8}",6b6ce92b7572d9aab18041c2ed891a6915103a840fb0577e497bbcb3d6fc0831,"[0, 1, 3, 4, 6, 7]",,identity proxy before selection when layout is transpiler,d338eb773a8d9b65affd729028e23e9f24e361c2bc1272505190220bc634f90b_synthetic_irregular_8q_spread,teleport,19,v0.4.0,d338eb773a8d9b65affd729028e23e9f24e361c2bc1272505190220bc634f90b_synthetic_irregular_8q_spread_19,218,185,806,3.661734600000008e-05,-58,0.010088906004966702,True,,1.6063754296990096e-13,1e-10,logical Operator.equiv + routed zero/3 random states,"[0, 3, 4, 5, 6, 7]"
6,1.5,0.2,3,reversed,d338eb773a8d9b65affd729028e23e9f24e361c2bc1272505190220bc634f90b,b900105fd332fb167e8c3241bb160ee549828e89691222f9cd8180d5e3225235,703,510,427,276,31,1.7419354838709677,5,1.6666666666666667,2,1,8,9,2.25,4,2.0714285714285716,1.434782608695652,2.0,1,prospective,synthetic_irregular_8q_spread,irregular,spread,SYNTHETIC_TARGET,"{""edges"": [[0, 1], [0, 3], [1, 0], [1, 2], [2, 1], [2, 3], [2, 7], [3, 0], [3, 2], [3, 4], [4, 3], [4, 5], [5, 4], [5, 6], [6, 5], [6, 7], [7, 2], [7, 6]], ""seed"": 7, ""basis"": [""id"", ""rz"", ""sx"", ""x"", ""ecr""], ""nodes"": 8}",6b6ce92b7572d9aab18041c2ed891a6915103a840fb0577e497bbcb3d6fc0831,"[0, 1, 3, 4, 6, 7]",,identity proxy before selection when layout is transpiler,d338eb773a8d9b65affd729028e23e9f24e361c2bc1272505190220bc634f90b_synthetic_irregular_8q_spread,basic,29,v0.4.0,d338eb773a8d9b65affd729028e23e9f24e361c2bc1272505190220bc634f90b_synthetic_irregular_8q_spread_29,208,166,765,3.7249602000000036e-05,-42,0.009105421006097458,True,,8.784920851035885e-14,1e-10,logical Operator.equiv + routed zero/3 random states,"[0, 3, 4, 5, 6, 7]"
6,1.5,0.2,3,reversed,d338eb773a8d9b65affd729028e23e9f24e361c2bc1272505190220bc634f90b,b900105fd332fb167e8c3241bb160ee549828e89691222f9cd8180d5e3225235,703,510,427,276,31,1.7419354838709677,5,1.6666666666666667,2,1,8,9,2.25,4,2.0714285714285716,1.434782608695652,2.0,1,prospective,synthetic_irregular_8q_spread,irregular,spread,SYNTHETIC_TARGET,"{""edges"": [[0, 1], [0, 3], [1, 0], [1, 2], [2, 1], [2, 3], [2, 7], [3, 0], [3, 2], [3, 4], [4, 3], [4, 5], [5, 4], [5, 6], [6, 5], [6, 7], [7, 2], [7, 6]], ""seed"": 7, ""basis"": [""id"", ""rz"", ""sx"", ""x"", ""ecr""], ""nodes"": 8}",6b6ce92b7572d9aab18041c2ed891a6915103a840fb0577e497bbcb3d6fc0831,"[0, 1, 3, 4, 6, 7]",,identity proxy before selection when layout is transpiler,d338eb773a8d9b65affd729028e23e9f24e361c2bc1272505190220bc634f90b_synthetic_irregular_8q_spread,teleport,29,v0.4.0,d338eb773a8d9b65affd729028e23e9f24e361c2bc1272505190220bc634f90b_synthetic_irregular_8q_spread_29,218,185,806,3.661734600000008e-05,-58,0.009018355995067395,True,,1.6063754296990096e-13,1e-10,logical Operator.equiv + routed zero/3 random states,"[0, 3, 4, 5, 6, 7]"
6,1.5,0.2,3,reversed,d338eb773a8d9b65affd729028e23e9f24e361c2bc1272505190220bc634f90b,b900105fd332fb167e8c3241bb160ee549828e89691222f9cd8180d5e3225235,703,510,427,276,31,1.7419354838709677,5,1.6666666666666667,2,1,8,9,2.25,4,2.0714285714285716,1.434782608695652,2.0,1,prospective,synthetic_irregular_8q_spread,irregular,spread,SYNTHETIC_TARGET,"{""edges"": [[0, 1], [0, 3], [1, 0], [1, 2], [2, 1], [2, 3], [2, 7], [3, 0], [3, 2], [3, 4], [4, 3], [4, 5], [5, 4], [5, 6], [6, 5], [6, 7], [7, 2], [7, 6]], ""seed"": 7, ""basis"": [""id"", ""rz"", ""sx"", ""x"", ""ecr""], ""nodes"": 8}",6b6ce92b7572d9aab18041c2ed891a6915103a840fb0577e497bbcb3d6fc0831,"[0, 1, 3, 4, 6, 7]",,identity proxy before selection when layout is transpiler,d338eb773a8d9b65affd729028e23e9f24e361c2bc1272505190220bc634f90b_synthetic_irregular_8q_spread,basic,37,v0.4.0,d338eb773a8d9b65affd729028e23e9f24e361c2bc1272505190220bc634f90b_synthetic_irregular_8q_spread_37,208,166,765,3.7249602000000036e-05,-42,0.009916003997204825,True,,8.784920851035885e-14,1e-10,logical Operator.equiv + routed zero/3 random states,"[0, 3, 4, 5, 6, 7]"
6,1.5,0.2,3,reversed,d338eb773a8d9b65affd729028e23e9f24e361c2bc1272505190220bc634f90b,b900105fd332fb167e8c3241bb160ee549828e89691222f9cd8180d5e3225235,703,510,427,276,31,1.7419354838709677,5,1.6666666666666667,2,1,8,9,2.25,4,2.0714285714285716,1.434782608695652,2.0,1,prospective,synthetic_irregular_8q_spread,irregular,spread,SYNTHETIC_TARGET,"{""edges"": [[0, 1], [0, 3], [1, 0], [1, 2], [2, 1], [2, 3], [2, 7], [3, 0], [3, 2], [3, 4], [4, 3], [4, 5], [5, 4], [5, 6], [6, 5], [6, 7], [7, 2], [7, 6]], ""seed"": 7, ""basis"": [""id"", ""rz"", ""sx"", ""x"", ""ecr""], ""nodes"": 8}",6b6ce92b7572d9aab18041c2ed891a6915103a840fb0577e497bbcb3d6fc0831,"[0, 1, 3, 4, 6, 7]",,identity proxy before selection when layout is transpiler,d338eb773a8d9b65affd729028e23e9f24e361c2bc1272505190220bc634f90b_synthetic_irregular_8q_spread,teleport,37,v0.4.0,d338eb773a8d9b65affd729028e23e9f24e361c2bc1272505190220bc634f90b_synthetic_irregular_8q_spread_37,218,185,806,3.661734600000008e-05,-58,0.009507659000519197,True,,1.6063754296990096e-13,1e-10,logical Operator.equiv + routed zero/3 random states,"[0, 3, 4, 5, 6, 7]"
6,1.5,0.2,3,reversed,d338eb773a8d9b65affd729028e23e9f24e361c2bc1272505190220bc634f90b,b900105fd332fb167e8c3241bb160ee549828e89691222f9cd8180d5e3225235,703,510,427,276,31,1.7419354838709677,5,1.6666666666666667,2,1,8,9,2.25,4,2.0714285714285716,1.434782608695652,2.0,1,prospective,synthetic_irregular_8q_spread,irregular,spread,SYNTHETIC_TARGET,"{""edges"": [[0, 1], [0, 3], [1, 0], [1, 2], [2, 1], [2, 3], [2, 7], [3, 0], [3, 2], [3, 4], [4, 3], [4, 5], [5, 4], [5, 6], [6, 5], [6, 7], [7, 2], [7, 6]], ""seed"": 7, ""basis"": [""id"", ""rz"", ""sx"", ""x"", ""ecr""], ""nodes"": 8}",6b6ce92b7572d9aab18041c2ed891a6915103a840fb0577e497bbcb3d6fc0831,"[0, 1, 3, 4, 6, 7]",,identity proxy before selection when layout is transpiler,d338eb773a8d9b65affd729028e23e9f24e361c2bc1272505190220bc634f90b_synthetic_irregular_8q_spread,basic,47,v0.4.0,d338eb773a8d9b65affd729028e23e9f24e361c2bc1272505190220bc634f90b_synthetic_irregular_8q_spread_47,208,166,765,3.7249602000000036e-05,-42,0.011015363998012617,True,,8.784920851035885e-14,1e-10,logical Operator.equiv + routed zero/3 random states,"[0, 3, 4, 5, 6, 7]"
6,1.5,0.2,3,reversed,d338eb773a8d9b65affd729028e23e9f24e361c2bc1272505190220bc634f90b,b900105fd332fb167e8c3241bb160ee549828e89691222f9cd8180d5e3225235,703,510,427,276,31,1.7419354838709677,5,1.6666666666666667,2,1,8,9,2.25,4,2.0714285714285716,1.434782608695652,2.0,1,prospective,synthetic_irregular_8q_spread,irregular,spread,SYNTHETIC_TARGET,"{""edges"": [[0, 1], [0, 3], [1, 0], [1, 2], [2, 1], [2, 3], [2, 7], [3, 0], [3, 2], [3, 4], [4, 3], [4, 5], [5, 4], [5, 6], [6, 5], [6, 7], [7, 2], [7, 6]], ""seed"": 7, ""basis"": [""id"", ""rz"", ""sx"", ""x"", ""ecr""], ""nodes"": 8}",6b6ce92b7572d9aab18041c2ed891a6915103a840fb0577e497bbcb3d6fc0831,"[0, 1, 3, 4, 6, 7]",,identity proxy before selection when layout is transpiler,d338eb773a8d9b65affd729028e23e9f24e361c2bc1272505190220bc634f90b_synthetic_irregular_8q_spread,teleport,47,v0.4.0,d338eb773a8d9b65affd729028e23e9f24e361c2bc1272505190220bc634f90b_synthetic_irregular_8q_spread_47,218,185,806,3.661734600000008e-05,-58,0.009461597001063637,True,,1.6063754296990096e-13,1e-10,logical Operator.equiv + routed zero/3 random states,"[0, 3, 4, 5, 6, 7]"
6,1.5,0.2,3,symmetry,7e51cc13b595a2c405f4e95cc42eb66be8187f7e9b2846e1655f0c93c77108c8,a30a7e40cfad5385e27071eb6d6b962f4f2302f27e94404d5f75b0ca0d8b87f9,703,360,427,276,31,1.7419354838709677,5,1.6666666666666667,2,1,8,7,1.75,7,3.0,1.0,1.0,1,prospective,synthetic_line_8q_favorable,line,favorable,SYNTHETIC_TARGET,"{""edges"": [[0, 1], [1, 0], [1, 2], [2, 1], [2, 3], [3, 2], [3, 4], [4, 3], [4, 5], [5, 4], [5, 6], [6, 5], [6, 7], [7, 6]], ""seed"": 7, ""basis"": [""id"", ""rz"", ""sx"", ""x"", ""ecr""], ""nodes"": 8}",801945da6501ad7b48137221aea8d7e8e5603ff1e572732c6d3f24a3be410b79,"[0, 1, 2, 3, 4, 5]",,identity proxy before selection when layout is transpiler,7e51cc13b595a2c405f4e95cc42eb66be8187f7e9b2846e1655f0c93c77108c8_synthetic_line_8q_favorable,basic,11,v0.4.0,7e51cc13b595a2c405f4e95cc42eb66be8187f7e9b2846e1655f0c93c77108c8_synthetic_line_8q_favorable_11,122,84,437,4.2381132000000055e-05,-106,0.008386486006202176,True,,3.753001334676532e-14,1e-10,logical Operator.equiv + routed zero/3 random states,"[0, 1, 2, 3, 4, 5]"
6,1.5,0.2,3,symmetry,7e51cc13b595a2c405f4e95cc42eb66be8187f7e9b2846e1655f0c93c77108c8,a30a7e40cfad5385e27071eb6d6b962f4f2302f27e94404d5f75b0ca0d8b87f9,703,360,427,276,31,1.7419354838709677,5,1.6666666666666667,2,1,8,7,1.75,7,3.0,1.0,1.0,1,prospective,synthetic_line_8q_favorable,line,favorable,SYNTHETIC_TARGET,"{""edges"": [[0, 1], [1, 0], [1, 2], [2, 1], [2, 3], [3, 2], [3, 4], [4, 3], [4, 5], [5, 4], [5, 6], [6, 5], [6, 7], [7, 6]], ""seed"": 7, ""basis"": [""id"", ""rz"", ""sx"", ""x"", ""ecr""], ""nodes"": 8}",801945da6501ad7b48137221aea8d7e8e5603ff1e572732c6d3f24a3be410b79,"[0, 1, 2, 3, 4, 5]",,identity proxy before selection when layout is transpiler,7e51cc13b595a2c405f4e95cc42eb66be8187f7e9b2846e1655f0c93c77108c8_synthetic_line_8q_favorable,teleport,11,v0.4.0,7e51cc13b595a2c405f4e95cc42eb66be8187f7e9b2846e1655f0c93c77108c8_synthetic_line_8q_favorable_11,158,118,608,6.109218000000012e-05,-118,0.010430972994072363,True,,4.709350153369694e-14,1e-10,logical Operator.equiv + routed zero/3 random states,"[0, 1, 2, 3, 4, 5]"
6,1.5,0.2,3,symmetry,7e51cc13b595a2c405f4e95cc42eb66be8187f7e9b2846e1655f0c93c77108c8,a30a7e40cfad5385e27071eb6d6b962f4f2302f27e94404d5f75b0ca0d8b87f9,703,360,427,276,31,1.7419354838709677,5,1.6666666666666667,2,1,8,7,1.75,7,3.0,1.0,1.0,1,prospective,synthetic_line_8q_favorable,line,favorable,SYNTHETIC_TARGET,"{""edges"": [[0, 1], [1, 0], [1, 2], [2, 1], [2, 3], [3, 2], [3, 4], [4, 3], [4, 5], [5, 4], [5, 6], [6, 5], [6, 7], [7, 6]], ""seed"": 7, ""basis"": [""id"", ""rz"", ""sx"", ""x"", ""ecr""], ""nodes"": 8}",801945da6501ad7b48137221aea8d7e8e5603ff1e572732c6d3f24a3be410b79,"[0, 1, 2, 3, 4, 5]",,identity proxy before selection when layout is transpiler,7e51cc13b595a2c405f4e95cc42eb66be8187f7e9b2846e1655f0c93c77108c8_synthetic_line_8q_favorable,basic,19,v0.4.0,7e51cc13b595a2c405f4e95cc42eb66be8187f7e9b2846e1655f0c93c77108c8_synthetic_line_8q_favorable_19,122,84,437,4.2381132000000055e-05,-106,0.008425911000813358,True,,3.753001334676532e-14,1e-10,logical Operator.equiv + routed zero/3 random states,"[0, 1, 2, 3, 4, 5]"
6,1.5,0.2,3,symmetry,7e51cc13b595a2c405f4e95cc42eb66be8187f7e9b2846e1655f0c93c77108c8,a30a7e40cfad5385e27071eb6d6b962f4f2302f27e94404d5f75b0ca0d8b87f9,703,360,427,276,31,1.7419354838709677,5,1.6666666666666667,2,1,8,7,1.75,7,3.0,1.0,1.0,1,prospective,synthetic_line_8q_favorable,line,favorable,SYNTHETIC_TARGET,"{""edges"": [[0, 1], [1, 0], [1, 2], [2, 1], [2, 3], [3, 2], [3, 4], [4, 3], [4, 5], [5, 4], [5, 6], [6, 5], [6, 7], [7, 6]], ""seed"": 7, ""basis"": [""id"", ""rz"", ""sx"", ""x"", ""ecr""], ""nodes"": 8}",801945da6501ad7b48137221aea8d7e8e5603ff1e572732c6d3f24a3be410b79,"[0, 1, 2, 3, 4, 5]",,identity proxy before selection when layout is transpiler,7e51cc13b595a2c405f4e95cc42eb66be8187f7e9b2846e1655f0c93c77108c8_synthetic_line_8q_favorable,teleport,19,v0.4.0,7e51cc13b595a2c405f4e95cc42eb66be8187f7e9b2846e1655f0c93c77108c8_synthetic_line_8q_favorable_19,158,118,608,6.109218000000012e-05,-118,0.009820788000070024,True,,4.709350153369694e-14,1e-10,logical Operator.equiv + routed zero/3 random states,"[0, 1, 2, 3, 4, 5]"
6,1.5,0.2,3,symmetry,7e51cc13b595a2c405f4e95cc42eb66be8187f7e9b2846e1655f0c93c77108c8,a30a7e40cfad5385e27071eb6d6b962f4f2302f27e94404d5f75b0ca0d8b87f9,703,360,427,276,31,1.7419354838709677,5,1.6666666666666667,2,1,8,7,1.75,7,3.0,1.0,1.0,1,prospective,synthetic_line_8q_favorable,line,favorable,SYNTHETIC_TARGET,"{""edges"": [[0, 1], [1, 0], [1, 2], [2, 1], [2, 3], [3, 2], [3, 4], [4, 3], [4, 5], [5, 4], [5, 6], [6, 5], [6, 7], [7, 6]], ""seed"": 7, ""basis"": [""id"", ""rz"", ""sx"", ""x"", ""ecr""], ""nodes"": 8}",801945da6501ad7b48137221aea8d7e8e5603ff1e572732c6d3f24a3be410b79,"[0, 1, 2, 3, 4, 5]",,identity proxy before selection when layout is transpiler,7e51cc13b595a2c405f4e95cc42eb66be8187f7e9b2846e1655f0c93c77108c8_synthetic_line_8q_favorable,basic,29,v0.4.0,7e51cc13b595a2c405f4e95cc42eb66be8187f7e9b2846e1655f0c93c77108c8_synthetic_line_8q_favorable_29,122,84,437,4.2381132000000055e-05,-106,0.009506043999863323,True,,3.753001334676532e-14,1e-10,logical Operator.equiv + routed zero/3 random states,"[0, 1, 2, 3, 4, 5]"
6,1.5,0.2,3,symmetry,7e51cc13b595a2c405f4e95cc42eb66be8187f7e9b2846e1655f0c93c77108c8,a30a7e40cfad5385e27071eb6d6b962f4f2302f27e94404d5f75b0ca0d8b87f9,703,360,427,276,31,1.7419354838709677,5,1.6666666666666667,2,1,8,7,1.75,7,3.0,1.0,1.0,1,prospective,synthetic_line_8q_favorable,line,favorable,SYNTHETIC_TARGET,"{""edges"": [[0, 1], [1, 0], [1, 2], [2, 1], [2, 3], [3, 2], [3, 4], [4, 3], [4, 5], [5, 4], [5, 6], [6, 5], [6, 7], [7, 6]], ""seed"": 7, ""basis"": [""id"", ""rz"", ""sx"", ""x"", ""ecr""], ""nodes"": 8}",801945da6501ad7b48137221aea8d7e8e5603ff1e572732c6d3f24a3be410b79,"[0, 1, 2, 3, 4, 5]",,identity proxy before selection when layout is transpiler,7e51cc13b595a2c405f4e95cc42eb66be8187f7e9b2846e1655f0c93c77108c8_synthetic_line_8q_favorable,teleport,29,v0.4.0,7e51cc13b595a2c405f4e95cc42eb66be8187f7e9b2846e1655f0c93c77108c8_synthetic_line_8q_favorable_29,158,118,608,6.109218000000012e-05,-118,0.00857085399911739,True,,4.709350153369694e-14,1e-10,logical Operator.equiv + routed zero/3 random states,"[0, 1, 2, 3, 4, 5]"
6,1.5,0.2,3,symmetry,7e51cc13b595a2c405f4e95cc42eb66be8187f7e9b2846e1655f0c93c77108c8,a30a7e40cfad5385e27071eb6d6b962f4f2302f27e94404d5f75b0ca0d8b87f9,703,360,427,276,31,1.7419354838709677,5,1.6666666666666667,2,1,8,7,1.75,7,3.0,1.0,1.0,1,prospective,synthetic_line_8q_favorable,line,favorable,SYNTHETIC_TARGET,"{""edges"": [[0, 1], [1, 0], [1, 2], [2, 1], [2, 3], [3, 2], [3, 4], [4, 3], [4, 5], [5, 4], [5, 6], [6, 5], [6, 7], [7, 6]], ""seed"": 7, ""basis"": [""id"", ""rz"", ""sx"", ""x"", ""ecr""], ""nodes"": 8}",801945da6501ad7b48137221aea8d7e8e5603ff1e572732c6d3f24a3be410b79,"[0, 1, 2, 3, 4, 5]",,identity proxy before selection when layout is transpiler,7e51cc13b595a2c405f4e95cc42eb66be8187f7e9b2846e1655f0c93c77108c8_synthetic_line_8q_favorable,basic,37,v0.4.0,7e51cc13b595a2c405f4e95cc42eb66be8187f7e9b2846e1655f0c93c77108c8_synthetic_line_8q_favorable_37,122,84,437,4.2381132000000055e-05,-106,0.008873801998561248,True,,3.753001334676532e-14,1e-10,logical Operator.equiv + routed zero/3 random states,"[0, 1, 2, 3, 4, 5]"
6,1.5,0.2,3,symmetry,7e51cc13b595a2c405f4e95cc42eb66be8187f7e9b2846e1655f0c93c77108c8,a30a7e40cfad5385e27071eb6d6b962f4f2302f27e94404d5f75b0ca0d8b87f9,703,360,427,276,31,1.7419354838709677,5,1.6666666666666667,2,1,8,7,1.75,7,3.0,1.0,1.0,1,prospective,synthetic_line_8q_favorable,line,favorable,SYNTHETIC_TARGET,"{""edges"": [[0, 1], [1, 0], [1, 2], [2, 1], [2, 3], [3, 2], [3, 4], [4, 3], [4, 5], [5, 4], [5, 6], [6, 5], [6, 7], [7, 6]], ""seed"": 7, ""basis"": [""id"", ""rz"", ""sx"", ""x"", ""ecr""], ""nodes"": 8}",801945da6501ad7b48137221aea8d7e8e5603ff1e572732c6d3f24a3be410b79,"[0, 1, 2, 3, 4, 5]",,identity proxy before selection when layout is transpiler,7e51cc13b595a2c405f4e95cc42eb66be8187f7e9b2846e1655f0c93c77108c8_synthetic_line_8q_favorable,teleport,37,v0.4.0,7e51cc13b595a2c405f4e95cc42eb66be8187f7e9b2846e1655f0c93c77108c8_synthetic_line_8q_favorable_37,158,118,608,6.109218000000012e-05,-118,0.009039552001922857,True,,4.709350153369694e-14,1e-10,logical Operator.equiv + routed zero/3 random states,"[0, 1, 2, 3, 4, 5]"
6,1.5,0.2,3,symmetry,7e51cc13b595a2c405f4e95cc42eb66be8187f7e9b2846e1655f0c93c77108c8,a30a7e40cfad5385e27071eb6d6b962f4f2302f27e94404d5f75b0ca0d8b87f9,703,360,427,276,31,1.7419354838709677,5,1.6666666666666667,2,1,8,7,1.75,7,3.0,1.0,1.0,1,prospective,synthetic_line_8q_favorable,line,favorable,SYNTHETIC_TARGET,"{""edges"": [[0, 1], [1, 0], [1, 2], [2, 1], [2, 3], [3, 2], [3, 4], [4, 3], [4, 5], [5, 4], [5, 6], [6, 5], [6, 7], [7, 6]], ""seed"": 7, ""basis"": [""id"", ""rz"", ""sx"", ""x"", ""ecr""], ""nodes"": 8}",801945da6501ad7b48137221aea8d7e8e5603ff1e572732c6d3f24a3be410b79,"[0, 1, 2, 3, 4, 5]",,identity proxy before selection when layout is transpiler,7e51cc13b595a2c405f4e95cc42eb66be8187f7e9b2846e1655f0c93c77108c8_synthetic_line_8q_favorable,basic,47,v0.4.0,7e51cc13b595a2c405f4e95cc42eb66be8187f7e9b2846e1655f0c93c77108c8_synthetic_line_8q_favorable_47,122,84,437,4.2381132000000055e-05,-106,0.00916790100018261,True,,3.753001334676532e-14,1e-10,logical Operator.equiv + routed zero/3 random states,"[0, 1, 2, 3, 4, 5]"
6,1.5,0.2,3,symmetry,7e51cc13b595a2c405f4e95cc42eb66be8187f7e9b2846e1655f0c93c77108c8,a30a7e40cfad5385e27071eb6d6b962f4f2302f27e94404d5f75b0ca0d8b87f9,703,360,427,276,31,1.7419354838709677,5,1.6666666666666667,2,1,8,7,1.75,7,3.0,1.0,1.0,1,prospective,synthetic_line_8q_favorable,line,favorable,SYNTHETIC_TARGET,"{""edges"": [[0, 1], [1, 0], [1, 2], [2, 1], [2, 3], [3, 2], [3, 4], [4, 3], [4, 5], [5, 4], [5, 6], [6, 5], [6, 7], [7, 6]], ""seed"": 7, ""basis"": [""id"", ""rz"", ""sx"", ""x"", ""ecr""], ""nodes"": 8}",801945da6501ad7b48137221aea8d7e8e5603ff1e572732c6d3f24a3be410b79,"[0, 1, 2, 3, 4, 5]",,identity proxy before selection when layout is transpiler,7e51cc13b595a2c405f4e95cc42eb66be8187f7e9b2846e1655f0c93c77108c8_synthetic_line_8q_favorable,teleport,47,v0.4.0,7e51cc13b595a2c405f4e95cc42eb66be8187f7e9b2846e1655f0c93c77108c8_synthetic_line_8q_favorable_47,158,118,608,6.109218000000012e-05,-118,0.008962631996837445,True,,4.709350153369694e-14,1e-10,logical Operator.equiv + routed zero/3 random states,"[0, 1, 2, 3, 4, 5]"
6,1.5,0.2,3,symmetry,7e51cc13b595a2c405f4e95cc42eb66be8187f7e9b2846e1655f0c93c77108c8,a30a7e40cfad5385e27071eb6d6b962f4f2302f27e94404d5f75b0ca0d8b87f9,703,360,427,276,31,1.7419354838709677,5,1.6666666666666667,2,1,8,7,1.75,7,3.0,1.434782608695652,2.0,1,prospective,synthetic_line_8q_spread,line,spread,SYNTHETIC_TARGET,"{""edges"": [[0, 1], [1, 0], [1, 2], [2, 1], [2, 3], [3, 2], [3, 4], [4, 3], [4, 5], [5, 4], [5, 6], [6, 5], [6, 7], [7, 6]], ""seed"": 7, ""basis"": [""id"", ""rz"", ""sx"", ""x"", ""ecr""], ""nodes"": 8}",801945da6501ad7b48137221aea8d7e8e5603ff1e572732c6d3f24a3be410b79,"[0, 1, 3, 4, 6, 7]",,identity proxy before selection when layout is transpiler,7e51cc13b595a2c405f4e95cc42eb66be8187f7e9b2846e1655f0c93c77108c8_synthetic_line_8q_spread,basic,11,v0.4.0,7e51cc13b595a2c405f4e95cc42eb66be8187f7e9b2846e1655f0c93c77108c8_synthetic_line_8q_spread_11,146,91,437,4.102138200000002e-05,-82,0.011007225002686027,True,,1.4163674587910987e-14,1e-10,logical Operator.equiv + routed zero/3 random states,"[2, 3, 4, 5, 6, 7]"
6,1.5,0.2,3,symmetry,7e51cc13b595a2c405f4e95cc42eb66be8187f7e9b2846e1655f0c93c77108c8,a30a7e40cfad5385e27071eb6d6b962f4f2302f27e94404d5f75b0ca0d8b87f9,703,360,427,276,31,1.7419354838709677,5,1.6666666666666667,2,1,8,7,1.75,7,3.0,1.434782608695652,2.0,1,prospective,synthetic_line_8q_spread,line,spread,SYNTHETIC_TARGET,"{""edges"": [[0, 1], [1, 0], [1, 2], [2, 1], [2, 3], [3, 2], [3, 4], [4, 3], [4, 5], [5, 4], [5, 6], [6, 5], [6, 7], [7, 6]], ""seed"": 7, ""basis"": [""id"", ""rz"", ""sx"", ""x"", ""ecr""], ""nodes"": 8}",801945da6501ad7b48137221aea8d7e8e5603ff1e572732c6d3f24a3be410b79,"[0, 1, 3, 4, 6, 7]",,identity proxy before selection when layout is transpiler,7e51cc13b595a2c405f4e95cc42eb66be8187f7e9b2846e1655f0c93c77108c8_synthetic_line_8q_spread,teleport,11,v0.4.0,7e51cc13b595a2c405f4e95cc42eb66be8187f7e9b2846e1655f0c93c77108c8_synthetic_line_8q_spread_11,182,122,615,6.161654400000016e-05,-94,0.01012911200086819,True,,4.822062989942326e-14,1e-10,logical Operator.equiv + routed zero/3 random states,"[0, 1, 2, 3, 4, 5]"
6,1.5,0.2,3,symmetry,7e51cc13b595a2c405f4e95cc42eb66be8187f7e9b2846e1655f0c93c77108c8,a30a7e40cfad5385e27071eb6d6b962f4f2302f27e94404d5f75b0ca0d8b87f9,703,360,427,276,31,1.7419354838709677,5,1.6666666666666667,2,1,8,7,1.75,7,3.0,1.434782608695652,2.0,1,prospective,synthetic_line_8q_spread,line,spread,SYNTHETIC_TARGET,"{""edges"": [[0, 1], [1, 0], [1, 2], [2, 1], [2, 3], [3, 2], [3, 4], [4, 3], [4, 5], [5, 4], [5, 6], [6, 5], [6, 7], [7, 6]], ""seed"": 7, ""basis"": [""id"", ""rz"", ""sx"", ""x"", ""ecr""], ""nodes"": 8}",801945da6501ad7b48137221aea8d7e8e5603ff1e572732c6d3f24a3be410b79,"[0, 1, 3, 4, 6, 7]",,identity proxy before selection when layout is transpiler,7e51cc13b595a2c405f4e95cc42eb66be8187f7e9b2846e1655f0c93c77108c8_synthetic_line_8q_spread,basic,19,v0.4.0,7e51cc13b595a2c405f4e95cc42eb66be8187f7e9b2846e1655f0c93c77108c8_synthetic_line_8q_spread_19,146,91,437,4.102138200000002e-05,-82,0.00967144799506059,True,,1.4163674587910987e-14,1e-10,logical Operator.equiv + routed zero/3 random states,"[2, 3, 4, 5, 6, 7]"
6,1.5,0.2,3,symmetry,7e51cc13b595a2c405f4e95cc42eb66be8187f7e9b2846e1655f0c93c77108c8,a30a7e40cfad5385e27071eb6d6b962f4f2302f27e94404d5f75b0ca0d8b87f9,703,360,427,276,31,1.7419354838709677,5,1.6666666666666667,2,1,8,7,1.75,7,3.0,1.434782608695652,2.0,1,prospective,synthetic_line_8q_spread,line,spread,SYNTHETIC_TARGET,"{""edges"": [[0, 1], [1, 0], [1, 2], [2, 1], [2, 3], [3, 2], [3, 4], [4, 3], [4, 5], [5, 4], [5, 6], [6, 5], [6, 7], [7, 6]], ""seed"": 7, ""basis"": [""id"", ""rz"", ""sx"", ""x"", ""ecr""], ""nodes"": 8}",801945da6501ad7b48137221aea8d7e8e5603ff1e572732c6d3f24a3be410b79,"[0, 1, 3, 4, 6, 7]",,identity proxy before selection when layout is transpiler,7e51cc13b595a2c405f4e95cc42eb66be8187f7e9b2846e1655f0c93c77108c8_synthetic_line_8q_spread,teleport,19,v0.4.0,7e51cc13b595a2c405f4e95cc42eb66be8187f7e9b2846e1655f0c93c77108c8_synthetic_line_8q_spread_19,182,122,615,6.161654400000016e-05,-94,0.010206799997831695,True,,4.822062989942326e-14,1e-10,logical Operator.equiv + routed zero/3 random states,"[0, 1, 2, 3, 4, 5]"
6,1.5,0.2,3,symmetry,7e51cc13b595a2c405f4e95cc42eb66be8187f7e9b2846e1655f0c93c77108c8,a30a7e40cfad5385e27071eb6d6b962f4f2302f27e94404d5f75b0ca0d8b87f9,703,360,427,276,31,1.7419354838709677,5,1.6666666666666667,2,1,8,7,1.75,7,3.0,1.434782608695652,2.0,1,prospective,synthetic_line_8q_spread,line,spread,SYNTHETIC_TARGET,"{""edges"": [[0, 1], [1, 0], [1, 2], [2, 1], [2, 3], [3, 2], [3, 4], [4, 3], [4, 5], [5, 4], [5, 6], [6, 5], [6, 7], [7, 6]], ""seed"": 7, ""basis"": [""id"", ""rz"", ""sx"", ""x"", ""ecr""], ""nodes"": 8}",801945da6501ad7b48137221aea8d7e8e5603ff1e572732c6d3f24a3be410b79,"[0, 1, 3, 4, 6, 7]",,identity proxy before selection when layout is transpiler,7e51cc13b595a2c405f4e95cc42eb66be8187f7e9b2846e1655f0c93c77108c8_synthetic_line_8q_spread,basic,29,v0.4.0,7e51cc13b595a2c405f4e95cc42eb66be8187f7e9b2846e1655f0c93c77108c8_synthetic_line_8q_spread_29,146,91,437,4.102138200000002e-05,-82,0.009954881999874488,True,,1.4163674587910987e-14,1e-10,logical Operator.equiv + routed zero/3 random states,"[2, 3, 4, 5, 6, 7]"
6,1.5,0.2,3,symmetry,7e51cc13b595a2c405f4e95cc42eb66be8187f7e9b2846e1655f0c93c77108c8,a30a7e40cfad5385e27071eb6d6b962f4f2302f27e94404d5f75b0ca0d8b87f9,703,360,427,276,31,1.7419354838709677,5,1.6666666666666667,2,1,8,7,1.75,7,3.0,1.434782608695652,2.0,1,prospective,synthetic_line_8q_spread,line,spread,SYNTHETIC_TARGET,"{""edges"": [[0, 1], [1, 0], [1, 2], [2, 1], [2, 3], [3, 2], [3, 4], [4, 3], [4, 5], [5, 4], [5, 6], [6, 5], [6, 7], [7, 6]], ""seed"": 7, ""basis"": [""id"", ""rz"", ""sx"", ""x"", ""ecr""], ""nodes"": 8}",801945da6501ad7b48137221aea8d7e8e5603ff1e572732c6d3f24a3be410b79,"[0, 1, 3, 4, 6, 7]",,identity proxy before selection when layout is transpiler,7e51cc13b595a2c405f4e95cc42eb66be8187f7e9b2846e1655f0c93c77108c8_synthetic_line_8q_spread,teleport,29,v0.4.0,7e51cc13b595a2c405f4e95cc42eb66be8187f7e9b2846e1655f0c93c77108c8_synthetic_line_8q_spread_29,182,122,615,6.161654400000016e-05,-94,0.009917502997268457,True,,4.822062989942326e-14,1e-10,logical Operator.equiv + routed zero/3 random states,"[0, 1, 2, 3, 4, 5]"
6,1.5,0.2,3,symmetry,7e51cc13b595a2c405f4e95cc42eb66be8187f7e9b2846e1655f0c93c77108c8,a30a7e40cfad5385e27071eb6d6b962f4f2302f27e94404d5f75b0ca0d8b87f9,703,360,427,276,31,1.7419354838709677,5,1.6666666666666667,2,1,8,7,1.75,7,3.0,1.434782608695652,2.0,1,prospective,synthetic_line_8q_spread,line,spread,SYNTHETIC_TARGET,"{""edges"": [[0, 1], [1, 0], [1, 2], [2, 1], [2, 3], [3, 2], [3, 4], [4, 3], [4, 5], [5, 4], [5, 6], [6, 5], [6, 7], [7, 6]], ""seed"": 7, ""basis"": [""id"", ""rz"", ""sx"", ""x"", ""ecr""], ""nodes"": 8}",801945da6501ad7b48137221aea8d7e8e5603ff1e572732c6d3f24a3be410b79,"[0, 1, 3, 4, 6, 7]",,identity proxy before selection when layout is transpiler,7e51cc13b595a2c405f4e95cc42eb66be8187f7e9b2846e1655f0c93c77108c8_synthetic_line_8q_spread,basic,37,v0.4.0,7e51cc13b595a2c405f4e95cc42eb66be8187f7e9b2846e1655f0c93c77108c8_synthetic_line_8q_spread_37,146,91,437,4.102138200000002e-05,-82,0.009111111998208798,True,,1.4163674587910987e-14,1e-10,logical Operator.equiv + routed zero/3 random states,"[2, 3, 4, 5, 6, 7]"
6,1.5,0.2,3,symmetry,7e51cc13b595a2c405f4e95cc42eb66be8187f7e9b2846e1655f0c93c77108c8,a30a7e40cfad5385e27071eb6d6b962f4f2302f27e94404d5f75b0ca0d8b87f9,703,360,427,276,31,1.7419354838709677,5,1.6666666666666667,2,1,8,7,1.75,7,3.0,1.434782608695652,2.0,1,prospective,synthetic_line_8q_spread,line,spread,SYNTHETIC_TARGET,"{""edges"": [[0, 1], [1, 0], [1, 2], [2, 1], [2, 3], [3, 2], [3, 4], [4, 3], [4, 5], [5, 4], [5, 6], [6, 5], [6, 7], [7, 6]], ""seed"": 7, ""basis"": [""id"", ""rz"", ""sx"", ""x"", ""ecr""], ""nodes"": 8}",801945da6501ad7b48137221aea8d7e8e5603ff1e572732c6d3f24a3be410b79,"[0, 1, 3, 4, 6, 7]",,identity proxy before selection when layout is transpiler,7e51cc13b595a2c405f4e95cc42eb66be8187f7e9b2846e1655f0c93c77108c8_synthetic_line_8q_spread,teleport,37,v0.4.0,7e51cc13b595a2c405f4e95cc42eb66be8187f7e9b2846e1655f0c93c77108c8_synthetic_line_8q_spread_37,182,122,615,6.161654400000016e-05,-94,0.009003967003081925,True,,4.822062989942326e-14,1e-10,logical Operator.equiv + routed zero/3 random states,"[0, 1, 2, 3, 4, 5]"
6,1.5,0.2,3,symmetry,7e51cc13b595a2c405f4e95cc42eb66be8187f7e9b2846e1655f0c93c77108c8,a30a7e40cfad5385e27071eb6d6b962f4f2302f27e94404d5f75b0ca0d8b87f9,703,360,427,276,31,1.7419354838709677,5,1.6666666666666667,2,1,8,7,1.75,7,3.0,1.434782608695652,2.0,1,prospective,synthetic_line_8q_spread,line,spread,SYNTHETIC_TARGET,"{""edges"": [[0, 1], [1, 0], [1, 2], [2, 1], [2, 3], [3, 2], [3, 4], [4, 3], [4, 5], [5, 4], [5, 6], [6, 5], [6, 7], [7, 6]], ""seed"": 7, ""basis"": [""id"", ""rz"", ""sx"", ""x"", ""ecr""], ""nodes"": 8}",801945da6501ad7b48137221aea8d7e8e5603ff1e572732c6d3f24a3be410b79,"[0, 1, 3, 4, 6, 7]",,identity proxy before selection when layout is transpiler,7e51cc13b595a2c405f4e95cc42eb66be8187f7e9b2846e1655f0c93c77108c8_synthetic_line_8q_spread,basic,47,v0.4.0,7e51cc13b595a2c405f4e95cc42eb66be8187f7e9b2846e1655f0c93c77108c8_synthetic_line_8q_spread_47,146,91,437,4.102138200000002e-05,-82,0.009945178004272748,True,,1.4163674587910987e-14,1e-10,logical Operator.equiv + routed zero/3 random states,"[2, 3, 4, 5, 6, 7]"
6,1.5,0.2,3,symmetry,7e51cc13b595a2c405f4e95cc42eb66be8187f7e9b2846e1655f0c93c77108c8,a30a7e40cfad5385e27071eb6d6b962f4f2302f27e94404d5f75b0ca0d8b87f9,703,360,427,276,31,1.7419354838709677,5,1.6666666666666667,2,1,8,7,1.75,7,3.0,1.434782608695652,2.0,1,prospective,synthetic_line_8q_spread,line,spread,SYNTHETIC_TARGET,"{""edges"": [[0, 1], [1, 0], [1, 2], [2, 1], [2, 3], [3, 2], [3, 4], [4, 3], [4, 5], [5, 4], [5, 6], [6, 5], [6, 7], [7, 6]], ""seed"": 7, ""basis"": [""id"", ""rz"", ""sx"", ""x"", ""ecr""], ""nodes"": 8}",801945da6501ad7b48137221aea8d7e8e5603ff1e572732c6d3f24a3be410b79,"[0, 1, 3, 4, 6, 7]",,identity proxy before selection when layout is transpiler,7e51cc13b595a2c405f4e95cc42eb66be8187f7e9b2846e1655f0c93c77108c8_synthetic_line_8q_spread,teleport,47,v0.4.0,7e51cc13b595a2c405f4e95cc42eb66be8187f7e9b2846e1655f0c93c77108c8_synthetic_line_8q_spread_47,182,122,615,6.161654400000016e-05,-94,0.013823070003127214,True,,4.822062989942326e-14,1e-10,logical Operator.equiv + routed zero/3 random states,"[0, 1, 2, 3, 4, 5]"
6,1.5,0.2,3,symmetry,7e51cc13b595a2c405f4e95cc42eb66be8187f7e9b2846e1655f0c93c77108c8,a30a7e40cfad5385e27071eb6d6b962f4f2302f27e94404d5f75b0ca0d8b87f9,703,360,427,276,31,1.7419354838709677,5,1.6666666666666667,2,1,8,8,2.0,4,2.2857142857142856,1.0,1.0,1,prospective,synthetic_ring_8q_transpiler,ring,transpiler,SYNTHETIC_TARGET,"{""edges"": [[0, 1], [0, 7], [1, 0], [1, 2], [2, 1], [2, 3], [3, 2], [3, 4], [4, 3], [4, 5], [5, 4], [5, 6], [6, 5], [6, 7], [7, 0], [7, 6]], ""seed"": 7, ""basis"": [""id"", ""rz"", ""sx"", ""x"", ""ecr""], ""nodes"": 8}",0153e862e72b462af51b55ef2b6c107f2f40d86c748b745e313c1ca148c454ca,null,,identity proxy before selection when layout is transpiler,7e51cc13b595a2c405f4e95cc42eb66be8187f7e9b2846e1655f0c93c77108c8_synthetic_ring_8q_transpiler,basic,11,v0.4.0,7e51cc13b595a2c405f4e95cc42eb66be8187f7e9b2846e1655f0c93c77108c8_synthetic_ring_8q_transpiler_11,122,84,415,4.840465800000003e-05,-106,0.008608869000454433,True,,6.719083709942208e-14,1e-10,logical Operator.equiv + routed zero/3 random states,"[5, 6, 7, 0, 1, 2]"
6,1.5,0.2,3,symmetry,7e51cc13b595a2c405f4e95cc42eb66be8187f7e9b2846e1655f0c93c77108c8,a30a7e40cfad5385e27071eb6d6b962f4f2302f27e94404d5f75b0ca0d8b87f9,703,360,427,276,31,1.7419354838709677,5,1.6666666666666667,2,1,8,8,2.0,4,2.2857142857142856,1.0,1.0,1,prospective,synthetic_ring_8q_transpiler,ring,transpiler,SYNTHETIC_TARGET,"{""edges"": [[0, 1], [0, 7], [1, 0], [1, 2], [2, 1], [2, 3], [3, 2], [3, 4], [4, 3], [4, 5], [5, 4], [5, 6], [6, 5], [6, 7], [7, 0], [7, 6]], ""seed"": 7, ""basis"": [""id"", ""rz"", ""sx"", ""x"", ""ecr""], ""nodes"": 8}",0153e862e72b462af51b55ef2b6c107f2f40d86c748b745e313c1ca148c454ca,null,,identity proxy before selection when layout is transpiler,7e51cc13b595a2c405f4e95cc42eb66be8187f7e9b2846e1655f0c93c77108c8_synthetic_ring_8q_transpiler,teleport,11,v0.4.0,7e51cc13b595a2c405f4e95cc42eb66be8187f7e9b2846e1655f0c93c77108c8_synthetic_ring_8q_transpiler_11,158,118,524,5.0750753999999996e-05,-118,0.009177432999422308,True,,1.1491678231573948e-13,1e-10,logical Operator.equiv + routed zero/3 random states,"[3, 4, 5, 6, 7, 0]"
6,1.5,0.2,3,symmetry,7e51cc13b595a2c405f4e95cc42eb66be8187f7e9b2846e1655f0c93c77108c8,a30a7e40cfad5385e27071eb6d6b962f4f2302f27e94404d5f75b0ca0d8b87f9,703,360,427,276,31,1.7419354838709677,5,1.6666666666666667,2,1,8,8,2.0,4,2.2857142857142856,1.0,1.0,1,prospective,synthetic_ring_8q_transpiler,ring,transpiler,SYNTHETIC_TARGET,"{""edges"": [[0, 1], [0, 7], [1, 0], [1, 2], [2, 1], [2, 3], [3, 2], [3, 4], [4, 3], [4, 5], [5, 4], [5, 6], [6, 5], [6, 7], [7, 0], [7, 6]], ""seed"": 7, ""basis"": [""id"", ""rz"", ""sx"", ""x"", ""ecr""], ""nodes"": 8}",0153e862e72b462af51b55ef2b6c107f2f40d86c748b745e313c1ca148c454ca,null,,identity proxy before selection when layout is transpiler,7e51cc13b595a2c405f4e95cc42eb66be8187f7e9b2846e1655f0c93c77108c8_synthetic_ring_8q_transpiler,basic,19,v0.4.0,7e51cc13b595a2c405f4e95cc42eb66be8187f7e9b2846e1655f0c93c77108c8_synthetic_ring_8q_transpiler_19,122,84,415,4.840465800000003e-05,-106,0.009045749997312669,True,,6.719083709942208e-14,1e-10,logical Operator.equiv + routed zero/3 random states,"[5, 6, 7, 0, 1, 2]"
6,1.5,0.2,3,symmetry,7e51cc13b595a2c405f4e95cc42eb66be8187f7e9b2846e1655f0c93c77108c8,a30a7e40cfad5385e27071eb6d6b962f4f2302f27e94404d5f75b0ca0d8b87f9,703,360,427,276,31,1.7419354838709677,5,1.6666666666666667,2,1,8,8,2.0,4,2.2857142857142856,1.0,1.0,1,prospective,synthetic_ring_8q_transpiler,ring,transpiler,SYNTHETIC_TARGET,"{""edges"": [[0, 1], [0, 7], [1, 0], [1, 2], [2, 1], [2, 3], [3, 2], [3, 4], [4, 3], [4, 5], [5, 4], [5, 6], [6, 5], [6, 7], [7, 0], [7, 6]], ""seed"": 7, ""basis"": [""id"", ""rz"", ""sx"", ""x"", ""ecr""], ""nodes"": 8}",0153e862e72b462af51b55ef2b6c107f2f40d86c748b745e313c1ca148c454ca,null,,identity proxy before selection when layout is transpiler,7e51cc13b595a2c405f4e95cc42eb66be8187f7e9b2846e1655f0c93c77108c8_synthetic_ring_8q_transpiler,teleport,19,v0.4.0,7e51cc13b595a2c405f4e95cc42eb66be8187f7e9b2846e1655f0c93c77108c8_synthetic_ring_8q_transpiler_19,158,118,521,4.2343614000000024e-05,-118,0.010069024996482767,True,,4.467613185096888e-14,1e-10,logical Operator.equiv + routed zero/3 random states,"[4, 5, 6, 7, 0, 1]"
6,1.5,0.2,3,symmetry,7e51cc13b595a2c405f4e95cc42eb66be8187f7e9b2846e1655f0c93c77108c8,a30a7e40cfad5385e27071eb6d6b962f4f2302f27e94404d5f75b0ca0d8b87f9,703,360,427,276,31,1.7419354838709677,5,1.6666666666666667,2,1,8,8,2.0,4,2.2857142857142856,1.0,1.0,1,prospective,synthetic_ring_8q_transpiler,ring,transpiler,SYNTHETIC_TARGET,"{""edges"": [[0, 1], [0, 7], [1, 0], [1, 2], [2, 1], [2, 3], [3, 2], [3, 4], [4, 3], [4, 5], [5, 4], [5, 6], [6, 5], [6, 7], [7, 0], [7, 6]], ""seed"": 7, ""basis"": [""id"", ""rz"", ""sx"", ""x"", ""ecr""], ""nodes"": 8}",0153e862e72b462af51b55ef2b6c107f2f40d86c748b745e313c1ca148c454ca,null,,identity proxy before selection when layout is transpiler,7e51cc13b595a2c405f4e95cc42eb66be8187f7e9b2846e1655f0c93c77108c8_synthetic_ring_8q_transpiler,basic,29,v0.4.0,7e51cc13b595a2c405f4e95cc42eb66be8187f7e9b2846e1655f0c93c77108c8_synthetic_ring_8q_transpiler_29,122,84,423,4.062999600000002e-05,-106,0.009580773999914527,True,,3.9561082948566217e-14,1e-10,logical Operator.equiv + routed zero/3 random states,"[1, 2, 3, 4, 5, 6]"
6,1.5,0.2,3,symmetry,7e51cc13b595a2c405f4e95cc42eb66be8187f7e9b2846e1655f0c93c77108c8,a30a7e40cfad5385e27071eb6d6b962f4f2302f27e94404d5f75b0ca0d8b87f9,703,360,427,276,31,1.7419354838709677,5,1.6666666666666667,2,1,8,8,2.0,4,2.2857142857142856,1.0,1.0,1,prospective,synthetic_ring_8q_transpiler,ring,transpiler,SYNTHETIC_TARGET,"{""edges"": [[0, 1], [0, 7], [1, 0], [1, 2], [2, 1], [2, 3], [3, 2], [3, 4], [4, 3], [4, 5], [5, 4], [5, 6], [6, 5], [6, 7], [7, 0], [7, 6]], ""seed"": 7, ""basis"": [""id"", ""rz"", ""sx"", ""x"", ""ecr""], ""nodes"": 8}",0153e862e72b462af51b55ef2b6c107f2f40d86c748b745e313c1ca148c454ca,null,,identity proxy before selection when layout is transpiler,7e51cc13b595a2c405f4e95cc42eb66be8187f7e9b2846e1655f0c93c77108c8_synthetic_ring_8q_transpiler,teleport,29,v0.4.0,7e51cc13b595a2c405f4e95cc42eb66be8187f7e9b2846e1655f0c93c77108c8_synthetic_ring_8q_transpiler_29,158,118,598,5.561033400000019e-05,-118,0.00948424800299108,True,,8.122669322466576e-14,1e-10,logical Operator.equiv + routed zero/3 random states,"[1, 2, 3, 4, 5, 6]"
6,1.5,0.2,3,symmetry,7e51cc13b595a2c405f4e95cc42eb66be8187f7e9b2846e1655f0c93c77108c8,a30a7e40cfad5385e27071eb6d6b962f4f2302f27e94404d5f75b0ca0d8b87f9,703,360,427,276,31,1.7419354838709677,5,1.6666666666666667,2,1,8,8,2.0,4,2.2857142857142856,1.0,1.0,1,prospective,synthetic_ring_8q_transpiler,ring,transpiler,SYNTHETIC_TARGET,"{""edges"": [[0, 1], [0, 7], [1, 0], [1, 2], [2, 1], [2, 3], [3, 2], [3, 4], [4, 3], [4, 5], [5, 4], [5, 6], [6, 5], [6, 7], [7, 0], [7, 6]], ""seed"": 7, ""basis"": [""id"", ""rz"", ""sx"", ""x"", ""ecr""], ""nodes"": 8}",0153e862e72b462af51b55ef2b6c107f2f40d86c748b745e313c1ca148c454ca,null,,identity proxy before selection when layout is transpiler,7e51cc13b595a2c405f4e95cc42eb66be8187f7e9b2846e1655f0c93c77108c8_synthetic_ring_8q_transpiler,basic,37,v0.4.0,7e51cc13b595a2c405f4e95cc42eb66be8187f7e9b2846e1655f0c93c77108c8_synthetic_ring_8q_transpiler_37,122,84,415,4.840465800000003e-05,-106,0.009925705002387986,True,,6.719083709942208e-14,1e-10,logical Operator.equiv + routed zero/3 random states,"[5, 6, 7, 0, 1, 2]"
6,1.5,0.2,3,symmetry,7e51cc13b595a2c405f4e95cc42eb66be8187f7e9b2846e1655f0c93c77108c8,a30a7e40cfad5385e27071eb6d6b962f4f2302f27e94404d5f75b0ca0d8b87f9,703,360,427,276,31,1.7419354838709677,5,1.6666666666666667,2,1,8,8,2.0,4,2.2857142857142856,1.0,1.0,1,prospective,synthetic_ring_8q_transpiler,ring,transpiler,SYNTHETIC_TARGET,"{""edges"": [[0, 1], [0, 7], [1, 0], [1, 2], [2, 1], [2, 3], [3, 2], [3, 4], [4, 3], [4, 5], [5, 4], [5, 6], [6, 5], [6, 7], [7, 0], [7, 6]], ""seed"": 7, ""basis"": [""id"", ""rz"", ""sx"", ""x"", ""ecr""], ""nodes"": 8}",0153e862e72b462af51b55ef2b6c107f2f40d86c748b745e313c1ca148c454ca,null,,identity proxy before selection when layout is transpiler,7e51cc13b595a2c405f4e95cc42eb66be8187f7e9b2846e1655f0c93c77108c8_synthetic_ring_8q_transpiler,teleport,37,v0.4.0,7e51cc13b595a2c405f4e95cc42eb66be8187f7e9b2846e1655f0c93c77108c8_synthetic_ring_8q_transpiler_37,158,118,521,4.2343614000000024e-05,-118,0.009904058002575766,True,,4.467613185096888e-14,1e-10,logical Operator.equiv + routed zero/3 random states,"[4, 5, 6, 7, 0, 1]"
6,1.5,0.2,3,symmetry,7e51cc13b595a2c405f4e95cc42eb66be8187f7e9b2846e1655f0c93c77108c8,a30a7e40cfad5385e27071eb6d6b962f4f2302f27e94404d5f75b0ca0d8b87f9,703,360,427,276,31,1.7419354838709677,5,1.6666666666666667,2,1,8,8,2.0,4,2.2857142857142856,1.0,1.0,1,prospective,synthetic_ring_8q_transpiler,ring,transpiler,SYNTHETIC_TARGET,"{""edges"": [[0, 1], [0, 7], [1, 0], [1, 2], [2, 1], [2, 3], [3, 2], [3, 4], [4, 3], [4, 5], [5, 4], [5, 6], [6, 5], [6, 7], [7, 0], [7, 6]], ""seed"": 7, ""basis"": [""id"", ""rz"", ""sx"", ""x"", ""ecr""], ""nodes"": 8}",0153e862e72b462af51b55ef2b6c107f2f40d86c748b745e313c1ca148c454ca,null,,identity proxy before selection when layout is transpiler,7e51cc13b595a2c405f4e95cc42eb66be8187f7e9b2846e1655f0c93c77108c8_synthetic_ring_8q_transpiler,basic,47,v0.4.0,7e51cc13b595a2c405f4e95cc42eb66be8187f7e9b2846e1655f0c93c77108c8_synthetic_ring_8q_transpiler_47,122,84,409,2.8542984e-05,-106,0.009403809002833441,True,,2.412079291797215e-14,1e-10,logical Operator.equiv + routed zero/3 random states,"[1, 0, 7, 6, 5, 4]"
6,1.5,0.2,3,symmetry,7e51cc13b595a2c405f4e95cc42eb66be8187f7e9b2846e1655f0c93c77108c8,a30a7e40cfad5385e27071eb6d6b962f4f2302f27e94404d5f75b0ca0d8b87f9,703,360,427,276,31,1.7419354838709677,5,1.6666666666666667,2,1,8,8,2.0,4,2.2857142857142856,1.0,1.0,1,prospective,synthetic_ring_8q_transpiler,ring,transpiler,SYNTHETIC_TARGET,"{""edges"": [[0, 1], [0, 7], [1, 0], [1, 2], [2, 1], [2, 3], [3, 2], [3, 4], [4, 3], [4, 5], [5, 4], [5, 6], [6, 5], [6, 7], [7, 0], [7, 6]], ""seed"": 7, ""basis"": [""id"", ""rz"", ""sx"", ""x"", ""ecr""], ""nodes"": 8}",0153e862e72b462af51b55ef2b6c107f2f40d86c748b745e313c1ca148c454ca,null,,identity proxy before selection when layout is transpiler,7e51cc13b595a2c405f4e95cc42eb66be8187f7e9b2846e1655f0c93c77108c8_synthetic_ring_8q_transpiler,teleport,47,v0.4.0,7e51cc13b595a2c405f4e95cc42eb66be8187f7e9b2846e1655f0c93c77108c8_synthetic_ring_8q_transpiler_47,158,118,497,4.443108000000002e-05,-118,0.009196578001137823,True,,4.036650343867051e-14,1e-10,logical Operator.equiv + routed zero/3 random states,"[2, 1, 0, 7, 6, 5]"
6,1.5,0.2,3,symmetry,7e51cc13b595a2c405f4e95cc42eb66be8187f7e9b2846e1655f0c93c77108c8,a30a7e40cfad5385e27071eb6d6b962f4f2302f27e94404d5f75b0ca0d8b87f9,703,360,427,276,31,1.7419354838709677,5,1.6666666666666667,2,1,8,10,2.5,4,2.0,1.6521739130434783,4.0,1,prospective,synthetic_grid_8q_transpiler,grid,transpiler,SYNTHETIC_TARGET,"{""edges"": [[0, 1], [0, 4], [1, 0], [1, 2], [1, 5], [2, 1], [2, 3], [2, 6], [3, 2], [3, 7], [4, 0], [4, 5], [5, 1], [5, 4], [5, 6], [6, 2], [6, 5], [6, 7], [7, 3], [7, 6]], ""seed"": 7, ""basis"": [""id"", ""rz"", ""sx"", ""x"", ""ecr""], ""nodes"": 8}",1c54af58f98ce04f3c64adbffe8dbe5ec26492bca016b2595a08e9c2b5021db4,null,,identity proxy before selection when layout is transpiler,7e51cc13b595a2c405f4e95cc42eb66be8187f7e9b2846e1655f0c93c77108c8_synthetic_grid_8q_transpiler,basic,11,v0.4.0,7e51cc13b595a2c405f4e95cc42eb66be8187f7e9b2846e1655f0c93c77108c8_synthetic_grid_8q_transpiler_11,122,84,424,3.8093202e-05,-106,0.009633442998165265,True,,2.904549708648822e-14,1e-10,logical Operator.equiv + routed zero/3 random states,"[1, 5, 6, 7, 3, 2]"
6,1.5,0.2,3,symmetry,7e51cc13b595a2c405f4e95cc42eb66be8187f7e9b2846e1655f0c93c77108c8,a30a7e40cfad5385e27071eb6d6b962f4f2302f27e94404d5f75b0ca0d8b87f9,703,360,427,276,31,1.7419354838709677,5,1.6666666666666667,2,1,8,10,2.5,4,2.0,1.6521739130434783,4.0,1,prospective,synthetic_grid_8q_transpiler,grid,transpiler,SYNTHETIC_TARGET,"{""edges"": [[0, 1], [0, 4], [1, 0], [1, 2], [1, 5], [2, 1], [2, 3], [2, 6], [3, 2], [3, 7], [4, 0], [4, 5], [5, 1], [5, 4], [5, 6], [6, 2], [6, 5], [6, 7], [7, 3], [7, 6]], ""seed"": 7, ""basis"": [""id"", ""rz"", ""sx"", ""x"", ""ecr""], ""nodes"": 8}",1c54af58f98ce04f3c64adbffe8dbe5ec26492bca016b2595a08e9c2b5021db4,null,,identity proxy before selection when layout is transpiler,7e51cc13b595a2c405f4e95cc42eb66be8187f7e9b2846e1655f0c93c77108c8_synthetic_grid_8q_transpiler,teleport,11,v0.4.0,7e51cc13b595a2c405f4e95cc42eb66be8187f7e9b2846e1655f0c93c77108c8_synthetic_grid_8q_transpiler_11,158,118,506,6.15943440000001e-05,-118,0.009335631999420002,True,,2.201519349442115e-14,1e-10,logical Operator.equiv + routed zero/3 random states,"[1, 5, 6, 7, 3, 2]"
6,1.5,0.2,3,symmetry,7e51cc13b595a2c405f4e95cc42eb66be8187f7e9b2846e1655f0c93c77108c8,a30a7e40cfad5385e27071eb6d6b962f4f2302f27e94404d5f75b0ca0d8b87f9,703,360,427,276,31,1.7419354838709677,5,1.6666666666666667,2,1,8,10,2.5,4,2.0,1.6521739130434783,4.0,1,prospective,synthetic_grid_8q_transpiler,grid,transpiler,SYNTHETIC_TARGET,"{""edges"": [[0, 1], [0, 4], [1, 0], [1, 2], [1, 5], [2, 1], [2, 3], [2, 6], [3, 2], [3, 7], [4, 0], [4, 5], [5, 1], [5, 4], [5, 6], [6, 2], [6, 5], [6, 7], [7, 3], [7, 6]], ""seed"": 7, ""basis"": [""id"", ""rz"", ""sx"", ""x"", ""ecr""], ""nodes"": 8}",1c54af58f98ce04f3c64adbffe8dbe5ec26492bca016b2595a08e9c2b5021db4,null,,identity proxy before selection when layout is transpiler,7e51cc13b595a2c405f4e95cc42eb66be8187f7e9b2846e1655f0c93c77108c8_synthetic_grid_8q_transpiler,basic,19,v0.4.0,7e51cc13b595a2c405f4e95cc42eb66be8187f7e9b2846e1655f0c93c77108c8_synthetic_grid_8q_transpiler_19,122,84,423,4.281136800000003e-05,-106,0.008847229000821244,True,,3.138393826516578e-14,1e-10,logical Operator.equiv + routed zero/3 random states,"[6, 7, 3, 2, 1, 0]"
6,1.5,0.2,3,symmetry,7e51cc13b595a2c405f4e95cc42eb66be8187f7e9b2846e1655f0c93c77108c8,a30a7e40cfad5385e27071eb6d6b962f4f2302f27e94404d5f75b0ca0d8b87f9,703,360,427,276,31,1.7419354838709677,5,1.6666666666666667,2,1,8,10,2.5,4,2.0,1.6521739130434783,4.0,1,prospective,synthetic_grid_8q_transpiler,grid,transpiler,SYNTHETIC_TARGET,"{""edges"": [[0, 1], [0, 4], [1, 0], [1, 2], [1, 5], [2, 1], [2, 3], [2, 6], [3, 2], [3, 7], [4, 0], [4, 5], [5, 1], [5, 4], [5, 6], [6, 2], [6, 5], [6, 7], [7, 3], [7, 6]], ""seed"": 7, ""basis"": [""id"", ""rz"", ""sx"", ""x"", ""ecr""], ""nodes"": 8}",1c54af58f98ce04f3c64adbffe8dbe5ec26492bca016b2595a08e9c2b5021db4,null,,identity proxy before selection when layout is transpiler,7e51cc13b595a2c405f4e95cc42eb66be8187f7e9b2846e1655f0c93c77108c8_synthetic_grid_8q_transpiler,teleport,19,v0.4.0,7e51cc13b595a2c405f4e95cc42eb66be8187f7e9b2846e1655f0c93c77108c8_synthetic_grid_8q_transpiler_19,158,118,485,4.8479916000000034e-05,-118,0.009700429996883031,True,,1.487792059100563e-14,1e-10,logical Operator.equiv + routed zero/3 random states,"[6, 7, 3, 2, 1, 0]"
6,1.5,0.2,3,symmetry,7e51cc13b595a2c405f4e95cc42eb66be8187f7e9b2846e1655f0c93c77108c8,a30a7e40cfad5385e27071eb6d6b962f4f2302f27e94404d5f75b0ca0d8b87f9,703,360,427,276,31,1.7419354838709677,5,1.6666666666666667,2,1,8,10,2.5,4,2.0,1.6521739130434783,4.0,1,prospective,synthetic_grid_8q_transpiler,grid,transpiler,SYNTHETIC_TARGET,"{""edges"": [[0, 1], [0, 4], [1, 0], [1, 2], [1, 5], [2, 1], [2, 3], [2, 6], [3, 2], [3, 7], [4, 0], [4, 5], [5, 1], [5, 4], [5, 6], [6, 2], [6, 5], [6, 7], [7, 3], [7, 6]], ""seed"": 7, ""basis"": [""id"", ""rz"", ""sx"", ""x"", ""ecr""], ""nodes"": 8}",1c54af58f98ce04f3c64adbffe8dbe5ec26492bca016b2595a08e9c2b5021db4,null,,identity proxy before selection when layout is transpiler,7e51cc13b595a2c405f4e95cc42eb66be8187f7e9b2846e1655f0c93c77108c8_synthetic_grid_8q_transpiler,basic,29,v0.4.0,7e51cc13b595a2c405f4e95cc42eb66be8187f7e9b2846e1655f0c93c77108c8_synthetic_grid_8q_transpiler_29,122,84,440,4.414536600000002e-05,-106,0.01199344800261315,True,,3.964753794396754e-14,1e-10,logical Operator.equiv + routed zero/3 random states,"[7, 6, 5, 1, 2, 3]"
6,1.5,0.2,3,symmetry,7e51cc13b595a2c405f4e95cc42eb66be8187f7e9b2846e1655f0c93c77108c8,a30a7e40cfad5385e27071eb6d6b962f4f2302f27e94404d5f75b0ca0d8b87f9,703,360,427,276,31,1.7419354838709677,5,1.6666666666666667,2,1,8,10,2.5,4,2.0,1.6521739130434783,4.0,1,prospective,synthetic_grid_8q_transpiler,grid,transpiler,SYNTHETIC_TARGET,"{""edges"": [[0, 1], [0, 4], [1, 0], [1, 2], [1, 5], [2, 1], [2, 3], [2, 6], [3, 2], [3, 7], [4, 0], [4, 5], [5, 1], [5, 4], [5, 6], [6, 2], [6, 5], [6, 7], [7, 3], [7, 6]], ""seed"": 7, ""basis"": [""id"", ""rz"", ""sx"", ""x"", ""ecr""], ""nodes"": 8}",1c54af58f98ce04f3c64adbffe8dbe5ec26492bca016b2595a08e9c2b5021db4,null,,identity proxy before selection when layout is transpiler,7e51cc13b595a2c405f4e95cc42eb66be8187f7e9b2846e1655f0c93c77108c8_synthetic_grid_8q_transpiler,teleport,29,v0.4.0,7e51cc13b595a2c405f4e95cc42eb66be8187f7e9b2846e1655f0c93c77108c8_synthetic_grid_8q_transpiler_29,158,118,535,6.247213200000006e-05,-118,0.008880240995495114,True,,4.936112777949379e-14,1e-10,logical Operator.equiv + routed zero/3 random states,"[7, 6, 5, 1, 2, 3]"
6,1.5,0.2,3,symmetry,7e51cc13b595a2c405f4e95cc42eb66be8187f7e9b2846e1655f0c93c77108c8,a30a7e40cfad5385e27071eb6d6b962f4f2302f27e94404d5f75b0ca0d8b87f9,703,360,427,276,31,1.7419354838709677,5,1.6666666666666667,2,1,8,10,2.5,4,2.0,1.6521739130434783,4.0,1,prospective,synthetic_grid_8q_transpiler,grid,transpiler,SYNTHETIC_TARGET,"{""edges"": [[0, 1], [0, 4], [1, 0], [1, 2], [1, 5], [2, 1], [2, 3], [2, 6], [3, 2], [3, 7], [4, 0], [4, 5], [5, 1], [5, 4], [5, 6], [6, 2], [6, 5], [6, 7], [7, 3], [7, 6]], ""seed"": 7, ""basis"": [""id"", ""rz"", ""sx"", ""x"", ""ecr""], ""nodes"": 8}",1c54af58f98ce04f3c64adbffe8dbe5ec26492bca016b2595a08e9c2b5021db4,null,,identity proxy before selection when layout is transpiler,7e51cc13b595a2c405f4e95cc42eb66be8187f7e9b2846e1655f0c93c77108c8_synthetic_grid_8q_transpiler,basic,37,v0.4.0,7e51cc13b595a2c405f4e95cc42eb66be8187f7e9b2846e1655f0c93c77108c8_synthetic_grid_8q_transpiler_37,122,84,409,3.6937913999999975e-05,-106,0.009720612993987743,True,,1.865629474548917e-14,1e-10,logical Operator.equiv + routed zero/3 random states,"[1, 5, 6, 2, 3, 7]"
6,1.5,0.2,3,symmetry,7e51cc13b595a2c405f4e95cc42eb66be8187f7e9b2846e1655f0c93c77108c8,a30a7e40cfad5385e27071eb6d6b962f4f2302f27e94404d5f75b0ca0d8b87f9,703,360,427,276,31,1.7419354838709677,5,1.6666666666666667,2,1,8,10,2.5,4,2.0,1.6521739130434783,4.0,1,prospective,synthetic_grid_8q_transpiler,grid,transpiler,SYNTHETIC_TARGET,"{""edges"": [[0, 1], [0, 4], [1, 0], [1, 2], [1, 5], [2, 1], [2, 3], [2, 6], [3, 2], [3, 7], [4, 0], [4, 5], [5, 1], [5, 4], [5, 6], [6, 2], [6, 5], [6, 7], [7, 3], [7, 6]], ""seed"": 7, ""basis"": [""id"", ""rz"", ""sx"", ""x"", ""ecr""], ""nodes"": 8}",1c54af58f98ce04f3c64adbffe8dbe5ec26492bca016b2595a08e9c2b5021db4,null,,identity proxy before selection when layout is transpiler,7e51cc13b595a2c405f4e95cc42eb66be8187f7e9b2846e1655f0c93c77108c8_synthetic_grid_8q_transpiler,teleport,37,v0.4.0,7e51cc13b595a2c405f4e95cc42eb66be8187f7e9b2846e1655f0c93c77108c8_synthetic_grid_8q_transpiler_37,158,118,473,5.640953400000005e-05,-118,0.009891279005387332,True,,2.7414543274367832e-14,1e-10,logical Operator.equiv + routed zero/3 random states,"[1, 5, 6, 2, 3, 7]"
6,1.5,0.2,3,symmetry,7e51cc13b595a2c405f4e95cc42eb66be8187f7e9b2846e1655f0c93c77108c8,a30a7e40cfad5385e27071eb6d6b962f4f2302f27e94404d5f75b0ca0d8b87f9,703,360,427,276,31,1.7419354838709677,5,1.6666666666666667,2,1,8,10,2.5,4,2.0,1.6521739130434783,4.0,1,prospective,synthetic_grid_8q_transpiler,grid,transpiler,SYNTHETIC_TARGET,"{""edges"": [[0, 1], [0, 4], [1, 0], [1, 2], [1, 5], [2, 1], [2, 3], [2, 6], [3, 2], [3, 7], [4, 0], [4, 5], [5, 1], [5, 4], [5, 6], [6, 2], [6, 5], [6, 7], [7, 3], [7, 6]], ""seed"": 7, ""basis"": [""id"", ""rz"", ""sx"", ""x"", ""ecr""], ""nodes"": 8}",1c54af58f98ce04f3c64adbffe8dbe5ec26492bca016b2595a08e9c2b5021db4,null,,identity proxy before selection when layout is transpiler,7e51cc13b595a2c405f4e95cc42eb66be8187f7e9b2846e1655f0c93c77108c8_synthetic_grid_8q_transpiler,basic,47,v0.4.0,7e51cc13b595a2c405f4e95cc42eb66be8187f7e9b2846e1655f0c93c77108c8_synthetic_grid_8q_transpiler_47,122,84,428,3.5973989999999984e-05,-106,0.008971836003183853,True,,5.0641388787757537e-14,1e-10,logical Operator.equiv + routed zero/3 random states,"[7, 6, 2, 1, 5, 4]"
6,1.5,0.2,3,symmetry,7e51cc13b595a2c405f4e95cc42eb66be8187f7e9b2846e1655f0c93c77108c8,a30a7e40cfad5385e27071eb6d6b962f4f2302f27e94404d5f75b0ca0d8b87f9,703,360,427,276,31,1.7419354838709677,5,1.6666666666666667,2,1,8,10,2.5,4,2.0,1.6521739130434783,4.0,1,prospective,synthetic_grid_8q_transpiler,grid,transpiler,SYNTHETIC_TARGET,"{""edges"": [[0, 1], [0, 4], [1, 0], [1, 2], [1, 5], [2, 1], [2, 3], [2, 6], [3, 2], [3, 7], [4, 0], [4, 5], [5, 1], [5, 4], [5, 6], [6, 2], [6, 5], [6, 7], [7, 3], [7, 6]], ""seed"": 7, ""basis"": [""id"", ""rz"", ""sx"", ""x"", ""ecr""], ""nodes"": 8}",1c54af58f98ce04f3c64adbffe8dbe5ec26492bca016b2595a08e9c2b5021db4,null,,identity proxy before selection when layout is transpiler,7e51cc13b595a2c405f4e95cc42eb66be8187f7e9b2846e1655f0c93c77108c8_synthetic_grid_8q_transpiler,teleport,47,v0.4.0,7e51cc13b595a2c405f4e95cc42eb66be8187f7e9b2846e1655f0c93c77108c8_synthetic_grid_8q_transpiler_47,158,118,490,4.3874304e-05,-118,0.008886807001545094,True,,1.7127264949619975e-14,1e-10,logical Operator.equiv + routed zero/3 random states,"[7, 6, 2, 1, 5, 4]"
6,1.5,0.2,3,symmetry,7e51cc13b595a2c405f4e95cc42eb66be8187f7e9b2846e1655f0c93c77108c8,a30a7e40cfad5385e27071eb6d6b962f4f2302f27e94404d5f75b0ca0d8b87f9,703,360,427,276,31,1.7419354838709677,5,1.6666666666666667,2,1,8,9,2.25,5,2.2857142857142856,1.0,1.0,1,prospective,synthetic_heavy_hex_like_8q_transpiler,heavy_hex_like,transpiler,SYNTHETIC_TARGET,"{""edges"": [[0, 1], [0, 3], [1, 0], [1, 2], [2, 1], [2, 3], [3, 0], [3, 2], [3, 4], [4, 3], [4, 5], [4, 7], [5, 4], [5, 6], [6, 5], [6, 7], [7, 4], [7, 6]], ""seed"": 7, ""basis"": [""id"", ""rz"", ""sx"", ""x"", ""ecr""], ""nodes"": 8}",f911f56297274ab5855fabda92273b130893a8a55e6a11c5c1f619fbe1db12bc,null,,identity proxy before selection when layout is transpiler,7e51cc13b595a2c405f4e95cc42eb66be8187f7e9b2846e1655f0c93c77108c8_synthetic_heavy_hex_like_8q_transpiler,basic,11,v0.4.0,7e51cc13b595a2c405f4e95cc42eb66be8187f7e9b2846e1655f0c93c77108c8_synthetic_heavy_hex_like_8q_transpiler_11,122,84,428,3.553132200000005e-05,-106,0.010421442995721009,True,,3.28298129631858e-14,1e-10,logical Operator.equiv + routed zero/3 random states,"[6, 7, 4, 3, 2, 1]"
6,1.5,0.2,3,symmetry,7e51cc13b595a2c405f4e95cc42eb66be8187f7e9b2846e1655f0c93c77108c8,a30a7e40cfad5385e27071eb6d6b962f4f2302f27e94404d5f75b0ca0d8b87f9,703,360,427,276,31,1.7419354838709677,5,1.6666666666666667,2,1,8,9,2.25,5,2.2857142857142856,1.0,1.0,1,prospective,synthetic_heavy_hex_like_8q_transpiler,heavy_hex_like,transpiler,SYNTHETIC_TARGET,"{""edges"": [[0, 1], [0, 3], [1, 0], [1, 2], [2, 1], [2, 3], [3, 0], [3, 2], [3, 4], [4, 3], [4, 5], [4, 7], [5, 4], [5, 6], [6, 5], [6, 7], [7, 4], [7, 6]], ""seed"": 7, ""basis"": [""id"", ""rz"", ""sx"", ""x"", ""ecr""], ""nodes"": 8}",f911f56297274ab5855fabda92273b130893a8a55e6a11c5c1f619fbe1db12bc,null,,identity proxy before selection when layout is transpiler,7e51cc13b595a2c405f4e95cc42eb66be8187f7e9b2846e1655f0c93c77108c8_synthetic_heavy_hex_like_8q_transpiler,teleport,11,v0.4.0,7e51cc13b595a2c405f4e95cc42eb66be8187f7e9b2846e1655f0c93c77108c8_synthetic_heavy_hex_like_8q_transpiler_11,158,118,497,5.888572200000011e-05,-118,0.009102127005462535,True,,4.020634401266579e-14,1e-10,logical Operator.equiv + routed zero/3 random states,"[6, 7, 4, 3, 2, 1]"
6,1.5,0.2,3,symmetry,7e51cc13b595a2c405f4e95cc42eb66be8187f7e9b2846e1655f0c93c77108c8,a30a7e40cfad5385e27071eb6d6b962f4f2302f27e94404d5f75b0ca0d8b87f9,703,360,427,276,31,1.7419354838709677,5,1.6666666666666667,2,1,8,9,2.25,5,2.2857142857142856,1.0,1.0,1,prospective,synthetic_heavy_hex_like_8q_transpiler,heavy_hex_like,transpiler,SYNTHETIC_TARGET,"{""edges"": [[0, 1], [0, 3], [1, 0], [1, 2], [2, 1], [2, 3], [3, 0], [3, 2], [3, 4], [4, 3], [4, 5], [4, 7], [5, 4], [5, 6], [6, 5], [6, 7], [7, 4], [7, 6]], ""seed"": 7, ""basis"": [""id"", ""rz"", ""sx"", ""x"", ""ecr""], ""nodes"": 8}",f911f56297274ab5855fabda92273b130893a8a55e6a11c5c1f619fbe1db12bc,null,,identity proxy before selection when layout is transpiler,7e51cc13b595a2c405f4e95cc42eb66be8187f7e9b2846e1655f0c93c77108c8_synthetic_heavy_hex_like_8q_transpiler,basic,19,v0.4.0,7e51cc13b595a2c405f4e95cc42eb66be8187f7e9b2846e1655f0c93c77108c8_synthetic_heavy_hex_like_8q_transpiler_19,122,84,428,3.553132200000005e-05,-106,0.008698726996954065,True,,3.28298129631858e-14,1e-10,logical Operator.equiv + routed zero/3 random states,"[6, 7, 4, 3, 2, 1]"
6,1.5,0.2,3,symmetry,7e51cc13b595a2c405f4e95cc42eb66be8187f7e9b2846e1655f0c93c77108c8,a30a7e40cfad5385e27071eb6d6b962f4f2302f27e94404d5f75b0ca0d8b87f9,703,360,427,276,31,1.7419354838709677,5,1.6666666666666667,2,1,8,9,2.25,5,2.2857142857142856,1.0,1.0,1,prospective,synthetic_heavy_hex_like_8q_transpiler,heavy_hex_like,transpiler,SYNTHETIC_TARGET,"{""edges"": [[0, 1], [0, 3], [1, 0], [1, 2], [2, 1], [2, 3], [3, 0], [3, 2], [3, 4], [4, 3], [4, 5], [4, 7], [5, 4], [5, 6], [6, 5], [6, 7], [7, 4], [7, 6]], ""seed"": 7, ""basis"": [""id"", ""rz"", ""sx"", ""x"", ""ecr""], ""nodes"": 8}",f911f56297274ab5855fabda92273b130893a8a55e6a11c5c1f619fbe1db12bc,null,,identity proxy before selection when layout is transpiler,7e51cc13b595a2c405f4e95cc42eb66be8187f7e9b2846e1655f0c93c77108c8_synthetic_heavy_hex_like_8q_transpiler,teleport,19,v0.4.0,7e51cc13b595a2c405f4e95cc42eb66be8187f7e9b2846e1655f0c93c77108c8_synthetic_heavy_hex_like_8q_transpiler_19,158,118,497,5.888572200000011e-05,-118,0.009322409001470078,True,,4.020634401266579e-14,1e-10,logical Operator.equiv + routed zero/3 random states,"[6, 7, 4, 3, 2, 1]"
6,1.5,0.2,3,symmetry,7e51cc13b595a2c405f4e95cc42eb66be8187f7e9b2846e1655f0c93c77108c8,a30a7e40cfad5385e27071eb6d6b962f4f2302f27e94404d5f75b0ca0d8b87f9,703,360,427,276,31,1.7419354838709677,5,1.6666666666666667,2,1,8,9,2.25,5,2.2857142857142856,1.0,1.0,1,prospective,synthetic_heavy_hex_like_8q_transpiler,heavy_hex_like,transpiler,SYNTHETIC_TARGET,"{""edges"": [[0, 1], [0, 3], [1, 0], [1, 2], [2, 1], [2, 3], [3, 0], [3, 2], [3, 4], [4, 3], [4, 5], [4, 7], [5, 4], [5, 6], [6, 5], [6, 7], [7, 4], [7, 6]], ""seed"": 7, ""basis"": [""id"", ""rz"", ""sx"", ""x"", ""ecr""], ""nodes"": 8}",f911f56297274ab5855fabda92273b130893a8a55e6a11c5c1f619fbe1db12bc,null,,identity proxy before selection when layout is transpiler,7e51cc13b595a2c405f4e95cc42eb66be8187f7e9b2846e1655f0c93c77108c8_synthetic_heavy_hex_like_8q_transpiler,basic,29,v0.4.0,7e51cc13b595a2c405f4e95cc42eb66be8187f7e9b2846e1655f0c93c77108c8_synthetic_heavy_hex_like_8q_transpiler_29,122,84,434,2.3280030000000016e-05,-106,0.009368701998027973,True,,2.955793533787563e-14,1e-10,logical Operator.equiv + routed zero/3 random states,"[2, 3, 4, 5, 6, 7]"
6,1.5,0.2,3,symmetry,7e51cc13b595a2c405f4e95cc42eb66be8187f7e9b2846e1655f0c93c77108c8,a30a7e40cfad5385e27071eb6d6b962f4f2302f27e94404d5f75b0ca0d8b87f9,703,360,427,276,31,1.7419354838709677,5,1.6666666666666667,2,1,8,9,2.25,5,2.2857142857142856,1.0,1.0,1,prospective,synthetic_heavy_hex_like_8q_transpiler,heavy_hex_like,transpiler,SYNTHETIC_TARGET,"{""edges"": [[0, 1], [0, 3], [1, 0], [1, 2], [2, 1], [2, 3], [3, 0], [3, 2], [3, 4], [4, 3], [4, 5], [4, 7], [5, 4], [5, 6], [6, 5], [6, 7], [7, 4], [7, 6]], ""seed"": 7, ""basis"": [""id"", ""rz"", ""sx"", ""x"", ""ecr""], ""nodes"": 8}",f911f56297274ab5855fabda92273b130893a8a55e6a11c5c1f619fbe1db12bc,null,,identity proxy before selection when layout is transpiler,7e51cc13b595a2c405f4e95cc42eb66be8187f7e9b2846e1655f0c93c77108c8_synthetic_heavy_hex_like_8q_transpiler,teleport,29,v0.4.0,7e51cc13b595a2c405f4e95cc42eb66be8187f7e9b2846e1655f0c93c77108c8_synthetic_heavy_hex_like_8q_transpiler_29,158,118,587,4.093080600000001e-05,-118,0.008998346995213069,True,,1.472929585470172e-14,1e-10,logical Operator.equiv + routed zero/3 random states,"[2, 3, 4, 5, 6, 7]"
6,1.5,0.2,3,symmetry,7e51cc13b595a2c405f4e95cc42eb66be8187f7e9b2846e1655f0c93c77108c8,a30a7e40cfad5385e27071eb6d6b962f4f2302f27e94404d5f75b0ca0d8b87f9,703,360,427,276,31,1.7419354838709677,5,1.6666666666666667,2,1,8,9,2.25,5,2.2857142857142856,1.0,1.0,1,prospective,synthetic_heavy_hex_like_8q_transpiler,heavy_hex_like,transpiler,SYNTHETIC_TARGET,"{""edges"": [[0, 1], [0, 3], [1, 0], [1, 2], [2, 1], [2, 3], [3, 0], [3, 2], [3, 4], [4, 3], [4, 5], [4, 7], [5, 4], [5, 6], [6, 5], [6, 7], [7, 4], [7, 6]], ""seed"": 7, ""basis"": [""id"", ""rz"", ""sx"", ""x"", ""ecr""], ""nodes"": 8}",f911f56297274ab5855fabda92273b130893a8a55e6a11c5c1f619fbe1db12bc,null,,identity proxy before selection when layout is transpiler,7e51cc13b595a2c405f4e95cc42eb66be8187f7e9b2846e1655f0c93c77108c8_synthetic_heavy_hex_like_8q_transpiler,basic,37,v0.4.0,7e51cc13b595a2c405f4e95cc42eb66be8187f7e9b2846e1655f0c93c77108c8_synthetic_heavy_hex_like_8q_transpiler_37,122,84,428,3.553132200000005e-05,-106,0.0094009449967416,True,,3.28298129631858e-14,1e-10,logical Operator.equiv + routed zero/3 random states,"[6, 7, 4, 3, 2, 1]"
6,1.5,0.2,3,symmetry,7e51cc13b595a2c405f4e95cc42eb66be8187f7e9b2846e1655f0c93c77108c8,a30a7e40cfad5385e27071eb6d6b962f4f2302f27e94404d5f75b0ca0d8b87f9,703,360,427,276,31,1.7419354838709677,5,1.6666666666666667,2,1,8,9,2.25,5,2.2857142857142856,1.0,1.0,1,prospective,synthetic_heavy_hex_like_8q_transpiler,heavy_hex_like,transpiler,SYNTHETIC_TARGET,"{""edges"": [[0, 1], [0, 3], [1, 0], [1, 2], [2, 1], [2, 3], [3, 0], [3, 2], [3, 4], [4, 3], [4, 5], [4, 7], [5, 4], [5, 6], [6, 5], [6, 7], [7, 4], [7, 6]], ""seed"": 7, ""basis"": [""id"", ""rz"", ""sx"", ""x"", ""ecr""], ""nodes"": 8}",f911f56297274ab5855fabda92273b130893a8a55e6a11c5c1f619fbe1db12bc,null,,identity proxy before selection when layout is transpiler,7e51cc13b595a2c405f4e95cc42eb66be8187f7e9b2846e1655f0c93c77108c8_synthetic_heavy_hex_like_8q_transpiler,teleport,37,v0.4.0,7e51cc13b595a2c405f4e95cc42eb66be8187f7e9b2846e1655f0c93c77108c8_synthetic_heavy_hex_like_8q_transpiler_37,158,118,563,2.5738236000000006e-05,-118,0.00870452300296165,True,,5.347915686785492e-14,1e-10,logical Operator.equiv + routed zero/3 random states,"[7, 6, 5, 4, 3, 0]"
6,1.5,0.2,3,symmetry,7e51cc13b595a2c405f4e95cc42eb66be8187f7e9b2846e1655f0c93c77108c8,a30a7e40cfad5385e27071eb6d6b962f4f2302f27e94404d5f75b0ca0d8b87f9,703,360,427,276,31,1.7419354838709677,5,1.6666666666666667,2,1,8,9,2.25,5,2.2857142857142856,1.0,1.0,1,prospective,synthetic_heavy_hex_like_8q_transpiler,heavy_hex_like,transpiler,SYNTHETIC_TARGET,"{""edges"": [[0, 1], [0, 3], [1, 0], [1, 2], [2, 1], [2, 3], [3, 0], [3, 2], [3, 4], [4, 3], [4, 5], [4, 7], [5, 4], [5, 6], [6, 5], [6, 7], [7, 4], [7, 6]], ""seed"": 7, ""basis"": [""id"", ""rz"", ""sx"", ""x"", ""ecr""], ""nodes"": 8}",f911f56297274ab5855fabda92273b130893a8a55e6a11c5c1f619fbe1db12bc,null,,identity proxy before selection when layout is transpiler,7e51cc13b595a2c405f4e95cc42eb66be8187f7e9b2846e1655f0c93c77108c8_synthetic_heavy_hex_like_8q_transpiler,basic,47,v0.4.0,7e51cc13b595a2c405f4e95cc42eb66be8187f7e9b2846e1655f0c93c77108c8_synthetic_heavy_hex_like_8q_transpiler_47,122,84,421,2.2514796000000023e-05,-106,0.00986664199444931,True,,3.3064393733008535e-14,1e-10,logical Operator.equiv + routed zero/3 random states,"[7, 6, 5, 4, 3, 0]"
6,1.5,0.2,3,symmetry,7e51cc13b595a2c405f4e95cc42eb66be8187f7e9b2846e1655f0c93c77108c8,a30a7e40cfad5385e27071eb6d6b962f4f2302f27e94404d5f75b0ca0d8b87f9,703,360,427,276,31,1.7419354838709677,5,1.6666666666666667,2,1,8,9,2.25,5,2.2857142857142856,1.0,1.0,1,prospective,synthetic_heavy_hex_like_8q_transpiler,heavy_hex_like,transpiler,SYNTHETIC_TARGET,"{""edges"": [[0, 1], [0, 3], [1, 0], [1, 2], [2, 1], [2, 3], [3, 0], [3, 2], [3, 4], [4, 3], [4, 5], [4, 7], [5, 4], [5, 6], [6, 5], [6, 7], [7, 4], [7, 6]], ""seed"": 7, ""basis"": [""id"", ""rz"", ""sx"", ""x"", ""ecr""], ""nodes"": 8}",f911f56297274ab5855fabda92273b130893a8a55e6a11c5c1f619fbe1db12bc,null,,identity proxy before selection when layout is transpiler,7e51cc13b595a2c405f4e95cc42eb66be8187f7e9b2846e1655f0c93c77108c8_synthetic_heavy_hex_like_8q_transpiler,teleport,47,v0.4.0,7e51cc13b595a2c405f4e95cc42eb66be8187f7e9b2846e1655f0c93c77108c8_synthetic_heavy_hex_like_8q_transpiler_47,158,118,563,2.5738236000000006e-05,-118,0.009759634995134547,True,,5.347915686785492e-14,1e-10,logical Operator.equiv + routed zero/3 random states,"[7, 6, 5, 4, 3, 0]"
6,1.5,0.2,3,symmetry,7e51cc13b595a2c405f4e95cc42eb66be8187f7e9b2846e1655f0c93c77108c8,a30a7e40cfad5385e27071eb6d6b962f4f2302f27e94404d5f75b0ca0d8b87f9,703,360,427,276,31,1.7419354838709677,5,1.6666666666666667,2,1,8,9,2.25,4,2.0714285714285716,1.0,1.0,1,prospective,synthetic_irregular_8q_favorable,irregular,favorable,SYNTHETIC_TARGET,"{""edges"": [[0, 1], [0, 3], [1, 0], [1, 2], [2, 1], [2, 3], [2, 7], [3, 0], [3, 2], [3, 4], [4, 3], [4, 5], [5, 4], [5, 6], [6, 5], [6, 7], [7, 2], [7, 6]], ""seed"": 7, ""basis"": [""id"", ""rz"", ""sx"", ""x"", ""ecr""], ""nodes"": 8}",6b6ce92b7572d9aab18041c2ed891a6915103a840fb0577e497bbcb3d6fc0831,"[0, 1, 2, 3, 4, 5]",,identity proxy before selection when layout is transpiler,7e51cc13b595a2c405f4e95cc42eb66be8187f7e9b2846e1655f0c93c77108c8_synthetic_irregular_8q_favorable,basic,11,v0.4.0,7e51cc13b595a2c405f4e95cc42eb66be8187f7e9b2846e1655f0c93c77108c8_synthetic_irregular_8q_favorable_11,122,84,424,4.043308200000003e-05,-106,0.00873075100389542,True,,2.84925820981855e-14,1e-10,logical Operator.equiv + routed zero/3 random states,"[0, 1, 2, 3, 4, 5]"
6,1.5,0.2,3,symmetry,7e51cc13b595a2c405f4e95cc42eb66be8187f7e9b2846e1655f0c93c77108c8,a30a7e40cfad5385e27071eb6d6b962f4f2302f27e94404d5f75b0ca0d8b87f9,703,360,427,276,31,1.7419354838709677,5,1.6666666666666667,2,1,8,9,2.25,4,2.0714285714285716,1.0,1.0,1,prospective,synthetic_irregular_8q_favorable,irregular,favorable,SYNTHETIC_TARGET,"{""edges"": [[0, 1], [0, 3], [1, 0], [1, 2], [2, 1], [2, 3], [2, 7], [3, 0], [3, 2], [3, 4], [4, 3], [4, 5], [5, 4], [5, 6], [6, 5], [6, 7], [7, 2], [7, 6]], ""seed"": 7, ""basis"": [""id"", ""rz"", ""sx"", ""x"", ""ecr""], ""nodes"": 8}",6b6ce92b7572d9aab18041c2ed891a6915103a840fb0577e497bbcb3d6fc0831,"[0, 1, 2, 3, 4, 5]",,identity proxy before selection when layout is transpiler,7e51cc13b595a2c405f4e95cc42eb66be8187f7e9b2846e1655f0c93c77108c8_synthetic_irregular_8q_favorable,teleport,11,v0.4.0,7e51cc13b595a2c405f4e95cc42eb66be8187f7e9b2846e1655f0c93c77108c8_synthetic_irregular_8q_favorable_11,158,118,506,6.582100200000015e-05,-118,0.008557475004636217,True,,9.620072598526285e-14,1e-10,logical Operator.equiv + routed zero/3 random states,"[0, 1, 2, 3, 4, 5]"
6,1.5,0.2,3,symmetry,7e51cc13b595a2c405f4e95cc42eb66be8187f7e9b2846e1655f0c93c77108c8,a30a7e40cfad5385e27071eb6d6b962f4f2302f27e94404d5f75b0ca0d8b87f9,703,360,427,276,31,1.7419354838709677,5,1.6666666666666667,2,1,8,9,2.25,4,2.0714285714285716,1.0,1.0,1,prospective,synthetic_irregular_8q_favorable,irregular,favorable,SYNTHETIC_TARGET,"{""edges"": [[0, 1], [0, 3], [1, 0], [1, 2], [2, 1], [2, 3], [2, 7], [3, 0], [3, 2], [3, 4], [4, 3], [4, 5], [5, 4], [5, 6], [6, 5], [6, 7], [7, 2], [7, 6]], ""seed"": 7, ""basis"": [""id"", ""rz"", ""sx"", ""x"", ""ecr""], ""nodes"": 8}",6b6ce92b7572d9aab18041c2ed891a6915103a840fb0577e497bbcb3d6fc0831,"[0, 1, 2, 3, 4, 5]",,identity proxy before selection when layout is transpiler,7e51cc13b595a2c405f4e95cc42eb66be8187f7e9b2846e1655f0c93c77108c8_synthetic_irregular_8q_favorable,basic,19,v0.4.0,7e51cc13b595a2c405f4e95cc42eb66be8187f7e9b2846e1655f0c93c77108c8_synthetic_irregular_8q_favorable_19,122,84,424,4.043308200000003e-05,-106,0.009588597000401933,True,,2.84925820981855e-14,1e-10,logical Operator.equiv + routed zero/3 random states,"[0, 1, 2, 3, 4, 5]"
6,1.5,0.2,3,symmetry,7e51cc13b595a2c405f4e95cc42eb66be8187f7e9b2846e1655f0c93c77108c8,a30a7e40cfad5385e27071eb6d6b962f4f2302f27e94404d5f75b0ca0d8b87f9,703,360,427,276,31,1.7419354838709677,5,1.6666666666666667,2,1,8,9,2.25,4,2.0714285714285716,1.0,1.0,1,prospective,synthetic_irregular_8q_favorable,irregular,favorable,SYNTHETIC_TARGET,"{""edges"": [[0, 1], [0, 3], [1, 0], [1, 2], [2, 1], [2, 3], [2, 7], [3, 0], [3, 2], [3, 4], [4, 3], [4, 5], [5, 4], [5, 6], [6, 5], [6, 7], [7, 2], [7, 6]], ""seed"": 7, ""basis"": [""id"", ""rz"", ""sx"", ""x"", ""ecr""], ""nodes"": 8}",6b6ce92b7572d9aab18041c2ed891a6915103a840fb0577e497bbcb3d6fc0831,"[0, 1, 2, 3, 4, 5]",,identity proxy before selection when layout is transpiler,7e51cc13b595a2c405f4e95cc42eb66be8187f7e9b2846e1655f0c93c77108c8_synthetic_irregular_8q_favorable,teleport,19,v0.4.0,7e51cc13b595a2c405f4e95cc42eb66be8187f7e9b2846e1655f0c93c77108c8_synthetic_irregular_8q_favorable_19,158,118,506,6.582100200000015e-05,-118,0.008942255997681059,True,,9.620072598526285e-14,1e-10,logical Operator.equiv + routed zero/3 random states,"[0, 1, 2, 3, 4, 5]"
6,1.5,0.2,3,symmetry,7e51cc13b595a2c405f4e95cc42eb66be8187f7e9b2846e1655f0c93c77108c8,a30a7e40cfad5385e27071eb6d6b962f4f2302f27e94404d5f75b0ca0d8b87f9,703,360,427,276,31,1.7419354838709677,5,1.6666666666666667,2,1,8,9,2.25,4,2.0714285714285716,1.0,1.0,1,prospective,synthetic_irregular_8q_favorable,irregular,favorable,SYNTHETIC_TARGET,"{""edges"": [[0, 1], [0, 3], [1, 0], [1, 2], [2, 1], [2, 3], [2, 7], [3, 0], [3, 2], [3, 4], [4, 3], [4, 5], [5, 4], [5, 6], [6, 5], [6, 7], [7, 2], [7, 6]], ""seed"": 7, ""basis"": [""id"", ""rz"", ""sx"", ""x"", ""ecr""], ""nodes"": 8}",6b6ce92b7572d9aab18041c2ed891a6915103a840fb0577e497bbcb3d6fc0831,"[0, 1, 2, 3, 4, 5]",,identity proxy before selection when layout is transpiler,7e51cc13b595a2c405f4e95cc42eb66be8187f7e9b2846e1655f0c93c77108c8_synthetic_irregular_8q_favorable,basic,29,v0.4.0,7e51cc13b595a2c405f4e95cc42eb66be8187f7e9b2846e1655f0c93c77108c8_synthetic_irregular_8q_favorable_29,122,84,424,4.043308200000003e-05,-106,0.00834482900245348,True,,2.84925820981855e-14,1e-10,logical Operator.equiv + routed zero/3 random states,"[0, 1, 2, 3, 4, 5]"
6,1.5,0.2,3,symmetry,7e51cc13b595a2c405f4e95cc42eb66be8187f7e9b2846e1655f0c93c77108c8,a30a7e40cfad5385e27071eb6d6b962f4f2302f27e94404d5f75b0ca0d8b87f9,703,360,427,276,31,1.7419354838709677,5,1.6666666666666667,2,1,8,9,2.25,4,2.0714285714285716,1.0,1.0,1,prospective,synthetic_irregular_8q_favorable,irregular,favorable,SYNTHETIC_TARGET,"{""edges"": [[0, 1], [0, 3], [1, 0], [1, 2], [2, 1], [2, 3], [2, 7], [3, 0], [3, 2], [3, 4], [4, 3], [4, 5], [5, 4], [5, 6], [6, 5], [6, 7], [7, 2], [7, 6]], ""seed"": 7, ""basis"": [""id"", ""rz"", ""sx"", ""x"", ""ecr""], ""nodes"": 8}",6b6ce92b7572d9aab18041c2ed891a6915103a840fb0577e497bbcb3d6fc0831,"[0, 1, 2, 3, 4, 5]",,identity proxy before selection when layout is transpiler,7e51cc13b595a2c405f4e95cc42eb66be8187f7e9b2846e1655f0c93c77108c8_synthetic_irregular_8q_favorable,teleport,29,v0.4.0,7e51cc13b595a2c405f4e95cc42eb66be8187f7e9b2846e1655f0c93c77108c8_synthetic_irregular_8q_favorable_29,158,118,506,6.582100200000015e-05,-118,0.008809323000605218,True,,9.620072598526285e-14,1e-10,logical Operator.equiv + routed zero/3 random states,"[0, 1, 2, 3, 4, 5]"
6,1.5,0.2,3,symmetry,7e51cc13b595a2c405f4e95cc42eb66be8187f7e9b2846e1655f0c93c77108c8,a30a7e40cfad5385e27071eb6d6b962f4f2302f27e94404d5f75b0ca0d8b87f9,703,360,427,276,31,1.7419354838709677,5,1.6666666666666667,2,1,8,9,2.25,4,2.0714285714285716,1.0,1.0,1,prospective,synthetic_irregular_8q_favorable,irregular,favorable,SYNTHETIC_TARGET,"{""edges"": [[0, 1], [0, 3], [1, 0], [1, 2], [2, 1], [2, 3], [2, 7], [3, 0], [3, 2], [3, 4], [4, 3], [4, 5], [5, 4], [5, 6], [6, 5], [6, 7], [7, 2], [7, 6]], ""seed"": 7, ""basis"": [""id"", ""rz"", ""sx"", ""x"", ""ecr""], ""nodes"": 8}",6b6ce92b7572d9aab18041c2ed891a6915103a840fb0577e497bbcb3d6fc0831,"[0, 1, 2, 3, 4, 5]",,identity proxy before selection when layout is transpiler,7e51cc13b595a2c405f4e95cc42eb66be8187f7e9b2846e1655f0c93c77108c8_synthetic_irregular_8q_favorable,basic,37,v0.4.0,7e51cc13b595a2c405f4e95cc42eb66be8187f7e9b2846e1655f0c93c77108c8_synthetic_irregular_8q_favorable_37,122,84,424,4.043308200000003e-05,-106,0.008713282004464418,True,,2.84925820981855e-14,1e-10,logical Operator.equiv + routed zero/3 random states,"[0, 1, 2, 3, 4, 5]"
6,1.5,0.2,3,symmetry,7e51cc13b595a2c405f4e95cc42eb66be8187f7e9b2846e1655f0c93c77108c8,a30a7e40cfad5385e27071eb6d6b962f4f2302f27e94404d5f75b0ca0d8b87f9,703,360,427,276,31,1.7419354838709677,5,1.6666666666666667,2,1,8,9,2.25,4,2.0714285714285716,1.0,1.0,1,prospective,synthetic_irregular_8q_favorable,irregular,favorable,SYNTHETIC_TARGET,"{""edges"": [[0, 1], [0, 3], [1, 0], [1, 2], [2, 1], [2, 3], [2, 7], [3, 0], [3, 2], [3, 4], [4, 3], [4, 5], [5, 4], [5, 6], [6, 5], [6, 7], [7, 2], [7, 6]], ""seed"": 7, ""basis"": [""id"", ""rz"", ""sx"", ""x"", ""ecr""], ""nodes"": 8}",6b6ce92b7572d9aab18041c2ed891a6915103a840fb0577e497bbcb3d6fc0831,"[0, 1, 2, 3, 4, 5]",,identity proxy before selection when layout is transpiler,7e51cc13b595a2c405f4e95cc42eb66be8187f7e9b2846e1655f0c93c77108c8_synthetic_irregular_8q_favorable,teleport,37,v0.4.0,7e51cc13b595a2c405f4e95cc42eb66be8187f7e9b2846e1655f0c93c77108c8_synthetic_irregular_8q_favorable_37,158,118,506,6.582100200000015e-05,-118,0.010001966002164409,True,,9.620072598526285e-14,1e-10,logical Operator.equiv + routed zero/3 random states,"[0, 1, 2, 3, 4, 5]"
6,1.5,0.2,3,symmetry,7e51cc13b595a2c405f4e95cc42eb66be8187f7e9b2846e1655f0c93c77108c8,a30a7e40cfad5385e27071eb6d6b962f4f2302f27e94404d5f75b0ca0d8b87f9,703,360,427,276,31,1.7419354838709677,5,1.6666666666666667,2,1,8,9,2.25,4,2.0714285714285716,1.0,1.0,1,prospective,synthetic_irregular_8q_favorable,irregular,favorable,SYNTHETIC_TARGET,"{""edges"": [[0, 1], [0, 3], [1, 0], [1, 2], [2, 1], [2, 3], [2, 7], [3, 0], [3, 2], [3, 4], [4, 3], [4, 5], [5, 4], [5, 6], [6, 5], [6, 7], [7, 2], [7, 6]], ""seed"": 7, ""basis"": [""id"", ""rz"", ""sx"", ""x"", ""ecr""], ""nodes"": 8}",6b6ce92b7572d9aab18041c2ed891a6915103a840fb0577e497bbcb3d6fc0831,"[0, 1, 2, 3, 4, 5]",,identity proxy before selection when layout is transpiler,7e51cc13b595a2c405f4e95cc42eb66be8187f7e9b2846e1655f0c93c77108c8_synthetic_irregular_8q_favorable,basic,47,v0.4.0,7e51cc13b595a2c405f4e95cc42eb66be8187f7e9b2846e1655f0c93c77108c8_synthetic_irregular_8q_favorable_47,122,84,424,4.043308200000003e-05,-106,0.008825806005916093,True,,2.84925820981855e-14,1e-10,logical Operator.equiv + routed zero/3 random states,"[0, 1, 2, 3, 4, 5]"
6,1.5,0.2,3,symmetry,7e51cc13b595a2c405f4e95cc42eb66be8187f7e9b2846e1655f0c93c77108c8,a30a7e40cfad5385e27071eb6d6b962f4f2302f27e94404d5f75b0ca0d8b87f9,703,360,427,276,31,1.7419354838709677,5,1.6666666666666667,2,1,8,9,2.25,4,2.0714285714285716,1.0,1.0,1,prospective,synthetic_irregular_8q_favorable,irregular,favorable,SYNTHETIC_TARGET,"{""edges"": [[0, 1], [0, 3], [1, 0], [1, 2], [2, 1], [2, 3], [2, 7], [3, 0], [3, 2], [3, 4], [4, 3], [4, 5], [5, 4], [5, 6], [6, 5], [6, 7], [7, 2], [7, 6]], ""seed"": 7, ""basis"": [""id"", ""rz"", ""sx"", ""x"", ""ecr""], ""nodes"": 8}",6b6ce92b7572d9aab18041c2ed891a6915103a840fb0577e497bbcb3d6fc0831,"[0, 1, 2, 3, 4, 5]",,identity proxy before selection when layout is transpiler,7e51cc13b595a2c405f4e95cc42eb66be8187f7e9b2846e1655f0c93c77108c8_synthetic_irregular_8q_favorable,teleport,47,v0.4.0,7e51cc13b595a2c405f4e95cc42eb66be8187f7e9b2846e1655f0c93c77108c8_synthetic_irregular_8q_favorable_47,158,118,506,6.582100200000015e-05,-118,0.0082989440052188,True,,9.620072598526285e-14,1e-10,logical Operator.equiv + routed zero/3 random states,"[0, 1, 2, 3, 4, 5]"
6,1.5,0.2,3,symmetry,7e51cc13b595a2c405f4e95cc42eb66be8187f7e9b2846e1655f0c93c77108c8,a30a7e40cfad5385e27071eb6d6b962f4f2302f27e94404d5f75b0ca0d8b87f9,703,360,427,276,31,1.7419354838709677,5,1.6666666666666667,2,1,8,9,2.25,4,2.0714285714285716,1.434782608695652,2.0,1,prospective,synthetic_irregular_8q_spread,irregular,spread,SYNTHETIC_TARGET,"{""edges"": [[0, 1], [0, 3], [1, 0], [1, 2], [2, 1], [2, 3], [2, 7], [3, 0], [3, 2], [3, 4], [4, 3], [4, 5], [5, 4], [5, 6], [6, 5], [6, 7], [7, 2], [7, 6]], ""seed"": 7, ""basis"": [""id"", ""rz"", ""sx"", ""x"", ""ecr""], ""nodes"": 8}",6b6ce92b7572d9aab18041c2ed891a6915103a840fb0577e497bbcb3d6fc0831,"[0, 1, 3, 4, 6, 7]",,identity proxy before selection when layout is transpiler,7e51cc13b595a2c405f4e95cc42eb66be8187f7e9b2846e1655f0c93c77108c8_synthetic_irregular_8q_spread,basic,11,v0.4.0,7e51cc13b595a2c405f4e95cc42eb66be8187f7e9b2846e1655f0c93c77108c8_synthetic_irregular_8q_spread_11,135,88,431,2.477298000000001e-05,-93,0.009818453996558674,True,,5.139805041163608e-14,1e-10,logical Operator.equiv + routed zero/3 random states,"[2, 3, 4, 5, 6, 7]"
6,1.5,0.2,3,symmetry,7e51cc13b595a2c405f4e95cc42eb66be8187f7e9b2846e1655f0c93c77108c8,a30a7e40cfad5385e27071eb6d6b962f4f2302f27e94404d5f75b0ca0d8b87f9,703,360,427,276,31,1.7419354838709677,5,1.6666666666666667,2,1,8,9,2.25,4,2.0714285714285716,1.434782608695652,2.0,1,prospective,synthetic_irregular_8q_spread,irregular,spread,SYNTHETIC_TARGET,"{""edges"": [[0, 1], [0, 3], [1, 0], [1, 2], [2, 1], [2, 3], [2, 7], [3, 0], [3, 2], [3, 4], [4, 3], [4, 5], [5, 4], [5, 6], [6, 5], [6, 7], [7, 2], [7, 6]], ""seed"": 7, ""basis"": [""id"", ""rz"", ""sx"", ""x"", ""ecr""], ""nodes"": 8}",6b6ce92b7572d9aab18041c2ed891a6915103a840fb0577e497bbcb3d6fc0831,"[0, 1, 3, 4, 6, 7]",,identity proxy before selection when layout is transpiler,7e51cc13b595a2c405f4e95cc42eb66be8187f7e9b2846e1655f0c93c77108c8_synthetic_irregular_8q_spread,teleport,11,v0.4.0,7e51cc13b595a2c405f4e95cc42eb66be8187f7e9b2846e1655f0c93c77108c8_synthetic_irregular_8q_spread_11,171,119,533,3.917989199999998e-05,-105,0.009281087004637811,True,,4.200659428269681e-14,1e-10,logical Operator.equiv + routed zero/3 random states,"[1, 0, 3, 4, 5, 6]"
6,1.5,0.2,3,symmetry,7e51cc13b595a2c405f4e95cc42eb66be8187f7e9b2846e1655f0c93c77108c8,a30a7e40cfad5385e27071eb6d6b962f4f2302f27e94404d5f75b0ca0d8b87f9,703,360,427,276,31,1.7419354838709677,5,1.6666666666666667,2,1,8,9,2.25,4,2.0714285714285716,1.434782608695652,2.0,1,prospective,synthetic_irregular_8q_spread,irregular,spread,SYNTHETIC_TARGET,"{""edges"": [[0, 1], [0, 3], [1, 0], [1, 2], [2, 1], [2, 3], [2, 7], [3, 0], [3, 2], [3, 4], [4, 3], [4, 5], [5, 4], [5, 6], [6, 5], [6, 7], [7, 2], [7, 6]], ""seed"": 7, ""basis"": [""id"", ""rz"", ""sx"", ""x"", ""ecr""], ""nodes"": 8}",6b6ce92b7572d9aab18041c2ed891a6915103a840fb0577e497bbcb3d6fc0831,"[0, 1, 3, 4, 6, 7]",,identity proxy before selection when layout is transpiler,7e51cc13b595a2c405f4e95cc42eb66be8187f7e9b2846e1655f0c93c77108c8_synthetic_irregular_8q_spread,basic,19,v0.4.0,7e51cc13b595a2c405f4e95cc42eb66be8187f7e9b2846e1655f0c93c77108c8_synthetic_irregular_8q_spread_19,135,88,431,2.477298000000001e-05,-93,0.00926074600283755,True,,5.139805041163608e-14,1e-10,logical Operator.equiv + routed zero/3 random states,"[2, 3, 4, 5, 6, 7]"
6,1.5,0.2,3,symmetry,7e51cc13b595a2c405f4e95cc42eb66be8187f7e9b2846e1655f0c93c77108c8,a30a7e40cfad5385e27071eb6d6b962f4f2302f27e94404d5f75b0ca0d8b87f9,703,360,427,276,31,1.7419354838709677,5,1.6666666666666667,2,1,8,9,2.25,4,2.0714285714285716,1.434782608695652,2.0,1,prospective,synthetic_irregular_8q_spread,irregular,spread,SYNTHETIC_TARGET,"{""edges"": [[0, 1], [0, 3], [1, 0], [1, 2], [2, 1], [2, 3], [2, 7], [3, 0], [3, 2], [3, 4], [4, 3], [4, 5], [5, 4], [5, 6], [6, 5], [6, 7], [7, 2], [7, 6]], ""seed"": 7, ""basis"": [""id"", ""rz"", ""sx"", ""x"", ""ecr""], ""nodes"": 8}",6b6ce92b7572d9aab18041c2ed891a6915103a840fb0577e497bbcb3d6fc0831,"[0, 1, 3, 4, 6, 7]",,identity proxy before selection when layout is transpiler,7e51cc13b595a2c405f4e95cc42eb66be8187f7e9b2846e1655f0c93c77108c8_synthetic_irregular_8q_spread,teleport,19,v0.4.0,7e51cc13b595a2c405f4e95cc42eb66be8187f7e9b2846e1655f0c93c77108c8_synthetic_irregular_8q_spread_19,171,120,613,8.292321599999985e-05,-105,0.009927245999278966,True,,6.117659430192352e-14,1e-10,logical Operator.equiv + routed zero/3 random states,"[0, 1, 2, 7, 6, 5]"
6,1.5,0.2,3,symmetry,7e51cc13b595a2c405f4e95cc42eb66be8187f7e9b2846e1655f0c93c77108c8,a30a7e40cfad5385e27071eb6d6b962f4f2302f27e94404d5f75b0ca0d8b87f9,703,360,427,276,31,1.7419354838709677,5,1.6666666666666667,2,1,8,9,2.25,4,2.0714285714285716,1.434782608695652,2.0,1,prospective,synthetic_irregular_8q_spread,irregular,spread,SYNTHETIC_TARGET,"{""edges"": [[0, 1], [0, 3], [1, 0], [1, 2], [2, 1], [2, 3], [2, 7], [3, 0], [3, 2], [3, 4], [4, 3], [4, 5], [5, 4], [5, 6], [6, 5], [6, 7], [7, 2], [7, 6]], ""seed"": 7, ""basis"": [""id"", ""rz"", ""sx"", ""x"", ""ecr""], ""nodes"": 8}",6b6ce92b7572d9aab18041c2ed891a6915103a840fb0577e497bbcb3d6fc0831,"[0, 1, 3, 4, 6, 7]",,identity proxy before selection when layout is transpiler,7e51cc13b595a2c405f4e95cc42eb66be8187f7e9b2846e1655f0c93c77108c8_synthetic_irregular_8q_spread,basic,29,v0.4.0,7e51cc13b595a2c405f4e95cc42eb66be8187f7e9b2846e1655f0c93c77108c8_synthetic_irregular_8q_spread_29,135,88,431,2.477298000000001e-05,-93,0.009618423995561898,True,,3.257842537177882e-14,1e-10,logical Operator.equiv + routed zero/3 random states,"[0, 3, 4, 5, 6, 7]"
6,1.5,0.2,3,symmetry,7e51cc13b595a2c405f4e95cc42eb66be8187f7e9b2846e1655f0c93c77108c8,a30a7e40cfad5385e27071eb6d6b962f4f2302f27e94404d5f75b0ca0d8b87f9,703,360,427,276,31,1.7419354838709677,5,1.6666666666666667,2,1,8,9,2.25,4,2.0714285714285716,1.434782608695652,2.0,1,prospective,synthetic_irregular_8q_spread,irregular,spread,SYNTHETIC_TARGET,"{""edges"": [[0, 1], [0, 3], [1, 0], [1, 2], [2, 1], [2, 3], [2, 7], [3, 0], [3, 2], [3, 4], [4, 3], [4, 5], [5, 4], [5, 6], [6, 5], [6, 7], [7, 2], [7, 6]], ""seed"": 7, ""basis"": [""id"", ""rz"", ""sx"", ""x"", ""ecr""], ""nodes"": 8}",6b6ce92b7572d9aab18041c2ed891a6915103a840fb0577e497bbcb3d6fc0831,"[0, 1, 3, 4, 6, 7]",,identity proxy before selection when layout is transpiler,7e51cc13b595a2c405f4e95cc42eb66be8187f7e9b2846e1655f0c93c77108c8_synthetic_irregular_8q_spread,teleport,29,v0.4.0,7e51cc13b595a2c405f4e95cc42eb66be8187f7e9b2846e1655f0c93c77108c8_synthetic_irregular_8q_spread_29,171,119,533,3.917989199999998e-05,-105,0.00862328599760076,True,,4.200659428269681e-14,1e-10,logical Operator.equiv + routed zero/3 random states,"[1, 0, 3, 4, 5, 6]"
6,1.5,0.2,3,symmetry,7e51cc13b595a2c405f4e95cc42eb66be8187f7e9b2846e1655f0c93c77108c8,a30a7e40cfad5385e27071eb6d6b962f4f2302f27e94404d5f75b0ca0d8b87f9,703,360,427,276,31,1.7419354838709677,5,1.6666666666666667,2,1,8,9,2.25,4,2.0714285714285716,1.434782608695652,2.0,1,prospective,synthetic_irregular_8q_spread,irregular,spread,SYNTHETIC_TARGET,"{""edges"": [[0, 1], [0, 3], [1, 0], [1, 2], [2, 1], [2, 3], [2, 7], [3, 0], [3, 2], [3, 4], [4, 3], [4, 5], [5, 4], [5, 6], [6, 5], [6, 7], [7, 2], [7, 6]], ""seed"": 7, ""basis"": [""id"", ""rz"", ""sx"", ""x"", ""ecr""], ""nodes"": 8}",6b6ce92b7572d9aab18041c2ed891a6915103a840fb0577e497bbcb3d6fc0831,"[0, 1, 3, 4, 6, 7]",,identity proxy before selection when layout is transpiler,7e51cc13b595a2c405f4e95cc42eb66be8187f7e9b2846e1655f0c93c77108c8_synthetic_irregular_8q_spread,basic,37,v0.4.0,7e51cc13b595a2c405f4e95cc42eb66be8187f7e9b2846e1655f0c93c77108c8_synthetic_irregular_8q_spread_37,135,88,431,2.477298000000001e-05,-93,0.010515928006498143,True,,5.139805041163608e-14,1e-10,logical Operator.equiv + routed zero/3 random states,"[2, 3, 4, 5, 6, 7]"
6,1.5,0.2,3,symmetry,7e51cc13b595a2c405f4e95cc42eb66be8187f7e9b2846e1655f0c93c77108c8,a30a7e40cfad5385e27071eb6d6b962f4f2302f27e94404d5f75b0ca0d8b87f9,703,360,427,276,31,1.7419354838709677,5,1.6666666666666667,2,1,8,9,2.25,4,2.0714285714285716,1.434782608695652,2.0,1,prospective,synthetic_irregular_8q_spread,irregular,spread,SYNTHETIC_TARGET,"{""edges"": [[0, 1], [0, 3], [1, 0], [1, 2], [2, 1], [2, 3], [2, 7], [3, 0], [3, 2], [3, 4], [4, 3], [4, 5], [5, 4], [5, 6], [6, 5], [6, 7], [7, 2], [7, 6]], ""seed"": 7, ""basis"": [""id"", ""rz"", ""sx"", ""x"", ""ecr""], ""nodes"": 8}",6b6ce92b7572d9aab18041c2ed891a6915103a840fb0577e497bbcb3d6fc0831,"[0, 1, 3, 4, 6, 7]",,identity proxy before selection when layout is transpiler,7e51cc13b595a2c405f4e95cc42eb66be8187f7e9b2846e1655f0c93c77108c8_synthetic_irregular_8q_spread,teleport,37,v0.4.0,7e51cc13b595a2c405f4e95cc42eb66be8187f7e9b2846e1655f0c93c77108c8_synthetic_irregular_8q_spread_37,171,119,533,3.917989199999998e-05,-105,0.009469233002164401,True,,4.200659428269681e-14,1e-10,logical Operator.equiv + routed zero/3 random states,"[1, 0, 3, 4, 5, 6]"
6,1.5,0.2,3,symmetry,7e51cc13b595a2c405f4e95cc42eb66be8187f7e9b2846e1655f0c93c77108c8,a30a7e40cfad5385e27071eb6d6b962f4f2302f27e94404d5f75b0ca0d8b87f9,703,360,427,276,31,1.7419354838709677,5,1.6666666666666667,2,1,8,9,2.25,4,2.0714285714285716,1.434782608695652,2.0,1,prospective,synthetic_irregular_8q_spread,irregular,spread,SYNTHETIC_TARGET,"{""edges"": [[0, 1], [0, 3], [1, 0], [1, 2], [2, 1], [2, 3], [2, 7], [3, 0], [3, 2], [3, 4], [4, 3], [4, 5], [5, 4], [5, 6], [6, 5], [6, 7], [7, 2], [7, 6]], ""seed"": 7, ""basis"": [""id"", ""rz"", ""sx"", ""x"", ""ecr""], ""nodes"": 8}",6b6ce92b7572d9aab18041c2ed891a6915103a840fb0577e497bbcb3d6fc0831,"[0, 1, 3, 4, 6, 7]",,identity proxy before selection when layout is transpiler,7e51cc13b595a2c405f4e95cc42eb66be8187f7e9b2846e1655f0c93c77108c8_synthetic_irregular_8q_spread,basic,47,v0.4.0,7e51cc13b595a2c405f4e95cc42eb66be8187f7e9b2846e1655f0c93c77108c8_synthetic_irregular_8q_spread_47,135,88,431,2.477298000000001e-05,-93,0.0101006979966769,True,,3.257842537177882e-14,1e-10,logical Operator.equiv + routed zero/3 random states,"[0, 3, 4, 5, 6, 7]"
6,1.5,0.2,3,symmetry,7e51cc13b595a2c405f4e95cc42eb66be8187f7e9b2846e1655f0c93c77108c8,a30a7e40cfad5385e27071eb6d6b962f4f2302f27e94404d5f75b0ca0d8b87f9,703,360,427,276,31,1.7419354838709677,5,1.6666666666666667,2,1,8,9,2.25,4,2.0714285714285716,1.434782608695652,2.0,1,prospective,synthetic_irregular_8q_spread,irregular,spread,SYNTHETIC_TARGET,"{""edges"": [[0, 1], [0, 3], [1, 0], [1, 2], [2, 1], [2, 3], [2, 7], [3, 0], [3, 2], [3, 4], [4, 3], [4, 5], [5, 4], [5, 6], [6, 5], [6, 7], [7, 2], [7, 6]], ""seed"": 7, ""basis"": [""id"", ""rz"", ""sx"", ""x"", ""ecr""], ""nodes"": 8}",6b6ce92b7572d9aab18041c2ed891a6915103a840fb0577e497bbcb3d6fc0831,"[0, 1, 3, 4, 6, 7]",,identity proxy before selection when layout is transpiler,7e51cc13b595a2c405f4e95cc42eb66be8187f7e9b2846e1655f0c93c77108c8_synthetic_irregular_8q_spread,teleport,47,v0.4.0,7e51cc13b595a2c405f4e95cc42eb66be8187f7e9b2846e1655f0c93c77108c8_synthetic_irregular_8q_spread_47,171,120,613,8.292321599999985e-05,-105,0.009845474996836856,True,,6.117659430192352e-14,1e-10,logical Operator.equiv + routed zero/3 random states,"[0, 1, 2, 7, 6, 5]"
