validation,fold,model,case_id,prediction
prospective,0,always_basic,00dec25597397b2934fb42740994f65c50571551a5090f8e130104971b3c190f_synthetic_line_6q_favorable_11,basic
prospective,0,always_basic,00dec25597397b2934fb42740994f65c50571551a5090f8e130104971b3c190f_synthetic_line_6q_favorable_19,basic
prospective,0,always_basic,00dec25597397b2934fb42740994f65c50571551a5090f8e130104971b3c190f_synthetic_line_6q_favorable_29,basic
prospective,0,always_basic,00dec25597397b2934fb42740994f65c50571551a5090f8e130104971b3c190f_synthetic_line_6q_favorable_37,basic
prospective,0,always_basic,00dec25597397b2934fb42740994f65c50571551a5090f8e130104971b3c190f_synthetic_line_6q_favorable_47,basic
prospective,0,always_basic,00dec25597397b2934fb42740994f65c50571551a5090f8e130104971b3c190f_synthetic_line_6q_spread_11,basic
prospective,0,always_basic,00dec25597397b2934fb42740994f65c50571551a5090f8e130104971b3c190f_synthetic_line_6q_spread_19,basic
prospective,0,always_basic,00dec25597397b2934fb42740994f65c50571551a5090f8e130104971b3c190f_synthetic_line_6q_spread_29,basic
prospective,0,always_basic,00dec25597397b2934fb42740994f65c50571551a5090f8e130104971b3c190f_synthetic_line_6q_spread_37,basic
prospective,0,always_basic,00dec25597397b2934fb42740994f65c50571551a5090f8e130104971b3c190f_synthetic_line_6q_spread_47,basic
prospective,0,always_basic,00dec25597397b2934fb42740994f65c50571551a5090f8e130104971b3c190f_synthetic_ring_6q_transpiler_11,basic
prospective,0,always_basic,00dec25597397b2934fb42740994f65c50571551a5090f8e130104971b3c190f_synthetic_ring_6q_transpiler_19,basic
prospective,0,always_basic,00dec25597397b2934fb42740994f65c50571551a5090f8e130104971b3c190f_synthetic_ring_6q_transpiler_29,basic
prospective,0,always_basic,00dec25597397b2934fb42740994f65c50571551a5090f8e130104971b3c190f_synthetic_ring_6q_transpiler_37,basic
prospective,0,always_basic,00dec25597397b2934fb42740994f65c50571551a5090f8e130104971b3c190f_synthetic_ring_6q_transpiler_47,basic
prospective,0,always_basic,00dec25597397b2934fb42740994f65c50571551a5090f8e130104971b3c190f_synthetic_grid_6q_transpiler_11,basic
prospective,0,always_basic,00dec25597397b2934fb42740994f65c50571551a5090f8e130104971b3c190f_synthetic_grid_6q_transpiler_19,basic
prospective,0,always_basic,00dec25597397b2934fb42740994f65c50571551a5090f8e130104971b3c190f_synthetic_grid_6q_transpiler_29,basic
prospective,0,always_basic,00dec25597397b2934fb42740994f65c50571551a5090f8e130104971b3c190f_synthetic_grid_6q_transpiler_37,basic
prospective,0,always_basic,00dec25597397b2934fb42740994f65c50571551a5090f8e130104971b3c190f_synthetic_grid_6q_transpiler_47,basic
prospective,0,always_basic,00dec25597397b2934fb42740994f65c50571551a5090f8e130104971b3c190f_synthetic_heavy_hex_like_7q_transpiler_11,basic
prospective,0,always_basic,00dec25597397b2934fb42740994f65c50571551a5090f8e130104971b3c190f_synthetic_heavy_hex_like_7q_transpiler_19,basic
prospective,0,always_basic,00dec25597397b2934fb42740994f65c50571551a5090f8e130104971b3c190f_synthetic_heavy_hex_like_7q_transpiler_29,basic
prospective,0,always_basic,00dec25597397b2934fb42740994f65c50571551a5090f8e130104971b3c190f_synthetic_heavy_hex_like_7q_transpiler_37,basic
prospective,0,always_basic,00dec25597397b2934fb42740994f65c50571551a5090f8e130104971b3c190f_synthetic_heavy_hex_like_7q_transpiler_47,basic
prospective,0,always_basic,00dec25597397b2934fb42740994f65c50571551a5090f8e130104971b3c190f_synthetic_irregular_7q_favorable_11,basic
prospective,0,always_basic,00dec25597397b2934fb42740994f65c50571551a5090f8e130104971b3c190f_synthetic_irregular_7q_favorable_19,basic
prospective,0,always_basic,00dec25597397b2934fb42740994f65c50571551a5090f8e130104971b3c190f_synthetic_irregular_7q_favorable_29,basic
prospective,0,always_basic,00dec25597397b2934fb42740994f65c50571551a5090f8e130104971b3c190f_synthetic_irregular_7q_favorable_37,basic
prospective,0,always_basic,00dec25597397b2934fb42740994f65c50571551a5090f8e130104971b3c190f_synthetic_irregular_7q_favorable_47,basic
prospective,0,always_basic,00dec25597397b2934fb42740994f65c50571551a5090f8e130104971b3c190f_synthetic_irregular_7q_spread_11,basic
prospective,0,always_basic,00dec25597397b2934fb42740994f65c50571551a5090f8e130104971b3c190f_synthetic_irregular_7q_spread_19,basic
prospective,0,always_basic,00dec25597397b2934fb42740994f65c50571551a5090f8e130104971b3c190f_synthetic_irregular_7q_spread_29,basic
prospective,0,always_basic,00dec25597397b2934fb42740994f65c50571551a5090f8e130104971b3c190f_synthetic_irregular_7q_spread_37,basic
prospective,0,always_basic,00dec25597397b2934fb42740994f65c50571551a5090f8e130104971b3c190f_synthetic_irregular_7q_spread_47,basic
prospective,0,always_basic,49f9e42949fe44e9cacc4cb550ad5cc71ba965632af7f9c8a4fd8e3384156438_synthetic_line_6q_favorable_11,basic
prospective,0,always_basic,49f9e42949fe44e9cacc4cb550ad5cc71ba965632af7f9c8a4fd8e3384156438_synthetic_line_6q_favorable_19,basic
prospective,0,always_basic,49f9e42949fe44e9cacc4cb550ad5cc71ba965632af7f9c8a4fd8e3384156438_synthetic_line_6q_favorable_29,basic
prospective,0,always_basic,49f9e42949fe44e9cacc4cb550ad5cc71ba965632af7f9c8a4fd8e3384156438_synthetic_line_6q_favorable_37,basic
prospective,0,always_basic,49f9e42949fe44e9cacc4cb550ad5cc71ba965632af7f9c8a4fd8e3384156438_synthetic_line_6q_favorable_47,basic
prospective,0,always_basic,49f9e42949fe44e9cacc4cb550ad5cc71ba965632af7f9c8a4fd8e3384156438_synthetic_line_6q_spread_11,basic
prospective,0,always_basic,49f9e42949fe44e9cacc4cb550ad5cc71ba965632af7f9c8a4fd8e3384156438_synthetic_line_6q_spread_19,basic
prospective,0,always_basic,49f9e42949fe44e9cacc4cb550ad5cc71ba965632af7f9c8a4fd8e3384156438_synthetic_line_6q_spread_29,basic
prospective,0,always_basic,49f9e42949fe44e9cacc4cb550ad5cc71ba965632af7f9c8a4fd8e3384156438_synthetic_line_6q_spread_37,basic
prospective,0,always_basic,49f9e42949fe44e9cacc4cb550ad5cc71ba965632af7f9c8a4fd8e3384156438_synthetic_line_6q_spread_47,basic
prospective,0,always_basic,49f9e42949fe44e9cacc4cb550ad5cc71ba965632af7f9c8a4fd8e3384156438_synthetic_ring_6q_transpiler_11,basic
prospective,0,always_basic,49f9e42949fe44e9cacc4cb550ad5cc71ba965632af7f9c8a4fd8e3384156438_synthetic_ring_6q_transpiler_19,basic
prospective,0,always_basic,49f9e42949fe44e9cacc4cb550ad5cc71ba965632af7f9c8a4fd8e3384156438_synthetic_ring_6q_transpiler_29,basic
prospective,0,always_basic,49f9e42949fe44e9cacc4cb550ad5cc71ba965632af7f9c8a4fd8e3384156438_synthetic_ring_6q_transpiler_37,basic
prospective,0,always_basic,49f9e42949fe44e9cacc4cb550ad5cc71ba965632af7f9c8a4fd8e3384156438_synthetic_ring_6q_transpiler_47,basic
prospective,0,always_basic,49f9e42949fe44e9cacc4cb550ad5cc71ba965632af7f9c8a4fd8e3384156438_synthetic_grid_6q_transpiler_11,basic
prospective,0,always_basic,49f9e42949fe44e9cacc4cb550ad5cc71ba965632af7f9c8a4fd8e3384156438_synthetic_grid_6q_transpiler_19,basic
prospective,0,always_basic,49f9e42949fe44e9cacc4cb550ad5cc71ba965632af7f9c8a4fd8e3384156438_synthetic_grid_6q_transpiler_29,basic
prospective,0,always_basic,49f9e42949fe44e9cacc4cb550ad5cc71ba965632af7f9c8a4fd8e3384156438_synthetic_grid_6q_transpiler_37,basic
prospective,0,always_basic,49f9e42949fe44e9cacc4cb550ad5cc71ba965632af7f9c8a4fd8e3384156438_synthetic_grid_6q_transpiler_47,basic
prospective,0,always_basic,49f9e42949fe44e9cacc4cb550ad5cc71ba965632af7f9c8a4fd8e3384156438_synthetic_heavy_hex_like_7q_transpiler_11,basic
prospective,0,always_basic,49f9e42949fe44e9cacc4cb550ad5cc71ba965632af7f9c8a4fd8e3384156438_synthetic_heavy_hex_like_7q_transpiler_19,basic
prospective,0,always_basic,49f9e42949fe44e9cacc4cb550ad5cc71ba965632af7f9c8a4fd8e3384156438_synthetic_heavy_hex_like_7q_transpiler_29,basic
prospective,0,always_basic,49f9e42949fe44e9cacc4cb550ad5cc71ba965632af7f9c8a4fd8e3384156438_synthetic_heavy_hex_like_7q_transpiler_37,basic
prospective,0,always_basic,49f9e42949fe44e9cacc4cb550ad5cc71ba965632af7f9c8a4fd8e3384156438_synthetic_heavy_hex_like_7q_transpiler_47,basic
prospective,0,always_basic,49f9e42949fe44e9cacc4cb550ad5cc71ba965632af7f9c8a4fd8e3384156438_synthetic_irregular_7q_favorable_11,basic
prospective,0,always_basic,49f9e42949fe44e9cacc4cb550ad5cc71ba965632af7f9c8a4fd8e3384156438_synthetic_irregular_7q_favorable_19,basic
prospective,0,always_basic,49f9e42949fe44e9cacc4cb550ad5cc71ba965632af7f9c8a4fd8e3384156438_synthetic_irregular_7q_favorable_29,basic
prospective,0,always_basic,49f9e42949fe44e9cacc4cb550ad5cc71ba965632af7f9c8a4fd8e3384156438_synthetic_irregular_7q_favorable_37,basic
prospective,0,always_basic,49f9e42949fe44e9cacc4cb550ad5cc71ba965632af7f9c8a4fd8e3384156438_synthetic_irregular_7q_favorable_47,basic
prospective,0,always_basic,49f9e42949fe44e9cacc4cb550ad5cc71ba965632af7f9c8a4fd8e3384156438_synthetic_irregular_7q_spread_11,basic
prospective,0,always_basic,49f9e42949fe44e9cacc4cb550ad5cc71ba965632af7f9c8a4fd8e3384156438_synthetic_irregular_7q_spread_19,basic
prospective,0,always_basic,49f9e42949fe44e9cacc4cb550ad5cc71ba965632af7f9c8a4fd8e3384156438_synthetic_irregular_7q_spread_29,basic
prospective,0,always_basic,49f9e42949fe44e9cacc4cb550ad5cc71ba965632af7f9c8a4fd8e3384156438_synthetic_irregular_7q_spread_37,basic
prospective,0,always_basic,49f9e42949fe44e9cacc4cb550ad5cc71ba965632af7f9c8a4fd8e3384156438_synthetic_irregular_7q_spread_47,basic
prospective,0,always_basic,6a9ea95959ada3b9eb58a4396c3fc46af54caed318314ad360db449a01f90c66_synthetic_line_6q_favorable_11,basic
prospective,0,always_basic,6a9ea95959ada3b9eb58a4396c3fc46af54caed318314ad360db449a01f90c66_synthetic_line_6q_favorable_19,basic
prospective,0,always_basic,6a9ea95959ada3b9eb58a4396c3fc46af54caed318314ad360db449a01f90c66_synthetic_line_6q_favorable_29,basic
prospective,0,always_basic,6a9ea95959ada3b9eb58a4396c3fc46af54caed318314ad360db449a01f90c66_synthetic_line_6q_favorable_37,basic
prospective,0,always_basic,6a9ea95959ada3b9eb58a4396c3fc46af54caed318314ad360db449a01f90c66_synthetic_line_6q_favorable_47,basic
prospective,0,always_basic,6a9ea95959ada3b9eb58a4396c3fc46af54caed318314ad360db449a01f90c66_synthetic_line_6q_spread_11,basic
prospective,0,always_basic,6a9ea95959ada3b9eb58a4396c3fc46af54caed318314ad360db449a01f90c66_synthetic_line_6q_spread_19,basic
prospective,0,always_basic,6a9ea95959ada3b9eb58a4396c3fc46af54caed318314ad360db449a01f90c66_synthetic_line_6q_spread_29,basic
prospective,0,always_basic,6a9ea95959ada3b9eb58a4396c3fc46af54caed318314ad360db449a01f90c66_synthetic_line_6q_spread_37,basic
prospective,0,always_basic,6a9ea95959ada3b9eb58a4396c3fc46af54caed318314ad360db449a01f90c66_synthetic_line_6q_spread_47,basic
prospective,0,always_basic,6a9ea95959ada3b9eb58a4396c3fc46af54caed318314ad360db449a01f90c66_synthetic_ring_6q_transpiler_11,basic
prospective,0,always_basic,6a9ea95959ada3b9eb58a4396c3fc46af54caed318314ad360db449a01f90c66_synthetic_ring_6q_transpiler_19,basic
prospective,0,always_basic,6a9ea95959ada3b9eb58a4396c3fc46af54caed318314ad360db449a01f90c66_synthetic_ring_6q_transpiler_29,basic
prospective,0,always_basic,6a9ea95959ada3b9eb58a4396c3fc46af54caed318314ad360db449a01f90c66_synthetic_ring_6q_transpiler_37,basic
prospective,0,always_basic,6a9ea95959ada3b9eb58a4396c3fc46af54caed318314ad360db449a01f90c66_synthetic_ring_6q_transpiler_47,basic
prospective,0,always_basic,6a9ea95959ada3b9eb58a4396c3fc46af54caed318314ad360db449a01f90c66_synthetic_grid_6q_transpiler_11,basic
prospective,0,always_basic,6a9ea95959ada3b9eb58a4396c3fc46af54caed318314ad360db449a01f90c66_synthetic_grid_6q_transpiler_19,basic
prospective,0,always_basic,6a9ea95959ada3b9eb58a4396c3fc46af54caed318314ad360db449a01f90c66_synthetic_grid_6q_transpiler_29,basic
prospective,0,always_basic,6a9ea95959ada3b9eb58a4396c3fc46af54caed318314ad360db449a01f90c66_synthetic_grid_6q_transpiler_37,basic
prospective,0,always_basic,6a9ea95959ada3b9eb58a4396c3fc46af54caed318314ad360db449a01f90c66_synthetic_grid_6q_transpiler_47,basic
prospective,0,always_basic,6a9ea95959ada3b9eb58a4396c3fc46af54caed318314ad360db449a01f90c66_synthetic_heavy_hex_like_7q_transpiler_11,basic
prospective,0,always_basic,6a9ea95959ada3b9eb58a4396c3fc46af54caed318314ad360db449a01f90c66_synthetic_heavy_hex_like_7q_transpiler_19,basic
prospective,0,always_basic,6a9ea95959ada3b9eb58a4396c3fc46af54caed318314ad360db449a01f90c66_synthetic_heavy_hex_like_7q_transpiler_29,basic
prospective,0,always_basic,6a9ea95959ada3b9eb58a4396c3fc46af54caed318314ad360db449a01f90c66_synthetic_heavy_hex_like_7q_transpiler_37,basic
prospective,0,always_basic,6a9ea95959ada3b9eb58a4396c3fc46af54caed318314ad360db449a01f90c66_synthetic_heavy_hex_like_7q_transpiler_47,basic
prospective,0,always_basic,6a9ea95959ada3b9eb58a4396c3fc46af54caed318314ad360db449a01f90c66_synthetic_irregular_7q_favorable_11,basic
prospective,0,always_basic,6a9ea95959ada3b9eb58a4396c3fc46af54caed318314ad360db449a01f90c66_synthetic_irregular_7q_favorable_19,basic
prospective,0,always_basic,6a9ea95959ada3b9eb58a4396c3fc46af54caed318314ad360db449a01f90c66_synthetic_irregular_7q_favorable_29,basic
prospective,0,always_basic,6a9ea95959ada3b9eb58a4396c3fc46af54caed318314ad360db449a01f90c66_synthetic_irregular_7q_favorable_37,basic
prospective,0,always_basic,6a9ea95959ada3b9eb58a4396c3fc46af54caed318314ad360db449a01f90c66_synthetic_irregular_7q_favorable_47,basic
prospective,0,always_basic,6a9ea95959ada3b9eb58a4396c3fc46af54caed318314ad360db449a01f90c66_synthetic_irregular_7q_spread_11,basic
prospective,0,always_basic,6a9ea95959ada3b9eb58a4396c3fc46af54caed318314ad360db449a01f90c66_synthetic_irregular_7q_spread_19,basic
prospective,0,always_basic,6a9ea95959ada3b9eb58a4396c3fc46af54caed318314ad360db449a01f90c66_synthetic_irregular_7q_spread_29,basic
prospective,0,always_basic,6a9ea95959ada3b9eb58a4396c3fc46af54caed318314ad360db449a01f90c66_synthetic_irregular_7q_spread_37,basic
prospective,0,always_basic,6a9ea95959ada3b9eb58a4396c3fc46af54caed318314ad360db449a01f90c66_synthetic_irregular_7q_spread_47,basic
prospective,0,always_basic,2b5e0ed483cc3050468f9dbe07ba775d3779a0f5f0b1d9721b5967992a9fa793_synthetic_line_6q_favorable_11,basic
prospective,0,always_basic,2b5e0ed483cc3050468f9dbe07ba775d3779a0f5f0b1d9721b5967992a9fa793_synthetic_line_6q_favorable_19,basic
prospective,0,always_basic,2b5e0ed483cc3050468f9dbe07ba775d3779a0f5f0b1d9721b5967992a9fa793_synthetic_line_6q_favorable_29,basic
prospective,0,always_basic,2b5e0ed483cc3050468f9dbe07ba775d3779a0f5f0b1d9721b5967992a9fa793_synthetic_line_6q_favorable_37,basic
prospective,0,always_basic,2b5e0ed483cc3050468f9dbe07ba775d3779a0f5f0b1d9721b5967992a9fa793_synthetic_line_6q_favorable_47,basic
prospective,0,always_basic,2b5e0ed483cc3050468f9dbe07ba775d3779a0f5f0b1d9721b5967992a9fa793_synthetic_line_6q_spread_11,basic
prospective,0,always_basic,2b5e0ed483cc3050468f9dbe07ba775d3779a0f5f0b1d9721b5967992a9fa793_synthetic_line_6q_spread_19,basic
prospective,0,always_basic,2b5e0ed483cc3050468f9dbe07ba775d3779a0f5f0b1d9721b5967992a9fa793_synthetic_line_6q_spread_29,basic
prospective,0,always_basic,2b5e0ed483cc3050468f9dbe07ba775d3779a0f5f0b1d9721b5967992a9fa793_synthetic_line_6q_spread_37,basic
prospective,0,always_basic,2b5e0ed483cc3050468f9dbe07ba775d3779a0f5f0b1d9721b5967992a9fa793_synthetic_line_6q_spread_47,basic
prospective,0,always_basic,2b5e0ed483cc3050468f9dbe07ba775d3779a0f5f0b1d9721b5967992a9fa793_synthetic_ring_6q_transpiler_11,basic
prospective,0,always_basic,2b5e0ed483cc3050468f9dbe07ba775d3779a0f5f0b1d9721b5967992a9fa793_synthetic_ring_6q_transpiler_19,basic
prospective,0,always_basic,2b5e0ed483cc3050468f9dbe07ba775d3779a0f5f0b1d9721b5967992a9fa793_synthetic_ring_6q_transpiler_29,basic
prospective,0,always_basic,2b5e0ed483cc3050468f9dbe07ba775d3779a0f5f0b1d9721b5967992a9fa793_synthetic_ring_6q_transpiler_37,basic
prospective,0,always_basic,2b5e0ed483cc3050468f9dbe07ba775d3779a0f5f0b1d9721b5967992a9fa793_synthetic_ring_6q_transpiler_47,basic
prospective,0,always_basic,2b5e0ed483cc3050468f9dbe07ba775d3779a0f5f0b1d9721b5967992a9fa793_synthetic_grid_6q_transpiler_11,basic
prospective,0,always_basic,2b5e0ed483cc3050468f9dbe07ba775d3779a0f5f0b1d9721b5967992a9fa793_synthetic_grid_6q_transpiler_19,basic
prospective,0,always_basic,2b5e0ed483cc3050468f9dbe07ba775d3779a0f5f0b1d9721b5967992a9fa793_synthetic_grid_6q_transpiler_29,basic
prospective,0,always_basic,2b5e0ed483cc3050468f9dbe07ba775d3779a0f5f0b1d9721b5967992a9fa793_synthetic_grid_6q_transpiler_37,basic
prospective,0,always_basic,2b5e0ed483cc3050468f9dbe07ba775d3779a0f5f0b1d9721b5967992a9fa793_synthetic_grid_6q_transpiler_47,basic
prospective,0,always_basic,2b5e0ed483cc3050468f9dbe07ba775d3779a0f5f0b1d9721b5967992a9fa793_synthetic_heavy_hex_like_7q_transpiler_11,basic
prospective,0,always_basic,2b5e0ed483cc3050468f9dbe07ba775d3779a0f5f0b1d9721b5967992a9fa793_synthetic_heavy_hex_like_7q_transpiler_19,basic
prospective,0,always_basic,2b5e0ed483cc3050468f9dbe07ba775d3779a0f5f0b1d9721b5967992a9fa793_synthetic_heavy_hex_like_7q_transpiler_29,basic
prospective,0,always_basic,2b5e0ed483cc3050468f9dbe07ba775d3779a0f5f0b1d9721b5967992a9fa793_synthetic_heavy_hex_like_7q_transpiler_37,basic
prospective,0,always_basic,2b5e0ed483cc3050468f9dbe07ba775d3779a0f5f0b1d9721b5967992a9fa793_synthetic_heavy_hex_like_7q_transpiler_47,basic
prospective,0,always_basic,2b5e0ed483cc3050468f9dbe07ba775d3779a0f5f0b1d9721b5967992a9fa793_synthetic_irregular_7q_favorable_11,basic
prospective,0,always_basic,2b5e0ed483cc3050468f9dbe07ba775d3779a0f5f0b1d9721b5967992a9fa793_synthetic_irregular_7q_favorable_19,basic
prospective,0,always_basic,2b5e0ed483cc3050468f9dbe07ba775d3779a0f5f0b1d9721b5967992a9fa793_synthetic_irregular_7q_favorable_29,basic
prospective,0,always_basic,2b5e0ed483cc3050468f9dbe07ba775d3779a0f5f0b1d9721b5967992a9fa793_synthetic_irregular_7q_favorable_37,basic
prospective,0,always_basic,2b5e0ed483cc3050468f9dbe07ba775d3779a0f5f0b1d9721b5967992a9fa793_synthetic_irregular_7q_favorable_47,basic
prospective,0,always_basic,2b5e0ed483cc3050468f9dbe07ba775d3779a0f5f0b1d9721b5967992a9fa793_synthetic_irregular_7q_spread_11,basic
prospective,0,always_basic,2b5e0ed483cc3050468f9dbe07ba775d3779a0f5f0b1d9721b5967992a9fa793_synthetic_irregular_7q_spread_19,basic
prospective,0,always_basic,2b5e0ed483cc3050468f9dbe07ba775d3779a0f5f0b1d9721b5967992a9fa793_synthetic_irregular_7q_spread_29,basic
prospective,0,always_basic,2b5e0ed483cc3050468f9dbe07ba775d3779a0f5f0b1d9721b5967992a9fa793_synthetic_irregular_7q_spread_37,basic
prospective,0,always_basic,2b5e0ed483cc3050468f9dbe07ba775d3779a0f5f0b1d9721b5967992a9fa793_synthetic_irregular_7q_spread_47,basic
prospective,0,always_basic,8e4246a80f37dc867d0cfe5b703c5e97fe1bd50168e294b8649e2eadb63771f1_synthetic_line_6q_favorable_11,basic
prospective,0,always_basic,8e4246a80f37dc867d0cfe5b703c5e97fe1bd50168e294b8649e2eadb63771f1_synthetic_line_6q_favorable_19,basic
prospective,0,always_basic,8e4246a80f37dc867d0cfe5b703c5e97fe1bd50168e294b8649e2eadb63771f1_synthetic_line_6q_favorable_29,basic
prospective,0,always_basic,8e4246a80f37dc867d0cfe5b703c5e97fe1bd50168e294b8649e2eadb63771f1_synthetic_line_6q_favorable_37,basic
prospective,0,always_basic,8e4246a80f37dc867d0cfe5b703c5e97fe1bd50168e294b8649e2eadb63771f1_synthetic_line_6q_favorable_47,basic
prospective,0,always_basic,8e4246a80f37dc867d0cfe5b703c5e97fe1bd50168e294b8649e2eadb63771f1_synthetic_line_6q_spread_11,basic
prospective,0,always_basic,8e4246a80f37dc867d0cfe5b703c5e97fe1bd50168e294b8649e2eadb63771f1_synthetic_line_6q_spread_19,basic
prospective,0,always_basic,8e4246a80f37dc867d0cfe5b703c5e97fe1bd50168e294b8649e2eadb63771f1_synthetic_line_6q_spread_29,basic
prospective,0,always_basic,8e4246a80f37dc867d0cfe5b703c5e97fe1bd50168e294b8649e2eadb63771f1_synthetic_line_6q_spread_37,basic
prospective,0,always_basic,8e4246a80f37dc867d0cfe5b703c5e97fe1bd50168e294b8649e2eadb63771f1_synthetic_line_6q_spread_47,basic
prospective,0,always_basic,8e4246a80f37dc867d0cfe5b703c5e97fe1bd50168e294b8649e2eadb63771f1_synthetic_ring_6q_transpiler_11,basic
prospective,0,always_basic,8e4246a80f37dc867d0cfe5b703c5e97fe1bd50168e294b8649e2eadb63771f1_synthetic_ring_6q_transpiler_19,basic
prospective,0,always_basic,8e4246a80f37dc867d0cfe5b703c5e97fe1bd50168e294b8649e2eadb63771f1_synthetic_ring_6q_transpiler_29,basic
prospective,0,always_basic,8e4246a80f37dc867d0cfe5b703c5e97fe1bd50168e294b8649e2eadb63771f1_synthetic_ring_6q_transpiler_37,basic
prospective,0,always_basic,8e4246a80f37dc867d0cfe5b703c5e97fe1bd50168e294b8649e2eadb63771f1_synthetic_ring_6q_transpiler_47,basic
prospective,0,always_basic,8e4246a80f37dc867d0cfe5b703c5e97fe1bd50168e294b8649e2eadb63771f1_synthetic_grid_6q_transpiler_11,basic
prospective,0,always_basic,8e4246a80f37dc867d0cfe5b703c5e97fe1bd50168e294b8649e2eadb63771f1_synthetic_grid_6q_transpiler_19,basic
prospective,0,always_basic,8e4246a80f37dc867d0cfe5b703c5e97fe1bd50168e294b8649e2eadb63771f1_synthetic_grid_6q_transpiler_29,basic
prospective,0,always_basic,8e4246a80f37dc867d0cfe5b703c5e97fe1bd50168e294b8649e2eadb63771f1_synthetic_grid_6q_transpiler_37,basic
prospective,0,always_basic,8e4246a80f37dc867d0cfe5b703c5e97fe1bd50168e294b8649e2eadb63771f1_synthetic_grid_6q_transpiler_47,basic
prospective,0,always_basic,8e4246a80f37dc867d0cfe5b703c5e97fe1bd50168e294b8649e2eadb63771f1_synthetic_heavy_hex_like_7q_transpiler_11,basic
prospective,0,always_basic,8e4246a80f37dc867d0cfe5b703c5e97fe1bd50168e294b8649e2eadb63771f1_synthetic_heavy_hex_like_7q_transpiler_19,basic
prospective,0,always_basic,8e4246a80f37dc867d0cfe5b703c5e97fe1bd50168e294b8649e2eadb63771f1_synthetic_heavy_hex_like_7q_transpiler_29,basic
prospective,0,always_basic,8e4246a80f37dc867d0cfe5b703c5e97fe1bd50168e294b8649e2eadb63771f1_synthetic_heavy_hex_like_7q_transpiler_37,basic
prospective,0,always_basic,8e4246a80f37dc867d0cfe5b703c5e97fe1bd50168e294b8649e2eadb63771f1_synthetic_heavy_hex_like_7q_transpiler_47,basic
prospective,0,always_basic,8e4246a80f37dc867d0cfe5b703c5e97fe1bd50168e294b8649e2eadb63771f1_synthetic_irregular_7q_favorable_11,basic
prospective,0,always_basic,8e4246a80f37dc867d0cfe5b703c5e97fe1bd50168e294b8649e2eadb63771f1_synthetic_irregular_7q_favorable_19,basic
prospective,0,always_basic,8e4246a80f37dc867d0cfe5b703c5e97fe1bd50168e294b8649e2eadb63771f1_synthetic_irregular_7q_favorable_29,basic
prospective,0,always_basic,8e4246a80f37dc867d0cfe5b703c5e97fe1bd50168e294b8649e2eadb63771f1_synthetic_irregular_7q_favorable_37,basic
prospective,0,always_basic,8e4246a80f37dc867d0cfe5b703c5e97fe1bd50168e294b8649e2eadb63771f1_synthetic_irregular_7q_favorable_47,basic
prospective,0,always_basic,8e4246a80f37dc867d0cfe5b703c5e97fe1bd50168e294b8649e2eadb63771f1_synthetic_irregular_7q_spread_11,basic
prospective,0,always_basic,8e4246a80f37dc867d0cfe5b703c5e97fe1bd50168e294b8649e2eadb63771f1_synthetic_irregular_7q_spread_19,basic
prospective,0,always_basic,8e4246a80f37dc867d0cfe5b703c5e97fe1bd50168e294b8649e2eadb63771f1_synthetic_irregular_7q_spread_29,basic
prospective,0,always_basic,8e4246a80f37dc867d0cfe5b703c5e97fe1bd50168e294b8649e2eadb63771f1_synthetic_irregular_7q_spread_37,basic
prospective,0,always_basic,8e4246a80f37dc867d0cfe5b703c5e97fe1bd50168e294b8649e2eadb63771f1_synthetic_irregular_7q_spread_47,basic
prospective,0,always_basic,4578146e16dfcf0a3a55a1b3fea16f778ac944886bf5b33e90f7dc227bfcd90d_synthetic_line_6q_favorable_11,basic
prospective,0,always_basic,4578146e16dfcf0a3a55a1b3fea16f778ac944886bf5b33e90f7dc227bfcd90d_synthetic_line_6q_favorable_19,basic
prospective,0,always_basic,4578146e16dfcf0a3a55a1b3fea16f778ac944886bf5b33e90f7dc227bfcd90d_synthetic_line_6q_favorable_29,basic
prospective,0,always_basic,4578146e16dfcf0a3a55a1b3fea16f778ac944886bf5b33e90f7dc227bfcd90d_synthetic_line_6q_favorable_37,basic
prospective,0,always_basic,4578146e16dfcf0a3a55a1b3fea16f778ac944886bf5b33e90f7dc227bfcd90d_synthetic_line_6q_favorable_47,basic
prospective,0,always_basic,4578146e16dfcf0a3a55a1b3fea16f778ac944886bf5b33e90f7dc227bfcd90d_synthetic_line_6q_spread_11,basic
prospective,0,always_basic,4578146e16dfcf0a3a55a1b3fea16f778ac944886bf5b33e90f7dc227bfcd90d_synthetic_line_6q_spread_19,basic
prospective,0,always_basic,4578146e16dfcf0a3a55a1b3fea16f778ac944886bf5b33e90f7dc227bfcd90d_synthetic_line_6q_spread_29,basic
prospective,0,always_basic,4578146e16dfcf0a3a55a1b3fea16f778ac944886bf5b33e90f7dc227bfcd90d_synthetic_line_6q_spread_37,basic
prospective,0,always_basic,4578146e16dfcf0a3a55a1b3fea16f778ac944886bf5b33e90f7dc227bfcd90d_synthetic_line_6q_spread_47,basic
prospective,0,always_basic,4578146e16dfcf0a3a55a1b3fea16f778ac944886bf5b33e90f7dc227bfcd90d_synthetic_ring_6q_transpiler_11,basic
prospective,0,always_basic,4578146e16dfcf0a3a55a1b3fea16f778ac944886bf5b33e90f7dc227bfcd90d_synthetic_ring_6q_transpiler_19,basic
prospective,0,always_basic,4578146e16dfcf0a3a55a1b3fea16f778ac944886bf5b33e90f7dc227bfcd90d_synthetic_ring_6q_transpiler_29,basic
prospective,0,always_basic,4578146e16dfcf0a3a55a1b3fea16f778ac944886bf5b33e90f7dc227bfcd90d_synthetic_ring_6q_transpiler_37,basic
prospective,0,always_basic,4578146e16dfcf0a3a55a1b3fea16f778ac944886bf5b33e90f7dc227bfcd90d_synthetic_ring_6q_transpiler_47,basic
prospective,0,always_basic,4578146e16dfcf0a3a55a1b3fea16f778ac944886bf5b33e90f7dc227bfcd90d_synthetic_grid_6q_transpiler_11,basic
prospective,0,always_basic,4578146e16dfcf0a3a55a1b3fea16f778ac944886bf5b33e90f7dc227bfcd90d_synthetic_grid_6q_transpiler_19,basic
prospective,0,always_basic,4578146e16dfcf0a3a55a1b3fea16f778ac944886bf5b33e90f7dc227bfcd90d_synthetic_grid_6q_transpiler_29,basic
prospective,0,always_basic,4578146e16dfcf0a3a55a1b3fea16f778ac944886bf5b33e90f7dc227bfcd90d_synthetic_grid_6q_transpiler_37,basic
prospective,0,always_basic,4578146e16dfcf0a3a55a1b3fea16f778ac944886bf5b33e90f7dc227bfcd90d_synthetic_grid_6q_transpiler_47,basic
prospective,0,always_basic,4578146e16dfcf0a3a55a1b3fea16f778ac944886bf5b33e90f7dc227bfcd90d_synthetic_heavy_hex_like_7q_transpiler_11,basic
prospective,0,always_basic,4578146e16dfcf0a3a55a1b3fea16f778ac944886bf5b33e90f7dc227bfcd90d_synthetic_heavy_hex_like_7q_transpiler_19,basic
prospective,0,always_basic,4578146e16dfcf0a3a55a1b3fea16f778ac944886bf5b33e90f7dc227bfcd90d_synthetic_heavy_hex_like_7q_transpiler_29,basic
prospective,0,always_basic,4578146e16dfcf0a3a55a1b3fea16f778ac944886bf5b33e90f7dc227bfcd90d_synthetic_heavy_hex_like_7q_transpiler_37,basic
prospective,0,always_basic,4578146e16dfcf0a3a55a1b3fea16f778ac944886bf5b33e90f7dc227bfcd90d_synthetic_heavy_hex_like_7q_transpiler_47,basic
prospective,0,always_basic,4578146e16dfcf0a3a55a1b3fea16f778ac944886bf5b33e90f7dc227bfcd90d_synthetic_irregular_7q_favorable_11,basic
prospective,0,always_basic,4578146e16dfcf0a3a55a1b3fea16f778ac944886bf5b33e90f7dc227bfcd90d_synthetic_irregular_7q_favorable_19,basic
prospective,0,always_basic,4578146e16dfcf0a3a55a1b3fea16f778ac944886bf5b33e90f7dc227bfcd90d_synthetic_irregular_7q_favorable_29,basic
prospective,0,always_basic,4578146e16dfcf0a3a55a1b3fea16f778ac944886bf5b33e90f7dc227bfcd90d_synthetic_irregular_7q_favorable_37,basic
prospective,0,always_basic,4578146e16dfcf0a3a55a1b3fea16f778ac944886bf5b33e90f7dc227bfcd90d_synthetic_irregular_7q_favorable_47,basic
prospective,0,always_basic,4578146e16dfcf0a3a55a1b3fea16f778ac944886bf5b33e90f7dc227bfcd90d_synthetic_irregular_7q_spread_11,basic
prospective,0,always_basic,4578146e16dfcf0a3a55a1b3fea16f778ac944886bf5b33e90f7dc227bfcd90d_synthetic_irregular_7q_spread_19,basic
prospective,0,always_basic,4578146e16dfcf0a3a55a1b3fea16f778ac944886bf5b33e90f7dc227bfcd90d_synthetic_irregular_7q_spread_29,basic
prospective,0,always_basic,4578146e16dfcf0a3a55a1b3fea16f778ac944886bf5b33e90f7dc227bfcd90d_synthetic_irregular_7q_spread_37,basic
prospective,0,always_basic,4578146e16dfcf0a3a55a1b3fea16f778ac944886bf5b33e90f7dc227bfcd90d_synthetic_irregular_7q_spread_47,basic
prospective,0,always_basic,b75cbf89649a5d40ee4400d372e6cf3e16e5c828229f394ddf0f65442c3f44a5_synthetic_line_8q_favorable_11,basic
prospective,0,always_basic,b75cbf89649a5d40ee4400d372e6cf3e16e5c828229f394ddf0f65442c3f44a5_synthetic_line_8q_favorable_19,basic
prospective,0,always_basic,b75cbf89649a5d40ee4400d372e6cf3e16e5c828229f394ddf0f65442c3f44a5_synthetic_line_8q_favorable_29,basic
prospective,0,always_basic,b75cbf89649a5d40ee4400d372e6cf3e16e5c828229f394ddf0f65442c3f44a5_synthetic_line_8q_favorable_37,basic
prospective,0,always_basic,b75cbf89649a5d40ee4400d372e6cf3e16e5c828229f394ddf0f65442c3f44a5_synthetic_line_8q_favorable_47,basic
prospective,0,always_basic,b75cbf89649a5d40ee4400d372e6cf3e16e5c828229f394ddf0f65442c3f44a5_synthetic_line_8q_spread_11,basic
prospective,0,always_basic,b75cbf89649a5d40ee4400d372e6cf3e16e5c828229f394ddf0f65442c3f44a5_synthetic_line_8q_spread_19,basic
prospective,0,always_basic,b75cbf89649a5d40ee4400d372e6cf3e16e5c828229f394ddf0f65442c3f44a5_synthetic_line_8q_spread_29,basic
prospective,0,always_basic,b75cbf89649a5d40ee4400d372e6cf3e16e5c828229f394ddf0f65442c3f44a5_synthetic_line_8q_spread_37,basic
prospective,0,always_basic,b75cbf89649a5d40ee4400d372e6cf3e16e5c828229f394ddf0f65442c3f44a5_synthetic_line_8q_spread_47,basic
prospective,0,always_basic,b75cbf89649a5d40ee4400d372e6cf3e16e5c828229f394ddf0f65442c3f44a5_synthetic_ring_8q_transpiler_11,basic
prospective,0,always_basic,b75cbf89649a5d40ee4400d372e6cf3e16e5c828229f394ddf0f65442c3f44a5_synthetic_ring_8q_transpiler_19,basic
prospective,0,always_basic,b75cbf89649a5d40ee4400d372e6cf3e16e5c828229f394ddf0f65442c3f44a5_synthetic_ring_8q_transpiler_29,basic
prospective,0,always_basic,b75cbf89649a5d40ee4400d372e6cf3e16e5c828229f394ddf0f65442c3f44a5_synthetic_ring_8q_transpiler_37,basic
prospective,0,always_basic,b75cbf89649a5d40ee4400d372e6cf3e16e5c828229f394ddf0f65442c3f44a5_synthetic_ring_8q_transpiler_47,basic
prospective,0,always_basic,b75cbf89649a5d40ee4400d372e6cf3e16e5c828229f394ddf0f65442c3f44a5_synthetic_grid_8q_transpiler_11,basic
prospective,0,always_basic,b75cbf89649a5d40ee4400d372e6cf3e16e5c828229f394ddf0f65442c3f44a5_synthetic_grid_8q_transpiler_19,basic
prospective,0,always_basic,b75cbf89649a5d40ee4400d372e6cf3e16e5c828229f394ddf0f65442c3f44a5_synthetic_grid_8q_transpiler_29,basic
prospective,0,always_basic,b75cbf89649a5d40ee4400d372e6cf3e16e5c828229f394ddf0f65442c3f44a5_synthetic_grid_8q_transpiler_37,basic
prospective,0,always_basic,b75cbf89649a5d40ee4400d372e6cf3e16e5c828229f394ddf0f65442c3f44a5_synthetic_grid_8q_transpiler_47,basic
prospective,0,always_basic,b75cbf89649a5d40ee4400d372e6cf3e16e5c828229f394ddf0f65442c3f44a5_synthetic_heavy_hex_like_8q_transpiler_11,basic
prospective,0,always_basic,b75cbf89649a5d40ee4400d372e6cf3e16e5c828229f394ddf0f65442c3f44a5_synthetic_heavy_hex_like_8q_transpiler_19,basic
prospective,0,always_basic,b75cbf89649a5d40ee4400d372e6cf3e16e5c828229f394ddf0f65442c3f44a5_synthetic_heavy_hex_like_8q_transpiler_29,basic
prospective,0,always_basic,b75cbf89649a5d40ee4400d372e6cf3e16e5c828229f394ddf0f65442c3f44a5_synthetic_heavy_hex_like_8q_transpiler_37,basic
prospective,0,always_basic,b75cbf89649a5d40ee4400d372e6cf3e16e5c828229f394ddf0f65442c3f44a5_synthetic_heavy_hex_like_8q_transpiler_47,basic
prospective,0,always_basic,b75cbf89649a5d40ee4400d372e6cf3e16e5c828229f394ddf0f65442c3f44a5_synthetic_irregular_8q_favorable_11,basic
prospective,0,always_basic,b75cbf89649a5d40ee4400d372e6cf3e16e5c828229f394ddf0f65442c3f44a5_synthetic_irregular_8q_favorable_19,basic
prospective,0,always_basic,b75cbf89649a5d40ee4400d372e6cf3e16e5c828229f394ddf0f65442c3f44a5_synthetic_irregular_8q_favorable_29,basic
prospective,0,always_basic,b75cbf89649a5d40ee4400d372e6cf3e16e5c828229f394ddf0f65442c3f44a5_synthetic_irregular_8q_favorable_37,basic
prospective,0,always_basic,b75cbf89649a5d40ee4400d372e6cf3e16e5c828229f394ddf0f65442c3f44a5_synthetic_irregular_8q_favorable_47,basic
prospective,0,always_basic,b75cbf89649a5d40ee4400d372e6cf3e16e5c828229f394ddf0f65442c3f44a5_synthetic_irregular_8q_spread_11,basic
prospective,0,always_basic,b75cbf89649a5d40ee4400d372e6cf3e16e5c828229f394ddf0f65442c3f44a5_synthetic_irregular_8q_spread_19,basic
prospective,0,always_basic,b75cbf89649a5d40ee4400d372e6cf3e16e5c828229f394ddf0f65442c3f44a5_synthetic_irregular_8q_spread_29,basic
prospective,0,always_basic,b75cbf89649a5d40ee4400d372e6cf3e16e5c828229f394ddf0f65442c3f44a5_synthetic_irregular_8q_spread_37,basic
prospective,0,always_basic,b75cbf89649a5d40ee4400d372e6cf3e16e5c828229f394ddf0f65442c3f44a5_synthetic_irregular_8q_spread_47,basic
prospective,0,always_basic,d338eb773a8d9b65affd729028e23e9f24e361c2bc1272505190220bc634f90b_synthetic_line_8q_favorable_11,basic
prospective,0,always_basic,d338eb773a8d9b65affd729028e23e9f24e361c2bc1272505190220bc634f90b_synthetic_line_8q_favorable_19,basic
prospective,0,always_basic,d338eb773a8d9b65affd729028e23e9f24e361c2bc1272505190220bc634f90b_synthetic_line_8q_favorable_29,basic
prospective,0,always_basic,d338eb773a8d9b65affd729028e23e9f24e361c2bc1272505190220bc634f90b_synthetic_line_8q_favorable_37,basic
prospective,0,always_basic,d338eb773a8d9b65affd729028e23e9f24e361c2bc1272505190220bc634f90b_synthetic_line_8q_favorable_47,basic
prospective,0,always_basic,d338eb773a8d9b65affd729028e23e9f24e361c2bc1272505190220bc634f90b_synthetic_line_8q_spread_11,basic
prospective,0,always_basic,d338eb773a8d9b65affd729028e23e9f24e361c2bc1272505190220bc634f90b_synthetic_line_8q_spread_19,basic
prospective,0,always_basic,d338eb773a8d9b65affd729028e23e9f24e361c2bc1272505190220bc634f90b_synthetic_line_8q_spread_29,basic
prospective,0,always_basic,d338eb773a8d9b65affd729028e23e9f24e361c2bc1272505190220bc634f90b_synthetic_line_8q_spread_37,basic
prospective,0,always_basic,d338eb773a8d9b65affd729028e23e9f24e361c2bc1272505190220bc634f90b_synthetic_line_8q_spread_47,basic
prospective,0,always_basic,d338eb773a8d9b65affd729028e23e9f24e361c2bc1272505190220bc634f90b_synthetic_ring_8q_transpiler_11,basic
prospective,0,always_basic,d338eb773a8d9b65affd729028e23e9f24e361c2bc1272505190220bc634f90b_synthetic_ring_8q_transpiler_19,basic
prospective,0,always_basic,d338eb773a8d9b65affd729028e23e9f24e361c2bc1272505190220bc634f90b_synthetic_ring_8q_transpiler_29,basic
prospective,0,always_basic,d338eb773a8d9b65affd729028e23e9f24e361c2bc1272505190220bc634f90b_synthetic_ring_8q_transpiler_37,basic
prospective,0,always_basic,d338eb773a8d9b65affd729028e23e9f24e361c2bc1272505190220bc634f90b_synthetic_ring_8q_transpiler_47,basic
prospective,0,always_basic,d338eb773a8d9b65affd729028e23e9f24e361c2bc1272505190220bc634f90b_synthetic_grid_8q_transpiler_11,basic
prospective,0,always_basic,d338eb773a8d9b65affd729028e23e9f24e361c2bc1272505190220bc634f90b_synthetic_grid_8q_transpiler_19,basic
prospective,0,always_basic,d338eb773a8d9b65affd729028e23e9f24e361c2bc1272505190220bc634f90b_synthetic_grid_8q_transpiler_29,basic
prospective,0,always_basic,d338eb773a8d9b65affd729028e23e9f24e361c2bc1272505190220bc634f90b_synthetic_grid_8q_transpiler_37,basic
prospective,0,always_basic,d338eb773a8d9b65affd729028e23e9f24e361c2bc1272505190220bc634f90b_synthetic_grid_8q_transpiler_47,basic
prospective,0,always_basic,d338eb773a8d9b65affd729028e23e9f24e361c2bc1272505190220bc634f90b_synthetic_heavy_hex_like_8q_transpiler_11,basic
prospective,0,always_basic,d338eb773a8d9b65affd729028e23e9f24e361c2bc1272505190220bc634f90b_synthetic_heavy_hex_like_8q_transpiler_19,basic
prospective,0,always_basic,d338eb773a8d9b65affd729028e23e9f24e361c2bc1272505190220bc634f90b_synthetic_heavy_hex_like_8q_transpiler_29,basic
prospective,0,always_basic,d338eb773a8d9b65affd729028e23e9f24e361c2bc1272505190220bc634f90b_synthetic_heavy_hex_like_8q_transpiler_37,basic
prospective,0,always_basic,d338eb773a8d9b65affd729028e23e9f24e361c2bc1272505190220bc634f90b_synthetic_heavy_hex_like_8q_transpiler_47,basic
prospective,0,always_basic,d338eb773a8d9b65affd729028e23e9f24e361c2bc1272505190220bc634f90b_synthetic_irregular_8q_favorable_11,basic
prospective,0,always_basic,d338eb773a8d9b65affd729028e23e9f24e361c2bc1272505190220bc634f90b_synthetic_irregular_8q_favorable_19,basic
prospective,0,always_basic,d338eb773a8d9b65affd729028e23e9f24e361c2bc1272505190220bc634f90b_synthetic_irregular_8q_favorable_29,basic
prospective,0,always_basic,d338eb773a8d9b65affd729028e23e9f24e361c2bc1272505190220bc634f90b_synthetic_irregular_8q_favorable_37,basic
prospective,0,always_basic,d338eb773a8d9b65affd729028e23e9f24e361c2bc1272505190220bc634f90b_synthetic_irregular_8q_favorable_47,basic
prospective,0,always_basic,d338eb773a8d9b65affd729028e23e9f24e361c2bc1272505190220bc634f90b_synthetic_irregular_8q_spread_11,basic
prospective,0,always_basic,d338eb773a8d9b65affd729028e23e9f24e361c2bc1272505190220bc634f90b_synthetic_irregular_8q_spread_19,basic
prospective,0,always_basic,d338eb773a8d9b65affd729028e23e9f24e361c2bc1272505190220bc634f90b_synthetic_irregular_8q_spread_29,basic
prospective,0,always_basic,d338eb773a8d9b65affd729028e23e9f24e361c2bc1272505190220bc634f90b_synthetic_irregular_8q_spread_37,basic
prospective,0,always_basic,d338eb773a8d9b65affd729028e23e9f24e361c2bc1272505190220bc634f90b_synthetic_irregular_8q_spread_47,basic
prospective,0,always_basic,7e51cc13b595a2c405f4e95cc42eb66be8187f7e9b2846e1655f0c93c77108c8_synthetic_line_8q_favorable_11,basic
prospective,0,always_basic,7e51cc13b595a2c405f4e95cc42eb66be8187f7e9b2846e1655f0c93c77108c8_synthetic_line_8q_favorable_19,basic
prospective,0,always_basic,7e51cc13b595a2c405f4e95cc42eb66be8187f7e9b2846e1655f0c93c77108c8_synthetic_line_8q_favorable_29,basic
prospective,0,always_basic,7e51cc13b595a2c405f4e95cc42eb66be8187f7e9b2846e1655f0c93c77108c8_synthetic_line_8q_favorable_37,basic
prospective,0,always_basic,7e51cc13b595a2c405f4e95cc42eb66be8187f7e9b2846e1655f0c93c77108c8_synthetic_line_8q_favorable_47,basic
prospective,0,always_basic,7e51cc13b595a2c405f4e95cc42eb66be8187f7e9b2846e1655f0c93c77108c8_synthetic_line_8q_spread_11,basic
prospective,0,always_basic,7e51cc13b595a2c405f4e95cc42eb66be8187f7e9b2846e1655f0c93c77108c8_synthetic_line_8q_spread_19,basic
prospective,0,always_basic,7e51cc13b595a2c405f4e95cc42eb66be8187f7e9b2846e1655f0c93c77108c8_synthetic_line_8q_spread_29,basic
prospective,0,always_basic,7e51cc13b595a2c405f4e95cc42eb66be8187f7e9b2846e1655f0c93c77108c8_synthetic_line_8q_spread_37,basic
prospective,0,always_basic,7e51cc13b595a2c405f4e95cc42eb66be8187f7e9b2846e1655f0c93c77108c8_synthetic_line_8q_spread_47,basic
prospective,0,always_basic,7e51cc13b595a2c405f4e95cc42eb66be8187f7e9b2846e1655f0c93c77108c8_synthetic_ring_8q_transpiler_11,basic
prospective,0,always_basic,7e51cc13b595a2c405f4e95cc42eb66be8187f7e9b2846e1655f0c93c77108c8_synthetic_ring_8q_transpiler_19,basic
prospective,0,always_basic,7e51cc13b595a2c405f4e95cc42eb66be8187f7e9b2846e1655f0c93c77108c8_synthetic_ring_8q_transpiler_29,basic
prospective,0,always_basic,7e51cc13b595a2c405f4e95cc42eb66be8187f7e9b2846e1655f0c93c77108c8_synthetic_ring_8q_transpiler_37,basic
prospective,0,always_basic,7e51cc13b595a2c405f4e95cc42eb66be8187f7e9b2846e1655f0c93c77108c8_synthetic_ring_8q_transpiler_47,basic
prospective,0,always_basic,7e51cc13b595a2c405f4e95cc42eb66be8187f7e9b2846e1655f0c93c77108c8_synthetic_grid_8q_transpiler_11,basic
prospective,0,always_basic,7e51cc13b595a2c405f4e95cc42eb66be8187f7e9b2846e1655f0c93c77108c8_synthetic_grid_8q_transpiler_19,basic
prospective,0,always_basic,7e51cc13b595a2c405f4e95cc42eb66be8187f7e9b2846e1655f0c93c77108c8_synthetic_grid_8q_transpiler_29,basic
prospective,0,always_basic,7e51cc13b595a2c405f4e95cc42eb66be8187f7e9b2846e1655f0c93c77108c8_synthetic_grid_8q_transpiler_37,basic
prospective,0,always_basic,7e51cc13b595a2c405f4e95cc42eb66be8187f7e9b2846e1655f0c93c77108c8_synthetic_grid_8q_transpiler_47,basic
prospective,0,always_basic,7e51cc13b595a2c405f4e95cc42eb66be8187f7e9b2846e1655f0c93c77108c8_synthetic_heavy_hex_like_8q_transpiler_11,basic
prospective,0,always_basic,7e51cc13b595a2c405f4e95cc42eb66be8187f7e9b2846e1655f0c93c77108c8_synthetic_heavy_hex_like_8q_transpiler_19,basic
prospective,0,always_basic,7e51cc13b595a2c405f4e95cc42eb66be8187f7e9b2846e1655f0c93c77108c8_synthetic_heavy_hex_like_8q_transpiler_29,basic
prospective,0,always_basic,7e51cc13b595a2c405f4e95cc42eb66be8187f7e9b2846e1655f0c93c77108c8_synthetic_heavy_hex_like_8q_transpiler_37,basic
prospective,0,always_basic,7e51cc13b595a2c405f4e95cc42eb66be8187f7e9b2846e1655f0c93c77108c8_synthetic_heavy_hex_like_8q_transpiler_47,basic
prospective,0,always_basic,7e51cc13b595a2c405f4e95cc42eb66be8187f7e9b2846e1655f0c93c77108c8_synthetic_irregular_8q_favorable_11,basic
prospective,0,always_basic,7e51cc13b595a2c405f4e95cc42eb66be8187f7e9b2846e1655f0c93c77108c8_synthetic_irregular_8q_favorable_19,basic
prospective,0,always_basic,7e51cc13b595a2c405f4e95cc42eb66be8187f7e9b2846e1655f0c93c77108c8_synthetic_irregular_8q_favorable_29,basic
prospective,0,always_basic,7e51cc13b595a2c405f4e95cc42eb66be8187f7e9b2846e1655f0c93c77108c8_synthetic_irregular_8q_favorable_37,basic
prospective,0,always_basic,7e51cc13b595a2c405f4e95cc42eb66be8187f7e9b2846e1655f0c93c77108c8_synthetic_irregular_8q_favorable_47,basic
prospective,0,always_basic,7e51cc13b595a2c405f4e95cc42eb66be8187f7e9b2846e1655f0c93c77108c8_synthetic_irregular_8q_spread_11,basic
prospective,0,always_basic,7e51cc13b595a2c405f4e95cc42eb66be8187f7e9b2846e1655f0c93c77108c8_synthetic_irregular_8q_spread_19,basic
prospective,0,always_basic,7e51cc13b595a2c405f4e95cc42eb66be8187f7e9b2846e1655f0c93c77108c8_synthetic_irregular_8q_spread_29,basic
prospective,0,always_basic,7e51cc13b595a2c405f4e95cc42eb66be8187f7e9b2846e1655f0c93c77108c8_synthetic_irregular_8q_spread_37,basic
prospective,0,always_basic,7e51cc13b595a2c405f4e95cc42eb66be8187f7e9b2846e1655f0c93c77108c8_synthetic_irregular_8q_spread_47,basic
prospective,0,always_teleport,00dec25597397b2934fb42740994f65c50571551a5090f8e130104971b3c190f_synthetic_line_6q_favorable_11,teleport
prospective,0,always_teleport,00dec25597397b2934fb42740994f65c50571551a5090f8e130104971b3c190f_synthetic_line_6q_favorable_19,teleport
prospective,0,always_teleport,00dec25597397b2934fb42740994f65c50571551a5090f8e130104971b3c190f_synthetic_line_6q_favorable_29,teleport
prospective,0,always_teleport,00dec25597397b2934fb42740994f65c50571551a5090f8e130104971b3c190f_synthetic_line_6q_favorable_37,teleport
prospective,0,always_teleport,00dec25597397b2934fb42740994f65c50571551a5090f8e130104971b3c190f_synthetic_line_6q_favorable_47,teleport
prospective,0,always_teleport,00dec25597397b2934fb42740994f65c50571551a5090f8e130104971b3c190f_synthetic_line_6q_spread_11,teleport
prospective,0,always_teleport,00dec25597397b2934fb42740994f65c50571551a5090f8e130104971b3c190f_synthetic_line_6q_spread_19,teleport
prospective,0,always_teleport,00dec25597397b2934fb42740994f65c50571551a5090f8e130104971b3c190f_synthetic_line_6q_spread_29,teleport
prospective,0,always_teleport,00dec25597397b2934fb42740994f65c50571551a5090f8e130104971b3c190f_synthetic_line_6q_spread_37,teleport
prospective,0,always_teleport,00dec25597397b2934fb42740994f65c50571551a5090f8e130104971b3c190f_synthetic_line_6q_spread_47,teleport
prospective,0,always_teleport,00dec25597397b2934fb42740994f65c50571551a5090f8e130104971b3c190f_synthetic_ring_6q_transpiler_11,teleport
prospective,0,always_teleport,00dec25597397b2934fb42740994f65c50571551a5090f8e130104971b3c190f_synthetic_ring_6q_transpiler_19,teleport
prospective,0,always_teleport,00dec25597397b2934fb42740994f65c50571551a5090f8e130104971b3c190f_synthetic_ring_6q_transpiler_29,teleport
prospective,0,always_teleport,00dec25597397b2934fb42740994f65c50571551a5090f8e130104971b3c190f_synthetic_ring_6q_transpiler_37,teleport
prospective,0,always_teleport,00dec25597397b2934fb42740994f65c50571551a5090f8e130104971b3c190f_synthetic_ring_6q_transpiler_47,teleport
prospective,0,always_teleport,00dec25597397b2934fb42740994f65c50571551a5090f8e130104971b3c190f_synthetic_grid_6q_transpiler_11,teleport
prospective,0,always_teleport,00dec25597397b2934fb42740994f65c50571551a5090f8e130104971b3c190f_synthetic_grid_6q_transpiler_19,teleport
prospective,0,always_teleport,00dec25597397b2934fb42740994f65c50571551a5090f8e130104971b3c190f_synthetic_grid_6q_transpiler_29,teleport
prospective,0,always_teleport,00dec25597397b2934fb42740994f65c50571551a5090f8e130104971b3c190f_synthetic_grid_6q_transpiler_37,teleport
prospective,0,always_teleport,00dec25597397b2934fb42740994f65c50571551a5090f8e130104971b3c190f_synthetic_grid_6q_transpiler_47,teleport
prospective,0,always_teleport,00dec25597397b2934fb42740994f65c50571551a5090f8e130104971b3c190f_synthetic_heavy_hex_like_7q_transpiler_11,teleport
prospective,0,always_teleport,00dec25597397b2934fb42740994f65c50571551a5090f8e130104971b3c190f_synthetic_heavy_hex_like_7q_transpiler_19,teleport
prospective,0,always_teleport,00dec25597397b2934fb42740994f65c50571551a5090f8e130104971b3c190f_synthetic_heavy_hex_like_7q_transpiler_29,teleport
prospective,0,always_teleport,00dec25597397b2934fb42740994f65c50571551a5090f8e130104971b3c190f_synthetic_heavy_hex_like_7q_transpiler_37,teleport
prospective,0,always_teleport,00dec25597397b2934fb42740994f65c50571551a5090f8e130104971b3c190f_synthetic_heavy_hex_like_7q_transpiler_47,teleport
prospective,0,always_teleport,00dec25597397b2934fb42740994f65c50571551a5090f8e130104971b3c190f_synthetic_irregular_7q_favorable_11,teleport
prospective,0,always_teleport,00dec25597397b2934fb42740994f65c50571551a5090f8e130104971b3c190f_synthetic_irregular_7q_favorable_19,teleport
prospective,0,always_teleport,00dec25597397b2934fb42740994f65c50571551a5090f8e130104971b3c190f_synthetic_irregular_7q_favorable_29,teleport
prospective,0,always_teleport,00dec25597397b2934fb42740994f65c50571551a5090f8e130104971b3c190f_synthetic_irregular_7q_favorable_37,teleport
prospective,0,always_teleport,00dec25597397b2934fb42740994f65c50571551a5090f8e130104971b3c190f_synthetic_irregular_7q_favorable_47,teleport
prospective,0,always_teleport,00dec25597397b2934fb42740994f65c50571551a5090f8e130104971b3c190f_synthetic_irregular_7q_spread_11,teleport
prospective,0,always_teleport,00dec25597397b2934fb42740994f65c50571551a5090f8e130104971b3c190f_synthetic_irregular_7q_spread_19,teleport
prospective,0,always_teleport,00dec25597397b2934fb42740994f65c50571551a5090f8e130104971b3c190f_synthetic_irregular_7q_spread_29,teleport
prospective,0,always_teleport,00dec25597397b2934fb42740994f65c50571551a5090f8e130104971b3c190f_synthetic_irregular_7q_spread_37,teleport
prospective,0,always_teleport,00dec25597397b2934fb42740994f65c50571551a5090f8e130104971b3c190f_synthetic_irregular_7q_spread_47,teleport
prospective,0,always_teleport,49f9e42949fe44e9cacc4cb550ad5cc71ba965632af7f9c8a4fd8e3384156438_synthetic_line_6q_favorable_11,teleport
prospective,0,always_teleport,49f9e42949fe44e9cacc4cb550ad5cc71ba965632af7f9c8a4fd8e3384156438_synthetic_line_6q_favorable_19,teleport
prospective,0,always_teleport,49f9e42949fe44e9cacc4cb550ad5cc71ba965632af7f9c8a4fd8e3384156438_synthetic_line_6q_favorable_29,teleport
prospective,0,always_teleport,49f9e42949fe44e9cacc4cb550ad5cc71ba965632af7f9c8a4fd8e3384156438_synthetic_line_6q_favorable_37,teleport
prospective,0,always_teleport,49f9e42949fe44e9cacc4cb550ad5cc71ba965632af7f9c8a4fd8e3384156438_synthetic_line_6q_favorable_47,teleport
prospective,0,always_teleport,49f9e42949fe44e9cacc4cb550ad5cc71ba965632af7f9c8a4fd8e3384156438_synthetic_line_6q_spread_11,teleport
prospective,0,always_teleport,49f9e42949fe44e9cacc4cb550ad5cc71ba965632af7f9c8a4fd8e3384156438_synthetic_line_6q_spread_19,teleport
prospective,0,always_teleport,49f9e42949fe44e9cacc4cb550ad5cc71ba965632af7f9c8a4fd8e3384156438_synthetic_line_6q_spread_29,teleport
prospective,0,always_teleport,49f9e42949fe44e9cacc4cb550ad5cc71ba965632af7f9c8a4fd8e3384156438_synthetic_line_6q_spread_37,teleport
prospective,0,always_teleport,49f9e42949fe44e9cacc4cb550ad5cc71ba965632af7f9c8a4fd8e3384156438_synthetic_line_6q_spread_47,teleport
prospective,0,always_teleport,49f9e42949fe44e9cacc4cb550ad5cc71ba965632af7f9c8a4fd8e3384156438_synthetic_ring_6q_transpiler_11,teleport
prospective,0,always_teleport,49f9e42949fe44e9cacc4cb550ad5cc71ba965632af7f9c8a4fd8e3384156438_synthetic_ring_6q_transpiler_19,teleport
prospective,0,always_teleport,49f9e42949fe44e9cacc4cb550ad5cc71ba965632af7f9c8a4fd8e3384156438_synthetic_ring_6q_transpiler_29,teleport
prospective,0,always_teleport,49f9e42949fe44e9cacc4cb550ad5cc71ba965632af7f9c8a4fd8e3384156438_synthetic_ring_6q_transpiler_37,teleport
prospective,0,always_teleport,49f9e42949fe44e9cacc4cb550ad5cc71ba965632af7f9c8a4fd8e3384156438_synthetic_ring_6q_transpiler_47,teleport
prospective,0,always_teleport,49f9e42949fe44e9cacc4cb550ad5cc71ba965632af7f9c8a4fd8e3384156438_synthetic_grid_6q_transpiler_11,teleport
prospective,0,always_teleport,49f9e42949fe44e9cacc4cb550ad5cc71ba965632af7f9c8a4fd8e3384156438_synthetic_grid_6q_transpiler_19,teleport
prospective,0,always_teleport,49f9e42949fe44e9cacc4cb550ad5cc71ba965632af7f9c8a4fd8e3384156438_synthetic_grid_6q_transpiler_29,teleport
prospective,0,always_teleport,49f9e42949fe44e9cacc4cb550ad5cc71ba965632af7f9c8a4fd8e3384156438_synthetic_grid_6q_transpiler_37,teleport
prospective,0,always_teleport,49f9e42949fe44e9cacc4cb550ad5cc71ba965632af7f9c8a4fd8e3384156438_synthetic_grid_6q_transpiler_47,teleport
prospective,0,always_teleport,49f9e42949fe44e9cacc4cb550ad5cc71ba965632af7f9c8a4fd8e3384156438_synthetic_heavy_hex_like_7q_transpiler_11,teleport
prospective,0,always_teleport,49f9e42949fe44e9cacc4cb550ad5cc71ba965632af7f9c8a4fd8e3384156438_synthetic_heavy_hex_like_7q_transpiler_19,teleport
prospective,0,always_teleport,49f9e42949fe44e9cacc4cb550ad5cc71ba965632af7f9c8a4fd8e3384156438_synthetic_heavy_hex_like_7q_transpiler_29,teleport
prospective,0,always_teleport,49f9e42949fe44e9cacc4cb550ad5cc71ba965632af7f9c8a4fd8e3384156438_synthetic_heavy_hex_like_7q_transpiler_37,teleport
prospective,0,always_teleport,49f9e42949fe44e9cacc4cb550ad5cc71ba965632af7f9c8a4fd8e3384156438_synthetic_heavy_hex_like_7q_transpiler_47,teleport
prospective,0,always_teleport,49f9e42949fe44e9cacc4cb550ad5cc71ba965632af7f9c8a4fd8e3384156438_synthetic_irregular_7q_favorable_11,teleport
prospective,0,always_teleport,49f9e42949fe44e9cacc4cb550ad5cc71ba965632af7f9c8a4fd8e3384156438_synthetic_irregular_7q_favorable_19,teleport
prospective,0,always_teleport,49f9e42949fe44e9cacc4cb550ad5cc71ba965632af7f9c8a4fd8e3384156438_synthetic_irregular_7q_favorable_29,teleport
prospective,0,always_teleport,49f9e42949fe44e9cacc4cb550ad5cc71ba965632af7f9c8a4fd8e3384156438_synthetic_irregular_7q_favorable_37,teleport
prospective,0,always_teleport,49f9e42949fe44e9cacc4cb550ad5cc71ba965632af7f9c8a4fd8e3384156438_synthetic_irregular_7q_favorable_47,teleport
prospective,0,always_teleport,49f9e42949fe44e9cacc4cb550ad5cc71ba965632af7f9c8a4fd8e3384156438_synthetic_irregular_7q_spread_11,teleport
prospective,0,always_teleport,49f9e42949fe44e9cacc4cb550ad5cc71ba965632af7f9c8a4fd8e3384156438_synthetic_irregular_7q_spread_19,teleport
prospective,0,always_teleport,49f9e42949fe44e9cacc4cb550ad5cc71ba965632af7f9c8a4fd8e3384156438_synthetic_irregular_7q_spread_29,teleport
prospective,0,always_teleport,49f9e42949fe44e9cacc4cb550ad5cc71ba965632af7f9c8a4fd8e3384156438_synthetic_irregular_7q_spread_37,teleport
prospective,0,always_teleport,49f9e42949fe44e9cacc4cb550ad5cc71ba965632af7f9c8a4fd8e3384156438_synthetic_irregular_7q_spread_47,teleport
prospective,0,always_teleport,6a9ea95959ada3b9eb58a4396c3fc46af54caed318314ad360db449a01f90c66_synthetic_line_6q_favorable_11,teleport
prospective,0,always_teleport,6a9ea95959ada3b9eb58a4396c3fc46af54caed318314ad360db449a01f90c66_synthetic_line_6q_favorable_19,teleport
prospective,0,always_teleport,6a9ea95959ada3b9eb58a4396c3fc46af54caed318314ad360db449a01f90c66_synthetic_line_6q_favorable_29,teleport
prospective,0,always_teleport,6a9ea95959ada3b9eb58a4396c3fc46af54caed318314ad360db449a01f90c66_synthetic_line_6q_favorable_37,teleport
prospective,0,always_teleport,6a9ea95959ada3b9eb58a4396c3fc46af54caed318314ad360db449a01f90c66_synthetic_line_6q_favorable_47,teleport
prospective,0,always_teleport,6a9ea95959ada3b9eb58a4396c3fc46af54caed318314ad360db449a01f90c66_synthetic_line_6q_spread_11,teleport
prospective,0,always_teleport,6a9ea95959ada3b9eb58a4396c3fc46af54caed318314ad360db449a01f90c66_synthetic_line_6q_spread_19,teleport
prospective,0,always_teleport,6a9ea95959ada3b9eb58a4396c3fc46af54caed318314ad360db449a01f90c66_synthetic_line_6q_spread_29,teleport
prospective,0,always_teleport,6a9ea95959ada3b9eb58a4396c3fc46af54caed318314ad360db449a01f90c66_synthetic_line_6q_spread_37,teleport
prospective,0,always_teleport,6a9ea95959ada3b9eb58a4396c3fc46af54caed318314ad360db449a01f90c66_synthetic_line_6q_spread_47,teleport
prospective,0,always_teleport,6a9ea95959ada3b9eb58a4396c3fc46af54caed318314ad360db449a01f90c66_synthetic_ring_6q_transpiler_11,teleport
prospective,0,always_teleport,6a9ea95959ada3b9eb58a4396c3fc46af54caed318314ad360db449a01f90c66_synthetic_ring_6q_transpiler_19,teleport
prospective,0,always_teleport,6a9ea95959ada3b9eb58a4396c3fc46af54caed318314ad360db449a01f90c66_synthetic_ring_6q_transpiler_29,teleport
prospective,0,always_teleport,6a9ea95959ada3b9eb58a4396c3fc46af54caed318314ad360db449a01f90c66_synthetic_ring_6q_transpiler_37,teleport
prospective,0,always_teleport,6a9ea95959ada3b9eb58a4396c3fc46af54caed318314ad360db449a01f90c66_synthetic_ring_6q_transpiler_47,teleport
prospective,0,always_teleport,6a9ea95959ada3b9eb58a4396c3fc46af54caed318314ad360db449a01f90c66_synthetic_grid_6q_transpiler_11,teleport
prospective,0,always_teleport,6a9ea95959ada3b9eb58a4396c3fc46af54caed318314ad360db449a01f90c66_synthetic_grid_6q_transpiler_19,teleport
prospective,0,always_teleport,6a9ea95959ada3b9eb58a4396c3fc46af54caed318314ad360db449a01f90c66_synthetic_grid_6q_transpiler_29,teleport
prospective,0,always_teleport,6a9ea95959ada3b9eb58a4396c3fc46af54caed318314ad360db449a01f90c66_synthetic_grid_6q_transpiler_37,teleport
prospective,0,always_teleport,6a9ea95959ada3b9eb58a4396c3fc46af54caed318314ad360db449a01f90c66_synthetic_grid_6q_transpiler_47,teleport
prospective,0,always_teleport,6a9ea95959ada3b9eb58a4396c3fc46af54caed318314ad360db449a01f90c66_synthetic_heavy_hex_like_7q_transpiler_11,teleport
prospective,0,always_teleport,6a9ea95959ada3b9eb58a4396c3fc46af54caed318314ad360db449a01f90c66_synthetic_heavy_hex_like_7q_transpiler_19,teleport
prospective,0,always_teleport,6a9ea95959ada3b9eb58a4396c3fc46af54caed318314ad360db449a01f90c66_synthetic_heavy_hex_like_7q_transpiler_29,teleport
prospective,0,always_teleport,6a9ea95959ada3b9eb58a4396c3fc46af54caed318314ad360db449a01f90c66_synthetic_heavy_hex_like_7q_transpiler_37,teleport
prospective,0,always_teleport,6a9ea95959ada3b9eb58a4396c3fc46af54caed318314ad360db449a01f90c66_synthetic_heavy_hex_like_7q_transpiler_47,teleport
prospective,0,always_teleport,6a9ea95959ada3b9eb58a4396c3fc46af54caed318314ad360db449a01f90c66_synthetic_irregular_7q_favorable_11,teleport
prospective,0,always_teleport,6a9ea95959ada3b9eb58a4396c3fc46af54caed318314ad360db449a01f90c66_synthetic_irregular_7q_favorable_19,teleport
prospective,0,always_teleport,6a9ea95959ada3b9eb58a4396c3fc46af54caed318314ad360db449a01f90c66_synthetic_irregular_7q_favorable_29,teleport
prospective,0,always_teleport,6a9ea95959ada3b9eb58a4396c3fc46af54caed318314ad360db449a01f90c66_synthetic_irregular_7q_favorable_37,teleport
prospective,0,always_teleport,6a9ea95959ada3b9eb58a4396c3fc46af54caed318314ad360db449a01f90c66_synthetic_irregular_7q_favorable_47,teleport
prospective,0,always_teleport,6a9ea95959ada3b9eb58a4396c3fc46af54caed318314ad360db449a01f90c66_synthetic_irregular_7q_spread_11,teleport
prospective,0,always_teleport,6a9ea95959ada3b9eb58a4396c3fc46af54caed318314ad360db449a01f90c66_synthetic_irregular_7q_spread_19,teleport
prospective,0,always_teleport,6a9ea95959ada3b9eb58a4396c3fc46af54caed318314ad360db449a01f90c66_synthetic_irregular_7q_spread_29,teleport
prospective,0,always_teleport,6a9ea95959ada3b9eb58a4396c3fc46af54caed318314ad360db449a01f90c66_synthetic_irregular_7q_spread_37,teleport
prospective,0,always_teleport,6a9ea95959ada3b9eb58a4396c3fc46af54caed318314ad360db449a01f90c66_synthetic_irregular_7q_spread_47,teleport
prospective,0,always_teleport,2b5e0ed483cc3050468f9dbe07ba775d3779a0f5f0b1d9721b5967992a9fa793_synthetic_line_6q_favorable_11,teleport
prospective,0,always_teleport,2b5e0ed483cc3050468f9dbe07ba775d3779a0f5f0b1d9721b5967992a9fa793_synthetic_line_6q_favorable_19,teleport
prospective,0,always_teleport,2b5e0ed483cc3050468f9dbe07ba775d3779a0f5f0b1d9721b5967992a9fa793_synthetic_line_6q_favorable_29,teleport
prospective,0,always_teleport,2b5e0ed483cc3050468f9dbe07ba775d3779a0f5f0b1d9721b5967992a9fa793_synthetic_line_6q_favorable_37,teleport
prospective,0,always_teleport,2b5e0ed483cc3050468f9dbe07ba775d3779a0f5f0b1d9721b5967992a9fa793_synthetic_line_6q_favorable_47,teleport
prospective,0,always_teleport,2b5e0ed483cc3050468f9dbe07ba775d3779a0f5f0b1d9721b5967992a9fa793_synthetic_line_6q_spread_11,teleport
prospective,0,always_teleport,2b5e0ed483cc3050468f9dbe07ba775d3779a0f5f0b1d9721b5967992a9fa793_synthetic_line_6q_spread_19,teleport
prospective,0,always_teleport,2b5e0ed483cc3050468f9dbe07ba775d3779a0f5f0b1d9721b5967992a9fa793_synthetic_line_6q_spread_29,teleport
prospective,0,always_teleport,2b5e0ed483cc3050468f9dbe07ba775d3779a0f5f0b1d9721b5967992a9fa793_synthetic_line_6q_spread_37,teleport
prospective,0,always_teleport,2b5e0ed483cc3050468f9dbe07ba775d3779a0f5f0b1d9721b5967992a9fa793_synthetic_line_6q_spread_47,teleport
prospective,0,always_teleport,2b5e0ed483cc3050468f9dbe07ba775d3779a0f5f0b1d9721b5967992a9fa793_synthetic_ring_6q_transpiler_11,teleport
prospective,0,always_teleport,2b5e0ed483cc3050468f9dbe07ba775d3779a0f5f0b1d9721b5967992a9fa793_synthetic_ring_6q_transpiler_19,teleport
prospective,0,always_teleport,2b5e0ed483cc3050468f9dbe07ba775d3779a0f5f0b1d9721b5967992a9fa793_synthetic_ring_6q_transpiler_29,teleport
prospective,0,always_teleport,2b5e0ed483cc3050468f9dbe07ba775d3779a0f5f0b1d9721b5967992a9fa793_synthetic_ring_6q_transpiler_37,teleport
prospective,0,always_teleport,2b5e0ed483cc3050468f9dbe07ba775d3779a0f5f0b1d9721b5967992a9fa793_synthetic_ring_6q_transpiler_47,teleport
prospective,0,always_teleport,2b5e0ed483cc3050468f9dbe07ba775d3779a0f5f0b1d9721b5967992a9fa793_synthetic_grid_6q_transpiler_11,teleport
prospective,0,always_teleport,2b5e0ed483cc3050468f9dbe07ba775d3779a0f5f0b1d9721b5967992a9fa793_synthetic_grid_6q_transpiler_19,teleport
prospective,0,always_teleport,2b5e0ed483cc3050468f9dbe07ba775d3779a0f5f0b1d9721b5967992a9fa793_synthetic_grid_6q_transpiler_29,teleport
prospective,0,always_teleport,2b5e0ed483cc3050468f9dbe07ba775d3779a0f5f0b1d9721b5967992a9fa793_synthetic_grid_6q_transpiler_37,teleport
prospective,0,always_teleport,2b5e0ed483cc3050468f9dbe07ba775d3779a0f5f0b1d9721b5967992a9fa793_synthetic_grid_6q_transpiler_47,teleport
prospective,0,always_teleport,2b5e0ed483cc3050468f9dbe07ba775d3779a0f5f0b1d9721b5967992a9fa793_synthetic_heavy_hex_like_7q_transpiler_11,teleport
prospective,0,always_teleport,2b5e0ed483cc3050468f9dbe07ba775d3779a0f5f0b1d9721b5967992a9fa793_synthetic_heavy_hex_like_7q_transpiler_19,teleport
prospective,0,always_teleport,2b5e0ed483cc3050468f9dbe07ba775d3779a0f5f0b1d9721b5967992a9fa793_synthetic_heavy_hex_like_7q_transpiler_29,teleport
prospective,0,always_teleport,2b5e0ed483cc3050468f9dbe07ba775d3779a0f5f0b1d9721b5967992a9fa793_synthetic_heavy_hex_like_7q_transpiler_37,teleport
prospective,0,always_teleport,2b5e0ed483cc3050468f9dbe07ba775d3779a0f5f0b1d9721b5967992a9fa793_synthetic_heavy_hex_like_7q_transpiler_47,teleport
prospective,0,always_teleport,2b5e0ed483cc3050468f9dbe07ba775d3779a0f5f0b1d9721b5967992a9fa793_synthetic_irregular_7q_favorable_11,teleport
prospective,0,always_teleport,2b5e0ed483cc3050468f9dbe07ba775d3779a0f5f0b1d9721b5967992a9fa793_synthetic_irregular_7q_favorable_19,teleport
prospective,0,always_teleport,2b5e0ed483cc3050468f9dbe07ba775d3779a0f5f0b1d9721b5967992a9fa793_synthetic_irregular_7q_favorable_29,teleport
prospective,0,always_teleport,2b5e0ed483cc3050468f9dbe07ba775d3779a0f5f0b1d9721b5967992a9fa793_synthetic_irregular_7q_favorable_37,teleport
prospective,0,always_teleport,2b5e0ed483cc3050468f9dbe07ba775d3779a0f5f0b1d9721b5967992a9fa793_synthetic_irregular_7q_favorable_47,teleport
prospective,0,always_teleport,2b5e0ed483cc3050468f9dbe07ba775d3779a0f5f0b1d9721b5967992a9fa793_synthetic_irregular_7q_spread_11,teleport
prospective,0,always_teleport,2b5e0ed483cc3050468f9dbe07ba775d3779a0f5f0b1d9721b5967992a9fa793_synthetic_irregular_7q_spread_19,teleport
prospective,0,always_teleport,2b5e0ed483cc3050468f9dbe07ba775d3779a0f5f0b1d9721b5967992a9fa793_synthetic_irregular_7q_spread_29,teleport
prospective,0,always_teleport,2b5e0ed483cc3050468f9dbe07ba775d3779a0f5f0b1d9721b5967992a9fa793_synthetic_irregular_7q_spread_37,teleport
prospective,0,always_teleport,2b5e0ed483cc3050468f9dbe07ba775d3779a0f5f0b1d9721b5967992a9fa793_synthetic_irregular_7q_spread_47,teleport
prospective,0,always_teleport,8e4246a80f37dc867d0cfe5b703c5e97fe1bd50168e294b8649e2eadb63771f1_synthetic_line_6q_favorable_11,teleport
prospective,0,always_teleport,8e4246a80f37dc867d0cfe5b703c5e97fe1bd50168e294b8649e2eadb63771f1_synthetic_line_6q_favorable_19,teleport
prospective,0,always_teleport,8e4246a80f37dc867d0cfe5b703c5e97fe1bd50168e294b8649e2eadb63771f1_synthetic_line_6q_favorable_29,teleport
prospective,0,always_teleport,8e4246a80f37dc867d0cfe5b703c5e97fe1bd50168e294b8649e2eadb63771f1_synthetic_line_6q_favorable_37,teleport
prospective,0,always_teleport,8e4246a80f37dc867d0cfe5b703c5e97fe1bd50168e294b8649e2eadb63771f1_synthetic_line_6q_favorable_47,teleport
prospective,0,always_teleport,8e4246a80f37dc867d0cfe5b703c5e97fe1bd50168e294b8649e2eadb63771f1_synthetic_line_6q_spread_11,teleport
prospective,0,always_teleport,8e4246a80f37dc867d0cfe5b703c5e97fe1bd50168e294b8649e2eadb63771f1_synthetic_line_6q_spread_19,teleport
prospective,0,always_teleport,8e4246a80f37dc867d0cfe5b703c5e97fe1bd50168e294b8649e2eadb63771f1_synthetic_line_6q_spread_29,teleport
prospective,0,always_teleport,8e4246a80f37dc867d0cfe5b703c5e97fe1bd50168e294b8649e2eadb63771f1_synthetic_line_6q_spread_37,teleport
prospective,0,always_teleport,8e4246a80f37dc867d0cfe5b703c5e97fe1bd50168e294b8649e2eadb63771f1_synthetic_line_6q_spread_47,teleport
prospective,0,always_teleport,8e4246a80f37dc867d0cfe5b703c5e97fe1bd50168e294b8649e2eadb63771f1_synthetic_ring_6q_transpiler_11,teleport
prospective,0,always_teleport,8e4246a80f37dc867d0cfe5b703c5e97fe1bd50168e294b8649e2eadb63771f1_synthetic_ring_6q_transpiler_19,teleport
prospective,0,always_teleport,8e4246a80f37dc867d0cfe5b703c5e97fe1bd50168e294b8649e2eadb63771f1_synthetic_ring_6q_transpiler_29,teleport
prospective,0,always_teleport,8e4246a80f37dc867d0cfe5b703c5e97fe1bd50168e294b8649e2eadb63771f1_synthetic_ring_6q_transpiler_37,teleport
prospective,0,always_teleport,8e4246a80f37dc867d0cfe5b703c5e97fe1bd50168e294b8649e2eadb63771f1_synthetic_ring_6q_transpiler_47,teleport
prospective,0,always_teleport,8e4246a80f37dc867d0cfe5b703c5e97fe1bd50168e294b8649e2eadb63771f1_synthetic_grid_6q_transpiler_11,teleport
prospective,0,always_teleport,8e4246a80f37dc867d0cfe5b703c5e97fe1bd50168e294b8649e2eadb63771f1_synthetic_grid_6q_transpiler_19,teleport
prospective,0,always_teleport,8e4246a80f37dc867d0cfe5b703c5e97fe1bd50168e294b8649e2eadb63771f1_synthetic_grid_6q_transpiler_29,teleport
prospective,0,always_teleport,8e4246a80f37dc867d0cfe5b703c5e97fe1bd50168e294b8649e2eadb63771f1_synthetic_grid_6q_transpiler_37,teleport
prospective,0,always_teleport,8e4246a80f37dc867d0cfe5b703c5e97fe1bd50168e294b8649e2eadb63771f1_synthetic_grid_6q_transpiler_47,teleport
prospective,0,always_teleport,8e4246a80f37dc867d0cfe5b703c5e97fe1bd50168e294b8649e2eadb63771f1_synthetic_heavy_hex_like_7q_transpiler_11,teleport
prospective,0,always_teleport,8e4246a80f37dc867d0cfe5b703c5e97fe1bd50168e294b8649e2eadb63771f1_synthetic_heavy_hex_like_7q_transpiler_19,teleport
prospective,0,always_teleport,8e4246a80f37dc867d0cfe5b703c5e97fe1bd50168e294b8649e2eadb63771f1_synthetic_heavy_hex_like_7q_transpiler_29,teleport
prospective,0,always_teleport,8e4246a80f37dc867d0cfe5b703c5e97fe1bd50168e294b8649e2eadb63771f1_synthetic_heavy_hex_like_7q_transpiler_37,teleport
prospective,0,always_teleport,8e4246a80f37dc867d0cfe5b703c5e97fe1bd50168e294b8649e2eadb63771f1_synthetic_heavy_hex_like_7q_transpiler_47,teleport
prospective,0,always_teleport,8e4246a80f37dc867d0cfe5b703c5e97fe1bd50168e294b8649e2eadb63771f1_synthetic_irregular_7q_favorable_11,teleport
prospective,0,always_teleport,8e4246a80f37dc867d0cfe5b703c5e97fe1bd50168e294b8649e2eadb63771f1_synthetic_irregular_7q_favorable_19,teleport
prospective,0,always_teleport,8e4246a80f37dc867d0cfe5b703c5e97fe1bd50168e294b8649e2eadb63771f1_synthetic_irregular_7q_favorable_29,teleport
prospective,0,always_teleport,8e4246a80f37dc867d0cfe5b703c5e97fe1bd50168e294b8649e2eadb63771f1_synthetic_irregular_7q_favorable_37,teleport
prospective,0,always_teleport,8e4246a80f37dc867d0cfe5b703c5e97fe1bd50168e294b8649e2eadb63771f1_synthetic_irregular_7q_favorable_47,teleport
prospective,0,always_teleport,8e4246a80f37dc867d0cfe5b703c5e97fe1bd50168e294b8649e2eadb63771f1_synthetic_irregular_7q_spread_11,teleport
prospective,0,always_teleport,8e4246a80f37dc867d0cfe5b703c5e97fe1bd50168e294b8649e2eadb63771f1_synthetic_irregular_7q_spread_19,teleport
prospective,0,always_teleport,8e4246a80f37dc867d0cfe5b703c5e97fe1bd50168e294b8649e2eadb63771f1_synthetic_irregular_7q_spread_29,teleport
prospective,0,always_teleport,8e4246a80f37dc867d0cfe5b703c5e97fe1bd50168e294b8649e2eadb63771f1_synthetic_irregular_7q_spread_37,teleport
prospective,0,always_teleport,8e4246a80f37dc867d0cfe5b703c5e97fe1bd50168e294b8649e2eadb63771f1_synthetic_irregular_7q_spread_47,teleport
prospective,0,always_teleport,4578146e16dfcf0a3a55a1b3fea16f778ac944886bf5b33e90f7dc227bfcd90d_synthetic_line_6q_favorable_11,teleport
prospective,0,always_teleport,4578146e16dfcf0a3a55a1b3fea16f778ac944886bf5b33e90f7dc227bfcd90d_synthetic_line_6q_favorable_19,teleport
prospective,0,always_teleport,4578146e16dfcf0a3a55a1b3fea16f778ac944886bf5b33e90f7dc227bfcd90d_synthetic_line_6q_favorable_29,teleport
prospective,0,always_teleport,4578146e16dfcf0a3a55a1b3fea16f778ac944886bf5b33e90f7dc227bfcd90d_synthetic_line_6q_favorable_37,teleport
prospective,0,always_teleport,4578146e16dfcf0a3a55a1b3fea16f778ac944886bf5b33e90f7dc227bfcd90d_synthetic_line_6q_favorable_47,teleport
prospective,0,always_teleport,4578146e16dfcf0a3a55a1b3fea16f778ac944886bf5b33e90f7dc227bfcd90d_synthetic_line_6q_spread_11,teleport
prospective,0,always_teleport,4578146e16dfcf0a3a55a1b3fea16f778ac944886bf5b33e90f7dc227bfcd90d_synthetic_line_6q_spread_19,teleport
prospective,0,always_teleport,4578146e16dfcf0a3a55a1b3fea16f778ac944886bf5b33e90f7dc227bfcd90d_synthetic_line_6q_spread_29,teleport
prospective,0,always_teleport,4578146e16dfcf0a3a55a1b3fea16f778ac944886bf5b33e90f7dc227bfcd90d_synthetic_line_6q_spread_37,teleport
prospective,0,always_teleport,4578146e16dfcf0a3a55a1b3fea16f778ac944886bf5b33e90f7dc227bfcd90d_synthetic_line_6q_spread_47,teleport
prospective,0,always_teleport,4578146e16dfcf0a3a55a1b3fea16f778ac944886bf5b33e90f7dc227bfcd90d_synthetic_ring_6q_transpiler_11,teleport
prospective,0,always_teleport,4578146e16dfcf0a3a55a1b3fea16f778ac944886bf5b33e90f7dc227bfcd90d_synthetic_ring_6q_transpiler_19,teleport
prospective,0,always_teleport,4578146e16dfcf0a3a55a1b3fea16f778ac944886bf5b33e90f7dc227bfcd90d_synthetic_ring_6q_transpiler_29,teleport
prospective,0,always_teleport,4578146e16dfcf0a3a55a1b3fea16f778ac944886bf5b33e90f7dc227bfcd90d_synthetic_ring_6q_transpiler_37,teleport
prospective,0,always_teleport,4578146e16dfcf0a3a55a1b3fea16f778ac944886bf5b33e90f7dc227bfcd90d_synthetic_ring_6q_transpiler_47,teleport
prospective,0,always_teleport,4578146e16dfcf0a3a55a1b3fea16f778ac944886bf5b33e90f7dc227bfcd90d_synthetic_grid_6q_transpiler_11,teleport
prospective,0,always_teleport,4578146e16dfcf0a3a55a1b3fea16f778ac944886bf5b33e90f7dc227bfcd90d_synthetic_grid_6q_transpiler_19,teleport
prospective,0,always_teleport,4578146e16dfcf0a3a55a1b3fea16f778ac944886bf5b33e90f7dc227bfcd90d_synthetic_grid_6q_transpiler_29,teleport
prospective,0,always_teleport,4578146e16dfcf0a3a55a1b3fea16f778ac944886bf5b33e90f7dc227bfcd90d_synthetic_grid_6q_transpiler_37,teleport
prospective,0,always_teleport,4578146e16dfcf0a3a55a1b3fea16f778ac944886bf5b33e90f7dc227bfcd90d_synthetic_grid_6q_transpiler_47,teleport
prospective,0,always_teleport,4578146e16dfcf0a3a55a1b3fea16f778ac944886bf5b33e90f7dc227bfcd90d_synthetic_heavy_hex_like_7q_transpiler_11,teleport
prospective,0,always_teleport,4578146e16dfcf0a3a55a1b3fea16f778ac944886bf5b33e90f7dc227bfcd90d_synthetic_heavy_hex_like_7q_transpiler_19,teleport
prospective,0,always_teleport,4578146e16dfcf0a3a55a1b3fea16f778ac944886bf5b33e90f7dc227bfcd90d_synthetic_heavy_hex_like_7q_transpiler_29,teleport
prospective,0,always_teleport,4578146e16dfcf0a3a55a1b3fea16f778ac944886bf5b33e90f7dc227bfcd90d_synthetic_heavy_hex_like_7q_transpiler_37,teleport
prospective,0,always_teleport,4578146e16dfcf0a3a55a1b3fea16f778ac944886bf5b33e90f7dc227bfcd90d_synthetic_heavy_hex_like_7q_transpiler_47,teleport
prospective,0,always_teleport,4578146e16dfcf0a3a55a1b3fea16f778ac944886bf5b33e90f7dc227bfcd90d_synthetic_irregular_7q_favorable_11,teleport
prospective,0,always_teleport,4578146e16dfcf0a3a55a1b3fea16f778ac944886bf5b33e90f7dc227bfcd90d_synthetic_irregular_7q_favorable_19,teleport
prospective,0,always_teleport,4578146e16dfcf0a3a55a1b3fea16f778ac944886bf5b33e90f7dc227bfcd90d_synthetic_irregular_7q_favorable_29,teleport
prospective,0,always_teleport,4578146e16dfcf0a3a55a1b3fea16f778ac944886bf5b33e90f7dc227bfcd90d_synthetic_irregular_7q_favorable_37,teleport
prospective,0,always_teleport,4578146e16dfcf0a3a55a1b3fea16f778ac944886bf5b33e90f7dc227bfcd90d_synthetic_irregular_7q_favorable_47,teleport
prospective,0,always_teleport,4578146e16dfcf0a3a55a1b3fea16f778ac944886bf5b33e90f7dc227bfcd90d_synthetic_irregular_7q_spread_11,teleport
prospective,0,always_teleport,4578146e16dfcf0a3a55a1b3fea16f778ac944886bf5b33e90f7dc227bfcd90d_synthetic_irregular_7q_spread_19,teleport
prospective,0,always_teleport,4578146e16dfcf0a3a55a1b3fea16f778ac944886bf5b33e90f7dc227bfcd90d_synthetic_irregular_7q_spread_29,teleport
prospective,0,always_teleport,4578146e16dfcf0a3a55a1b3fea16f778ac944886bf5b33e90f7dc227bfcd90d_synthetic_irregular_7q_spread_37,teleport
prospective,0,always_teleport,4578146e16dfcf0a3a55a1b3fea16f778ac944886bf5b33e90f7dc227bfcd90d_synthetic_irregular_7q_spread_47,teleport
prospective,0,always_teleport,b75cbf89649a5d40ee4400d372e6cf3e16e5c828229f394ddf0f65442c3f44a5_synthetic_line_8q_favorable_11,teleport
prospective,0,always_teleport,b75cbf89649a5d40ee4400d372e6cf3e16e5c828229f394ddf0f65442c3f44a5_synthetic_line_8q_favorable_19,teleport
prospective,0,always_teleport,b75cbf89649a5d40ee4400d372e6cf3e16e5c828229f394ddf0f65442c3f44a5_synthetic_line_8q_favorable_29,teleport
prospective,0,always_teleport,b75cbf89649a5d40ee4400d372e6cf3e16e5c828229f394ddf0f65442c3f44a5_synthetic_line_8q_favorable_37,teleport
prospective,0,always_teleport,b75cbf89649a5d40ee4400d372e6cf3e16e5c828229f394ddf0f65442c3f44a5_synthetic_line_8q_favorable_47,teleport
prospective,0,always_teleport,b75cbf89649a5d40ee4400d372e6cf3e16e5c828229f394ddf0f65442c3f44a5_synthetic_line_8q_spread_11,teleport
prospective,0,always_teleport,b75cbf89649a5d40ee4400d372e6cf3e16e5c828229f394ddf0f65442c3f44a5_synthetic_line_8q_spread_19,teleport
prospective,0,always_teleport,b75cbf89649a5d40ee4400d372e6cf3e16e5c828229f394ddf0f65442c3f44a5_synthetic_line_8q_spread_29,teleport
prospective,0,always_teleport,b75cbf89649a5d40ee4400d372e6cf3e16e5c828229f394ddf0f65442c3f44a5_synthetic_line_8q_spread_37,teleport
prospective,0,always_teleport,b75cbf89649a5d40ee4400d372e6cf3e16e5c828229f394ddf0f65442c3f44a5_synthetic_line_8q_spread_47,teleport
prospective,0,always_teleport,b75cbf89649a5d40ee4400d372e6cf3e16e5c828229f394ddf0f65442c3f44a5_synthetic_ring_8q_transpiler_11,teleport
prospective,0,always_teleport,b75cbf89649a5d40ee4400d372e6cf3e16e5c828229f394ddf0f65442c3f44a5_synthetic_ring_8q_transpiler_19,teleport
prospective,0,always_teleport,b75cbf89649a5d40ee4400d372e6cf3e16e5c828229f394ddf0f65442c3f44a5_synthetic_ring_8q_transpiler_29,teleport
prospective,0,always_teleport,b75cbf89649a5d40ee4400d372e6cf3e16e5c828229f394ddf0f65442c3f44a5_synthetic_ring_8q_transpiler_37,teleport
prospective,0,always_teleport,b75cbf89649a5d40ee4400d372e6cf3e16e5c828229f394ddf0f65442c3f44a5_synthetic_ring_8q_transpiler_47,teleport
prospective,0,always_teleport,b75cbf89649a5d40ee4400d372e6cf3e16e5c828229f394ddf0f65442c3f44a5_synthetic_grid_8q_transpiler_11,teleport
prospective,0,always_teleport,b75cbf89649a5d40ee4400d372e6cf3e16e5c828229f394ddf0f65442c3f44a5_synthetic_grid_8q_transpiler_19,teleport
prospective,0,always_teleport,b75cbf89649a5d40ee4400d372e6cf3e16e5c828229f394ddf0f65442c3f44a5_synthetic_grid_8q_transpiler_29,teleport
prospective,0,always_teleport,b75cbf89649a5d40ee4400d372e6cf3e16e5c828229f394ddf0f65442c3f44a5_synthetic_grid_8q_transpiler_37,teleport
prospective,0,always_teleport,b75cbf89649a5d40ee4400d372e6cf3e16e5c828229f394ddf0f65442c3f44a5_synthetic_grid_8q_transpiler_47,teleport
prospective,0,always_teleport,b75cbf89649a5d40ee4400d372e6cf3e16e5c828229f394ddf0f65442c3f44a5_synthetic_heavy_hex_like_8q_transpiler_11,teleport
prospective,0,always_teleport,b75cbf89649a5d40ee4400d372e6cf3e16e5c828229f394ddf0f65442c3f44a5_synthetic_heavy_hex_like_8q_transpiler_19,teleport
prospective,0,always_teleport,b75cbf89649a5d40ee4400d372e6cf3e16e5c828229f394ddf0f65442c3f44a5_synthetic_heavy_hex_like_8q_transpiler_29,teleport
prospective,0,always_teleport,b75cbf89649a5d40ee4400d372e6cf3e16e5c828229f394ddf0f65442c3f44a5_synthetic_heavy_hex_like_8q_transpiler_37,teleport
prospective,0,always_teleport,b75cbf89649a5d40ee4400d372e6cf3e16e5c828229f394ddf0f65442c3f44a5_synthetic_heavy_hex_like_8q_transpiler_47,teleport
prospective,0,always_teleport,b75cbf89649a5d40ee4400d372e6cf3e16e5c828229f394ddf0f65442c3f44a5_synthetic_irregular_8q_favorable_11,teleport
prospective,0,always_teleport,b75cbf89649a5d40ee4400d372e6cf3e16e5c828229f394ddf0f65442c3f44a5_synthetic_irregular_8q_favorable_19,teleport
prospective,0,always_teleport,b75cbf89649a5d40ee4400d372e6cf3e16e5c828229f394ddf0f65442c3f44a5_synthetic_irregular_8q_favorable_29,teleport
prospective,0,always_teleport,b75cbf89649a5d40ee4400d372e6cf3e16e5c828229f394ddf0f65442c3f44a5_synthetic_irregular_8q_favorable_37,teleport
prospective,0,always_teleport,b75cbf89649a5d40ee4400d372e6cf3e16e5c828229f394ddf0f65442c3f44a5_synthetic_irregular_8q_favorable_47,teleport
prospective,0,always_teleport,b75cbf89649a5d40ee4400d372e6cf3e16e5c828229f394ddf0f65442c3f44a5_synthetic_irregular_8q_spread_11,teleport
prospective,0,always_teleport,b75cbf89649a5d40ee4400d372e6cf3e16e5c828229f394ddf0f65442c3f44a5_synthetic_irregular_8q_spread_19,teleport
prospective,0,always_teleport,b75cbf89649a5d40ee4400d372e6cf3e16e5c828229f394ddf0f65442c3f44a5_synthetic_irregular_8q_spread_29,teleport
prospective,0,always_teleport,b75cbf89649a5d40ee4400d372e6cf3e16e5c828229f394ddf0f65442c3f44a5_synthetic_irregular_8q_spread_37,teleport
prospective,0,always_teleport,b75cbf89649a5d40ee4400d372e6cf3e16e5c828229f394ddf0f65442c3f44a5_synthetic_irregular_8q_spread_47,teleport
prospective,0,always_teleport,d338eb773a8d9b65affd729028e23e9f24e361c2bc1272505190220bc634f90b_synthetic_line_8q_favorable_11,teleport
prospective,0,always_teleport,d338eb773a8d9b65affd729028e23e9f24e361c2bc1272505190220bc634f90b_synthetic_line_8q_favorable_19,teleport
prospective,0,always_teleport,d338eb773a8d9b65affd729028e23e9f24e361c2bc1272505190220bc634f90b_synthetic_line_8q_favorable_29,teleport
prospective,0,always_teleport,d338eb773a8d9b65affd729028e23e9f24e361c2bc1272505190220bc634f90b_synthetic_line_8q_favorable_37,teleport
prospective,0,always_teleport,d338eb773a8d9b65affd729028e23e9f24e361c2bc1272505190220bc634f90b_synthetic_line_8q_favorable_47,teleport
prospective,0,always_teleport,d338eb773a8d9b65affd729028e23e9f24e361c2bc1272505190220bc634f90b_synthetic_line_8q_spread_11,teleport
prospective,0,always_teleport,d338eb773a8d9b65affd729028e23e9f24e361c2bc1272505190220bc634f90b_synthetic_line_8q_spread_19,teleport
prospective,0,always_teleport,d338eb773a8d9b65affd729028e23e9f24e361c2bc1272505190220bc634f90b_synthetic_line_8q_spread_29,teleport
prospective,0,always_teleport,d338eb773a8d9b65affd729028e23e9f24e361c2bc1272505190220bc634f90b_synthetic_line_8q_spread_37,teleport
prospective,0,always_teleport,d338eb773a8d9b65affd729028e23e9f24e361c2bc1272505190220bc634f90b_synthetic_line_8q_spread_47,teleport
prospective,0,always_teleport,d338eb773a8d9b65affd729028e23e9f24e361c2bc1272505190220bc634f90b_synthetic_ring_8q_transpiler_11,teleport
prospective,0,always_teleport,d338eb773a8d9b65affd729028e23e9f24e361c2bc1272505190220bc634f90b_synthetic_ring_8q_transpiler_19,teleport
prospective,0,always_teleport,d338eb773a8d9b65affd729028e23e9f24e361c2bc1272505190220bc634f90b_synthetic_ring_8q_transpiler_29,teleport
prospective,0,always_teleport,d338eb773a8d9b65affd729028e23e9f24e361c2bc1272505190220bc634f90b_synthetic_ring_8q_transpiler_37,teleport
prospective,0,always_teleport,d338eb773a8d9b65affd729028e23e9f24e361c2bc1272505190220bc634f90b_synthetic_ring_8q_transpiler_47,teleport
prospective,0,always_teleport,d338eb773a8d9b65affd729028e23e9f24e361c2bc1272505190220bc634f90b_synthetic_grid_8q_transpiler_11,teleport
prospective,0,always_teleport,d338eb773a8d9b65affd729028e23e9f24e361c2bc1272505190220bc634f90b_synthetic_grid_8q_transpiler_19,teleport
prospective,0,always_teleport,d338eb773a8d9b65affd729028e23e9f24e361c2bc1272505190220bc634f90b_synthetic_grid_8q_transpiler_29,teleport
prospective,0,always_teleport,d338eb773a8d9b65affd729028e23e9f24e361c2bc1272505190220bc634f90b_synthetic_grid_8q_transpiler_37,teleport
prospective,0,always_teleport,d338eb773a8d9b65affd729028e23e9f24e361c2bc1272505190220bc634f90b_synthetic_grid_8q_transpiler_47,teleport
prospective,0,always_teleport,d338eb773a8d9b65affd729028e23e9f24e361c2bc1272505190220bc634f90b_synthetic_heavy_hex_like_8q_transpiler_11,teleport
prospective,0,always_teleport,d338eb773a8d9b65affd729028e23e9f24e361c2bc1272505190220bc634f90b_synthetic_heavy_hex_like_8q_transpiler_19,teleport
prospective,0,always_teleport,d338eb773a8d9b65affd729028e23e9f24e361c2bc1272505190220bc634f90b_synthetic_heavy_hex_like_8q_transpiler_29,teleport
prospective,0,always_teleport,d338eb773a8d9b65affd729028e23e9f24e361c2bc1272505190220bc634f90b_synthetic_heavy_hex_like_8q_transpiler_37,teleport
prospective,0,always_teleport,d338eb773a8d9b65affd729028e23e9f24e361c2bc1272505190220bc634f90b_synthetic_heavy_hex_like_8q_transpiler_47,teleport
prospective,0,always_teleport,d338eb773a8d9b65affd729028e23e9f24e361c2bc1272505190220bc634f90b_synthetic_irregular_8q_favorable_11,teleport
prospective,0,always_teleport,d338eb773a8d9b65affd729028e23e9f24e361c2bc1272505190220bc634f90b_synthetic_irregular_8q_favorable_19,teleport
prospective,0,always_teleport,d338eb773a8d9b65affd729028e23e9f24e361c2bc1272505190220bc634f90b_synthetic_irregular_8q_favorable_29,teleport
prospective,0,always_teleport,d338eb773a8d9b65affd729028e23e9f24e361c2bc1272505190220bc634f90b_synthetic_irregular_8q_favorable_37,teleport
prospective,0,always_teleport,d338eb773a8d9b65affd729028e23e9f24e361c2bc1272505190220bc634f90b_synthetic_irregular_8q_favorable_47,teleport
prospective,0,always_teleport,d338eb773a8d9b65affd729028e23e9f24e361c2bc1272505190220bc634f90b_synthetic_irregular_8q_spread_11,teleport
prospective,0,always_teleport,d338eb773a8d9b65affd729028e23e9f24e361c2bc1272505190220bc634f90b_synthetic_irregular_8q_spread_19,teleport
prospective,0,always_teleport,d338eb773a8d9b65affd729028e23e9f24e361c2bc1272505190220bc634f90b_synthetic_irregular_8q_spread_29,teleport
prospective,0,always_teleport,d338eb773a8d9b65affd729028e23e9f24e361c2bc1272505190220bc634f90b_synthetic_irregular_8q_spread_37,teleport
prospective,0,always_teleport,d338eb773a8d9b65affd729028e23e9f24e361c2bc1272505190220bc634f90b_synthetic_irregular_8q_spread_47,teleport
prospective,0,always_teleport,7e51cc13b595a2c405f4e95cc42eb66be8187f7e9b2846e1655f0c93c77108c8_synthetic_line_8q_favorable_11,teleport
prospective,0,always_teleport,7e51cc13b595a2c405f4e95cc42eb66be8187f7e9b2846e1655f0c93c77108c8_synthetic_line_8q_favorable_19,teleport
prospective,0,always_teleport,7e51cc13b595a2c405f4e95cc42eb66be8187f7e9b2846e1655f0c93c77108c8_synthetic_line_8q_favorable_29,teleport
prospective,0,always_teleport,7e51cc13b595a2c405f4e95cc42eb66be8187f7e9b2846e1655f0c93c77108c8_synthetic_line_8q_favorable_37,teleport
prospective,0,always_teleport,7e51cc13b595a2c405f4e95cc42eb66be8187f7e9b2846e1655f0c93c77108c8_synthetic_line_8q_favorable_47,teleport
prospective,0,always_teleport,7e51cc13b595a2c405f4e95cc42eb66be8187f7e9b2846e1655f0c93c77108c8_synthetic_line_8q_spread_11,teleport
prospective,0,always_teleport,7e51cc13b595a2c405f4e95cc42eb66be8187f7e9b2846e1655f0c93c77108c8_synthetic_line_8q_spread_19,teleport
prospective,0,always_teleport,7e51cc13b595a2c405f4e95cc42eb66be8187f7e9b2846e1655f0c93c77108c8_synthetic_line_8q_spread_29,teleport
prospective,0,always_teleport,7e51cc13b595a2c405f4e95cc42eb66be8187f7e9b2846e1655f0c93c77108c8_synthetic_line_8q_spread_37,teleport
prospective,0,always_teleport,7e51cc13b595a2c405f4e95cc42eb66be8187f7e9b2846e1655f0c93c77108c8_synthetic_line_8q_spread_47,teleport
prospective,0,always_teleport,7e51cc13b595a2c405f4e95cc42eb66be8187f7e9b2846e1655f0c93c77108c8_synthetic_ring_8q_transpiler_11,teleport
prospective,0,always_teleport,7e51cc13b595a2c405f4e95cc42eb66be8187f7e9b2846e1655f0c93c77108c8_synthetic_ring_8q_transpiler_19,teleport
prospective,0,always_teleport,7e51cc13b595a2c405f4e95cc42eb66be8187f7e9b2846e1655f0c93c77108c8_synthetic_ring_8q_transpiler_29,teleport
prospective,0,always_teleport,7e51cc13b595a2c405f4e95cc42eb66be8187f7e9b2846e1655f0c93c77108c8_synthetic_ring_8q_transpiler_37,teleport
prospective,0,always_teleport,7e51cc13b595a2c405f4e95cc42eb66be8187f7e9b2846e1655f0c93c77108c8_synthetic_ring_8q_transpiler_47,teleport
prospective,0,always_teleport,7e51cc13b595a2c405f4e95cc42eb66be8187f7e9b2846e1655f0c93c77108c8_synthetic_grid_8q_transpiler_11,teleport
prospective,0,always_teleport,7e51cc13b595a2c405f4e95cc42eb66be8187f7e9b2846e1655f0c93c77108c8_synthetic_grid_8q_transpiler_19,teleport
prospective,0,always_teleport,7e51cc13b595a2c405f4e95cc42eb66be8187f7e9b2846e1655f0c93c77108c8_synthetic_grid_8q_transpiler_29,teleport
prospective,0,always_teleport,7e51cc13b595a2c405f4e95cc42eb66be8187f7e9b2846e1655f0c93c77108c8_synthetic_grid_8q_transpiler_37,teleport
prospective,0,always_teleport,7e51cc13b595a2c405f4e95cc42eb66be8187f7e9b2846e1655f0c93c77108c8_synthetic_grid_8q_transpiler_47,teleport
prospective,0,always_teleport,7e51cc13b595a2c405f4e95cc42eb66be8187f7e9b2846e1655f0c93c77108c8_synthetic_heavy_hex_like_8q_transpiler_11,teleport
prospective,0,always_teleport,7e51cc13b595a2c405f4e95cc42eb66be8187f7e9b2846e1655f0c93c77108c8_synthetic_heavy_hex_like_8q_transpiler_19,teleport
prospective,0,always_teleport,7e51cc13b595a2c405f4e95cc42eb66be8187f7e9b2846e1655f0c93c77108c8_synthetic_heavy_hex_like_8q_transpiler_29,teleport
prospective,0,always_teleport,7e51cc13b595a2c405f4e95cc42eb66be8187f7e9b2846e1655f0c93c77108c8_synthetic_heavy_hex_like_8q_transpiler_37,teleport
prospective,0,always_teleport,7e51cc13b595a2c405f4e95cc42eb66be8187f7e9b2846e1655f0c93c77108c8_synthetic_heavy_hex_like_8q_transpiler_47,teleport
prospective,0,always_teleport,7e51cc13b595a2c405f4e95cc42eb66be8187f7e9b2846e1655f0c93c77108c8_synthetic_irregular_8q_favorable_11,teleport
prospective,0,always_teleport,7e51cc13b595a2c405f4e95cc42eb66be8187f7e9b2846e1655f0c93c77108c8_synthetic_irregular_8q_favorable_19,teleport
prospective,0,always_teleport,7e51cc13b595a2c405f4e95cc42eb66be8187f7e9b2846e1655f0c93c77108c8_synthetic_irregular_8q_favorable_29,teleport
prospective,0,always_teleport,7e51cc13b595a2c405f4e95cc42eb66be8187f7e9b2846e1655f0c93c77108c8_synthetic_irregular_8q_favorable_37,teleport
prospective,0,always_teleport,7e51cc13b595a2c405f4e95cc42eb66be8187f7e9b2846e1655f0c93c77108c8_synthetic_irregular_8q_favorable_47,teleport
prospective,0,always_teleport,7e51cc13b595a2c405f4e95cc42eb66be8187f7e9b2846e1655f0c93c77108c8_synthetic_irregular_8q_spread_11,teleport
prospective,0,always_teleport,7e51cc13b595a2c405f4e95cc42eb66be8187f7e9b2846e1655f0c93c77108c8_synthetic_irregular_8q_spread_19,teleport
prospective,0,always_teleport,7e51cc13b595a2c405f4e95cc42eb66be8187f7e9b2846e1655f0c93c77108c8_synthetic_irregular_8q_spread_29,teleport
prospective,0,always_teleport,7e51cc13b595a2c405f4e95cc42eb66be8187f7e9b2846e1655f0c93c77108c8_synthetic_irregular_8q_spread_37,teleport
prospective,0,always_teleport,7e51cc13b595a2c405f4e95cc42eb66be8187f7e9b2846e1655f0c93c77108c8_synthetic_irregular_8q_spread_47,teleport
prospective,0,majority,00dec25597397b2934fb42740994f65c50571551a5090f8e130104971b3c190f_synthetic_line_6q_favorable_11,teleport
prospective,0,majority,00dec25597397b2934fb42740994f65c50571551a5090f8e130104971b3c190f_synthetic_line_6q_favorable_19,teleport
prospective,0,majority,00dec25597397b2934fb42740994f65c50571551a5090f8e130104971b3c190f_synthetic_line_6q_favorable_29,teleport
prospective,0,majority,00dec25597397b2934fb42740994f65c50571551a5090f8e130104971b3c190f_synthetic_line_6q_favorable_37,teleport
prospective,0,majority,00dec25597397b2934fb42740994f65c50571551a5090f8e130104971b3c190f_synthetic_line_6q_favorable_47,teleport
prospective,0,majority,00dec25597397b2934fb42740994f65c50571551a5090f8e130104971b3c190f_synthetic_line_6q_spread_11,teleport
prospective,0,majority,00dec25597397b2934fb42740994f65c50571551a5090f8e130104971b3c190f_synthetic_line_6q_spread_19,teleport
prospective,0,majority,00dec25597397b2934fb42740994f65c50571551a5090f8e130104971b3c190f_synthetic_line_6q_spread_29,teleport
prospective,0,majority,00dec25597397b2934fb42740994f65c50571551a5090f8e130104971b3c190f_synthetic_line_6q_spread_37,teleport
prospective,0,majority,00dec25597397b2934fb42740994f65c50571551a5090f8e130104971b3c190f_synthetic_line_6q_spread_47,teleport
prospective,0,majority,00dec25597397b2934fb42740994f65c50571551a5090f8e130104971b3c190f_synthetic_ring_6q_transpiler_11,teleport
prospective,0,majority,00dec25597397b2934fb42740994f65c50571551a5090f8e130104971b3c190f_synthetic_ring_6q_transpiler_19,teleport
prospective,0,majority,00dec25597397b2934fb42740994f65c50571551a5090f8e130104971b3c190f_synthetic_ring_6q_transpiler_29,teleport
prospective,0,majority,00dec25597397b2934fb42740994f65c50571551a5090f8e130104971b3c190f_synthetic_ring_6q_transpiler_37,teleport
prospective,0,majority,00dec25597397b2934fb42740994f65c50571551a5090f8e130104971b3c190f_synthetic_ring_6q_transpiler_47,teleport
prospective,0,majority,00dec25597397b2934fb42740994f65c50571551a5090f8e130104971b3c190f_synthetic_grid_6q_transpiler_11,teleport
prospective,0,majority,00dec25597397b2934fb42740994f65c50571551a5090f8e130104971b3c190f_synthetic_grid_6q_transpiler_19,teleport
prospective,0,majority,00dec25597397b2934fb42740994f65c50571551a5090f8e130104971b3c190f_synthetic_grid_6q_transpiler_29,teleport
prospective,0,majority,00dec25597397b2934fb42740994f65c50571551a5090f8e130104971b3c190f_synthetic_grid_6q_transpiler_37,teleport
prospective,0,majority,00dec25597397b2934fb42740994f65c50571551a5090f8e130104971b3c190f_synthetic_grid_6q_transpiler_47,teleport
prospective,0,majority,00dec25597397b2934fb42740994f65c50571551a5090f8e130104971b3c190f_synthetic_heavy_hex_like_7q_transpiler_11,teleport
prospective,0,majority,00dec25597397b2934fb42740994f65c50571551a5090f8e130104971b3c190f_synthetic_heavy_hex_like_7q_transpiler_19,teleport
prospective,0,majority,00dec25597397b2934fb42740994f65c50571551a5090f8e130104971b3c190f_synthetic_heavy_hex_like_7q_transpiler_29,teleport
prospective,0,majority,00dec25597397b2934fb42740994f65c50571551a5090f8e130104971b3c190f_synthetic_heavy_hex_like_7q_transpiler_37,teleport
prospective,0,majority,00dec25597397b2934fb42740994f65c50571551a5090f8e130104971b3c190f_synthetic_heavy_hex_like_7q_transpiler_47,teleport
prospective,0,majority,00dec25597397b2934fb42740994f65c50571551a5090f8e130104971b3c190f_synthetic_irregular_7q_favorable_11,teleport
prospective,0,majority,00dec25597397b2934fb42740994f65c50571551a5090f8e130104971b3c190f_synthetic_irregular_7q_favorable_19,teleport
prospective,0,majority,00dec25597397b2934fb42740994f65c50571551a5090f8e130104971b3c190f_synthetic_irregular_7q_favorable_29,teleport
prospective,0,majority,00dec25597397b2934fb42740994f65c50571551a5090f8e130104971b3c190f_synthetic_irregular_7q_favorable_37,teleport
prospective,0,majority,00dec25597397b2934fb42740994f65c50571551a5090f8e130104971b3c190f_synthetic_irregular_7q_favorable_47,teleport
prospective,0,majority,00dec25597397b2934fb42740994f65c50571551a5090f8e130104971b3c190f_synthetic_irregular_7q_spread_11,teleport
prospective,0,majority,00dec25597397b2934fb42740994f65c50571551a5090f8e130104971b3c190f_synthetic_irregular_7q_spread_19,teleport
prospective,0,majority,00dec25597397b2934fb42740994f65c50571551a5090f8e130104971b3c190f_synthetic_irregular_7q_spread_29,teleport
prospective,0,majority,00dec25597397b2934fb42740994f65c50571551a5090f8e130104971b3c190f_synthetic_irregular_7q_spread_37,teleport
prospective,0,majority,00dec25597397b2934fb42740994f65c50571551a5090f8e130104971b3c190f_synthetic_irregular_7q_spread_47,teleport
prospective,0,majority,49f9e42949fe44e9cacc4cb550ad5cc71ba965632af7f9c8a4fd8e3384156438_synthetic_line_6q_favorable_11,teleport
prospective,0,majority,49f9e42949fe44e9cacc4cb550ad5cc71ba965632af7f9c8a4fd8e3384156438_synthetic_line_6q_favorable_19,teleport
prospective,0,majority,49f9e42949fe44e9cacc4cb550ad5cc71ba965632af7f9c8a4fd8e3384156438_synthetic_line_6q_favorable_29,teleport
prospective,0,majority,49f9e42949fe44e9cacc4cb550ad5cc71ba965632af7f9c8a4fd8e3384156438_synthetic_line_6q_favorable_37,teleport
prospective,0,majority,49f9e42949fe44e9cacc4cb550ad5cc71ba965632af7f9c8a4fd8e3384156438_synthetic_line_6q_favorable_47,teleport
prospective,0,majority,49f9e42949fe44e9cacc4cb550ad5cc71ba965632af7f9c8a4fd8e3384156438_synthetic_line_6q_spread_11,teleport
prospective,0,majority,49f9e42949fe44e9cacc4cb550ad5cc71ba965632af7f9c8a4fd8e3384156438_synthetic_line_6q_spread_19,teleport
prospective,0,majority,49f9e42949fe44e9cacc4cb550ad5cc71ba965632af7f9c8a4fd8e3384156438_synthetic_line_6q_spread_29,teleport
prospective,0,majority,49f9e42949fe44e9cacc4cb550ad5cc71ba965632af7f9c8a4fd8e3384156438_synthetic_line_6q_spread_37,teleport
prospective,0,majority,49f9e42949fe44e9cacc4cb550ad5cc71ba965632af7f9c8a4fd8e3384156438_synthetic_line_6q_spread_47,teleport
prospective,0,majority,49f9e42949fe44e9cacc4cb550ad5cc71ba965632af7f9c8a4fd8e3384156438_synthetic_ring_6q_transpiler_11,teleport
prospective,0,majority,49f9e42949fe44e9cacc4cb550ad5cc71ba965632af7f9c8a4fd8e3384156438_synthetic_ring_6q_transpiler_19,teleport
prospective,0,majority,49f9e42949fe44e9cacc4cb550ad5cc71ba965632af7f9c8a4fd8e3384156438_synthetic_ring_6q_transpiler_29,teleport
prospective,0,majority,49f9e42949fe44e9cacc4cb550ad5cc71ba965632af7f9c8a4fd8e3384156438_synthetic_ring_6q_transpiler_37,teleport
prospective,0,majority,49f9e42949fe44e9cacc4cb550ad5cc71ba965632af7f9c8a4fd8e3384156438_synthetic_ring_6q_transpiler_47,teleport
prospective,0,majority,49f9e42949fe44e9cacc4cb550ad5cc71ba965632af7f9c8a4fd8e3384156438_synthetic_grid_6q_transpiler_11,teleport
prospective,0,majority,49f9e42949fe44e9cacc4cb550ad5cc71ba965632af7f9c8a4fd8e3384156438_synthetic_grid_6q_transpiler_19,teleport
prospective,0,majority,49f9e42949fe44e9cacc4cb550ad5cc71ba965632af7f9c8a4fd8e3384156438_synthetic_grid_6q_transpiler_29,teleport
prospective,0,majority,49f9e42949fe44e9cacc4cb550ad5cc71ba965632af7f9c8a4fd8e3384156438_synthetic_grid_6q_transpiler_37,teleport
prospective,0,majority,49f9e42949fe44e9cacc4cb550ad5cc71ba965632af7f9c8a4fd8e3384156438_synthetic_grid_6q_transpiler_47,teleport
prospective,0,majority,49f9e42949fe44e9cacc4cb550ad5cc71ba965632af7f9c8a4fd8e3384156438_synthetic_heavy_hex_like_7q_transpiler_11,teleport
prospective,0,majority,49f9e42949fe44e9cacc4cb550ad5cc71ba965632af7f9c8a4fd8e3384156438_synthetic_heavy_hex_like_7q_transpiler_19,teleport
prospective,0,majority,49f9e42949fe44e9cacc4cb550ad5cc71ba965632af7f9c8a4fd8e3384156438_synthetic_heavy_hex_like_7q_transpiler_29,teleport
prospective,0,majority,49f9e42949fe44e9cacc4cb550ad5cc71ba965632af7f9c8a4fd8e3384156438_synthetic_heavy_hex_like_7q_transpiler_37,teleport
prospective,0,majority,49f9e42949fe44e9cacc4cb550ad5cc71ba965632af7f9c8a4fd8e3384156438_synthetic_heavy_hex_like_7q_transpiler_47,teleport
prospective,0,majority,49f9e42949fe44e9cacc4cb550ad5cc71ba965632af7f9c8a4fd8e3384156438_synthetic_irregular_7q_favorable_11,teleport
prospective,0,majority,49f9e42949fe44e9cacc4cb550ad5cc71ba965632af7f9c8a4fd8e3384156438_synthetic_irregular_7q_favorable_19,teleport
prospective,0,majority,49f9e42949fe44e9cacc4cb550ad5cc71ba965632af7f9c8a4fd8e3384156438_synthetic_irregular_7q_favorable_29,teleport
prospective,0,majority,49f9e42949fe44e9cacc4cb550ad5cc71ba965632af7f9c8a4fd8e3384156438_synthetic_irregular_7q_favorable_37,teleport
prospective,0,majority,49f9e42949fe44e9cacc4cb550ad5cc71ba965632af7f9c8a4fd8e3384156438_synthetic_irregular_7q_favorable_47,teleport
prospective,0,majority,49f9e42949fe44e9cacc4cb550ad5cc71ba965632af7f9c8a4fd8e3384156438_synthetic_irregular_7q_spread_11,teleport
prospective,0,majority,49f9e42949fe44e9cacc4cb550ad5cc71ba965632af7f9c8a4fd8e3384156438_synthetic_irregular_7q_spread_19,teleport
prospective,0,majority,49f9e42949fe44e9cacc4cb550ad5cc71ba965632af7f9c8a4fd8e3384156438_synthetic_irregular_7q_spread_29,teleport
prospective,0,majority,49f9e42949fe44e9cacc4cb550ad5cc71ba965632af7f9c8a4fd8e3384156438_synthetic_irregular_7q_spread_37,teleport
prospective,0,majority,49f9e42949fe44e9cacc4cb550ad5cc71ba965632af7f9c8a4fd8e3384156438_synthetic_irregular_7q_spread_47,teleport
prospective,0,majority,6a9ea95959ada3b9eb58a4396c3fc46af54caed318314ad360db449a01f90c66_synthetic_line_6q_favorable_11,teleport
prospective,0,majority,6a9ea95959ada3b9eb58a4396c3fc46af54caed318314ad360db449a01f90c66_synthetic_line_6q_favorable_19,teleport
prospective,0,majority,6a9ea95959ada3b9eb58a4396c3fc46af54caed318314ad360db449a01f90c66_synthetic_line_6q_favorable_29,teleport
prospective,0,majority,6a9ea95959ada3b9eb58a4396c3fc46af54caed318314ad360db449a01f90c66_synthetic_line_6q_favorable_37,teleport
prospective,0,majority,6a9ea95959ada3b9eb58a4396c3fc46af54caed318314ad360db449a01f90c66_synthetic_line_6q_favorable_47,teleport
prospective,0,majority,6a9ea95959ada3b9eb58a4396c3fc46af54caed318314ad360db449a01f90c66_synthetic_line_6q_spread_11,teleport
prospective,0,majority,6a9ea95959ada3b9eb58a4396c3fc46af54caed318314ad360db449a01f90c66_synthetic_line_6q_spread_19,teleport
prospective,0,majority,6a9ea95959ada3b9eb58a4396c3fc46af54caed318314ad360db449a01f90c66_synthetic_line_6q_spread_29,teleport
prospective,0,majority,6a9ea95959ada3b9eb58a4396c3fc46af54caed318314ad360db449a01f90c66_synthetic_line_6q_spread_37,teleport
prospective,0,majority,6a9ea95959ada3b9eb58a4396c3fc46af54caed318314ad360db449a01f90c66_synthetic_line_6q_spread_47,teleport
prospective,0,majority,6a9ea95959ada3b9eb58a4396c3fc46af54caed318314ad360db449a01f90c66_synthetic_ring_6q_transpiler_11,teleport
prospective,0,majority,6a9ea95959ada3b9eb58a4396c3fc46af54caed318314ad360db449a01f90c66_synthetic_ring_6q_transpiler_19,teleport
prospective,0,majority,6a9ea95959ada3b9eb58a4396c3fc46af54caed318314ad360db449a01f90c66_synthetic_ring_6q_transpiler_29,teleport
prospective,0,majority,6a9ea95959ada3b9eb58a4396c3fc46af54caed318314ad360db449a01f90c66_synthetic_ring_6q_transpiler_37,teleport
prospective,0,majority,6a9ea95959ada3b9eb58a4396c3fc46af54caed318314ad360db449a01f90c66_synthetic_ring_6q_transpiler_47,teleport
prospective,0,majority,6a9ea95959ada3b9eb58a4396c3fc46af54caed318314ad360db449a01f90c66_synthetic_grid_6q_transpiler_11,teleport
prospective,0,majority,6a9ea95959ada3b9eb58a4396c3fc46af54caed318314ad360db449a01f90c66_synthetic_grid_6q_transpiler_19,teleport
prospective,0,majority,6a9ea95959ada3b9eb58a4396c3fc46af54caed318314ad360db449a01f90c66_synthetic_grid_6q_transpiler_29,teleport
prospective,0,majority,6a9ea95959ada3b9eb58a4396c3fc46af54caed318314ad360db449a01f90c66_synthetic_grid_6q_transpiler_37,teleport
prospective,0,majority,6a9ea95959ada3b9eb58a4396c3fc46af54caed318314ad360db449a01f90c66_synthetic_grid_6q_transpiler_47,teleport
prospective,0,majority,6a9ea95959ada3b9eb58a4396c3fc46af54caed318314ad360db449a01f90c66_synthetic_heavy_hex_like_7q_transpiler_11,teleport
prospective,0,majority,6a9ea95959ada3b9eb58a4396c3fc46af54caed318314ad360db449a01f90c66_synthetic_heavy_hex_like_7q_transpiler_19,teleport
prospective,0,majority,6a9ea95959ada3b9eb58a4396c3fc46af54caed318314ad360db449a01f90c66_synthetic_heavy_hex_like_7q_transpiler_29,teleport
prospective,0,majority,6a9ea95959ada3b9eb58a4396c3fc46af54caed318314ad360db449a01f90c66_synthetic_heavy_hex_like_7q_transpiler_37,teleport
prospective,0,majority,6a9ea95959ada3b9eb58a4396c3fc46af54caed318314ad360db449a01f90c66_synthetic_heavy_hex_like_7q_transpiler_47,teleport
prospective,0,majority,6a9ea95959ada3b9eb58a4396c3fc46af54caed318314ad360db449a01f90c66_synthetic_irregular_7q_favorable_11,teleport
prospective,0,majority,6a9ea95959ada3b9eb58a4396c3fc46af54caed318314ad360db449a01f90c66_synthetic_irregular_7q_favorable_19,teleport
prospective,0,majority,6a9ea95959ada3b9eb58a4396c3fc46af54caed318314ad360db449a01f90c66_synthetic_irregular_7q_favorable_29,teleport
prospective,0,majority,6a9ea95959ada3b9eb58a4396c3fc46af54caed318314ad360db449a01f90c66_synthetic_irregular_7q_favorable_37,teleport
prospective,0,majority,6a9ea95959ada3b9eb58a4396c3fc46af54caed318314ad360db449a01f90c66_synthetic_irregular_7q_favorable_47,teleport
prospective,0,majority,6a9ea95959ada3b9eb58a4396c3fc46af54caed318314ad360db449a01f90c66_synthetic_irregular_7q_spread_11,teleport
prospective,0,majority,6a9ea95959ada3b9eb58a4396c3fc46af54caed318314ad360db449a01f90c66_synthetic_irregular_7q_spread_19,teleport
prospective,0,majority,6a9ea95959ada3b9eb58a4396c3fc46af54caed318314ad360db449a01f90c66_synthetic_irregular_7q_spread_29,teleport
prospective,0,majority,6a9ea95959ada3b9eb58a4396c3fc46af54caed318314ad360db449a01f90c66_synthetic_irregular_7q_spread_37,teleport
prospective,0,majority,6a9ea95959ada3b9eb58a4396c3fc46af54caed318314ad360db449a01f90c66_synthetic_irregular_7q_spread_47,teleport
prospective,0,majority,2b5e0ed483cc3050468f9dbe07ba775d3779a0f5f0b1d9721b5967992a9fa793_synthetic_line_6q_favorable_11,teleport
prospective,0,majority,2b5e0ed483cc3050468f9dbe07ba775d3779a0f5f0b1d9721b5967992a9fa793_synthetic_line_6q_favorable_19,teleport
prospective,0,majority,2b5e0ed483cc3050468f9dbe07ba775d3779a0f5f0b1d9721b5967992a9fa793_synthetic_line_6q_favorable_29,teleport
prospective,0,majority,2b5e0ed483cc3050468f9dbe07ba775d3779a0f5f0b1d9721b5967992a9fa793_synthetic_line_6q_favorable_37,teleport
prospective,0,majority,2b5e0ed483cc3050468f9dbe07ba775d3779a0f5f0b1d9721b5967992a9fa793_synthetic_line_6q_favorable_47,teleport
prospective,0,majority,2b5e0ed483cc3050468f9dbe07ba775d3779a0f5f0b1d9721b5967992a9fa793_synthetic_line_6q_spread_11,teleport
prospective,0,majority,2b5e0ed483cc3050468f9dbe07ba775d3779a0f5f0b1d9721b5967992a9fa793_synthetic_line_6q_spread_19,teleport
prospective,0,majority,2b5e0ed483cc3050468f9dbe07ba775d3779a0f5f0b1d9721b5967992a9fa793_synthetic_line_6q_spread_29,teleport
prospective,0,majority,2b5e0ed483cc3050468f9dbe07ba775d3779a0f5f0b1d9721b5967992a9fa793_synthetic_line_6q_spread_37,teleport
prospective,0,majority,2b5e0ed483cc3050468f9dbe07ba775d3779a0f5f0b1d9721b5967992a9fa793_synthetic_line_6q_spread_47,teleport
prospective,0,majority,2b5e0ed483cc3050468f9dbe07ba775d3779a0f5f0b1d9721b5967992a9fa793_synthetic_ring_6q_transpiler_11,teleport
prospective,0,majority,2b5e0ed483cc3050468f9dbe07ba775d3779a0f5f0b1d9721b5967992a9fa793_synthetic_ring_6q_transpiler_19,teleport
prospective,0,majority,2b5e0ed483cc3050468f9dbe07ba775d3779a0f5f0b1d9721b5967992a9fa793_synthetic_ring_6q_transpiler_29,teleport
prospective,0,majority,2b5e0ed483cc3050468f9dbe07ba775d3779a0f5f0b1d9721b5967992a9fa793_synthetic_ring_6q_transpiler_37,teleport
prospective,0,majority,2b5e0ed483cc3050468f9dbe07ba775d3779a0f5f0b1d9721b5967992a9fa793_synthetic_ring_6q_transpiler_47,teleport
prospective,0,majority,2b5e0ed483cc3050468f9dbe07ba775d3779a0f5f0b1d9721b5967992a9fa793_synthetic_grid_6q_transpiler_11,teleport
prospective,0,majority,2b5e0ed483cc3050468f9dbe07ba775d3779a0f5f0b1d9721b5967992a9fa793_synthetic_grid_6q_transpiler_19,teleport
prospective,0,majority,2b5e0ed483cc3050468f9dbe07ba775d3779a0f5f0b1d9721b5967992a9fa793_synthetic_grid_6q_transpiler_29,teleport
prospective,0,majority,2b5e0ed483cc3050468f9dbe07ba775d3779a0f5f0b1d9721b5967992a9fa793_synthetic_grid_6q_transpiler_37,teleport
prospective,0,majority,2b5e0ed483cc3050468f9dbe07ba775d3779a0f5f0b1d9721b5967992a9fa793_synthetic_grid_6q_transpiler_47,teleport
prospective,0,majority,2b5e0ed483cc3050468f9dbe07ba775d3779a0f5f0b1d9721b5967992a9fa793_synthetic_heavy_hex_like_7q_transpiler_11,teleport
prospective,0,majority,2b5e0ed483cc3050468f9dbe07ba775d3779a0f5f0b1d9721b5967992a9fa793_synthetic_heavy_hex_like_7q_transpiler_19,teleport
prospective,0,majority,2b5e0ed483cc3050468f9dbe07ba775d3779a0f5f0b1d9721b5967992a9fa793_synthetic_heavy_hex_like_7q_transpiler_29,teleport
prospective,0,majority,2b5e0ed483cc3050468f9dbe07ba775d3779a0f5f0b1d9721b5967992a9fa793_synthetic_heavy_hex_like_7q_transpiler_37,teleport
prospective,0,majority,2b5e0ed483cc3050468f9dbe07ba775d3779a0f5f0b1d9721b5967992a9fa793_synthetic_heavy_hex_like_7q_transpiler_47,teleport
prospective,0,majority,2b5e0ed483cc3050468f9dbe07ba775d3779a0f5f0b1d9721b5967992a9fa793_synthetic_irregular_7q_favorable_11,teleport
prospective,0,majority,2b5e0ed483cc3050468f9dbe07ba775d3779a0f5f0b1d9721b5967992a9fa793_synthetic_irregular_7q_favorable_19,teleport
prospective,0,majority,2b5e0ed483cc3050468f9dbe07ba775d3779a0f5f0b1d9721b5967992a9fa793_synthetic_irregular_7q_favorable_29,teleport
prospective,0,majority,2b5e0ed483cc3050468f9dbe07ba775d3779a0f5f0b1d9721b5967992a9fa793_synthetic_irregular_7q_favorable_37,teleport
prospective,0,majority,2b5e0ed483cc3050468f9dbe07ba775d3779a0f5f0b1d9721b5967992a9fa793_synthetic_irregular_7q_favorable_47,teleport
prospective,0,majority,2b5e0ed483cc3050468f9dbe07ba775d3779a0f5f0b1d9721b5967992a9fa793_synthetic_irregular_7q_spread_11,teleport
prospective,0,majority,2b5e0ed483cc3050468f9dbe07ba775d3779a0f5f0b1d9721b5967992a9fa793_synthetic_irregular_7q_spread_19,teleport
prospective,0,majority,2b5e0ed483cc3050468f9dbe07ba775d3779a0f5f0b1d9721b5967992a9fa793_synthetic_irregular_7q_spread_29,teleport
prospective,0,majority,2b5e0ed483cc3050468f9dbe07ba775d3779a0f5f0b1d9721b5967992a9fa793_synthetic_irregular_7q_spread_37,teleport
prospective,0,majority,2b5e0ed483cc3050468f9dbe07ba775d3779a0f5f0b1d9721b5967992a9fa793_synthetic_irregular_7q_spread_47,teleport
prospective,0,majority,8e4246a80f37dc867d0cfe5b703c5e97fe1bd50168e294b8649e2eadb63771f1_synthetic_line_6q_favorable_11,teleport
prospective,0,majority,8e4246a80f37dc867d0cfe5b703c5e97fe1bd50168e294b8649e2eadb63771f1_synthetic_line_6q_favorable_19,teleport
prospective,0,majority,8e4246a80f37dc867d0cfe5b703c5e97fe1bd50168e294b8649e2eadb63771f1_synthetic_line_6q_favorable_29,teleport
prospective,0,majority,8e4246a80f37dc867d0cfe5b703c5e97fe1bd50168e294b8649e2eadb63771f1_synthetic_line_6q_favorable_37,teleport
prospective,0,majority,8e4246a80f37dc867d0cfe5b703c5e97fe1bd50168e294b8649e2eadb63771f1_synthetic_line_6q_favorable_47,teleport
prospective,0,majority,8e4246a80f37dc867d0cfe5b703c5e97fe1bd50168e294b8649e2eadb63771f1_synthetic_line_6q_spread_11,teleport
prospective,0,majority,8e4246a80f37dc867d0cfe5b703c5e97fe1bd50168e294b8649e2eadb63771f1_synthetic_line_6q_spread_19,teleport
prospective,0,majority,8e4246a80f37dc867d0cfe5b703c5e97fe1bd50168e294b8649e2eadb63771f1_synthetic_line_6q_spread_29,teleport
prospective,0,majority,8e4246a80f37dc867d0cfe5b703c5e97fe1bd50168e294b8649e2eadb63771f1_synthetic_line_6q_spread_37,teleport
prospective,0,majority,8e4246a80f37dc867d0cfe5b703c5e97fe1bd50168e294b8649e2eadb63771f1_synthetic_line_6q_spread_47,teleport
prospective,0,majority,8e4246a80f37dc867d0cfe5b703c5e97fe1bd50168e294b8649e2eadb63771f1_synthetic_ring_6q_transpiler_11,teleport
prospective,0,majority,8e4246a80f37dc867d0cfe5b703c5e97fe1bd50168e294b8649e2eadb63771f1_synthetic_ring_6q_transpiler_19,teleport
prospective,0,majority,8e4246a80f37dc867d0cfe5b703c5e97fe1bd50168e294b8649e2eadb63771f1_synthetic_ring_6q_transpiler_29,teleport
prospective,0,majority,8e4246a80f37dc867d0cfe5b703c5e97fe1bd50168e294b8649e2eadb63771f1_synthetic_ring_6q_transpiler_37,teleport
prospective,0,majority,8e4246a80f37dc867d0cfe5b703c5e97fe1bd50168e294b8649e2eadb63771f1_synthetic_ring_6q_transpiler_47,teleport
prospective,0,majority,8e4246a80f37dc867d0cfe5b703c5e97fe1bd50168e294b8649e2eadb63771f1_synthetic_grid_6q_transpiler_11,teleport
prospective,0,majority,8e4246a80f37dc867d0cfe5b703c5e97fe1bd50168e294b8649e2eadb63771f1_synthetic_grid_6q_transpiler_19,teleport
prospective,0,majority,8e4246a80f37dc867d0cfe5b703c5e97fe1bd50168e294b8649e2eadb63771f1_synthetic_grid_6q_transpiler_29,teleport
prospective,0,majority,8e4246a80f37dc867d0cfe5b703c5e97fe1bd50168e294b8649e2eadb63771f1_synthetic_grid_6q_transpiler_37,teleport
prospective,0,majority,8e4246a80f37dc867d0cfe5b703c5e97fe1bd50168e294b8649e2eadb63771f1_synthetic_grid_6q_transpiler_47,teleport
prospective,0,majority,8e4246a80f37dc867d0cfe5b703c5e97fe1bd50168e294b8649e2eadb63771f1_synthetic_heavy_hex_like_7q_transpiler_11,teleport
prospective,0,majority,8e4246a80f37dc867d0cfe5b703c5e97fe1bd50168e294b8649e2eadb63771f1_synthetic_heavy_hex_like_7q_transpiler_19,teleport
prospective,0,majority,8e4246a80f37dc867d0cfe5b703c5e97fe1bd50168e294b8649e2eadb63771f1_synthetic_heavy_hex_like_7q_transpiler_29,teleport
prospective,0,majority,8e4246a80f37dc867d0cfe5b703c5e97fe1bd50168e294b8649e2eadb63771f1_synthetic_heavy_hex_like_7q_transpiler_37,teleport
prospective,0,majority,8e4246a80f37dc867d0cfe5b703c5e97fe1bd50168e294b8649e2eadb63771f1_synthetic_heavy_hex_like_7q_transpiler_47,teleport
prospective,0,majority,8e4246a80f37dc867d0cfe5b703c5e97fe1bd50168e294b8649e2eadb63771f1_synthetic_irregular_7q_favorable_11,teleport
prospective,0,majority,8e4246a80f37dc867d0cfe5b703c5e97fe1bd50168e294b8649e2eadb63771f1_synthetic_irregular_7q_favorable_19,teleport
prospective,0,majority,8e4246a80f37dc867d0cfe5b703c5e97fe1bd50168e294b8649e2eadb63771f1_synthetic_irregular_7q_favorable_29,teleport
prospective,0,majority,8e4246a80f37dc867d0cfe5b703c5e97fe1bd50168e294b8649e2eadb63771f1_synthetic_irregular_7q_favorable_37,teleport
prospective,0,majority,8e4246a80f37dc867d0cfe5b703c5e97fe1bd50168e294b8649e2eadb63771f1_synthetic_irregular_7q_favorable_47,teleport
prospective,0,majority,8e4246a80f37dc867d0cfe5b703c5e97fe1bd50168e294b8649e2eadb63771f1_synthetic_irregular_7q_spread_11,teleport
prospective,0,majority,8e4246a80f37dc867d0cfe5b703c5e97fe1bd50168e294b8649e2eadb63771f1_synthetic_irregular_7q_spread_19,teleport
prospective,0,majority,8e4246a80f37dc867d0cfe5b703c5e97fe1bd50168e294b8649e2eadb63771f1_synthetic_irregular_7q_spread_29,teleport
prospective,0,majority,8e4246a80f37dc867d0cfe5b703c5e97fe1bd50168e294b8649e2eadb63771f1_synthetic_irregular_7q_spread_37,teleport
prospective,0,majority,8e4246a80f37dc867d0cfe5b703c5e97fe1bd50168e294b8649e2eadb63771f1_synthetic_irregular_7q_spread_47,teleport
prospective,0,majority,4578146e16dfcf0a3a55a1b3fea16f778ac944886bf5b33e90f7dc227bfcd90d_synthetic_line_6q_favorable_11,teleport
prospective,0,majority,4578146e16dfcf0a3a55a1b3fea16f778ac944886bf5b33e90f7dc227bfcd90d_synthetic_line_6q_favorable_19,teleport
prospective,0,majority,4578146e16dfcf0a3a55a1b3fea16f778ac944886bf5b33e90f7dc227bfcd90d_synthetic_line_6q_favorable_29,teleport
prospective,0,majority,4578146e16dfcf0a3a55a1b3fea16f778ac944886bf5b33e90f7dc227bfcd90d_synthetic_line_6q_favorable_37,teleport
prospective,0,majority,4578146e16dfcf0a3a55a1b3fea16f778ac944886bf5b33e90f7dc227bfcd90d_synthetic_line_6q_favorable_47,teleport
prospective,0,majority,4578146e16dfcf0a3a55a1b3fea16f778ac944886bf5b33e90f7dc227bfcd90d_synthetic_line_6q_spread_11,teleport
prospective,0,majority,4578146e16dfcf0a3a55a1b3fea16f778ac944886bf5b33e90f7dc227bfcd90d_synthetic_line_6q_spread_19,teleport
prospective,0,majority,4578146e16dfcf0a3a55a1b3fea16f778ac944886bf5b33e90f7dc227bfcd90d_synthetic_line_6q_spread_29,teleport
prospective,0,majority,4578146e16dfcf0a3a55a1b3fea16f778ac944886bf5b33e90f7dc227bfcd90d_synthetic_line_6q_spread_37,teleport
prospective,0,majority,4578146e16dfcf0a3a55a1b3fea16f778ac944886bf5b33e90f7dc227bfcd90d_synthetic_line_6q_spread_47,teleport
prospective,0,majority,4578146e16dfcf0a3a55a1b3fea16f778ac944886bf5b33e90f7dc227bfcd90d_synthetic_ring_6q_transpiler_11,teleport
prospective,0,majority,4578146e16dfcf0a3a55a1b3fea16f778ac944886bf5b33e90f7dc227bfcd90d_synthetic_ring_6q_transpiler_19,teleport
prospective,0,majority,4578146e16dfcf0a3a55a1b3fea16f778ac944886bf5b33e90f7dc227bfcd90d_synthetic_ring_6q_transpiler_29,teleport
prospective,0,majority,4578146e16dfcf0a3a55a1b3fea16f778ac944886bf5b33e90f7dc227bfcd90d_synthetic_ring_6q_transpiler_37,teleport
prospective,0,majority,4578146e16dfcf0a3a55a1b3fea16f778ac944886bf5b33e90f7dc227bfcd90d_synthetic_ring_6q_transpiler_47,teleport
prospective,0,majority,4578146e16dfcf0a3a55a1b3fea16f778ac944886bf5b33e90f7dc227bfcd90d_synthetic_grid_6q_transpiler_11,teleport
prospective,0,majority,4578146e16dfcf0a3a55a1b3fea16f778ac944886bf5b33e90f7dc227bfcd90d_synthetic_grid_6q_transpiler_19,teleport
prospective,0,majority,4578146e16dfcf0a3a55a1b3fea16f778ac944886bf5b33e90f7dc227bfcd90d_synthetic_grid_6q_transpiler_29,teleport
prospective,0,majority,4578146e16dfcf0a3a55a1b3fea16f778ac944886bf5b33e90f7dc227bfcd90d_synthetic_grid_6q_transpiler_37,teleport
prospective,0,majority,4578146e16dfcf0a3a55a1b3fea16f778ac944886bf5b33e90f7dc227bfcd90d_synthetic_grid_6q_transpiler_47,teleport
prospective,0,majority,4578146e16dfcf0a3a55a1b3fea16f778ac944886bf5b33e90f7dc227bfcd90d_synthetic_heavy_hex_like_7q_transpiler_11,teleport
prospective,0,majority,4578146e16dfcf0a3a55a1b3fea16f778ac944886bf5b33e90f7dc227bfcd90d_synthetic_heavy_hex_like_7q_transpiler_19,teleport
prospective,0,majority,4578146e16dfcf0a3a55a1b3fea16f778ac944886bf5b33e90f7dc227bfcd90d_synthetic_heavy_hex_like_7q_transpiler_29,teleport
prospective,0,majority,4578146e16dfcf0a3a55a1b3fea16f778ac944886bf5b33e90f7dc227bfcd90d_synthetic_heavy_hex_like_7q_transpiler_37,teleport
prospective,0,majority,4578146e16dfcf0a3a55a1b3fea16f778ac944886bf5b33e90f7dc227bfcd90d_synthetic_heavy_hex_like_7q_transpiler_47,teleport
prospective,0,majority,4578146e16dfcf0a3a55a1b3fea16f778ac944886bf5b33e90f7dc227bfcd90d_synthetic_irregular_7q_favorable_11,teleport
prospective,0,majority,4578146e16dfcf0a3a55a1b3fea16f778ac944886bf5b33e90f7dc227bfcd90d_synthetic_irregular_7q_favorable_19,teleport
prospective,0,majority,4578146e16dfcf0a3a55a1b3fea16f778ac944886bf5b33e90f7dc227bfcd90d_synthetic_irregular_7q_favorable_29,teleport
prospective,0,majority,4578146e16dfcf0a3a55a1b3fea16f778ac944886bf5b33e90f7dc227bfcd90d_synthetic_irregular_7q_favorable_37,teleport
prospective,0,majority,4578146e16dfcf0a3a55a1b3fea16f778ac944886bf5b33e90f7dc227bfcd90d_synthetic_irregular_7q_favorable_47,teleport
prospective,0,majority,4578146e16dfcf0a3a55a1b3fea16f778ac944886bf5b33e90f7dc227bfcd90d_synthetic_irregular_7q_spread_11,teleport
prospective,0,majority,4578146e16dfcf0a3a55a1b3fea16f778ac944886bf5b33e90f7dc227bfcd90d_synthetic_irregular_7q_spread_19,teleport
prospective,0,majority,4578146e16dfcf0a3a55a1b3fea16f778ac944886bf5b33e90f7dc227bfcd90d_synthetic_irregular_7q_spread_29,teleport
prospective,0,majority,4578146e16dfcf0a3a55a1b3fea16f778ac944886bf5b33e90f7dc227bfcd90d_synthetic_irregular_7q_spread_37,teleport
prospective,0,majority,4578146e16dfcf0a3a55a1b3fea16f778ac944886bf5b33e90f7dc227bfcd90d_synthetic_irregular_7q_spread_47,teleport
prospective,0,majority,b75cbf89649a5d40ee4400d372e6cf3e16e5c828229f394ddf0f65442c3f44a5_synthetic_line_8q_favorable_11,teleport
prospective,0,majority,b75cbf89649a5d40ee4400d372e6cf3e16e5c828229f394ddf0f65442c3f44a5_synthetic_line_8q_favorable_19,teleport
prospective,0,majority,b75cbf89649a5d40ee4400d372e6cf3e16e5c828229f394ddf0f65442c3f44a5_synthetic_line_8q_favorable_29,teleport
prospective,0,majority,b75cbf89649a5d40ee4400d372e6cf3e16e5c828229f394ddf0f65442c3f44a5_synthetic_line_8q_favorable_37,teleport
prospective,0,majority,b75cbf89649a5d40ee4400d372e6cf3e16e5c828229f394ddf0f65442c3f44a5_synthetic_line_8q_favorable_47,teleport
prospective,0,majority,b75cbf89649a5d40ee4400d372e6cf3e16e5c828229f394ddf0f65442c3f44a5_synthetic_line_8q_spread_11,teleport
prospective,0,majority,b75cbf89649a5d40ee4400d372e6cf3e16e5c828229f394ddf0f65442c3f44a5_synthetic_line_8q_spread_19,teleport
prospective,0,majority,b75cbf89649a5d40ee4400d372e6cf3e16e5c828229f394ddf0f65442c3f44a5_synthetic_line_8q_spread_29,teleport
prospective,0,majority,b75cbf89649a5d40ee4400d372e6cf3e16e5c828229f394ddf0f65442c3f44a5_synthetic_line_8q_spread_37,teleport
prospective,0,majority,b75cbf89649a5d40ee4400d372e6cf3e16e5c828229f394ddf0f65442c3f44a5_synthetic_line_8q_spread_47,teleport
prospective,0,majority,b75cbf89649a5d40ee4400d372e6cf3e16e5c828229f394ddf0f65442c3f44a5_synthetic_ring_8q_transpiler_11,teleport
prospective,0,majority,b75cbf89649a5d40ee4400d372e6cf3e16e5c828229f394ddf0f65442c3f44a5_synthetic_ring_8q_transpiler_19,teleport
prospective,0,majority,b75cbf89649a5d40ee4400d372e6cf3e16e5c828229f394ddf0f65442c3f44a5_synthetic_ring_8q_transpiler_29,teleport
prospective,0,majority,b75cbf89649a5d40ee4400d372e6cf3e16e5c828229f394ddf0f65442c3f44a5_synthetic_ring_8q_transpiler_37,teleport
prospective,0,majority,b75cbf89649a5d40ee4400d372e6cf3e16e5c828229f394ddf0f65442c3f44a5_synthetic_ring_8q_transpiler_47,teleport
prospective,0,majority,b75cbf89649a5d40ee4400d372e6cf3e16e5c828229f394ddf0f65442c3f44a5_synthetic_grid_8q_transpiler_11,teleport
prospective,0,majority,b75cbf89649a5d40ee4400d372e6cf3e16e5c828229f394ddf0f65442c3f44a5_synthetic_grid_8q_transpiler_19,teleport
prospective,0,majority,b75cbf89649a5d40ee4400d372e6cf3e16e5c828229f394ddf0f65442c3f44a5_synthetic_grid_8q_transpiler_29,teleport
prospective,0,majority,b75cbf89649a5d40ee4400d372e6cf3e16e5c828229f394ddf0f65442c3f44a5_synthetic_grid_8q_transpiler_37,teleport
prospective,0,majority,b75cbf89649a5d40ee4400d372e6cf3e16e5c828229f394ddf0f65442c3f44a5_synthetic_grid_8q_transpiler_47,teleport
prospective,0,majority,b75cbf89649a5d40ee4400d372e6cf3e16e5c828229f394ddf0f65442c3f44a5_synthetic_heavy_hex_like_8q_transpiler_11,teleport
prospective,0,majority,b75cbf89649a5d40ee4400d372e6cf3e16e5c828229f394ddf0f65442c3f44a5_synthetic_heavy_hex_like_8q_transpiler_19,teleport
prospective,0,majority,b75cbf89649a5d40ee4400d372e6cf3e16e5c828229f394ddf0f65442c3f44a5_synthetic_heavy_hex_like_8q_transpiler_29,teleport
prospective,0,majority,b75cbf89649a5d40ee4400d372e6cf3e16e5c828229f394ddf0f65442c3f44a5_synthetic_heavy_hex_like_8q_transpiler_37,teleport
prospective,0,majority,b75cbf89649a5d40ee4400d372e6cf3e16e5c828229f394ddf0f65442c3f44a5_synthetic_heavy_hex_like_8q_transpiler_47,teleport
prospective,0,majority,b75cbf89649a5d40ee4400d372e6cf3e16e5c828229f394ddf0f65442c3f44a5_synthetic_irregular_8q_favorable_11,teleport
prospective,0,majority,b75cbf89649a5d40ee4400d372e6cf3e16e5c828229f394ddf0f65442c3f44a5_synthetic_irregular_8q_favorable_19,teleport
prospective,0,majority,b75cbf89649a5d40ee4400d372e6cf3e16e5c828229f394ddf0f65442c3f44a5_synthetic_irregular_8q_favorable_29,teleport
prospective,0,majority,b75cbf89649a5d40ee4400d372e6cf3e16e5c828229f394ddf0f65442c3f44a5_synthetic_irregular_8q_favorable_37,teleport
prospective,0,majority,b75cbf89649a5d40ee4400d372e6cf3e16e5c828229f394ddf0f65442c3f44a5_synthetic_irregular_8q_favorable_47,teleport
prospective,0,majority,b75cbf89649a5d40ee4400d372e6cf3e16e5c828229f394ddf0f65442c3f44a5_synthetic_irregular_8q_spread_11,teleport
prospective,0,majority,b75cbf89649a5d40ee4400d372e6cf3e16e5c828229f394ddf0f65442c3f44a5_synthetic_irregular_8q_spread_19,teleport
prospective,0,majority,b75cbf89649a5d40ee4400d372e6cf3e16e5c828229f394ddf0f65442c3f44a5_synthetic_irregular_8q_spread_29,teleport
prospective,0,majority,b75cbf89649a5d40ee4400d372e6cf3e16e5c828229f394ddf0f65442c3f44a5_synthetic_irregular_8q_spread_37,teleport
prospective,0,majority,b75cbf89649a5d40ee4400d372e6cf3e16e5c828229f394ddf0f65442c3f44a5_synthetic_irregular_8q_spread_47,teleport
prospective,0,majority,d338eb773a8d9b65affd729028e23e9f24e361c2bc1272505190220bc634f90b_synthetic_line_8q_favorable_11,teleport
prospective,0,majority,d338eb773a8d9b65affd729028e23e9f24e361c2bc1272505190220bc634f90b_synthetic_line_8q_favorable_19,teleport
prospective,0,majority,d338eb773a8d9b65affd729028e23e9f24e361c2bc1272505190220bc634f90b_synthetic_line_8q_favorable_29,teleport
prospective,0,majority,d338eb773a8d9b65affd729028e23e9f24e361c2bc1272505190220bc634f90b_synthetic_line_8q_favorable_37,teleport
prospective,0,majority,d338eb773a8d9b65affd729028e23e9f24e361c2bc1272505190220bc634f90b_synthetic_line_8q_favorable_47,teleport
prospective,0,majority,d338eb773a8d9b65affd729028e23e9f24e361c2bc1272505190220bc634f90b_synthetic_line_8q_spread_11,teleport
prospective,0,majority,d338eb773a8d9b65affd729028e23e9f24e361c2bc1272505190220bc634f90b_synthetic_line_8q_spread_19,teleport
prospective,0,majority,d338eb773a8d9b65affd729028e23e9f24e361c2bc1272505190220bc634f90b_synthetic_line_8q_spread_29,teleport
prospective,0,majority,d338eb773a8d9b65affd729028e23e9f24e361c2bc1272505190220bc634f90b_synthetic_line_8q_spread_37,teleport
prospective,0,majority,d338eb773a8d9b65affd729028e23e9f24e361c2bc1272505190220bc634f90b_synthetic_line_8q_spread_47,teleport
prospective,0,majority,d338eb773a8d9b65affd729028e23e9f24e361c2bc1272505190220bc634f90b_synthetic_ring_8q_transpiler_11,teleport
prospective,0,majority,d338eb773a8d9b65affd729028e23e9f24e361c2bc1272505190220bc634f90b_synthetic_ring_8q_transpiler_19,teleport
prospective,0,majority,d338eb773a8d9b65affd729028e23e9f24e361c2bc1272505190220bc634f90b_synthetic_ring_8q_transpiler_29,teleport
prospective,0,majority,d338eb773a8d9b65affd729028e23e9f24e361c2bc1272505190220bc634f90b_synthetic_ring_8q_transpiler_37,teleport
prospective,0,majority,d338eb773a8d9b65affd729028e23e9f24e361c2bc1272505190220bc634f90b_synthetic_ring_8q_transpiler_47,teleport
prospective,0,majority,d338eb773a8d9b65affd729028e23e9f24e361c2bc1272505190220bc634f90b_synthetic_grid_8q_transpiler_11,teleport
prospective,0,majority,d338eb773a8d9b65affd729028e23e9f24e361c2bc1272505190220bc634f90b_synthetic_grid_8q_transpiler_19,teleport
prospective,0,majority,d338eb773a8d9b65affd729028e23e9f24e361c2bc1272505190220bc634f90b_synthetic_grid_8q_transpiler_29,teleport
prospective,0,majority,d338eb773a8d9b65affd729028e23e9f24e361c2bc1272505190220bc634f90b_synthetic_grid_8q_transpiler_37,teleport
prospective,0,majority,d338eb773a8d9b65affd729028e23e9f24e361c2bc1272505190220bc634f90b_synthetic_grid_8q_transpiler_47,teleport
prospective,0,majority,d338eb773a8d9b65affd729028e23e9f24e361c2bc1272505190220bc634f90b_synthetic_heavy_hex_like_8q_transpiler_11,teleport
prospective,0,majority,d338eb773a8d9b65affd729028e23e9f24e361c2bc1272505190220bc634f90b_synthetic_heavy_hex_like_8q_transpiler_19,teleport
prospective,0,majority,d338eb773a8d9b65affd729028e23e9f24e361c2bc1272505190220bc634f90b_synthetic_heavy_hex_like_8q_transpiler_29,teleport
prospective,0,majority,d338eb773a8d9b65affd729028e23e9f24e361c2bc1272505190220bc634f90b_synthetic_heavy_hex_like_8q_transpiler_37,teleport
prospective,0,majority,d338eb773a8d9b65affd729028e23e9f24e361c2bc1272505190220bc634f90b_synthetic_heavy_hex_like_8q_transpiler_47,teleport
prospective,0,majority,d338eb773a8d9b65affd729028e23e9f24e361c2bc1272505190220bc634f90b_synthetic_irregular_8q_favorable_11,teleport
prospective,0,majority,d338eb773a8d9b65affd729028e23e9f24e361c2bc1272505190220bc634f90b_synthetic_irregular_8q_favorable_19,teleport
prospective,0,majority,d338eb773a8d9b65affd729028e23e9f24e361c2bc1272505190220bc634f90b_synthetic_irregular_8q_favorable_29,teleport
prospective,0,majority,d338eb773a8d9b65affd729028e23e9f24e361c2bc1272505190220bc634f90b_synthetic_irregular_8q_favorable_37,teleport
prospective,0,majority,d338eb773a8d9b65affd729028e23e9f24e361c2bc1272505190220bc634f90b_synthetic_irregular_8q_favorable_47,teleport
prospective,0,majority,d338eb773a8d9b65affd729028e23e9f24e361c2bc1272505190220bc634f90b_synthetic_irregular_8q_spread_11,teleport
prospective,0,majority,d338eb773a8d9b65affd729028e23e9f24e361c2bc1272505190220bc634f90b_synthetic_irregular_8q_spread_19,teleport
prospective,0,majority,d338eb773a8d9b65affd729028e23e9f24e361c2bc1272505190220bc634f90b_synthetic_irregular_8q_spread_29,teleport
prospective,0,majority,d338eb773a8d9b65affd729028e23e9f24e361c2bc1272505190220bc634f90b_synthetic_irregular_8q_spread_37,teleport
prospective,0,majority,d338eb773a8d9b65affd729028e23e9f24e361c2bc1272505190220bc634f90b_synthetic_irregular_8q_spread_47,teleport
prospective,0,majority,7e51cc13b595a2c405f4e95cc42eb66be8187f7e9b2846e1655f0c93c77108c8_synthetic_line_8q_favorable_11,teleport
prospective,0,majority,7e51cc13b595a2c405f4e95cc42eb66be8187f7e9b2846e1655f0c93c77108c8_synthetic_line_8q_favorable_19,teleport
prospective,0,majority,7e51cc13b595a2c405f4e95cc42eb66be8187f7e9b2846e1655f0c93c77108c8_synthetic_line_8q_favorable_29,teleport
prospective,0,majority,7e51cc13b595a2c405f4e95cc42eb66be8187f7e9b2846e1655f0c93c77108c8_synthetic_line_8q_favorable_37,teleport
prospective,0,majority,7e51cc13b595a2c405f4e95cc42eb66be8187f7e9b2846e1655f0c93c77108c8_synthetic_line_8q_favorable_47,teleport
prospective,0,majority,7e51cc13b595a2c405f4e95cc42eb66be8187f7e9b2846e1655f0c93c77108c8_synthetic_line_8q_spread_11,teleport
prospective,0,majority,7e51cc13b595a2c405f4e95cc42eb66be8187f7e9b2846e1655f0c93c77108c8_synthetic_line_8q_spread_19,teleport
prospective,0,majority,7e51cc13b595a2c405f4e95cc42eb66be8187f7e9b2846e1655f0c93c77108c8_synthetic_line_8q_spread_29,teleport
prospective,0,majority,7e51cc13b595a2c405f4e95cc42eb66be8187f7e9b2846e1655f0c93c77108c8_synthetic_line_8q_spread_37,teleport
prospective,0,majority,7e51cc13b595a2c405f4e95cc42eb66be8187f7e9b2846e1655f0c93c77108c8_synthetic_line_8q_spread_47,teleport
prospective,0,majority,7e51cc13b595a2c405f4e95cc42eb66be8187f7e9b2846e1655f0c93c77108c8_synthetic_ring_8q_transpiler_11,teleport
prospective,0,majority,7e51cc13b595a2c405f4e95cc42eb66be8187f7e9b2846e1655f0c93c77108c8_synthetic_ring_8q_transpiler_19,teleport
prospective,0,majority,7e51cc13b595a2c405f4e95cc42eb66be8187f7e9b2846e1655f0c93c77108c8_synthetic_ring_8q_transpiler_29,teleport
prospective,0,majority,7e51cc13b595a2c405f4e95cc42eb66be8187f7e9b2846e1655f0c93c77108c8_synthetic_ring_8q_transpiler_37,teleport
prospective,0,majority,7e51cc13b595a2c405f4e95cc42eb66be8187f7e9b2846e1655f0c93c77108c8_synthetic_ring_8q_transpiler_47,teleport
prospective,0,majority,7e51cc13b595a2c405f4e95cc42eb66be8187f7e9b2846e1655f0c93c77108c8_synthetic_grid_8q_transpiler_11,teleport
prospective,0,majority,7e51cc13b595a2c405f4e95cc42eb66be8187f7e9b2846e1655f0c93c77108c8_synthetic_grid_8q_transpiler_19,teleport
prospective,0,majority,7e51cc13b595a2c405f4e95cc42eb66be8187f7e9b2846e1655f0c93c77108c8_synthetic_grid_8q_transpiler_29,teleport
prospective,0,majority,7e51cc13b595a2c405f4e95cc42eb66be8187f7e9b2846e1655f0c93c77108c8_synthetic_grid_8q_transpiler_37,teleport
prospective,0,majority,7e51cc13b595a2c405f4e95cc42eb66be8187f7e9b2846e1655f0c93c77108c8_synthetic_grid_8q_transpiler_47,teleport
prospective,0,majority,7e51cc13b595a2c405f4e95cc42eb66be8187f7e9b2846e1655f0c93c77108c8_synthetic_heavy_hex_like_8q_transpiler_11,teleport
prospective,0,majority,7e51cc13b595a2c405f4e95cc42eb66be8187f7e9b2846e1655f0c93c77108c8_synthetic_heavy_hex_like_8q_transpiler_19,teleport
prospective,0,majority,7e51cc13b595a2c405f4e95cc42eb66be8187f7e9b2846e1655f0c93c77108c8_synthetic_heavy_hex_like_8q_transpiler_29,teleport
prospective,0,majority,7e51cc13b595a2c405f4e95cc42eb66be8187f7e9b2846e1655f0c93c77108c8_synthetic_heavy_hex_like_8q_transpiler_37,teleport
prospective,0,majority,7e51cc13b595a2c405f4e95cc42eb66be8187f7e9b2846e1655f0c93c77108c8_synthetic_heavy_hex_like_8q_transpiler_47,teleport
prospective,0,majority,7e51cc13b595a2c405f4e95cc42eb66be8187f7e9b2846e1655f0c93c77108c8_synthetic_irregular_8q_favorable_11,teleport
prospective,0,majority,7e51cc13b595a2c405f4e95cc42eb66be8187f7e9b2846e1655f0c93c77108c8_synthetic_irregular_8q_favorable_19,teleport
prospective,0,majority,7e51cc13b595a2c405f4e95cc42eb66be8187f7e9b2846e1655f0c93c77108c8_synthetic_irregular_8q_favorable_29,teleport
prospective,0,majority,7e51cc13b595a2c405f4e95cc42eb66be8187f7e9b2846e1655f0c93c77108c8_synthetic_irregular_8q_favorable_37,teleport
prospective,0,majority,7e51cc13b595a2c405f4e95cc42eb66be8187f7e9b2846e1655f0c93c77108c8_synthetic_irregular_8q_favorable_47,teleport
prospective,0,majority,7e51cc13b595a2c405f4e95cc42eb66be8187f7e9b2846e1655f0c93c77108c8_synthetic_irregular_8q_spread_11,teleport
prospective,0,majority,7e51cc13b595a2c405f4e95cc42eb66be8187f7e9b2846e1655f0c93c77108c8_synthetic_irregular_8q_spread_19,teleport
prospective,0,majority,7e51cc13b595a2c405f4e95cc42eb66be8187f7e9b2846e1655f0c93c77108c8_synthetic_irregular_8q_spread_29,teleport
prospective,0,majority,7e51cc13b595a2c405f4e95cc42eb66be8187f7e9b2846e1655f0c93c77108c8_synthetic_irregular_8q_spread_37,teleport
prospective,0,majority,7e51cc13b595a2c405f4e95cc42eb66be8187f7e9b2846e1655f0c93c77108c8_synthetic_irregular_8q_spread_47,teleport
prospective,0,frozen_rule,00dec25597397b2934fb42740994f65c50571551a5090f8e130104971b3c190f_synthetic_line_6q_favorable_11,teleport
prospective,0,frozen_rule,00dec25597397b2934fb42740994f65c50571551a5090f8e130104971b3c190f_synthetic_line_6q_favorable_19,teleport
prospective,0,frozen_rule,00dec25597397b2934fb42740994f65c50571551a5090f8e130104971b3c190f_synthetic_line_6q_favorable_29,teleport
prospective,0,frozen_rule,00dec25597397b2934fb42740994f65c50571551a5090f8e130104971b3c190f_synthetic_line_6q_favorable_37,teleport
prospective,0,frozen_rule,00dec25597397b2934fb42740994f65c50571551a5090f8e130104971b3c190f_synthetic_line_6q_favorable_47,teleport
prospective,0,frozen_rule,00dec25597397b2934fb42740994f65c50571551a5090f8e130104971b3c190f_synthetic_line_6q_spread_11,teleport
prospective,0,frozen_rule,00dec25597397b2934fb42740994f65c50571551a5090f8e130104971b3c190f_synthetic_line_6q_spread_19,teleport
prospective,0,frozen_rule,00dec25597397b2934fb42740994f65c50571551a5090f8e130104971b3c190f_synthetic_line_6q_spread_29,teleport
prospective,0,frozen_rule,00dec25597397b2934fb42740994f65c50571551a5090f8e130104971b3c190f_synthetic_line_6q_spread_37,teleport
prospective,0,frozen_rule,00dec25597397b2934fb42740994f65c50571551a5090f8e130104971b3c190f_synthetic_line_6q_spread_47,teleport
prospective,0,frozen_rule,00dec25597397b2934fb42740994f65c50571551a5090f8e130104971b3c190f_synthetic_ring_6q_transpiler_11,teleport
prospective,0,frozen_rule,00dec25597397b2934fb42740994f65c50571551a5090f8e130104971b3c190f_synthetic_ring_6q_transpiler_19,teleport
prospective,0,frozen_rule,00dec25597397b2934fb42740994f65c50571551a5090f8e130104971b3c190f_synthetic_ring_6q_transpiler_29,teleport
prospective,0,frozen_rule,00dec25597397b2934fb42740994f65c50571551a5090f8e130104971b3c190f_synthetic_ring_6q_transpiler_37,teleport
prospective,0,frozen_rule,00dec25597397b2934fb42740994f65c50571551a5090f8e130104971b3c190f_synthetic_ring_6q_transpiler_47,teleport
prospective,0,frozen_rule,00dec25597397b2934fb42740994f65c50571551a5090f8e130104971b3c190f_synthetic_grid_6q_transpiler_11,teleport
prospective,0,frozen_rule,00dec25597397b2934fb42740994f65c50571551a5090f8e130104971b3c190f_synthetic_grid_6q_transpiler_19,teleport
prospective,0,frozen_rule,00dec25597397b2934fb42740994f65c50571551a5090f8e130104971b3c190f_synthetic_grid_6q_transpiler_29,teleport
prospective,0,frozen_rule,00dec25597397b2934fb42740994f65c50571551a5090f8e130104971b3c190f_synthetic_grid_6q_transpiler_37,teleport
prospective,0,frozen_rule,00dec25597397b2934fb42740994f65c50571551a5090f8e130104971b3c190f_synthetic_grid_6q_transpiler_47,teleport
prospective,0,frozen_rule,00dec25597397b2934fb42740994f65c50571551a5090f8e130104971b3c190f_synthetic_heavy_hex_like_7q_transpiler_11,teleport
prospective,0,frozen_rule,00dec25597397b2934fb42740994f65c50571551a5090f8e130104971b3c190f_synthetic_heavy_hex_like_7q_transpiler_19,teleport
prospective,0,frozen_rule,00dec25597397b2934fb42740994f65c50571551a5090f8e130104971b3c190f_synthetic_heavy_hex_like_7q_transpiler_29,teleport
prospective,0,frozen_rule,00dec25597397b2934fb42740994f65c50571551a5090f8e130104971b3c190f_synthetic_heavy_hex_like_7q_transpiler_37,teleport
prospective,0,frozen_rule,00dec25597397b2934fb42740994f65c50571551a5090f8e130104971b3c190f_synthetic_heavy_hex_like_7q_transpiler_47,teleport
prospective,0,frozen_rule,00dec25597397b2934fb42740994f65c50571551a5090f8e130104971b3c190f_synthetic_irregular_7q_favorable_11,teleport
prospective,0,frozen_rule,00dec25597397b2934fb42740994f65c50571551a5090f8e130104971b3c190f_synthetic_irregular_7q_favorable_19,teleport
prospective,0,frozen_rule,00dec25597397b2934fb42740994f65c50571551a5090f8e130104971b3c190f_synthetic_irregular_7q_favorable_29,teleport
prospective,0,frozen_rule,00dec25597397b2934fb42740994f65c50571551a5090f8e130104971b3c190f_synthetic_irregular_7q_favorable_37,teleport
prospective,0,frozen_rule,00dec25597397b2934fb42740994f65c50571551a5090f8e130104971b3c190f_synthetic_irregular_7q_favorable_47,teleport
prospective,0,frozen_rule,00dec25597397b2934fb42740994f65c50571551a5090f8e130104971b3c190f_synthetic_irregular_7q_spread_11,teleport
prospective,0,frozen_rule,00dec25597397b2934fb42740994f65c50571551a5090f8e130104971b3c190f_synthetic_irregular_7q_spread_19,teleport
prospective,0,frozen_rule,00dec25597397b2934fb42740994f65c50571551a5090f8e130104971b3c190f_synthetic_irregular_7q_spread_29,teleport
prospective,0,frozen_rule,00dec25597397b2934fb42740994f65c50571551a5090f8e130104971b3c190f_synthetic_irregular_7q_spread_37,teleport
prospective,0,frozen_rule,00dec25597397b2934fb42740994f65c50571551a5090f8e130104971b3c190f_synthetic_irregular_7q_spread_47,teleport
prospective,0,frozen_rule,49f9e42949fe44e9cacc4cb550ad5cc71ba965632af7f9c8a4fd8e3384156438_synthetic_line_6q_favorable_11,basic
prospective,0,frozen_rule,49f9e42949fe44e9cacc4cb550ad5cc71ba965632af7f9c8a4fd8e3384156438_synthetic_line_6q_favorable_19,basic
prospective,0,frozen_rule,49f9e42949fe44e9cacc4cb550ad5cc71ba965632af7f9c8a4fd8e3384156438_synthetic_line_6q_favorable_29,basic
prospective,0,frozen_rule,49f9e42949fe44e9cacc4cb550ad5cc71ba965632af7f9c8a4fd8e3384156438_synthetic_line_6q_favorable_37,basic
prospective,0,frozen_rule,49f9e42949fe44e9cacc4cb550ad5cc71ba965632af7f9c8a4fd8e3384156438_synthetic_line_6q_favorable_47,basic
prospective,0,frozen_rule,49f9e42949fe44e9cacc4cb550ad5cc71ba965632af7f9c8a4fd8e3384156438_synthetic_line_6q_spread_11,basic
prospective,0,frozen_rule,49f9e42949fe44e9cacc4cb550ad5cc71ba965632af7f9c8a4fd8e3384156438_synthetic_line_6q_spread_19,basic
prospective,0,frozen_rule,49f9e42949fe44e9cacc4cb550ad5cc71ba965632af7f9c8a4fd8e3384156438_synthetic_line_6q_spread_29,basic
prospective,0,frozen_rule,49f9e42949fe44e9cacc4cb550ad5cc71ba965632af7f9c8a4fd8e3384156438_synthetic_line_6q_spread_37,basic
prospective,0,frozen_rule,49f9e42949fe44e9cacc4cb550ad5cc71ba965632af7f9c8a4fd8e3384156438_synthetic_line_6q_spread_47,basic
prospective,0,frozen_rule,49f9e42949fe44e9cacc4cb550ad5cc71ba965632af7f9c8a4fd8e3384156438_synthetic_ring_6q_transpiler_11,basic
prospective,0,frozen_rule,49f9e42949fe44e9cacc4cb550ad5cc71ba965632af7f9c8a4fd8e3384156438_synthetic_ring_6q_transpiler_19,basic
prospective,0,frozen_rule,49f9e42949fe44e9cacc4cb550ad5cc71ba965632af7f9c8a4fd8e3384156438_synthetic_ring_6q_transpiler_29,basic
prospective,0,frozen_rule,49f9e42949fe44e9cacc4cb550ad5cc71ba965632af7f9c8a4fd8e3384156438_synthetic_ring_6q_transpiler_37,basic
prospective,0,frozen_rule,49f9e42949fe44e9cacc4cb550ad5cc71ba965632af7f9c8a4fd8e3384156438_synthetic_ring_6q_transpiler_47,basic
prospective,0,frozen_rule,49f9e42949fe44e9cacc4cb550ad5cc71ba965632af7f9c8a4fd8e3384156438_synthetic_grid_6q_transpiler_11,basic
prospective,0,frozen_rule,49f9e42949fe44e9cacc4cb550ad5cc71ba965632af7f9c8a4fd8e3384156438_synthetic_grid_6q_transpiler_19,basic
prospective,0,frozen_rule,49f9e42949fe44e9cacc4cb550ad5cc71ba965632af7f9c8a4fd8e3384156438_synthetic_grid_6q_transpiler_29,basic
prospective,0,frozen_rule,49f9e42949fe44e9cacc4cb550ad5cc71ba965632af7f9c8a4fd8e3384156438_synthetic_grid_6q_transpiler_37,basic
prospective,0,frozen_rule,49f9e42949fe44e9cacc4cb550ad5cc71ba965632af7f9c8a4fd8e3384156438_synthetic_grid_6q_transpiler_47,basic
prospective,0,frozen_rule,49f9e42949fe44e9cacc4cb550ad5cc71ba965632af7f9c8a4fd8e3384156438_synthetic_heavy_hex_like_7q_transpiler_11,basic
prospective,0,frozen_rule,49f9e42949fe44e9cacc4cb550ad5cc71ba965632af7f9c8a4fd8e3384156438_synthetic_heavy_hex_like_7q_transpiler_19,basic
prospective,0,frozen_rule,49f9e42949fe44e9cacc4cb550ad5cc71ba965632af7f9c8a4fd8e3384156438_synthetic_heavy_hex_like_7q_transpiler_29,basic
prospective,0,frozen_rule,49f9e42949fe44e9cacc4cb550ad5cc71ba965632af7f9c8a4fd8e3384156438_synthetic_heavy_hex_like_7q_transpiler_37,basic
prospective,0,frozen_rule,49f9e42949fe44e9cacc4cb550ad5cc71ba965632af7f9c8a4fd8e3384156438_synthetic_heavy_hex_like_7q_transpiler_47,basic
prospective,0,frozen_rule,49f9e42949fe44e9cacc4cb550ad5cc71ba965632af7f9c8a4fd8e3384156438_synthetic_irregular_7q_favorable_11,basic
prospective,0,frozen_rule,49f9e42949fe44e9cacc4cb550ad5cc71ba965632af7f9c8a4fd8e3384156438_synthetic_irregular_7q_favorable_19,basic
prospective,0,frozen_rule,49f9e42949fe44e9cacc4cb550ad5cc71ba965632af7f9c8a4fd8e3384156438_synthetic_irregular_7q_favorable_29,basic
prospective,0,frozen_rule,49f9e42949fe44e9cacc4cb550ad5cc71ba965632af7f9c8a4fd8e3384156438_synthetic_irregular_7q_favorable_37,basic
prospective,0,frozen_rule,49f9e42949fe44e9cacc4cb550ad5cc71ba965632af7f9c8a4fd8e3384156438_synthetic_irregular_7q_favorable_47,basic
prospective,0,frozen_rule,49f9e42949fe44e9cacc4cb550ad5cc71ba965632af7f9c8a4fd8e3384156438_synthetic_irregular_7q_spread_11,basic
prospective,0,frozen_rule,49f9e42949fe44e9cacc4cb550ad5cc71ba965632af7f9c8a4fd8e3384156438_synthetic_irregular_7q_spread_19,basic
prospective,0,frozen_rule,49f9e42949fe44e9cacc4cb550ad5cc71ba965632af7f9c8a4fd8e3384156438_synthetic_irregular_7q_spread_29,basic
prospective,0,frozen_rule,49f9e42949fe44e9cacc4cb550ad5cc71ba965632af7f9c8a4fd8e3384156438_synthetic_irregular_7q_spread_37,basic
prospective,0,frozen_rule,49f9e42949fe44e9cacc4cb550ad5cc71ba965632af7f9c8a4fd8e3384156438_synthetic_irregular_7q_spread_47,basic
prospective,0,frozen_rule,6a9ea95959ada3b9eb58a4396c3fc46af54caed318314ad360db449a01f90c66_synthetic_line_6q_favorable_11,basic
prospective,0,frozen_rule,6a9ea95959ada3b9eb58a4396c3fc46af54caed318314ad360db449a01f90c66_synthetic_line_6q_favorable_19,basic
prospective,0,frozen_rule,6a9ea95959ada3b9eb58a4396c3fc46af54caed318314ad360db449a01f90c66_synthetic_line_6q_favorable_29,basic
prospective,0,frozen_rule,6a9ea95959ada3b9eb58a4396c3fc46af54caed318314ad360db449a01f90c66_synthetic_line_6q_favorable_37,basic
prospective,0,frozen_rule,6a9ea95959ada3b9eb58a4396c3fc46af54caed318314ad360db449a01f90c66_synthetic_line_6q_favorable_47,basic
prospective,0,frozen_rule,6a9ea95959ada3b9eb58a4396c3fc46af54caed318314ad360db449a01f90c66_synthetic_line_6q_spread_11,basic
prospective,0,frozen_rule,6a9ea95959ada3b9eb58a4396c3fc46af54caed318314ad360db449a01f90c66_synthetic_line_6q_spread_19,basic
prospective,0,frozen_rule,6a9ea95959ada3b9eb58a4396c3fc46af54caed318314ad360db449a01f90c66_synthetic_line_6q_spread_29,basic
prospective,0,frozen_rule,6a9ea95959ada3b9eb58a4396c3fc46af54caed318314ad360db449a01f90c66_synthetic_line_6q_spread_37,basic
prospective,0,frozen_rule,6a9ea95959ada3b9eb58a4396c3fc46af54caed318314ad360db449a01f90c66_synthetic_line_6q_spread_47,basic
prospective,0,frozen_rule,6a9ea95959ada3b9eb58a4396c3fc46af54caed318314ad360db449a01f90c66_synthetic_ring_6q_transpiler_11,basic
prospective,0,frozen_rule,6a9ea95959ada3b9eb58a4396c3fc46af54caed318314ad360db449a01f90c66_synthetic_ring_6q_transpiler_19,basic
prospective,0,frozen_rule,6a9ea95959ada3b9eb58a4396c3fc46af54caed318314ad360db449a01f90c66_synthetic_ring_6q_transpiler_29,basic
prospective,0,frozen_rule,6a9ea95959ada3b9eb58a4396c3fc46af54caed318314ad360db449a01f90c66_synthetic_ring_6q_transpiler_37,basic
prospective,0,frozen_rule,6a9ea95959ada3b9eb58a4396c3fc46af54caed318314ad360db449a01f90c66_synthetic_ring_6q_transpiler_47,basic
prospective,0,frozen_rule,6a9ea95959ada3b9eb58a4396c3fc46af54caed318314ad360db449a01f90c66_synthetic_grid_6q_transpiler_11,basic
prospective,0,frozen_rule,6a9ea95959ada3b9eb58a4396c3fc46af54caed318314ad360db449a01f90c66_synthetic_grid_6q_transpiler_19,basic
prospective,0,frozen_rule,6a9ea95959ada3b9eb58a4396c3fc46af54caed318314ad360db449a01f90c66_synthetic_grid_6q_transpiler_29,basic
prospective,0,frozen_rule,6a9ea95959ada3b9eb58a4396c3fc46af54caed318314ad360db449a01f90c66_synthetic_grid_6q_transpiler_37,basic
prospective,0,frozen_rule,6a9ea95959ada3b9eb58a4396c3fc46af54caed318314ad360db449a01f90c66_synthetic_grid_6q_transpiler_47,basic
prospective,0,frozen_rule,6a9ea95959ada3b9eb58a4396c3fc46af54caed318314ad360db449a01f90c66_synthetic_heavy_hex_like_7q_transpiler_11,basic
prospective,0,frozen_rule,6a9ea95959ada3b9eb58a4396c3fc46af54caed318314ad360db449a01f90c66_synthetic_heavy_hex_like_7q_transpiler_19,basic
prospective,0,frozen_rule,6a9ea95959ada3b9eb58a4396c3fc46af54caed318314ad360db449a01f90c66_synthetic_heavy_hex_like_7q_transpiler_29,basic
prospective,0,frozen_rule,6a9ea95959ada3b9eb58a4396c3fc46af54caed318314ad360db449a01f90c66_synthetic_heavy_hex_like_7q_transpiler_37,basic
prospective,0,frozen_rule,6a9ea95959ada3b9eb58a4396c3fc46af54caed318314ad360db449a01f90c66_synthetic_heavy_hex_like_7q_transpiler_47,basic
prospective,0,frozen_rule,6a9ea95959ada3b9eb58a4396c3fc46af54caed318314ad360db449a01f90c66_synthetic_irregular_7q_favorable_11,basic
prospective,0,frozen_rule,6a9ea95959ada3b9eb58a4396c3fc46af54caed318314ad360db449a01f90c66_synthetic_irregular_7q_favorable_19,basic
prospective,0,frozen_rule,6a9ea95959ada3b9eb58a4396c3fc46af54caed318314ad360db449a01f90c66_synthetic_irregular_7q_favorable_29,basic
prospective,0,frozen_rule,6a9ea95959ada3b9eb58a4396c3fc46af54caed318314ad360db449a01f90c66_synthetic_irregular_7q_favorable_37,basic
prospective,0,frozen_rule,6a9ea95959ada3b9eb58a4396c3fc46af54caed318314ad360db449a01f90c66_synthetic_irregular_7q_favorable_47,basic
prospective,0,frozen_rule,6a9ea95959ada3b9eb58a4396c3fc46af54caed318314ad360db449a01f90c66_synthetic_irregular_7q_spread_11,basic
prospective,0,frozen_rule,6a9ea95959ada3b9eb58a4396c3fc46af54caed318314ad360db449a01f90c66_synthetic_irregular_7q_spread_19,basic
prospective,0,frozen_rule,6a9ea95959ada3b9eb58a4396c3fc46af54caed318314ad360db449a01f90c66_synthetic_irregular_7q_spread_29,basic
prospective,0,frozen_rule,6a9ea95959ada3b9eb58a4396c3fc46af54caed318314ad360db449a01f90c66_synthetic_irregular_7q_spread_37,basic
prospective,0,frozen_rule,6a9ea95959ada3b9eb58a4396c3fc46af54caed318314ad360db449a01f90c66_synthetic_irregular_7q_spread_47,basic
prospective,0,frozen_rule,2b5e0ed483cc3050468f9dbe07ba775d3779a0f5f0b1d9721b5967992a9fa793_synthetic_line_6q_favorable_11,basic
prospective,0,frozen_rule,2b5e0ed483cc3050468f9dbe07ba775d3779a0f5f0b1d9721b5967992a9fa793_synthetic_line_6q_favorable_19,basic
prospective,0,frozen_rule,2b5e0ed483cc3050468f9dbe07ba775d3779a0f5f0b1d9721b5967992a9fa793_synthetic_line_6q_favorable_29,basic
prospective,0,frozen_rule,2b5e0ed483cc3050468f9dbe07ba775d3779a0f5f0b1d9721b5967992a9fa793_synthetic_line_6q_favorable_37,basic
prospective,0,frozen_rule,2b5e0ed483cc3050468f9dbe07ba775d3779a0f5f0b1d9721b5967992a9fa793_synthetic_line_6q_favorable_47,basic
prospective,0,frozen_rule,2b5e0ed483cc3050468f9dbe07ba775d3779a0f5f0b1d9721b5967992a9fa793_synthetic_line_6q_spread_11,basic
prospective,0,frozen_rule,2b5e0ed483cc3050468f9dbe07ba775d3779a0f5f0b1d9721b5967992a9fa793_synthetic_line_6q_spread_19,basic
prospective,0,frozen_rule,2b5e0ed483cc3050468f9dbe07ba775d3779a0f5f0b1d9721b5967992a9fa793_synthetic_line_6q_spread_29,basic
prospective,0,frozen_rule,2b5e0ed483cc3050468f9dbe07ba775d3779a0f5f0b1d9721b5967992a9fa793_synthetic_line_6q_spread_37,basic
prospective,0,frozen_rule,2b5e0ed483cc3050468f9dbe07ba775d3779a0f5f0b1d9721b5967992a9fa793_synthetic_line_6q_spread_47,basic
prospective,0,frozen_rule,2b5e0ed483cc3050468f9dbe07ba775d3779a0f5f0b1d9721b5967992a9fa793_synthetic_ring_6q_transpiler_11,basic
prospective,0,frozen_rule,2b5e0ed483cc3050468f9dbe07ba775d3779a0f5f0b1d9721b5967992a9fa793_synthetic_ring_6q_transpiler_19,basic
prospective,0,frozen_rule,2b5e0ed483cc3050468f9dbe07ba775d3779a0f5f0b1d9721b5967992a9fa793_synthetic_ring_6q_transpiler_29,basic
prospective,0,frozen_rule,2b5e0ed483cc3050468f9dbe07ba775d3779a0f5f0b1d9721b5967992a9fa793_synthetic_ring_6q_transpiler_37,basic
prospective,0,frozen_rule,2b5e0ed483cc3050468f9dbe07ba775d3779a0f5f0b1d9721b5967992a9fa793_synthetic_ring_6q_transpiler_47,basic
prospective,0,frozen_rule,2b5e0ed483cc3050468f9dbe07ba775d3779a0f5f0b1d9721b5967992a9fa793_synthetic_grid_6q_transpiler_11,basic
prospective,0,frozen_rule,2b5e0ed483cc3050468f9dbe07ba775d3779a0f5f0b1d9721b5967992a9fa793_synthetic_grid_6q_transpiler_19,basic
prospective,0,frozen_rule,2b5e0ed483cc3050468f9dbe07ba775d3779a0f5f0b1d9721b5967992a9fa793_synthetic_grid_6q_transpiler_29,basic
prospective,0,frozen_rule,2b5e0ed483cc3050468f9dbe07ba775d3779a0f5f0b1d9721b5967992a9fa793_synthetic_grid_6q_transpiler_37,basic
prospective,0,frozen_rule,2b5e0ed483cc3050468f9dbe07ba775d3779a0f5f0b1d9721b5967992a9fa793_synthetic_grid_6q_transpiler_47,basic
prospective,0,frozen_rule,2b5e0ed483cc3050468f9dbe07ba775d3779a0f5f0b1d9721b5967992a9fa793_synthetic_heavy_hex_like_7q_transpiler_11,basic
prospective,0,frozen_rule,2b5e0ed483cc3050468f9dbe07ba775d3779a0f5f0b1d9721b5967992a9fa793_synthetic_heavy_hex_like_7q_transpiler_19,basic
prospective,0,frozen_rule,2b5e0ed483cc3050468f9dbe07ba775d3779a0f5f0b1d9721b5967992a9fa793_synthetic_heavy_hex_like_7q_transpiler_29,basic
prospective,0,frozen_rule,2b5e0ed483cc3050468f9dbe07ba775d3779a0f5f0b1d9721b5967992a9fa793_synthetic_heavy_hex_like_7q_transpiler_37,basic
prospective,0,frozen_rule,2b5e0ed483cc3050468f9dbe07ba775d3779a0f5f0b1d9721b5967992a9fa793_synthetic_heavy_hex_like_7q_transpiler_47,basic
prospective,0,frozen_rule,2b5e0ed483cc3050468f9dbe07ba775d3779a0f5f0b1d9721b5967992a9fa793_synthetic_irregular_7q_favorable_11,basic
prospective,0,frozen_rule,2b5e0ed483cc3050468f9dbe07ba775d3779a0f5f0b1d9721b5967992a9fa793_synthetic_irregular_7q_favorable_19,basic
prospective,0,frozen_rule,2b5e0ed483cc3050468f9dbe07ba775d3779a0f5f0b1d9721b5967992a9fa793_synthetic_irregular_7q_favorable_29,basic
prospective,0,frozen_rule,2b5e0ed483cc3050468f9dbe07ba775d3779a0f5f0b1d9721b5967992a9fa793_synthetic_irregular_7q_favorable_37,basic
prospective,0,frozen_rule,2b5e0ed483cc3050468f9dbe07ba775d3779a0f5f0b1d9721b5967992a9fa793_synthetic_irregular_7q_favorable_47,basic
prospective,0,frozen_rule,2b5e0ed483cc3050468f9dbe07ba775d3779a0f5f0b1d9721b5967992a9fa793_synthetic_irregular_7q_spread_11,basic
prospective,0,frozen_rule,2b5e0ed483cc3050468f9dbe07ba775d3779a0f5f0b1d9721b5967992a9fa793_synthetic_irregular_7q_spread_19,basic
prospective,0,frozen_rule,2b5e0ed483cc3050468f9dbe07ba775d3779a0f5f0b1d9721b5967992a9fa793_synthetic_irregular_7q_spread_29,basic
prospective,0,frozen_rule,2b5e0ed483cc3050468f9dbe07ba775d3779a0f5f0b1d9721b5967992a9fa793_synthetic_irregular_7q_spread_37,basic
prospective,0,frozen_rule,2b5e0ed483cc3050468f9dbe07ba775d3779a0f5f0b1d9721b5967992a9fa793_synthetic_irregular_7q_spread_47,basic
prospective,0,frozen_rule,8e4246a80f37dc867d0cfe5b703c5e97fe1bd50168e294b8649e2eadb63771f1_synthetic_line_6q_favorable_11,basic
prospective,0,frozen_rule,8e4246a80f37dc867d0cfe5b703c5e97fe1bd50168e294b8649e2eadb63771f1_synthetic_line_6q_favorable_19,basic
prospective,0,frozen_rule,8e4246a80f37dc867d0cfe5b703c5e97fe1bd50168e294b8649e2eadb63771f1_synthetic_line_6q_favorable_29,basic
prospective,0,frozen_rule,8e4246a80f37dc867d0cfe5b703c5e97fe1bd50168e294b8649e2eadb63771f1_synthetic_line_6q_favorable_37,basic
prospective,0,frozen_rule,8e4246a80f37dc867d0cfe5b703c5e97fe1bd50168e294b8649e2eadb63771f1_synthetic_line_6q_favorable_47,basic
prospective,0,frozen_rule,8e4246a80f37dc867d0cfe5b703c5e97fe1bd50168e294b8649e2eadb63771f1_synthetic_line_6q_spread_11,basic
prospective,0,frozen_rule,8e4246a80f37dc867d0cfe5b703c5e97fe1bd50168e294b8649e2eadb63771f1_synthetic_line_6q_spread_19,basic
prospective,0,frozen_rule,8e4246a80f37dc867d0cfe5b703c5e97fe1bd50168e294b8649e2eadb63771f1_synthetic_line_6q_spread_29,basic
prospective,0,frozen_rule,8e4246a80f37dc867d0cfe5b703c5e97fe1bd50168e294b8649e2eadb63771f1_synthetic_line_6q_spread_37,basic
prospective,0,frozen_rule,8e4246a80f37dc867d0cfe5b703c5e97fe1bd50168e294b8649e2eadb63771f1_synthetic_line_6q_spread_47,basic
prospective,0,frozen_rule,8e4246a80f37dc867d0cfe5b703c5e97fe1bd50168e294b8649e2eadb63771f1_synthetic_ring_6q_transpiler_11,basic
prospective,0,frozen_rule,8e4246a80f37dc867d0cfe5b703c5e97fe1bd50168e294b8649e2eadb63771f1_synthetic_ring_6q_transpiler_19,basic
prospective,0,frozen_rule,8e4246a80f37dc867d0cfe5b703c5e97fe1bd50168e294b8649e2eadb63771f1_synthetic_ring_6q_transpiler_29,basic
prospective,0,frozen_rule,8e4246a80f37dc867d0cfe5b703c5e97fe1bd50168e294b8649e2eadb63771f1_synthetic_ring_6q_transpiler_37,basic
prospective,0,frozen_rule,8e4246a80f37dc867d0cfe5b703c5e97fe1bd50168e294b8649e2eadb63771f1_synthetic_ring_6q_transpiler_47,basic
prospective,0,frozen_rule,8e4246a80f37dc867d0cfe5b703c5e97fe1bd50168e294b8649e2eadb63771f1_synthetic_grid_6q_transpiler_11,basic
prospective,0,frozen_rule,8e4246a80f37dc867d0cfe5b703c5e97fe1bd50168e294b8649e2eadb63771f1_synthetic_grid_6q_transpiler_19,basic
prospective,0,frozen_rule,8e4246a80f37dc867d0cfe5b703c5e97fe1bd50168e294b8649e2eadb63771f1_synthetic_grid_6q_transpiler_29,basic
prospective,0,frozen_rule,8e4246a80f37dc867d0cfe5b703c5e97fe1bd50168e294b8649e2eadb63771f1_synthetic_grid_6q_transpiler_37,basic
prospective,0,frozen_rule,8e4246a80f37dc867d0cfe5b703c5e97fe1bd50168e294b8649e2eadb63771f1_synthetic_grid_6q_transpiler_47,basic
prospective,0,frozen_rule,8e4246a80f37dc867d0cfe5b703c5e97fe1bd50168e294b8649e2eadb63771f1_synthetic_heavy_hex_like_7q_transpiler_11,basic
prospective,0,frozen_rule,8e4246a80f37dc867d0cfe5b703c5e97fe1bd50168e294b8649e2eadb63771f1_synthetic_heavy_hex_like_7q_transpiler_19,basic
prospective,0,frozen_rule,8e4246a80f37dc867d0cfe5b703c5e97fe1bd50168e294b8649e2eadb63771f1_synthetic_heavy_hex_like_7q_transpiler_29,basic
prospective,0,frozen_rule,8e4246a80f37dc867d0cfe5b703c5e97fe1bd50168e294b8649e2eadb63771f1_synthetic_heavy_hex_like_7q_transpiler_37,basic
prospective,0,frozen_rule,8e4246a80f37dc867d0cfe5b703c5e97fe1bd50168e294b8649e2eadb63771f1_synthetic_heavy_hex_like_7q_transpiler_47,basic
prospective,0,frozen_rule,8e4246a80f37dc867d0cfe5b703c5e97fe1bd50168e294b8649e2eadb63771f1_synthetic_irregular_7q_favorable_11,basic
prospective,0,frozen_rule,8e4246a80f37dc867d0cfe5b703c5e97fe1bd50168e294b8649e2eadb63771f1_synthetic_irregular_7q_favorable_19,basic
prospective,0,frozen_rule,8e4246a80f37dc867d0cfe5b703c5e97fe1bd50168e294b8649e2eadb63771f1_synthetic_irregular_7q_favorable_29,basic
prospective,0,frozen_rule,8e4246a80f37dc867d0cfe5b703c5e97fe1bd50168e294b8649e2eadb63771f1_synthetic_irregular_7q_favorable_37,basic
prospective,0,frozen_rule,8e4246a80f37dc867d0cfe5b703c5e97fe1bd50168e294b8649e2eadb63771f1_synthetic_irregular_7q_favorable_47,basic
prospective,0,frozen_rule,8e4246a80f37dc867d0cfe5b703c5e97fe1bd50168e294b8649e2eadb63771f1_synthetic_irregular_7q_spread_11,basic
prospective,0,frozen_rule,8e4246a80f37dc867d0cfe5b703c5e97fe1bd50168e294b8649e2eadb63771f1_synthetic_irregular_7q_spread_19,basic
prospective,0,frozen_rule,8e4246a80f37dc867d0cfe5b703c5e97fe1bd50168e294b8649e2eadb63771f1_synthetic_irregular_7q_spread_29,basic
prospective,0,frozen_rule,8e4246a80f37dc867d0cfe5b703c5e97fe1bd50168e294b8649e2eadb63771f1_synthetic_irregular_7q_spread_37,basic
prospective,0,frozen_rule,8e4246a80f37dc867d0cfe5b703c5e97fe1bd50168e294b8649e2eadb63771f1_synthetic_irregular_7q_spread_47,basic
prospective,0,frozen_rule,4578146e16dfcf0a3a55a1b3fea16f778ac944886bf5b33e90f7dc227bfcd90d_synthetic_line_6q_favorable_11,basic
prospective,0,frozen_rule,4578146e16dfcf0a3a55a1b3fea16f778ac944886bf5b33e90f7dc227bfcd90d_synthetic_line_6q_favorable_19,basic
prospective,0,frozen_rule,4578146e16dfcf0a3a55a1b3fea16f778ac944886bf5b33e90f7dc227bfcd90d_synthetic_line_6q_favorable_29,basic
prospective,0,frozen_rule,4578146e16dfcf0a3a55a1b3fea16f778ac944886bf5b33e90f7dc227bfcd90d_synthetic_line_6q_favorable_37,basic
prospective,0,frozen_rule,4578146e16dfcf0a3a55a1b3fea16f778ac944886bf5b33e90f7dc227bfcd90d_synthetic_line_6q_favorable_47,basic
prospective,0,frozen_rule,4578146e16dfcf0a3a55a1b3fea16f778ac944886bf5b33e90f7dc227bfcd90d_synthetic_line_6q_spread_11,basic
prospective,0,frozen_rule,4578146e16dfcf0a3a55a1b3fea16f778ac944886bf5b33e90f7dc227bfcd90d_synthetic_line_6q_spread_19,basic
prospective,0,frozen_rule,4578146e16dfcf0a3a55a1b3fea16f778ac944886bf5b33e90f7dc227bfcd90d_synthetic_line_6q_spread_29,basic
prospective,0,frozen_rule,4578146e16dfcf0a3a55a1b3fea16f778ac944886bf5b33e90f7dc227bfcd90d_synthetic_line_6q_spread_37,basic
prospective,0,frozen_rule,4578146e16dfcf0a3a55a1b3fea16f778ac944886bf5b33e90f7dc227bfcd90d_synthetic_line_6q_spread_47,basic
prospective,0,frozen_rule,4578146e16dfcf0a3a55a1b3fea16f778ac944886bf5b33e90f7dc227bfcd90d_synthetic_ring_6q_transpiler_11,basic
prospective,0,frozen_rule,4578146e16dfcf0a3a55a1b3fea16f778ac944886bf5b33e90f7dc227bfcd90d_synthetic_ring_6q_transpiler_19,basic
prospective,0,frozen_rule,4578146e16dfcf0a3a55a1b3fea16f778ac944886bf5b33e90f7dc227bfcd90d_synthetic_ring_6q_transpiler_29,basic
prospective,0,frozen_rule,4578146e16dfcf0a3a55a1b3fea16f778ac944886bf5b33e90f7dc227bfcd90d_synthetic_ring_6q_transpiler_37,basic
prospective,0,frozen_rule,4578146e16dfcf0a3a55a1b3fea16f778ac944886bf5b33e90f7dc227bfcd90d_synthetic_ring_6q_transpiler_47,basic
prospective,0,frozen_rule,4578146e16dfcf0a3a55a1b3fea16f778ac944886bf5b33e90f7dc227bfcd90d_synthetic_grid_6q_transpiler_11,basic
prospective,0,frozen_rule,4578146e16dfcf0a3a55a1b3fea16f778ac944886bf5b33e90f7dc227bfcd90d_synthetic_grid_6q_transpiler_19,basic
prospective,0,frozen_rule,4578146e16dfcf0a3a55a1b3fea16f778ac944886bf5b33e90f7dc227bfcd90d_synthetic_grid_6q_transpiler_29,basic
prospective,0,frozen_rule,4578146e16dfcf0a3a55a1b3fea16f778ac944886bf5b33e90f7dc227bfcd90d_synthetic_grid_6q_transpiler_37,basic
prospective,0,frozen_rule,4578146e16dfcf0a3a55a1b3fea16f778ac944886bf5b33e90f7dc227bfcd90d_synthetic_grid_6q_transpiler_47,basic
prospective,0,frozen_rule,4578146e16dfcf0a3a55a1b3fea16f778ac944886bf5b33e90f7dc227bfcd90d_synthetic_heavy_hex_like_7q_transpiler_11,basic
prospective,0,frozen_rule,4578146e16dfcf0a3a55a1b3fea16f778ac944886bf5b33e90f7dc227bfcd90d_synthetic_heavy_hex_like_7q_transpiler_19,basic
prospective,0,frozen_rule,4578146e16dfcf0a3a55a1b3fea16f778ac944886bf5b33e90f7dc227bfcd90d_synthetic_heavy_hex_like_7q_transpiler_29,basic
prospective,0,frozen_rule,4578146e16dfcf0a3a55a1b3fea16f778ac944886bf5b33e90f7dc227bfcd90d_synthetic_heavy_hex_like_7q_transpiler_37,basic
prospective,0,frozen_rule,4578146e16dfcf0a3a55a1b3fea16f778ac944886bf5b33e90f7dc227bfcd90d_synthetic_heavy_hex_like_7q_transpiler_47,basic
prospective,0,frozen_rule,4578146e16dfcf0a3a55a1b3fea16f778ac944886bf5b33e90f7dc227bfcd90d_synthetic_irregular_7q_favorable_11,basic
prospective,0,frozen_rule,4578146e16dfcf0a3a55a1b3fea16f778ac944886bf5b33e90f7dc227bfcd90d_synthetic_irregular_7q_favorable_19,basic
prospective,0,frozen_rule,4578146e16dfcf0a3a55a1b3fea16f778ac944886bf5b33e90f7dc227bfcd90d_synthetic_irregular_7q_favorable_29,basic
prospective,0,frozen_rule,4578146e16dfcf0a3a55a1b3fea16f778ac944886bf5b33e90f7dc227bfcd90d_synthetic_irregular_7q_favorable_37,basic
prospective,0,frozen_rule,4578146e16dfcf0a3a55a1b3fea16f778ac944886bf5b33e90f7dc227bfcd90d_synthetic_irregular_7q_favorable_47,basic
prospective,0,frozen_rule,4578146e16dfcf0a3a55a1b3fea16f778ac944886bf5b33e90f7dc227bfcd90d_synthetic_irregular_7q_spread_11,basic
prospective,0,frozen_rule,4578146e16dfcf0a3a55a1b3fea16f778ac944886bf5b33e90f7dc227bfcd90d_synthetic_irregular_7q_spread_19,basic
prospective,0,frozen_rule,4578146e16dfcf0a3a55a1b3fea16f778ac944886bf5b33e90f7dc227bfcd90d_synthetic_irregular_7q_spread_29,basic
prospective,0,frozen_rule,4578146e16dfcf0a3a55a1b3fea16f778ac944886bf5b33e90f7dc227bfcd90d_synthetic_irregular_7q_spread_37,basic
prospective,0,frozen_rule,4578146e16dfcf0a3a55a1b3fea16f778ac944886bf5b33e90f7dc227bfcd90d_synthetic_irregular_7q_spread_47,basic
prospective,0,frozen_rule,b75cbf89649a5d40ee4400d372e6cf3e16e5c828229f394ddf0f65442c3f44a5_synthetic_line_8q_favorable_11,basic
prospective,0,frozen_rule,b75cbf89649a5d40ee4400d372e6cf3e16e5c828229f394ddf0f65442c3f44a5_synthetic_line_8q_favorable_19,basic
prospective,0,frozen_rule,b75cbf89649a5d40ee4400d372e6cf3e16e5c828229f394ddf0f65442c3f44a5_synthetic_line_8q_favorable_29,basic
prospective,0,frozen_rule,b75cbf89649a5d40ee4400d372e6cf3e16e5c828229f394ddf0f65442c3f44a5_synthetic_line_8q_favorable_37,basic
prospective,0,frozen_rule,b75cbf89649a5d40ee4400d372e6cf3e16e5c828229f394ddf0f65442c3f44a5_synthetic_line_8q_favorable_47,basic
prospective,0,frozen_rule,b75cbf89649a5d40ee4400d372e6cf3e16e5c828229f394ddf0f65442c3f44a5_synthetic_line_8q_spread_11,basic
prospective,0,frozen_rule,b75cbf89649a5d40ee4400d372e6cf3e16e5c828229f394ddf0f65442c3f44a5_synthetic_line_8q_spread_19,basic
prospective,0,frozen_rule,b75cbf89649a5d40ee4400d372e6cf3e16e5c828229f394ddf0f65442c3f44a5_synthetic_line_8q_spread_29,basic
prospective,0,frozen_rule,b75cbf89649a5d40ee4400d372e6cf3e16e5c828229f394ddf0f65442c3f44a5_synthetic_line_8q_spread_37,basic
prospective,0,frozen_rule,b75cbf89649a5d40ee4400d372e6cf3e16e5c828229f394ddf0f65442c3f44a5_synthetic_line_8q_spread_47,basic
prospective,0,frozen_rule,b75cbf89649a5d40ee4400d372e6cf3e16e5c828229f394ddf0f65442c3f44a5_synthetic_ring_8q_transpiler_11,basic
prospective,0,frozen_rule,b75cbf89649a5d40ee4400d372e6cf3e16e5c828229f394ddf0f65442c3f44a5_synthetic_ring_8q_transpiler_19,basic
prospective,0,frozen_rule,b75cbf89649a5d40ee4400d372e6cf3e16e5c828229f394ddf0f65442c3f44a5_synthetic_ring_8q_transpiler_29,basic
prospective,0,frozen_rule,b75cbf89649a5d40ee4400d372e6cf3e16e5c828229f394ddf0f65442c3f44a5_synthetic_ring_8q_transpiler_37,basic
prospective,0,frozen_rule,b75cbf89649a5d40ee4400d372e6cf3e16e5c828229f394ddf0f65442c3f44a5_synthetic_ring_8q_transpiler_47,basic
prospective,0,frozen_rule,b75cbf89649a5d40ee4400d372e6cf3e16e5c828229f394ddf0f65442c3f44a5_synthetic_grid_8q_transpiler_11,basic
prospective,0,frozen_rule,b75cbf89649a5d40ee4400d372e6cf3e16e5c828229f394ddf0f65442c3f44a5_synthetic_grid_8q_transpiler_19,basic
prospective,0,frozen_rule,b75cbf89649a5d40ee4400d372e6cf3e16e5c828229f394ddf0f65442c3f44a5_synthetic_grid_8q_transpiler_29,basic
prospective,0,frozen_rule,b75cbf89649a5d40ee4400d372e6cf3e16e5c828229f394ddf0f65442c3f44a5_synthetic_grid_8q_transpiler_37,basic
prospective,0,frozen_rule,b75cbf89649a5d40ee4400d372e6cf3e16e5c828229f394ddf0f65442c3f44a5_synthetic_grid_8q_transpiler_47,basic
prospective,0,frozen_rule,b75cbf89649a5d40ee4400d372e6cf3e16e5c828229f394ddf0f65442c3f44a5_synthetic_heavy_hex_like_8q_transpiler_11,basic
prospective,0,frozen_rule,b75cbf89649a5d40ee4400d372e6cf3e16e5c828229f394ddf0f65442c3f44a5_synthetic_heavy_hex_like_8q_transpiler_19,basic
prospective,0,frozen_rule,b75cbf89649a5d40ee4400d372e6cf3e16e5c828229f394ddf0f65442c3f44a5_synthetic_heavy_hex_like_8q_transpiler_29,basic
prospective,0,frozen_rule,b75cbf89649a5d40ee4400d372e6cf3e16e5c828229f394ddf0f65442c3f44a5_synthetic_heavy_hex_like_8q_transpiler_37,basic
prospective,0,frozen_rule,b75cbf89649a5d40ee4400d372e6cf3e16e5c828229f394ddf0f65442c3f44a5_synthetic_heavy_hex_like_8q_transpiler_47,basic
prospective,0,frozen_rule,b75cbf89649a5d40ee4400d372e6cf3e16e5c828229f394ddf0f65442c3f44a5_synthetic_irregular_8q_favorable_11,basic
prospective,0,frozen_rule,b75cbf89649a5d40ee4400d372e6cf3e16e5c828229f394ddf0f65442c3f44a5_synthetic_irregular_8q_favorable_19,basic
prospective,0,frozen_rule,b75cbf89649a5d40ee4400d372e6cf3e16e5c828229f394ddf0f65442c3f44a5_synthetic_irregular_8q_favorable_29,basic
prospective,0,frozen_rule,b75cbf89649a5d40ee4400d372e6cf3e16e5c828229f394ddf0f65442c3f44a5_synthetic_irregular_8q_favorable_37,basic
prospective,0,frozen_rule,b75cbf89649a5d40ee4400d372e6cf3e16e5c828229f394ddf0f65442c3f44a5_synthetic_irregular_8q_favorable_47,basic
prospective,0,frozen_rule,b75cbf89649a5d40ee4400d372e6cf3e16e5c828229f394ddf0f65442c3f44a5_synthetic_irregular_8q_spread_11,basic
prospective,0,frozen_rule,b75cbf89649a5d40ee4400d372e6cf3e16e5c828229f394ddf0f65442c3f44a5_synthetic_irregular_8q_spread_19,basic
prospective,0,frozen_rule,b75cbf89649a5d40ee4400d372e6cf3e16e5c828229f394ddf0f65442c3f44a5_synthetic_irregular_8q_spread_29,basic
prospective,0,frozen_rule,b75cbf89649a5d40ee4400d372e6cf3e16e5c828229f394ddf0f65442c3f44a5_synthetic_irregular_8q_spread_37,basic
prospective,0,frozen_rule,b75cbf89649a5d40ee4400d372e6cf3e16e5c828229f394ddf0f65442c3f44a5_synthetic_irregular_8q_spread_47,basic
prospective,0,frozen_rule,d338eb773a8d9b65affd729028e23e9f24e361c2bc1272505190220bc634f90b_synthetic_line_8q_favorable_11,basic
prospective,0,frozen_rule,d338eb773a8d9b65affd729028e23e9f24e361c2bc1272505190220bc634f90b_synthetic_line_8q_favorable_19,basic
prospective,0,frozen_rule,d338eb773a8d9b65affd729028e23e9f24e361c2bc1272505190220bc634f90b_synthetic_line_8q_favorable_29,basic
prospective,0,frozen_rule,d338eb773a8d9b65affd729028e23e9f24e361c2bc1272505190220bc634f90b_synthetic_line_8q_favorable_37,basic
prospective,0,frozen_rule,d338eb773a8d9b65affd729028e23e9f24e361c2bc1272505190220bc634f90b_synthetic_line_8q_favorable_47,basic
prospective,0,frozen_rule,d338eb773a8d9b65affd729028e23e9f24e361c2bc1272505190220bc634f90b_synthetic_line_8q_spread_11,basic
prospective,0,frozen_rule,d338eb773a8d9b65affd729028e23e9f24e361c2bc1272505190220bc634f90b_synthetic_line_8q_spread_19,basic
prospective,0,frozen_rule,d338eb773a8d9b65affd729028e23e9f24e361c2bc1272505190220bc634f90b_synthetic_line_8q_spread_29,basic
prospective,0,frozen_rule,d338eb773a8d9b65affd729028e23e9f24e361c2bc1272505190220bc634f90b_synthetic_line_8q_spread_37,basic
prospective,0,frozen_rule,d338eb773a8d9b65affd729028e23e9f24e361c2bc1272505190220bc634f90b_synthetic_line_8q_spread_47,basic
prospective,0,frozen_rule,d338eb773a8d9b65affd729028e23e9f24e361c2bc1272505190220bc634f90b_synthetic_ring_8q_transpiler_11,basic
prospective,0,frozen_rule,d338eb773a8d9b65affd729028e23e9f24e361c2bc1272505190220bc634f90b_synthetic_ring_8q_transpiler_19,basic
prospective,0,frozen_rule,d338eb773a8d9b65affd729028e23e9f24e361c2bc1272505190220bc634f90b_synthetic_ring_8q_transpiler_29,basic
prospective,0,frozen_rule,d338eb773a8d9b65affd729028e23e9f24e361c2bc1272505190220bc634f90b_synthetic_ring_8q_transpiler_37,basic
prospective,0,frozen_rule,d338eb773a8d9b65affd729028e23e9f24e361c2bc1272505190220bc634f90b_synthetic_ring_8q_transpiler_47,basic
prospective,0,frozen_rule,d338eb773a8d9b65affd729028e23e9f24e361c2bc1272505190220bc634f90b_synthetic_grid_8q_transpiler_11,basic
prospective,0,frozen_rule,d338eb773a8d9b65affd729028e23e9f24e361c2bc1272505190220bc634f90b_synthetic_grid_8q_transpiler_19,basic
prospective,0,frozen_rule,d338eb773a8d9b65affd729028e23e9f24e361c2bc1272505190220bc634f90b_synthetic_grid_8q_transpiler_29,basic
prospective,0,frozen_rule,d338eb773a8d9b65affd729028e23e9f24e361c2bc1272505190220bc634f90b_synthetic_grid_8q_transpiler_37,basic
prospective,0,frozen_rule,d338eb773a8d9b65affd729028e23e9f24e361c2bc1272505190220bc634f90b_synthetic_grid_8q_transpiler_47,basic
prospective,0,frozen_rule,d338eb773a8d9b65affd729028e23e9f24e361c2bc1272505190220bc634f90b_synthetic_heavy_hex_like_8q_transpiler_11,basic
prospective,0,frozen_rule,d338eb773a8d9b65affd729028e23e9f24e361c2bc1272505190220bc634f90b_synthetic_heavy_hex_like_8q_transpiler_19,basic
prospective,0,frozen_rule,d338eb773a8d9b65affd729028e23e9f24e361c2bc1272505190220bc634f90b_synthetic_heavy_hex_like_8q_transpiler_29,basic
prospective,0,frozen_rule,d338eb773a8d9b65affd729028e23e9f24e361c2bc1272505190220bc634f90b_synthetic_heavy_hex_like_8q_transpiler_37,basic
prospective,0,frozen_rule,d338eb773a8d9b65affd729028e23e9f24e361c2bc1272505190220bc634f90b_synthetic_heavy_hex_like_8q_transpiler_47,basic
prospective,0,frozen_rule,d338eb773a8d9b65affd729028e23e9f24e361c2bc1272505190220bc634f90b_synthetic_irregular_8q_favorable_11,basic
prospective,0,frozen_rule,d338eb773a8d9b65affd729028e23e9f24e361c2bc1272505190220bc634f90b_synthetic_irregular_8q_favorable_19,basic
prospective,0,frozen_rule,d338eb773a8d9b65affd729028e23e9f24e361c2bc1272505190220bc634f90b_synthetic_irregular_8q_favorable_29,basic
prospective,0,frozen_rule,d338eb773a8d9b65affd729028e23e9f24e361c2bc1272505190220bc634f90b_synthetic_irregular_8q_favorable_37,basic
prospective,0,frozen_rule,d338eb773a8d9b65affd729028e23e9f24e361c2bc1272505190220bc634f90b_synthetic_irregular_8q_favorable_47,basic
prospective,0,frozen_rule,d338eb773a8d9b65affd729028e23e9f24e361c2bc1272505190220bc634f90b_synthetic_irregular_8q_spread_11,basic
prospective,0,frozen_rule,d338eb773a8d9b65affd729028e23e9f24e361c2bc1272505190220bc634f90b_synthetic_irregular_8q_spread_19,basic
prospective,0,frozen_rule,d338eb773a8d9b65affd729028e23e9f24e361c2bc1272505190220bc634f90b_synthetic_irregular_8q_spread_29,basic
prospective,0,frozen_rule,d338eb773a8d9b65affd729028e23e9f24e361c2bc1272505190220bc634f90b_synthetic_irregular_8q_spread_37,basic
prospective,0,frozen_rule,d338eb773a8d9b65affd729028e23e9f24e361c2bc1272505190220bc634f90b_synthetic_irregular_8q_spread_47,basic
prospective,0,frozen_rule,7e51cc13b595a2c405f4e95cc42eb66be8187f7e9b2846e1655f0c93c77108c8_synthetic_line_8q_favorable_11,basic
prospective,0,frozen_rule,7e51cc13b595a2c405f4e95cc42eb66be8187f7e9b2846e1655f0c93c77108c8_synthetic_line_8q_favorable_19,basic
prospective,0,frozen_rule,7e51cc13b595a2c405f4e95cc42eb66be8187f7e9b2846e1655f0c93c77108c8_synthetic_line_8q_favorable_29,basic
prospective,0,frozen_rule,7e51cc13b595a2c405f4e95cc42eb66be8187f7e9b2846e1655f0c93c77108c8_synthetic_line_8q_favorable_37,basic
prospective,0,frozen_rule,7e51cc13b595a2c405f4e95cc42eb66be8187f7e9b2846e1655f0c93c77108c8_synthetic_line_8q_favorable_47,basic
prospective,0,frozen_rule,7e51cc13b595a2c405f4e95cc42eb66be8187f7e9b2846e1655f0c93c77108c8_synthetic_line_8q_spread_11,basic
prospective,0,frozen_rule,7e51cc13b595a2c405f4e95cc42eb66be8187f7e9b2846e1655f0c93c77108c8_synthetic_line_8q_spread_19,basic
prospective,0,frozen_rule,7e51cc13b595a2c405f4e95cc42eb66be8187f7e9b2846e1655f0c93c77108c8_synthetic_line_8q_spread_29,basic
prospective,0,frozen_rule,7e51cc13b595a2c405f4e95cc42eb66be8187f7e9b2846e1655f0c93c77108c8_synthetic_line_8q_spread_37,basic
prospective,0,frozen_rule,7e51cc13b595a2c405f4e95cc42eb66be8187f7e9b2846e1655f0c93c77108c8_synthetic_line_8q_spread_47,basic
prospective,0,frozen_rule,7e51cc13b595a2c405f4e95cc42eb66be8187f7e9b2846e1655f0c93c77108c8_synthetic_ring_8q_transpiler_11,basic
prospective,0,frozen_rule,7e51cc13b595a2c405f4e95cc42eb66be8187f7e9b2846e1655f0c93c77108c8_synthetic_ring_8q_transpiler_19,basic
prospective,0,frozen_rule,7e51cc13b595a2c405f4e95cc42eb66be8187f7e9b2846e1655f0c93c77108c8_synthetic_ring_8q_transpiler_29,basic
prospective,0,frozen_rule,7e51cc13b595a2c405f4e95cc42eb66be8187f7e9b2846e1655f0c93c77108c8_synthetic_ring_8q_transpiler_37,basic
prospective,0,frozen_rule,7e51cc13b595a2c405f4e95cc42eb66be8187f7e9b2846e1655f0c93c77108c8_synthetic_ring_8q_transpiler_47,basic
prospective,0,frozen_rule,7e51cc13b595a2c405f4e95cc42eb66be8187f7e9b2846e1655f0c93c77108c8_synthetic_grid_8q_transpiler_11,basic
prospective,0,frozen_rule,7e51cc13b595a2c405f4e95cc42eb66be8187f7e9b2846e1655f0c93c77108c8_synthetic_grid_8q_transpiler_19,basic
prospective,0,frozen_rule,7e51cc13b595a2c405f4e95cc42eb66be8187f7e9b2846e1655f0c93c77108c8_synthetic_grid_8q_transpiler_29,basic
prospective,0,frozen_rule,7e51cc13b595a2c405f4e95cc42eb66be8187f7e9b2846e1655f0c93c77108c8_synthetic_grid_8q_transpiler_37,basic
prospective,0,frozen_rule,7e51cc13b595a2c405f4e95cc42eb66be8187f7e9b2846e1655f0c93c77108c8_synthetic_grid_8q_transpiler_47,basic
prospective,0,frozen_rule,7e51cc13b595a2c405f4e95cc42eb66be8187f7e9b2846e1655f0c93c77108c8_synthetic_heavy_hex_like_8q_transpiler_11,basic
prospective,0,frozen_rule,7e51cc13b595a2c405f4e95cc42eb66be8187f7e9b2846e1655f0c93c77108c8_synthetic_heavy_hex_like_8q_transpiler_19,basic
prospective,0,frozen_rule,7e51cc13b595a2c405f4e95cc42eb66be8187f7e9b2846e1655f0c93c77108c8_synthetic_heavy_hex_like_8q_transpiler_29,basic
prospective,0,frozen_rule,7e51cc13b595a2c405f4e95cc42eb66be8187f7e9b2846e1655f0c93c77108c8_synthetic_heavy_hex_like_8q_transpiler_37,basic
prospective,0,frozen_rule,7e51cc13b595a2c405f4e95cc42eb66be8187f7e9b2846e1655f0c93c77108c8_synthetic_heavy_hex_like_8q_transpiler_47,basic
prospective,0,frozen_rule,7e51cc13b595a2c405f4e95cc42eb66be8187f7e9b2846e1655f0c93c77108c8_synthetic_irregular_8q_favorable_11,basic
prospective,0,frozen_rule,7e51cc13b595a2c405f4e95cc42eb66be8187f7e9b2846e1655f0c93c77108c8_synthetic_irregular_8q_favorable_19,basic
prospective,0,frozen_rule,7e51cc13b595a2c405f4e95cc42eb66be8187f7e9b2846e1655f0c93c77108c8_synthetic_irregular_8q_favorable_29,basic
prospective,0,frozen_rule,7e51cc13b595a2c405f4e95cc42eb66be8187f7e9b2846e1655f0c93c77108c8_synthetic_irregular_8q_favorable_37,basic
prospective,0,frozen_rule,7e51cc13b595a2c405f4e95cc42eb66be8187f7e9b2846e1655f0c93c77108c8_synthetic_irregular_8q_favorable_47,basic
prospective,0,frozen_rule,7e51cc13b595a2c405f4e95cc42eb66be8187f7e9b2846e1655f0c93c77108c8_synthetic_irregular_8q_spread_11,basic
prospective,0,frozen_rule,7e51cc13b595a2c405f4e95cc42eb66be8187f7e9b2846e1655f0c93c77108c8_synthetic_irregular_8q_spread_19,basic
prospective,0,frozen_rule,7e51cc13b595a2c405f4e95cc42eb66be8187f7e9b2846e1655f0c93c77108c8_synthetic_irregular_8q_spread_29,basic
prospective,0,frozen_rule,7e51cc13b595a2c405f4e95cc42eb66be8187f7e9b2846e1655f0c93c77108c8_synthetic_irregular_8q_spread_37,basic
prospective,0,frozen_rule,7e51cc13b595a2c405f4e95cc42eb66be8187f7e9b2846e1655f0c93c77108c8_synthetic_irregular_8q_spread_47,basic
prospective,0,oracle,00dec25597397b2934fb42740994f65c50571551a5090f8e130104971b3c190f_synthetic_line_6q_favorable_11,tie
prospective,0,oracle,00dec25597397b2934fb42740994f65c50571551a5090f8e130104971b3c190f_synthetic_line_6q_favorable_19,tie
prospective,0,oracle,00dec25597397b2934fb42740994f65c50571551a5090f8e130104971b3c190f_synthetic_line_6q_favorable_29,tie
prospective,0,oracle,00dec25597397b2934fb42740994f65c50571551a5090f8e130104971b3c190f_synthetic_line_6q_favorable_37,tie
prospective,0,oracle,00dec25597397b2934fb42740994f65c50571551a5090f8e130104971b3c190f_synthetic_line_6q_favorable_47,tie
prospective,0,oracle,00dec25597397b2934fb42740994f65c50571551a5090f8e130104971b3c190f_synthetic_line_6q_spread_11,tie
prospective,0,oracle,00dec25597397b2934fb42740994f65c50571551a5090f8e130104971b3c190f_synthetic_line_6q_spread_19,tie
prospective,0,oracle,00dec25597397b2934fb42740994f65c50571551a5090f8e130104971b3c190f_synthetic_line_6q_spread_29,tie
prospective,0,oracle,00dec25597397b2934fb42740994f65c50571551a5090f8e130104971b3c190f_synthetic_line_6q_spread_37,tie
prospective,0,oracle,00dec25597397b2934fb42740994f65c50571551a5090f8e130104971b3c190f_synthetic_line_6q_spread_47,tie
prospective,0,oracle,00dec25597397b2934fb42740994f65c50571551a5090f8e130104971b3c190f_synthetic_ring_6q_transpiler_11,tie
prospective,0,oracle,00dec25597397b2934fb42740994f65c50571551a5090f8e130104971b3c190f_synthetic_ring_6q_transpiler_19,tie
prospective,0,oracle,00dec25597397b2934fb42740994f65c50571551a5090f8e130104971b3c190f_synthetic_ring_6q_transpiler_29,tie
prospective,0,oracle,00dec25597397b2934fb42740994f65c50571551a5090f8e130104971b3c190f_synthetic_ring_6q_transpiler_37,tie
prospective,0,oracle,00dec25597397b2934fb42740994f65c50571551a5090f8e130104971b3c190f_synthetic_ring_6q_transpiler_47,tie
prospective,0,oracle,00dec25597397b2934fb42740994f65c50571551a5090f8e130104971b3c190f_synthetic_grid_6q_transpiler_11,tie
prospective,0,oracle,00dec25597397b2934fb42740994f65c50571551a5090f8e130104971b3c190f_synthetic_grid_6q_transpiler_19,tie
prospective,0,oracle,00dec25597397b2934fb42740994f65c50571551a5090f8e130104971b3c190f_synthetic_grid_6q_transpiler_29,tie
prospective,0,oracle,00dec25597397b2934fb42740994f65c50571551a5090f8e130104971b3c190f_synthetic_grid_6q_transpiler_37,tie
prospective,0,oracle,00dec25597397b2934fb42740994f65c50571551a5090f8e130104971b3c190f_synthetic_grid_6q_transpiler_47,tie
prospective,0,oracle,00dec25597397b2934fb42740994f65c50571551a5090f8e130104971b3c190f_synthetic_heavy_hex_like_7q_transpiler_11,tie
prospective,0,oracle,00dec25597397b2934fb42740994f65c50571551a5090f8e130104971b3c190f_synthetic_heavy_hex_like_7q_transpiler_19,tie
prospective,0,oracle,00dec25597397b2934fb42740994f65c50571551a5090f8e130104971b3c190f_synthetic_heavy_hex_like_7q_transpiler_29,tie
prospective,0,oracle,00dec25597397b2934fb42740994f65c50571551a5090f8e130104971b3c190f_synthetic_heavy_hex_like_7q_transpiler_37,tie
prospective,0,oracle,00dec25597397b2934fb42740994f65c50571551a5090f8e130104971b3c190f_synthetic_heavy_hex_like_7q_transpiler_47,tie
prospective,0,oracle,00dec25597397b2934fb42740994f65c50571551a5090f8e130104971b3c190f_synthetic_irregular_7q_favorable_11,tie
prospective,0,oracle,00dec25597397b2934fb42740994f65c50571551a5090f8e130104971b3c190f_synthetic_irregular_7q_favorable_19,tie
prospective,0,oracle,00dec25597397b2934fb42740994f65c50571551a5090f8e130104971b3c190f_synthetic_irregular_7q_favorable_29,tie
prospective,0,oracle,00dec25597397b2934fb42740994f65c50571551a5090f8e130104971b3c190f_synthetic_irregular_7q_favorable_37,tie
prospective,0,oracle,00dec25597397b2934fb42740994f65c50571551a5090f8e130104971b3c190f_synthetic_irregular_7q_favorable_47,tie
prospective,0,oracle,00dec25597397b2934fb42740994f65c50571551a5090f8e130104971b3c190f_synthetic_irregular_7q_spread_11,tie
prospective,0,oracle,00dec25597397b2934fb42740994f65c50571551a5090f8e130104971b3c190f_synthetic_irregular_7q_spread_19,tie
prospective,0,oracle,00dec25597397b2934fb42740994f65c50571551a5090f8e130104971b3c190f_synthetic_irregular_7q_spread_29,tie
prospective,0,oracle,00dec25597397b2934fb42740994f65c50571551a5090f8e130104971b3c190f_synthetic_irregular_7q_spread_37,tie
prospective,0,oracle,00dec25597397b2934fb42740994f65c50571551a5090f8e130104971b3c190f_synthetic_irregular_7q_spread_47,tie
prospective,0,oracle,49f9e42949fe44e9cacc4cb550ad5cc71ba965632af7f9c8a4fd8e3384156438_synthetic_line_6q_favorable_11,tie
prospective,0,oracle,49f9e42949fe44e9cacc4cb550ad5cc71ba965632af7f9c8a4fd8e3384156438_synthetic_line_6q_favorable_19,tie
prospective,0,oracle,49f9e42949fe44e9cacc4cb550ad5cc71ba965632af7f9c8a4fd8e3384156438_synthetic_line_6q_favorable_29,tie
prospective,0,oracle,49f9e42949fe44e9cacc4cb550ad5cc71ba965632af7f9c8a4fd8e3384156438_synthetic_line_6q_favorable_37,tie
prospective,0,oracle,49f9e42949fe44e9cacc4cb550ad5cc71ba965632af7f9c8a4fd8e3384156438_synthetic_line_6q_favorable_47,tie
prospective,0,oracle,49f9e42949fe44e9cacc4cb550ad5cc71ba965632af7f9c8a4fd8e3384156438_synthetic_line_6q_spread_11,tie
prospective,0,oracle,49f9e42949fe44e9cacc4cb550ad5cc71ba965632af7f9c8a4fd8e3384156438_synthetic_line_6q_spread_19,tie
prospective,0,oracle,49f9e42949fe44e9cacc4cb550ad5cc71ba965632af7f9c8a4fd8e3384156438_synthetic_line_6q_spread_29,tie
prospective,0,oracle,49f9e42949fe44e9cacc4cb550ad5cc71ba965632af7f9c8a4fd8e3384156438_synthetic_line_6q_spread_37,tie
prospective,0,oracle,49f9e42949fe44e9cacc4cb550ad5cc71ba965632af7f9c8a4fd8e3384156438_synthetic_line_6q_spread_47,tie
prospective,0,oracle,49f9e42949fe44e9cacc4cb550ad5cc71ba965632af7f9c8a4fd8e3384156438_synthetic_ring_6q_transpiler_11,tie
prospective,0,oracle,49f9e42949fe44e9cacc4cb550ad5cc71ba965632af7f9c8a4fd8e3384156438_synthetic_ring_6q_transpiler_19,tie
prospective,0,oracle,49f9e42949fe44e9cacc4cb550ad5cc71ba965632af7f9c8a4fd8e3384156438_synthetic_ring_6q_transpiler_29,tie
prospective,0,oracle,49f9e42949fe44e9cacc4cb550ad5cc71ba965632af7f9c8a4fd8e3384156438_synthetic_ring_6q_transpiler_37,tie
prospective,0,oracle,49f9e42949fe44e9cacc4cb550ad5cc71ba965632af7f9c8a4fd8e3384156438_synthetic_ring_6q_transpiler_47,tie
prospective,0,oracle,49f9e42949fe44e9cacc4cb550ad5cc71ba965632af7f9c8a4fd8e3384156438_synthetic_grid_6q_transpiler_11,tie
prospective,0,oracle,49f9e42949fe44e9cacc4cb550ad5cc71ba965632af7f9c8a4fd8e3384156438_synthetic_grid_6q_transpiler_19,tie
prospective,0,oracle,49f9e42949fe44e9cacc4cb550ad5cc71ba965632af7f9c8a4fd8e3384156438_synthetic_grid_6q_transpiler_29,tie
prospective,0,oracle,49f9e42949fe44e9cacc4cb550ad5cc71ba965632af7f9c8a4fd8e3384156438_synthetic_grid_6q_transpiler_37,tie
prospective,0,oracle,49f9e42949fe44e9cacc4cb550ad5cc71ba965632af7f9c8a4fd8e3384156438_synthetic_grid_6q_transpiler_47,tie
prospective,0,oracle,49f9e42949fe44e9cacc4cb550ad5cc71ba965632af7f9c8a4fd8e3384156438_synthetic_heavy_hex_like_7q_transpiler_11,tie
prospective,0,oracle,49f9e42949fe44e9cacc4cb550ad5cc71ba965632af7f9c8a4fd8e3384156438_synthetic_heavy_hex_like_7q_transpiler_19,tie
prospective,0,oracle,49f9e42949fe44e9cacc4cb550ad5cc71ba965632af7f9c8a4fd8e3384156438_synthetic_heavy_hex_like_7q_transpiler_29,tie
prospective,0,oracle,49f9e42949fe44e9cacc4cb550ad5cc71ba965632af7f9c8a4fd8e3384156438_synthetic_heavy_hex_like_7q_transpiler_37,tie
prospective,0,oracle,49f9e42949fe44e9cacc4cb550ad5cc71ba965632af7f9c8a4fd8e3384156438_synthetic_heavy_hex_like_7q_transpiler_47,tie
prospective,0,oracle,49f9e42949fe44e9cacc4cb550ad5cc71ba965632af7f9c8a4fd8e3384156438_synthetic_irregular_7q_favorable_11,tie
prospective,0,oracle,49f9e42949fe44e9cacc4cb550ad5cc71ba965632af7f9c8a4fd8e3384156438_synthetic_irregular_7q_favorable_19,tie
prospective,0,oracle,49f9e42949fe44e9cacc4cb550ad5cc71ba965632af7f9c8a4fd8e3384156438_synthetic_irregular_7q_favorable_29,tie
prospective,0,oracle,49f9e42949fe44e9cacc4cb550ad5cc71ba965632af7f9c8a4fd8e3384156438_synthetic_irregular_7q_favorable_37,tie
prospective,0,oracle,49f9e42949fe44e9cacc4cb550ad5cc71ba965632af7f9c8a4fd8e3384156438_synthetic_irregular_7q_favorable_47,tie
prospective,0,oracle,49f9e42949fe44e9cacc4cb550ad5cc71ba965632af7f9c8a4fd8e3384156438_synthetic_irregular_7q_spread_11,tie
prospective,0,oracle,49f9e42949fe44e9cacc4cb550ad5cc71ba965632af7f9c8a4fd8e3384156438_synthetic_irregular_7q_spread_19,tie
prospective,0,oracle,49f9e42949fe44e9cacc4cb550ad5cc71ba965632af7f9c8a4fd8e3384156438_synthetic_irregular_7q_spread_29,tie
prospective,0,oracle,49f9e42949fe44e9cacc4cb550ad5cc71ba965632af7f9c8a4fd8e3384156438_synthetic_irregular_7q_spread_37,tie
prospective,0,oracle,49f9e42949fe44e9cacc4cb550ad5cc71ba965632af7f9c8a4fd8e3384156438_synthetic_irregular_7q_spread_47,tie
prospective,0,oracle,6a9ea95959ada3b9eb58a4396c3fc46af54caed318314ad360db449a01f90c66_synthetic_line_6q_favorable_11,tie
prospective,0,oracle,6a9ea95959ada3b9eb58a4396c3fc46af54caed318314ad360db449a01f90c66_synthetic_line_6q_favorable_19,tie
prospective,0,oracle,6a9ea95959ada3b9eb58a4396c3fc46af54caed318314ad360db449a01f90c66_synthetic_line_6q_favorable_29,tie
prospective,0,oracle,6a9ea95959ada3b9eb58a4396c3fc46af54caed318314ad360db449a01f90c66_synthetic_line_6q_favorable_37,tie
prospective,0,oracle,6a9ea95959ada3b9eb58a4396c3fc46af54caed318314ad360db449a01f90c66_synthetic_line_6q_favorable_47,tie
prospective,0,oracle,6a9ea95959ada3b9eb58a4396c3fc46af54caed318314ad360db449a01f90c66_synthetic_line_6q_spread_11,tie
prospective,0,oracle,6a9ea95959ada3b9eb58a4396c3fc46af54caed318314ad360db449a01f90c66_synthetic_line_6q_spread_19,tie
prospective,0,oracle,6a9ea95959ada3b9eb58a4396c3fc46af54caed318314ad360db449a01f90c66_synthetic_line_6q_spread_29,tie
prospective,0,oracle,6a9ea95959ada3b9eb58a4396c3fc46af54caed318314ad360db449a01f90c66_synthetic_line_6q_spread_37,tie
prospective,0,oracle,6a9ea95959ada3b9eb58a4396c3fc46af54caed318314ad360db449a01f90c66_synthetic_line_6q_spread_47,tie
prospective,0,oracle,6a9ea95959ada3b9eb58a4396c3fc46af54caed318314ad360db449a01f90c66_synthetic_ring_6q_transpiler_11,tie
prospective,0,oracle,6a9ea95959ada3b9eb58a4396c3fc46af54caed318314ad360db449a01f90c66_synthetic_ring_6q_transpiler_19,tie
prospective,0,oracle,6a9ea95959ada3b9eb58a4396c3fc46af54caed318314ad360db449a01f90c66_synthetic_ring_6q_transpiler_29,tie
prospective,0,oracle,6a9ea95959ada3b9eb58a4396c3fc46af54caed318314ad360db449a01f90c66_synthetic_ring_6q_transpiler_37,tie
prospective,0,oracle,6a9ea95959ada3b9eb58a4396c3fc46af54caed318314ad360db449a01f90c66_synthetic_ring_6q_transpiler_47,tie
prospective,0,oracle,6a9ea95959ada3b9eb58a4396c3fc46af54caed318314ad360db449a01f90c66_synthetic_grid_6q_transpiler_11,tie
prospective,0,oracle,6a9ea95959ada3b9eb58a4396c3fc46af54caed318314ad360db449a01f90c66_synthetic_grid_6q_transpiler_19,tie
prospective,0,oracle,6a9ea95959ada3b9eb58a4396c3fc46af54caed318314ad360db449a01f90c66_synthetic_grid_6q_transpiler_29,tie
prospective,0,oracle,6a9ea95959ada3b9eb58a4396c3fc46af54caed318314ad360db449a01f90c66_synthetic_grid_6q_transpiler_37,tie
prospective,0,oracle,6a9ea95959ada3b9eb58a4396c3fc46af54caed318314ad360db449a01f90c66_synthetic_grid_6q_transpiler_47,tie
prospective,0,oracle,6a9ea95959ada3b9eb58a4396c3fc46af54caed318314ad360db449a01f90c66_synthetic_heavy_hex_like_7q_transpiler_11,tie
prospective,0,oracle,6a9ea95959ada3b9eb58a4396c3fc46af54caed318314ad360db449a01f90c66_synthetic_heavy_hex_like_7q_transpiler_19,tie
prospective,0,oracle,6a9ea95959ada3b9eb58a4396c3fc46af54caed318314ad360db449a01f90c66_synthetic_heavy_hex_like_7q_transpiler_29,tie
prospective,0,oracle,6a9ea95959ada3b9eb58a4396c3fc46af54caed318314ad360db449a01f90c66_synthetic_heavy_hex_like_7q_transpiler_37,tie
prospective,0,oracle,6a9ea95959ada3b9eb58a4396c3fc46af54caed318314ad360db449a01f90c66_synthetic_heavy_hex_like_7q_transpiler_47,tie
prospective,0,oracle,6a9ea95959ada3b9eb58a4396c3fc46af54caed318314ad360db449a01f90c66_synthetic_irregular_7q_favorable_11,tie
prospective,0,oracle,6a9ea95959ada3b9eb58a4396c3fc46af54caed318314ad360db449a01f90c66_synthetic_irregular_7q_favorable_19,tie
prospective,0,oracle,6a9ea95959ada3b9eb58a4396c3fc46af54caed318314ad360db449a01f90c66_synthetic_irregular_7q_favorable_29,tie
prospective,0,oracle,6a9ea95959ada3b9eb58a4396c3fc46af54caed318314ad360db449a01f90c66_synthetic_irregular_7q_favorable_37,tie
prospective,0,oracle,6a9ea95959ada3b9eb58a4396c3fc46af54caed318314ad360db449a01f90c66_synthetic_irregular_7q_favorable_47,tie
prospective,0,oracle,6a9ea95959ada3b9eb58a4396c3fc46af54caed318314ad360db449a01f90c66_synthetic_irregular_7q_spread_11,tie
prospective,0,oracle,6a9ea95959ada3b9eb58a4396c3fc46af54caed318314ad360db449a01f90c66_synthetic_irregular_7q_spread_19,tie
prospective,0,oracle,6a9ea95959ada3b9eb58a4396c3fc46af54caed318314ad360db449a01f90c66_synthetic_irregular_7q_spread_29,tie
prospective,0,oracle,6a9ea95959ada3b9eb58a4396c3fc46af54caed318314ad360db449a01f90c66_synthetic_irregular_7q_spread_37,tie
prospective,0,oracle,6a9ea95959ada3b9eb58a4396c3fc46af54caed318314ad360db449a01f90c66_synthetic_irregular_7q_spread_47,tie
prospective,0,oracle,2b5e0ed483cc3050468f9dbe07ba775d3779a0f5f0b1d9721b5967992a9fa793_synthetic_line_6q_favorable_11,teleport
prospective,0,oracle,2b5e0ed483cc3050468f9dbe07ba775d3779a0f5f0b1d9721b5967992a9fa793_synthetic_line_6q_favorable_19,teleport
prospective,0,oracle,2b5e0ed483cc3050468f9dbe07ba775d3779a0f5f0b1d9721b5967992a9fa793_synthetic_line_6q_favorable_29,teleport
prospective,0,oracle,2b5e0ed483cc3050468f9dbe07ba775d3779a0f5f0b1d9721b5967992a9fa793_synthetic_line_6q_favorable_37,teleport
prospective,0,oracle,2b5e0ed483cc3050468f9dbe07ba775d3779a0f5f0b1d9721b5967992a9fa793_synthetic_line_6q_favorable_47,teleport
prospective,0,oracle,2b5e0ed483cc3050468f9dbe07ba775d3779a0f5f0b1d9721b5967992a9fa793_synthetic_line_6q_spread_11,teleport
prospective,0,oracle,2b5e0ed483cc3050468f9dbe07ba775d3779a0f5f0b1d9721b5967992a9fa793_synthetic_line_6q_spread_19,teleport
prospective,0,oracle,2b5e0ed483cc3050468f9dbe07ba775d3779a0f5f0b1d9721b5967992a9fa793_synthetic_line_6q_spread_29,teleport
prospective,0,oracle,2b5e0ed483cc3050468f9dbe07ba775d3779a0f5f0b1d9721b5967992a9fa793_synthetic_line_6q_spread_37,teleport
prospective,0,oracle,2b5e0ed483cc3050468f9dbe07ba775d3779a0f5f0b1d9721b5967992a9fa793_synthetic_line_6q_spread_47,teleport
prospective,0,oracle,2b5e0ed483cc3050468f9dbe07ba775d3779a0f5f0b1d9721b5967992a9fa793_synthetic_ring_6q_transpiler_11,teleport
prospective,0,oracle,2b5e0ed483cc3050468f9dbe07ba775d3779a0f5f0b1d9721b5967992a9fa793_synthetic_ring_6q_transpiler_19,teleport
prospective,0,oracle,2b5e0ed483cc3050468f9dbe07ba775d3779a0f5f0b1d9721b5967992a9fa793_synthetic_ring_6q_transpiler_29,teleport
prospective,0,oracle,2b5e0ed483cc3050468f9dbe07ba775d3779a0f5f0b1d9721b5967992a9fa793_synthetic_ring_6q_transpiler_37,teleport
prospective,0,oracle,2b5e0ed483cc3050468f9dbe07ba775d3779a0f5f0b1d9721b5967992a9fa793_synthetic_ring_6q_transpiler_47,teleport
prospective,0,oracle,2b5e0ed483cc3050468f9dbe07ba775d3779a0f5f0b1d9721b5967992a9fa793_synthetic_grid_6q_transpiler_11,teleport
prospective,0,oracle,2b5e0ed483cc3050468f9dbe07ba775d3779a0f5f0b1d9721b5967992a9fa793_synthetic_grid_6q_transpiler_19,teleport
prospective,0,oracle,2b5e0ed483cc3050468f9dbe07ba775d3779a0f5f0b1d9721b5967992a9fa793_synthetic_grid_6q_transpiler_29,teleport
prospective,0,oracle,2b5e0ed483cc3050468f9dbe07ba775d3779a0f5f0b1d9721b5967992a9fa793_synthetic_grid_6q_transpiler_37,teleport
prospective,0,oracle,2b5e0ed483cc3050468f9dbe07ba775d3779a0f5f0b1d9721b5967992a9fa793_synthetic_grid_6q_transpiler_47,teleport
prospective,0,oracle,2b5e0ed483cc3050468f9dbe07ba775d3779a0f5f0b1d9721b5967992a9fa793_synthetic_heavy_hex_like_7q_transpiler_11,teleport
prospective,0,oracle,2b5e0ed483cc3050468f9dbe07ba775d3779a0f5f0b1d9721b5967992a9fa793_synthetic_heavy_hex_like_7q_transpiler_19,teleport
prospective,0,oracle,2b5e0ed483cc3050468f9dbe07ba775d3779a0f5f0b1d9721b5967992a9fa793_synthetic_heavy_hex_like_7q_transpiler_29,teleport
prospective,0,oracle,2b5e0ed483cc3050468f9dbe07ba775d3779a0f5f0b1d9721b5967992a9fa793_synthetic_heavy_hex_like_7q_transpiler_37,teleport
prospective,0,oracle,2b5e0ed483cc3050468f9dbe07ba775d3779a0f5f0b1d9721b5967992a9fa793_synthetic_heavy_hex_like_7q_transpiler_47,teleport
prospective,0,oracle,2b5e0ed483cc3050468f9dbe07ba775d3779a0f5f0b1d9721b5967992a9fa793_synthetic_irregular_7q_favorable_11,teleport
prospective,0,oracle,2b5e0ed483cc3050468f9dbe07ba775d3779a0f5f0b1d9721b5967992a9fa793_synthetic_irregular_7q_favorable_19,teleport
prospective,0,oracle,2b5e0ed483cc3050468f9dbe07ba775d3779a0f5f0b1d9721b5967992a9fa793_synthetic_irregular_7q_favorable_29,teleport
prospective,0,oracle,2b5e0ed483cc3050468f9dbe07ba775d3779a0f5f0b1d9721b5967992a9fa793_synthetic_irregular_7q_favorable_37,teleport
prospective,0,oracle,2b5e0ed483cc3050468f9dbe07ba775d3779a0f5f0b1d9721b5967992a9fa793_synthetic_irregular_7q_favorable_47,teleport
prospective,0,oracle,2b5e0ed483cc3050468f9dbe07ba775d3779a0f5f0b1d9721b5967992a9fa793_synthetic_irregular_7q_spread_11,teleport
prospective,0,oracle,2b5e0ed483cc3050468f9dbe07ba775d3779a0f5f0b1d9721b5967992a9fa793_synthetic_irregular_7q_spread_19,teleport
prospective,0,oracle,2b5e0ed483cc3050468f9dbe07ba775d3779a0f5f0b1d9721b5967992a9fa793_synthetic_irregular_7q_spread_29,teleport
prospective,0,oracle,2b5e0ed483cc3050468f9dbe07ba775d3779a0f5f0b1d9721b5967992a9fa793_synthetic_irregular_7q_spread_37,teleport
prospective,0,oracle,2b5e0ed483cc3050468f9dbe07ba775d3779a0f5f0b1d9721b5967992a9fa793_synthetic_irregular_7q_spread_47,teleport
prospective,0,oracle,8e4246a80f37dc867d0cfe5b703c5e97fe1bd50168e294b8649e2eadb63771f1_synthetic_line_6q_favorable_11,teleport
prospective,0,oracle,8e4246a80f37dc867d0cfe5b703c5e97fe1bd50168e294b8649e2eadb63771f1_synthetic_line_6q_favorable_19,teleport
prospective,0,oracle,8e4246a80f37dc867d0cfe5b703c5e97fe1bd50168e294b8649e2eadb63771f1_synthetic_line_6q_favorable_29,teleport
prospective,0,oracle,8e4246a80f37dc867d0cfe5b703c5e97fe1bd50168e294b8649e2eadb63771f1_synthetic_line_6q_favorable_37,teleport
prospective,0,oracle,8e4246a80f37dc867d0cfe5b703c5e97fe1bd50168e294b8649e2eadb63771f1_synthetic_line_6q_favorable_47,teleport
prospective,0,oracle,8e4246a80f37dc867d0cfe5b703c5e97fe1bd50168e294b8649e2eadb63771f1_synthetic_line_6q_spread_11,teleport
prospective,0,oracle,8e4246a80f37dc867d0cfe5b703c5e97fe1bd50168e294b8649e2eadb63771f1_synthetic_line_6q_spread_19,teleport
prospective,0,oracle,8e4246a80f37dc867d0cfe5b703c5e97fe1bd50168e294b8649e2eadb63771f1_synthetic_line_6q_spread_29,teleport
prospective,0,oracle,8e4246a80f37dc867d0cfe5b703c5e97fe1bd50168e294b8649e2eadb63771f1_synthetic_line_6q_spread_37,teleport
prospective,0,oracle,8e4246a80f37dc867d0cfe5b703c5e97fe1bd50168e294b8649e2eadb63771f1_synthetic_line_6q_spread_47,teleport
prospective,0,oracle,8e4246a80f37dc867d0cfe5b703c5e97fe1bd50168e294b8649e2eadb63771f1_synthetic_ring_6q_transpiler_11,teleport
prospective,0,oracle,8e4246a80f37dc867d0cfe5b703c5e97fe1bd50168e294b8649e2eadb63771f1_synthetic_ring_6q_transpiler_19,teleport
prospective,0,oracle,8e4246a80f37dc867d0cfe5b703c5e97fe1bd50168e294b8649e2eadb63771f1_synthetic_ring_6q_transpiler_29,teleport
prospective,0,oracle,8e4246a80f37dc867d0cfe5b703c5e97fe1bd50168e294b8649e2eadb63771f1_synthetic_ring_6q_transpiler_37,teleport
prospective,0,oracle,8e4246a80f37dc867d0cfe5b703c5e97fe1bd50168e294b8649e2eadb63771f1_synthetic_ring_6q_transpiler_47,teleport
prospective,0,oracle,8e4246a80f37dc867d0cfe5b703c5e97fe1bd50168e294b8649e2eadb63771f1_synthetic_grid_6q_transpiler_11,teleport
prospective,0,oracle,8e4246a80f37dc867d0cfe5b703c5e97fe1bd50168e294b8649e2eadb63771f1_synthetic_grid_6q_transpiler_19,teleport
prospective,0,oracle,8e4246a80f37dc867d0cfe5b703c5e97fe1bd50168e294b8649e2eadb63771f1_synthetic_grid_6q_transpiler_29,teleport
prospective,0,oracle,8e4246a80f37dc867d0cfe5b703c5e97fe1bd50168e294b8649e2eadb63771f1_synthetic_grid_6q_transpiler_37,teleport
prospective,0,oracle,8e4246a80f37dc867d0cfe5b703c5e97fe1bd50168e294b8649e2eadb63771f1_synthetic_grid_6q_transpiler_47,teleport
prospective,0,oracle,8e4246a80f37dc867d0cfe5b703c5e97fe1bd50168e294b8649e2eadb63771f1_synthetic_heavy_hex_like_7q_transpiler_11,teleport
prospective,0,oracle,8e4246a80f37dc867d0cfe5b703c5e97fe1bd50168e294b8649e2eadb63771f1_synthetic_heavy_hex_like_7q_transpiler_19,teleport
prospective,0,oracle,8e4246a80f37dc867d0cfe5b703c5e97fe1bd50168e294b8649e2eadb63771f1_synthetic_heavy_hex_like_7q_transpiler_29,teleport
prospective,0,oracle,8e4246a80f37dc867d0cfe5b703c5e97fe1bd50168e294b8649e2eadb63771f1_synthetic_heavy_hex_like_7q_transpiler_37,teleport
prospective,0,oracle,8e4246a80f37dc867d0cfe5b703c5e97fe1bd50168e294b8649e2eadb63771f1_synthetic_heavy_hex_like_7q_transpiler_47,teleport
prospective,0,oracle,8e4246a80f37dc867d0cfe5b703c5e97fe1bd50168e294b8649e2eadb63771f1_synthetic_irregular_7q_favorable_11,teleport
prospective,0,oracle,8e4246a80f37dc867d0cfe5b703c5e97fe1bd50168e294b8649e2eadb63771f1_synthetic_irregular_7q_favorable_19,teleport
prospective,0,oracle,8e4246a80f37dc867d0cfe5b703c5e97fe1bd50168e294b8649e2eadb63771f1_synthetic_irregular_7q_favorable_29,teleport
prospective,0,oracle,8e4246a80f37dc867d0cfe5b703c5e97fe1bd50168e294b8649e2eadb63771f1_synthetic_irregular_7q_favorable_37,teleport
prospective,0,oracle,8e4246a80f37dc867d0cfe5b703c5e97fe1bd50168e294b8649e2eadb63771f1_synthetic_irregular_7q_favorable_47,teleport
prospective,0,oracle,8e4246a80f37dc867d0cfe5b703c5e97fe1bd50168e294b8649e2eadb63771f1_synthetic_irregular_7q_spread_11,teleport
prospective,0,oracle,8e4246a80f37dc867d0cfe5b703c5e97fe1bd50168e294b8649e2eadb63771f1_synthetic_irregular_7q_spread_19,teleport
prospective,0,oracle,8e4246a80f37dc867d0cfe5b703c5e97fe1bd50168e294b8649e2eadb63771f1_synthetic_irregular_7q_spread_29,teleport
prospective,0,oracle,8e4246a80f37dc867d0cfe5b703c5e97fe1bd50168e294b8649e2eadb63771f1_synthetic_irregular_7q_spread_37,teleport
prospective,0,oracle,8e4246a80f37dc867d0cfe5b703c5e97fe1bd50168e294b8649e2eadb63771f1_synthetic_irregular_7q_spread_47,teleport
prospective,0,oracle,4578146e16dfcf0a3a55a1b3fea16f778ac944886bf5b33e90f7dc227bfcd90d_synthetic_line_6q_favorable_11,basic
prospective,0,oracle,4578146e16dfcf0a3a55a1b3fea16f778ac944886bf5b33e90f7dc227bfcd90d_synthetic_line_6q_favorable_19,basic
prospective,0,oracle,4578146e16dfcf0a3a55a1b3fea16f778ac944886bf5b33e90f7dc227bfcd90d_synthetic_line_6q_favorable_29,basic
prospective,0,oracle,4578146e16dfcf0a3a55a1b3fea16f778ac944886bf5b33e90f7dc227bfcd90d_synthetic_line_6q_favorable_37,basic
prospective,0,oracle,4578146e16dfcf0a3a55a1b3fea16f778ac944886bf5b33e90f7dc227bfcd90d_synthetic_line_6q_favorable_47,basic
prospective,0,oracle,4578146e16dfcf0a3a55a1b3fea16f778ac944886bf5b33e90f7dc227bfcd90d_synthetic_line_6q_spread_11,basic
prospective,0,oracle,4578146e16dfcf0a3a55a1b3fea16f778ac944886bf5b33e90f7dc227bfcd90d_synthetic_line_6q_spread_19,basic
prospective,0,oracle,4578146e16dfcf0a3a55a1b3fea16f778ac944886bf5b33e90f7dc227bfcd90d_synthetic_line_6q_spread_29,basic
prospective,0,oracle,4578146e16dfcf0a3a55a1b3fea16f778ac944886bf5b33e90f7dc227bfcd90d_synthetic_line_6q_spread_37,basic
prospective,0,oracle,4578146e16dfcf0a3a55a1b3fea16f778ac944886bf5b33e90f7dc227bfcd90d_synthetic_line_6q_spread_47,basic
prospective,0,oracle,4578146e16dfcf0a3a55a1b3fea16f778ac944886bf5b33e90f7dc227bfcd90d_synthetic_ring_6q_transpiler_11,basic
prospective,0,oracle,4578146e16dfcf0a3a55a1b3fea16f778ac944886bf5b33e90f7dc227bfcd90d_synthetic_ring_6q_transpiler_19,basic
prospective,0,oracle,4578146e16dfcf0a3a55a1b3fea16f778ac944886bf5b33e90f7dc227bfcd90d_synthetic_ring_6q_transpiler_29,basic
prospective,0,oracle,4578146e16dfcf0a3a55a1b3fea16f778ac944886bf5b33e90f7dc227bfcd90d_synthetic_ring_6q_transpiler_37,basic
prospective,0,oracle,4578146e16dfcf0a3a55a1b3fea16f778ac944886bf5b33e90f7dc227bfcd90d_synthetic_ring_6q_transpiler_47,basic
prospective,0,oracle,4578146e16dfcf0a3a55a1b3fea16f778ac944886bf5b33e90f7dc227bfcd90d_synthetic_grid_6q_transpiler_11,basic
prospective,0,oracle,4578146e16dfcf0a3a55a1b3fea16f778ac944886bf5b33e90f7dc227bfcd90d_synthetic_grid_6q_transpiler_19,basic
prospective,0,oracle,4578146e16dfcf0a3a55a1b3fea16f778ac944886bf5b33e90f7dc227bfcd90d_synthetic_grid_6q_transpiler_29,basic
prospective,0,oracle,4578146e16dfcf0a3a55a1b3fea16f778ac944886bf5b33e90f7dc227bfcd90d_synthetic_grid_6q_transpiler_37,basic
prospective,0,oracle,4578146e16dfcf0a3a55a1b3fea16f778ac944886bf5b33e90f7dc227bfcd90d_synthetic_grid_6q_transpiler_47,basic
prospective,0,oracle,4578146e16dfcf0a3a55a1b3fea16f778ac944886bf5b33e90f7dc227bfcd90d_synthetic_heavy_hex_like_7q_transpiler_11,basic
prospective,0,oracle,4578146e16dfcf0a3a55a1b3fea16f778ac944886bf5b33e90f7dc227bfcd90d_synthetic_heavy_hex_like_7q_transpiler_19,basic
prospective,0,oracle,4578146e16dfcf0a3a55a1b3fea16f778ac944886bf5b33e90f7dc227bfcd90d_synthetic_heavy_hex_like_7q_transpiler_29,basic
prospective,0,oracle,4578146e16dfcf0a3a55a1b3fea16f778ac944886bf5b33e90f7dc227bfcd90d_synthetic_heavy_hex_like_7q_transpiler_37,basic
prospective,0,oracle,4578146e16dfcf0a3a55a1b3fea16f778ac944886bf5b33e90f7dc227bfcd90d_synthetic_heavy_hex_like_7q_transpiler_47,basic
prospective,0,oracle,4578146e16dfcf0a3a55a1b3fea16f778ac944886bf5b33e90f7dc227bfcd90d_synthetic_irregular_7q_favorable_11,basic
prospective,0,oracle,4578146e16dfcf0a3a55a1b3fea16f778ac944886bf5b33e90f7dc227bfcd90d_synthetic_irregular_7q_favorable_19,basic
prospective,0,oracle,4578146e16dfcf0a3a55a1b3fea16f778ac944886bf5b33e90f7dc227bfcd90d_synthetic_irregular_7q_favorable_29,basic
prospective,0,oracle,4578146e16dfcf0a3a55a1b3fea16f778ac944886bf5b33e90f7dc227bfcd90d_synthetic_irregular_7q_favorable_37,basic
prospective,0,oracle,4578146e16dfcf0a3a55a1b3fea16f778ac944886bf5b33e90f7dc227bfcd90d_synthetic_irregular_7q_favorable_47,basic
prospective,0,oracle,4578146e16dfcf0a3a55a1b3fea16f778ac944886bf5b33e90f7dc227bfcd90d_synthetic_irregular_7q_spread_11,basic
prospective,0,oracle,4578146e16dfcf0a3a55a1b3fea16f778ac944886bf5b33e90f7dc227bfcd90d_synthetic_irregular_7q_spread_19,basic
prospective,0,oracle,4578146e16dfcf0a3a55a1b3fea16f778ac944886bf5b33e90f7dc227bfcd90d_synthetic_irregular_7q_spread_29,basic
prospective,0,oracle,4578146e16dfcf0a3a55a1b3fea16f778ac944886bf5b33e90f7dc227bfcd90d_synthetic_irregular_7q_spread_37,basic
prospective,0,oracle,4578146e16dfcf0a3a55a1b3fea16f778ac944886bf5b33e90f7dc227bfcd90d_synthetic_irregular_7q_spread_47,basic
prospective,0,oracle,b75cbf89649a5d40ee4400d372e6cf3e16e5c828229f394ddf0f65442c3f44a5_synthetic_line_8q_favorable_11,basic
prospective,0,oracle,b75cbf89649a5d40ee4400d372e6cf3e16e5c828229f394ddf0f65442c3f44a5_synthetic_line_8q_favorable_19,basic
prospective,0,oracle,b75cbf89649a5d40ee4400d372e6cf3e16e5c828229f394ddf0f65442c3f44a5_synthetic_line_8q_favorable_29,basic
prospective,0,oracle,b75cbf89649a5d40ee4400d372e6cf3e16e5c828229f394ddf0f65442c3f44a5_synthetic_line_8q_favorable_37,basic
prospective,0,oracle,b75cbf89649a5d40ee4400d372e6cf3e16e5c828229f394ddf0f65442c3f44a5_synthetic_line_8q_favorable_47,basic
prospective,0,oracle,b75cbf89649a5d40ee4400d372e6cf3e16e5c828229f394ddf0f65442c3f44a5_synthetic_line_8q_spread_11,basic
prospective,0,oracle,b75cbf89649a5d40ee4400d372e6cf3e16e5c828229f394ddf0f65442c3f44a5_synthetic_line_8q_spread_19,basic
prospective,0,oracle,b75cbf89649a5d40ee4400d372e6cf3e16e5c828229f394ddf0f65442c3f44a5_synthetic_line_8q_spread_29,basic
prospective,0,oracle,b75cbf89649a5d40ee4400d372e6cf3e16e5c828229f394ddf0f65442c3f44a5_synthetic_line_8q_spread_37,basic
prospective,0,oracle,b75cbf89649a5d40ee4400d372e6cf3e16e5c828229f394ddf0f65442c3f44a5_synthetic_line_8q_spread_47,basic
prospective,0,oracle,b75cbf89649a5d40ee4400d372e6cf3e16e5c828229f394ddf0f65442c3f44a5_synthetic_ring_8q_transpiler_11,basic
prospective,0,oracle,b75cbf89649a5d40ee4400d372e6cf3e16e5c828229f394ddf0f65442c3f44a5_synthetic_ring_8q_transpiler_19,basic
prospective,0,oracle,b75cbf89649a5d40ee4400d372e6cf3e16e5c828229f394ddf0f65442c3f44a5_synthetic_ring_8q_transpiler_29,basic
prospective,0,oracle,b75cbf89649a5d40ee4400d372e6cf3e16e5c828229f394ddf0f65442c3f44a5_synthetic_ring_8q_transpiler_37,basic
prospective,0,oracle,b75cbf89649a5d40ee4400d372e6cf3e16e5c828229f394ddf0f65442c3f44a5_synthetic_ring_8q_transpiler_47,basic
prospective,0,oracle,b75cbf89649a5d40ee4400d372e6cf3e16e5c828229f394ddf0f65442c3f44a5_synthetic_grid_8q_transpiler_11,basic
prospective,0,oracle,b75cbf89649a5d40ee4400d372e6cf3e16e5c828229f394ddf0f65442c3f44a5_synthetic_grid_8q_transpiler_19,basic
prospective,0,oracle,b75cbf89649a5d40ee4400d372e6cf3e16e5c828229f394ddf0f65442c3f44a5_synthetic_grid_8q_transpiler_29,basic
prospective,0,oracle,b75cbf89649a5d40ee4400d372e6cf3e16e5c828229f394ddf0f65442c3f44a5_synthetic_grid_8q_transpiler_37,basic
prospective,0,oracle,b75cbf89649a5d40ee4400d372e6cf3e16e5c828229f394ddf0f65442c3f44a5_synthetic_grid_8q_transpiler_47,basic
prospective,0,oracle,b75cbf89649a5d40ee4400d372e6cf3e16e5c828229f394ddf0f65442c3f44a5_synthetic_heavy_hex_like_8q_transpiler_11,basic
prospective,0,oracle,b75cbf89649a5d40ee4400d372e6cf3e16e5c828229f394ddf0f65442c3f44a5_synthetic_heavy_hex_like_8q_transpiler_19,basic
prospective,0,oracle,b75cbf89649a5d40ee4400d372e6cf3e16e5c828229f394ddf0f65442c3f44a5_synthetic_heavy_hex_like_8q_transpiler_29,basic
prospective,0,oracle,b75cbf89649a5d40ee4400d372e6cf3e16e5c828229f394ddf0f65442c3f44a5_synthetic_heavy_hex_like_8q_transpiler_37,basic
prospective,0,oracle,b75cbf89649a5d40ee4400d372e6cf3e16e5c828229f394ddf0f65442c3f44a5_synthetic_heavy_hex_like_8q_transpiler_47,basic
prospective,0,oracle,b75cbf89649a5d40ee4400d372e6cf3e16e5c828229f394ddf0f65442c3f44a5_synthetic_irregular_8q_favorable_11,basic
prospective,0,oracle,b75cbf89649a5d40ee4400d372e6cf3e16e5c828229f394ddf0f65442c3f44a5_synthetic_irregular_8q_favorable_19,basic
prospective,0,oracle,b75cbf89649a5d40ee4400d372e6cf3e16e5c828229f394ddf0f65442c3f44a5_synthetic_irregular_8q_favorable_29,basic
prospective,0,oracle,b75cbf89649a5d40ee4400d372e6cf3e16e5c828229f394ddf0f65442c3f44a5_synthetic_irregular_8q_favorable_37,basic
prospective,0,oracle,b75cbf89649a5d40ee4400d372e6cf3e16e5c828229f394ddf0f65442c3f44a5_synthetic_irregular_8q_favorable_47,basic
prospective,0,oracle,b75cbf89649a5d40ee4400d372e6cf3e16e5c828229f394ddf0f65442c3f44a5_synthetic_irregular_8q_spread_11,basic
prospective,0,oracle,b75cbf89649a5d40ee4400d372e6cf3e16e5c828229f394ddf0f65442c3f44a5_synthetic_irregular_8q_spread_19,basic
prospective,0,oracle,b75cbf89649a5d40ee4400d372e6cf3e16e5c828229f394ddf0f65442c3f44a5_synthetic_irregular_8q_spread_29,basic
prospective,0,oracle,b75cbf89649a5d40ee4400d372e6cf3e16e5c828229f394ddf0f65442c3f44a5_synthetic_irregular_8q_spread_37,basic
prospective,0,oracle,b75cbf89649a5d40ee4400d372e6cf3e16e5c828229f394ddf0f65442c3f44a5_synthetic_irregular_8q_spread_47,basic
prospective,0,oracle,d338eb773a8d9b65affd729028e23e9f24e361c2bc1272505190220bc634f90b_synthetic_line_8q_favorable_11,basic
prospective,0,oracle,d338eb773a8d9b65affd729028e23e9f24e361c2bc1272505190220bc634f90b_synthetic_line_8q_favorable_19,basic
prospective,0,oracle,d338eb773a8d9b65affd729028e23e9f24e361c2bc1272505190220bc634f90b_synthetic_line_8q_favorable_29,basic
prospective,0,oracle,d338eb773a8d9b65affd729028e23e9f24e361c2bc1272505190220bc634f90b_synthetic_line_8q_favorable_37,basic
prospective,0,oracle,d338eb773a8d9b65affd729028e23e9f24e361c2bc1272505190220bc634f90b_synthetic_line_8q_favorable_47,basic
prospective,0,oracle,d338eb773a8d9b65affd729028e23e9f24e361c2bc1272505190220bc634f90b_synthetic_line_8q_spread_11,basic
prospective,0,oracle,d338eb773a8d9b65affd729028e23e9f24e361c2bc1272505190220bc634f90b_synthetic_line_8q_spread_19,basic
prospective,0,oracle,d338eb773a8d9b65affd729028e23e9f24e361c2bc1272505190220bc634f90b_synthetic_line_8q_spread_29,basic
prospective,0,oracle,d338eb773a8d9b65affd729028e23e9f24e361c2bc1272505190220bc634f90b_synthetic_line_8q_spread_37,basic
prospective,0,oracle,d338eb773a8d9b65affd729028e23e9f24e361c2bc1272505190220bc634f90b_synthetic_line_8q_spread_47,basic
prospective,0,oracle,d338eb773a8d9b65affd729028e23e9f24e361c2bc1272505190220bc634f90b_synthetic_ring_8q_transpiler_11,basic
prospective,0,oracle,d338eb773a8d9b65affd729028e23e9f24e361c2bc1272505190220bc634f90b_synthetic_ring_8q_transpiler_19,basic
prospective,0,oracle,d338eb773a8d9b65affd729028e23e9f24e361c2bc1272505190220bc634f90b_synthetic_ring_8q_transpiler_29,basic
prospective,0,oracle,d338eb773a8d9b65affd729028e23e9f24e361c2bc1272505190220bc634f90b_synthetic_ring_8q_transpiler_37,basic
prospective,0,oracle,d338eb773a8d9b65affd729028e23e9f24e361c2bc1272505190220bc634f90b_synthetic_ring_8q_transpiler_47,basic
prospective,0,oracle,d338eb773a8d9b65affd729028e23e9f24e361c2bc1272505190220bc634f90b_synthetic_grid_8q_transpiler_11,basic
prospective,0,oracle,d338eb773a8d9b65affd729028e23e9f24e361c2bc1272505190220bc634f90b_synthetic_grid_8q_transpiler_19,basic
prospective,0,oracle,d338eb773a8d9b65affd729028e23e9f24e361c2bc1272505190220bc634f90b_synthetic_grid_8q_transpiler_29,basic
prospective,0,oracle,d338eb773a8d9b65affd729028e23e9f24e361c2bc1272505190220bc634f90b_synthetic_grid_8q_transpiler_37,basic
prospective,0,oracle,d338eb773a8d9b65affd729028e23e9f24e361c2bc1272505190220bc634f90b_synthetic_grid_8q_transpiler_47,basic
prospective,0,oracle,d338eb773a8d9b65affd729028e23e9f24e361c2bc1272505190220bc634f90b_synthetic_heavy_hex_like_8q_transpiler_11,basic
prospective,0,oracle,d338eb773a8d9b65affd729028e23e9f24e361c2bc1272505190220bc634f90b_synthetic_heavy_hex_like_8q_transpiler_19,basic
prospective,0,oracle,d338eb773a8d9b65affd729028e23e9f24e361c2bc1272505190220bc634f90b_synthetic_heavy_hex_like_8q_transpiler_29,basic
prospective,0,oracle,d338eb773a8d9b65affd729028e23e9f24e361c2bc1272505190220bc634f90b_synthetic_heavy_hex_like_8q_transpiler_37,basic
prospective,0,oracle,d338eb773a8d9b65affd729028e23e9f24e361c2bc1272505190220bc634f90b_synthetic_heavy_hex_like_8q_transpiler_47,basic
prospective,0,oracle,d338eb773a8d9b65affd729028e23e9f24e361c2bc1272505190220bc634f90b_synthetic_irregular_8q_favorable_11,basic
prospective,0,oracle,d338eb773a8d9b65affd729028e23e9f24e361c2bc1272505190220bc634f90b_synthetic_irregular_8q_favorable_19,basic
prospective,0,oracle,d338eb773a8d9b65affd729028e23e9f24e361c2bc1272505190220bc634f90b_synthetic_irregular_8q_favorable_29,basic
prospective,0,oracle,d338eb773a8d9b65affd729028e23e9f24e361c2bc1272505190220bc634f90b_synthetic_irregular_8q_favorable_37,basic
prospective,0,oracle,d338eb773a8d9b65affd729028e23e9f24e361c2bc1272505190220bc634f90b_synthetic_irregular_8q_favorable_47,basic
prospective,0,oracle,d338eb773a8d9b65affd729028e23e9f24e361c2bc1272505190220bc634f90b_synthetic_irregular_8q_spread_11,basic
prospective,0,oracle,d338eb773a8d9b65affd729028e23e9f24e361c2bc1272505190220bc634f90b_synthetic_irregular_8q_spread_19,basic
prospective,0,oracle,d338eb773a8d9b65affd729028e23e9f24e361c2bc1272505190220bc634f90b_synthetic_irregular_8q_spread_29,basic
prospective,0,oracle,d338eb773a8d9b65affd729028e23e9f24e361c2bc1272505190220bc634f90b_synthetic_irregular_8q_spread_37,basic
prospective,0,oracle,d338eb773a8d9b65affd729028e23e9f24e361c2bc1272505190220bc634f90b_synthetic_irregular_8q_spread_47,basic
prospective,0,oracle,7e51cc13b595a2c405f4e95cc42eb66be8187f7e9b2846e1655f0c93c77108c8_synthetic_line_8q_favorable_11,basic
prospective,0,oracle,7e51cc13b595a2c405f4e95cc42eb66be8187f7e9b2846e1655f0c93c77108c8_synthetic_line_8q_favorable_19,basic
prospective,0,oracle,7e51cc13b595a2c405f4e95cc42eb66be8187f7e9b2846e1655f0c93c77108c8_synthetic_line_8q_favorable_29,basic
prospective,0,oracle,7e51cc13b595a2c405f4e95cc42eb66be8187f7e9b2846e1655f0c93c77108c8_synthetic_line_8q_favorable_37,basic
prospective,0,oracle,7e51cc13b595a2c405f4e95cc42eb66be8187f7e9b2846e1655f0c93c77108c8_synthetic_line_8q_favorable_47,basic
prospective,0,oracle,7e51cc13b595a2c405f4e95cc42eb66be8187f7e9b2846e1655f0c93c77108c8_synthetic_line_8q_spread_11,basic
prospective,0,oracle,7e51cc13b595a2c405f4e95cc42eb66be8187f7e9b2846e1655f0c93c77108c8_synthetic_line_8q_spread_19,basic
prospective,0,oracle,7e51cc13b595a2c405f4e95cc42eb66be8187f7e9b2846e1655f0c93c77108c8_synthetic_line_8q_spread_29,basic
prospective,0,oracle,7e51cc13b595a2c405f4e95cc42eb66be8187f7e9b2846e1655f0c93c77108c8_synthetic_line_8q_spread_37,basic
prospective,0,oracle,7e51cc13b595a2c405f4e95cc42eb66be8187f7e9b2846e1655f0c93c77108c8_synthetic_line_8q_spread_47,basic
prospective,0,oracle,7e51cc13b595a2c405f4e95cc42eb66be8187f7e9b2846e1655f0c93c77108c8_synthetic_ring_8q_transpiler_11,basic
prospective,0,oracle,7e51cc13b595a2c405f4e95cc42eb66be8187f7e9b2846e1655f0c93c77108c8_synthetic_ring_8q_transpiler_19,basic
prospective,0,oracle,7e51cc13b595a2c405f4e95cc42eb66be8187f7e9b2846e1655f0c93c77108c8_synthetic_ring_8q_transpiler_29,basic
prospective,0,oracle,7e51cc13b595a2c405f4e95cc42eb66be8187f7e9b2846e1655f0c93c77108c8_synthetic_ring_8q_transpiler_37,basic
prospective,0,oracle,7e51cc13b595a2c405f4e95cc42eb66be8187f7e9b2846e1655f0c93c77108c8_synthetic_ring_8q_transpiler_47,basic
prospective,0,oracle,7e51cc13b595a2c405f4e95cc42eb66be8187f7e9b2846e1655f0c93c77108c8_synthetic_grid_8q_transpiler_11,basic
prospective,0,oracle,7e51cc13b595a2c405f4e95cc42eb66be8187f7e9b2846e1655f0c93c77108c8_synthetic_grid_8q_transpiler_19,basic
prospective,0,oracle,7e51cc13b595a2c405f4e95cc42eb66be8187f7e9b2846e1655f0c93c77108c8_synthetic_grid_8q_transpiler_29,basic
prospective,0,oracle,7e51cc13b595a2c405f4e95cc42eb66be8187f7e9b2846e1655f0c93c77108c8_synthetic_grid_8q_transpiler_37,basic
prospective,0,oracle,7e51cc13b595a2c405f4e95cc42eb66be8187f7e9b2846e1655f0c93c77108c8_synthetic_grid_8q_transpiler_47,basic
prospective,0,oracle,7e51cc13b595a2c405f4e95cc42eb66be8187f7e9b2846e1655f0c93c77108c8_synthetic_heavy_hex_like_8q_transpiler_11,basic
prospective,0,oracle,7e51cc13b595a2c405f4e95cc42eb66be8187f7e9b2846e1655f0c93c77108c8_synthetic_heavy_hex_like_8q_transpiler_19,basic
prospective,0,oracle,7e51cc13b595a2c405f4e95cc42eb66be8187f7e9b2846e1655f0c93c77108c8_synthetic_heavy_hex_like_8q_transpiler_29,basic
prospective,0,oracle,7e51cc13b595a2c405f4e95cc42eb66be8187f7e9b2846e1655f0c93c77108c8_synthetic_heavy_hex_like_8q_transpiler_37,basic
prospective,0,oracle,7e51cc13b595a2c405f4e95cc42eb66be8187f7e9b2846e1655f0c93c77108c8_synthetic_heavy_hex_like_8q_transpiler_47,basic
prospective,0,oracle,7e51cc13b595a2c405f4e95cc42eb66be8187f7e9b2846e1655f0c93c77108c8_synthetic_irregular_8q_favorable_11,basic
prospective,0,oracle,7e51cc13b595a2c405f4e95cc42eb66be8187f7e9b2846e1655f0c93c77108c8_synthetic_irregular_8q_favorable_19,basic
prospective,0,oracle,7e51cc13b595a2c405f4e95cc42eb66be8187f7e9b2846e1655f0c93c77108c8_synthetic_irregular_8q_favorable_29,basic
prospective,0,oracle,7e51cc13b595a2c405f4e95cc42eb66be8187f7e9b2846e1655f0c93c77108c8_synthetic_irregular_8q_favorable_37,basic
prospective,0,oracle,7e51cc13b595a2c405f4e95cc42eb66be8187f7e9b2846e1655f0c93c77108c8_synthetic_irregular_8q_favorable_47,basic
prospective,0,oracle,7e51cc13b595a2c405f4e95cc42eb66be8187f7e9b2846e1655f0c93c77108c8_synthetic_irregular_8q_spread_11,basic
prospective,0,oracle,7e51cc13b595a2c405f4e95cc42eb66be8187f7e9b2846e1655f0c93c77108c8_synthetic_irregular_8q_spread_19,basic
prospective,0,oracle,7e51cc13b595a2c405f4e95cc42eb66be8187f7e9b2846e1655f0c93c77108c8_synthetic_irregular_8q_spread_29,basic
prospective,0,oracle,7e51cc13b595a2c405f4e95cc42eb66be8187f7e9b2846e1655f0c93c77108c8_synthetic_irregular_8q_spread_37,basic
prospective,0,oracle,7e51cc13b595a2c405f4e95cc42eb66be8187f7e9b2846e1655f0c93c77108c8_synthetic_irregular_8q_spread_47,basic
prospective,0,logistic,00dec25597397b2934fb42740994f65c50571551a5090f8e130104971b3c190f_synthetic_line_6q_favorable_11,teleport
prospective,0,logistic,00dec25597397b2934fb42740994f65c50571551a5090f8e130104971b3c190f_synthetic_line_6q_favorable_19,teleport
prospective,0,logistic,00dec25597397b2934fb42740994f65c50571551a5090f8e130104971b3c190f_synthetic_line_6q_favorable_29,teleport
prospective,0,logistic,00dec25597397b2934fb42740994f65c50571551a5090f8e130104971b3c190f_synthetic_line_6q_favorable_37,teleport
prospective,0,logistic,00dec25597397b2934fb42740994f65c50571551a5090f8e130104971b3c190f_synthetic_line_6q_favorable_47,teleport
prospective,0,logistic,00dec25597397b2934fb42740994f65c50571551a5090f8e130104971b3c190f_synthetic_line_6q_spread_11,teleport
prospective,0,logistic,00dec25597397b2934fb42740994f65c50571551a5090f8e130104971b3c190f_synthetic_line_6q_spread_19,teleport
prospective,0,logistic,00dec25597397b2934fb42740994f65c50571551a5090f8e130104971b3c190f_synthetic_line_6q_spread_29,teleport
prospective,0,logistic,00dec25597397b2934fb42740994f65c50571551a5090f8e130104971b3c190f_synthetic_line_6q_spread_37,teleport
prospective,0,logistic,00dec25597397b2934fb42740994f65c50571551a5090f8e130104971b3c190f_synthetic_line_6q_spread_47,teleport
prospective,0,logistic,00dec25597397b2934fb42740994f65c50571551a5090f8e130104971b3c190f_synthetic_ring_6q_transpiler_11,teleport
prospective,0,logistic,00dec25597397b2934fb42740994f65c50571551a5090f8e130104971b3c190f_synthetic_ring_6q_transpiler_19,teleport
prospective,0,logistic,00dec25597397b2934fb42740994f65c50571551a5090f8e130104971b3c190f_synthetic_ring_6q_transpiler_29,teleport
prospective,0,logistic,00dec25597397b2934fb42740994f65c50571551a5090f8e130104971b3c190f_synthetic_ring_6q_transpiler_37,teleport
prospective,0,logistic,00dec25597397b2934fb42740994f65c50571551a5090f8e130104971b3c190f_synthetic_ring_6q_transpiler_47,teleport
prospective,0,logistic,00dec25597397b2934fb42740994f65c50571551a5090f8e130104971b3c190f_synthetic_grid_6q_transpiler_11,teleport
prospective,0,logistic,00dec25597397b2934fb42740994f65c50571551a5090f8e130104971b3c190f_synthetic_grid_6q_transpiler_19,teleport
prospective,0,logistic,00dec25597397b2934fb42740994f65c50571551a5090f8e130104971b3c190f_synthetic_grid_6q_transpiler_29,teleport
prospective,0,logistic,00dec25597397b2934fb42740994f65c50571551a5090f8e130104971b3c190f_synthetic_grid_6q_transpiler_37,teleport
prospective,0,logistic,00dec25597397b2934fb42740994f65c50571551a5090f8e130104971b3c190f_synthetic_grid_6q_transpiler_47,teleport
prospective,0,logistic,00dec25597397b2934fb42740994f65c50571551a5090f8e130104971b3c190f_synthetic_heavy_hex_like_7q_transpiler_11,teleport
prospective,0,logistic,00dec25597397b2934fb42740994f65c50571551a5090f8e130104971b3c190f_synthetic_heavy_hex_like_7q_transpiler_19,teleport
prospective,0,logistic,00dec25597397b2934fb42740994f65c50571551a5090f8e130104971b3c190f_synthetic_heavy_hex_like_7q_transpiler_29,teleport
prospective,0,logistic,00dec25597397b2934fb42740994f65c50571551a5090f8e130104971b3c190f_synthetic_heavy_hex_like_7q_transpiler_37,teleport
prospective,0,logistic,00dec25597397b2934fb42740994f65c50571551a5090f8e130104971b3c190f_synthetic_heavy_hex_like_7q_transpiler_47,teleport
prospective,0,logistic,00dec25597397b2934fb42740994f65c50571551a5090f8e130104971b3c190f_synthetic_irregular_7q_favorable_11,teleport
prospective,0,logistic,00dec25597397b2934fb42740994f65c50571551a5090f8e130104971b3c190f_synthetic_irregular_7q_favorable_19,teleport
prospective,0,logistic,00dec25597397b2934fb42740994f65c50571551a5090f8e130104971b3c190f_synthetic_irregular_7q_favorable_29,teleport
prospective,0,logistic,00dec25597397b2934fb42740994f65c50571551a5090f8e130104971b3c190f_synthetic_irregular_7q_favorable_37,teleport
prospective,0,logistic,00dec25597397b2934fb42740994f65c50571551a5090f8e130104971b3c190f_synthetic_irregular_7q_favorable_47,teleport
prospective,0,logistic,00dec25597397b2934fb42740994f65c50571551a5090f8e130104971b3c190f_synthetic_irregular_7q_spread_11,teleport
prospective,0,logistic,00dec25597397b2934fb42740994f65c50571551a5090f8e130104971b3c190f_synthetic_irregular_7q_spread_19,teleport
prospective,0,logistic,00dec25597397b2934fb42740994f65c50571551a5090f8e130104971b3c190f_synthetic_irregular_7q_spread_29,teleport
prospective,0,logistic,00dec25597397b2934fb42740994f65c50571551a5090f8e130104971b3c190f_synthetic_irregular_7q_spread_37,teleport
prospective,0,logistic,00dec25597397b2934fb42740994f65c50571551a5090f8e130104971b3c190f_synthetic_irregular_7q_spread_47,teleport
prospective,0,logistic,49f9e42949fe44e9cacc4cb550ad5cc71ba965632af7f9c8a4fd8e3384156438_synthetic_line_6q_favorable_11,teleport
prospective,0,logistic,49f9e42949fe44e9cacc4cb550ad5cc71ba965632af7f9c8a4fd8e3384156438_synthetic_line_6q_favorable_19,teleport
prospective,0,logistic,49f9e42949fe44e9cacc4cb550ad5cc71ba965632af7f9c8a4fd8e3384156438_synthetic_line_6q_favorable_29,teleport
prospective,0,logistic,49f9e42949fe44e9cacc4cb550ad5cc71ba965632af7f9c8a4fd8e3384156438_synthetic_line_6q_favorable_37,teleport
prospective,0,logistic,49f9e42949fe44e9cacc4cb550ad5cc71ba965632af7f9c8a4fd8e3384156438_synthetic_line_6q_favorable_47,teleport
prospective,0,logistic,49f9e42949fe44e9cacc4cb550ad5cc71ba965632af7f9c8a4fd8e3384156438_synthetic_line_6q_spread_11,teleport
prospective,0,logistic,49f9e42949fe44e9cacc4cb550ad5cc71ba965632af7f9c8a4fd8e3384156438_synthetic_line_6q_spread_19,teleport
prospective,0,logistic,49f9e42949fe44e9cacc4cb550ad5cc71ba965632af7f9c8a4fd8e3384156438_synthetic_line_6q_spread_29,teleport
prospective,0,logistic,49f9e42949fe44e9cacc4cb550ad5cc71ba965632af7f9c8a4fd8e3384156438_synthetic_line_6q_spread_37,teleport
prospective,0,logistic,49f9e42949fe44e9cacc4cb550ad5cc71ba965632af7f9c8a4fd8e3384156438_synthetic_line_6q_spread_47,teleport
prospective,0,logistic,49f9e42949fe44e9cacc4cb550ad5cc71ba965632af7f9c8a4fd8e3384156438_synthetic_ring_6q_transpiler_11,teleport
prospective,0,logistic,49f9e42949fe44e9cacc4cb550ad5cc71ba965632af7f9c8a4fd8e3384156438_synthetic_ring_6q_transpiler_19,teleport
prospective,0,logistic,49f9e42949fe44e9cacc4cb550ad5cc71ba965632af7f9c8a4fd8e3384156438_synthetic_ring_6q_transpiler_29,teleport
prospective,0,logistic,49f9e42949fe44e9cacc4cb550ad5cc71ba965632af7f9c8a4fd8e3384156438_synthetic_ring_6q_transpiler_37,teleport
prospective,0,logistic,49f9e42949fe44e9cacc4cb550ad5cc71ba965632af7f9c8a4fd8e3384156438_synthetic_ring_6q_transpiler_47,teleport
prospective,0,logistic,49f9e42949fe44e9cacc4cb550ad5cc71ba965632af7f9c8a4fd8e3384156438_synthetic_grid_6q_transpiler_11,teleport
prospective,0,logistic,49f9e42949fe44e9cacc4cb550ad5cc71ba965632af7f9c8a4fd8e3384156438_synthetic_grid_6q_transpiler_19,teleport
prospective,0,logistic,49f9e42949fe44e9cacc4cb550ad5cc71ba965632af7f9c8a4fd8e3384156438_synthetic_grid_6q_transpiler_29,teleport
prospective,0,logistic,49f9e42949fe44e9cacc4cb550ad5cc71ba965632af7f9c8a4fd8e3384156438_synthetic_grid_6q_transpiler_37,teleport
prospective,0,logistic,49f9e42949fe44e9cacc4cb550ad5cc71ba965632af7f9c8a4fd8e3384156438_synthetic_grid_6q_transpiler_47,teleport
prospective,0,logistic,49f9e42949fe44e9cacc4cb550ad5cc71ba965632af7f9c8a4fd8e3384156438_synthetic_heavy_hex_like_7q_transpiler_11,teleport
prospective,0,logistic,49f9e42949fe44e9cacc4cb550ad5cc71ba965632af7f9c8a4fd8e3384156438_synthetic_heavy_hex_like_7q_transpiler_19,teleport
prospective,0,logistic,49f9e42949fe44e9cacc4cb550ad5cc71ba965632af7f9c8a4fd8e3384156438_synthetic_heavy_hex_like_7q_transpiler_29,teleport
prospective,0,logistic,49f9e42949fe44e9cacc4cb550ad5cc71ba965632af7f9c8a4fd8e3384156438_synthetic_heavy_hex_like_7q_transpiler_37,teleport
prospective,0,logistic,49f9e42949fe44e9cacc4cb550ad5cc71ba965632af7f9c8a4fd8e3384156438_synthetic_heavy_hex_like_7q_transpiler_47,teleport
prospective,0,logistic,49f9e42949fe44e9cacc4cb550ad5cc71ba965632af7f9c8a4fd8e3384156438_synthetic_irregular_7q_favorable_11,teleport
prospective,0,logistic,49f9e42949fe44e9cacc4cb550ad5cc71ba965632af7f9c8a4fd8e3384156438_synthetic_irregular_7q_favorable_19,teleport
prospective,0,logistic,49f9e42949fe44e9cacc4cb550ad5cc71ba965632af7f9c8a4fd8e3384156438_synthetic_irregular_7q_favorable_29,teleport
prospective,0,logistic,49f9e42949fe44e9cacc4cb550ad5cc71ba965632af7f9c8a4fd8e3384156438_synthetic_irregular_7q_favorable_37,teleport
prospective,0,logistic,49f9e42949fe44e9cacc4cb550ad5cc71ba965632af7f9c8a4fd8e3384156438_synthetic_irregular_7q_favorable_47,teleport
prospective,0,logistic,49f9e42949fe44e9cacc4cb550ad5cc71ba965632af7f9c8a4fd8e3384156438_synthetic_irregular_7q_spread_11,teleport
prospective,0,logistic,49f9e42949fe44e9cacc4cb550ad5cc71ba965632af7f9c8a4fd8e3384156438_synthetic_irregular_7q_spread_19,teleport
prospective,0,logistic,49f9e42949fe44e9cacc4cb550ad5cc71ba965632af7f9c8a4fd8e3384156438_synthetic_irregular_7q_spread_29,teleport
prospective,0,logistic,49f9e42949fe44e9cacc4cb550ad5cc71ba965632af7f9c8a4fd8e3384156438_synthetic_irregular_7q_spread_37,teleport
prospective,0,logistic,49f9e42949fe44e9cacc4cb550ad5cc71ba965632af7f9c8a4fd8e3384156438_synthetic_irregular_7q_spread_47,teleport
prospective,0,logistic,6a9ea95959ada3b9eb58a4396c3fc46af54caed318314ad360db449a01f90c66_synthetic_line_6q_favorable_11,teleport
prospective,0,logistic,6a9ea95959ada3b9eb58a4396c3fc46af54caed318314ad360db449a01f90c66_synthetic_line_6q_favorable_19,teleport
prospective,0,logistic,6a9ea95959ada3b9eb58a4396c3fc46af54caed318314ad360db449a01f90c66_synthetic_line_6q_favorable_29,teleport
prospective,0,logistic,6a9ea95959ada3b9eb58a4396c3fc46af54caed318314ad360db449a01f90c66_synthetic_line_6q_favorable_37,teleport
prospective,0,logistic,6a9ea95959ada3b9eb58a4396c3fc46af54caed318314ad360db449a01f90c66_synthetic_line_6q_favorable_47,teleport
prospective,0,logistic,6a9ea95959ada3b9eb58a4396c3fc46af54caed318314ad360db449a01f90c66_synthetic_line_6q_spread_11,teleport
prospective,0,logistic,6a9ea95959ada3b9eb58a4396c3fc46af54caed318314ad360db449a01f90c66_synthetic_line_6q_spread_19,teleport
prospective,0,logistic,6a9ea95959ada3b9eb58a4396c3fc46af54caed318314ad360db449a01f90c66_synthetic_line_6q_spread_29,teleport
prospective,0,logistic,6a9ea95959ada3b9eb58a4396c3fc46af54caed318314ad360db449a01f90c66_synthetic_line_6q_spread_37,teleport
prospective,0,logistic,6a9ea95959ada3b9eb58a4396c3fc46af54caed318314ad360db449a01f90c66_synthetic_line_6q_spread_47,teleport
prospective,0,logistic,6a9ea95959ada3b9eb58a4396c3fc46af54caed318314ad360db449a01f90c66_synthetic_ring_6q_transpiler_11,teleport
prospective,0,logistic,6a9ea95959ada3b9eb58a4396c3fc46af54caed318314ad360db449a01f90c66_synthetic_ring_6q_transpiler_19,teleport
prospective,0,logistic,6a9ea95959ada3b9eb58a4396c3fc46af54caed318314ad360db449a01f90c66_synthetic_ring_6q_transpiler_29,teleport
prospective,0,logistic,6a9ea95959ada3b9eb58a4396c3fc46af54caed318314ad360db449a01f90c66_synthetic_ring_6q_transpiler_37,teleport
prospective,0,logistic,6a9ea95959ada3b9eb58a4396c3fc46af54caed318314ad360db449a01f90c66_synthetic_ring_6q_transpiler_47,teleport
prospective,0,logistic,6a9ea95959ada3b9eb58a4396c3fc46af54caed318314ad360db449a01f90c66_synthetic_grid_6q_transpiler_11,teleport
prospective,0,logistic,6a9ea95959ada3b9eb58a4396c3fc46af54caed318314ad360db449a01f90c66_synthetic_grid_6q_transpiler_19,teleport
prospective,0,logistic,6a9ea95959ada3b9eb58a4396c3fc46af54caed318314ad360db449a01f90c66_synthetic_grid_6q_transpiler_29,teleport
prospective,0,logistic,6a9ea95959ada3b9eb58a4396c3fc46af54caed318314ad360db449a01f90c66_synthetic_grid_6q_transpiler_37,teleport
prospective,0,logistic,6a9ea95959ada3b9eb58a4396c3fc46af54caed318314ad360db449a01f90c66_synthetic_grid_6q_transpiler_47,teleport
prospective,0,logistic,6a9ea95959ada3b9eb58a4396c3fc46af54caed318314ad360db449a01f90c66_synthetic_heavy_hex_like_7q_transpiler_11,teleport
prospective,0,logistic,6a9ea95959ada3b9eb58a4396c3fc46af54caed318314ad360db449a01f90c66_synthetic_heavy_hex_like_7q_transpiler_19,teleport
prospective,0,logistic,6a9ea95959ada3b9eb58a4396c3fc46af54caed318314ad360db449a01f90c66_synthetic_heavy_hex_like_7q_transpiler_29,teleport
prospective,0,logistic,6a9ea95959ada3b9eb58a4396c3fc46af54caed318314ad360db449a01f90c66_synthetic_heavy_hex_like_7q_transpiler_37,teleport
prospective,0,logistic,6a9ea95959ada3b9eb58a4396c3fc46af54caed318314ad360db449a01f90c66_synthetic_heavy_hex_like_7q_transpiler_47,teleport
prospective,0,logistic,6a9ea95959ada3b9eb58a4396c3fc46af54caed318314ad360db449a01f90c66_synthetic_irregular_7q_favorable_11,teleport
prospective,0,logistic,6a9ea95959ada3b9eb58a4396c3fc46af54caed318314ad360db449a01f90c66_synthetic_irregular_7q_favorable_19,teleport
prospective,0,logistic,6a9ea95959ada3b9eb58a4396c3fc46af54caed318314ad360db449a01f90c66_synthetic_irregular_7q_favorable_29,teleport
prospective,0,logistic,6a9ea95959ada3b9eb58a4396c3fc46af54caed318314ad360db449a01f90c66_synthetic_irregular_7q_favorable_37,teleport
prospective,0,logistic,6a9ea95959ada3b9eb58a4396c3fc46af54caed318314ad360db449a01f90c66_synthetic_irregular_7q_favorable_47,teleport
prospective,0,logistic,6a9ea95959ada3b9eb58a4396c3fc46af54caed318314ad360db449a01f90c66_synthetic_irregular_7q_spread_11,teleport
prospective,0,logistic,6a9ea95959ada3b9eb58a4396c3fc46af54caed318314ad360db449a01f90c66_synthetic_irregular_7q_spread_19,teleport
prospective,0,logistic,6a9ea95959ada3b9eb58a4396c3fc46af54caed318314ad360db449a01f90c66_synthetic_irregular_7q_spread_29,teleport
prospective,0,logistic,6a9ea95959ada3b9eb58a4396c3fc46af54caed318314ad360db449a01f90c66_synthetic_irregular_7q_spread_37,teleport
prospective,0,logistic,6a9ea95959ada3b9eb58a4396c3fc46af54caed318314ad360db449a01f90c66_synthetic_irregular_7q_spread_47,teleport
prospective,0,logistic,2b5e0ed483cc3050468f9dbe07ba775d3779a0f5f0b1d9721b5967992a9fa793_synthetic_line_6q_favorable_11,teleport
prospective,0,logistic,2b5e0ed483cc3050468f9dbe07ba775d3779a0f5f0b1d9721b5967992a9fa793_synthetic_line_6q_favorable_19,teleport
prospective,0,logistic,2b5e0ed483cc3050468f9dbe07ba775d3779a0f5f0b1d9721b5967992a9fa793_synthetic_line_6q_favorable_29,teleport
prospective,0,logistic,2b5e0ed483cc3050468f9dbe07ba775d3779a0f5f0b1d9721b5967992a9fa793_synthetic_line_6q_favorable_37,teleport
prospective,0,logistic,2b5e0ed483cc3050468f9dbe07ba775d3779a0f5f0b1d9721b5967992a9fa793_synthetic_line_6q_favorable_47,teleport
prospective,0,logistic,2b5e0ed483cc3050468f9dbe07ba775d3779a0f5f0b1d9721b5967992a9fa793_synthetic_line_6q_spread_11,teleport
prospective,0,logistic,2b5e0ed483cc3050468f9dbe07ba775d3779a0f5f0b1d9721b5967992a9fa793_synthetic_line_6q_spread_19,teleport
prospective,0,logistic,2b5e0ed483cc3050468f9dbe07ba775d3779a0f5f0b1d9721b5967992a9fa793_synthetic_line_6q_spread_29,teleport
prospective,0,logistic,2b5e0ed483cc3050468f9dbe07ba775d3779a0f5f0b1d9721b5967992a9fa793_synthetic_line_6q_spread_37,teleport
prospective,0,logistic,2b5e0ed483cc3050468f9dbe07ba775d3779a0f5f0b1d9721b5967992a9fa793_synthetic_line_6q_spread_47,teleport
prospective,0,logistic,2b5e0ed483cc3050468f9dbe07ba775d3779a0f5f0b1d9721b5967992a9fa793_synthetic_ring_6q_transpiler_11,teleport
prospective,0,logistic,2b5e0ed483cc3050468f9dbe07ba775d3779a0f5f0b1d9721b5967992a9fa793_synthetic_ring_6q_transpiler_19,teleport
prospective,0,logistic,2b5e0ed483cc3050468f9dbe07ba775d3779a0f5f0b1d9721b5967992a9fa793_synthetic_ring_6q_transpiler_29,teleport
prospective,0,logistic,2b5e0ed483cc3050468f9dbe07ba775d3779a0f5f0b1d9721b5967992a9fa793_synthetic_ring_6q_transpiler_37,teleport
prospective,0,logistic,2b5e0ed483cc3050468f9dbe07ba775d3779a0f5f0b1d9721b5967992a9fa793_synthetic_ring_6q_transpiler_47,teleport
prospective,0,logistic,2b5e0ed483cc3050468f9dbe07ba775d3779a0f5f0b1d9721b5967992a9fa793_synthetic_grid_6q_transpiler_11,teleport
prospective,0,logistic,2b5e0ed483cc3050468f9dbe07ba775d3779a0f5f0b1d9721b5967992a9fa793_synthetic_grid_6q_transpiler_19,teleport
prospective,0,logistic,2b5e0ed483cc3050468f9dbe07ba775d3779a0f5f0b1d9721b5967992a9fa793_synthetic_grid_6q_transpiler_29,teleport
prospective,0,logistic,2b5e0ed483cc3050468f9dbe07ba775d3779a0f5f0b1d9721b5967992a9fa793_synthetic_grid_6q_transpiler_37,teleport
prospective,0,logistic,2b5e0ed483cc3050468f9dbe07ba775d3779a0f5f0b1d9721b5967992a9fa793_synthetic_grid_6q_transpiler_47,teleport
prospective,0,logistic,2b5e0ed483cc3050468f9dbe07ba775d3779a0f5f0b1d9721b5967992a9fa793_synthetic_heavy_hex_like_7q_transpiler_11,teleport
prospective,0,logistic,2b5e0ed483cc3050468f9dbe07ba775d3779a0f5f0b1d9721b5967992a9fa793_synthetic_heavy_hex_like_7q_transpiler_19,teleport
prospective,0,logistic,2b5e0ed483cc3050468f9dbe07ba775d3779a0f5f0b1d9721b5967992a9fa793_synthetic_heavy_hex_like_7q_transpiler_29,teleport
prospective,0,logistic,2b5e0ed483cc3050468f9dbe07ba775d3779a0f5f0b1d9721b5967992a9fa793_synthetic_heavy_hex_like_7q_transpiler_37,teleport
prospective,0,logistic,2b5e0ed483cc3050468f9dbe07ba775d3779a0f5f0b1d9721b5967992a9fa793_synthetic_heavy_hex_like_7q_transpiler_47,teleport
prospective,0,logistic,2b5e0ed483cc3050468f9dbe07ba775d3779a0f5f0b1d9721b5967992a9fa793_synthetic_irregular_7q_favorable_11,teleport
prospective,0,logistic,2b5e0ed483cc3050468f9dbe07ba775d3779a0f5f0b1d9721b5967992a9fa793_synthetic_irregular_7q_favorable_19,teleport
prospective,0,logistic,2b5e0ed483cc3050468f9dbe07ba775d3779a0f5f0b1d9721b5967992a9fa793_synthetic_irregular_7q_favorable_29,teleport
prospective,0,logistic,2b5e0ed483cc3050468f9dbe07ba775d3779a0f5f0b1d9721b5967992a9fa793_synthetic_irregular_7q_favorable_37,teleport
prospective,0,logistic,2b5e0ed483cc3050468f9dbe07ba775d3779a0f5f0b1d9721b5967992a9fa793_synthetic_irregular_7q_favorable_47,teleport
prospective,0,logistic,2b5e0ed483cc3050468f9dbe07ba775d3779a0f5f0b1d9721b5967992a9fa793_synthetic_irregular_7q_spread_11,teleport
prospective,0,logistic,2b5e0ed483cc3050468f9dbe07ba775d3779a0f5f0b1d9721b5967992a9fa793_synthetic_irregular_7q_spread_19,teleport
prospective,0,logistic,2b5e0ed483cc3050468f9dbe07ba775d3779a0f5f0b1d9721b5967992a9fa793_synthetic_irregular_7q_spread_29,teleport
prospective,0,logistic,2b5e0ed483cc3050468f9dbe07ba775d3779a0f5f0b1d9721b5967992a9fa793_synthetic_irregular_7q_spread_37,teleport
prospective,0,logistic,2b5e0ed483cc3050468f9dbe07ba775d3779a0f5f0b1d9721b5967992a9fa793_synthetic_irregular_7q_spread_47,teleport
prospective,0,logistic,8e4246a80f37dc867d0cfe5b703c5e97fe1bd50168e294b8649e2eadb63771f1_synthetic_line_6q_favorable_11,teleport
prospective,0,logistic,8e4246a80f37dc867d0cfe5b703c5e97fe1bd50168e294b8649e2eadb63771f1_synthetic_line_6q_favorable_19,teleport
prospective,0,logistic,8e4246a80f37dc867d0cfe5b703c5e97fe1bd50168e294b8649e2eadb63771f1_synthetic_line_6q_favorable_29,teleport
prospective,0,logistic,8e4246a80f37dc867d0cfe5b703c5e97fe1bd50168e294b8649e2eadb63771f1_synthetic_line_6q_favorable_37,teleport
prospective,0,logistic,8e4246a80f37dc867d0cfe5b703c5e97fe1bd50168e294b8649e2eadb63771f1_synthetic_line_6q_favorable_47,teleport
prospective,0,logistic,8e4246a80f37dc867d0cfe5b703c5e97fe1bd50168e294b8649e2eadb63771f1_synthetic_line_6q_spread_11,teleport
prospective,0,logistic,8e4246a80f37dc867d0cfe5b703c5e97fe1bd50168e294b8649e2eadb63771f1_synthetic_line_6q_spread_19,teleport
prospective,0,logistic,8e4246a80f37dc867d0cfe5b703c5e97fe1bd50168e294b8649e2eadb63771f1_synthetic_line_6q_spread_29,teleport
prospective,0,logistic,8e4246a80f37dc867d0cfe5b703c5e97fe1bd50168e294b8649e2eadb63771f1_synthetic_line_6q_spread_37,teleport
prospective,0,logistic,8e4246a80f37dc867d0cfe5b703c5e97fe1bd50168e294b8649e2eadb63771f1_synthetic_line_6q_spread_47,teleport
prospective,0,logistic,8e4246a80f37dc867d0cfe5b703c5e97fe1bd50168e294b8649e2eadb63771f1_synthetic_ring_6q_transpiler_11,teleport
prospective,0,logistic,8e4246a80f37dc867d0cfe5b703c5e97fe1bd50168e294b8649e2eadb63771f1_synthetic_ring_6q_transpiler_19,teleport
prospective,0,logistic,8e4246a80f37dc867d0cfe5b703c5e97fe1bd50168e294b8649e2eadb63771f1_synthetic_ring_6q_transpiler_29,teleport
prospective,0,logistic,8e4246a80f37dc867d0cfe5b703c5e97fe1bd50168e294b8649e2eadb63771f1_synthetic_ring_6q_transpiler_37,teleport
prospective,0,logistic,8e4246a80f37dc867d0cfe5b703c5e97fe1bd50168e294b8649e2eadb63771f1_synthetic_ring_6q_transpiler_47,teleport
prospective,0,logistic,8e4246a80f37dc867d0cfe5b703c5e97fe1bd50168e294b8649e2eadb63771f1_synthetic_grid_6q_transpiler_11,teleport
prospective,0,logistic,8e4246a80f37dc867d0cfe5b703c5e97fe1bd50168e294b8649e2eadb63771f1_synthetic_grid_6q_transpiler_19,teleport
prospective,0,logistic,8e4246a80f37dc867d0cfe5b703c5e97fe1bd50168e294b8649e2eadb63771f1_synthetic_grid_6q_transpiler_29,teleport
prospective,0,logistic,8e4246a80f37dc867d0cfe5b703c5e97fe1bd50168e294b8649e2eadb63771f1_synthetic_grid_6q_transpiler_37,teleport
prospective,0,logistic,8e4246a80f37dc867d0cfe5b703c5e97fe1bd50168e294b8649e2eadb63771f1_synthetic_grid_6q_transpiler_47,teleport
prospective,0,logistic,8e4246a80f37dc867d0cfe5b703c5e97fe1bd50168e294b8649e2eadb63771f1_synthetic_heavy_hex_like_7q_transpiler_11,teleport
prospective,0,logistic,8e4246a80f37dc867d0cfe5b703c5e97fe1bd50168e294b8649e2eadb63771f1_synthetic_heavy_hex_like_7q_transpiler_19,teleport
prospective,0,logistic,8e4246a80f37dc867d0cfe5b703c5e97fe1bd50168e294b8649e2eadb63771f1_synthetic_heavy_hex_like_7q_transpiler_29,teleport
prospective,0,logistic,8e4246a80f37dc867d0cfe5b703c5e97fe1bd50168e294b8649e2eadb63771f1_synthetic_heavy_hex_like_7q_transpiler_37,teleport
prospective,0,logistic,8e4246a80f37dc867d0cfe5b703c5e97fe1bd50168e294b8649e2eadb63771f1_synthetic_heavy_hex_like_7q_transpiler_47,teleport
prospective,0,logistic,8e4246a80f37dc867d0cfe5b703c5e97fe1bd50168e294b8649e2eadb63771f1_synthetic_irregular_7q_favorable_11,teleport
prospective,0,logistic,8e4246a80f37dc867d0cfe5b703c5e97fe1bd50168e294b8649e2eadb63771f1_synthetic_irregular_7q_favorable_19,teleport
prospective,0,logistic,8e4246a80f37dc867d0cfe5b703c5e97fe1bd50168e294b8649e2eadb63771f1_synthetic_irregular_7q_favorable_29,teleport
prospective,0,logistic,8e4246a80f37dc867d0cfe5b703c5e97fe1bd50168e294b8649e2eadb63771f1_synthetic_irregular_7q_favorable_37,teleport
prospective,0,logistic,8e4246a80f37dc867d0cfe5b703c5e97fe1bd50168e294b8649e2eadb63771f1_synthetic_irregular_7q_favorable_47,teleport
prospective,0,logistic,8e4246a80f37dc867d0cfe5b703c5e97fe1bd50168e294b8649e2eadb63771f1_synthetic_irregular_7q_spread_11,teleport
prospective,0,logistic,8e4246a80f37dc867d0cfe5b703c5e97fe1bd50168e294b8649e2eadb63771f1_synthetic_irregular_7q_spread_19,teleport
prospective,0,logistic,8e4246a80f37dc867d0cfe5b703c5e97fe1bd50168e294b8649e2eadb63771f1_synthetic_irregular_7q_spread_29,teleport
prospective,0,logistic,8e4246a80f37dc867d0cfe5b703c5e97fe1bd50168e294b8649e2eadb63771f1_synthetic_irregular_7q_spread_37,teleport
prospective,0,logistic,8e4246a80f37dc867d0cfe5b703c5e97fe1bd50168e294b8649e2eadb63771f1_synthetic_irregular_7q_spread_47,teleport
prospective,0,logistic,4578146e16dfcf0a3a55a1b3fea16f778ac944886bf5b33e90f7dc227bfcd90d_synthetic_line_6q_favorable_11,teleport
prospective,0,logistic,4578146e16dfcf0a3a55a1b3fea16f778ac944886bf5b33e90f7dc227bfcd90d_synthetic_line_6q_favorable_19,teleport
prospective,0,logistic,4578146e16dfcf0a3a55a1b3fea16f778ac944886bf5b33e90f7dc227bfcd90d_synthetic_line_6q_favorable_29,teleport
prospective,0,logistic,4578146e16dfcf0a3a55a1b3fea16f778ac944886bf5b33e90f7dc227bfcd90d_synthetic_line_6q_favorable_37,teleport
prospective,0,logistic,4578146e16dfcf0a3a55a1b3fea16f778ac944886bf5b33e90f7dc227bfcd90d_synthetic_line_6q_favorable_47,teleport
prospective,0,logistic,4578146e16dfcf0a3a55a1b3fea16f778ac944886bf5b33e90f7dc227bfcd90d_synthetic_line_6q_spread_11,teleport
prospective,0,logistic,4578146e16dfcf0a3a55a1b3fea16f778ac944886bf5b33e90f7dc227bfcd90d_synthetic_line_6q_spread_19,teleport
prospective,0,logistic,4578146e16dfcf0a3a55a1b3fea16f778ac944886bf5b33e90f7dc227bfcd90d_synthetic_line_6q_spread_29,teleport
prospective,0,logistic,4578146e16dfcf0a3a55a1b3fea16f778ac944886bf5b33e90f7dc227bfcd90d_synthetic_line_6q_spread_37,teleport
prospective,0,logistic,4578146e16dfcf0a3a55a1b3fea16f778ac944886bf5b33e90f7dc227bfcd90d_synthetic_line_6q_spread_47,teleport
prospective,0,logistic,4578146e16dfcf0a3a55a1b3fea16f778ac944886bf5b33e90f7dc227bfcd90d_synthetic_ring_6q_transpiler_11,teleport
prospective,0,logistic,4578146e16dfcf0a3a55a1b3fea16f778ac944886bf5b33e90f7dc227bfcd90d_synthetic_ring_6q_transpiler_19,teleport
prospective,0,logistic,4578146e16dfcf0a3a55a1b3fea16f778ac944886bf5b33e90f7dc227bfcd90d_synthetic_ring_6q_transpiler_29,teleport
prospective,0,logistic,4578146e16dfcf0a3a55a1b3fea16f778ac944886bf5b33e90f7dc227bfcd90d_synthetic_ring_6q_transpiler_37,teleport
prospective,0,logistic,4578146e16dfcf0a3a55a1b3fea16f778ac944886bf5b33e90f7dc227bfcd90d_synthetic_ring_6q_transpiler_47,teleport
prospective,0,logistic,4578146e16dfcf0a3a55a1b3fea16f778ac944886bf5b33e90f7dc227bfcd90d_synthetic_grid_6q_transpiler_11,teleport
prospective,0,logistic,4578146e16dfcf0a3a55a1b3fea16f778ac944886bf5b33e90f7dc227bfcd90d_synthetic_grid_6q_transpiler_19,teleport
prospective,0,logistic,4578146e16dfcf0a3a55a1b3fea16f778ac944886bf5b33e90f7dc227bfcd90d_synthetic_grid_6q_transpiler_29,teleport
prospective,0,logistic,4578146e16dfcf0a3a55a1b3fea16f778ac944886bf5b33e90f7dc227bfcd90d_synthetic_grid_6q_transpiler_37,teleport
prospective,0,logistic,4578146e16dfcf0a3a55a1b3fea16f778ac944886bf5b33e90f7dc227bfcd90d_synthetic_grid_6q_transpiler_47,teleport
prospective,0,logistic,4578146e16dfcf0a3a55a1b3fea16f778ac944886bf5b33e90f7dc227bfcd90d_synthetic_heavy_hex_like_7q_transpiler_11,teleport
prospective,0,logistic,4578146e16dfcf0a3a55a1b3fea16f778ac944886bf5b33e90f7dc227bfcd90d_synthetic_heavy_hex_like_7q_transpiler_19,teleport
prospective,0,logistic,4578146e16dfcf0a3a55a1b3fea16f778ac944886bf5b33e90f7dc227bfcd90d_synthetic_heavy_hex_like_7q_transpiler_29,teleport
prospective,0,logistic,4578146e16dfcf0a3a55a1b3fea16f778ac944886bf5b33e90f7dc227bfcd90d_synthetic_heavy_hex_like_7q_transpiler_37,teleport
prospective,0,logistic,4578146e16dfcf0a3a55a1b3fea16f778ac944886bf5b33e90f7dc227bfcd90d_synthetic_heavy_hex_like_7q_transpiler_47,teleport
prospective,0,logistic,4578146e16dfcf0a3a55a1b3fea16f778ac944886bf5b33e90f7dc227bfcd90d_synthetic_irregular_7q_favorable_11,basic
prospective,0,logistic,4578146e16dfcf0a3a55a1b3fea16f778ac944886bf5b33e90f7dc227bfcd90d_synthetic_irregular_7q_favorable_19,basic
prospective,0,logistic,4578146e16dfcf0a3a55a1b3fea16f778ac944886bf5b33e90f7dc227bfcd90d_synthetic_irregular_7q_favorable_29,basic
prospective,0,logistic,4578146e16dfcf0a3a55a1b3fea16f778ac944886bf5b33e90f7dc227bfcd90d_synthetic_irregular_7q_favorable_37,basic
prospective,0,logistic,4578146e16dfcf0a3a55a1b3fea16f778ac944886bf5b33e90f7dc227bfcd90d_synthetic_irregular_7q_favorable_47,basic
prospective,0,logistic,4578146e16dfcf0a3a55a1b3fea16f778ac944886bf5b33e90f7dc227bfcd90d_synthetic_irregular_7q_spread_11,teleport
prospective,0,logistic,4578146e16dfcf0a3a55a1b3fea16f778ac944886bf5b33e90f7dc227bfcd90d_synthetic_irregular_7q_spread_19,teleport
prospective,0,logistic,4578146e16dfcf0a3a55a1b3fea16f778ac944886bf5b33e90f7dc227bfcd90d_synthetic_irregular_7q_spread_29,teleport
prospective,0,logistic,4578146e16dfcf0a3a55a1b3fea16f778ac944886bf5b33e90f7dc227bfcd90d_synthetic_irregular_7q_spread_37,teleport
prospective,0,logistic,4578146e16dfcf0a3a55a1b3fea16f778ac944886bf5b33e90f7dc227bfcd90d_synthetic_irregular_7q_spread_47,teleport
prospective,0,logistic,b75cbf89649a5d40ee4400d372e6cf3e16e5c828229f394ddf0f65442c3f44a5_synthetic_line_8q_favorable_11,basic
prospective,0,logistic,b75cbf89649a5d40ee4400d372e6cf3e16e5c828229f394ddf0f65442c3f44a5_synthetic_line_8q_favorable_19,basic
prospective,0,logistic,b75cbf89649a5d40ee4400d372e6cf3e16e5c828229f394ddf0f65442c3f44a5_synthetic_line_8q_favorable_29,basic
prospective,0,logistic,b75cbf89649a5d40ee4400d372e6cf3e16e5c828229f394ddf0f65442c3f44a5_synthetic_line_8q_favorable_37,basic
prospective,0,logistic,b75cbf89649a5d40ee4400d372e6cf3e16e5c828229f394ddf0f65442c3f44a5_synthetic_line_8q_favorable_47,basic
prospective,0,logistic,b75cbf89649a5d40ee4400d372e6cf3e16e5c828229f394ddf0f65442c3f44a5_synthetic_line_8q_spread_11,basic
prospective,0,logistic,b75cbf89649a5d40ee4400d372e6cf3e16e5c828229f394ddf0f65442c3f44a5_synthetic_line_8q_spread_19,basic
prospective,0,logistic,b75cbf89649a5d40ee4400d372e6cf3e16e5c828229f394ddf0f65442c3f44a5_synthetic_line_8q_spread_29,basic
prospective,0,logistic,b75cbf89649a5d40ee4400d372e6cf3e16e5c828229f394ddf0f65442c3f44a5_synthetic_line_8q_spread_37,basic
prospective,0,logistic,b75cbf89649a5d40ee4400d372e6cf3e16e5c828229f394ddf0f65442c3f44a5_synthetic_line_8q_spread_47,basic
prospective,0,logistic,b75cbf89649a5d40ee4400d372e6cf3e16e5c828229f394ddf0f65442c3f44a5_synthetic_ring_8q_transpiler_11,basic
prospective,0,logistic,b75cbf89649a5d40ee4400d372e6cf3e16e5c828229f394ddf0f65442c3f44a5_synthetic_ring_8q_transpiler_19,basic
prospective,0,logistic,b75cbf89649a5d40ee4400d372e6cf3e16e5c828229f394ddf0f65442c3f44a5_synthetic_ring_8q_transpiler_29,basic
prospective,0,logistic,b75cbf89649a5d40ee4400d372e6cf3e16e5c828229f394ddf0f65442c3f44a5_synthetic_ring_8q_transpiler_37,basic
prospective,0,logistic,b75cbf89649a5d40ee4400d372e6cf3e16e5c828229f394ddf0f65442c3f44a5_synthetic_ring_8q_transpiler_47,basic
prospective,0,logistic,b75cbf89649a5d40ee4400d372e6cf3e16e5c828229f394ddf0f65442c3f44a5_synthetic_grid_8q_transpiler_11,basic
prospective,0,logistic,b75cbf89649a5d40ee4400d372e6cf3e16e5c828229f394ddf0f65442c3f44a5_synthetic_grid_8q_transpiler_19,basic
prospective,0,logistic,b75cbf89649a5d40ee4400d372e6cf3e16e5c828229f394ddf0f65442c3f44a5_synthetic_grid_8q_transpiler_29,basic
prospective,0,logistic,b75cbf89649a5d40ee4400d372e6cf3e16e5c828229f394ddf0f65442c3f44a5_synthetic_grid_8q_transpiler_37,basic
prospective,0,logistic,b75cbf89649a5d40ee4400d372e6cf3e16e5c828229f394ddf0f65442c3f44a5_synthetic_grid_8q_transpiler_47,basic
prospective,0,logistic,b75cbf89649a5d40ee4400d372e6cf3e16e5c828229f394ddf0f65442c3f44a5_synthetic_heavy_hex_like_8q_transpiler_11,basic
prospective,0,logistic,b75cbf89649a5d40ee4400d372e6cf3e16e5c828229f394ddf0f65442c3f44a5_synthetic_heavy_hex_like_8q_transpiler_19,basic
prospective,0,logistic,b75cbf89649a5d40ee4400d372e6cf3e16e5c828229f394ddf0f65442c3f44a5_synthetic_heavy_hex_like_8q_transpiler_29,basic
prospective,0,logistic,b75cbf89649a5d40ee4400d372e6cf3e16e5c828229f394ddf0f65442c3f44a5_synthetic_heavy_hex_like_8q_transpiler_37,basic
prospective,0,logistic,b75cbf89649a5d40ee4400d372e6cf3e16e5c828229f394ddf0f65442c3f44a5_synthetic_heavy_hex_like_8q_transpiler_47,basic
prospective,0,logistic,b75cbf89649a5d40ee4400d372e6cf3e16e5c828229f394ddf0f65442c3f44a5_synthetic_irregular_8q_favorable_11,basic
prospective,0,logistic,b75cbf89649a5d40ee4400d372e6cf3e16e5c828229f394ddf0f65442c3f44a5_synthetic_irregular_8q_favorable_19,basic
prospective,0,logistic,b75cbf89649a5d40ee4400d372e6cf3e16e5c828229f394ddf0f65442c3f44a5_synthetic_irregular_8q_favorable_29,basic
prospective,0,logistic,b75cbf89649a5d40ee4400d372e6cf3e16e5c828229f394ddf0f65442c3f44a5_synthetic_irregular_8q_favorable_37,basic
prospective,0,logistic,b75cbf89649a5d40ee4400d372e6cf3e16e5c828229f394ddf0f65442c3f44a5_synthetic_irregular_8q_favorable_47,basic
prospective,0,logistic,b75cbf89649a5d40ee4400d372e6cf3e16e5c828229f394ddf0f65442c3f44a5_synthetic_irregular_8q_spread_11,basic
prospective,0,logistic,b75cbf89649a5d40ee4400d372e6cf3e16e5c828229f394ddf0f65442c3f44a5_synthetic_irregular_8q_spread_19,basic
prospective,0,logistic,b75cbf89649a5d40ee4400d372e6cf3e16e5c828229f394ddf0f65442c3f44a5_synthetic_irregular_8q_spread_29,basic
prospective,0,logistic,b75cbf89649a5d40ee4400d372e6cf3e16e5c828229f394ddf0f65442c3f44a5_synthetic_irregular_8q_spread_37,basic
prospective,0,logistic,b75cbf89649a5d40ee4400d372e6cf3e16e5c828229f394ddf0f65442c3f44a5_synthetic_irregular_8q_spread_47,basic
prospective,0,logistic,d338eb773a8d9b65affd729028e23e9f24e361c2bc1272505190220bc634f90b_synthetic_line_8q_favorable_11,basic
prospective,0,logistic,d338eb773a8d9b65affd729028e23e9f24e361c2bc1272505190220bc634f90b_synthetic_line_8q_favorable_19,basic
prospective,0,logistic,d338eb773a8d9b65affd729028e23e9f24e361c2bc1272505190220bc634f90b_synthetic_line_8q_favorable_29,basic
prospective,0,logistic,d338eb773a8d9b65affd729028e23e9f24e361c2bc1272505190220bc634f90b_synthetic_line_8q_favorable_37,basic
prospective,0,logistic,d338eb773a8d9b65affd729028e23e9f24e361c2bc1272505190220bc634f90b_synthetic_line_8q_favorable_47,basic
prospective,0,logistic,d338eb773a8d9b65affd729028e23e9f24e361c2bc1272505190220bc634f90b_synthetic_line_8q_spread_11,basic
prospective,0,logistic,d338eb773a8d9b65affd729028e23e9f24e361c2bc1272505190220bc634f90b_synthetic_line_8q_spread_19,basic
prospective,0,logistic,d338eb773a8d9b65affd729028e23e9f24e361c2bc1272505190220bc634f90b_synthetic_line_8q_spread_29,basic
prospective,0,logistic,d338eb773a8d9b65affd729028e23e9f24e361c2bc1272505190220bc634f90b_synthetic_line_8q_spread_37,basic
prospective,0,logistic,d338eb773a8d9b65affd729028e23e9f24e361c2bc1272505190220bc634f90b_synthetic_line_8q_spread_47,basic
prospective,0,logistic,d338eb773a8d9b65affd729028e23e9f24e361c2bc1272505190220bc634f90b_synthetic_ring_8q_transpiler_11,basic
prospective,0,logistic,d338eb773a8d9b65affd729028e23e9f24e361c2bc1272505190220bc634f90b_synthetic_ring_8q_transpiler_19,basic
prospective,0,logistic,d338eb773a8d9b65affd729028e23e9f24e361c2bc1272505190220bc634f90b_synthetic_ring_8q_transpiler_29,basic
prospective,0,logistic,d338eb773a8d9b65affd729028e23e9f24e361c2bc1272505190220bc634f90b_synthetic_ring_8q_transpiler_37,basic
prospective,0,logistic,d338eb773a8d9b65affd729028e23e9f24e361c2bc1272505190220bc634f90b_synthetic_ring_8q_transpiler_47,basic
prospective,0,logistic,d338eb773a8d9b65affd729028e23e9f24e361c2bc1272505190220bc634f90b_synthetic_grid_8q_transpiler_11,basic
prospective,0,logistic,d338eb773a8d9b65affd729028e23e9f24e361c2bc1272505190220bc634f90b_synthetic_grid_8q_transpiler_19,basic
prospective,0,logistic,d338eb773a8d9b65affd729028e23e9f24e361c2bc1272505190220bc634f90b_synthetic_grid_8q_transpiler_29,basic
prospective,0,logistic,d338eb773a8d9b65affd729028e23e9f24e361c2bc1272505190220bc634f90b_synthetic_grid_8q_transpiler_37,basic
prospective,0,logistic,d338eb773a8d9b65affd729028e23e9f24e361c2bc1272505190220bc634f90b_synthetic_grid_8q_transpiler_47,basic
prospective,0,logistic,d338eb773a8d9b65affd729028e23e9f24e361c2bc1272505190220bc634f90b_synthetic_heavy_hex_like_8q_transpiler_11,basic
prospective,0,logistic,d338eb773a8d9b65affd729028e23e9f24e361c2bc1272505190220bc634f90b_synthetic_heavy_hex_like_8q_transpiler_19,basic
prospective,0,logistic,d338eb773a8d9b65affd729028e23e9f24e361c2bc1272505190220bc634f90b_synthetic_heavy_hex_like_8q_transpiler_29,basic
prospective,0,logistic,d338eb773a8d9b65affd729028e23e9f24e361c2bc1272505190220bc634f90b_synthetic_heavy_hex_like_8q_transpiler_37,basic
prospective,0,logistic,d338eb773a8d9b65affd729028e23e9f24e361c2bc1272505190220bc634f90b_synthetic_heavy_hex_like_8q_transpiler_47,basic
prospective,0,logistic,d338eb773a8d9b65affd729028e23e9f24e361c2bc1272505190220bc634f90b_synthetic_irregular_8q_favorable_11,basic
prospective,0,logistic,d338eb773a8d9b65affd729028e23e9f24e361c2bc1272505190220bc634f90b_synthetic_irregular_8q_favorable_19,basic
prospective,0,logistic,d338eb773a8d9b65affd729028e23e9f24e361c2bc1272505190220bc634f90b_synthetic_irregular_8q_favorable_29,basic
prospective,0,logistic,d338eb773a8d9b65affd729028e23e9f24e361c2bc1272505190220bc634f90b_synthetic_irregular_8q_favorable_37,basic
prospective,0,logistic,d338eb773a8d9b65affd729028e23e9f24e361c2bc1272505190220bc634f90b_synthetic_irregular_8q_favorable_47,basic
prospective,0,logistic,d338eb773a8d9b65affd729028e23e9f24e361c2bc1272505190220bc634f90b_synthetic_irregular_8q_spread_11,basic
prospective,0,logistic,d338eb773a8d9b65affd729028e23e9f24e361c2bc1272505190220bc634f90b_synthetic_irregular_8q_spread_19,basic
prospective,0,logistic,d338eb773a8d9b65affd729028e23e9f24e361c2bc1272505190220bc634f90b_synthetic_irregular_8q_spread_29,basic
prospective,0,logistic,d338eb773a8d9b65affd729028e23e9f24e361c2bc1272505190220bc634f90b_synthetic_irregular_8q_spread_37,basic
prospective,0,logistic,d338eb773a8d9b65affd729028e23e9f24e361c2bc1272505190220bc634f90b_synthetic_irregular_8q_spread_47,basic
prospective,0,logistic,7e51cc13b595a2c405f4e95cc42eb66be8187f7e9b2846e1655f0c93c77108c8_synthetic_line_8q_favorable_11,basic
prospective,0,logistic,7e51cc13b595a2c405f4e95cc42eb66be8187f7e9b2846e1655f0c93c77108c8_synthetic_line_8q_favorable_19,basic
prospective,0,logistic,7e51cc13b595a2c405f4e95cc42eb66be8187f7e9b2846e1655f0c93c77108c8_synthetic_line_8q_favorable_29,basic
prospective,0,logistic,7e51cc13b595a2c405f4e95cc42eb66be8187f7e9b2846e1655f0c93c77108c8_synthetic_line_8q_favorable_37,basic
prospective,0,logistic,7e51cc13b595a2c405f4e95cc42eb66be8187f7e9b2846e1655f0c93c77108c8_synthetic_line_8q_favorable_47,basic
prospective,0,logistic,7e51cc13b595a2c405f4e95cc42eb66be8187f7e9b2846e1655f0c93c77108c8_synthetic_line_8q_spread_11,basic
prospective,0,logistic,7e51cc13b595a2c405f4e95cc42eb66be8187f7e9b2846e1655f0c93c77108c8_synthetic_line_8q_spread_19,basic
prospective,0,logistic,7e51cc13b595a2c405f4e95cc42eb66be8187f7e9b2846e1655f0c93c77108c8_synthetic_line_8q_spread_29,basic
prospective,0,logistic,7e51cc13b595a2c405f4e95cc42eb66be8187f7e9b2846e1655f0c93c77108c8_synthetic_line_8q_spread_37,basic
prospective,0,logistic,7e51cc13b595a2c405f4e95cc42eb66be8187f7e9b2846e1655f0c93c77108c8_synthetic_line_8q_spread_47,basic
prospective,0,logistic,7e51cc13b595a2c405f4e95cc42eb66be8187f7e9b2846e1655f0c93c77108c8_synthetic_ring_8q_transpiler_11,basic
prospective,0,logistic,7e51cc13b595a2c405f4e95cc42eb66be8187f7e9b2846e1655f0c93c77108c8_synthetic_ring_8q_transpiler_19,basic
prospective,0,logistic,7e51cc13b595a2c405f4e95cc42eb66be8187f7e9b2846e1655f0c93c77108c8_synthetic_ring_8q_transpiler_29,basic
prospective,0,logistic,7e51cc13b595a2c405f4e95cc42eb66be8187f7e9b2846e1655f0c93c77108c8_synthetic_ring_8q_transpiler_37,basic
prospective,0,logistic,7e51cc13b595a2c405f4e95cc42eb66be8187f7e9b2846e1655f0c93c77108c8_synthetic_ring_8q_transpiler_47,basic
prospective,0,logistic,7e51cc13b595a2c405f4e95cc42eb66be8187f7e9b2846e1655f0c93c77108c8_synthetic_grid_8q_transpiler_11,basic
prospective,0,logistic,7e51cc13b595a2c405f4e95cc42eb66be8187f7e9b2846e1655f0c93c77108c8_synthetic_grid_8q_transpiler_19,basic
prospective,0,logistic,7e51cc13b595a2c405f4e95cc42eb66be8187f7e9b2846e1655f0c93c77108c8_synthetic_grid_8q_transpiler_29,basic
prospective,0,logistic,7e51cc13b595a2c405f4e95cc42eb66be8187f7e9b2846e1655f0c93c77108c8_synthetic_grid_8q_transpiler_37,basic
prospective,0,logistic,7e51cc13b595a2c405f4e95cc42eb66be8187f7e9b2846e1655f0c93c77108c8_synthetic_grid_8q_transpiler_47,basic
prospective,0,logistic,7e51cc13b595a2c405f4e95cc42eb66be8187f7e9b2846e1655f0c93c77108c8_synthetic_heavy_hex_like_8q_transpiler_11,basic
prospective,0,logistic,7e51cc13b595a2c405f4e95cc42eb66be8187f7e9b2846e1655f0c93c77108c8_synthetic_heavy_hex_like_8q_transpiler_19,basic
prospective,0,logistic,7e51cc13b595a2c405f4e95cc42eb66be8187f7e9b2846e1655f0c93c77108c8_synthetic_heavy_hex_like_8q_transpiler_29,basic
prospective,0,logistic,7e51cc13b595a2c405f4e95cc42eb66be8187f7e9b2846e1655f0c93c77108c8_synthetic_heavy_hex_like_8q_transpiler_37,basic
prospective,0,logistic,7e51cc13b595a2c405f4e95cc42eb66be8187f7e9b2846e1655f0c93c77108c8_synthetic_heavy_hex_like_8q_transpiler_47,basic
prospective,0,logistic,7e51cc13b595a2c405f4e95cc42eb66be8187f7e9b2846e1655f0c93c77108c8_synthetic_irregular_8q_favorable_11,basic
prospective,0,logistic,7e51cc13b595a2c405f4e95cc42eb66be8187f7e9b2846e1655f0c93c77108c8_synthetic_irregular_8q_favorable_19,basic
prospective,0,logistic,7e51cc13b595a2c405f4e95cc42eb66be8187f7e9b2846e1655f0c93c77108c8_synthetic_irregular_8q_favorable_29,basic
prospective,0,logistic,7e51cc13b595a2c405f4e95cc42eb66be8187f7e9b2846e1655f0c93c77108c8_synthetic_irregular_8q_favorable_37,basic
prospective,0,logistic,7e51cc13b595a2c405f4e95cc42eb66be8187f7e9b2846e1655f0c93c77108c8_synthetic_irregular_8q_favorable_47,basic
prospective,0,logistic,7e51cc13b595a2c405f4e95cc42eb66be8187f7e9b2846e1655f0c93c77108c8_synthetic_irregular_8q_spread_11,basic
prospective,0,logistic,7e51cc13b595a2c405f4e95cc42eb66be8187f7e9b2846e1655f0c93c77108c8_synthetic_irregular_8q_spread_19,basic
prospective,0,logistic,7e51cc13b595a2c405f4e95cc42eb66be8187f7e9b2846e1655f0c93c77108c8_synthetic_irregular_8q_spread_29,basic
prospective,0,logistic,7e51cc13b595a2c405f4e95cc42eb66be8187f7e9b2846e1655f0c93c77108c8_synthetic_irregular_8q_spread_37,basic
prospective,0,logistic,7e51cc13b595a2c405f4e95cc42eb66be8187f7e9b2846e1655f0c93c77108c8_synthetic_irregular_8q_spread_47,basic
prospective,0,tree,00dec25597397b2934fb42740994f65c50571551a5090f8e130104971b3c190f_synthetic_line_6q_favorable_11,teleport
prospective,0,tree,00dec25597397b2934fb42740994f65c50571551a5090f8e130104971b3c190f_synthetic_line_6q_favorable_19,teleport
prospective,0,tree,00dec25597397b2934fb42740994f65c50571551a5090f8e130104971b3c190f_synthetic_line_6q_favorable_29,teleport
prospective,0,tree,00dec25597397b2934fb42740994f65c50571551a5090f8e130104971b3c190f_synthetic_line_6q_favorable_37,teleport
prospective,0,tree,00dec25597397b2934fb42740994f65c50571551a5090f8e130104971b3c190f_synthetic_line_6q_favorable_47,teleport
prospective,0,tree,00dec25597397b2934fb42740994f65c50571551a5090f8e130104971b3c190f_synthetic_line_6q_spread_11,teleport
prospective,0,tree,00dec25597397b2934fb42740994f65c50571551a5090f8e130104971b3c190f_synthetic_line_6q_spread_19,teleport
prospective,0,tree,00dec25597397b2934fb42740994f65c50571551a5090f8e130104971b3c190f_synthetic_line_6q_spread_29,teleport
prospective,0,tree,00dec25597397b2934fb42740994f65c50571551a5090f8e130104971b3c190f_synthetic_line_6q_spread_37,teleport
prospective,0,tree,00dec25597397b2934fb42740994f65c50571551a5090f8e130104971b3c190f_synthetic_line_6q_spread_47,teleport
prospective,0,tree,00dec25597397b2934fb42740994f65c50571551a5090f8e130104971b3c190f_synthetic_ring_6q_transpiler_11,teleport
prospective,0,tree,00dec25597397b2934fb42740994f65c50571551a5090f8e130104971b3c190f_synthetic_ring_6q_transpiler_19,teleport
prospective,0,tree,00dec25597397b2934fb42740994f65c50571551a5090f8e130104971b3c190f_synthetic_ring_6q_transpiler_29,teleport
prospective,0,tree,00dec25597397b2934fb42740994f65c50571551a5090f8e130104971b3c190f_synthetic_ring_6q_transpiler_37,teleport
prospective,0,tree,00dec25597397b2934fb42740994f65c50571551a5090f8e130104971b3c190f_synthetic_ring_6q_transpiler_47,teleport
prospective,0,tree,00dec25597397b2934fb42740994f65c50571551a5090f8e130104971b3c190f_synthetic_grid_6q_transpiler_11,teleport
prospective,0,tree,00dec25597397b2934fb42740994f65c50571551a5090f8e130104971b3c190f_synthetic_grid_6q_transpiler_19,teleport
prospective,0,tree,00dec25597397b2934fb42740994f65c50571551a5090f8e130104971b3c190f_synthetic_grid_6q_transpiler_29,teleport
prospective,0,tree,00dec25597397b2934fb42740994f65c50571551a5090f8e130104971b3c190f_synthetic_grid_6q_transpiler_37,teleport
prospective,0,tree,00dec25597397b2934fb42740994f65c50571551a5090f8e130104971b3c190f_synthetic_grid_6q_transpiler_47,teleport
prospective,0,tree,00dec25597397b2934fb42740994f65c50571551a5090f8e130104971b3c190f_synthetic_heavy_hex_like_7q_transpiler_11,teleport
prospective,0,tree,00dec25597397b2934fb42740994f65c50571551a5090f8e130104971b3c190f_synthetic_heavy_hex_like_7q_transpiler_19,teleport
prospective,0,tree,00dec25597397b2934fb42740994f65c50571551a5090f8e130104971b3c190f_synthetic_heavy_hex_like_7q_transpiler_29,teleport
prospective,0,tree,00dec25597397b2934fb42740994f65c50571551a5090f8e130104971b3c190f_synthetic_heavy_hex_like_7q_transpiler_37,teleport
prospective,0,tree,00dec25597397b2934fb42740994f65c50571551a5090f8e130104971b3c190f_synthetic_heavy_hex_like_7q_transpiler_47,teleport
prospective,0,tree,00dec25597397b2934fb42740994f65c50571551a5090f8e130104971b3c190f_synthetic_irregular_7q_favorable_11,teleport
prospective,0,tree,00dec25597397b2934fb42740994f65c50571551a5090f8e130104971b3c190f_synthetic_irregular_7q_favorable_19,teleport
prospective,0,tree,00dec25597397b2934fb42740994f65c50571551a5090f8e130104971b3c190f_synthetic_irregular_7q_favorable_29,teleport
prospective,0,tree,00dec25597397b2934fb42740994f65c50571551a5090f8e130104971b3c190f_synthetic_irregular_7q_favorable_37,teleport
prospective,0,tree,00dec25597397b2934fb42740994f65c50571551a5090f8e130104971b3c190f_synthetic_irregular_7q_favorable_47,teleport
prospective,0,tree,00dec25597397b2934fb42740994f65c50571551a5090f8e130104971b3c190f_synthetic_irregular_7q_spread_11,teleport
prospective,0,tree,00dec25597397b2934fb42740994f65c50571551a5090f8e130104971b3c190f_synthetic_irregular_7q_spread_19,teleport
prospective,0,tree,00dec25597397b2934fb42740994f65c50571551a5090f8e130104971b3c190f_synthetic_irregular_7q_spread_29,teleport
prospective,0,tree,00dec25597397b2934fb42740994f65c50571551a5090f8e130104971b3c190f_synthetic_irregular_7q_spread_37,teleport
prospective,0,tree,00dec25597397b2934fb42740994f65c50571551a5090f8e130104971b3c190f_synthetic_irregular_7q_spread_47,teleport
prospective,0,tree,49f9e42949fe44e9cacc4cb550ad5cc71ba965632af7f9c8a4fd8e3384156438_synthetic_line_6q_favorable_11,teleport
prospective,0,tree,49f9e42949fe44e9cacc4cb550ad5cc71ba965632af7f9c8a4fd8e3384156438_synthetic_line_6q_favorable_19,teleport
prospective,0,tree,49f9e42949fe44e9cacc4cb550ad5cc71ba965632af7f9c8a4fd8e3384156438_synthetic_line_6q_favorable_29,teleport
prospective,0,tree,49f9e42949fe44e9cacc4cb550ad5cc71ba965632af7f9c8a4fd8e3384156438_synthetic_line_6q_favorable_37,teleport
prospective,0,tree,49f9e42949fe44e9cacc4cb550ad5cc71ba965632af7f9c8a4fd8e3384156438_synthetic_line_6q_favorable_47,teleport
prospective,0,tree,49f9e42949fe44e9cacc4cb550ad5cc71ba965632af7f9c8a4fd8e3384156438_synthetic_line_6q_spread_11,teleport
prospective,0,tree,49f9e42949fe44e9cacc4cb550ad5cc71ba965632af7f9c8a4fd8e3384156438_synthetic_line_6q_spread_19,teleport
prospective,0,tree,49f9e42949fe44e9cacc4cb550ad5cc71ba965632af7f9c8a4fd8e3384156438_synthetic_line_6q_spread_29,teleport
prospective,0,tree,49f9e42949fe44e9cacc4cb550ad5cc71ba965632af7f9c8a4fd8e3384156438_synthetic_line_6q_spread_37,teleport
prospective,0,tree,49f9e42949fe44e9cacc4cb550ad5cc71ba965632af7f9c8a4fd8e3384156438_synthetic_line_6q_spread_47,teleport
prospective,0,tree,49f9e42949fe44e9cacc4cb550ad5cc71ba965632af7f9c8a4fd8e3384156438_synthetic_ring_6q_transpiler_11,teleport
prospective,0,tree,49f9e42949fe44e9cacc4cb550ad5cc71ba965632af7f9c8a4fd8e3384156438_synthetic_ring_6q_transpiler_19,teleport
prospective,0,tree,49f9e42949fe44e9cacc4cb550ad5cc71ba965632af7f9c8a4fd8e3384156438_synthetic_ring_6q_transpiler_29,teleport
prospective,0,tree,49f9e42949fe44e9cacc4cb550ad5cc71ba965632af7f9c8a4fd8e3384156438_synthetic_ring_6q_transpiler_37,teleport
prospective,0,tree,49f9e42949fe44e9cacc4cb550ad5cc71ba965632af7f9c8a4fd8e3384156438_synthetic_ring_6q_transpiler_47,teleport
prospective,0,tree,49f9e42949fe44e9cacc4cb550ad5cc71ba965632af7f9c8a4fd8e3384156438_synthetic_grid_6q_transpiler_11,teleport
prospective,0,tree,49f9e42949fe44e9cacc4cb550ad5cc71ba965632af7f9c8a4fd8e3384156438_synthetic_grid_6q_transpiler_19,teleport
prospective,0,tree,49f9e42949fe44e9cacc4cb550ad5cc71ba965632af7f9c8a4fd8e3384156438_synthetic_grid_6q_transpiler_29,teleport
prospective,0,tree,49f9e42949fe44e9cacc4cb550ad5cc71ba965632af7f9c8a4fd8e3384156438_synthetic_grid_6q_transpiler_37,teleport
prospective,0,tree,49f9e42949fe44e9cacc4cb550ad5cc71ba965632af7f9c8a4fd8e3384156438_synthetic_grid_6q_transpiler_47,teleport
prospective,0,tree,49f9e42949fe44e9cacc4cb550ad5cc71ba965632af7f9c8a4fd8e3384156438_synthetic_heavy_hex_like_7q_transpiler_11,teleport
prospective,0,tree,49f9e42949fe44e9cacc4cb550ad5cc71ba965632af7f9c8a4fd8e3384156438_synthetic_heavy_hex_like_7q_transpiler_19,teleport
prospective,0,tree,49f9e42949fe44e9cacc4cb550ad5cc71ba965632af7f9c8a4fd8e3384156438_synthetic_heavy_hex_like_7q_transpiler_29,teleport
prospective,0,tree,49f9e42949fe44e9cacc4cb550ad5cc71ba965632af7f9c8a4fd8e3384156438_synthetic_heavy_hex_like_7q_transpiler_37,teleport
prospective,0,tree,49f9e42949fe44e9cacc4cb550ad5cc71ba965632af7f9c8a4fd8e3384156438_synthetic_heavy_hex_like_7q_transpiler_47,teleport
prospective,0,tree,49f9e42949fe44e9cacc4cb550ad5cc71ba965632af7f9c8a4fd8e3384156438_synthetic_irregular_7q_favorable_11,teleport
prospective,0,tree,49f9e42949fe44e9cacc4cb550ad5cc71ba965632af7f9c8a4fd8e3384156438_synthetic_irregular_7q_favorable_19,teleport
prospective,0,tree,49f9e42949fe44e9cacc4cb550ad5cc71ba965632af7f9c8a4fd8e3384156438_synthetic_irregular_7q_favorable_29,teleport
prospective,0,tree,49f9e42949fe44e9cacc4cb550ad5cc71ba965632af7f9c8a4fd8e3384156438_synthetic_irregular_7q_favorable_37,teleport
prospective,0,tree,49f9e42949fe44e9cacc4cb550ad5cc71ba965632af7f9c8a4fd8e3384156438_synthetic_irregular_7q_favorable_47,teleport
prospective,0,tree,49f9e42949fe44e9cacc4cb550ad5cc71ba965632af7f9c8a4fd8e3384156438_synthetic_irregular_7q_spread_11,teleport
prospective,0,tree,49f9e42949fe44e9cacc4cb550ad5cc71ba965632af7f9c8a4fd8e3384156438_synthetic_irregular_7q_spread_19,teleport
prospective,0,tree,49f9e42949fe44e9cacc4cb550ad5cc71ba965632af7f9c8a4fd8e3384156438_synthetic_irregular_7q_spread_29,teleport
prospective,0,tree,49f9e42949fe44e9cacc4cb550ad5cc71ba965632af7f9c8a4fd8e3384156438_synthetic_irregular_7q_spread_37,teleport
prospective,0,tree,49f9e42949fe44e9cacc4cb550ad5cc71ba965632af7f9c8a4fd8e3384156438_synthetic_irregular_7q_spread_47,teleport
prospective,0,tree,6a9ea95959ada3b9eb58a4396c3fc46af54caed318314ad360db449a01f90c66_synthetic_line_6q_favorable_11,basic
prospective,0,tree,6a9ea95959ada3b9eb58a4396c3fc46af54caed318314ad360db449a01f90c66_synthetic_line_6q_favorable_19,basic
prospective,0,tree,6a9ea95959ada3b9eb58a4396c3fc46af54caed318314ad360db449a01f90c66_synthetic_line_6q_favorable_29,basic
prospective,0,tree,6a9ea95959ada3b9eb58a4396c3fc46af54caed318314ad360db449a01f90c66_synthetic_line_6q_favorable_37,basic
prospective,0,tree,6a9ea95959ada3b9eb58a4396c3fc46af54caed318314ad360db449a01f90c66_synthetic_line_6q_favorable_47,basic
prospective,0,tree,6a9ea95959ada3b9eb58a4396c3fc46af54caed318314ad360db449a01f90c66_synthetic_line_6q_spread_11,basic
prospective,0,tree,6a9ea95959ada3b9eb58a4396c3fc46af54caed318314ad360db449a01f90c66_synthetic_line_6q_spread_19,basic
prospective,0,tree,6a9ea95959ada3b9eb58a4396c3fc46af54caed318314ad360db449a01f90c66_synthetic_line_6q_spread_29,basic
prospective,0,tree,6a9ea95959ada3b9eb58a4396c3fc46af54caed318314ad360db449a01f90c66_synthetic_line_6q_spread_37,basic
prospective,0,tree,6a9ea95959ada3b9eb58a4396c3fc46af54caed318314ad360db449a01f90c66_synthetic_line_6q_spread_47,basic
prospective,0,tree,6a9ea95959ada3b9eb58a4396c3fc46af54caed318314ad360db449a01f90c66_synthetic_ring_6q_transpiler_11,basic
prospective,0,tree,6a9ea95959ada3b9eb58a4396c3fc46af54caed318314ad360db449a01f90c66_synthetic_ring_6q_transpiler_19,basic
prospective,0,tree,6a9ea95959ada3b9eb58a4396c3fc46af54caed318314ad360db449a01f90c66_synthetic_ring_6q_transpiler_29,basic
prospective,0,tree,6a9ea95959ada3b9eb58a4396c3fc46af54caed318314ad360db449a01f90c66_synthetic_ring_6q_transpiler_37,basic
prospective,0,tree,6a9ea95959ada3b9eb58a4396c3fc46af54caed318314ad360db449a01f90c66_synthetic_ring_6q_transpiler_47,basic
prospective,0,tree,6a9ea95959ada3b9eb58a4396c3fc46af54caed318314ad360db449a01f90c66_synthetic_grid_6q_transpiler_11,basic
prospective,0,tree,6a9ea95959ada3b9eb58a4396c3fc46af54caed318314ad360db449a01f90c66_synthetic_grid_6q_transpiler_19,basic
prospective,0,tree,6a9ea95959ada3b9eb58a4396c3fc46af54caed318314ad360db449a01f90c66_synthetic_grid_6q_transpiler_29,basic
prospective,0,tree,6a9ea95959ada3b9eb58a4396c3fc46af54caed318314ad360db449a01f90c66_synthetic_grid_6q_transpiler_37,basic
prospective,0,tree,6a9ea95959ada3b9eb58a4396c3fc46af54caed318314ad360db449a01f90c66_synthetic_grid_6q_transpiler_47,basic
prospective,0,tree,6a9ea95959ada3b9eb58a4396c3fc46af54caed318314ad360db449a01f90c66_synthetic_heavy_hex_like_7q_transpiler_11,basic
prospective,0,tree,6a9ea95959ada3b9eb58a4396c3fc46af54caed318314ad360db449a01f90c66_synthetic_heavy_hex_like_7q_transpiler_19,basic
prospective,0,tree,6a9ea95959ada3b9eb58a4396c3fc46af54caed318314ad360db449a01f90c66_synthetic_heavy_hex_like_7q_transpiler_29,basic
prospective,0,tree,6a9ea95959ada3b9eb58a4396c3fc46af54caed318314ad360db449a01f90c66_synthetic_heavy_hex_like_7q_transpiler_37,basic
prospective,0,tree,6a9ea95959ada3b9eb58a4396c3fc46af54caed318314ad360db449a01f90c66_synthetic_heavy_hex_like_7q_transpiler_47,basic
prospective,0,tree,6a9ea95959ada3b9eb58a4396c3fc46af54caed318314ad360db449a01f90c66_synthetic_irregular_7q_favorable_11,basic
prospective,0,tree,6a9ea95959ada3b9eb58a4396c3fc46af54caed318314ad360db449a01f90c66_synthetic_irregular_7q_favorable_19,basic
prospective,0,tree,6a9ea95959ada3b9eb58a4396c3fc46af54caed318314ad360db449a01f90c66_synthetic_irregular_7q_favorable_29,basic
prospective,0,tree,6a9ea95959ada3b9eb58a4396c3fc46af54caed318314ad360db449a01f90c66_synthetic_irregular_7q_favorable_37,basic
prospective,0,tree,6a9ea95959ada3b9eb58a4396c3fc46af54caed318314ad360db449a01f90c66_synthetic_irregular_7q_favorable_47,basic
prospective,0,tree,6a9ea95959ada3b9eb58a4396c3fc46af54caed318314ad360db449a01f90c66_synthetic_irregular_7q_spread_11,basic
prospective,0,tree,6a9ea95959ada3b9eb58a4396c3fc46af54caed318314ad360db449a01f90c66_synthetic_irregular_7q_spread_19,basic
prospective,0,tree,6a9ea95959ada3b9eb58a4396c3fc46af54caed318314ad360db449a01f90c66_synthetic_irregular_7q_spread_29,basic
prospective,0,tree,6a9ea95959ada3b9eb58a4396c3fc46af54caed318314ad360db449a01f90c66_synthetic_irregular_7q_spread_37,basic
prospective,0,tree,6a9ea95959ada3b9eb58a4396c3fc46af54caed318314ad360db449a01f90c66_synthetic_irregular_7q_spread_47,basic
prospective,0,tree,2b5e0ed483cc3050468f9dbe07ba775d3779a0f5f0b1d9721b5967992a9fa793_synthetic_line_6q_favorable_11,teleport
prospective,0,tree,2b5e0ed483cc3050468f9dbe07ba775d3779a0f5f0b1d9721b5967992a9fa793_synthetic_line_6q_favorable_19,teleport
prospective,0,tree,2b5e0ed483cc3050468f9dbe07ba775d3779a0f5f0b1d9721b5967992a9fa793_synthetic_line_6q_favorable_29,teleport
prospective,0,tree,2b5e0ed483cc3050468f9dbe07ba775d3779a0f5f0b1d9721b5967992a9fa793_synthetic_line_6q_favorable_37,teleport
prospective,0,tree,2b5e0ed483cc3050468f9dbe07ba775d3779a0f5f0b1d9721b5967992a9fa793_synthetic_line_6q_favorable_47,teleport
prospective,0,tree,2b5e0ed483cc3050468f9dbe07ba775d3779a0f5f0b1d9721b5967992a9fa793_synthetic_line_6q_spread_11,teleport
prospective,0,tree,2b5e0ed483cc3050468f9dbe07ba775d3779a0f5f0b1d9721b5967992a9fa793_synthetic_line_6q_spread_19,teleport
prospective,0,tree,2b5e0ed483cc3050468f9dbe07ba775d3779a0f5f0b1d9721b5967992a9fa793_synthetic_line_6q_spread_29,teleport
prospective,0,tree,2b5e0ed483cc3050468f9dbe07ba775d3779a0f5f0b1d9721b5967992a9fa793_synthetic_line_6q_spread_37,teleport
prospective,0,tree,2b5e0ed483cc3050468f9dbe07ba775d3779a0f5f0b1d9721b5967992a9fa793_synthetic_line_6q_spread_47,teleport
prospective,0,tree,2b5e0ed483cc3050468f9dbe07ba775d3779a0f5f0b1d9721b5967992a9fa793_synthetic_ring_6q_transpiler_11,teleport
prospective,0,tree,2b5e0ed483cc3050468f9dbe07ba775d3779a0f5f0b1d9721b5967992a9fa793_synthetic_ring_6q_transpiler_19,teleport
prospective,0,tree,2b5e0ed483cc3050468f9dbe07ba775d3779a0f5f0b1d9721b5967992a9fa793_synthetic_ring_6q_transpiler_29,teleport
prospective,0,tree,2b5e0ed483cc3050468f9dbe07ba775d3779a0f5f0b1d9721b5967992a9fa793_synthetic_ring_6q_transpiler_37,teleport
prospective,0,tree,2b5e0ed483cc3050468f9dbe07ba775d3779a0f5f0b1d9721b5967992a9fa793_synthetic_ring_6q_transpiler_47,teleport
prospective,0,tree,2b5e0ed483cc3050468f9dbe07ba775d3779a0f5f0b1d9721b5967992a9fa793_synthetic_grid_6q_transpiler_11,teleport
prospective,0,tree,2b5e0ed483cc3050468f9dbe07ba775d3779a0f5f0b1d9721b5967992a9fa793_synthetic_grid_6q_transpiler_19,teleport
prospective,0,tree,2b5e0ed483cc3050468f9dbe07ba775d3779a0f5f0b1d9721b5967992a9fa793_synthetic_grid_6q_transpiler_29,teleport
prospective,0,tree,2b5e0ed483cc3050468f9dbe07ba775d3779a0f5f0b1d9721b5967992a9fa793_synthetic_grid_6q_transpiler_37,teleport
prospective,0,tree,2b5e0ed483cc3050468f9dbe07ba775d3779a0f5f0b1d9721b5967992a9fa793_synthetic_grid_6q_transpiler_47,teleport
prospective,0,tree,2b5e0ed483cc3050468f9dbe07ba775d3779a0f5f0b1d9721b5967992a9fa793_synthetic_heavy_hex_like_7q_transpiler_11,teleport
prospective,0,tree,2b5e0ed483cc3050468f9dbe07ba775d3779a0f5f0b1d9721b5967992a9fa793_synthetic_heavy_hex_like_7q_transpiler_19,teleport
prospective,0,tree,2b5e0ed483cc3050468f9dbe07ba775d3779a0f5f0b1d9721b5967992a9fa793_synthetic_heavy_hex_like_7q_transpiler_29,teleport
prospective,0,tree,2b5e0ed483cc3050468f9dbe07ba775d3779a0f5f0b1d9721b5967992a9fa793_synthetic_heavy_hex_like_7q_transpiler_37,teleport
prospective,0,tree,2b5e0ed483cc3050468f9dbe07ba775d3779a0f5f0b1d9721b5967992a9fa793_synthetic_heavy_hex_like_7q_transpiler_47,teleport
prospective,0,tree,2b5e0ed483cc3050468f9dbe07ba775d3779a0f5f0b1d9721b5967992a9fa793_synthetic_irregular_7q_favorable_11,teleport
prospective,0,tree,2b5e0ed483cc3050468f9dbe07ba775d3779a0f5f0b1d9721b5967992a9fa793_synthetic_irregular_7q_favorable_19,teleport
prospective,0,tree,2b5e0ed483cc3050468f9dbe07ba775d3779a0f5f0b1d9721b5967992a9fa793_synthetic_irregular_7q_favorable_29,teleport
prospective,0,tree,2b5e0ed483cc3050468f9dbe07ba775d3779a0f5f0b1d9721b5967992a9fa793_synthetic_irregular_7q_favorable_37,teleport
prospective,0,tree,2b5e0ed483cc3050468f9dbe07ba775d3779a0f5f0b1d9721b5967992a9fa793_synthetic_irregular_7q_favorable_47,teleport
prospective,0,tree,2b5e0ed483cc3050468f9dbe07ba775d3779a0f5f0b1d9721b5967992a9fa793_synthetic_irregular_7q_spread_11,teleport
prospective,0,tree,2b5e0ed483cc3050468f9dbe07ba775d3779a0f5f0b1d9721b5967992a9fa793_synthetic_irregular_7q_spread_19,teleport
prospective,0,tree,2b5e0ed483cc3050468f9dbe07ba775d3779a0f5f0b1d9721b5967992a9fa793_synthetic_irregular_7q_spread_29,teleport
prospective,0,tree,2b5e0ed483cc3050468f9dbe07ba775d3779a0f5f0b1d9721b5967992a9fa793_synthetic_irregular_7q_spread_37,teleport
prospective,0,tree,2b5e0ed483cc3050468f9dbe07ba775d3779a0f5f0b1d9721b5967992a9fa793_synthetic_irregular_7q_spread_47,teleport
prospective,0,tree,8e4246a80f37dc867d0cfe5b703c5e97fe1bd50168e294b8649e2eadb63771f1_synthetic_line_6q_favorable_11,teleport
prospective,0,tree,8e4246a80f37dc867d0cfe5b703c5e97fe1bd50168e294b8649e2eadb63771f1_synthetic_line_6q_favorable_19,teleport
prospective,0,tree,8e4246a80f37dc867d0cfe5b703c5e97fe1bd50168e294b8649e2eadb63771f1_synthetic_line_6q_favorable_29,teleport
prospective,0,tree,8e4246a80f37dc867d0cfe5b703c5e97fe1bd50168e294b8649e2eadb63771f1_synthetic_line_6q_favorable_37,teleport
prospective,0,tree,8e4246a80f37dc867d0cfe5b703c5e97fe1bd50168e294b8649e2eadb63771f1_synthetic_line_6q_favorable_47,teleport
prospective,0,tree,8e4246a80f37dc867d0cfe5b703c5e97fe1bd50168e294b8649e2eadb63771f1_synthetic_line_6q_spread_11,teleport
prospective,0,tree,8e4246a80f37dc867d0cfe5b703c5e97fe1bd50168e294b8649e2eadb63771f1_synthetic_line_6q_spread_19,teleport
prospective,0,tree,8e4246a80f37dc867d0cfe5b703c5e97fe1bd50168e294b8649e2eadb63771f1_synthetic_line_6q_spread_29,teleport
prospective,0,tree,8e4246a80f37dc867d0cfe5b703c5e97fe1bd50168e294b8649e2eadb63771f1_synthetic_line_6q_spread_37,teleport
prospective,0,tree,8e4246a80f37dc867d0cfe5b703c5e97fe1bd50168e294b8649e2eadb63771f1_synthetic_line_6q_spread_47,teleport
prospective,0,tree,8e4246a80f37dc867d0cfe5b703c5e97fe1bd50168e294b8649e2eadb63771f1_synthetic_ring_6q_transpiler_11,teleport
prospective,0,tree,8e4246a80f37dc867d0cfe5b703c5e97fe1bd50168e294b8649e2eadb63771f1_synthetic_ring_6q_transpiler_19,teleport
prospective,0,tree,8e4246a80f37dc867d0cfe5b703c5e97fe1bd50168e294b8649e2eadb63771f1_synthetic_ring_6q_transpiler_29,teleport
prospective,0,tree,8e4246a80f37dc867d0cfe5b703c5e97fe1bd50168e294b8649e2eadb63771f1_synthetic_ring_6q_transpiler_37,teleport
prospective,0,tree,8e4246a80f37dc867d0cfe5b703c5e97fe1bd50168e294b8649e2eadb63771f1_synthetic_ring_6q_transpiler_47,teleport
prospective,0,tree,8e4246a80f37dc867d0cfe5b703c5e97fe1bd50168e294b8649e2eadb63771f1_synthetic_grid_6q_transpiler_11,teleport
prospective,0,tree,8e4246a80f37dc867d0cfe5b703c5e97fe1bd50168e294b8649e2eadb63771f1_synthetic_grid_6q_transpiler_19,teleport
prospective,0,tree,8e4246a80f37dc867d0cfe5b703c5e97fe1bd50168e294b8649e2eadb63771f1_synthetic_grid_6q_transpiler_29,teleport
prospective,0,tree,8e4246a80f37dc867d0cfe5b703c5e97fe1bd50168e294b8649e2eadb63771f1_synthetic_grid_6q_transpiler_37,teleport
prospective,0,tree,8e4246a80f37dc867d0cfe5b703c5e97fe1bd50168e294b8649e2eadb63771f1_synthetic_grid_6q_transpiler_47,teleport
prospective,0,tree,8e4246a80f37dc867d0cfe5b703c5e97fe1bd50168e294b8649e2eadb63771f1_synthetic_heavy_hex_like_7q_transpiler_11,teleport
prospective,0,tree,8e4246a80f37dc867d0cfe5b703c5e97fe1bd50168e294b8649e2eadb63771f1_synthetic_heavy_hex_like_7q_transpiler_19,teleport
prospective,0,tree,8e4246a80f37dc867d0cfe5b703c5e97fe1bd50168e294b8649e2eadb63771f1_synthetic_heavy_hex_like_7q_transpiler_29,teleport
prospective,0,tree,8e4246a80f37dc867d0cfe5b703c5e97fe1bd50168e294b8649e2eadb63771f1_synthetic_heavy_hex_like_7q_transpiler_37,teleport
prospective,0,tree,8e4246a80f37dc867d0cfe5b703c5e97fe1bd50168e294b8649e2eadb63771f1_synthetic_heavy_hex_like_7q_transpiler_47,teleport
prospective,0,tree,8e4246a80f37dc867d0cfe5b703c5e97fe1bd50168e294b8649e2eadb63771f1_synthetic_irregular_7q_favorable_11,teleport
prospective,0,tree,8e4246a80f37dc867d0cfe5b703c5e97fe1bd50168e294b8649e2eadb63771f1_synthetic_irregular_7q_favorable_19,teleport
prospective,0,tree,8e4246a80f37dc867d0cfe5b703c5e97fe1bd50168e294b8649e2eadb63771f1_synthetic_irregular_7q_favorable_29,teleport
prospective,0,tree,8e4246a80f37dc867d0cfe5b703c5e97fe1bd50168e294b8649e2eadb63771f1_synthetic_irregular_7q_favorable_37,teleport
prospective,0,tree,8e4246a80f37dc867d0cfe5b703c5e97fe1bd50168e294b8649e2eadb63771f1_synthetic_irregular_7q_favorable_47,teleport
prospective,0,tree,8e4246a80f37dc867d0cfe5b703c5e97fe1bd50168e294b8649e2eadb63771f1_synthetic_irregular_7q_spread_11,teleport
prospective,0,tree,8e4246a80f37dc867d0cfe5b703c5e97fe1bd50168e294b8649e2eadb63771f1_synthetic_irregular_7q_spread_19,teleport
prospective,0,tree,8e4246a80f37dc867d0cfe5b703c5e97fe1bd50168e294b8649e2eadb63771f1_synthetic_irregular_7q_spread_29,teleport
prospective,0,tree,8e4246a80f37dc867d0cfe5b703c5e97fe1bd50168e294b8649e2eadb63771f1_synthetic_irregular_7q_spread_37,teleport
prospective,0,tree,8e4246a80f37dc867d0cfe5b703c5e97fe1bd50168e294b8649e2eadb63771f1_synthetic_irregular_7q_spread_47,teleport
prospective,0,tree,4578146e16dfcf0a3a55a1b3fea16f778ac944886bf5b33e90f7dc227bfcd90d_synthetic_line_6q_favorable_11,basic
prospective,0,tree,4578146e16dfcf0a3a55a1b3fea16f778ac944886bf5b33e90f7dc227bfcd90d_synthetic_line_6q_favorable_19,basic
prospective,0,tree,4578146e16dfcf0a3a55a1b3fea16f778ac944886bf5b33e90f7dc227bfcd90d_synthetic_line_6q_favorable_29,basic
prospective,0,tree,4578146e16dfcf0a3a55a1b3fea16f778ac944886bf5b33e90f7dc227bfcd90d_synthetic_line_6q_favorable_37,basic
prospective,0,tree,4578146e16dfcf0a3a55a1b3fea16f778ac944886bf5b33e90f7dc227bfcd90d_synthetic_line_6q_favorable_47,basic
prospective,0,tree,4578146e16dfcf0a3a55a1b3fea16f778ac944886bf5b33e90f7dc227bfcd90d_synthetic_line_6q_spread_11,basic
prospective,0,tree,4578146e16dfcf0a3a55a1b3fea16f778ac944886bf5b33e90f7dc227bfcd90d_synthetic_line_6q_spread_19,basic
prospective,0,tree,4578146e16dfcf0a3a55a1b3fea16f778ac944886bf5b33e90f7dc227bfcd90d_synthetic_line_6q_spread_29,basic
prospective,0,tree,4578146e16dfcf0a3a55a1b3fea16f778ac944886bf5b33e90f7dc227bfcd90d_synthetic_line_6q_spread_37,basic
prospective,0,tree,4578146e16dfcf0a3a55a1b3fea16f778ac944886bf5b33e90f7dc227bfcd90d_synthetic_line_6q_spread_47,basic
prospective,0,tree,4578146e16dfcf0a3a55a1b3fea16f778ac944886bf5b33e90f7dc227bfcd90d_synthetic_ring_6q_transpiler_11,basic
prospective,0,tree,4578146e16dfcf0a3a55a1b3fea16f778ac944886bf5b33e90f7dc227bfcd90d_synthetic_ring_6q_transpiler_19,basic
prospective,0,tree,4578146e16dfcf0a3a55a1b3fea16f778ac944886bf5b33e90f7dc227bfcd90d_synthetic_ring_6q_transpiler_29,basic
prospective,0,tree,4578146e16dfcf0a3a55a1b3fea16f778ac944886bf5b33e90f7dc227bfcd90d_synthetic_ring_6q_transpiler_37,basic
prospective,0,tree,4578146e16dfcf0a3a55a1b3fea16f778ac944886bf5b33e90f7dc227bfcd90d_synthetic_ring_6q_transpiler_47,basic
prospective,0,tree,4578146e16dfcf0a3a55a1b3fea16f778ac944886bf5b33e90f7dc227bfcd90d_synthetic_grid_6q_transpiler_11,basic
prospective,0,tree,4578146e16dfcf0a3a55a1b3fea16f778ac944886bf5b33e90f7dc227bfcd90d_synthetic_grid_6q_transpiler_19,basic
prospective,0,tree,4578146e16dfcf0a3a55a1b3fea16f778ac944886bf5b33e90f7dc227bfcd90d_synthetic_grid_6q_transpiler_29,basic
prospective,0,tree,4578146e16dfcf0a3a55a1b3fea16f778ac944886bf5b33e90f7dc227bfcd90d_synthetic_grid_6q_transpiler_37,basic
prospective,0,tree,4578146e16dfcf0a3a55a1b3fea16f778ac944886bf5b33e90f7dc227bfcd90d_synthetic_grid_6q_transpiler_47,basic
prospective,0,tree,4578146e16dfcf0a3a55a1b3fea16f778ac944886bf5b33e90f7dc227bfcd90d_synthetic_heavy_hex_like_7q_transpiler_11,basic
prospective,0,tree,4578146e16dfcf0a3a55a1b3fea16f778ac944886bf5b33e90f7dc227bfcd90d_synthetic_heavy_hex_like_7q_transpiler_19,basic
prospective,0,tree,4578146e16dfcf0a3a55a1b3fea16f778ac944886bf5b33e90f7dc227bfcd90d_synthetic_heavy_hex_like_7q_transpiler_29,basic
prospective,0,tree,4578146e16dfcf0a3a55a1b3fea16f778ac944886bf5b33e90f7dc227bfcd90d_synthetic_heavy_hex_like_7q_transpiler_37,basic
prospective,0,tree,4578146e16dfcf0a3a55a1b3fea16f778ac944886bf5b33e90f7dc227bfcd90d_synthetic_heavy_hex_like_7q_transpiler_47,basic
prospective,0,tree,4578146e16dfcf0a3a55a1b3fea16f778ac944886bf5b33e90f7dc227bfcd90d_synthetic_irregular_7q_favorable_11,basic
prospective,0,tree,4578146e16dfcf0a3a55a1b3fea16f778ac944886bf5b33e90f7dc227bfcd90d_synthetic_irregular_7q_favorable_19,basic
prospective,0,tree,4578146e16dfcf0a3a55a1b3fea16f778ac944886bf5b33e90f7dc227bfcd90d_synthetic_irregular_7q_favorable_29,basic
prospective,0,tree,4578146e16dfcf0a3a55a1b3fea16f778ac944886bf5b33e90f7dc227bfcd90d_synthetic_irregular_7q_favorable_37,basic
prospective,0,tree,4578146e16dfcf0a3a55a1b3fea16f778ac944886bf5b33e90f7dc227bfcd90d_synthetic_irregular_7q_favorable_47,basic
prospective,0,tree,4578146e16dfcf0a3a55a1b3fea16f778ac944886bf5b33e90f7dc227bfcd90d_synthetic_irregular_7q_spread_11,basic
prospective,0,tree,4578146e16dfcf0a3a55a1b3fea16f778ac944886bf5b33e90f7dc227bfcd90d_synthetic_irregular_7q_spread_19,basic
prospective,0,tree,4578146e16dfcf0a3a55a1b3fea16f778ac944886bf5b33e90f7dc227bfcd90d_synthetic_irregular_7q_spread_29,basic
prospective,0,tree,4578146e16dfcf0a3a55a1b3fea16f778ac944886bf5b33e90f7dc227bfcd90d_synthetic_irregular_7q_spread_37,basic
prospective,0,tree,4578146e16dfcf0a3a55a1b3fea16f778ac944886bf5b33e90f7dc227bfcd90d_synthetic_irregular_7q_spread_47,basic
prospective,0,tree,b75cbf89649a5d40ee4400d372e6cf3e16e5c828229f394ddf0f65442c3f44a5_synthetic_line_8q_favorable_11,basic
prospective,0,tree,b75cbf89649a5d40ee4400d372e6cf3e16e5c828229f394ddf0f65442c3f44a5_synthetic_line_8q_favorable_19,basic
prospective,0,tree,b75cbf89649a5d40ee4400d372e6cf3e16e5c828229f394ddf0f65442c3f44a5_synthetic_line_8q_favorable_29,basic
prospective,0,tree,b75cbf89649a5d40ee4400d372e6cf3e16e5c828229f394ddf0f65442c3f44a5_synthetic_line_8q_favorable_37,basic
prospective,0,tree,b75cbf89649a5d40ee4400d372e6cf3e16e5c828229f394ddf0f65442c3f44a5_synthetic_line_8q_favorable_47,basic
prospective,0,tree,b75cbf89649a5d40ee4400d372e6cf3e16e5c828229f394ddf0f65442c3f44a5_synthetic_line_8q_spread_11,basic
prospective,0,tree,b75cbf89649a5d40ee4400d372e6cf3e16e5c828229f394ddf0f65442c3f44a5_synthetic_line_8q_spread_19,basic
prospective,0,tree,b75cbf89649a5d40ee4400d372e6cf3e16e5c828229f394ddf0f65442c3f44a5_synthetic_line_8q_spread_29,basic
prospective,0,tree,b75cbf89649a5d40ee4400d372e6cf3e16e5c828229f394ddf0f65442c3f44a5_synthetic_line_8q_spread_37,basic
prospective,0,tree,b75cbf89649a5d40ee4400d372e6cf3e16e5c828229f394ddf0f65442c3f44a5_synthetic_line_8q_spread_47,basic
prospective,0,tree,b75cbf89649a5d40ee4400d372e6cf3e16e5c828229f394ddf0f65442c3f44a5_synthetic_ring_8q_transpiler_11,basic
prospective,0,tree,b75cbf89649a5d40ee4400d372e6cf3e16e5c828229f394ddf0f65442c3f44a5_synthetic_ring_8q_transpiler_19,basic
prospective,0,tree,b75cbf89649a5d40ee4400d372e6cf3e16e5c828229f394ddf0f65442c3f44a5_synthetic_ring_8q_transpiler_29,basic
prospective,0,tree,b75cbf89649a5d40ee4400d372e6cf3e16e5c828229f394ddf0f65442c3f44a5_synthetic_ring_8q_transpiler_37,basic
prospective,0,tree,b75cbf89649a5d40ee4400d372e6cf3e16e5c828229f394ddf0f65442c3f44a5_synthetic_ring_8q_transpiler_47,basic
prospective,0,tree,b75cbf89649a5d40ee4400d372e6cf3e16e5c828229f394ddf0f65442c3f44a5_synthetic_grid_8q_transpiler_11,basic
prospective,0,tree,b75cbf89649a5d40ee4400d372e6cf3e16e5c828229f394ddf0f65442c3f44a5_synthetic_grid_8q_transpiler_19,basic
prospective,0,tree,b75cbf89649a5d40ee4400d372e6cf3e16e5c828229f394ddf0f65442c3f44a5_synthetic_grid_8q_transpiler_29,basic
prospective,0,tree,b75cbf89649a5d40ee4400d372e6cf3e16e5c828229f394ddf0f65442c3f44a5_synthetic_grid_8q_transpiler_37,basic
prospective,0,tree,b75cbf89649a5d40ee4400d372e6cf3e16e5c828229f394ddf0f65442c3f44a5_synthetic_grid_8q_transpiler_47,basic
prospective,0,tree,b75cbf89649a5d40ee4400d372e6cf3e16e5c828229f394ddf0f65442c3f44a5_synthetic_heavy_hex_like_8q_transpiler_11,basic
prospective,0,tree,b75cbf89649a5d40ee4400d372e6cf3e16e5c828229f394ddf0f65442c3f44a5_synthetic_heavy_hex_like_8q_transpiler_19,basic
prospective,0,tree,b75cbf89649a5d40ee4400d372e6cf3e16e5c828229f394ddf0f65442c3f44a5_synthetic_heavy_hex_like_8q_transpiler_29,basic
prospective,0,tree,b75cbf89649a5d40ee4400d372e6cf3e16e5c828229f394ddf0f65442c3f44a5_synthetic_heavy_hex_like_8q_transpiler_37,basic
prospective,0,tree,b75cbf89649a5d40ee4400d372e6cf3e16e5c828229f394ddf0f65442c3f44a5_synthetic_heavy_hex_like_8q_transpiler_47,basic
prospective,0,tree,b75cbf89649a5d40ee4400d372e6cf3e16e5c828229f394ddf0f65442c3f44a5_synthetic_irregular_8q_favorable_11,basic
prospective,0,tree,b75cbf89649a5d40ee4400d372e6cf3e16e5c828229f394ddf0f65442c3f44a5_synthetic_irregular_8q_favorable_19,basic
prospective,0,tree,b75cbf89649a5d40ee4400d372e6cf3e16e5c828229f394ddf0f65442c3f44a5_synthetic_irregular_8q_favorable_29,basic
prospective,0,tree,b75cbf89649a5d40ee4400d372e6cf3e16e5c828229f394ddf0f65442c3f44a5_synthetic_irregular_8q_favorable_37,basic
prospective,0,tree,b75cbf89649a5d40ee4400d372e6cf3e16e5c828229f394ddf0f65442c3f44a5_synthetic_irregular_8q_favorable_47,basic
prospective,0,tree,b75cbf89649a5d40ee4400d372e6cf3e16e5c828229f394ddf0f65442c3f44a5_synthetic_irregular_8q_spread_11,basic
prospective,0,tree,b75cbf89649a5d40ee4400d372e6cf3e16e5c828229f394ddf0f65442c3f44a5_synthetic_irregular_8q_spread_19,basic
prospective,0,tree,b75cbf89649a5d40ee4400d372e6cf3e16e5c828229f394ddf0f65442c3f44a5_synthetic_irregular_8q_spread_29,basic
prospective,0,tree,b75cbf89649a5d40ee4400d372e6cf3e16e5c828229f394ddf0f65442c3f44a5_synthetic_irregular_8q_spread_37,basic
prospective,0,tree,b75cbf89649a5d40ee4400d372e6cf3e16e5c828229f394ddf0f65442c3f44a5_synthetic_irregular_8q_spread_47,basic
prospective,0,tree,d338eb773a8d9b65affd729028e23e9f24e361c2bc1272505190220bc634f90b_synthetic_line_8q_favorable_11,basic
prospective,0,tree,d338eb773a8d9b65affd729028e23e9f24e361c2bc1272505190220bc634f90b_synthetic_line_8q_favorable_19,basic
prospective,0,tree,d338eb773a8d9b65affd729028e23e9f24e361c2bc1272505190220bc634f90b_synthetic_line_8q_favorable_29,basic
prospective,0,tree,d338eb773a8d9b65affd729028e23e9f24e361c2bc1272505190220bc634f90b_synthetic_line_8q_favorable_37,basic
prospective,0,tree,d338eb773a8d9b65affd729028e23e9f24e361c2bc1272505190220bc634f90b_synthetic_line_8q_favorable_47,basic
prospective,0,tree,d338eb773a8d9b65affd729028e23e9f24e361c2bc1272505190220bc634f90b_synthetic_line_8q_spread_11,basic
prospective,0,tree,d338eb773a8d9b65affd729028e23e9f24e361c2bc1272505190220bc634f90b_synthetic_line_8q_spread_19,basic
prospective,0,tree,d338eb773a8d9b65affd729028e23e9f24e361c2bc1272505190220bc634f90b_synthetic_line_8q_spread_29,basic
prospective,0,tree,d338eb773a8d9b65affd729028e23e9f24e361c2bc1272505190220bc634f90b_synthetic_line_8q_spread_37,basic
prospective,0,tree,d338eb773a8d9b65affd729028e23e9f24e361c2bc1272505190220bc634f90b_synthetic_line_8q_spread_47,basic
prospective,0,tree,d338eb773a8d9b65affd729028e23e9f24e361c2bc1272505190220bc634f90b_synthetic_ring_8q_transpiler_11,basic
prospective,0,tree,d338eb773a8d9b65affd729028e23e9f24e361c2bc1272505190220bc634f90b_synthetic_ring_8q_transpiler_19,basic
prospective,0,tree,d338eb773a8d9b65affd729028e23e9f24e361c2bc1272505190220bc634f90b_synthetic_ring_8q_transpiler_29,basic
prospective,0,tree,d338eb773a8d9b65affd729028e23e9f24e361c2bc1272505190220bc634f90b_synthetic_ring_8q_transpiler_37,basic
prospective,0,tree,d338eb773a8d9b65affd729028e23e9f24e361c2bc1272505190220bc634f90b_synthetic_ring_8q_transpiler_47,basic
prospective,0,tree,d338eb773a8d9b65affd729028e23e9f24e361c2bc1272505190220bc634f90b_synthetic_grid_8q_transpiler_11,basic
prospective,0,tree,d338eb773a8d9b65affd729028e23e9f24e361c2bc1272505190220bc634f90b_synthetic_grid_8q_transpiler_19,basic
prospective,0,tree,d338eb773a8d9b65affd729028e23e9f24e361c2bc1272505190220bc634f90b_synthetic_grid_8q_transpiler_29,basic
prospective,0,tree,d338eb773a8d9b65affd729028e23e9f24e361c2bc1272505190220bc634f90b_synthetic_grid_8q_transpiler_37,basic
prospective,0,tree,d338eb773a8d9b65affd729028e23e9f24e361c2bc1272505190220bc634f90b_synthetic_grid_8q_transpiler_47,basic
prospective,0,tree,d338eb773a8d9b65affd729028e23e9f24e361c2bc1272505190220bc634f90b_synthetic_heavy_hex_like_8q_transpiler_11,basic
prospective,0,tree,d338eb773a8d9b65affd729028e23e9f24e361c2bc1272505190220bc634f90b_synthetic_heavy_hex_like_8q_transpiler_19,basic
prospective,0,tree,d338eb773a8d9b65affd729028e23e9f24e361c2bc1272505190220bc634f90b_synthetic_heavy_hex_like_8q_transpiler_29,basic
prospective,0,tree,d338eb773a8d9b65affd729028e23e9f24e361c2bc1272505190220bc634f90b_synthetic_heavy_hex_like_8q_transpiler_37,basic
prospective,0,tree,d338eb773a8d9b65affd729028e23e9f24e361c2bc1272505190220bc634f90b_synthetic_heavy_hex_like_8q_transpiler_47,basic
prospective,0,tree,d338eb773a8d9b65affd729028e23e9f24e361c2bc1272505190220bc634f90b_synthetic_irregular_8q_favorable_11,basic
prospective,0,tree,d338eb773a8d9b65affd729028e23e9f24e361c2bc1272505190220bc634f90b_synthetic_irregular_8q_favorable_19,basic
prospective,0,tree,d338eb773a8d9b65affd729028e23e9f24e361c2bc1272505190220bc634f90b_synthetic_irregular_8q_favorable_29,basic
prospective,0,tree,d338eb773a8d9b65affd729028e23e9f24e361c2bc1272505190220bc634f90b_synthetic_irregular_8q_favorable_37,basic
prospective,0,tree,d338eb773a8d9b65affd729028e23e9f24e361c2bc1272505190220bc634f90b_synthetic_irregular_8q_favorable_47,basic
prospective,0,tree,d338eb773a8d9b65affd729028e23e9f24e361c2bc1272505190220bc634f90b_synthetic_irregular_8q_spread_11,basic
prospective,0,tree,d338eb773a8d9b65affd729028e23e9f24e361c2bc1272505190220bc634f90b_synthetic_irregular_8q_spread_19,basic
prospective,0,tree,d338eb773a8d9b65affd729028e23e9f24e361c2bc1272505190220bc634f90b_synthetic_irregular_8q_spread_29,basic
prospective,0,tree,d338eb773a8d9b65affd729028e23e9f24e361c2bc1272505190220bc634f90b_synthetic_irregular_8q_spread_37,basic
prospective,0,tree,d338eb773a8d9b65affd729028e23e9f24e361c2bc1272505190220bc634f90b_synthetic_irregular_8q_spread_47,basic
prospective,0,tree,7e51cc13b595a2c405f4e95cc42eb66be8187f7e9b2846e1655f0c93c77108c8_synthetic_line_8q_favorable_11,basic
prospective,0,tree,7e51cc13b595a2c405f4e95cc42eb66be8187f7e9b2846e1655f0c93c77108c8_synthetic_line_8q_favorable_19,basic
prospective,0,tree,7e51cc13b595a2c405f4e95cc42eb66be8187f7e9b2846e1655f0c93c77108c8_synthetic_line_8q_favorable_29,basic
prospective,0,tree,7e51cc13b595a2c405f4e95cc42eb66be8187f7e9b2846e1655f0c93c77108c8_synthetic_line_8q_favorable_37,basic
prospective,0,tree,7e51cc13b595a2c405f4e95cc42eb66be8187f7e9b2846e1655f0c93c77108c8_synthetic_line_8q_favorable_47,basic
prospective,0,tree,7e51cc13b595a2c405f4e95cc42eb66be8187f7e9b2846e1655f0c93c77108c8_synthetic_line_8q_spread_11,basic
prospective,0,tree,7e51cc13b595a2c405f4e95cc42eb66be8187f7e9b2846e1655f0c93c77108c8_synthetic_line_8q_spread_19,basic
prospective,0,tree,7e51cc13b595a2c405f4e95cc42eb66be8187f7e9b2846e1655f0c93c77108c8_synthetic_line_8q_spread_29,basic
prospective,0,tree,7e51cc13b595a2c405f4e95cc42eb66be8187f7e9b2846e1655f0c93c77108c8_synthetic_line_8q_spread_37,basic
prospective,0,tree,7e51cc13b595a2c405f4e95cc42eb66be8187f7e9b2846e1655f0c93c77108c8_synthetic_line_8q_spread_47,basic
prospective,0,tree,7e51cc13b595a2c405f4e95cc42eb66be8187f7e9b2846e1655f0c93c77108c8_synthetic_ring_8q_transpiler_11,basic
prospective,0,tree,7e51cc13b595a2c405f4e95cc42eb66be8187f7e9b2846e1655f0c93c77108c8_synthetic_ring_8q_transpiler_19,basic
prospective,0,tree,7e51cc13b595a2c405f4e95cc42eb66be8187f7e9b2846e1655f0c93c77108c8_synthetic_ring_8q_transpiler_29,basic
prospective,0,tree,7e51cc13b595a2c405f4e95cc42eb66be8187f7e9b2846e1655f0c93c77108c8_synthetic_ring_8q_transpiler_37,basic
prospective,0,tree,7e51cc13b595a2c405f4e95cc42eb66be8187f7e9b2846e1655f0c93c77108c8_synthetic_ring_8q_transpiler_47,basic
prospective,0,tree,7e51cc13b595a2c405f4e95cc42eb66be8187f7e9b2846e1655f0c93c77108c8_synthetic_grid_8q_transpiler_11,basic
prospective,0,tree,7e51cc13b595a2c405f4e95cc42eb66be8187f7e9b2846e1655f0c93c77108c8_synthetic_grid_8q_transpiler_19,basic
prospective,0,tree,7e51cc13b595a2c405f4e95cc42eb66be8187f7e9b2846e1655f0c93c77108c8_synthetic_grid_8q_transpiler_29,basic
prospective,0,tree,7e51cc13b595a2c405f4e95cc42eb66be8187f7e9b2846e1655f0c93c77108c8_synthetic_grid_8q_transpiler_37,basic
prospective,0,tree,7e51cc13b595a2c405f4e95cc42eb66be8187f7e9b2846e1655f0c93c77108c8_synthetic_grid_8q_transpiler_47,basic
prospective,0,tree,7e51cc13b595a2c405f4e95cc42eb66be8187f7e9b2846e1655f0c93c77108c8_synthetic_heavy_hex_like_8q_transpiler_11,basic
prospective,0,tree,7e51cc13b595a2c405f4e95cc42eb66be8187f7e9b2846e1655f0c93c77108c8_synthetic_heavy_hex_like_8q_transpiler_19,basic
prospective,0,tree,7e51cc13b595a2c405f4e95cc42eb66be8187f7e9b2846e1655f0c93c77108c8_synthetic_heavy_hex_like_8q_transpiler_29,basic
prospective,0,tree,7e51cc13b595a2c405f4e95cc42eb66be8187f7e9b2846e1655f0c93c77108c8_synthetic_heavy_hex_like_8q_transpiler_37,basic
prospective,0,tree,7e51cc13b595a2c405f4e95cc42eb66be8187f7e9b2846e1655f0c93c77108c8_synthetic_heavy_hex_like_8q_transpiler_47,basic
prospective,0,tree,7e51cc13b595a2c405f4e95cc42eb66be8187f7e9b2846e1655f0c93c77108c8_synthetic_irregular_8q_favorable_11,basic
prospective,0,tree,7e51cc13b595a2c405f4e95cc42eb66be8187f7e9b2846e1655f0c93c77108c8_synthetic_irregular_8q_favorable_19,basic
prospective,0,tree,7e51cc13b595a2c405f4e95cc42eb66be8187f7e9b2846e1655f0c93c77108c8_synthetic_irregular_8q_favorable_29,basic
prospective,0,tree,7e51cc13b595a2c405f4e95cc42eb66be8187f7e9b2846e1655f0c93c77108c8_synthetic_irregular_8q_favorable_37,basic
prospective,0,tree,7e51cc13b595a2c405f4e95cc42eb66be8187f7e9b2846e1655f0c93c77108c8_synthetic_irregular_8q_favorable_47,basic
prospective,0,tree,7e51cc13b595a2c405f4e95cc42eb66be8187f7e9b2846e1655f0c93c77108c8_synthetic_irregular_8q_spread_11,basic
prospective,0,tree,7e51cc13b595a2c405f4e95cc42eb66be8187f7e9b2846e1655f0c93c77108c8_synthetic_irregular_8q_spread_19,basic
prospective,0,tree,7e51cc13b595a2c405f4e95cc42eb66be8187f7e9b2846e1655f0c93c77108c8_synthetic_irregular_8q_spread_29,basic
prospective,0,tree,7e51cc13b595a2c405f4e95cc42eb66be8187f7e9b2846e1655f0c93c77108c8_synthetic_irregular_8q_spread_37,basic
prospective,0,tree,7e51cc13b595a2c405f4e95cc42eb66be8187f7e9b2846e1655f0c93c77108c8_synthetic_irregular_8q_spread_47,basic
prospective,0,forest_classifier,00dec25597397b2934fb42740994f65c50571551a5090f8e130104971b3c190f_synthetic_line_6q_favorable_11,teleport
prospective,0,forest_classifier,00dec25597397b2934fb42740994f65c50571551a5090f8e130104971b3c190f_synthetic_line_6q_favorable_19,teleport
prospective,0,forest_classifier,00dec25597397b2934fb42740994f65c50571551a5090f8e130104971b3c190f_synthetic_line_6q_favorable_29,teleport
prospective,0,forest_classifier,00dec25597397b2934fb42740994f65c50571551a5090f8e130104971b3c190f_synthetic_line_6q_favorable_37,teleport
prospective,0,forest_classifier,00dec25597397b2934fb42740994f65c50571551a5090f8e130104971b3c190f_synthetic_line_6q_favorable_47,teleport
prospective,0,forest_classifier,00dec25597397b2934fb42740994f65c50571551a5090f8e130104971b3c190f_synthetic_line_6q_spread_11,teleport
prospective,0,forest_classifier,00dec25597397b2934fb42740994f65c50571551a5090f8e130104971b3c190f_synthetic_line_6q_spread_19,teleport
prospective,0,forest_classifier,00dec25597397b2934fb42740994f65c50571551a5090f8e130104971b3c190f_synthetic_line_6q_spread_29,teleport
prospective,0,forest_classifier,00dec25597397b2934fb42740994f65c50571551a5090f8e130104971b3c190f_synthetic_line_6q_spread_37,teleport
prospective,0,forest_classifier,00dec25597397b2934fb42740994f65c50571551a5090f8e130104971b3c190f_synthetic_line_6q_spread_47,teleport
prospective,0,forest_classifier,00dec25597397b2934fb42740994f65c50571551a5090f8e130104971b3c190f_synthetic_ring_6q_transpiler_11,teleport
prospective,0,forest_classifier,00dec25597397b2934fb42740994f65c50571551a5090f8e130104971b3c190f_synthetic_ring_6q_transpiler_19,teleport
prospective,0,forest_classifier,00dec25597397b2934fb42740994f65c50571551a5090f8e130104971b3c190f_synthetic_ring_6q_transpiler_29,teleport
prospective,0,forest_classifier,00dec25597397b2934fb42740994f65c50571551a5090f8e130104971b3c190f_synthetic_ring_6q_transpiler_37,teleport
prospective,0,forest_classifier,00dec25597397b2934fb42740994f65c50571551a5090f8e130104971b3c190f_synthetic_ring_6q_transpiler_47,teleport
prospective,0,forest_classifier,00dec25597397b2934fb42740994f65c50571551a5090f8e130104971b3c190f_synthetic_grid_6q_transpiler_11,teleport
prospective,0,forest_classifier,00dec25597397b2934fb42740994f65c50571551a5090f8e130104971b3c190f_synthetic_grid_6q_transpiler_19,teleport
prospective,0,forest_classifier,00dec25597397b2934fb42740994f65c50571551a5090f8e130104971b3c190f_synthetic_grid_6q_transpiler_29,teleport
prospective,0,forest_classifier,00dec25597397b2934fb42740994f65c50571551a5090f8e130104971b3c190f_synthetic_grid_6q_transpiler_37,teleport
prospective,0,forest_classifier,00dec25597397b2934fb42740994f65c50571551a5090f8e130104971b3c190f_synthetic_grid_6q_transpiler_47,teleport
prospective,0,forest_classifier,00dec25597397b2934fb42740994f65c50571551a5090f8e130104971b3c190f_synthetic_heavy_hex_like_7q_transpiler_11,teleport
prospective,0,forest_classifier,00dec25597397b2934fb42740994f65c50571551a5090f8e130104971b3c190f_synthetic_heavy_hex_like_7q_transpiler_19,teleport
prospective,0,forest_classifier,00dec25597397b2934fb42740994f65c50571551a5090f8e130104971b3c190f_synthetic_heavy_hex_like_7q_transpiler_29,teleport
prospective,0,forest_classifier,00dec25597397b2934fb42740994f65c50571551a5090f8e130104971b3c190f_synthetic_heavy_hex_like_7q_transpiler_37,teleport
prospective,0,forest_classifier,00dec25597397b2934fb42740994f65c50571551a5090f8e130104971b3c190f_synthetic_heavy_hex_like_7q_transpiler_47,teleport
prospective,0,forest_classifier,00dec25597397b2934fb42740994f65c50571551a5090f8e130104971b3c190f_synthetic_irregular_7q_favorable_11,teleport
prospective,0,forest_classifier,00dec25597397b2934fb42740994f65c50571551a5090f8e130104971b3c190f_synthetic_irregular_7q_favorable_19,teleport
prospective,0,forest_classifier,00dec25597397b2934fb42740994f65c50571551a5090f8e130104971b3c190f_synthetic_irregular_7q_favorable_29,teleport
prospective,0,forest_classifier,00dec25597397b2934fb42740994f65c50571551a5090f8e130104971b3c190f_synthetic_irregular_7q_favorable_37,teleport
prospective,0,forest_classifier,00dec25597397b2934fb42740994f65c50571551a5090f8e130104971b3c190f_synthetic_irregular_7q_favorable_47,teleport
prospective,0,forest_classifier,00dec25597397b2934fb42740994f65c50571551a5090f8e130104971b3c190f_synthetic_irregular_7q_spread_11,teleport
prospective,0,forest_classifier,00dec25597397b2934fb42740994f65c50571551a5090f8e130104971b3c190f_synthetic_irregular_7q_spread_19,teleport
prospective,0,forest_classifier,00dec25597397b2934fb42740994f65c50571551a5090f8e130104971b3c190f_synthetic_irregular_7q_spread_29,teleport
prospective,0,forest_classifier,00dec25597397b2934fb42740994f65c50571551a5090f8e130104971b3c190f_synthetic_irregular_7q_spread_37,teleport
prospective,0,forest_classifier,00dec25597397b2934fb42740994f65c50571551a5090f8e130104971b3c190f_synthetic_irregular_7q_spread_47,teleport
prospective,0,forest_classifier,49f9e42949fe44e9cacc4cb550ad5cc71ba965632af7f9c8a4fd8e3384156438_synthetic_line_6q_favorable_11,teleport
prospective,0,forest_classifier,49f9e42949fe44e9cacc4cb550ad5cc71ba965632af7f9c8a4fd8e3384156438_synthetic_line_6q_favorable_19,teleport
prospective,0,forest_classifier,49f9e42949fe44e9cacc4cb550ad5cc71ba965632af7f9c8a4fd8e3384156438_synthetic_line_6q_favorable_29,teleport
prospective,0,forest_classifier,49f9e42949fe44e9cacc4cb550ad5cc71ba965632af7f9c8a4fd8e3384156438_synthetic_line_6q_favorable_37,teleport
prospective,0,forest_classifier,49f9e42949fe44e9cacc4cb550ad5cc71ba965632af7f9c8a4fd8e3384156438_synthetic_line_6q_favorable_47,teleport
prospective,0,forest_classifier,49f9e42949fe44e9cacc4cb550ad5cc71ba965632af7f9c8a4fd8e3384156438_synthetic_line_6q_spread_11,teleport
prospective,0,forest_classifier,49f9e42949fe44e9cacc4cb550ad5cc71ba965632af7f9c8a4fd8e3384156438_synthetic_line_6q_spread_19,teleport
prospective,0,forest_classifier,49f9e42949fe44e9cacc4cb550ad5cc71ba965632af7f9c8a4fd8e3384156438_synthetic_line_6q_spread_29,teleport
prospective,0,forest_classifier,49f9e42949fe44e9cacc4cb550ad5cc71ba965632af7f9c8a4fd8e3384156438_synthetic_line_6q_spread_37,teleport
prospective,0,forest_classifier,49f9e42949fe44e9cacc4cb550ad5cc71ba965632af7f9c8a4fd8e3384156438_synthetic_line_6q_spread_47,teleport
prospective,0,forest_classifier,49f9e42949fe44e9cacc4cb550ad5cc71ba965632af7f9c8a4fd8e3384156438_synthetic_ring_6q_transpiler_11,teleport
prospective,0,forest_classifier,49f9e42949fe44e9cacc4cb550ad5cc71ba965632af7f9c8a4fd8e3384156438_synthetic_ring_6q_transpiler_19,teleport
prospective,0,forest_classifier,49f9e42949fe44e9cacc4cb550ad5cc71ba965632af7f9c8a4fd8e3384156438_synthetic_ring_6q_transpiler_29,teleport
prospective,0,forest_classifier,49f9e42949fe44e9cacc4cb550ad5cc71ba965632af7f9c8a4fd8e3384156438_synthetic_ring_6q_transpiler_37,teleport
prospective,0,forest_classifier,49f9e42949fe44e9cacc4cb550ad5cc71ba965632af7f9c8a4fd8e3384156438_synthetic_ring_6q_transpiler_47,teleport
prospective,0,forest_classifier,49f9e42949fe44e9cacc4cb550ad5cc71ba965632af7f9c8a4fd8e3384156438_synthetic_grid_6q_transpiler_11,teleport
prospective,0,forest_classifier,49f9e42949fe44e9cacc4cb550ad5cc71ba965632af7f9c8a4fd8e3384156438_synthetic_grid_6q_transpiler_19,teleport
prospective,0,forest_classifier,49f9e42949fe44e9cacc4cb550ad5cc71ba965632af7f9c8a4fd8e3384156438_synthetic_grid_6q_transpiler_29,teleport
prospective,0,forest_classifier,49f9e42949fe44e9cacc4cb550ad5cc71ba965632af7f9c8a4fd8e3384156438_synthetic_grid_6q_transpiler_37,teleport
prospective,0,forest_classifier,49f9e42949fe44e9cacc4cb550ad5cc71ba965632af7f9c8a4fd8e3384156438_synthetic_grid_6q_transpiler_47,teleport
prospective,0,forest_classifier,49f9e42949fe44e9cacc4cb550ad5cc71ba965632af7f9c8a4fd8e3384156438_synthetic_heavy_hex_like_7q_transpiler_11,teleport
prospective,0,forest_classifier,49f9e42949fe44e9cacc4cb550ad5cc71ba965632af7f9c8a4fd8e3384156438_synthetic_heavy_hex_like_7q_transpiler_19,teleport
prospective,0,forest_classifier,49f9e42949fe44e9cacc4cb550ad5cc71ba965632af7f9c8a4fd8e3384156438_synthetic_heavy_hex_like_7q_transpiler_29,teleport
prospective,0,forest_classifier,49f9e42949fe44e9cacc4cb550ad5cc71ba965632af7f9c8a4fd8e3384156438_synthetic_heavy_hex_like_7q_transpiler_37,teleport
prospective,0,forest_classifier,49f9e42949fe44e9cacc4cb550ad5cc71ba965632af7f9c8a4fd8e3384156438_synthetic_heavy_hex_like_7q_transpiler_47,teleport
prospective,0,forest_classifier,49f9e42949fe44e9cacc4cb550ad5cc71ba965632af7f9c8a4fd8e3384156438_synthetic_irregular_7q_favorable_11,teleport
prospective,0,forest_classifier,49f9e42949fe44e9cacc4cb550ad5cc71ba965632af7f9c8a4fd8e3384156438_synthetic_irregular_7q_favorable_19,teleport
prospective,0,forest_classifier,49f9e42949fe44e9cacc4cb550ad5cc71ba965632af7f9c8a4fd8e3384156438_synthetic_irregular_7q_favorable_29,teleport
prospective,0,forest_classifier,49f9e42949fe44e9cacc4cb550ad5cc71ba965632af7f9c8a4fd8e3384156438_synthetic_irregular_7q_favorable_37,teleport
prospective,0,forest_classifier,49f9e42949fe44e9cacc4cb550ad5cc71ba965632af7f9c8a4fd8e3384156438_synthetic_irregular_7q_favorable_47,teleport
prospective,0,forest_classifier,49f9e42949fe44e9cacc4cb550ad5cc71ba965632af7f9c8a4fd8e3384156438_synthetic_irregular_7q_spread_11,teleport
prospective,0,forest_classifier,49f9e42949fe44e9cacc4cb550ad5cc71ba965632af7f9c8a4fd8e3384156438_synthetic_irregular_7q_spread_19,teleport
prospective,0,forest_classifier,49f9e42949fe44e9cacc4cb550ad5cc71ba965632af7f9c8a4fd8e3384156438_synthetic_irregular_7q_spread_29,teleport
prospective,0,forest_classifier,49f9e42949fe44e9cacc4cb550ad5cc71ba965632af7f9c8a4fd8e3384156438_synthetic_irregular_7q_spread_37,teleport
prospective,0,forest_classifier,49f9e42949fe44e9cacc4cb550ad5cc71ba965632af7f9c8a4fd8e3384156438_synthetic_irregular_7q_spread_47,teleport
prospective,0,forest_classifier,6a9ea95959ada3b9eb58a4396c3fc46af54caed318314ad360db449a01f90c66_synthetic_line_6q_favorable_11,teleport
prospective,0,forest_classifier,6a9ea95959ada3b9eb58a4396c3fc46af54caed318314ad360db449a01f90c66_synthetic_line_6q_favorable_19,teleport
prospective,0,forest_classifier,6a9ea95959ada3b9eb58a4396c3fc46af54caed318314ad360db449a01f90c66_synthetic_line_6q_favorable_29,teleport
prospective,0,forest_classifier,6a9ea95959ada3b9eb58a4396c3fc46af54caed318314ad360db449a01f90c66_synthetic_line_6q_favorable_37,teleport
prospective,0,forest_classifier,6a9ea95959ada3b9eb58a4396c3fc46af54caed318314ad360db449a01f90c66_synthetic_line_6q_favorable_47,teleport
prospective,0,forest_classifier,6a9ea95959ada3b9eb58a4396c3fc46af54caed318314ad360db449a01f90c66_synthetic_line_6q_spread_11,teleport
prospective,0,forest_classifier,6a9ea95959ada3b9eb58a4396c3fc46af54caed318314ad360db449a01f90c66_synthetic_line_6q_spread_19,teleport
prospective,0,forest_classifier,6a9ea95959ada3b9eb58a4396c3fc46af54caed318314ad360db449a01f90c66_synthetic_line_6q_spread_29,teleport
prospective,0,forest_classifier,6a9ea95959ada3b9eb58a4396c3fc46af54caed318314ad360db449a01f90c66_synthetic_line_6q_spread_37,teleport
prospective,0,forest_classifier,6a9ea95959ada3b9eb58a4396c3fc46af54caed318314ad360db449a01f90c66_synthetic_line_6q_spread_47,teleport
prospective,0,forest_classifier,6a9ea95959ada3b9eb58a4396c3fc46af54caed318314ad360db449a01f90c66_synthetic_ring_6q_transpiler_11,teleport
prospective,0,forest_classifier,6a9ea95959ada3b9eb58a4396c3fc46af54caed318314ad360db449a01f90c66_synthetic_ring_6q_transpiler_19,teleport
prospective,0,forest_classifier,6a9ea95959ada3b9eb58a4396c3fc46af54caed318314ad360db449a01f90c66_synthetic_ring_6q_transpiler_29,teleport
prospective,0,forest_classifier,6a9ea95959ada3b9eb58a4396c3fc46af54caed318314ad360db449a01f90c66_synthetic_ring_6q_transpiler_37,teleport
prospective,0,forest_classifier,6a9ea95959ada3b9eb58a4396c3fc46af54caed318314ad360db449a01f90c66_synthetic_ring_6q_transpiler_47,teleport
prospective,0,forest_classifier,6a9ea95959ada3b9eb58a4396c3fc46af54caed318314ad360db449a01f90c66_synthetic_grid_6q_transpiler_11,teleport
prospective,0,forest_classifier,6a9ea95959ada3b9eb58a4396c3fc46af54caed318314ad360db449a01f90c66_synthetic_grid_6q_transpiler_19,teleport
prospective,0,forest_classifier,6a9ea95959ada3b9eb58a4396c3fc46af54caed318314ad360db449a01f90c66_synthetic_grid_6q_transpiler_29,teleport
prospective,0,forest_classifier,6a9ea95959ada3b9eb58a4396c3fc46af54caed318314ad360db449a01f90c66_synthetic_grid_6q_transpiler_37,teleport
prospective,0,forest_classifier,6a9ea95959ada3b9eb58a4396c3fc46af54caed318314ad360db449a01f90c66_synthetic_grid_6q_transpiler_47,teleport
prospective,0,forest_classifier,6a9ea95959ada3b9eb58a4396c3fc46af54caed318314ad360db449a01f90c66_synthetic_heavy_hex_like_7q_transpiler_11,teleport
prospective,0,forest_classifier,6a9ea95959ada3b9eb58a4396c3fc46af54caed318314ad360db449a01f90c66_synthetic_heavy_hex_like_7q_transpiler_19,teleport
prospective,0,forest_classifier,6a9ea95959ada3b9eb58a4396c3fc46af54caed318314ad360db449a01f90c66_synthetic_heavy_hex_like_7q_transpiler_29,teleport
prospective,0,forest_classifier,6a9ea95959ada3b9eb58a4396c3fc46af54caed318314ad360db449a01f90c66_synthetic_heavy_hex_like_7q_transpiler_37,teleport
prospective,0,forest_classifier,6a9ea95959ada3b9eb58a4396c3fc46af54caed318314ad360db449a01f90c66_synthetic_heavy_hex_like_7q_transpiler_47,teleport
prospective,0,forest_classifier,6a9ea95959ada3b9eb58a4396c3fc46af54caed318314ad360db449a01f90c66_synthetic_irregular_7q_favorable_11,teleport
prospective,0,forest_classifier,6a9ea95959ada3b9eb58a4396c3fc46af54caed318314ad360db449a01f90c66_synthetic_irregular_7q_favorable_19,teleport
prospective,0,forest_classifier,6a9ea95959ada3b9eb58a4396c3fc46af54caed318314ad360db449a01f90c66_synthetic_irregular_7q_favorable_29,teleport
prospective,0,forest_classifier,6a9ea95959ada3b9eb58a4396c3fc46af54caed318314ad360db449a01f90c66_synthetic_irregular_7q_favorable_37,teleport
prospective,0,forest_classifier,6a9ea95959ada3b9eb58a4396c3fc46af54caed318314ad360db449a01f90c66_synthetic_irregular_7q_favorable_47,teleport
prospective,0,forest_classifier,6a9ea95959ada3b9eb58a4396c3fc46af54caed318314ad360db449a01f90c66_synthetic_irregular_7q_spread_11,teleport
prospective,0,forest_classifier,6a9ea95959ada3b9eb58a4396c3fc46af54caed318314ad360db449a01f90c66_synthetic_irregular_7q_spread_19,teleport
prospective,0,forest_classifier,6a9ea95959ada3b9eb58a4396c3fc46af54caed318314ad360db449a01f90c66_synthetic_irregular_7q_spread_29,teleport
prospective,0,forest_classifier,6a9ea95959ada3b9eb58a4396c3fc46af54caed318314ad360db449a01f90c66_synthetic_irregular_7q_spread_37,teleport
prospective,0,forest_classifier,6a9ea95959ada3b9eb58a4396c3fc46af54caed318314ad360db449a01f90c66_synthetic_irregular_7q_spread_47,teleport
prospective,0,forest_classifier,2b5e0ed483cc3050468f9dbe07ba775d3779a0f5f0b1d9721b5967992a9fa793_synthetic_line_6q_favorable_11,teleport
prospective,0,forest_classifier,2b5e0ed483cc3050468f9dbe07ba775d3779a0f5f0b1d9721b5967992a9fa793_synthetic_line_6q_favorable_19,teleport
prospective,0,forest_classifier,2b5e0ed483cc3050468f9dbe07ba775d3779a0f5f0b1d9721b5967992a9fa793_synthetic_line_6q_favorable_29,teleport
prospective,0,forest_classifier,2b5e0ed483cc3050468f9dbe07ba775d3779a0f5f0b1d9721b5967992a9fa793_synthetic_line_6q_favorable_37,teleport
prospective,0,forest_classifier,2b5e0ed483cc3050468f9dbe07ba775d3779a0f5f0b1d9721b5967992a9fa793_synthetic_line_6q_favorable_47,teleport
prospective,0,forest_classifier,2b5e0ed483cc3050468f9dbe07ba775d3779a0f5f0b1d9721b5967992a9fa793_synthetic_line_6q_spread_11,teleport
prospective,0,forest_classifier,2b5e0ed483cc3050468f9dbe07ba775d3779a0f5f0b1d9721b5967992a9fa793_synthetic_line_6q_spread_19,teleport
prospective,0,forest_classifier,2b5e0ed483cc3050468f9dbe07ba775d3779a0f5f0b1d9721b5967992a9fa793_synthetic_line_6q_spread_29,teleport
prospective,0,forest_classifier,2b5e0ed483cc3050468f9dbe07ba775d3779a0f5f0b1d9721b5967992a9fa793_synthetic_line_6q_spread_37,teleport
prospective,0,forest_classifier,2b5e0ed483cc3050468f9dbe07ba775d3779a0f5f0b1d9721b5967992a9fa793_synthetic_line_6q_spread_47,teleport
prospective,0,forest_classifier,2b5e0ed483cc3050468f9dbe07ba775d3779a0f5f0b1d9721b5967992a9fa793_synthetic_ring_6q_transpiler_11,teleport
prospective,0,forest_classifier,2b5e0ed483cc3050468f9dbe07ba775d3779a0f5f0b1d9721b5967992a9fa793_synthetic_ring_6q_transpiler_19,teleport
prospective,0,forest_classifier,2b5e0ed483cc3050468f9dbe07ba775d3779a0f5f0b1d9721b5967992a9fa793_synthetic_ring_6q_transpiler_29,teleport
prospective,0,forest_classifier,2b5e0ed483cc3050468f9dbe07ba775d3779a0f5f0b1d9721b5967992a9fa793_synthetic_ring_6q_transpiler_37,teleport
prospective,0,forest_classifier,2b5e0ed483cc3050468f9dbe07ba775d3779a0f5f0b1d9721b5967992a9fa793_synthetic_ring_6q_transpiler_47,teleport
prospective,0,forest_classifier,2b5e0ed483cc3050468f9dbe07ba775d3779a0f5f0b1d9721b5967992a9fa793_synthetic_grid_6q_transpiler_11,teleport
prospective,0,forest_classifier,2b5e0ed483cc3050468f9dbe07ba775d3779a0f5f0b1d9721b5967992a9fa793_synthetic_grid_6q_transpiler_19,teleport
prospective,0,forest_classifier,2b5e0ed483cc3050468f9dbe07ba775d3779a0f5f0b1d9721b5967992a9fa793_synthetic_grid_6q_transpiler_29,teleport
prospective,0,forest_classifier,2b5e0ed483cc3050468f9dbe07ba775d3779a0f5f0b1d9721b5967992a9fa793_synthetic_grid_6q_transpiler_37,teleport
prospective,0,forest_classifier,2b5e0ed483cc3050468f9dbe07ba775d3779a0f5f0b1d9721b5967992a9fa793_synthetic_grid_6q_transpiler_47,teleport
prospective,0,forest_classifier,2b5e0ed483cc3050468f9dbe07ba775d3779a0f5f0b1d9721b5967992a9fa793_synthetic_heavy_hex_like_7q_transpiler_11,teleport
prospective,0,forest_classifier,2b5e0ed483cc3050468f9dbe07ba775d3779a0f5f0b1d9721b5967992a9fa793_synthetic_heavy_hex_like_7q_transpiler_19,teleport
prospective,0,forest_classifier,2b5e0ed483cc3050468f9dbe07ba775d3779a0f5f0b1d9721b5967992a9fa793_synthetic_heavy_hex_like_7q_transpiler_29,teleport
prospective,0,forest_classifier,2b5e0ed483cc3050468f9dbe07ba775d3779a0f5f0b1d9721b5967992a9fa793_synthetic_heavy_hex_like_7q_transpiler_37,teleport
prospective,0,forest_classifier,2b5e0ed483cc3050468f9dbe07ba775d3779a0f5f0b1d9721b5967992a9fa793_synthetic_heavy_hex_like_7q_transpiler_47,teleport
prospective,0,forest_classifier,2b5e0ed483cc3050468f9dbe07ba775d3779a0f5f0b1d9721b5967992a9fa793_synthetic_irregular_7q_favorable_11,teleport
prospective,0,forest_classifier,2b5e0ed483cc3050468f9dbe07ba775d3779a0f5f0b1d9721b5967992a9fa793_synthetic_irregular_7q_favorable_19,teleport
prospective,0,forest_classifier,2b5e0ed483cc3050468f9dbe07ba775d3779a0f5f0b1d9721b5967992a9fa793_synthetic_irregular_7q_favorable_29,teleport
prospective,0,forest_classifier,2b5e0ed483cc3050468f9dbe07ba775d3779a0f5f0b1d9721b5967992a9fa793_synthetic_irregular_7q_favorable_37,teleport
prospective,0,forest_classifier,2b5e0ed483cc3050468f9dbe07ba775d3779a0f5f0b1d9721b5967992a9fa793_synthetic_irregular_7q_favorable_47,teleport
prospective,0,forest_classifier,2b5e0ed483cc3050468f9dbe07ba775d3779a0f5f0b1d9721b5967992a9fa793_synthetic_irregular_7q_spread_11,teleport
prospective,0,forest_classifier,2b5e0ed483cc3050468f9dbe07ba775d3779a0f5f0b1d9721b5967992a9fa793_synthetic_irregular_7q_spread_19,teleport
prospective,0,forest_classifier,2b5e0ed483cc3050468f9dbe07ba775d3779a0f5f0b1d9721b5967992a9fa793_synthetic_irregular_7q_spread_29,teleport
prospective,0,forest_classifier,2b5e0ed483cc3050468f9dbe07ba775d3779a0f5f0b1d9721b5967992a9fa793_synthetic_irregular_7q_spread_37,teleport
prospective,0,forest_classifier,2b5e0ed483cc3050468f9dbe07ba775d3779a0f5f0b1d9721b5967992a9fa793_synthetic_irregular_7q_spread_47,teleport
prospective,0,forest_classifier,8e4246a80f37dc867d0cfe5b703c5e97fe1bd50168e294b8649e2eadb63771f1_synthetic_line_6q_favorable_11,teleport
prospective,0,forest_classifier,8e4246a80f37dc867d0cfe5b703c5e97fe1bd50168e294b8649e2eadb63771f1_synthetic_line_6q_favorable_19,teleport
prospective,0,forest_classifier,8e4246a80f37dc867d0cfe5b703c5e97fe1bd50168e294b8649e2eadb63771f1_synthetic_line_6q_favorable_29,teleport
prospective,0,forest_classifier,8e4246a80f37dc867d0cfe5b703c5e97fe1bd50168e294b8649e2eadb63771f1_synthetic_line_6q_favorable_37,teleport
prospective,0,forest_classifier,8e4246a80f37dc867d0cfe5b703c5e97fe1bd50168e294b8649e2eadb63771f1_synthetic_line_6q_favorable_47,teleport
prospective,0,forest_classifier,8e4246a80f37dc867d0cfe5b703c5e97fe1bd50168e294b8649e2eadb63771f1_synthetic_line_6q_spread_11,teleport
prospective,0,forest_classifier,8e4246a80f37dc867d0cfe5b703c5e97fe1bd50168e294b8649e2eadb63771f1_synthetic_line_6q_spread_19,teleport
prospective,0,forest_classifier,8e4246a80f37dc867d0cfe5b703c5e97fe1bd50168e294b8649e2eadb63771f1_synthetic_line_6q_spread_29,teleport
prospective,0,forest_classifier,8e4246a80f37dc867d0cfe5b703c5e97fe1bd50168e294b8649e2eadb63771f1_synthetic_line_6q_spread_37,teleport
prospective,0,forest_classifier,8e4246a80f37dc867d0cfe5b703c5e97fe1bd50168e294b8649e2eadb63771f1_synthetic_line_6q_spread_47,teleport
prospective,0,forest_classifier,8e4246a80f37dc867d0cfe5b703c5e97fe1bd50168e294b8649e2eadb63771f1_synthetic_ring_6q_transpiler_11,teleport
prospective,0,forest_classifier,8e4246a80f37dc867d0cfe5b703c5e97fe1bd50168e294b8649e2eadb63771f1_synthetic_ring_6q_transpiler_19,teleport
prospective,0,forest_classifier,8e4246a80f37dc867d0cfe5b703c5e97fe1bd50168e294b8649e2eadb63771f1_synthetic_ring_6q_transpiler_29,teleport
prospective,0,forest_classifier,8e4246a80f37dc867d0cfe5b703c5e97fe1bd50168e294b8649e2eadb63771f1_synthetic_ring_6q_transpiler_37,teleport
prospective,0,forest_classifier,8e4246a80f37dc867d0cfe5b703c5e97fe1bd50168e294b8649e2eadb63771f1_synthetic_ring_6q_transpiler_47,teleport
prospective,0,forest_classifier,8e4246a80f37dc867d0cfe5b703c5e97fe1bd50168e294b8649e2eadb63771f1_synthetic_grid_6q_transpiler_11,teleport
prospective,0,forest_classifier,8e4246a80f37dc867d0cfe5b703c5e97fe1bd50168e294b8649e2eadb63771f1_synthetic_grid_6q_transpiler_19,teleport
prospective,0,forest_classifier,8e4246a80f37dc867d0cfe5b703c5e97fe1bd50168e294b8649e2eadb63771f1_synthetic_grid_6q_transpiler_29,teleport
prospective,0,forest_classifier,8e4246a80f37dc867d0cfe5b703c5e97fe1bd50168e294b8649e2eadb63771f1_synthetic_grid_6q_transpiler_37,teleport
prospective,0,forest_classifier,8e4246a80f37dc867d0cfe5b703c5e97fe1bd50168e294b8649e2eadb63771f1_synthetic_grid_6q_transpiler_47,teleport
prospective,0,forest_classifier,8e4246a80f37dc867d0cfe5b703c5e97fe1bd50168e294b8649e2eadb63771f1_synthetic_heavy_hex_like_7q_transpiler_11,teleport
prospective,0,forest_classifier,8e4246a80f37dc867d0cfe5b703c5e97fe1bd50168e294b8649e2eadb63771f1_synthetic_heavy_hex_like_7q_transpiler_19,teleport
prospective,0,forest_classifier,8e4246a80f37dc867d0cfe5b703c5e97fe1bd50168e294b8649e2eadb63771f1_synthetic_heavy_hex_like_7q_transpiler_29,teleport
prospective,0,forest_classifier,8e4246a80f37dc867d0cfe5b703c5e97fe1bd50168e294b8649e2eadb63771f1_synthetic_heavy_hex_like_7q_transpiler_37,teleport
prospective,0,forest_classifier,8e4246a80f37dc867d0cfe5b703c5e97fe1bd50168e294b8649e2eadb63771f1_synthetic_heavy_hex_like_7q_transpiler_47,teleport
prospective,0,forest_classifier,8e4246a80f37dc867d0cfe5b703c5e97fe1bd50168e294b8649e2eadb63771f1_synthetic_irregular_7q_favorable_11,teleport
prospective,0,forest_classifier,8e4246a80f37dc867d0cfe5b703c5e97fe1bd50168e294b8649e2eadb63771f1_synthetic_irregular_7q_favorable_19,teleport
prospective,0,forest_classifier,8e4246a80f37dc867d0cfe5b703c5e97fe1bd50168e294b8649e2eadb63771f1_synthetic_irregular_7q_favorable_29,teleport
prospective,0,forest_classifier,8e4246a80f37dc867d0cfe5b703c5e97fe1bd50168e294b8649e2eadb63771f1_synthetic_irregular_7q_favorable_37,teleport
prospective,0,forest_classifier,8e4246a80f37dc867d0cfe5b703c5e97fe1bd50168e294b8649e2eadb63771f1_synthetic_irregular_7q_favorable_47,teleport
prospective,0,forest_classifier,8e4246a80f37dc867d0cfe5b703c5e97fe1bd50168e294b8649e2eadb63771f1_synthetic_irregular_7q_spread_11,teleport
prospective,0,forest_classifier,8e4246a80f37dc867d0cfe5b703c5e97fe1bd50168e294b8649e2eadb63771f1_synthetic_irregular_7q_spread_19,teleport
prospective,0,forest_classifier,8e4246a80f37dc867d0cfe5b703c5e97fe1bd50168e294b8649e2eadb63771f1_synthetic_irregular_7q_spread_29,teleport
prospective,0,forest_classifier,8e4246a80f37dc867d0cfe5b703c5e97fe1bd50168e294b8649e2eadb63771f1_synthetic_irregular_7q_spread_37,teleport
prospective,0,forest_classifier,8e4246a80f37dc867d0cfe5b703c5e97fe1bd50168e294b8649e2eadb63771f1_synthetic_irregular_7q_spread_47,teleport
prospective,0,forest_classifier,4578146e16dfcf0a3a55a1b3fea16f778ac944886bf5b33e90f7dc227bfcd90d_synthetic_line_6q_favorable_11,teleport
prospective,0,forest_classifier,4578146e16dfcf0a3a55a1b3fea16f778ac944886bf5b33e90f7dc227bfcd90d_synthetic_line_6q_favorable_19,teleport
prospective,0,forest_classifier,4578146e16dfcf0a3a55a1b3fea16f778ac944886bf5b33e90f7dc227bfcd90d_synthetic_line_6q_favorable_29,teleport
prospective,0,forest_classifier,4578146e16dfcf0a3a55a1b3fea16f778ac944886bf5b33e90f7dc227bfcd90d_synthetic_line_6q_favorable_37,teleport
prospective,0,forest_classifier,4578146e16dfcf0a3a55a1b3fea16f778ac944886bf5b33e90f7dc227bfcd90d_synthetic_line_6q_favorable_47,teleport
prospective,0,forest_classifier,4578146e16dfcf0a3a55a1b3fea16f778ac944886bf5b33e90f7dc227bfcd90d_synthetic_line_6q_spread_11,teleport
prospective,0,forest_classifier,4578146e16dfcf0a3a55a1b3fea16f778ac944886bf5b33e90f7dc227bfcd90d_synthetic_line_6q_spread_19,teleport
prospective,0,forest_classifier,4578146e16dfcf0a3a55a1b3fea16f778ac944886bf5b33e90f7dc227bfcd90d_synthetic_line_6q_spread_29,teleport
prospective,0,forest_classifier,4578146e16dfcf0a3a55a1b3fea16f778ac944886bf5b33e90f7dc227bfcd90d_synthetic_line_6q_spread_37,teleport
prospective,0,forest_classifier,4578146e16dfcf0a3a55a1b3fea16f778ac944886bf5b33e90f7dc227bfcd90d_synthetic_line_6q_spread_47,teleport
prospective,0,forest_classifier,4578146e16dfcf0a3a55a1b3fea16f778ac944886bf5b33e90f7dc227bfcd90d_synthetic_ring_6q_transpiler_11,teleport
prospective,0,forest_classifier,4578146e16dfcf0a3a55a1b3fea16f778ac944886bf5b33e90f7dc227bfcd90d_synthetic_ring_6q_transpiler_19,teleport
prospective,0,forest_classifier,4578146e16dfcf0a3a55a1b3fea16f778ac944886bf5b33e90f7dc227bfcd90d_synthetic_ring_6q_transpiler_29,teleport
prospective,0,forest_classifier,4578146e16dfcf0a3a55a1b3fea16f778ac944886bf5b33e90f7dc227bfcd90d_synthetic_ring_6q_transpiler_37,teleport
prospective,0,forest_classifier,4578146e16dfcf0a3a55a1b3fea16f778ac944886bf5b33e90f7dc227bfcd90d_synthetic_ring_6q_transpiler_47,teleport
prospective,0,forest_classifier,4578146e16dfcf0a3a55a1b3fea16f778ac944886bf5b33e90f7dc227bfcd90d_synthetic_grid_6q_transpiler_11,teleport
prospective,0,forest_classifier,4578146e16dfcf0a3a55a1b3fea16f778ac944886bf5b33e90f7dc227bfcd90d_synthetic_grid_6q_transpiler_19,teleport
prospective,0,forest_classifier,4578146e16dfcf0a3a55a1b3fea16f778ac944886bf5b33e90f7dc227bfcd90d_synthetic_grid_6q_transpiler_29,teleport
prospective,0,forest_classifier,4578146e16dfcf0a3a55a1b3fea16f778ac944886bf5b33e90f7dc227bfcd90d_synthetic_grid_6q_transpiler_37,teleport
prospective,0,forest_classifier,4578146e16dfcf0a3a55a1b3fea16f778ac944886bf5b33e90f7dc227bfcd90d_synthetic_grid_6q_transpiler_47,teleport
prospective,0,forest_classifier,4578146e16dfcf0a3a55a1b3fea16f778ac944886bf5b33e90f7dc227bfcd90d_synthetic_heavy_hex_like_7q_transpiler_11,teleport
prospective,0,forest_classifier,4578146e16dfcf0a3a55a1b3fea16f778ac944886bf5b33e90f7dc227bfcd90d_synthetic_heavy_hex_like_7q_transpiler_19,teleport
prospective,0,forest_classifier,4578146e16dfcf0a3a55a1b3fea16f778ac944886bf5b33e90f7dc227bfcd90d_synthetic_heavy_hex_like_7q_transpiler_29,teleport
prospective,0,forest_classifier,4578146e16dfcf0a3a55a1b3fea16f778ac944886bf5b33e90f7dc227bfcd90d_synthetic_heavy_hex_like_7q_transpiler_37,teleport
prospective,0,forest_classifier,4578146e16dfcf0a3a55a1b3fea16f778ac944886bf5b33e90f7dc227bfcd90d_synthetic_heavy_hex_like_7q_transpiler_47,teleport
prospective,0,forest_classifier,4578146e16dfcf0a3a55a1b3fea16f778ac944886bf5b33e90f7dc227bfcd90d_synthetic_irregular_7q_favorable_11,teleport
prospective,0,forest_classifier,4578146e16dfcf0a3a55a1b3fea16f778ac944886bf5b33e90f7dc227bfcd90d_synthetic_irregular_7q_favorable_19,teleport
prospective,0,forest_classifier,4578146e16dfcf0a3a55a1b3fea16f778ac944886bf5b33e90f7dc227bfcd90d_synthetic_irregular_7q_favorable_29,teleport
prospective,0,forest_classifier,4578146e16dfcf0a3a55a1b3fea16f778ac944886bf5b33e90f7dc227bfcd90d_synthetic_irregular_7q_favorable_37,teleport
prospective,0,forest_classifier,4578146e16dfcf0a3a55a1b3fea16f778ac944886bf5b33e90f7dc227bfcd90d_synthetic_irregular_7q_favorable_47,teleport
prospective,0,forest_classifier,4578146e16dfcf0a3a55a1b3fea16f778ac944886bf5b33e90f7dc227bfcd90d_synthetic_irregular_7q_spread_11,teleport
prospective,0,forest_classifier,4578146e16dfcf0a3a55a1b3fea16f778ac944886bf5b33e90f7dc227bfcd90d_synthetic_irregular_7q_spread_19,teleport
prospective,0,forest_classifier,4578146e16dfcf0a3a55a1b3fea16f778ac944886bf5b33e90f7dc227bfcd90d_synthetic_irregular_7q_spread_29,teleport
prospective,0,forest_classifier,4578146e16dfcf0a3a55a1b3fea16f778ac944886bf5b33e90f7dc227bfcd90d_synthetic_irregular_7q_spread_37,teleport
prospective,0,forest_classifier,4578146e16dfcf0a3a55a1b3fea16f778ac944886bf5b33e90f7dc227bfcd90d_synthetic_irregular_7q_spread_47,teleport
prospective,0,forest_classifier,b75cbf89649a5d40ee4400d372e6cf3e16e5c828229f394ddf0f65442c3f44a5_synthetic_line_8q_favorable_11,basic
prospective,0,forest_classifier,b75cbf89649a5d40ee4400d372e6cf3e16e5c828229f394ddf0f65442c3f44a5_synthetic_line_8q_favorable_19,basic
prospective,0,forest_classifier,b75cbf89649a5d40ee4400d372e6cf3e16e5c828229f394ddf0f65442c3f44a5_synthetic_line_8q_favorable_29,basic
prospective,0,forest_classifier,b75cbf89649a5d40ee4400d372e6cf3e16e5c828229f394ddf0f65442c3f44a5_synthetic_line_8q_favorable_37,basic
prospective,0,forest_classifier,b75cbf89649a5d40ee4400d372e6cf3e16e5c828229f394ddf0f65442c3f44a5_synthetic_line_8q_favorable_47,basic
prospective,0,forest_classifier,b75cbf89649a5d40ee4400d372e6cf3e16e5c828229f394ddf0f65442c3f44a5_synthetic_line_8q_spread_11,basic
prospective,0,forest_classifier,b75cbf89649a5d40ee4400d372e6cf3e16e5c828229f394ddf0f65442c3f44a5_synthetic_line_8q_spread_19,basic
prospective,0,forest_classifier,b75cbf89649a5d40ee4400d372e6cf3e16e5c828229f394ddf0f65442c3f44a5_synthetic_line_8q_spread_29,basic
prospective,0,forest_classifier,b75cbf89649a5d40ee4400d372e6cf3e16e5c828229f394ddf0f65442c3f44a5_synthetic_line_8q_spread_37,basic
prospective,0,forest_classifier,b75cbf89649a5d40ee4400d372e6cf3e16e5c828229f394ddf0f65442c3f44a5_synthetic_line_8q_spread_47,basic
prospective,0,forest_classifier,b75cbf89649a5d40ee4400d372e6cf3e16e5c828229f394ddf0f65442c3f44a5_synthetic_ring_8q_transpiler_11,basic
prospective,0,forest_classifier,b75cbf89649a5d40ee4400d372e6cf3e16e5c828229f394ddf0f65442c3f44a5_synthetic_ring_8q_transpiler_19,basic
prospective,0,forest_classifier,b75cbf89649a5d40ee4400d372e6cf3e16e5c828229f394ddf0f65442c3f44a5_synthetic_ring_8q_transpiler_29,basic
prospective,0,forest_classifier,b75cbf89649a5d40ee4400d372e6cf3e16e5c828229f394ddf0f65442c3f44a5_synthetic_ring_8q_transpiler_37,basic
prospective,0,forest_classifier,b75cbf89649a5d40ee4400d372e6cf3e16e5c828229f394ddf0f65442c3f44a5_synthetic_ring_8q_transpiler_47,basic
prospective,0,forest_classifier,b75cbf89649a5d40ee4400d372e6cf3e16e5c828229f394ddf0f65442c3f44a5_synthetic_grid_8q_transpiler_11,basic
prospective,0,forest_classifier,b75cbf89649a5d40ee4400d372e6cf3e16e5c828229f394ddf0f65442c3f44a5_synthetic_grid_8q_transpiler_19,basic
prospective,0,forest_classifier,b75cbf89649a5d40ee4400d372e6cf3e16e5c828229f394ddf0f65442c3f44a5_synthetic_grid_8q_transpiler_29,basic
prospective,0,forest_classifier,b75cbf89649a5d40ee4400d372e6cf3e16e5c828229f394ddf0f65442c3f44a5_synthetic_grid_8q_transpiler_37,basic
prospective,0,forest_classifier,b75cbf89649a5d40ee4400d372e6cf3e16e5c828229f394ddf0f65442c3f44a5_synthetic_grid_8q_transpiler_47,basic
prospective,0,forest_classifier,b75cbf89649a5d40ee4400d372e6cf3e16e5c828229f394ddf0f65442c3f44a5_synthetic_heavy_hex_like_8q_transpiler_11,basic
prospective,0,forest_classifier,b75cbf89649a5d40ee4400d372e6cf3e16e5c828229f394ddf0f65442c3f44a5_synthetic_heavy_hex_like_8q_transpiler_19,basic
prospective,0,forest_classifier,b75cbf89649a5d40ee4400d372e6cf3e16e5c828229f394ddf0f65442c3f44a5_synthetic_heavy_hex_like_8q_transpiler_29,basic
prospective,0,forest_classifier,b75cbf89649a5d40ee4400d372e6cf3e16e5c828229f394ddf0f65442c3f44a5_synthetic_heavy_hex_like_8q_transpiler_37,basic
prospective,0,forest_classifier,b75cbf89649a5d40ee4400d372e6cf3e16e5c828229f394ddf0f65442c3f44a5_synthetic_heavy_hex_like_8q_transpiler_47,basic
prospective,0,forest_classifier,b75cbf89649a5d40ee4400d372e6cf3e16e5c828229f394ddf0f65442c3f44a5_synthetic_irregular_8q_favorable_11,basic
prospective,0,forest_classifier,b75cbf89649a5d40ee4400d372e6cf3e16e5c828229f394ddf0f65442c3f44a5_synthetic_irregular_8q_favorable_19,basic
prospective,0,forest_classifier,b75cbf89649a5d40ee4400d372e6cf3e16e5c828229f394ddf0f65442c3f44a5_synthetic_irregular_8q_favorable_29,basic
prospective,0,forest_classifier,b75cbf89649a5d40ee4400d372e6cf3e16e5c828229f394ddf0f65442c3f44a5_synthetic_irregular_8q_favorable_37,basic
prospective,0,forest_classifier,b75cbf89649a5d40ee4400d372e6cf3e16e5c828229f394ddf0f65442c3f44a5_synthetic_irregular_8q_favorable_47,basic
prospective,0,forest_classifier,b75cbf89649a5d40ee4400d372e6cf3e16e5c828229f394ddf0f65442c3f44a5_synthetic_irregular_8q_spread_11,basic
prospective,0,forest_classifier,b75cbf89649a5d40ee4400d372e6cf3e16e5c828229f394ddf0f65442c3f44a5_synthetic_irregular_8q_spread_19,basic
prospective,0,forest_classifier,b75cbf89649a5d40ee4400d372e6cf3e16e5c828229f394ddf0f65442c3f44a5_synthetic_irregular_8q_spread_29,basic
prospective,0,forest_classifier,b75cbf89649a5d40ee4400d372e6cf3e16e5c828229f394ddf0f65442c3f44a5_synthetic_irregular_8q_spread_37,basic
prospective,0,forest_classifier,b75cbf89649a5d40ee4400d372e6cf3e16e5c828229f394ddf0f65442c3f44a5_synthetic_irregular_8q_spread_47,basic
prospective,0,forest_classifier,d338eb773a8d9b65affd729028e23e9f24e361c2bc1272505190220bc634f90b_synthetic_line_8q_favorable_11,basic
prospective,0,forest_classifier,d338eb773a8d9b65affd729028e23e9f24e361c2bc1272505190220bc634f90b_synthetic_line_8q_favorable_19,basic
prospective,0,forest_classifier,d338eb773a8d9b65affd729028e23e9f24e361c2bc1272505190220bc634f90b_synthetic_line_8q_favorable_29,basic
prospective,0,forest_classifier,d338eb773a8d9b65affd729028e23e9f24e361c2bc1272505190220bc634f90b_synthetic_line_8q_favorable_37,basic
prospective,0,forest_classifier,d338eb773a8d9b65affd729028e23e9f24e361c2bc1272505190220bc634f90b_synthetic_line_8q_favorable_47,basic
prospective,0,forest_classifier,d338eb773a8d9b65affd729028e23e9f24e361c2bc1272505190220bc634f90b_synthetic_line_8q_spread_11,basic
prospective,0,forest_classifier,d338eb773a8d9b65affd729028e23e9f24e361c2bc1272505190220bc634f90b_synthetic_line_8q_spread_19,basic
prospective,0,forest_classifier,d338eb773a8d9b65affd729028e23e9f24e361c2bc1272505190220bc634f90b_synthetic_line_8q_spread_29,basic
prospective,0,forest_classifier,d338eb773a8d9b65affd729028e23e9f24e361c2bc1272505190220bc634f90b_synthetic_line_8q_spread_37,basic
prospective,0,forest_classifier,d338eb773a8d9b65affd729028e23e9f24e361c2bc1272505190220bc634f90b_synthetic_line_8q_spread_47,basic
prospective,0,forest_classifier,d338eb773a8d9b65affd729028e23e9f24e361c2bc1272505190220bc634f90b_synthetic_ring_8q_transpiler_11,basic
prospective,0,forest_classifier,d338eb773a8d9b65affd729028e23e9f24e361c2bc1272505190220bc634f90b_synthetic_ring_8q_transpiler_19,basic
prospective,0,forest_classifier,d338eb773a8d9b65affd729028e23e9f24e361c2bc1272505190220bc634f90b_synthetic_ring_8q_transpiler_29,basic
prospective,0,forest_classifier,d338eb773a8d9b65affd729028e23e9f24e361c2bc1272505190220bc634f90b_synthetic_ring_8q_transpiler_37,basic
prospective,0,forest_classifier,d338eb773a8d9b65affd729028e23e9f24e361c2bc1272505190220bc634f90b_synthetic_ring_8q_transpiler_47,basic
prospective,0,forest_classifier,d338eb773a8d9b65affd729028e23e9f24e361c2bc1272505190220bc634f90b_synthetic_grid_8q_transpiler_11,basic
prospective,0,forest_classifier,d338eb773a8d9b65affd729028e23e9f24e361c2bc1272505190220bc634f90b_synthetic_grid_8q_transpiler_19,basic
prospective,0,forest_classifier,d338eb773a8d9b65affd729028e23e9f24e361c2bc1272505190220bc634f90b_synthetic_grid_8q_transpiler_29,basic
prospective,0,forest_classifier,d338eb773a8d9b65affd729028e23e9f24e361c2bc1272505190220bc634f90b_synthetic_grid_8q_transpiler_37,basic
prospective,0,forest_classifier,d338eb773a8d9b65affd729028e23e9f24e361c2bc1272505190220bc634f90b_synthetic_grid_8q_transpiler_47,basic
prospective,0,forest_classifier,d338eb773a8d9b65affd729028e23e9f24e361c2bc1272505190220bc634f90b_synthetic_heavy_hex_like_8q_transpiler_11,basic
prospective,0,forest_classifier,d338eb773a8d9b65affd729028e23e9f24e361c2bc1272505190220bc634f90b_synthetic_heavy_hex_like_8q_transpiler_19,basic
prospective,0,forest_classifier,d338eb773a8d9b65affd729028e23e9f24e361c2bc1272505190220bc634f90b_synthetic_heavy_hex_like_8q_transpiler_29,basic
prospective,0,forest_classifier,d338eb773a8d9b65affd729028e23e9f24e361c2bc1272505190220bc634f90b_synthetic_heavy_hex_like_8q_transpiler_37,basic
prospective,0,forest_classifier,d338eb773a8d9b65affd729028e23e9f24e361c2bc1272505190220bc634f90b_synthetic_heavy_hex_like_8q_transpiler_47,basic
prospective,0,forest_classifier,d338eb773a8d9b65affd729028e23e9f24e361c2bc1272505190220bc634f90b_synthetic_irregular_8q_favorable_11,basic
prospective,0,forest_classifier,d338eb773a8d9b65affd729028e23e9f24e361c2bc1272505190220bc634f90b_synthetic_irregular_8q_favorable_19,basic
prospective,0,forest_classifier,d338eb773a8d9b65affd729028e23e9f24e361c2bc1272505190220bc634f90b_synthetic_irregular_8q_favorable_29,basic
prospective,0,forest_classifier,d338eb773a8d9b65affd729028e23e9f24e361c2bc1272505190220bc634f90b_synthetic_irregular_8q_favorable_37,basic
prospective,0,forest_classifier,d338eb773a8d9b65affd729028e23e9f24e361c2bc1272505190220bc634f90b_synthetic_irregular_8q_favorable_47,basic
prospective,0,forest_classifier,d338eb773a8d9b65affd729028e23e9f24e361c2bc1272505190220bc634f90b_synthetic_irregular_8q_spread_11,basic
prospective,0,forest_classifier,d338eb773a8d9b65affd729028e23e9f24e361c2bc1272505190220bc634f90b_synthetic_irregular_8q_spread_19,basic
prospective,0,forest_classifier,d338eb773a8d9b65affd729028e23e9f24e361c2bc1272505190220bc634f90b_synthetic_irregular_8q_spread_29,basic
prospective,0,forest_classifier,d338eb773a8d9b65affd729028e23e9f24e361c2bc1272505190220bc634f90b_synthetic_irregular_8q_spread_37,basic
prospective,0,forest_classifier,d338eb773a8d9b65affd729028e23e9f24e361c2bc1272505190220bc634f90b_synthetic_irregular_8q_spread_47,basic
prospective,0,forest_classifier,7e51cc13b595a2c405f4e95cc42eb66be8187f7e9b2846e1655f0c93c77108c8_synthetic_line_8q_favorable_11,basic
prospective,0,forest_classifier,7e51cc13b595a2c405f4e95cc42eb66be8187f7e9b2846e1655f0c93c77108c8_synthetic_line_8q_favorable_19,basic
prospective,0,forest_classifier,7e51cc13b595a2c405f4e95cc42eb66be8187f7e9b2846e1655f0c93c77108c8_synthetic_line_8q_favorable_29,basic
prospective,0,forest_classifier,7e51cc13b595a2c405f4e95cc42eb66be8187f7e9b2846e1655f0c93c77108c8_synthetic_line_8q_favorable_37,basic
prospective,0,forest_classifier,7e51cc13b595a2c405f4e95cc42eb66be8187f7e9b2846e1655f0c93c77108c8_synthetic_line_8q_favorable_47,basic
prospective,0,forest_classifier,7e51cc13b595a2c405f4e95cc42eb66be8187f7e9b2846e1655f0c93c77108c8_synthetic_line_8q_spread_11,basic
prospective,0,forest_classifier,7e51cc13b595a2c405f4e95cc42eb66be8187f7e9b2846e1655f0c93c77108c8_synthetic_line_8q_spread_19,basic
prospective,0,forest_classifier,7e51cc13b595a2c405f4e95cc42eb66be8187f7e9b2846e1655f0c93c77108c8_synthetic_line_8q_spread_29,basic
prospective,0,forest_classifier,7e51cc13b595a2c405f4e95cc42eb66be8187f7e9b2846e1655f0c93c77108c8_synthetic_line_8q_spread_37,basic
prospective,0,forest_classifier,7e51cc13b595a2c405f4e95cc42eb66be8187f7e9b2846e1655f0c93c77108c8_synthetic_line_8q_spread_47,basic
prospective,0,forest_classifier,7e51cc13b595a2c405f4e95cc42eb66be8187f7e9b2846e1655f0c93c77108c8_synthetic_ring_8q_transpiler_11,basic
prospective,0,forest_classifier,7e51cc13b595a2c405f4e95cc42eb66be8187f7e9b2846e1655f0c93c77108c8_synthetic_ring_8q_transpiler_19,basic
prospective,0,forest_classifier,7e51cc13b595a2c405f4e95cc42eb66be8187f7e9b2846e1655f0c93c77108c8_synthetic_ring_8q_transpiler_29,basic
prospective,0,forest_classifier,7e51cc13b595a2c405f4e95cc42eb66be8187f7e9b2846e1655f0c93c77108c8_synthetic_ring_8q_transpiler_37,basic
prospective,0,forest_classifier,7e51cc13b595a2c405f4e95cc42eb66be8187f7e9b2846e1655f0c93c77108c8_synthetic_ring_8q_transpiler_47,basic
prospective,0,forest_classifier,7e51cc13b595a2c405f4e95cc42eb66be8187f7e9b2846e1655f0c93c77108c8_synthetic_grid_8q_transpiler_11,basic
prospective,0,forest_classifier,7e51cc13b595a2c405f4e95cc42eb66be8187f7e9b2846e1655f0c93c77108c8_synthetic_grid_8q_transpiler_19,basic
prospective,0,forest_classifier,7e51cc13b595a2c405f4e95cc42eb66be8187f7e9b2846e1655f0c93c77108c8_synthetic_grid_8q_transpiler_29,basic
prospective,0,forest_classifier,7e51cc13b595a2c405f4e95cc42eb66be8187f7e9b2846e1655f0c93c77108c8_synthetic_grid_8q_transpiler_37,basic
prospective,0,forest_classifier,7e51cc13b595a2c405f4e95cc42eb66be8187f7e9b2846e1655f0c93c77108c8_synthetic_grid_8q_transpiler_47,basic
prospective,0,forest_classifier,7e51cc13b595a2c405f4e95cc42eb66be8187f7e9b2846e1655f0c93c77108c8_synthetic_heavy_hex_like_8q_transpiler_11,basic
prospective,0,forest_classifier,7e51cc13b595a2c405f4e95cc42eb66be8187f7e9b2846e1655f0c93c77108c8_synthetic_heavy_hex_like_8q_transpiler_19,basic
prospective,0,forest_classifier,7e51cc13b595a2c405f4e95cc42eb66be8187f7e9b2846e1655f0c93c77108c8_synthetic_heavy_hex_like_8q_transpiler_29,basic
prospective,0,forest_classifier,7e51cc13b595a2c405f4e95cc42eb66be8187f7e9b2846e1655f0c93c77108c8_synthetic_heavy_hex_like_8q_transpiler_37,basic
prospective,0,forest_classifier,7e51cc13b595a2c405f4e95cc42eb66be8187f7e9b2846e1655f0c93c77108c8_synthetic_heavy_hex_like_8q_transpiler_47,basic
prospective,0,forest_classifier,7e51cc13b595a2c405f4e95cc42eb66be8187f7e9b2846e1655f0c93c77108c8_synthetic_irregular_8q_favorable_11,basic
prospective,0,forest_classifier,7e51cc13b595a2c405f4e95cc42eb66be8187f7e9b2846e1655f0c93c77108c8_synthetic_irregular_8q_favorable_19,basic
prospective,0,forest_classifier,7e51cc13b595a2c405f4e95cc42eb66be8187f7e9b2846e1655f0c93c77108c8_synthetic_irregular_8q_favorable_29,basic
prospective,0,forest_classifier,7e51cc13b595a2c405f4e95cc42eb66be8187f7e9b2846e1655f0c93c77108c8_synthetic_irregular_8q_favorable_37,basic
prospective,0,forest_classifier,7e51cc13b595a2c405f4e95cc42eb66be8187f7e9b2846e1655f0c93c77108c8_synthetic_irregular_8q_favorable_47,basic
prospective,0,forest_classifier,7e51cc13b595a2c405f4e95cc42eb66be8187f7e9b2846e1655f0c93c77108c8_synthetic_irregular_8q_spread_11,basic
prospective,0,forest_classifier,7e51cc13b595a2c405f4e95cc42eb66be8187f7e9b2846e1655f0c93c77108c8_synthetic_irregular_8q_spread_19,basic
prospective,0,forest_classifier,7e51cc13b595a2c405f4e95cc42eb66be8187f7e9b2846e1655f0c93c77108c8_synthetic_irregular_8q_spread_29,basic
prospective,0,forest_classifier,7e51cc13b595a2c405f4e95cc42eb66be8187f7e9b2846e1655f0c93c77108c8_synthetic_irregular_8q_spread_37,basic
prospective,0,forest_classifier,7e51cc13b595a2c405f4e95cc42eb66be8187f7e9b2846e1655f0c93c77108c8_synthetic_irregular_8q_spread_47,basic
prospective,0,forest_delta_regressor,00dec25597397b2934fb42740994f65c50571551a5090f8e130104971b3c190f_synthetic_line_6q_favorable_11,teleport
prospective,0,forest_delta_regressor,00dec25597397b2934fb42740994f65c50571551a5090f8e130104971b3c190f_synthetic_line_6q_favorable_19,teleport
prospective,0,forest_delta_regressor,00dec25597397b2934fb42740994f65c50571551a5090f8e130104971b3c190f_synthetic_line_6q_favorable_29,teleport
prospective,0,forest_delta_regressor,00dec25597397b2934fb42740994f65c50571551a5090f8e130104971b3c190f_synthetic_line_6q_favorable_37,teleport
prospective,0,forest_delta_regressor,00dec25597397b2934fb42740994f65c50571551a5090f8e130104971b3c190f_synthetic_line_6q_favorable_47,teleport
prospective,0,forest_delta_regressor,00dec25597397b2934fb42740994f65c50571551a5090f8e130104971b3c190f_synthetic_line_6q_spread_11,teleport
prospective,0,forest_delta_regressor,00dec25597397b2934fb42740994f65c50571551a5090f8e130104971b3c190f_synthetic_line_6q_spread_19,teleport
prospective,0,forest_delta_regressor,00dec25597397b2934fb42740994f65c50571551a5090f8e130104971b3c190f_synthetic_line_6q_spread_29,teleport
prospective,0,forest_delta_regressor,00dec25597397b2934fb42740994f65c50571551a5090f8e130104971b3c190f_synthetic_line_6q_spread_37,teleport
prospective,0,forest_delta_regressor,00dec25597397b2934fb42740994f65c50571551a5090f8e130104971b3c190f_synthetic_line_6q_spread_47,teleport
prospective,0,forest_delta_regressor,00dec25597397b2934fb42740994f65c50571551a5090f8e130104971b3c190f_synthetic_ring_6q_transpiler_11,teleport
prospective,0,forest_delta_regressor,00dec25597397b2934fb42740994f65c50571551a5090f8e130104971b3c190f_synthetic_ring_6q_transpiler_19,teleport
prospective,0,forest_delta_regressor,00dec25597397b2934fb42740994f65c50571551a5090f8e130104971b3c190f_synthetic_ring_6q_transpiler_29,teleport
prospective,0,forest_delta_regressor,00dec25597397b2934fb42740994f65c50571551a5090f8e130104971b3c190f_synthetic_ring_6q_transpiler_37,teleport
prospective,0,forest_delta_regressor,00dec25597397b2934fb42740994f65c50571551a5090f8e130104971b3c190f_synthetic_ring_6q_transpiler_47,teleport
prospective,0,forest_delta_regressor,00dec25597397b2934fb42740994f65c50571551a5090f8e130104971b3c190f_synthetic_grid_6q_transpiler_11,teleport
prospective,0,forest_delta_regressor,00dec25597397b2934fb42740994f65c50571551a5090f8e130104971b3c190f_synthetic_grid_6q_transpiler_19,teleport
prospective,0,forest_delta_regressor,00dec25597397b2934fb42740994f65c50571551a5090f8e130104971b3c190f_synthetic_grid_6q_transpiler_29,teleport
prospective,0,forest_delta_regressor,00dec25597397b2934fb42740994f65c50571551a5090f8e130104971b3c190f_synthetic_grid_6q_transpiler_37,teleport
prospective,0,forest_delta_regressor,00dec25597397b2934fb42740994f65c50571551a5090f8e130104971b3c190f_synthetic_grid_6q_transpiler_47,teleport
prospective,0,forest_delta_regressor,00dec25597397b2934fb42740994f65c50571551a5090f8e130104971b3c190f_synthetic_heavy_hex_like_7q_transpiler_11,teleport
prospective,0,forest_delta_regressor,00dec25597397b2934fb42740994f65c50571551a5090f8e130104971b3c190f_synthetic_heavy_hex_like_7q_transpiler_19,teleport
prospective,0,forest_delta_regressor,00dec25597397b2934fb42740994f65c50571551a5090f8e130104971b3c190f_synthetic_heavy_hex_like_7q_transpiler_29,teleport
prospective,0,forest_delta_regressor,00dec25597397b2934fb42740994f65c50571551a5090f8e130104971b3c190f_synthetic_heavy_hex_like_7q_transpiler_37,teleport
prospective,0,forest_delta_regressor,00dec25597397b2934fb42740994f65c50571551a5090f8e130104971b3c190f_synthetic_heavy_hex_like_7q_transpiler_47,teleport
prospective,0,forest_delta_regressor,00dec25597397b2934fb42740994f65c50571551a5090f8e130104971b3c190f_synthetic_irregular_7q_favorable_11,teleport
prospective,0,forest_delta_regressor,00dec25597397b2934fb42740994f65c50571551a5090f8e130104971b3c190f_synthetic_irregular_7q_favorable_19,teleport
prospective,0,forest_delta_regressor,00dec25597397b2934fb42740994f65c50571551a5090f8e130104971b3c190f_synthetic_irregular_7q_favorable_29,teleport
prospective,0,forest_delta_regressor,00dec25597397b2934fb42740994f65c50571551a5090f8e130104971b3c190f_synthetic_irregular_7q_favorable_37,teleport
prospective,0,forest_delta_regressor,00dec25597397b2934fb42740994f65c50571551a5090f8e130104971b3c190f_synthetic_irregular_7q_favorable_47,teleport
prospective,0,forest_delta_regressor,00dec25597397b2934fb42740994f65c50571551a5090f8e130104971b3c190f_synthetic_irregular_7q_spread_11,teleport
prospective,0,forest_delta_regressor,00dec25597397b2934fb42740994f65c50571551a5090f8e130104971b3c190f_synthetic_irregular_7q_spread_19,teleport
prospective,0,forest_delta_regressor,00dec25597397b2934fb42740994f65c50571551a5090f8e130104971b3c190f_synthetic_irregular_7q_spread_29,teleport
prospective,0,forest_delta_regressor,00dec25597397b2934fb42740994f65c50571551a5090f8e130104971b3c190f_synthetic_irregular_7q_spread_37,teleport
prospective,0,forest_delta_regressor,00dec25597397b2934fb42740994f65c50571551a5090f8e130104971b3c190f_synthetic_irregular_7q_spread_47,teleport
prospective,0,forest_delta_regressor,49f9e42949fe44e9cacc4cb550ad5cc71ba965632af7f9c8a4fd8e3384156438_synthetic_line_6q_favorable_11,teleport
prospective,0,forest_delta_regressor,49f9e42949fe44e9cacc4cb550ad5cc71ba965632af7f9c8a4fd8e3384156438_synthetic_line_6q_favorable_19,teleport
prospective,0,forest_delta_regressor,49f9e42949fe44e9cacc4cb550ad5cc71ba965632af7f9c8a4fd8e3384156438_synthetic_line_6q_favorable_29,teleport
prospective,0,forest_delta_regressor,49f9e42949fe44e9cacc4cb550ad5cc71ba965632af7f9c8a4fd8e3384156438_synthetic_line_6q_favorable_37,teleport
prospective,0,forest_delta_regressor,49f9e42949fe44e9cacc4cb550ad5cc71ba965632af7f9c8a4fd8e3384156438_synthetic_line_6q_favorable_47,teleport
prospective,0,forest_delta_regressor,49f9e42949fe44e9cacc4cb550ad5cc71ba965632af7f9c8a4fd8e3384156438_synthetic_line_6q_spread_11,teleport
prospective,0,forest_delta_regressor,49f9e42949fe44e9cacc4cb550ad5cc71ba965632af7f9c8a4fd8e3384156438_synthetic_line_6q_spread_19,teleport
prospective,0,forest_delta_regressor,49f9e42949fe44e9cacc4cb550ad5cc71ba965632af7f9c8a4fd8e3384156438_synthetic_line_6q_spread_29,teleport
prospective,0,forest_delta_regressor,49f9e42949fe44e9cacc4cb550ad5cc71ba965632af7f9c8a4fd8e3384156438_synthetic_line_6q_spread_37,teleport
prospective,0,forest_delta_regressor,49f9e42949fe44e9cacc4cb550ad5cc71ba965632af7f9c8a4fd8e3384156438_synthetic_line_6q_spread_47,teleport
prospective,0,forest_delta_regressor,49f9e42949fe44e9cacc4cb550ad5cc71ba965632af7f9c8a4fd8e3384156438_synthetic_ring_6q_transpiler_11,teleport
prospective,0,forest_delta_regressor,49f9e42949fe44e9cacc4cb550ad5cc71ba965632af7f9c8a4fd8e3384156438_synthetic_ring_6q_transpiler_19,teleport
prospective,0,forest_delta_regressor,49f9e42949fe44e9cacc4cb550ad5cc71ba965632af7f9c8a4fd8e3384156438_synthetic_ring_6q_transpiler_29,teleport
prospective,0,forest_delta_regressor,49f9e42949fe44e9cacc4cb550ad5cc71ba965632af7f9c8a4fd8e3384156438_synthetic_ring_6q_transpiler_37,teleport
prospective,0,forest_delta_regressor,49f9e42949fe44e9cacc4cb550ad5cc71ba965632af7f9c8a4fd8e3384156438_synthetic_ring_6q_transpiler_47,teleport
prospective,0,forest_delta_regressor,49f9e42949fe44e9cacc4cb550ad5cc71ba965632af7f9c8a4fd8e3384156438_synthetic_grid_6q_transpiler_11,teleport
prospective,0,forest_delta_regressor,49f9e42949fe44e9cacc4cb550ad5cc71ba965632af7f9c8a4fd8e3384156438_synthetic_grid_6q_transpiler_19,teleport
prospective,0,forest_delta_regressor,49f9e42949fe44e9cacc4cb550ad5cc71ba965632af7f9c8a4fd8e3384156438_synthetic_grid_6q_transpiler_29,teleport
prospective,0,forest_delta_regressor,49f9e42949fe44e9cacc4cb550ad5cc71ba965632af7f9c8a4fd8e3384156438_synthetic_grid_6q_transpiler_37,teleport
prospective,0,forest_delta_regressor,49f9e42949fe44e9cacc4cb550ad5cc71ba965632af7f9c8a4fd8e3384156438_synthetic_grid_6q_transpiler_47,teleport
prospective,0,forest_delta_regressor,49f9e42949fe44e9cacc4cb550ad5cc71ba965632af7f9c8a4fd8e3384156438_synthetic_heavy_hex_like_7q_transpiler_11,teleport
prospective,0,forest_delta_regressor,49f9e42949fe44e9cacc4cb550ad5cc71ba965632af7f9c8a4fd8e3384156438_synthetic_heavy_hex_like_7q_transpiler_19,teleport
prospective,0,forest_delta_regressor,49f9e42949fe44e9cacc4cb550ad5cc71ba965632af7f9c8a4fd8e3384156438_synthetic_heavy_hex_like_7q_transpiler_29,teleport
prospective,0,forest_delta_regressor,49f9e42949fe44e9cacc4cb550ad5cc71ba965632af7f9c8a4fd8e3384156438_synthetic_heavy_hex_like_7q_transpiler_37,teleport
prospective,0,forest_delta_regressor,49f9e42949fe44e9cacc4cb550ad5cc71ba965632af7f9c8a4fd8e3384156438_synthetic_heavy_hex_like_7q_transpiler_47,teleport
prospective,0,forest_delta_regressor,49f9e42949fe44e9cacc4cb550ad5cc71ba965632af7f9c8a4fd8e3384156438_synthetic_irregular_7q_favorable_11,teleport
prospective,0,forest_delta_regressor,49f9e42949fe44e9cacc4cb550ad5cc71ba965632af7f9c8a4fd8e3384156438_synthetic_irregular_7q_favorable_19,teleport
prospective,0,forest_delta_regressor,49f9e42949fe44e9cacc4cb550ad5cc71ba965632af7f9c8a4fd8e3384156438_synthetic_irregular_7q_favorable_29,teleport
prospective,0,forest_delta_regressor,49f9e42949fe44e9cacc4cb550ad5cc71ba965632af7f9c8a4fd8e3384156438_synthetic_irregular_7q_favorable_37,teleport
prospective,0,forest_delta_regressor,49f9e42949fe44e9cacc4cb550ad5cc71ba965632af7f9c8a4fd8e3384156438_synthetic_irregular_7q_favorable_47,teleport
prospective,0,forest_delta_regressor,49f9e42949fe44e9cacc4cb550ad5cc71ba965632af7f9c8a4fd8e3384156438_synthetic_irregular_7q_spread_11,teleport
prospective,0,forest_delta_regressor,49f9e42949fe44e9cacc4cb550ad5cc71ba965632af7f9c8a4fd8e3384156438_synthetic_irregular_7q_spread_19,teleport
prospective,0,forest_delta_regressor,49f9e42949fe44e9cacc4cb550ad5cc71ba965632af7f9c8a4fd8e3384156438_synthetic_irregular_7q_spread_29,teleport
prospective,0,forest_delta_regressor,49f9e42949fe44e9cacc4cb550ad5cc71ba965632af7f9c8a4fd8e3384156438_synthetic_irregular_7q_spread_37,teleport
prospective,0,forest_delta_regressor,49f9e42949fe44e9cacc4cb550ad5cc71ba965632af7f9c8a4fd8e3384156438_synthetic_irregular_7q_spread_47,teleport
prospective,0,forest_delta_regressor,6a9ea95959ada3b9eb58a4396c3fc46af54caed318314ad360db449a01f90c66_synthetic_line_6q_favorable_11,teleport
prospective,0,forest_delta_regressor,6a9ea95959ada3b9eb58a4396c3fc46af54caed318314ad360db449a01f90c66_synthetic_line_6q_favorable_19,teleport
prospective,0,forest_delta_regressor,6a9ea95959ada3b9eb58a4396c3fc46af54caed318314ad360db449a01f90c66_synthetic_line_6q_favorable_29,teleport
prospective,0,forest_delta_regressor,6a9ea95959ada3b9eb58a4396c3fc46af54caed318314ad360db449a01f90c66_synthetic_line_6q_favorable_37,teleport
prospective,0,forest_delta_regressor,6a9ea95959ada3b9eb58a4396c3fc46af54caed318314ad360db449a01f90c66_synthetic_line_6q_favorable_47,teleport
prospective,0,forest_delta_regressor,6a9ea95959ada3b9eb58a4396c3fc46af54caed318314ad360db449a01f90c66_synthetic_line_6q_spread_11,teleport
prospective,0,forest_delta_regressor,6a9ea95959ada3b9eb58a4396c3fc46af54caed318314ad360db449a01f90c66_synthetic_line_6q_spread_19,teleport
prospective,0,forest_delta_regressor,6a9ea95959ada3b9eb58a4396c3fc46af54caed318314ad360db449a01f90c66_synthetic_line_6q_spread_29,teleport
prospective,0,forest_delta_regressor,6a9ea95959ada3b9eb58a4396c3fc46af54caed318314ad360db449a01f90c66_synthetic_line_6q_spread_37,teleport
prospective,0,forest_delta_regressor,6a9ea95959ada3b9eb58a4396c3fc46af54caed318314ad360db449a01f90c66_synthetic_line_6q_spread_47,teleport
prospective,0,forest_delta_regressor,6a9ea95959ada3b9eb58a4396c3fc46af54caed318314ad360db449a01f90c66_synthetic_ring_6q_transpiler_11,teleport
prospective,0,forest_delta_regressor,6a9ea95959ada3b9eb58a4396c3fc46af54caed318314ad360db449a01f90c66_synthetic_ring_6q_transpiler_19,teleport
prospective,0,forest_delta_regressor,6a9ea95959ada3b9eb58a4396c3fc46af54caed318314ad360db449a01f90c66_synthetic_ring_6q_transpiler_29,teleport
prospective,0,forest_delta_regressor,6a9ea95959ada3b9eb58a4396c3fc46af54caed318314ad360db449a01f90c66_synthetic_ring_6q_transpiler_37,teleport
prospective,0,forest_delta_regressor,6a9ea95959ada3b9eb58a4396c3fc46af54caed318314ad360db449a01f90c66_synthetic_ring_6q_transpiler_47,teleport
prospective,0,forest_delta_regressor,6a9ea95959ada3b9eb58a4396c3fc46af54caed318314ad360db449a01f90c66_synthetic_grid_6q_transpiler_11,teleport
prospective,0,forest_delta_regressor,6a9ea95959ada3b9eb58a4396c3fc46af54caed318314ad360db449a01f90c66_synthetic_grid_6q_transpiler_19,teleport
prospective,0,forest_delta_regressor,6a9ea95959ada3b9eb58a4396c3fc46af54caed318314ad360db449a01f90c66_synthetic_grid_6q_transpiler_29,teleport
prospective,0,forest_delta_regressor,6a9ea95959ada3b9eb58a4396c3fc46af54caed318314ad360db449a01f90c66_synthetic_grid_6q_transpiler_37,teleport
prospective,0,forest_delta_regressor,6a9ea95959ada3b9eb58a4396c3fc46af54caed318314ad360db449a01f90c66_synthetic_grid_6q_transpiler_47,teleport
prospective,0,forest_delta_regressor,6a9ea95959ada3b9eb58a4396c3fc46af54caed318314ad360db449a01f90c66_synthetic_heavy_hex_like_7q_transpiler_11,teleport
prospective,0,forest_delta_regressor,6a9ea95959ada3b9eb58a4396c3fc46af54caed318314ad360db449a01f90c66_synthetic_heavy_hex_like_7q_transpiler_19,teleport
prospective,0,forest_delta_regressor,6a9ea95959ada3b9eb58a4396c3fc46af54caed318314ad360db449a01f90c66_synthetic_heavy_hex_like_7q_transpiler_29,teleport
prospective,0,forest_delta_regressor,6a9ea95959ada3b9eb58a4396c3fc46af54caed318314ad360db449a01f90c66_synthetic_heavy_hex_like_7q_transpiler_37,teleport
prospective,0,forest_delta_regressor,6a9ea95959ada3b9eb58a4396c3fc46af54caed318314ad360db449a01f90c66_synthetic_heavy_hex_like_7q_transpiler_47,teleport
prospective,0,forest_delta_regressor,6a9ea95959ada3b9eb58a4396c3fc46af54caed318314ad360db449a01f90c66_synthetic_irregular_7q_favorable_11,teleport
prospective,0,forest_delta_regressor,6a9ea95959ada3b9eb58a4396c3fc46af54caed318314ad360db449a01f90c66_synthetic_irregular_7q_favorable_19,teleport
prospective,0,forest_delta_regressor,6a9ea95959ada3b9eb58a4396c3fc46af54caed318314ad360db449a01f90c66_synthetic_irregular_7q_favorable_29,teleport
prospective,0,forest_delta_regressor,6a9ea95959ada3b9eb58a4396c3fc46af54caed318314ad360db449a01f90c66_synthetic_irregular_7q_favorable_37,teleport
prospective,0,forest_delta_regressor,6a9ea95959ada3b9eb58a4396c3fc46af54caed318314ad360db449a01f90c66_synthetic_irregular_7q_favorable_47,teleport
prospective,0,forest_delta_regressor,6a9ea95959ada3b9eb58a4396c3fc46af54caed318314ad360db449a01f90c66_synthetic_irregular_7q_spread_11,teleport
prospective,0,forest_delta_regressor,6a9ea95959ada3b9eb58a4396c3fc46af54caed318314ad360db449a01f90c66_synthetic_irregular_7q_spread_19,teleport
prospective,0,forest_delta_regressor,6a9ea95959ada3b9eb58a4396c3fc46af54caed318314ad360db449a01f90c66_synthetic_irregular_7q_spread_29,teleport
prospective,0,forest_delta_regressor,6a9ea95959ada3b9eb58a4396c3fc46af54caed318314ad360db449a01f90c66_synthetic_irregular_7q_spread_37,teleport
prospective,0,forest_delta_regressor,6a9ea95959ada3b9eb58a4396c3fc46af54caed318314ad360db449a01f90c66_synthetic_irregular_7q_spread_47,teleport
prospective,0,forest_delta_regressor,2b5e0ed483cc3050468f9dbe07ba775d3779a0f5f0b1d9721b5967992a9fa793_synthetic_line_6q_favorable_11,teleport
prospective,0,forest_delta_regressor,2b5e0ed483cc3050468f9dbe07ba775d3779a0f5f0b1d9721b5967992a9fa793_synthetic_line_6q_favorable_19,teleport
prospective,0,forest_delta_regressor,2b5e0ed483cc3050468f9dbe07ba775d3779a0f5f0b1d9721b5967992a9fa793_synthetic_line_6q_favorable_29,teleport
prospective,0,forest_delta_regressor,2b5e0ed483cc3050468f9dbe07ba775d3779a0f5f0b1d9721b5967992a9fa793_synthetic_line_6q_favorable_37,teleport
prospective,0,forest_delta_regressor,2b5e0ed483cc3050468f9dbe07ba775d3779a0f5f0b1d9721b5967992a9fa793_synthetic_line_6q_favorable_47,teleport
prospective,0,forest_delta_regressor,2b5e0ed483cc3050468f9dbe07ba775d3779a0f5f0b1d9721b5967992a9fa793_synthetic_line_6q_spread_11,teleport
prospective,0,forest_delta_regressor,2b5e0ed483cc3050468f9dbe07ba775d3779a0f5f0b1d9721b5967992a9fa793_synthetic_line_6q_spread_19,teleport
prospective,0,forest_delta_regressor,2b5e0ed483cc3050468f9dbe07ba775d3779a0f5f0b1d9721b5967992a9fa793_synthetic_line_6q_spread_29,teleport
prospective,0,forest_delta_regressor,2b5e0ed483cc3050468f9dbe07ba775d3779a0f5f0b1d9721b5967992a9fa793_synthetic_line_6q_spread_37,teleport
prospective,0,forest_delta_regressor,2b5e0ed483cc3050468f9dbe07ba775d3779a0f5f0b1d9721b5967992a9fa793_synthetic_line_6q_spread_47,teleport
prospective,0,forest_delta_regressor,2b5e0ed483cc3050468f9dbe07ba775d3779a0f5f0b1d9721b5967992a9fa793_synthetic_ring_6q_transpiler_11,teleport
prospective,0,forest_delta_regressor,2b5e0ed483cc3050468f9dbe07ba775d3779a0f5f0b1d9721b5967992a9fa793_synthetic_ring_6q_transpiler_19,teleport
prospective,0,forest_delta_regressor,2b5e0ed483cc3050468f9dbe07ba775d3779a0f5f0b1d9721b5967992a9fa793_synthetic_ring_6q_transpiler_29,teleport
prospective,0,forest_delta_regressor,2b5e0ed483cc3050468f9dbe07ba775d3779a0f5f0b1d9721b5967992a9fa793_synthetic_ring_6q_transpiler_37,teleport
prospective,0,forest_delta_regressor,2b5e0ed483cc3050468f9dbe07ba775d3779a0f5f0b1d9721b5967992a9fa793_synthetic_ring_6q_transpiler_47,teleport
prospective,0,forest_delta_regressor,2b5e0ed483cc3050468f9dbe07ba775d3779a0f5f0b1d9721b5967992a9fa793_synthetic_grid_6q_transpiler_11,teleport
prospective,0,forest_delta_regressor,2b5e0ed483cc3050468f9dbe07ba775d3779a0f5f0b1d9721b5967992a9fa793_synthetic_grid_6q_transpiler_19,teleport
prospective,0,forest_delta_regressor,2b5e0ed483cc3050468f9dbe07ba775d3779a0f5f0b1d9721b5967992a9fa793_synthetic_grid_6q_transpiler_29,teleport
prospective,0,forest_delta_regressor,2b5e0ed483cc3050468f9dbe07ba775d3779a0f5f0b1d9721b5967992a9fa793_synthetic_grid_6q_transpiler_37,teleport
prospective,0,forest_delta_regressor,2b5e0ed483cc3050468f9dbe07ba775d3779a0f5f0b1d9721b5967992a9fa793_synthetic_grid_6q_transpiler_47,teleport
prospective,0,forest_delta_regressor,2b5e0ed483cc3050468f9dbe07ba775d3779a0f5f0b1d9721b5967992a9fa793_synthetic_heavy_hex_like_7q_transpiler_11,teleport
prospective,0,forest_delta_regressor,2b5e0ed483cc3050468f9dbe07ba775d3779a0f5f0b1d9721b5967992a9fa793_synthetic_heavy_hex_like_7q_transpiler_19,teleport
prospective,0,forest_delta_regressor,2b5e0ed483cc3050468f9dbe07ba775d3779a0f5f0b1d9721b5967992a9fa793_synthetic_heavy_hex_like_7q_transpiler_29,teleport
prospective,0,forest_delta_regressor,2b5e0ed483cc3050468f9dbe07ba775d3779a0f5f0b1d9721b5967992a9fa793_synthetic_heavy_hex_like_7q_transpiler_37,teleport
prospective,0,forest_delta_regressor,2b5e0ed483cc3050468f9dbe07ba775d3779a0f5f0b1d9721b5967992a9fa793_synthetic_heavy_hex_like_7q_transpiler_47,teleport
prospective,0,forest_delta_regressor,2b5e0ed483cc3050468f9dbe07ba775d3779a0f5f0b1d9721b5967992a9fa793_synthetic_irregular_7q_favorable_11,teleport
prospective,0,forest_delta_regressor,2b5e0ed483cc3050468f9dbe07ba775d3779a0f5f0b1d9721b5967992a9fa793_synthetic_irregular_7q_favorable_19,teleport
prospective,0,forest_delta_regressor,2b5e0ed483cc3050468f9dbe07ba775d3779a0f5f0b1d9721b5967992a9fa793_synthetic_irregular_7q_favorable_29,teleport
prospective,0,forest_delta_regressor,2b5e0ed483cc3050468f9dbe07ba775d3779a0f5f0b1d9721b5967992a9fa793_synthetic_irregular_7q_favorable_37,teleport
prospective,0,forest_delta_regressor,2b5e0ed483cc3050468f9dbe07ba775d3779a0f5f0b1d9721b5967992a9fa793_synthetic_irregular_7q_favorable_47,teleport
prospective,0,forest_delta_regressor,2b5e0ed483cc3050468f9dbe07ba775d3779a0f5f0b1d9721b5967992a9fa793_synthetic_irregular_7q_spread_11,teleport
prospective,0,forest_delta_regressor,2b5e0ed483cc3050468f9dbe07ba775d3779a0f5f0b1d9721b5967992a9fa793_synthetic_irregular_7q_spread_19,teleport
prospective,0,forest_delta_regressor,2b5e0ed483cc3050468f9dbe07ba775d3779a0f5f0b1d9721b5967992a9fa793_synthetic_irregular_7q_spread_29,teleport
prospective,0,forest_delta_regressor,2b5e0ed483cc3050468f9dbe07ba775d3779a0f5f0b1d9721b5967992a9fa793_synthetic_irregular_7q_spread_37,teleport
prospective,0,forest_delta_regressor,2b5e0ed483cc3050468f9dbe07ba775d3779a0f5f0b1d9721b5967992a9fa793_synthetic_irregular_7q_spread_47,teleport
prospective,0,forest_delta_regressor,8e4246a80f37dc867d0cfe5b703c5e97fe1bd50168e294b8649e2eadb63771f1_synthetic_line_6q_favorable_11,teleport
prospective,0,forest_delta_regressor,8e4246a80f37dc867d0cfe5b703c5e97fe1bd50168e294b8649e2eadb63771f1_synthetic_line_6q_favorable_19,teleport
prospective,0,forest_delta_regressor,8e4246a80f37dc867d0cfe5b703c5e97fe1bd50168e294b8649e2eadb63771f1_synthetic_line_6q_favorable_29,teleport
prospective,0,forest_delta_regressor,8e4246a80f37dc867d0cfe5b703c5e97fe1bd50168e294b8649e2eadb63771f1_synthetic_line_6q_favorable_37,teleport
prospective,0,forest_delta_regressor,8e4246a80f37dc867d0cfe5b703c5e97fe1bd50168e294b8649e2eadb63771f1_synthetic_line_6q_favorable_47,teleport
prospective,0,forest_delta_regressor,8e4246a80f37dc867d0cfe5b703c5e97fe1bd50168e294b8649e2eadb63771f1_synthetic_line_6q_spread_11,teleport
prospective,0,forest_delta_regressor,8e4246a80f37dc867d0cfe5b703c5e97fe1bd50168e294b8649e2eadb63771f1_synthetic_line_6q_spread_19,teleport
prospective,0,forest_delta_regressor,8e4246a80f37dc867d0cfe5b703c5e97fe1bd50168e294b8649e2eadb63771f1_synthetic_line_6q_spread_29,teleport
prospective,0,forest_delta_regressor,8e4246a80f37dc867d0cfe5b703c5e97fe1bd50168e294b8649e2eadb63771f1_synthetic_line_6q_spread_37,teleport
prospective,0,forest_delta_regressor,8e4246a80f37dc867d0cfe5b703c5e97fe1bd50168e294b8649e2eadb63771f1_synthetic_line_6q_spread_47,teleport
prospective,0,forest_delta_regressor,8e4246a80f37dc867d0cfe5b703c5e97fe1bd50168e294b8649e2eadb63771f1_synthetic_ring_6q_transpiler_11,teleport
prospective,0,forest_delta_regressor,8e4246a80f37dc867d0cfe5b703c5e97fe1bd50168e294b8649e2eadb63771f1_synthetic_ring_6q_transpiler_19,teleport
prospective,0,forest_delta_regressor,8e4246a80f37dc867d0cfe5b703c5e97fe1bd50168e294b8649e2eadb63771f1_synthetic_ring_6q_transpiler_29,teleport
prospective,0,forest_delta_regressor,8e4246a80f37dc867d0cfe5b703c5e97fe1bd50168e294b8649e2eadb63771f1_synthetic_ring_6q_transpiler_37,teleport
prospective,0,forest_delta_regressor,8e4246a80f37dc867d0cfe5b703c5e97fe1bd50168e294b8649e2eadb63771f1_synthetic_ring_6q_transpiler_47,teleport
prospective,0,forest_delta_regressor,8e4246a80f37dc867d0cfe5b703c5e97fe1bd50168e294b8649e2eadb63771f1_synthetic_grid_6q_transpiler_11,teleport
prospective,0,forest_delta_regressor,8e4246a80f37dc867d0cfe5b703c5e97fe1bd50168e294b8649e2eadb63771f1_synthetic_grid_6q_transpiler_19,teleport
prospective,0,forest_delta_regressor,8e4246a80f37dc867d0cfe5b703c5e97fe1bd50168e294b8649e2eadb63771f1_synthetic_grid_6q_transpiler_29,teleport
prospective,0,forest_delta_regressor,8e4246a80f37dc867d0cfe5b703c5e97fe1bd50168e294b8649e2eadb63771f1_synthetic_grid_6q_transpiler_37,teleport
prospective,0,forest_delta_regressor,8e4246a80f37dc867d0cfe5b703c5e97fe1bd50168e294b8649e2eadb63771f1_synthetic_grid_6q_transpiler_47,teleport
prospective,0,forest_delta_regressor,8e4246a80f37dc867d0cfe5b703c5e97fe1bd50168e294b8649e2eadb63771f1_synthetic_heavy_hex_like_7q_transpiler_11,teleport
prospective,0,forest_delta_regressor,8e4246a80f37dc867d0cfe5b703c5e97fe1bd50168e294b8649e2eadb63771f1_synthetic_heavy_hex_like_7q_transpiler_19,teleport
prospective,0,forest_delta_regressor,8e4246a80f37dc867d0cfe5b703c5e97fe1bd50168e294b8649e2eadb63771f1_synthetic_heavy_hex_like_7q_transpiler_29,teleport
prospective,0,forest_delta_regressor,8e4246a80f37dc867d0cfe5b703c5e97fe1bd50168e294b8649e2eadb63771f1_synthetic_heavy_hex_like_7q_transpiler_37,teleport
prospective,0,forest_delta_regressor,8e4246a80f37dc867d0cfe5b703c5e97fe1bd50168e294b8649e2eadb63771f1_synthetic_heavy_hex_like_7q_transpiler_47,teleport
prospective,0,forest_delta_regressor,8e4246a80f37dc867d0cfe5b703c5e97fe1bd50168e294b8649e2eadb63771f1_synthetic_irregular_7q_favorable_11,teleport
prospective,0,forest_delta_regressor,8e4246a80f37dc867d0cfe5b703c5e97fe1bd50168e294b8649e2eadb63771f1_synthetic_irregular_7q_favorable_19,teleport
prospective,0,forest_delta_regressor,8e4246a80f37dc867d0cfe5b703c5e97fe1bd50168e294b8649e2eadb63771f1_synthetic_irregular_7q_favorable_29,teleport
prospective,0,forest_delta_regressor,8e4246a80f37dc867d0cfe5b703c5e97fe1bd50168e294b8649e2eadb63771f1_synthetic_irregular_7q_favorable_37,teleport
prospective,0,forest_delta_regressor,8e4246a80f37dc867d0cfe5b703c5e97fe1bd50168e294b8649e2eadb63771f1_synthetic_irregular_7q_favorable_47,teleport
prospective,0,forest_delta_regressor,8e4246a80f37dc867d0cfe5b703c5e97fe1bd50168e294b8649e2eadb63771f1_synthetic_irregular_7q_spread_11,teleport
prospective,0,forest_delta_regressor,8e4246a80f37dc867d0cfe5b703c5e97fe1bd50168e294b8649e2eadb63771f1_synthetic_irregular_7q_spread_19,teleport
prospective,0,forest_delta_regressor,8e4246a80f37dc867d0cfe5b703c5e97fe1bd50168e294b8649e2eadb63771f1_synthetic_irregular_7q_spread_29,teleport
prospective,0,forest_delta_regressor,8e4246a80f37dc867d0cfe5b703c5e97fe1bd50168e294b8649e2eadb63771f1_synthetic_irregular_7q_spread_37,teleport
prospective,0,forest_delta_regressor,8e4246a80f37dc867d0cfe5b703c5e97fe1bd50168e294b8649e2eadb63771f1_synthetic_irregular_7q_spread_47,teleport
prospective,0,forest_delta_regressor,4578146e16dfcf0a3a55a1b3fea16f778ac944886bf5b33e90f7dc227bfcd90d_synthetic_line_6q_favorable_11,teleport
prospective,0,forest_delta_regressor,4578146e16dfcf0a3a55a1b3fea16f778ac944886bf5b33e90f7dc227bfcd90d_synthetic_line_6q_favorable_19,teleport
prospective,0,forest_delta_regressor,4578146e16dfcf0a3a55a1b3fea16f778ac944886bf5b33e90f7dc227bfcd90d_synthetic_line_6q_favorable_29,teleport
prospective,0,forest_delta_regressor,4578146e16dfcf0a3a55a1b3fea16f778ac944886bf5b33e90f7dc227bfcd90d_synthetic_line_6q_favorable_37,teleport
prospective,0,forest_delta_regressor,4578146e16dfcf0a3a55a1b3fea16f778ac944886bf5b33e90f7dc227bfcd90d_synthetic_line_6q_favorable_47,teleport
prospective,0,forest_delta_regressor,4578146e16dfcf0a3a55a1b3fea16f778ac944886bf5b33e90f7dc227bfcd90d_synthetic_line_6q_spread_11,teleport
prospective,0,forest_delta_regressor,4578146e16dfcf0a3a55a1b3fea16f778ac944886bf5b33e90f7dc227bfcd90d_synthetic_line_6q_spread_19,teleport
prospective,0,forest_delta_regressor,4578146e16dfcf0a3a55a1b3fea16f778ac944886bf5b33e90f7dc227bfcd90d_synthetic_line_6q_spread_29,teleport
prospective,0,forest_delta_regressor,4578146e16dfcf0a3a55a1b3fea16f778ac944886bf5b33e90f7dc227bfcd90d_synthetic_line_6q_spread_37,teleport
prospective,0,forest_delta_regressor,4578146e16dfcf0a3a55a1b3fea16f778ac944886bf5b33e90f7dc227bfcd90d_synthetic_line_6q_spread_47,teleport
prospective,0,forest_delta_regressor,4578146e16dfcf0a3a55a1b3fea16f778ac944886bf5b33e90f7dc227bfcd90d_synthetic_ring_6q_transpiler_11,teleport
prospective,0,forest_delta_regressor,4578146e16dfcf0a3a55a1b3fea16f778ac944886bf5b33e90f7dc227bfcd90d_synthetic_ring_6q_transpiler_19,teleport
prospective,0,forest_delta_regressor,4578146e16dfcf0a3a55a1b3fea16f778ac944886bf5b33e90f7dc227bfcd90d_synthetic_ring_6q_transpiler_29,teleport
prospective,0,forest_delta_regressor,4578146e16dfcf0a3a55a1b3fea16f778ac944886bf5b33e90f7dc227bfcd90d_synthetic_ring_6q_transpiler_37,teleport
prospective,0,forest_delta_regressor,4578146e16dfcf0a3a55a1b3fea16f778ac944886bf5b33e90f7dc227bfcd90d_synthetic_ring_6q_transpiler_47,teleport
prospective,0,forest_delta_regressor,4578146e16dfcf0a3a55a1b3fea16f778ac944886bf5b33e90f7dc227bfcd90d_synthetic_grid_6q_transpiler_11,teleport
prospective,0,forest_delta_regressor,4578146e16dfcf0a3a55a1b3fea16f778ac944886bf5b33e90f7dc227bfcd90d_synthetic_grid_6q_transpiler_19,teleport
prospective,0,forest_delta_regressor,4578146e16dfcf0a3a55a1b3fea16f778ac944886bf5b33e90f7dc227bfcd90d_synthetic_grid_6q_transpiler_29,teleport
prospective,0,forest_delta_regressor,4578146e16dfcf0a3a55a1b3fea16f778ac944886bf5b33e90f7dc227bfcd90d_synthetic_grid_6q_transpiler_37,teleport
prospective,0,forest_delta_regressor,4578146e16dfcf0a3a55a1b3fea16f778ac944886bf5b33e90f7dc227bfcd90d_synthetic_grid_6q_transpiler_47,teleport
prospective,0,forest_delta_regressor,4578146e16dfcf0a3a55a1b3fea16f778ac944886bf5b33e90f7dc227bfcd90d_synthetic_heavy_hex_like_7q_transpiler_11,teleport
prospective,0,forest_delta_regressor,4578146e16dfcf0a3a55a1b3fea16f778ac944886bf5b33e90f7dc227bfcd90d_synthetic_heavy_hex_like_7q_transpiler_19,teleport
prospective,0,forest_delta_regressor,4578146e16dfcf0a3a55a1b3fea16f778ac944886bf5b33e90f7dc227bfcd90d_synthetic_heavy_hex_like_7q_transpiler_29,teleport
prospective,0,forest_delta_regressor,4578146e16dfcf0a3a55a1b3fea16f778ac944886bf5b33e90f7dc227bfcd90d_synthetic_heavy_hex_like_7q_transpiler_37,teleport
prospective,0,forest_delta_regressor,4578146e16dfcf0a3a55a1b3fea16f778ac944886bf5b33e90f7dc227bfcd90d_synthetic_heavy_hex_like_7q_transpiler_47,teleport
prospective,0,forest_delta_regressor,4578146e16dfcf0a3a55a1b3fea16f778ac944886bf5b33e90f7dc227bfcd90d_synthetic_irregular_7q_favorable_11,teleport
prospective,0,forest_delta_regressor,4578146e16dfcf0a3a55a1b3fea16f778ac944886bf5b33e90f7dc227bfcd90d_synthetic_irregular_7q_favorable_19,teleport
prospective,0,forest_delta_regressor,4578146e16dfcf0a3a55a1b3fea16f778ac944886bf5b33e90f7dc227bfcd90d_synthetic_irregular_7q_favorable_29,teleport
prospective,0,forest_delta_regressor,4578146e16dfcf0a3a55a1b3fea16f778ac944886bf5b33e90f7dc227bfcd90d_synthetic_irregular_7q_favorable_37,teleport
prospective,0,forest_delta_regressor,4578146e16dfcf0a3a55a1b3fea16f778ac944886bf5b33e90f7dc227bfcd90d_synthetic_irregular_7q_favorable_47,teleport
prospective,0,forest_delta_regressor,4578146e16dfcf0a3a55a1b3fea16f778ac944886bf5b33e90f7dc227bfcd90d_synthetic_irregular_7q_spread_11,teleport
prospective,0,forest_delta_regressor,4578146e16dfcf0a3a55a1b3fea16f778ac944886bf5b33e90f7dc227bfcd90d_synthetic_irregular_7q_spread_19,teleport
prospective,0,forest_delta_regressor,4578146e16dfcf0a3a55a1b3fea16f778ac944886bf5b33e90f7dc227bfcd90d_synthetic_irregular_7q_spread_29,teleport
prospective,0,forest_delta_regressor,4578146e16dfcf0a3a55a1b3fea16f778ac944886bf5b33e90f7dc227bfcd90d_synthetic_irregular_7q_spread_37,teleport
prospective,0,forest_delta_regressor,4578146e16dfcf0a3a55a1b3fea16f778ac944886bf5b33e90f7dc227bfcd90d_synthetic_irregular_7q_spread_47,teleport
prospective,0,forest_delta_regressor,b75cbf89649a5d40ee4400d372e6cf3e16e5c828229f394ddf0f65442c3f44a5_synthetic_line_8q_favorable_11,basic
prospective,0,forest_delta_regressor,b75cbf89649a5d40ee4400d372e6cf3e16e5c828229f394ddf0f65442c3f44a5_synthetic_line_8q_favorable_19,basic
prospective,0,forest_delta_regressor,b75cbf89649a5d40ee4400d372e6cf3e16e5c828229f394ddf0f65442c3f44a5_synthetic_line_8q_favorable_29,basic
prospective,0,forest_delta_regressor,b75cbf89649a5d40ee4400d372e6cf3e16e5c828229f394ddf0f65442c3f44a5_synthetic_line_8q_favorable_37,basic
prospective,0,forest_delta_regressor,b75cbf89649a5d40ee4400d372e6cf3e16e5c828229f394ddf0f65442c3f44a5_synthetic_line_8q_favorable_47,basic
prospective,0,forest_delta_regressor,b75cbf89649a5d40ee4400d372e6cf3e16e5c828229f394ddf0f65442c3f44a5_synthetic_line_8q_spread_11,basic
prospective,0,forest_delta_regressor,b75cbf89649a5d40ee4400d372e6cf3e16e5c828229f394ddf0f65442c3f44a5_synthetic_line_8q_spread_19,basic
prospective,0,forest_delta_regressor,b75cbf89649a5d40ee4400d372e6cf3e16e5c828229f394ddf0f65442c3f44a5_synthetic_line_8q_spread_29,basic
prospective,0,forest_delta_regressor,b75cbf89649a5d40ee4400d372e6cf3e16e5c828229f394ddf0f65442c3f44a5_synthetic_line_8q_spread_37,basic
prospective,0,forest_delta_regressor,b75cbf89649a5d40ee4400d372e6cf3e16e5c828229f394ddf0f65442c3f44a5_synthetic_line_8q_spread_47,basic
prospective,0,forest_delta_regressor,b75cbf89649a5d40ee4400d372e6cf3e16e5c828229f394ddf0f65442c3f44a5_synthetic_ring_8q_transpiler_11,basic
prospective,0,forest_delta_regressor,b75cbf89649a5d40ee4400d372e6cf3e16e5c828229f394ddf0f65442c3f44a5_synthetic_ring_8q_transpiler_19,basic
prospective,0,forest_delta_regressor,b75cbf89649a5d40ee4400d372e6cf3e16e5c828229f394ddf0f65442c3f44a5_synthetic_ring_8q_transpiler_29,basic
prospective,0,forest_delta_regressor,b75cbf89649a5d40ee4400d372e6cf3e16e5c828229f394ddf0f65442c3f44a5_synthetic_ring_8q_transpiler_37,basic
prospective,0,forest_delta_regressor,b75cbf89649a5d40ee4400d372e6cf3e16e5c828229f394ddf0f65442c3f44a5_synthetic_ring_8q_transpiler_47,basic
prospective,0,forest_delta_regressor,b75cbf89649a5d40ee4400d372e6cf3e16e5c828229f394ddf0f65442c3f44a5_synthetic_grid_8q_transpiler_11,basic
prospective,0,forest_delta_regressor,b75cbf89649a5d40ee4400d372e6cf3e16e5c828229f394ddf0f65442c3f44a5_synthetic_grid_8q_transpiler_19,basic
prospective,0,forest_delta_regressor,b75cbf89649a5d40ee4400d372e6cf3e16e5c828229f394ddf0f65442c3f44a5_synthetic_grid_8q_transpiler_29,basic
prospective,0,forest_delta_regressor,b75cbf89649a5d40ee4400d372e6cf3e16e5c828229f394ddf0f65442c3f44a5_synthetic_grid_8q_transpiler_37,basic
prospective,0,forest_delta_regressor,b75cbf89649a5d40ee4400d372e6cf3e16e5c828229f394ddf0f65442c3f44a5_synthetic_grid_8q_transpiler_47,basic
prospective,0,forest_delta_regressor,b75cbf89649a5d40ee4400d372e6cf3e16e5c828229f394ddf0f65442c3f44a5_synthetic_heavy_hex_like_8q_transpiler_11,basic
prospective,0,forest_delta_regressor,b75cbf89649a5d40ee4400d372e6cf3e16e5c828229f394ddf0f65442c3f44a5_synthetic_heavy_hex_like_8q_transpiler_19,basic
prospective,0,forest_delta_regressor,b75cbf89649a5d40ee4400d372e6cf3e16e5c828229f394ddf0f65442c3f44a5_synthetic_heavy_hex_like_8q_transpiler_29,basic
prospective,0,forest_delta_regressor,b75cbf89649a5d40ee4400d372e6cf3e16e5c828229f394ddf0f65442c3f44a5_synthetic_heavy_hex_like_8q_transpiler_37,basic
prospective,0,forest_delta_regressor,b75cbf89649a5d40ee4400d372e6cf3e16e5c828229f394ddf0f65442c3f44a5_synthetic_heavy_hex_like_8q_transpiler_47,basic
prospective,0,forest_delta_regressor,b75cbf89649a5d40ee4400d372e6cf3e16e5c828229f394ddf0f65442c3f44a5_synthetic_irregular_8q_favorable_11,basic
prospective,0,forest_delta_regressor,b75cbf89649a5d40ee4400d372e6cf3e16e5c828229f394ddf0f65442c3f44a5_synthetic_irregular_8q_favorable_19,basic
prospective,0,forest_delta_regressor,b75cbf89649a5d40ee4400d372e6cf3e16e5c828229f394ddf0f65442c3f44a5_synthetic_irregular_8q_favorable_29,basic
prospective,0,forest_delta_regressor,b75cbf89649a5d40ee4400d372e6cf3e16e5c828229f394ddf0f65442c3f44a5_synthetic_irregular_8q_favorable_37,basic
prospective,0,forest_delta_regressor,b75cbf89649a5d40ee4400d372e6cf3e16e5c828229f394ddf0f65442c3f44a5_synthetic_irregular_8q_favorable_47,basic
prospective,0,forest_delta_regressor,b75cbf89649a5d40ee4400d372e6cf3e16e5c828229f394ddf0f65442c3f44a5_synthetic_irregular_8q_spread_11,basic
prospective,0,forest_delta_regressor,b75cbf89649a5d40ee4400d372e6cf3e16e5c828229f394ddf0f65442c3f44a5_synthetic_irregular_8q_spread_19,basic
prospective,0,forest_delta_regressor,b75cbf89649a5d40ee4400d372e6cf3e16e5c828229f394ddf0f65442c3f44a5_synthetic_irregular_8q_spread_29,basic
prospective,0,forest_delta_regressor,b75cbf89649a5d40ee4400d372e6cf3e16e5c828229f394ddf0f65442c3f44a5_synthetic_irregular_8q_spread_37,basic
prospective,0,forest_delta_regressor,b75cbf89649a5d40ee4400d372e6cf3e16e5c828229f394ddf0f65442c3f44a5_synthetic_irregular_8q_spread_47,basic
prospective,0,forest_delta_regressor,d338eb773a8d9b65affd729028e23e9f24e361c2bc1272505190220bc634f90b_synthetic_line_8q_favorable_11,basic
prospective,0,forest_delta_regressor,d338eb773a8d9b65affd729028e23e9f24e361c2bc1272505190220bc634f90b_synthetic_line_8q_favorable_19,basic
prospective,0,forest_delta_regressor,d338eb773a8d9b65affd729028e23e9f24e361c2bc1272505190220bc634f90b_synthetic_line_8q_favorable_29,basic
prospective,0,forest_delta_regressor,d338eb773a8d9b65affd729028e23e9f24e361c2bc1272505190220bc634f90b_synthetic_line_8q_favorable_37,basic
prospective,0,forest_delta_regressor,d338eb773a8d9b65affd729028e23e9f24e361c2bc1272505190220bc634f90b_synthetic_line_8q_favorable_47,basic
prospective,0,forest_delta_regressor,d338eb773a8d9b65affd729028e23e9f24e361c2bc1272505190220bc634f90b_synthetic_line_8q_spread_11,basic
prospective,0,forest_delta_regressor,d338eb773a8d9b65affd729028e23e9f24e361c2bc1272505190220bc634f90b_synthetic_line_8q_spread_19,basic
prospective,0,forest_delta_regressor,d338eb773a8d9b65affd729028e23e9f24e361c2bc1272505190220bc634f90b_synthetic_line_8q_spread_29,basic
prospective,0,forest_delta_regressor,d338eb773a8d9b65affd729028e23e9f24e361c2bc1272505190220bc634f90b_synthetic_line_8q_spread_37,basic
prospective,0,forest_delta_regressor,d338eb773a8d9b65affd729028e23e9f24e361c2bc1272505190220bc634f90b_synthetic_line_8q_spread_47,basic
prospective,0,forest_delta_regressor,d338eb773a8d9b65affd729028e23e9f24e361c2bc1272505190220bc634f90b_synthetic_ring_8q_transpiler_11,basic
prospective,0,forest_delta_regressor,d338eb773a8d9b65affd729028e23e9f24e361c2bc1272505190220bc634f90b_synthetic_ring_8q_transpiler_19,basic
prospective,0,forest_delta_regressor,d338eb773a8d9b65affd729028e23e9f24e361c2bc1272505190220bc634f90b_synthetic_ring_8q_transpiler_29,basic
prospective,0,forest_delta_regressor,d338eb773a8d9b65affd729028e23e9f24e361c2bc1272505190220bc634f90b_synthetic_ring_8q_transpiler_37,basic
prospective,0,forest_delta_regressor,d338eb773a8d9b65affd729028e23e9f24e361c2bc1272505190220bc634f90b_synthetic_ring_8q_transpiler_47,basic
prospective,0,forest_delta_regressor,d338eb773a8d9b65affd729028e23e9f24e361c2bc1272505190220bc634f90b_synthetic_grid_8q_transpiler_11,basic
prospective,0,forest_delta_regressor,d338eb773a8d9b65affd729028e23e9f24e361c2bc1272505190220bc634f90b_synthetic_grid_8q_transpiler_19,basic
prospective,0,forest_delta_regressor,d338eb773a8d9b65affd729028e23e9f24e361c2bc1272505190220bc634f90b_synthetic_grid_8q_transpiler_29,basic
prospective,0,forest_delta_regressor,d338eb773a8d9b65affd729028e23e9f24e361c2bc1272505190220bc634f90b_synthetic_grid_8q_transpiler_37,basic
prospective,0,forest_delta_regressor,d338eb773a8d9b65affd729028e23e9f24e361c2bc1272505190220bc634f90b_synthetic_grid_8q_transpiler_47,basic
prospective,0,forest_delta_regressor,d338eb773a8d9b65affd729028e23e9f24e361c2bc1272505190220bc634f90b_synthetic_heavy_hex_like_8q_transpiler_11,basic
prospective,0,forest_delta_regressor,d338eb773a8d9b65affd729028e23e9f24e361c2bc1272505190220bc634f90b_synthetic_heavy_hex_like_8q_transpiler_19,basic
prospective,0,forest_delta_regressor,d338eb773a8d9b65affd729028e23e9f24e361c2bc1272505190220bc634f90b_synthetic_heavy_hex_like_8q_transpiler_29,basic
prospective,0,forest_delta_regressor,d338eb773a8d9b65affd729028e23e9f24e361c2bc1272505190220bc634f90b_synthetic_heavy_hex_like_8q_transpiler_37,basic
prospective,0,forest_delta_regressor,d338eb773a8d9b65affd729028e23e9f24e361c2bc1272505190220bc634f90b_synthetic_heavy_hex_like_8q_transpiler_47,basic
prospective,0,forest_delta_regressor,d338eb773a8d9b65affd729028e23e9f24e361c2bc1272505190220bc634f90b_synthetic_irregular_8q_favorable_11,basic
prospective,0,forest_delta_regressor,d338eb773a8d9b65affd729028e23e9f24e361c2bc1272505190220bc634f90b_synthetic_irregular_8q_favorable_19,basic
prospective,0,forest_delta_regressor,d338eb773a8d9b65affd729028e23e9f24e361c2bc1272505190220bc634f90b_synthetic_irregular_8q_favorable_29,basic
prospective,0,forest_delta_regressor,d338eb773a8d9b65affd729028e23e9f24e361c2bc1272505190220bc634f90b_synthetic_irregular_8q_favorable_37,basic
prospective,0,forest_delta_regressor,d338eb773a8d9b65affd729028e23e9f24e361c2bc1272505190220bc634f90b_synthetic_irregular_8q_favorable_47,basic
prospective,0,forest_delta_regressor,d338eb773a8d9b65affd729028e23e9f24e361c2bc1272505190220bc634f90b_synthetic_irregular_8q_spread_11,basic
prospective,0,forest_delta_regressor,d338eb773a8d9b65affd729028e23e9f24e361c2bc1272505190220bc634f90b_synthetic_irregular_8q_spread_19,basic
prospective,0,forest_delta_regressor,d338eb773a8d9b65affd729028e23e9f24e361c2bc1272505190220bc634f90b_synthetic_irregular_8q_spread_29,basic
prospective,0,forest_delta_regressor,d338eb773a8d9b65affd729028e23e9f24e361c2bc1272505190220bc634f90b_synthetic_irregular_8q_spread_37,basic
prospective,0,forest_delta_regressor,d338eb773a8d9b65affd729028e23e9f24e361c2bc1272505190220bc634f90b_synthetic_irregular_8q_spread_47,basic
prospective,0,forest_delta_regressor,7e51cc13b595a2c405f4e95cc42eb66be8187f7e9b2846e1655f0c93c77108c8_synthetic_line_8q_favorable_11,basic
prospective,0,forest_delta_regressor,7e51cc13b595a2c405f4e95cc42eb66be8187f7e9b2846e1655f0c93c77108c8_synthetic_line_8q_favorable_19,basic
prospective,0,forest_delta_regressor,7e51cc13b595a2c405f4e95cc42eb66be8187f7e9b2846e1655f0c93c77108c8_synthetic_line_8q_favorable_29,basic
prospective,0,forest_delta_regressor,7e51cc13b595a2c405f4e95cc42eb66be8187f7e9b2846e1655f0c93c77108c8_synthetic_line_8q_favorable_37,basic
prospective,0,forest_delta_regressor,7e51cc13b595a2c405f4e95cc42eb66be8187f7e9b2846e1655f0c93c77108c8_synthetic_line_8q_favorable_47,basic
prospective,0,forest_delta_regressor,7e51cc13b595a2c405f4e95cc42eb66be8187f7e9b2846e1655f0c93c77108c8_synthetic_line_8q_spread_11,basic
prospective,0,forest_delta_regressor,7e51cc13b595a2c405f4e95cc42eb66be8187f7e9b2846e1655f0c93c77108c8_synthetic_line_8q_spread_19,basic
prospective,0,forest_delta_regressor,7e51cc13b595a2c405f4e95cc42eb66be8187f7e9b2846e1655f0c93c77108c8_synthetic_line_8q_spread_29,basic
prospective,0,forest_delta_regressor,7e51cc13b595a2c405f4e95cc42eb66be8187f7e9b2846e1655f0c93c77108c8_synthetic_line_8q_spread_37,basic
prospective,0,forest_delta_regressor,7e51cc13b595a2c405f4e95cc42eb66be8187f7e9b2846e1655f0c93c77108c8_synthetic_line_8q_spread_47,basic
prospective,0,forest_delta_regressor,7e51cc13b595a2c405f4e95cc42eb66be8187f7e9b2846e1655f0c93c77108c8_synthetic_ring_8q_transpiler_11,basic
prospective,0,forest_delta_regressor,7e51cc13b595a2c405f4e95cc42eb66be8187f7e9b2846e1655f0c93c77108c8_synthetic_ring_8q_transpiler_19,basic
prospective,0,forest_delta_regressor,7e51cc13b595a2c405f4e95cc42eb66be8187f7e9b2846e1655f0c93c77108c8_synthetic_ring_8q_transpiler_29,basic
prospective,0,forest_delta_regressor,7e51cc13b595a2c405f4e95cc42eb66be8187f7e9b2846e1655f0c93c77108c8_synthetic_ring_8q_transpiler_37,basic
prospective,0,forest_delta_regressor,7e51cc13b595a2c405f4e95cc42eb66be8187f7e9b2846e1655f0c93c77108c8_synthetic_ring_8q_transpiler_47,basic
prospective,0,forest_delta_regressor,7e51cc13b595a2c405f4e95cc42eb66be8187f7e9b2846e1655f0c93c77108c8_synthetic_grid_8q_transpiler_11,basic
prospective,0,forest_delta_regressor,7e51cc13b595a2c405f4e95cc42eb66be8187f7e9b2846e1655f0c93c77108c8_synthetic_grid_8q_transpiler_19,basic
prospective,0,forest_delta_regressor,7e51cc13b595a2c405f4e95cc42eb66be8187f7e9b2846e1655f0c93c77108c8_synthetic_grid_8q_transpiler_29,basic
prospective,0,forest_delta_regressor,7e51cc13b595a2c405f4e95cc42eb66be8187f7e9b2846e1655f0c93c77108c8_synthetic_grid_8q_transpiler_37,basic
prospective,0,forest_delta_regressor,7e51cc13b595a2c405f4e95cc42eb66be8187f7e9b2846e1655f0c93c77108c8_synthetic_grid_8q_transpiler_47,basic
prospective,0,forest_delta_regressor,7e51cc13b595a2c405f4e95cc42eb66be8187f7e9b2846e1655f0c93c77108c8_synthetic_heavy_hex_like_8q_transpiler_11,basic
prospective,0,forest_delta_regressor,7e51cc13b595a2c405f4e95cc42eb66be8187f7e9b2846e1655f0c93c77108c8_synthetic_heavy_hex_like_8q_transpiler_19,basic
prospective,0,forest_delta_regressor,7e51cc13b595a2c405f4e95cc42eb66be8187f7e9b2846e1655f0c93c77108c8_synthetic_heavy_hex_like_8q_transpiler_29,basic
prospective,0,forest_delta_regressor,7e51cc13b595a2c405f4e95cc42eb66be8187f7e9b2846e1655f0c93c77108c8_synthetic_heavy_hex_like_8q_transpiler_37,basic
prospective,0,forest_delta_regressor,7e51cc13b595a2c405f4e95cc42eb66be8187f7e9b2846e1655f0c93c77108c8_synthetic_heavy_hex_like_8q_transpiler_47,basic
prospective,0,forest_delta_regressor,7e51cc13b595a2c405f4e95cc42eb66be8187f7e9b2846e1655f0c93c77108c8_synthetic_irregular_8q_favorable_11,basic
prospective,0,forest_delta_regressor,7e51cc13b595a2c405f4e95cc42eb66be8187f7e9b2846e1655f0c93c77108c8_synthetic_irregular_8q_favorable_19,basic
prospective,0,forest_delta_regressor,7e51cc13b595a2c405f4e95cc42eb66be8187f7e9b2846e1655f0c93c77108c8_synthetic_irregular_8q_favorable_29,basic
prospective,0,forest_delta_regressor,7e51cc13b595a2c405f4e95cc42eb66be8187f7e9b2846e1655f0c93c77108c8_synthetic_irregular_8q_favorable_37,basic
prospective,0,forest_delta_regressor,7e51cc13b595a2c405f4e95cc42eb66be8187f7e9b2846e1655f0c93c77108c8_synthetic_irregular_8q_favorable_47,basic
prospective,0,forest_delta_regressor,7e51cc13b595a2c405f4e95cc42eb66be8187f7e9b2846e1655f0c93c77108c8_synthetic_irregular_8q_spread_11,basic
prospective,0,forest_delta_regressor,7e51cc13b595a2c405f4e95cc42eb66be8187f7e9b2846e1655f0c93c77108c8_synthetic_irregular_8q_spread_19,basic
prospective,0,forest_delta_regressor,7e51cc13b595a2c405f4e95cc42eb66be8187f7e9b2846e1655f0c93c77108c8_synthetic_irregular_8q_spread_29,basic
prospective,0,forest_delta_regressor,7e51cc13b595a2c405f4e95cc42eb66be8187f7e9b2846e1655f0c93c77108c8_synthetic_irregular_8q_spread_37,basic
prospective,0,forest_delta_regressor,7e51cc13b595a2c405f4e95cc42eb66be8187f7e9b2846e1655f0c93c77108c8_synthetic_irregular_8q_spread_47,basic
structural_family,0,always_basic,dabd84c4a3325ef21b50a394178e913fd5ef5dba3253c4dc929ef5785b340571_synthetic_line_6q_favorable_11,basic
structural_family,0,always_basic,dabd84c4a3325ef21b50a394178e913fd5ef5dba3253c4dc929ef5785b340571_synthetic_line_6q_favorable_19,basic
structural_family,0,always_basic,dabd84c4a3325ef21b50a394178e913fd5ef5dba3253c4dc929ef5785b340571_synthetic_line_6q_favorable_29,basic
structural_family,0,always_basic,dabd84c4a3325ef21b50a394178e913fd5ef5dba3253c4dc929ef5785b340571_synthetic_line_6q_favorable_37,basic
structural_family,0,always_basic,dabd84c4a3325ef21b50a394178e913fd5ef5dba3253c4dc929ef5785b340571_synthetic_line_6q_favorable_47,basic
structural_family,0,always_basic,dabd84c4a3325ef21b50a394178e913fd5ef5dba3253c4dc929ef5785b340571_synthetic_line_6q_spread_11,basic
structural_family,0,always_basic,dabd84c4a3325ef21b50a394178e913fd5ef5dba3253c4dc929ef5785b340571_synthetic_line_6q_spread_19,basic
structural_family,0,always_basic,dabd84c4a3325ef21b50a394178e913fd5ef5dba3253c4dc929ef5785b340571_synthetic_line_6q_spread_29,basic
structural_family,0,always_basic,dabd84c4a3325ef21b50a394178e913fd5ef5dba3253c4dc929ef5785b340571_synthetic_line_6q_spread_37,basic
structural_family,0,always_basic,dabd84c4a3325ef21b50a394178e913fd5ef5dba3253c4dc929ef5785b340571_synthetic_line_6q_spread_47,basic
structural_family,0,always_basic,dabd84c4a3325ef21b50a394178e913fd5ef5dba3253c4dc929ef5785b340571_synthetic_ring_6q_transpiler_11,basic
structural_family,0,always_basic,dabd84c4a3325ef21b50a394178e913fd5ef5dba3253c4dc929ef5785b340571_synthetic_ring_6q_transpiler_19,basic
structural_family,0,always_basic,dabd84c4a3325ef21b50a394178e913fd5ef5dba3253c4dc929ef5785b340571_synthetic_ring_6q_transpiler_29,basic
structural_family,0,always_basic,dabd84c4a3325ef21b50a394178e913fd5ef5dba3253c4dc929ef5785b340571_synthetic_ring_6q_transpiler_37,basic
structural_family,0,always_basic,dabd84c4a3325ef21b50a394178e913fd5ef5dba3253c4dc929ef5785b340571_synthetic_ring_6q_transpiler_47,basic
structural_family,0,always_basic,dabd84c4a3325ef21b50a394178e913fd5ef5dba3253c4dc929ef5785b340571_synthetic_grid_6q_transpiler_11,basic
structural_family,0,always_basic,dabd84c4a3325ef21b50a394178e913fd5ef5dba3253c4dc929ef5785b340571_synthetic_grid_6q_transpiler_19,basic
structural_family,0,always_basic,dabd84c4a3325ef21b50a394178e913fd5ef5dba3253c4dc929ef5785b340571_synthetic_grid_6q_transpiler_29,basic
structural_family,0,always_basic,dabd84c4a3325ef21b50a394178e913fd5ef5dba3253c4dc929ef5785b340571_synthetic_grid_6q_transpiler_37,basic
structural_family,0,always_basic,dabd84c4a3325ef21b50a394178e913fd5ef5dba3253c4dc929ef5785b340571_synthetic_grid_6q_transpiler_47,basic
structural_family,0,always_basic,dabd84c4a3325ef21b50a394178e913fd5ef5dba3253c4dc929ef5785b340571_synthetic_heavy_hex_like_7q_transpiler_11,basic
structural_family,0,always_basic,dabd84c4a3325ef21b50a394178e913fd5ef5dba3253c4dc929ef5785b340571_synthetic_heavy_hex_like_7q_transpiler_19,basic
structural_family,0,always_basic,dabd84c4a3325ef21b50a394178e913fd5ef5dba3253c4dc929ef5785b340571_synthetic_heavy_hex_like_7q_transpiler_29,basic
structural_family,0,always_basic,dabd84c4a3325ef21b50a394178e913fd5ef5dba3253c4dc929ef5785b340571_synthetic_heavy_hex_like_7q_transpiler_37,basic
structural_family,0,always_basic,dabd84c4a3325ef21b50a394178e913fd5ef5dba3253c4dc929ef5785b340571_synthetic_heavy_hex_like_7q_transpiler_47,basic
structural_family,0,always_basic,dabd84c4a3325ef21b50a394178e913fd5ef5dba3253c4dc929ef5785b340571_synthetic_irregular_7q_favorable_11,basic
structural_family,0,always_basic,dabd84c4a3325ef21b50a394178e913fd5ef5dba3253c4dc929ef5785b340571_synthetic_irregular_7q_favorable_19,basic
structural_family,0,always_basic,dabd84c4a3325ef21b50a394178e913fd5ef5dba3253c4dc929ef5785b340571_synthetic_irregular_7q_favorable_29,basic
structural_family,0,always_basic,dabd84c4a3325ef21b50a394178e913fd5ef5dba3253c4dc929ef5785b340571_synthetic_irregular_7q_favorable_37,basic
structural_family,0,always_basic,dabd84c4a3325ef21b50a394178e913fd5ef5dba3253c4dc929ef5785b340571_synthetic_irregular_7q_favorable_47,basic
structural_family,0,always_basic,dabd84c4a3325ef21b50a394178e913fd5ef5dba3253c4dc929ef5785b340571_synthetic_irregular_7q_spread_11,basic
structural_family,0,always_basic,dabd84c4a3325ef21b50a394178e913fd5ef5dba3253c4dc929ef5785b340571_synthetic_irregular_7q_spread_19,basic
structural_family,0,always_basic,dabd84c4a3325ef21b50a394178e913fd5ef5dba3253c4dc929ef5785b340571_synthetic_irregular_7q_spread_29,basic
structural_family,0,always_basic,dabd84c4a3325ef21b50a394178e913fd5ef5dba3253c4dc929ef5785b340571_synthetic_irregular_7q_spread_37,basic
structural_family,0,always_basic,dabd84c4a3325ef21b50a394178e913fd5ef5dba3253c4dc929ef5785b340571_synthetic_irregular_7q_spread_47,basic
structural_family,0,always_teleport,dabd84c4a3325ef21b50a394178e913fd5ef5dba3253c4dc929ef5785b340571_synthetic_line_6q_favorable_11,teleport
structural_family,0,always_teleport,dabd84c4a3325ef21b50a394178e913fd5ef5dba3253c4dc929ef5785b340571_synthetic_line_6q_favorable_19,teleport
structural_family,0,always_teleport,dabd84c4a3325ef21b50a394178e913fd5ef5dba3253c4dc929ef5785b340571_synthetic_line_6q_favorable_29,teleport
structural_family,0,always_teleport,dabd84c4a3325ef21b50a394178e913fd5ef5dba3253c4dc929ef5785b340571_synthetic_line_6q_favorable_37,teleport
structural_family,0,always_teleport,dabd84c4a3325ef21b50a394178e913fd5ef5dba3253c4dc929ef5785b340571_synthetic_line_6q_favorable_47,teleport
structural_family,0,always_teleport,dabd84c4a3325ef21b50a394178e913fd5ef5dba3253c4dc929ef5785b340571_synthetic_line_6q_spread_11,teleport
structural_family,0,always_teleport,dabd84c4a3325ef21b50a394178e913fd5ef5dba3253c4dc929ef5785b340571_synthetic_line_6q_spread_19,teleport
structural_family,0,always_teleport,dabd84c4a3325ef21b50a394178e913fd5ef5dba3253c4dc929ef5785b340571_synthetic_line_6q_spread_29,teleport
structural_family,0,always_teleport,dabd84c4a3325ef21b50a394178e913fd5ef5dba3253c4dc929ef5785b340571_synthetic_line_6q_spread_37,teleport
structural_family,0,always_teleport,dabd84c4a3325ef21b50a394178e913fd5ef5dba3253c4dc929ef5785b340571_synthetic_line_6q_spread_47,teleport
structural_family,0,always_teleport,dabd84c4a3325ef21b50a394178e913fd5ef5dba3253c4dc929ef5785b340571_synthetic_ring_6q_transpiler_11,teleport
structural_family,0,always_teleport,dabd84c4a3325ef21b50a394178e913fd5ef5dba3253c4dc929ef5785b340571_synthetic_ring_6q_transpiler_19,teleport
structural_family,0,always_teleport,dabd84c4a3325ef21b50a394178e913fd5ef5dba3253c4dc929ef5785b340571_synthetic_ring_6q_transpiler_29,teleport
structural_family,0,always_teleport,dabd84c4a3325ef21b50a394178e913fd5ef5dba3253c4dc929ef5785b340571_synthetic_ring_6q_transpiler_37,teleport
structural_family,0,always_teleport,dabd84c4a3325ef21b50a394178e913fd5ef5dba3253c4dc929ef5785b340571_synthetic_ring_6q_transpiler_47,teleport
structural_family,0,always_teleport,dabd84c4a3325ef21b50a394178e913fd5ef5dba3253c4dc929ef5785b340571_synthetic_grid_6q_transpiler_11,teleport
structural_family,0,always_teleport,dabd84c4a3325ef21b50a394178e913fd5ef5dba3253c4dc929ef5785b340571_synthetic_grid_6q_transpiler_19,teleport
structural_family,0,always_teleport,dabd84c4a3325ef21b50a394178e913fd5ef5dba3253c4dc929ef5785b340571_synthetic_grid_6q_transpiler_29,teleport
structural_family,0,always_teleport,dabd84c4a3325ef21b50a394178e913fd5ef5dba3253c4dc929ef5785b340571_synthetic_grid_6q_transpiler_37,teleport
structural_family,0,always_teleport,dabd84c4a3325ef21b50a394178e913fd5ef5dba3253c4dc929ef5785b340571_synthetic_grid_6q_transpiler_47,teleport
structural_family,0,always_teleport,dabd84c4a3325ef21b50a394178e913fd5ef5dba3253c4dc929ef5785b340571_synthetic_heavy_hex_like_7q_transpiler_11,teleport
structural_family,0,always_teleport,dabd84c4a3325ef21b50a394178e913fd5ef5dba3253c4dc929ef5785b340571_synthetic_heavy_hex_like_7q_transpiler_19,teleport
structural_family,0,always_teleport,dabd84c4a3325ef21b50a394178e913fd5ef5dba3253c4dc929ef5785b340571_synthetic_heavy_hex_like_7q_transpiler_29,teleport
structural_family,0,always_teleport,dabd84c4a3325ef21b50a394178e913fd5ef5dba3253c4dc929ef5785b340571_synthetic_heavy_hex_like_7q_transpiler_37,teleport
structural_family,0,always_teleport,dabd84c4a3325ef21b50a394178e913fd5ef5dba3253c4dc929ef5785b340571_synthetic_heavy_hex_like_7q_transpiler_47,teleport
structural_family,0,always_teleport,dabd84c4a3325ef21b50a394178e913fd5ef5dba3253c4dc929ef5785b340571_synthetic_irregular_7q_favorable_11,teleport
structural_family,0,always_teleport,dabd84c4a3325ef21b50a394178e913fd5ef5dba3253c4dc929ef5785b340571_synthetic_irregular_7q_favorable_19,teleport
structural_family,0,always_teleport,dabd84c4a3325ef21b50a394178e913fd5ef5dba3253c4dc929ef5785b340571_synthetic_irregular_7q_favorable_29,teleport
structural_family,0,always_teleport,dabd84c4a3325ef21b50a394178e913fd5ef5dba3253c4dc929ef5785b340571_synthetic_irregular_7q_favorable_37,teleport
structural_family,0,always_teleport,dabd84c4a3325ef21b50a394178e913fd5ef5dba3253c4dc929ef5785b340571_synthetic_irregular_7q_favorable_47,teleport
structural_family,0,always_teleport,dabd84c4a3325ef21b50a394178e913fd5ef5dba3253c4dc929ef5785b340571_synthetic_irregular_7q_spread_11,teleport
structural_family,0,always_teleport,dabd84c4a3325ef21b50a394178e913fd5ef5dba3253c4dc929ef5785b340571_synthetic_irregular_7q_spread_19,teleport
structural_family,0,always_teleport,dabd84c4a3325ef21b50a394178e913fd5ef5dba3253c4dc929ef5785b340571_synthetic_irregular_7q_spread_29,teleport
structural_family,0,always_teleport,dabd84c4a3325ef21b50a394178e913fd5ef5dba3253c4dc929ef5785b340571_synthetic_irregular_7q_spread_37,teleport
structural_family,0,always_teleport,dabd84c4a3325ef21b50a394178e913fd5ef5dba3253c4dc929ef5785b340571_synthetic_irregular_7q_spread_47,teleport
structural_family,0,majority,dabd84c4a3325ef21b50a394178e913fd5ef5dba3253c4dc929ef5785b340571_synthetic_line_6q_favorable_11,teleport
structural_family,0,majority,dabd84c4a3325ef21b50a394178e913fd5ef5dba3253c4dc929ef5785b340571_synthetic_line_6q_favorable_19,teleport
structural_family,0,majority,dabd84c4a3325ef21b50a394178e913fd5ef5dba3253c4dc929ef5785b340571_synthetic_line_6q_favorable_29,teleport
structural_family,0,majority,dabd84c4a3325ef21b50a394178e913fd5ef5dba3253c4dc929ef5785b340571_synthetic_line_6q_favorable_37,teleport
structural_family,0,majority,dabd84c4a3325ef21b50a394178e913fd5ef5dba3253c4dc929ef5785b340571_synthetic_line_6q_favorable_47,teleport
structural_family,0,majority,dabd84c4a3325ef21b50a394178e913fd5ef5dba3253c4dc929ef5785b340571_synthetic_line_6q_spread_11,teleport
structural_family,0,majority,dabd84c4a3325ef21b50a394178e913fd5ef5dba3253c4dc929ef5785b340571_synthetic_line_6q_spread_19,teleport
structural_family,0,majority,dabd84c4a3325ef21b50a394178e913fd5ef5dba3253c4dc929ef5785b340571_synthetic_line_6q_spread_29,teleport
structural_family,0,majority,dabd84c4a3325ef21b50a394178e913fd5ef5dba3253c4dc929ef5785b340571_synthetic_line_6q_spread_37,teleport
structural_family,0,majority,dabd84c4a3325ef21b50a394178e913fd5ef5dba3253c4dc929ef5785b340571_synthetic_line_6q_spread_47,teleport
structural_family,0,majority,dabd84c4a3325ef21b50a394178e913fd5ef5dba3253c4dc929ef5785b340571_synthetic_ring_6q_transpiler_11,teleport
structural_family,0,majority,dabd84c4a3325ef21b50a394178e913fd5ef5dba3253c4dc929ef5785b340571_synthetic_ring_6q_transpiler_19,teleport
structural_family,0,majority,dabd84c4a3325ef21b50a394178e913fd5ef5dba3253c4dc929ef5785b340571_synthetic_ring_6q_transpiler_29,teleport
structural_family,0,majority,dabd84c4a3325ef21b50a394178e913fd5ef5dba3253c4dc929ef5785b340571_synthetic_ring_6q_transpiler_37,teleport
structural_family,0,majority,dabd84c4a3325ef21b50a394178e913fd5ef5dba3253c4dc929ef5785b340571_synthetic_ring_6q_transpiler_47,teleport
structural_family,0,majority,dabd84c4a3325ef21b50a394178e913fd5ef5dba3253c4dc929ef5785b340571_synthetic_grid_6q_transpiler_11,teleport
structural_family,0,majority,dabd84c4a3325ef21b50a394178e913fd5ef5dba3253c4dc929ef5785b340571_synthetic_grid_6q_transpiler_19,teleport
structural_family,0,majority,dabd84c4a3325ef21b50a394178e913fd5ef5dba3253c4dc929ef5785b340571_synthetic_grid_6q_transpiler_29,teleport
structural_family,0,majority,dabd84c4a3325ef21b50a394178e913fd5ef5dba3253c4dc929ef5785b340571_synthetic_grid_6q_transpiler_37,teleport
structural_family,0,majority,dabd84c4a3325ef21b50a394178e913fd5ef5dba3253c4dc929ef5785b340571_synthetic_grid_6q_transpiler_47,teleport
structural_family,0,majority,dabd84c4a3325ef21b50a394178e913fd5ef5dba3253c4dc929ef5785b340571_synthetic_heavy_hex_like_7q_transpiler_11,teleport
structural_family,0,majority,dabd84c4a3325ef21b50a394178e913fd5ef5dba3253c4dc929ef5785b340571_synthetic_heavy_hex_like_7q_transpiler_19,teleport
structural_family,0,majority,dabd84c4a3325ef21b50a394178e913fd5ef5dba3253c4dc929ef5785b340571_synthetic_heavy_hex_like_7q_transpiler_29,teleport
structural_family,0,majority,dabd84c4a3325ef21b50a394178e913fd5ef5dba3253c4dc929ef5785b340571_synthetic_heavy_hex_like_7q_transpiler_37,teleport
structural_family,0,majority,dabd84c4a3325ef21b50a394178e913fd5ef5dba3253c4dc929ef5785b340571_synthetic_heavy_hex_like_7q_transpiler_47,teleport
structural_family,0,majority,dabd84c4a3325ef21b50a394178e913fd5ef5dba3253c4dc929ef5785b340571_synthetic_irregular_7q_favorable_11,teleport
structural_family,0,majority,dabd84c4a3325ef21b50a394178e913fd5ef5dba3253c4dc929ef5785b340571_synthetic_irregular_7q_favorable_19,teleport
structural_family,0,majority,dabd84c4a3325ef21b50a394178e913fd5ef5dba3253c4dc929ef5785b340571_synthetic_irregular_7q_favorable_29,teleport
structural_family,0,majority,dabd84c4a3325ef21b50a394178e913fd5ef5dba3253c4dc929ef5785b340571_synthetic_irregular_7q_favorable_37,teleport
structural_family,0,majority,dabd84c4a3325ef21b50a394178e913fd5ef5dba3253c4dc929ef5785b340571_synthetic_irregular_7q_favorable_47,teleport
structural_family,0,majority,dabd84c4a3325ef21b50a394178e913fd5ef5dba3253c4dc929ef5785b340571_synthetic_irregular_7q_spread_11,teleport
structural_family,0,majority,dabd84c4a3325ef21b50a394178e913fd5ef5dba3253c4dc929ef5785b340571_synthetic_irregular_7q_spread_19,teleport
structural_family,0,majority,dabd84c4a3325ef21b50a394178e913fd5ef5dba3253c4dc929ef5785b340571_synthetic_irregular_7q_spread_29,teleport
structural_family,0,majority,dabd84c4a3325ef21b50a394178e913fd5ef5dba3253c4dc929ef5785b340571_synthetic_irregular_7q_spread_37,teleport
structural_family,0,majority,dabd84c4a3325ef21b50a394178e913fd5ef5dba3253c4dc929ef5785b340571_synthetic_irregular_7q_spread_47,teleport
structural_family,0,frozen_rule,dabd84c4a3325ef21b50a394178e913fd5ef5dba3253c4dc929ef5785b340571_synthetic_line_6q_favorable_11,basic
structural_family,0,frozen_rule,dabd84c4a3325ef21b50a394178e913fd5ef5dba3253c4dc929ef5785b340571_synthetic_line_6q_favorable_19,basic
structural_family,0,frozen_rule,dabd84c4a3325ef21b50a394178e913fd5ef5dba3253c4dc929ef5785b340571_synthetic_line_6q_favorable_29,basic
structural_family,0,frozen_rule,dabd84c4a3325ef21b50a394178e913fd5ef5dba3253c4dc929ef5785b340571_synthetic_line_6q_favorable_37,basic
structural_family,0,frozen_rule,dabd84c4a3325ef21b50a394178e913fd5ef5dba3253c4dc929ef5785b340571_synthetic_line_6q_favorable_47,basic
structural_family,0,frozen_rule,dabd84c4a3325ef21b50a394178e913fd5ef5dba3253c4dc929ef5785b340571_synthetic_line_6q_spread_11,basic
structural_family,0,frozen_rule,dabd84c4a3325ef21b50a394178e913fd5ef5dba3253c4dc929ef5785b340571_synthetic_line_6q_spread_19,basic
structural_family,0,frozen_rule,dabd84c4a3325ef21b50a394178e913fd5ef5dba3253c4dc929ef5785b340571_synthetic_line_6q_spread_29,basic
structural_family,0,frozen_rule,dabd84c4a3325ef21b50a394178e913fd5ef5dba3253c4dc929ef5785b340571_synthetic_line_6q_spread_37,basic
structural_family,0,frozen_rule,dabd84c4a3325ef21b50a394178e913fd5ef5dba3253c4dc929ef5785b340571_synthetic_line_6q_spread_47,basic
structural_family,0,frozen_rule,dabd84c4a3325ef21b50a394178e913fd5ef5dba3253c4dc929ef5785b340571_synthetic_ring_6q_transpiler_11,basic
structural_family,0,frozen_rule,dabd84c4a3325ef21b50a394178e913fd5ef5dba3253c4dc929ef5785b340571_synthetic_ring_6q_transpiler_19,basic
structural_family,0,frozen_rule,dabd84c4a3325ef21b50a394178e913fd5ef5dba3253c4dc929ef5785b340571_synthetic_ring_6q_transpiler_29,basic
structural_family,0,frozen_rule,dabd84c4a3325ef21b50a394178e913fd5ef5dba3253c4dc929ef5785b340571_synthetic_ring_6q_transpiler_37,basic
structural_family,0,frozen_rule,dabd84c4a3325ef21b50a394178e913fd5ef5dba3253c4dc929ef5785b340571_synthetic_ring_6q_transpiler_47,basic
structural_family,0,frozen_rule,dabd84c4a3325ef21b50a394178e913fd5ef5dba3253c4dc929ef5785b340571_synthetic_grid_6q_transpiler_11,basic
structural_family,0,frozen_rule,dabd84c4a3325ef21b50a394178e913fd5ef5dba3253c4dc929ef5785b340571_synthetic_grid_6q_transpiler_19,basic
structural_family,0,frozen_rule,dabd84c4a3325ef21b50a394178e913fd5ef5dba3253c4dc929ef5785b340571_synthetic_grid_6q_transpiler_29,basic
structural_family,0,frozen_rule,dabd84c4a3325ef21b50a394178e913fd5ef5dba3253c4dc929ef5785b340571_synthetic_grid_6q_transpiler_37,basic
structural_family,0,frozen_rule,dabd84c4a3325ef21b50a394178e913fd5ef5dba3253c4dc929ef5785b340571_synthetic_grid_6q_transpiler_47,basic
structural_family,0,frozen_rule,dabd84c4a3325ef21b50a394178e913fd5ef5dba3253c4dc929ef5785b340571_synthetic_heavy_hex_like_7q_transpiler_11,basic
structural_family,0,frozen_rule,dabd84c4a3325ef21b50a394178e913fd5ef5dba3253c4dc929ef5785b340571_synthetic_heavy_hex_like_7q_transpiler_19,basic
structural_family,0,frozen_rule,dabd84c4a3325ef21b50a394178e913fd5ef5dba3253c4dc929ef5785b340571_synthetic_heavy_hex_like_7q_transpiler_29,basic
structural_family,0,frozen_rule,dabd84c4a3325ef21b50a394178e913fd5ef5dba3253c4dc929ef5785b340571_synthetic_heavy_hex_like_7q_transpiler_37,basic
structural_family,0,frozen_rule,dabd84c4a3325ef21b50a394178e913fd5ef5dba3253c4dc929ef5785b340571_synthetic_heavy_hex_like_7q_transpiler_47,basic
structural_family,0,frozen_rule,dabd84c4a3325ef21b50a394178e913fd5ef5dba3253c4dc929ef5785b340571_synthetic_irregular_7q_favorable_11,basic
structural_family,0,frozen_rule,dabd84c4a3325ef21b50a394178e913fd5ef5dba3253c4dc929ef5785b340571_synthetic_irregular_7q_favorable_19,basic
structural_family,0,frozen_rule,dabd84c4a3325ef21b50a394178e913fd5ef5dba3253c4dc929ef5785b340571_synthetic_irregular_7q_favorable_29,basic
structural_family,0,frozen_rule,dabd84c4a3325ef21b50a394178e913fd5ef5dba3253c4dc929ef5785b340571_synthetic_irregular_7q_favorable_37,basic
structural_family,0,frozen_rule,dabd84c4a3325ef21b50a394178e913fd5ef5dba3253c4dc929ef5785b340571_synthetic_irregular_7q_favorable_47,basic
structural_family,0,frozen_rule,dabd84c4a3325ef21b50a394178e913fd5ef5dba3253c4dc929ef5785b340571_synthetic_irregular_7q_spread_11,basic
structural_family,0,frozen_rule,dabd84c4a3325ef21b50a394178e913fd5ef5dba3253c4dc929ef5785b340571_synthetic_irregular_7q_spread_19,basic
structural_family,0,frozen_rule,dabd84c4a3325ef21b50a394178e913fd5ef5dba3253c4dc929ef5785b340571_synthetic_irregular_7q_spread_29,basic
structural_family,0,frozen_rule,dabd84c4a3325ef21b50a394178e913fd5ef5dba3253c4dc929ef5785b340571_synthetic_irregular_7q_spread_37,basic
structural_family,0,frozen_rule,dabd84c4a3325ef21b50a394178e913fd5ef5dba3253c4dc929ef5785b340571_synthetic_irregular_7q_spread_47,basic
structural_family,0,oracle,dabd84c4a3325ef21b50a394178e913fd5ef5dba3253c4dc929ef5785b340571_synthetic_line_6q_favorable_11,teleport
structural_family,0,oracle,dabd84c4a3325ef21b50a394178e913fd5ef5dba3253c4dc929ef5785b340571_synthetic_line_6q_favorable_19,teleport
structural_family,0,oracle,dabd84c4a3325ef21b50a394178e913fd5ef5dba3253c4dc929ef5785b340571_synthetic_line_6q_favorable_29,teleport
structural_family,0,oracle,dabd84c4a3325ef21b50a394178e913fd5ef5dba3253c4dc929ef5785b340571_synthetic_line_6q_favorable_37,teleport
structural_family,0,oracle,dabd84c4a3325ef21b50a394178e913fd5ef5dba3253c4dc929ef5785b340571_synthetic_line_6q_favorable_47,teleport
structural_family,0,oracle,dabd84c4a3325ef21b50a394178e913fd5ef5dba3253c4dc929ef5785b340571_synthetic_line_6q_spread_11,teleport
structural_family,0,oracle,dabd84c4a3325ef21b50a394178e913fd5ef5dba3253c4dc929ef5785b340571_synthetic_line_6q_spread_19,teleport
structural_family,0,oracle,dabd84c4a3325ef21b50a394178e913fd5ef5dba3253c4dc929ef5785b340571_synthetic_line_6q_spread_29,teleport
structural_family,0,oracle,dabd84c4a3325ef21b50a394178e913fd5ef5dba3253c4dc929ef5785b340571_synthetic_line_6q_spread_37,teleport
structural_family,0,oracle,dabd84c4a3325ef21b50a394178e913fd5ef5dba3253c4dc929ef5785b340571_synthetic_line_6q_spread_47,teleport
structural_family,0,oracle,dabd84c4a3325ef21b50a394178e913fd5ef5dba3253c4dc929ef5785b340571_synthetic_ring_6q_transpiler_11,teleport
structural_family,0,oracle,dabd84c4a3325ef21b50a394178e913fd5ef5dba3253c4dc929ef5785b340571_synthetic_ring_6q_transpiler_19,teleport
structural_family,0,oracle,dabd84c4a3325ef21b50a394178e913fd5ef5dba3253c4dc929ef5785b340571_synthetic_ring_6q_transpiler_29,teleport
structural_family,0,oracle,dabd84c4a3325ef21b50a394178e913fd5ef5dba3253c4dc929ef5785b340571_synthetic_ring_6q_transpiler_37,teleport
structural_family,0,oracle,dabd84c4a3325ef21b50a394178e913fd5ef5dba3253c4dc929ef5785b340571_synthetic_ring_6q_transpiler_47,teleport
structural_family,0,oracle,dabd84c4a3325ef21b50a394178e913fd5ef5dba3253c4dc929ef5785b340571_synthetic_grid_6q_transpiler_11,teleport
structural_family,0,oracle,dabd84c4a3325ef21b50a394178e913fd5ef5dba3253c4dc929ef5785b340571_synthetic_grid_6q_transpiler_19,teleport
structural_family,0,oracle,dabd84c4a3325ef21b50a394178e913fd5ef5dba3253c4dc929ef5785b340571_synthetic_grid_6q_transpiler_29,teleport
structural_family,0,oracle,dabd84c4a3325ef21b50a394178e913fd5ef5dba3253c4dc929ef5785b340571_synthetic_grid_6q_transpiler_37,teleport
structural_family,0,oracle,dabd84c4a3325ef21b50a394178e913fd5ef5dba3253c4dc929ef5785b340571_synthetic_grid_6q_transpiler_47,teleport
structural_family,0,oracle,dabd84c4a3325ef21b50a394178e913fd5ef5dba3253c4dc929ef5785b340571_synthetic_heavy_hex_like_7q_transpiler_11,teleport
structural_family,0,oracle,dabd84c4a3325ef21b50a394178e913fd5ef5dba3253c4dc929ef5785b340571_synthetic_heavy_hex_like_7q_transpiler_19,teleport
structural_family,0,oracle,dabd84c4a3325ef21b50a394178e913fd5ef5dba3253c4dc929ef5785b340571_synthetic_heavy_hex_like_7q_transpiler_29,teleport
structural_family,0,oracle,dabd84c4a3325ef21b50a394178e913fd5ef5dba3253c4dc929ef5785b340571_synthetic_heavy_hex_like_7q_transpiler_37,teleport
structural_family,0,oracle,dabd84c4a3325ef21b50a394178e913fd5ef5dba3253c4dc929ef5785b340571_synthetic_heavy_hex_like_7q_transpiler_47,teleport
structural_family,0,oracle,dabd84c4a3325ef21b50a394178e913fd5ef5dba3253c4dc929ef5785b340571_synthetic_irregular_7q_favorable_11,teleport
structural_family,0,oracle,dabd84c4a3325ef21b50a394178e913fd5ef5dba3253c4dc929ef5785b340571_synthetic_irregular_7q_favorable_19,teleport
structural_family,0,oracle,dabd84c4a3325ef21b50a394178e913fd5ef5dba3253c4dc929ef5785b340571_synthetic_irregular_7q_favorable_29,teleport
structural_family,0,oracle,dabd84c4a3325ef21b50a394178e913fd5ef5dba3253c4dc929ef5785b340571_synthetic_irregular_7q_favorable_37,teleport
structural_family,0,oracle,dabd84c4a3325ef21b50a394178e913fd5ef5dba3253c4dc929ef5785b340571_synthetic_irregular_7q_favorable_47,teleport
structural_family,0,oracle,dabd84c4a3325ef21b50a394178e913fd5ef5dba3253c4dc929ef5785b340571_synthetic_irregular_7q_spread_11,teleport
structural_family,0,oracle,dabd84c4a3325ef21b50a394178e913fd5ef5dba3253c4dc929ef5785b340571_synthetic_irregular_7q_spread_19,teleport
structural_family,0,oracle,dabd84c4a3325ef21b50a394178e913fd5ef5dba3253c4dc929ef5785b340571_synthetic_irregular_7q_spread_29,teleport
structural_family,0,oracle,dabd84c4a3325ef21b50a394178e913fd5ef5dba3253c4dc929ef5785b340571_synthetic_irregular_7q_spread_37,teleport
structural_family,0,oracle,dabd84c4a3325ef21b50a394178e913fd5ef5dba3253c4dc929ef5785b340571_synthetic_irregular_7q_spread_47,teleport
structural_family,0,logistic,dabd84c4a3325ef21b50a394178e913fd5ef5dba3253c4dc929ef5785b340571_synthetic_line_6q_favorable_11,teleport
structural_family,0,logistic,dabd84c4a3325ef21b50a394178e913fd5ef5dba3253c4dc929ef5785b340571_synthetic_line_6q_favorable_19,teleport
structural_family,0,logistic,dabd84c4a3325ef21b50a394178e913fd5ef5dba3253c4dc929ef5785b340571_synthetic_line_6q_favorable_29,teleport
structural_family,0,logistic,dabd84c4a3325ef21b50a394178e913fd5ef5dba3253c4dc929ef5785b340571_synthetic_line_6q_favorable_37,teleport
structural_family,0,logistic,dabd84c4a3325ef21b50a394178e913fd5ef5dba3253c4dc929ef5785b340571_synthetic_line_6q_favorable_47,teleport
structural_family,0,logistic,dabd84c4a3325ef21b50a394178e913fd5ef5dba3253c4dc929ef5785b340571_synthetic_line_6q_spread_11,teleport
structural_family,0,logistic,dabd84c4a3325ef21b50a394178e913fd5ef5dba3253c4dc929ef5785b340571_synthetic_line_6q_spread_19,teleport
structural_family,0,logistic,dabd84c4a3325ef21b50a394178e913fd5ef5dba3253c4dc929ef5785b340571_synthetic_line_6q_spread_29,teleport
structural_family,0,logistic,dabd84c4a3325ef21b50a394178e913fd5ef5dba3253c4dc929ef5785b340571_synthetic_line_6q_spread_37,teleport
structural_family,0,logistic,dabd84c4a3325ef21b50a394178e913fd5ef5dba3253c4dc929ef5785b340571_synthetic_line_6q_spread_47,teleport
structural_family,0,logistic,dabd84c4a3325ef21b50a394178e913fd5ef5dba3253c4dc929ef5785b340571_synthetic_ring_6q_transpiler_11,teleport
structural_family,0,logistic,dabd84c4a3325ef21b50a394178e913fd5ef5dba3253c4dc929ef5785b340571_synthetic_ring_6q_transpiler_19,teleport
structural_family,0,logistic,dabd84c4a3325ef21b50a394178e913fd5ef5dba3253c4dc929ef5785b340571_synthetic_ring_6q_transpiler_29,teleport
structural_family,0,logistic,dabd84c4a3325ef21b50a394178e913fd5ef5dba3253c4dc929ef5785b340571_synthetic_ring_6q_transpiler_37,teleport
structural_family,0,logistic,dabd84c4a3325ef21b50a394178e913fd5ef5dba3253c4dc929ef5785b340571_synthetic_ring_6q_transpiler_47,teleport
structural_family,0,logistic,dabd84c4a3325ef21b50a394178e913fd5ef5dba3253c4dc929ef5785b340571_synthetic_grid_6q_transpiler_11,teleport
structural_family,0,logistic,dabd84c4a3325ef21b50a394178e913fd5ef5dba3253c4dc929ef5785b340571_synthetic_grid_6q_transpiler_19,teleport
structural_family,0,logistic,dabd84c4a3325ef21b50a394178e913fd5ef5dba3253c4dc929ef5785b340571_synthetic_grid_6q_transpiler_29,teleport
structural_family,0,logistic,dabd84c4a3325ef21b50a394178e913fd5ef5dba3253c4dc929ef5785b340571_synthetic_grid_6q_transpiler_37,teleport
structural_family,0,logistic,dabd84c4a3325ef21b50a394178e913fd5ef5dba3253c4dc929ef5785b340571_synthetic_grid_6q_transpiler_47,teleport
structural_family,0,logistic,dabd84c4a3325ef21b50a394178e913fd5ef5dba3253c4dc929ef5785b340571_synthetic_heavy_hex_like_7q_transpiler_11,teleport
structural_family,0,logistic,dabd84c4a3325ef21b50a394178e913fd5ef5dba3253c4dc929ef5785b340571_synthetic_heavy_hex_like_7q_transpiler_19,teleport
structural_family,0,logistic,dabd84c4a3325ef21b50a394178e913fd5ef5dba3253c4dc929ef5785b340571_synthetic_heavy_hex_like_7q_transpiler_29,teleport
structural_family,0,logistic,dabd84c4a3325ef21b50a394178e913fd5ef5dba3253c4dc929ef5785b340571_synthetic_heavy_hex_like_7q_transpiler_37,teleport
structural_family,0,logistic,dabd84c4a3325ef21b50a394178e913fd5ef5dba3253c4dc929ef5785b340571_synthetic_heavy_hex_like_7q_transpiler_47,teleport
structural_family,0,logistic,dabd84c4a3325ef21b50a394178e913fd5ef5dba3253c4dc929ef5785b340571_synthetic_irregular_7q_favorable_11,teleport
structural_family,0,logistic,dabd84c4a3325ef21b50a394178e913fd5ef5dba3253c4dc929ef5785b340571_synthetic_irregular_7q_favorable_19,teleport
structural_family,0,logistic,dabd84c4a3325ef21b50a394178e913fd5ef5dba3253c4dc929ef5785b340571_synthetic_irregular_7q_favorable_29,teleport
structural_family,0,logistic,dabd84c4a3325ef21b50a394178e913fd5ef5dba3253c4dc929ef5785b340571_synthetic_irregular_7q_favorable_37,teleport
structural_family,0,logistic,dabd84c4a3325ef21b50a394178e913fd5ef5dba3253c4dc929ef5785b340571_synthetic_irregular_7q_favorable_47,teleport
structural_family,0,logistic,dabd84c4a3325ef21b50a394178e913fd5ef5dba3253c4dc929ef5785b340571_synthetic_irregular_7q_spread_11,teleport
structural_family,0,logistic,dabd84c4a3325ef21b50a394178e913fd5ef5dba3253c4dc929ef5785b340571_synthetic_irregular_7q_spread_19,teleport
structural_family,0,logistic,dabd84c4a3325ef21b50a394178e913fd5ef5dba3253c4dc929ef5785b340571_synthetic_irregular_7q_spread_29,teleport
structural_family,0,logistic,dabd84c4a3325ef21b50a394178e913fd5ef5dba3253c4dc929ef5785b340571_synthetic_irregular_7q_spread_37,teleport
structural_family,0,logistic,dabd84c4a3325ef21b50a394178e913fd5ef5dba3253c4dc929ef5785b340571_synthetic_irregular_7q_spread_47,teleport
structural_family,0,tree,dabd84c4a3325ef21b50a394178e913fd5ef5dba3253c4dc929ef5785b340571_synthetic_line_6q_favorable_11,teleport
structural_family,0,tree,dabd84c4a3325ef21b50a394178e913fd5ef5dba3253c4dc929ef5785b340571_synthetic_line_6q_favorable_19,teleport
structural_family,0,tree,dabd84c4a3325ef21b50a394178e913fd5ef5dba3253c4dc929ef5785b340571_synthetic_line_6q_favorable_29,teleport
structural_family,0,tree,dabd84c4a3325ef21b50a394178e913fd5ef5dba3253c4dc929ef5785b340571_synthetic_line_6q_favorable_37,teleport
structural_family,0,tree,dabd84c4a3325ef21b50a394178e913fd5ef5dba3253c4dc929ef5785b340571_synthetic_line_6q_favorable_47,teleport
structural_family,0,tree,dabd84c4a3325ef21b50a394178e913fd5ef5dba3253c4dc929ef5785b340571_synthetic_line_6q_spread_11,teleport
structural_family,0,tree,dabd84c4a3325ef21b50a394178e913fd5ef5dba3253c4dc929ef5785b340571_synthetic_line_6q_spread_19,teleport
structural_family,0,tree,dabd84c4a3325ef21b50a394178e913fd5ef5dba3253c4dc929ef5785b340571_synthetic_line_6q_spread_29,teleport
structural_family,0,tree,dabd84c4a3325ef21b50a394178e913fd5ef5dba3253c4dc929ef5785b340571_synthetic_line_6q_spread_37,teleport
structural_family,0,tree,dabd84c4a3325ef21b50a394178e913fd5ef5dba3253c4dc929ef5785b340571_synthetic_line_6q_spread_47,teleport
structural_family,0,tree,dabd84c4a3325ef21b50a394178e913fd5ef5dba3253c4dc929ef5785b340571_synthetic_ring_6q_transpiler_11,teleport
structural_family,0,tree,dabd84c4a3325ef21b50a394178e913fd5ef5dba3253c4dc929ef5785b340571_synthetic_ring_6q_transpiler_19,teleport
structural_family,0,tree,dabd84c4a3325ef21b50a394178e913fd5ef5dba3253c4dc929ef5785b340571_synthetic_ring_6q_transpiler_29,teleport
structural_family,0,tree,dabd84c4a3325ef21b50a394178e913fd5ef5dba3253c4dc929ef5785b340571_synthetic_ring_6q_transpiler_37,teleport
structural_family,0,tree,dabd84c4a3325ef21b50a394178e913fd5ef5dba3253c4dc929ef5785b340571_synthetic_ring_6q_transpiler_47,teleport
structural_family,0,tree,dabd84c4a3325ef21b50a394178e913fd5ef5dba3253c4dc929ef5785b340571_synthetic_grid_6q_transpiler_11,teleport
structural_family,0,tree,dabd84c4a3325ef21b50a394178e913fd5ef5dba3253c4dc929ef5785b340571_synthetic_grid_6q_transpiler_19,teleport
structural_family,0,tree,dabd84c4a3325ef21b50a394178e913fd5ef5dba3253c4dc929ef5785b340571_synthetic_grid_6q_transpiler_29,teleport
structural_family,0,tree,dabd84c4a3325ef21b50a394178e913fd5ef5dba3253c4dc929ef5785b340571_synthetic_grid_6q_transpiler_37,teleport
structural_family,0,tree,dabd84c4a3325ef21b50a394178e913fd5ef5dba3253c4dc929ef5785b340571_synthetic_grid_6q_transpiler_47,teleport
structural_family,0,tree,dabd84c4a3325ef21b50a394178e913fd5ef5dba3253c4dc929ef5785b340571_synthetic_heavy_hex_like_7q_transpiler_11,teleport
structural_family,0,tree,dabd84c4a3325ef21b50a394178e913fd5ef5dba3253c4dc929ef5785b340571_synthetic_heavy_hex_like_7q_transpiler_19,teleport
structural_family,0,tree,dabd84c4a3325ef21b50a394178e913fd5ef5dba3253c4dc929ef5785b340571_synthetic_heavy_hex_like_7q_transpiler_29,teleport
structural_family,0,tree,dabd84c4a3325ef21b50a394178e913fd5ef5dba3253c4dc929ef5785b340571_synthetic_heavy_hex_like_7q_transpiler_37,teleport
structural_family,0,tree,dabd84c4a3325ef21b50a394178e913fd5ef5dba3253c4dc929ef5785b340571_synthetic_heavy_hex_like_7q_transpiler_47,teleport
structural_family,0,tree,dabd84c4a3325ef21b50a394178e913fd5ef5dba3253c4dc929ef5785b340571_synthetic_irregular_7q_favorable_11,basic
structural_family,0,tree,dabd84c4a3325ef21b50a394178e913fd5ef5dba3253c4dc929ef5785b340571_synthetic_irregular_7q_favorable_19,basic
structural_family,0,tree,dabd84c4a3325ef21b50a394178e913fd5ef5dba3253c4dc929ef5785b340571_synthetic_irregular_7q_favorable_29,basic
structural_family,0,tree,dabd84c4a3325ef21b50a394178e913fd5ef5dba3253c4dc929ef5785b340571_synthetic_irregular_7q_favorable_37,basic
structural_family,0,tree,dabd84c4a3325ef21b50a394178e913fd5ef5dba3253c4dc929ef5785b340571_synthetic_irregular_7q_favorable_47,basic
structural_family,0,tree,dabd84c4a3325ef21b50a394178e913fd5ef5dba3253c4dc929ef5785b340571_synthetic_irregular_7q_spread_11,basic
structural_family,0,tree,dabd84c4a3325ef21b50a394178e913fd5ef5dba3253c4dc929ef5785b340571_synthetic_irregular_7q_spread_19,basic
structural_family,0,tree,dabd84c4a3325ef21b50a394178e913fd5ef5dba3253c4dc929ef5785b340571_synthetic_irregular_7q_spread_29,basic
structural_family,0,tree,dabd84c4a3325ef21b50a394178e913fd5ef5dba3253c4dc929ef5785b340571_synthetic_irregular_7q_spread_37,basic
structural_family,0,tree,dabd84c4a3325ef21b50a394178e913fd5ef5dba3253c4dc929ef5785b340571_synthetic_irregular_7q_spread_47,basic
structural_family,0,forest_classifier,dabd84c4a3325ef21b50a394178e913fd5ef5dba3253c4dc929ef5785b340571_synthetic_line_6q_favorable_11,teleport
structural_family,0,forest_classifier,dabd84c4a3325ef21b50a394178e913fd5ef5dba3253c4dc929ef5785b340571_synthetic_line_6q_favorable_19,teleport
structural_family,0,forest_classifier,dabd84c4a3325ef21b50a394178e913fd5ef5dba3253c4dc929ef5785b340571_synthetic_line_6q_favorable_29,teleport
structural_family,0,forest_classifier,dabd84c4a3325ef21b50a394178e913fd5ef5dba3253c4dc929ef5785b340571_synthetic_line_6q_favorable_37,teleport
structural_family,0,forest_classifier,dabd84c4a3325ef21b50a394178e913fd5ef5dba3253c4dc929ef5785b340571_synthetic_line_6q_favorable_47,teleport
structural_family,0,forest_classifier,dabd84c4a3325ef21b50a394178e913fd5ef5dba3253c4dc929ef5785b340571_synthetic_line_6q_spread_11,teleport
structural_family,0,forest_classifier,dabd84c4a3325ef21b50a394178e913fd5ef5dba3253c4dc929ef5785b340571_synthetic_line_6q_spread_19,teleport
structural_family,0,forest_classifier,dabd84c4a3325ef21b50a394178e913fd5ef5dba3253c4dc929ef5785b340571_synthetic_line_6q_spread_29,teleport
structural_family,0,forest_classifier,dabd84c4a3325ef21b50a394178e913fd5ef5dba3253c4dc929ef5785b340571_synthetic_line_6q_spread_37,teleport
structural_family,0,forest_classifier,dabd84c4a3325ef21b50a394178e913fd5ef5dba3253c4dc929ef5785b340571_synthetic_line_6q_spread_47,teleport
structural_family,0,forest_classifier,dabd84c4a3325ef21b50a394178e913fd5ef5dba3253c4dc929ef5785b340571_synthetic_ring_6q_transpiler_11,teleport
structural_family,0,forest_classifier,dabd84c4a3325ef21b50a394178e913fd5ef5dba3253c4dc929ef5785b340571_synthetic_ring_6q_transpiler_19,teleport
structural_family,0,forest_classifier,dabd84c4a3325ef21b50a394178e913fd5ef5dba3253c4dc929ef5785b340571_synthetic_ring_6q_transpiler_29,teleport
structural_family,0,forest_classifier,dabd84c4a3325ef21b50a394178e913fd5ef5dba3253c4dc929ef5785b340571_synthetic_ring_6q_transpiler_37,teleport
structural_family,0,forest_classifier,dabd84c4a3325ef21b50a394178e913fd5ef5dba3253c4dc929ef5785b340571_synthetic_ring_6q_transpiler_47,teleport
structural_family,0,forest_classifier,dabd84c4a3325ef21b50a394178e913fd5ef5dba3253c4dc929ef5785b340571_synthetic_grid_6q_transpiler_11,teleport
structural_family,0,forest_classifier,dabd84c4a3325ef21b50a394178e913fd5ef5dba3253c4dc929ef5785b340571_synthetic_grid_6q_transpiler_19,teleport
structural_family,0,forest_classifier,dabd84c4a3325ef21b50a394178e913fd5ef5dba3253c4dc929ef5785b340571_synthetic_grid_6q_transpiler_29,teleport
structural_family,0,forest_classifier,dabd84c4a3325ef21b50a394178e913fd5ef5dba3253c4dc929ef5785b340571_synthetic_grid_6q_transpiler_37,teleport
structural_family,0,forest_classifier,dabd84c4a3325ef21b50a394178e913fd5ef5dba3253c4dc929ef5785b340571_synthetic_grid_6q_transpiler_47,teleport
structural_family,0,forest_classifier,dabd84c4a3325ef21b50a394178e913fd5ef5dba3253c4dc929ef5785b340571_synthetic_heavy_hex_like_7q_transpiler_11,teleport
structural_family,0,forest_classifier,dabd84c4a3325ef21b50a394178e913fd5ef5dba3253c4dc929ef5785b340571_synthetic_heavy_hex_like_7q_transpiler_19,teleport
structural_family,0,forest_classifier,dabd84c4a3325ef21b50a394178e913fd5ef5dba3253c4dc929ef5785b340571_synthetic_heavy_hex_like_7q_transpiler_29,teleport
structural_family,0,forest_classifier,dabd84c4a3325ef21b50a394178e913fd5ef5dba3253c4dc929ef5785b340571_synthetic_heavy_hex_like_7q_transpiler_37,teleport
structural_family,0,forest_classifier,dabd84c4a3325ef21b50a394178e913fd5ef5dba3253c4dc929ef5785b340571_synthetic_heavy_hex_like_7q_transpiler_47,teleport
structural_family,0,forest_classifier,dabd84c4a3325ef21b50a394178e913fd5ef5dba3253c4dc929ef5785b340571_synthetic_irregular_7q_favorable_11,basic
structural_family,0,forest_classifier,dabd84c4a3325ef21b50a394178e913fd5ef5dba3253c4dc929ef5785b340571_synthetic_irregular_7q_favorable_19,basic
structural_family,0,forest_classifier,dabd84c4a3325ef21b50a394178e913fd5ef5dba3253c4dc929ef5785b340571_synthetic_irregular_7q_favorable_29,basic
structural_family,0,forest_classifier,dabd84c4a3325ef21b50a394178e913fd5ef5dba3253c4dc929ef5785b340571_synthetic_irregular_7q_favorable_37,basic
structural_family,0,forest_classifier,dabd84c4a3325ef21b50a394178e913fd5ef5dba3253c4dc929ef5785b340571_synthetic_irregular_7q_favorable_47,basic
structural_family,0,forest_classifier,dabd84c4a3325ef21b50a394178e913fd5ef5dba3253c4dc929ef5785b340571_synthetic_irregular_7q_spread_11,teleport
structural_family,0,forest_classifier,dabd84c4a3325ef21b50a394178e913fd5ef5dba3253c4dc929ef5785b340571_synthetic_irregular_7q_spread_19,teleport
structural_family,0,forest_classifier,dabd84c4a3325ef21b50a394178e913fd5ef5dba3253c4dc929ef5785b340571_synthetic_irregular_7q_spread_29,teleport
structural_family,0,forest_classifier,dabd84c4a3325ef21b50a394178e913fd5ef5dba3253c4dc929ef5785b340571_synthetic_irregular_7q_spread_37,teleport
structural_family,0,forest_classifier,dabd84c4a3325ef21b50a394178e913fd5ef5dba3253c4dc929ef5785b340571_synthetic_irregular_7q_spread_47,teleport
structural_family,0,forest_delta_regressor,dabd84c4a3325ef21b50a394178e913fd5ef5dba3253c4dc929ef5785b340571_synthetic_line_6q_favorable_11,basic
structural_family,0,forest_delta_regressor,dabd84c4a3325ef21b50a394178e913fd5ef5dba3253c4dc929ef5785b340571_synthetic_line_6q_favorable_19,basic
structural_family,0,forest_delta_regressor,dabd84c4a3325ef21b50a394178e913fd5ef5dba3253c4dc929ef5785b340571_synthetic_line_6q_favorable_29,basic
structural_family,0,forest_delta_regressor,dabd84c4a3325ef21b50a394178e913fd5ef5dba3253c4dc929ef5785b340571_synthetic_line_6q_favorable_37,basic
structural_family,0,forest_delta_regressor,dabd84c4a3325ef21b50a394178e913fd5ef5dba3253c4dc929ef5785b340571_synthetic_line_6q_favorable_47,basic
structural_family,0,forest_delta_regressor,dabd84c4a3325ef21b50a394178e913fd5ef5dba3253c4dc929ef5785b340571_synthetic_line_6q_spread_11,teleport
structural_family,0,forest_delta_regressor,dabd84c4a3325ef21b50a394178e913fd5ef5dba3253c4dc929ef5785b340571_synthetic_line_6q_spread_19,teleport
structural_family,0,forest_delta_regressor,dabd84c4a3325ef21b50a394178e913fd5ef5dba3253c4dc929ef5785b340571_synthetic_line_6q_spread_29,teleport
structural_family,0,forest_delta_regressor,dabd84c4a3325ef21b50a394178e913fd5ef5dba3253c4dc929ef5785b340571_synthetic_line_6q_spread_37,teleport
structural_family,0,forest_delta_regressor,dabd84c4a3325ef21b50a394178e913fd5ef5dba3253c4dc929ef5785b340571_synthetic_line_6q_spread_47,teleport
structural_family,0,forest_delta_regressor,dabd84c4a3325ef21b50a394178e913fd5ef5dba3253c4dc929ef5785b340571_synthetic_ring_6q_transpiler_11,teleport
structural_family,0,forest_delta_regressor,dabd84c4a3325ef21b50a394178e913fd5ef5dba3253c4dc929ef5785b340571_synthetic_ring_6q_transpiler_19,teleport
structural_family,0,forest_delta_regressor,dabd84c4a3325ef21b50a394178e913fd5ef5dba3253c4dc929ef5785b340571_synthetic_ring_6q_transpiler_29,teleport
structural_family,0,forest_delta_regressor,dabd84c4a3325ef21b50a394178e913fd5ef5dba3253c4dc929ef5785b340571_synthetic_ring_6q_transpiler_37,teleport
structural_family,0,forest_delta_regressor,dabd84c4a3325ef21b50a394178e913fd5ef5dba3253c4dc929ef5785b340571_synthetic_ring_6q_transpiler_47,teleport
structural_family,0,forest_delta_regressor,dabd84c4a3325ef21b50a394178e913fd5ef5dba3253c4dc929ef5785b340571_synthetic_grid_6q_transpiler_11,teleport
structural_family,0,forest_delta_regressor,dabd84c4a3325ef21b50a394178e913fd5ef5dba3253c4dc929ef5785b340571_synthetic_grid_6q_transpiler_19,teleport
structural_family,0,forest_delta_regressor,dabd84c4a3325ef21b50a394178e913fd5ef5dba3253c4dc929ef5785b340571_synthetic_grid_6q_transpiler_29,teleport
structural_family,0,forest_delta_regressor,dabd84c4a3325ef21b50a394178e913fd5ef5dba3253c4dc929ef5785b340571_synthetic_grid_6q_transpiler_37,teleport
structural_family,0,forest_delta_regressor,dabd84c4a3325ef21b50a394178e913fd5ef5dba3253c4dc929ef5785b340571_synthetic_grid_6q_transpiler_47,teleport
structural_family,0,forest_delta_regressor,dabd84c4a3325ef21b50a394178e913fd5ef5dba3253c4dc929ef5785b340571_synthetic_heavy_hex_like_7q_transpiler_11,teleport
structural_family,0,forest_delta_regressor,dabd84c4a3325ef21b50a394178e913fd5ef5dba3253c4dc929ef5785b340571_synthetic_heavy_hex_like_7q_transpiler_19,teleport
structural_family,0,forest_delta_regressor,dabd84c4a3325ef21b50a394178e913fd5ef5dba3253c4dc929ef5785b340571_synthetic_heavy_hex_like_7q_transpiler_29,teleport
structural_family,0,forest_delta_regressor,dabd84c4a3325ef21b50a394178e913fd5ef5dba3253c4dc929ef5785b340571_synthetic_heavy_hex_like_7q_transpiler_37,teleport
structural_family,0,forest_delta_regressor,dabd84c4a3325ef21b50a394178e913fd5ef5dba3253c4dc929ef5785b340571_synthetic_heavy_hex_like_7q_transpiler_47,teleport
structural_family,0,forest_delta_regressor,dabd84c4a3325ef21b50a394178e913fd5ef5dba3253c4dc929ef5785b340571_synthetic_irregular_7q_favorable_11,basic
structural_family,0,forest_delta_regressor,dabd84c4a3325ef21b50a394178e913fd5ef5dba3253c4dc929ef5785b340571_synthetic_irregular_7q_favorable_19,basic
structural_family,0,forest_delta_regressor,dabd84c4a3325ef21b50a394178e913fd5ef5dba3253c4dc929ef5785b340571_synthetic_irregular_7q_favorable_29,basic
structural_family,0,forest_delta_regressor,dabd84c4a3325ef21b50a394178e913fd5ef5dba3253c4dc929ef5785b340571_synthetic_irregular_7q_favorable_37,basic
structural_family,0,forest_delta_regressor,dabd84c4a3325ef21b50a394178e913fd5ef5dba3253c4dc929ef5785b340571_synthetic_irregular_7q_favorable_47,basic
structural_family,0,forest_delta_regressor,dabd84c4a3325ef21b50a394178e913fd5ef5dba3253c4dc929ef5785b340571_synthetic_irregular_7q_spread_11,teleport
structural_family,0,forest_delta_regressor,dabd84c4a3325ef21b50a394178e913fd5ef5dba3253c4dc929ef5785b340571_synthetic_irregular_7q_spread_19,teleport
structural_family,0,forest_delta_regressor,dabd84c4a3325ef21b50a394178e913fd5ef5dba3253c4dc929ef5785b340571_synthetic_irregular_7q_spread_29,teleport
structural_family,0,forest_delta_regressor,dabd84c4a3325ef21b50a394178e913fd5ef5dba3253c4dc929ef5785b340571_synthetic_irregular_7q_spread_37,teleport
structural_family,0,forest_delta_regressor,dabd84c4a3325ef21b50a394178e913fd5ef5dba3253c4dc929ef5785b340571_synthetic_irregular_7q_spread_47,teleport
structural_family,1,always_basic,2db9eba90ba8cd0954c12783101856a28b9a2dc7771ca234eecefcf2689ef643_synthetic_line_6q_favorable_11,basic
structural_family,1,always_basic,2db9eba90ba8cd0954c12783101856a28b9a2dc7771ca234eecefcf2689ef643_synthetic_line_6q_favorable_19,basic
structural_family,1,always_basic,2db9eba90ba8cd0954c12783101856a28b9a2dc7771ca234eecefcf2689ef643_synthetic_line_6q_favorable_29,basic
structural_family,1,always_basic,2db9eba90ba8cd0954c12783101856a28b9a2dc7771ca234eecefcf2689ef643_synthetic_line_6q_favorable_37,basic
structural_family,1,always_basic,2db9eba90ba8cd0954c12783101856a28b9a2dc7771ca234eecefcf2689ef643_synthetic_line_6q_favorable_47,basic
structural_family,1,always_basic,667e3a1f084c4e2a3fcd2b6479ca873f035a167fe6bd3dac4cd548625d204592_synthetic_line_6q_spread_11,basic
structural_family,1,always_basic,667e3a1f084c4e2a3fcd2b6479ca873f035a167fe6bd3dac4cd548625d204592_synthetic_line_6q_spread_19,basic
structural_family,1,always_basic,667e3a1f084c4e2a3fcd2b6479ca873f035a167fe6bd3dac4cd548625d204592_synthetic_line_6q_spread_29,basic
structural_family,1,always_basic,667e3a1f084c4e2a3fcd2b6479ca873f035a167fe6bd3dac4cd548625d204592_synthetic_line_6q_spread_37,basic
structural_family,1,always_basic,667e3a1f084c4e2a3fcd2b6479ca873f035a167fe6bd3dac4cd548625d204592_synthetic_line_6q_spread_47,basic
structural_family,1,always_basic,72b1038facc288285e2702246aec8cb5a5d554250f6dd4647e31f249d53e1c38_synthetic_irregular_7q_spread_11,basic
structural_family,1,always_basic,72b1038facc288285e2702246aec8cb5a5d554250f6dd4647e31f249d53e1c38_synthetic_irregular_7q_spread_19,basic
structural_family,1,always_basic,72b1038facc288285e2702246aec8cb5a5d554250f6dd4647e31f249d53e1c38_synthetic_irregular_7q_spread_29,basic
structural_family,1,always_basic,72b1038facc288285e2702246aec8cb5a5d554250f6dd4647e31f249d53e1c38_synthetic_irregular_7q_spread_37,basic
structural_family,1,always_basic,72b1038facc288285e2702246aec8cb5a5d554250f6dd4647e31f249d53e1c38_synthetic_irregular_7q_spread_47,basic
structural_family,1,always_basic,10c94ee239653a068cec24e35ee4e3d08e1b8af56ad8685361f7159dac9a2303_synthetic_irregular_8q_favorable_11,basic
structural_family,1,always_basic,10c94ee239653a068cec24e35ee4e3d08e1b8af56ad8685361f7159dac9a2303_synthetic_irregular_8q_favorable_19,basic
structural_family,1,always_basic,10c94ee239653a068cec24e35ee4e3d08e1b8af56ad8685361f7159dac9a2303_synthetic_irregular_8q_favorable_29,basic
structural_family,1,always_basic,10c94ee239653a068cec24e35ee4e3d08e1b8af56ad8685361f7159dac9a2303_synthetic_irregular_8q_favorable_37,basic
structural_family,1,always_basic,10c94ee239653a068cec24e35ee4e3d08e1b8af56ad8685361f7159dac9a2303_synthetic_irregular_8q_favorable_47,basic
structural_family,1,always_teleport,2db9eba90ba8cd0954c12783101856a28b9a2dc7771ca234eecefcf2689ef643_synthetic_line_6q_favorable_11,teleport
structural_family,1,always_teleport,2db9eba90ba8cd0954c12783101856a28b9a2dc7771ca234eecefcf2689ef643_synthetic_line_6q_favorable_19,teleport
structural_family,1,always_teleport,2db9eba90ba8cd0954c12783101856a28b9a2dc7771ca234eecefcf2689ef643_synthetic_line_6q_favorable_29,teleport
structural_family,1,always_teleport,2db9eba90ba8cd0954c12783101856a28b9a2dc7771ca234eecefcf2689ef643_synthetic_line_6q_favorable_37,teleport
structural_family,1,always_teleport,2db9eba90ba8cd0954c12783101856a28b9a2dc7771ca234eecefcf2689ef643_synthetic_line_6q_favorable_47,teleport
structural_family,1,always_teleport,667e3a1f084c4e2a3fcd2b6479ca873f035a167fe6bd3dac4cd548625d204592_synthetic_line_6q_spread_11,teleport
structural_family,1,always_teleport,667e3a1f084c4e2a3fcd2b6479ca873f035a167fe6bd3dac4cd548625d204592_synthetic_line_6q_spread_19,teleport
structural_family,1,always_teleport,667e3a1f084c4e2a3fcd2b6479ca873f035a167fe6bd3dac4cd548625d204592_synthetic_line_6q_spread_29,teleport
structural_family,1,always_teleport,667e3a1f084c4e2a3fcd2b6479ca873f035a167fe6bd3dac4cd548625d204592_synthetic_line_6q_spread_37,teleport
structural_family,1,always_teleport,667e3a1f084c4e2a3fcd2b6479ca873f035a167fe6bd3dac4cd548625d204592_synthetic_line_6q_spread_47,teleport
structural_family,1,always_teleport,72b1038facc288285e2702246aec8cb5a5d554250f6dd4647e31f249d53e1c38_synthetic_irregular_7q_spread_11,teleport
structural_family,1,always_teleport,72b1038facc288285e2702246aec8cb5a5d554250f6dd4647e31f249d53e1c38_synthetic_irregular_7q_spread_19,teleport
structural_family,1,always_teleport,72b1038facc288285e2702246aec8cb5a5d554250f6dd4647e31f249d53e1c38_synthetic_irregular_7q_spread_29,teleport
structural_family,1,always_teleport,72b1038facc288285e2702246aec8cb5a5d554250f6dd4647e31f249d53e1c38_synthetic_irregular_7q_spread_37,teleport
structural_family,1,always_teleport,72b1038facc288285e2702246aec8cb5a5d554250f6dd4647e31f249d53e1c38_synthetic_irregular_7q_spread_47,teleport
structural_family,1,always_teleport,10c94ee239653a068cec24e35ee4e3d08e1b8af56ad8685361f7159dac9a2303_synthetic_irregular_8q_favorable_11,teleport
structural_family,1,always_teleport,10c94ee239653a068cec24e35ee4e3d08e1b8af56ad8685361f7159dac9a2303_synthetic_irregular_8q_favorable_19,teleport
structural_family,1,always_teleport,10c94ee239653a068cec24e35ee4e3d08e1b8af56ad8685361f7159dac9a2303_synthetic_irregular_8q_favorable_29,teleport
structural_family,1,always_teleport,10c94ee239653a068cec24e35ee4e3d08e1b8af56ad8685361f7159dac9a2303_synthetic_irregular_8q_favorable_37,teleport
structural_family,1,always_teleport,10c94ee239653a068cec24e35ee4e3d08e1b8af56ad8685361f7159dac9a2303_synthetic_irregular_8q_favorable_47,teleport
structural_family,1,majority,2db9eba90ba8cd0954c12783101856a28b9a2dc7771ca234eecefcf2689ef643_synthetic_line_6q_favorable_11,teleport
structural_family,1,majority,2db9eba90ba8cd0954c12783101856a28b9a2dc7771ca234eecefcf2689ef643_synthetic_line_6q_favorable_19,teleport
structural_family,1,majority,2db9eba90ba8cd0954c12783101856a28b9a2dc7771ca234eecefcf2689ef643_synthetic_line_6q_favorable_29,teleport
structural_family,1,majority,2db9eba90ba8cd0954c12783101856a28b9a2dc7771ca234eecefcf2689ef643_synthetic_line_6q_favorable_37,teleport
structural_family,1,majority,2db9eba90ba8cd0954c12783101856a28b9a2dc7771ca234eecefcf2689ef643_synthetic_line_6q_favorable_47,teleport
structural_family,1,majority,667e3a1f084c4e2a3fcd2b6479ca873f035a167fe6bd3dac4cd548625d204592_synthetic_line_6q_spread_11,teleport
structural_family,1,majority,667e3a1f084c4e2a3fcd2b6479ca873f035a167fe6bd3dac4cd548625d204592_synthetic_line_6q_spread_19,teleport
structural_family,1,majority,667e3a1f084c4e2a3fcd2b6479ca873f035a167fe6bd3dac4cd548625d204592_synthetic_line_6q_spread_29,teleport
structural_family,1,majority,667e3a1f084c4e2a3fcd2b6479ca873f035a167fe6bd3dac4cd548625d204592_synthetic_line_6q_spread_37,teleport
structural_family,1,majority,667e3a1f084c4e2a3fcd2b6479ca873f035a167fe6bd3dac4cd548625d204592_synthetic_line_6q_spread_47,teleport
structural_family,1,majority,72b1038facc288285e2702246aec8cb5a5d554250f6dd4647e31f249d53e1c38_synthetic_irregular_7q_spread_11,teleport
structural_family,1,majority,72b1038facc288285e2702246aec8cb5a5d554250f6dd4647e31f249d53e1c38_synthetic_irregular_7q_spread_19,teleport
structural_family,1,majority,72b1038facc288285e2702246aec8cb5a5d554250f6dd4647e31f249d53e1c38_synthetic_irregular_7q_spread_29,teleport
structural_family,1,majority,72b1038facc288285e2702246aec8cb5a5d554250f6dd4647e31f249d53e1c38_synthetic_irregular_7q_spread_37,teleport
structural_family,1,majority,72b1038facc288285e2702246aec8cb5a5d554250f6dd4647e31f249d53e1c38_synthetic_irregular_7q_spread_47,teleport
structural_family,1,majority,10c94ee239653a068cec24e35ee4e3d08e1b8af56ad8685361f7159dac9a2303_synthetic_irregular_8q_favorable_11,teleport
structural_family,1,majority,10c94ee239653a068cec24e35ee4e3d08e1b8af56ad8685361f7159dac9a2303_synthetic_irregular_8q_favorable_19,teleport
structural_family,1,majority,10c94ee239653a068cec24e35ee4e3d08e1b8af56ad8685361f7159dac9a2303_synthetic_irregular_8q_favorable_29,teleport
structural_family,1,majority,10c94ee239653a068cec24e35ee4e3d08e1b8af56ad8685361f7159dac9a2303_synthetic_irregular_8q_favorable_37,teleport
structural_family,1,majority,10c94ee239653a068cec24e35ee4e3d08e1b8af56ad8685361f7159dac9a2303_synthetic_irregular_8q_favorable_47,teleport
structural_family,1,frozen_rule,2db9eba90ba8cd0954c12783101856a28b9a2dc7771ca234eecefcf2689ef643_synthetic_line_6q_favorable_11,teleport
structural_family,1,frozen_rule,2db9eba90ba8cd0954c12783101856a28b9a2dc7771ca234eecefcf2689ef643_synthetic_line_6q_favorable_19,teleport
structural_family,1,frozen_rule,2db9eba90ba8cd0954c12783101856a28b9a2dc7771ca234eecefcf2689ef643_synthetic_line_6q_favorable_29,teleport
structural_family,1,frozen_rule,2db9eba90ba8cd0954c12783101856a28b9a2dc7771ca234eecefcf2689ef643_synthetic_line_6q_favorable_37,teleport
structural_family,1,frozen_rule,2db9eba90ba8cd0954c12783101856a28b9a2dc7771ca234eecefcf2689ef643_synthetic_line_6q_favorable_47,teleport
structural_family,1,frozen_rule,667e3a1f084c4e2a3fcd2b6479ca873f035a167fe6bd3dac4cd548625d204592_synthetic_line_6q_spread_11,teleport
structural_family,1,frozen_rule,667e3a1f084c4e2a3fcd2b6479ca873f035a167fe6bd3dac4cd548625d204592_synthetic_line_6q_spread_19,teleport
structural_family,1,frozen_rule,667e3a1f084c4e2a3fcd2b6479ca873f035a167fe6bd3dac4cd548625d204592_synthetic_line_6q_spread_29,teleport
structural_family,1,frozen_rule,667e3a1f084c4e2a3fcd2b6479ca873f035a167fe6bd3dac4cd548625d204592_synthetic_line_6q_spread_37,teleport
structural_family,1,frozen_rule,667e3a1f084c4e2a3fcd2b6479ca873f035a167fe6bd3dac4cd548625d204592_synthetic_line_6q_spread_47,teleport
structural_family,1,frozen_rule,72b1038facc288285e2702246aec8cb5a5d554250f6dd4647e31f249d53e1c38_synthetic_irregular_7q_spread_11,teleport
structural_family,1,frozen_rule,72b1038facc288285e2702246aec8cb5a5d554250f6dd4647e31f249d53e1c38_synthetic_irregular_7q_spread_19,teleport
structural_family,1,frozen_rule,72b1038facc288285e2702246aec8cb5a5d554250f6dd4647e31f249d53e1c38_synthetic_irregular_7q_spread_29,teleport
structural_family,1,frozen_rule,72b1038facc288285e2702246aec8cb5a5d554250f6dd4647e31f249d53e1c38_synthetic_irregular_7q_spread_37,teleport
structural_family,1,frozen_rule,72b1038facc288285e2702246aec8cb5a5d554250f6dd4647e31f249d53e1c38_synthetic_irregular_7q_spread_47,teleport
structural_family,1,frozen_rule,10c94ee239653a068cec24e35ee4e3d08e1b8af56ad8685361f7159dac9a2303_synthetic_irregular_8q_favorable_11,basic
structural_family,1,frozen_rule,10c94ee239653a068cec24e35ee4e3d08e1b8af56ad8685361f7159dac9a2303_synthetic_irregular_8q_favorable_19,basic
structural_family,1,frozen_rule,10c94ee239653a068cec24e35ee4e3d08e1b8af56ad8685361f7159dac9a2303_synthetic_irregular_8q_favorable_29,basic
structural_family,1,frozen_rule,10c94ee239653a068cec24e35ee4e3d08e1b8af56ad8685361f7159dac9a2303_synthetic_irregular_8q_favorable_37,basic
structural_family,1,frozen_rule,10c94ee239653a068cec24e35ee4e3d08e1b8af56ad8685361f7159dac9a2303_synthetic_irregular_8q_favorable_47,basic
structural_family,1,oracle,2db9eba90ba8cd0954c12783101856a28b9a2dc7771ca234eecefcf2689ef643_synthetic_line_6q_favorable_11,teleport
structural_family,1,oracle,2db9eba90ba8cd0954c12783101856a28b9a2dc7771ca234eecefcf2689ef643_synthetic_line_6q_favorable_19,teleport
structural_family,1,oracle,2db9eba90ba8cd0954c12783101856a28b9a2dc7771ca234eecefcf2689ef643_synthetic_line_6q_favorable_29,teleport
structural_family,1,oracle,2db9eba90ba8cd0954c12783101856a28b9a2dc7771ca234eecefcf2689ef643_synthetic_line_6q_favorable_37,teleport
structural_family,1,oracle,2db9eba90ba8cd0954c12783101856a28b9a2dc7771ca234eecefcf2689ef643_synthetic_line_6q_favorable_47,teleport
structural_family,1,oracle,667e3a1f084c4e2a3fcd2b6479ca873f035a167fe6bd3dac4cd548625d204592_synthetic_line_6q_spread_11,teleport
structural_family,1,oracle,667e3a1f084c4e2a3fcd2b6479ca873f035a167fe6bd3dac4cd548625d204592_synthetic_line_6q_spread_19,teleport
structural_family,1,oracle,667e3a1f084c4e2a3fcd2b6479ca873f035a167fe6bd3dac4cd548625d204592_synthetic_line_6q_spread_29,teleport
structural_family,1,oracle,667e3a1f084c4e2a3fcd2b6479ca873f035a167fe6bd3dac4cd548625d204592_synthetic_line_6q_spread_37,teleport
structural_family,1,oracle,667e3a1f084c4e2a3fcd2b6479ca873f035a167fe6bd3dac4cd548625d204592_synthetic_line_6q_spread_47,teleport
structural_family,1,oracle,72b1038facc288285e2702246aec8cb5a5d554250f6dd4647e31f249d53e1c38_synthetic_irregular_7q_spread_11,teleport
structural_family,1,oracle,72b1038facc288285e2702246aec8cb5a5d554250f6dd4647e31f249d53e1c38_synthetic_irregular_7q_spread_19,teleport
structural_family,1,oracle,72b1038facc288285e2702246aec8cb5a5d554250f6dd4647e31f249d53e1c38_synthetic_irregular_7q_spread_29,teleport
structural_family,1,oracle,72b1038facc288285e2702246aec8cb5a5d554250f6dd4647e31f249d53e1c38_synthetic_irregular_7q_spread_37,teleport
structural_family,1,oracle,72b1038facc288285e2702246aec8cb5a5d554250f6dd4647e31f249d53e1c38_synthetic_irregular_7q_spread_47,teleport
structural_family,1,oracle,10c94ee239653a068cec24e35ee4e3d08e1b8af56ad8685361f7159dac9a2303_synthetic_irregular_8q_favorable_11,basic
structural_family,1,oracle,10c94ee239653a068cec24e35ee4e3d08e1b8af56ad8685361f7159dac9a2303_synthetic_irregular_8q_favorable_19,basic
structural_family,1,oracle,10c94ee239653a068cec24e35ee4e3d08e1b8af56ad8685361f7159dac9a2303_synthetic_irregular_8q_favorable_29,basic
structural_family,1,oracle,10c94ee239653a068cec24e35ee4e3d08e1b8af56ad8685361f7159dac9a2303_synthetic_irregular_8q_favorable_37,basic
structural_family,1,oracle,10c94ee239653a068cec24e35ee4e3d08e1b8af56ad8685361f7159dac9a2303_synthetic_irregular_8q_favorable_47,basic
structural_family,1,logistic,2db9eba90ba8cd0954c12783101856a28b9a2dc7771ca234eecefcf2689ef643_synthetic_line_6q_favorable_11,teleport
structural_family,1,logistic,2db9eba90ba8cd0954c12783101856a28b9a2dc7771ca234eecefcf2689ef643_synthetic_line_6q_favorable_19,teleport
structural_family,1,logistic,2db9eba90ba8cd0954c12783101856a28b9a2dc7771ca234eecefcf2689ef643_synthetic_line_6q_favorable_29,teleport
structural_family,1,logistic,2db9eba90ba8cd0954c12783101856a28b9a2dc7771ca234eecefcf2689ef643_synthetic_line_6q_favorable_37,teleport
structural_family,1,logistic,2db9eba90ba8cd0954c12783101856a28b9a2dc7771ca234eecefcf2689ef643_synthetic_line_6q_favorable_47,teleport
structural_family,1,logistic,667e3a1f084c4e2a3fcd2b6479ca873f035a167fe6bd3dac4cd548625d204592_synthetic_line_6q_spread_11,teleport
structural_family,1,logistic,667e3a1f084c4e2a3fcd2b6479ca873f035a167fe6bd3dac4cd548625d204592_synthetic_line_6q_spread_19,teleport
structural_family,1,logistic,667e3a1f084c4e2a3fcd2b6479ca873f035a167fe6bd3dac4cd548625d204592_synthetic_line_6q_spread_29,teleport
structural_family,1,logistic,667e3a1f084c4e2a3fcd2b6479ca873f035a167fe6bd3dac4cd548625d204592_synthetic_line_6q_spread_37,teleport
structural_family,1,logistic,667e3a1f084c4e2a3fcd2b6479ca873f035a167fe6bd3dac4cd548625d204592_synthetic_line_6q_spread_47,teleport
structural_family,1,logistic,72b1038facc288285e2702246aec8cb5a5d554250f6dd4647e31f249d53e1c38_synthetic_irregular_7q_spread_11,teleport
structural_family,1,logistic,72b1038facc288285e2702246aec8cb5a5d554250f6dd4647e31f249d53e1c38_synthetic_irregular_7q_spread_19,teleport
structural_family,1,logistic,72b1038facc288285e2702246aec8cb5a5d554250f6dd4647e31f249d53e1c38_synthetic_irregular_7q_spread_29,teleport
structural_family,1,logistic,72b1038facc288285e2702246aec8cb5a5d554250f6dd4647e31f249d53e1c38_synthetic_irregular_7q_spread_37,teleport
structural_family,1,logistic,72b1038facc288285e2702246aec8cb5a5d554250f6dd4647e31f249d53e1c38_synthetic_irregular_7q_spread_47,teleport
structural_family,1,logistic,10c94ee239653a068cec24e35ee4e3d08e1b8af56ad8685361f7159dac9a2303_synthetic_irregular_8q_favorable_11,basic
structural_family,1,logistic,10c94ee239653a068cec24e35ee4e3d08e1b8af56ad8685361f7159dac9a2303_synthetic_irregular_8q_favorable_19,basic
structural_family,1,logistic,10c94ee239653a068cec24e35ee4e3d08e1b8af56ad8685361f7159dac9a2303_synthetic_irregular_8q_favorable_29,basic
structural_family,1,logistic,10c94ee239653a068cec24e35ee4e3d08e1b8af56ad8685361f7159dac9a2303_synthetic_irregular_8q_favorable_37,basic
structural_family,1,logistic,10c94ee239653a068cec24e35ee4e3d08e1b8af56ad8685361f7159dac9a2303_synthetic_irregular_8q_favorable_47,basic
structural_family,1,tree,2db9eba90ba8cd0954c12783101856a28b9a2dc7771ca234eecefcf2689ef643_synthetic_line_6q_favorable_11,teleport
structural_family,1,tree,2db9eba90ba8cd0954c12783101856a28b9a2dc7771ca234eecefcf2689ef643_synthetic_line_6q_favorable_19,teleport
structural_family,1,tree,2db9eba90ba8cd0954c12783101856a28b9a2dc7771ca234eecefcf2689ef643_synthetic_line_6q_favorable_29,teleport
structural_family,1,tree,2db9eba90ba8cd0954c12783101856a28b9a2dc7771ca234eecefcf2689ef643_synthetic_line_6q_favorable_37,teleport
structural_family,1,tree,2db9eba90ba8cd0954c12783101856a28b9a2dc7771ca234eecefcf2689ef643_synthetic_line_6q_favorable_47,teleport
structural_family,1,tree,667e3a1f084c4e2a3fcd2b6479ca873f035a167fe6bd3dac4cd548625d204592_synthetic_line_6q_spread_11,teleport
structural_family,1,tree,667e3a1f084c4e2a3fcd2b6479ca873f035a167fe6bd3dac4cd548625d204592_synthetic_line_6q_spread_19,teleport
structural_family,1,tree,667e3a1f084c4e2a3fcd2b6479ca873f035a167fe6bd3dac4cd548625d204592_synthetic_line_6q_spread_29,teleport
structural_family,1,tree,667e3a1f084c4e2a3fcd2b6479ca873f035a167fe6bd3dac4cd548625d204592_synthetic_line_6q_spread_37,teleport
structural_family,1,tree,667e3a1f084c4e2a3fcd2b6479ca873f035a167fe6bd3dac4cd548625d204592_synthetic_line_6q_spread_47,teleport
structural_family,1,tree,72b1038facc288285e2702246aec8cb5a5d554250f6dd4647e31f249d53e1c38_synthetic_irregular_7q_spread_11,teleport
structural_family,1,tree,72b1038facc288285e2702246aec8cb5a5d554250f6dd4647e31f249d53e1c38_synthetic_irregular_7q_spread_19,teleport
structural_family,1,tree,72b1038facc288285e2702246aec8cb5a5d554250f6dd4647e31f249d53e1c38_synthetic_irregular_7q_spread_29,teleport
structural_family,1,tree,72b1038facc288285e2702246aec8cb5a5d554250f6dd4647e31f249d53e1c38_synthetic_irregular_7q_spread_37,teleport
structural_family,1,tree,72b1038facc288285e2702246aec8cb5a5d554250f6dd4647e31f249d53e1c38_synthetic_irregular_7q_spread_47,teleport
structural_family,1,tree,10c94ee239653a068cec24e35ee4e3d08e1b8af56ad8685361f7159dac9a2303_synthetic_irregular_8q_favorable_11,basic
structural_family,1,tree,10c94ee239653a068cec24e35ee4e3d08e1b8af56ad8685361f7159dac9a2303_synthetic_irregular_8q_favorable_19,basic
structural_family,1,tree,10c94ee239653a068cec24e35ee4e3d08e1b8af56ad8685361f7159dac9a2303_synthetic_irregular_8q_favorable_29,basic
structural_family,1,tree,10c94ee239653a068cec24e35ee4e3d08e1b8af56ad8685361f7159dac9a2303_synthetic_irregular_8q_favorable_37,basic
structural_family,1,tree,10c94ee239653a068cec24e35ee4e3d08e1b8af56ad8685361f7159dac9a2303_synthetic_irregular_8q_favorable_47,basic
structural_family,1,forest_classifier,2db9eba90ba8cd0954c12783101856a28b9a2dc7771ca234eecefcf2689ef643_synthetic_line_6q_favorable_11,teleport
structural_family,1,forest_classifier,2db9eba90ba8cd0954c12783101856a28b9a2dc7771ca234eecefcf2689ef643_synthetic_line_6q_favorable_19,teleport
structural_family,1,forest_classifier,2db9eba90ba8cd0954c12783101856a28b9a2dc7771ca234eecefcf2689ef643_synthetic_line_6q_favorable_29,teleport
structural_family,1,forest_classifier,2db9eba90ba8cd0954c12783101856a28b9a2dc7771ca234eecefcf2689ef643_synthetic_line_6q_favorable_37,teleport
structural_family,1,forest_classifier,2db9eba90ba8cd0954c12783101856a28b9a2dc7771ca234eecefcf2689ef643_synthetic_line_6q_favorable_47,teleport
structural_family,1,forest_classifier,667e3a1f084c4e2a3fcd2b6479ca873f035a167fe6bd3dac4cd548625d204592_synthetic_line_6q_spread_11,teleport
structural_family,1,forest_classifier,667e3a1f084c4e2a3fcd2b6479ca873f035a167fe6bd3dac4cd548625d204592_synthetic_line_6q_spread_19,teleport
structural_family,1,forest_classifier,667e3a1f084c4e2a3fcd2b6479ca873f035a167fe6bd3dac4cd548625d204592_synthetic_line_6q_spread_29,teleport
structural_family,1,forest_classifier,667e3a1f084c4e2a3fcd2b6479ca873f035a167fe6bd3dac4cd548625d204592_synthetic_line_6q_spread_37,teleport
structural_family,1,forest_classifier,667e3a1f084c4e2a3fcd2b6479ca873f035a167fe6bd3dac4cd548625d204592_synthetic_line_6q_spread_47,teleport
structural_family,1,forest_classifier,72b1038facc288285e2702246aec8cb5a5d554250f6dd4647e31f249d53e1c38_synthetic_irregular_7q_spread_11,teleport
structural_family,1,forest_classifier,72b1038facc288285e2702246aec8cb5a5d554250f6dd4647e31f249d53e1c38_synthetic_irregular_7q_spread_19,teleport
structural_family,1,forest_classifier,72b1038facc288285e2702246aec8cb5a5d554250f6dd4647e31f249d53e1c38_synthetic_irregular_7q_spread_29,teleport
structural_family,1,forest_classifier,72b1038facc288285e2702246aec8cb5a5d554250f6dd4647e31f249d53e1c38_synthetic_irregular_7q_spread_37,teleport
structural_family,1,forest_classifier,72b1038facc288285e2702246aec8cb5a5d554250f6dd4647e31f249d53e1c38_synthetic_irregular_7q_spread_47,teleport
structural_family,1,forest_classifier,10c94ee239653a068cec24e35ee4e3d08e1b8af56ad8685361f7159dac9a2303_synthetic_irregular_8q_favorable_11,basic
structural_family,1,forest_classifier,10c94ee239653a068cec24e35ee4e3d08e1b8af56ad8685361f7159dac9a2303_synthetic_irregular_8q_favorable_19,basic
structural_family,1,forest_classifier,10c94ee239653a068cec24e35ee4e3d08e1b8af56ad8685361f7159dac9a2303_synthetic_irregular_8q_favorable_29,basic
structural_family,1,forest_classifier,10c94ee239653a068cec24e35ee4e3d08e1b8af56ad8685361f7159dac9a2303_synthetic_irregular_8q_favorable_37,basic
structural_family,1,forest_classifier,10c94ee239653a068cec24e35ee4e3d08e1b8af56ad8685361f7159dac9a2303_synthetic_irregular_8q_favorable_47,basic
structural_family,1,forest_delta_regressor,2db9eba90ba8cd0954c12783101856a28b9a2dc7771ca234eecefcf2689ef643_synthetic_line_6q_favorable_11,teleport
structural_family,1,forest_delta_regressor,2db9eba90ba8cd0954c12783101856a28b9a2dc7771ca234eecefcf2689ef643_synthetic_line_6q_favorable_19,teleport
structural_family,1,forest_delta_regressor,2db9eba90ba8cd0954c12783101856a28b9a2dc7771ca234eecefcf2689ef643_synthetic_line_6q_favorable_29,teleport
structural_family,1,forest_delta_regressor,2db9eba90ba8cd0954c12783101856a28b9a2dc7771ca234eecefcf2689ef643_synthetic_line_6q_favorable_37,teleport
structural_family,1,forest_delta_regressor,2db9eba90ba8cd0954c12783101856a28b9a2dc7771ca234eecefcf2689ef643_synthetic_line_6q_favorable_47,teleport
structural_family,1,forest_delta_regressor,667e3a1f084c4e2a3fcd2b6479ca873f035a167fe6bd3dac4cd548625d204592_synthetic_line_6q_spread_11,teleport
structural_family,1,forest_delta_regressor,667e3a1f084c4e2a3fcd2b6479ca873f035a167fe6bd3dac4cd548625d204592_synthetic_line_6q_spread_19,teleport
structural_family,1,forest_delta_regressor,667e3a1f084c4e2a3fcd2b6479ca873f035a167fe6bd3dac4cd548625d204592_synthetic_line_6q_spread_29,teleport
structural_family,1,forest_delta_regressor,667e3a1f084c4e2a3fcd2b6479ca873f035a167fe6bd3dac4cd548625d204592_synthetic_line_6q_spread_37,teleport
structural_family,1,forest_delta_regressor,667e3a1f084c4e2a3fcd2b6479ca873f035a167fe6bd3dac4cd548625d204592_synthetic_line_6q_spread_47,teleport
structural_family,1,forest_delta_regressor,72b1038facc288285e2702246aec8cb5a5d554250f6dd4647e31f249d53e1c38_synthetic_irregular_7q_spread_11,teleport
structural_family,1,forest_delta_regressor,72b1038facc288285e2702246aec8cb5a5d554250f6dd4647e31f249d53e1c38_synthetic_irregular_7q_spread_19,teleport
structural_family,1,forest_delta_regressor,72b1038facc288285e2702246aec8cb5a5d554250f6dd4647e31f249d53e1c38_synthetic_irregular_7q_spread_29,teleport
structural_family,1,forest_delta_regressor,72b1038facc288285e2702246aec8cb5a5d554250f6dd4647e31f249d53e1c38_synthetic_irregular_7q_spread_37,teleport
structural_family,1,forest_delta_regressor,72b1038facc288285e2702246aec8cb5a5d554250f6dd4647e31f249d53e1c38_synthetic_irregular_7q_spread_47,teleport
structural_family,1,forest_delta_regressor,10c94ee239653a068cec24e35ee4e3d08e1b8af56ad8685361f7159dac9a2303_synthetic_irregular_8q_favorable_11,basic
structural_family,1,forest_delta_regressor,10c94ee239653a068cec24e35ee4e3d08e1b8af56ad8685361f7159dac9a2303_synthetic_irregular_8q_favorable_19,basic
structural_family,1,forest_delta_regressor,10c94ee239653a068cec24e35ee4e3d08e1b8af56ad8685361f7159dac9a2303_synthetic_irregular_8q_favorable_29,basic
structural_family,1,forest_delta_regressor,10c94ee239653a068cec24e35ee4e3d08e1b8af56ad8685361f7159dac9a2303_synthetic_irregular_8q_favorable_37,basic
structural_family,1,forest_delta_regressor,10c94ee239653a068cec24e35ee4e3d08e1b8af56ad8685361f7159dac9a2303_synthetic_irregular_8q_favorable_47,basic
structural_family,2,always_basic,bc2d5292433dbd57457d4b8e18f32adf5b65f135ba9bc3522cd34066a6aaff03_synthetic_ring_6q_transpiler_11,basic
structural_family,2,always_basic,bc2d5292433dbd57457d4b8e18f32adf5b65f135ba9bc3522cd34066a6aaff03_synthetic_ring_6q_transpiler_19,basic
structural_family,2,always_basic,bc2d5292433dbd57457d4b8e18f32adf5b65f135ba9bc3522cd34066a6aaff03_synthetic_ring_6q_transpiler_29,basic
structural_family,2,always_basic,bc2d5292433dbd57457d4b8e18f32adf5b65f135ba9bc3522cd34066a6aaff03_synthetic_ring_6q_transpiler_37,basic
structural_family,2,always_basic,bc2d5292433dbd57457d4b8e18f32adf5b65f135ba9bc3522cd34066a6aaff03_synthetic_ring_6q_transpiler_47,basic
structural_family,2,always_basic,0fc28dc35599b93623d9613d500225976d3b315fe307e512a0db8d51410569b8_synthetic_grid_6q_transpiler_11,basic
structural_family,2,always_basic,0fc28dc35599b93623d9613d500225976d3b315fe307e512a0db8d51410569b8_synthetic_grid_6q_transpiler_19,basic
structural_family,2,always_basic,0fc28dc35599b93623d9613d500225976d3b315fe307e512a0db8d51410569b8_synthetic_grid_6q_transpiler_29,basic
structural_family,2,always_basic,0fc28dc35599b93623d9613d500225976d3b315fe307e512a0db8d51410569b8_synthetic_grid_6q_transpiler_37,basic
structural_family,2,always_basic,0fc28dc35599b93623d9613d500225976d3b315fe307e512a0db8d51410569b8_synthetic_grid_6q_transpiler_47,basic
structural_family,2,always_basic,1c000dbb03545990843f258f2cd99e62a98221c482c76d7c86deb19993107e91_synthetic_grid_8q_transpiler_11,basic
structural_family,2,always_basic,1c000dbb03545990843f258f2cd99e62a98221c482c76d7c86deb19993107e91_synthetic_grid_8q_transpiler_19,basic
structural_family,2,always_basic,1c000dbb03545990843f258f2cd99e62a98221c482c76d7c86deb19993107e91_synthetic_grid_8q_transpiler_29,basic
structural_family,2,always_basic,1c000dbb03545990843f258f2cd99e62a98221c482c76d7c86deb19993107e91_synthetic_grid_8q_transpiler_37,basic
structural_family,2,always_basic,1c000dbb03545990843f258f2cd99e62a98221c482c76d7c86deb19993107e91_synthetic_grid_8q_transpiler_47,basic
structural_family,2,always_teleport,bc2d5292433dbd57457d4b8e18f32adf5b65f135ba9bc3522cd34066a6aaff03_synthetic_ring_6q_transpiler_11,teleport
structural_family,2,always_teleport,bc2d5292433dbd57457d4b8e18f32adf5b65f135ba9bc3522cd34066a6aaff03_synthetic_ring_6q_transpiler_19,teleport
structural_family,2,always_teleport,bc2d5292433dbd57457d4b8e18f32adf5b65f135ba9bc3522cd34066a6aaff03_synthetic_ring_6q_transpiler_29,teleport
structural_family,2,always_teleport,bc2d5292433dbd57457d4b8e18f32adf5b65f135ba9bc3522cd34066a6aaff03_synthetic_ring_6q_transpiler_37,teleport
structural_family,2,always_teleport,bc2d5292433dbd57457d4b8e18f32adf5b65f135ba9bc3522cd34066a6aaff03_synthetic_ring_6q_transpiler_47,teleport
structural_family,2,always_teleport,0fc28dc35599b93623d9613d500225976d3b315fe307e512a0db8d51410569b8_synthetic_grid_6q_transpiler_11,teleport
structural_family,2,always_teleport,0fc28dc35599b93623d9613d500225976d3b315fe307e512a0db8d51410569b8_synthetic_grid_6q_transpiler_19,teleport
structural_family,2,always_teleport,0fc28dc35599b93623d9613d500225976d3b315fe307e512a0db8d51410569b8_synthetic_grid_6q_transpiler_29,teleport
structural_family,2,always_teleport,0fc28dc35599b93623d9613d500225976d3b315fe307e512a0db8d51410569b8_synthetic_grid_6q_transpiler_37,teleport
structural_family,2,always_teleport,0fc28dc35599b93623d9613d500225976d3b315fe307e512a0db8d51410569b8_synthetic_grid_6q_transpiler_47,teleport
structural_family,2,always_teleport,1c000dbb03545990843f258f2cd99e62a98221c482c76d7c86deb19993107e91_synthetic_grid_8q_transpiler_11,teleport
structural_family,2,always_teleport,1c000dbb03545990843f258f2cd99e62a98221c482c76d7c86deb19993107e91_synthetic_grid_8q_transpiler_19,teleport
structural_family,2,always_teleport,1c000dbb03545990843f258f2cd99e62a98221c482c76d7c86deb19993107e91_synthetic_grid_8q_transpiler_29,teleport
structural_family,2,always_teleport,1c000dbb03545990843f258f2cd99e62a98221c482c76d7c86deb19993107e91_synthetic_grid_8q_transpiler_37,teleport
structural_family,2,always_teleport,1c000dbb03545990843f258f2cd99e62a98221c482c76d7c86deb19993107e91_synthetic_grid_8q_transpiler_47,teleport
structural_family,2,majority,bc2d5292433dbd57457d4b8e18f32adf5b65f135ba9bc3522cd34066a6aaff03_synthetic_ring_6q_transpiler_11,teleport
structural_family,2,majority,bc2d5292433dbd57457d4b8e18f32adf5b65f135ba9bc3522cd34066a6aaff03_synthetic_ring_6q_transpiler_19,teleport
structural_family,2,majority,bc2d5292433dbd57457d4b8e18f32adf5b65f135ba9bc3522cd34066a6aaff03_synthetic_ring_6q_transpiler_29,teleport
structural_family,2,majority,bc2d5292433dbd57457d4b8e18f32adf5b65f135ba9bc3522cd34066a6aaff03_synthetic_ring_6q_transpiler_37,teleport
structural_family,2,majority,bc2d5292433dbd57457d4b8e18f32adf5b65f135ba9bc3522cd34066a6aaff03_synthetic_ring_6q_transpiler_47,teleport
structural_family,2,majority,0fc28dc35599b93623d9613d500225976d3b315fe307e512a0db8d51410569b8_synthetic_grid_6q_transpiler_11,teleport
structural_family,2,majority,0fc28dc35599b93623d9613d500225976d3b315fe307e512a0db8d51410569b8_synthetic_grid_6q_transpiler_19,teleport
structural_family,2,majority,0fc28dc35599b93623d9613d500225976d3b315fe307e512a0db8d51410569b8_synthetic_grid_6q_transpiler_29,teleport
structural_family,2,majority,0fc28dc35599b93623d9613d500225976d3b315fe307e512a0db8d51410569b8_synthetic_grid_6q_transpiler_37,teleport
structural_family,2,majority,0fc28dc35599b93623d9613d500225976d3b315fe307e512a0db8d51410569b8_synthetic_grid_6q_transpiler_47,teleport
structural_family,2,majority,1c000dbb03545990843f258f2cd99e62a98221c482c76d7c86deb19993107e91_synthetic_grid_8q_transpiler_11,teleport
structural_family,2,majority,1c000dbb03545990843f258f2cd99e62a98221c482c76d7c86deb19993107e91_synthetic_grid_8q_transpiler_19,teleport
structural_family,2,majority,1c000dbb03545990843f258f2cd99e62a98221c482c76d7c86deb19993107e91_synthetic_grid_8q_transpiler_29,teleport
structural_family,2,majority,1c000dbb03545990843f258f2cd99e62a98221c482c76d7c86deb19993107e91_synthetic_grid_8q_transpiler_37,teleport
structural_family,2,majority,1c000dbb03545990843f258f2cd99e62a98221c482c76d7c86deb19993107e91_synthetic_grid_8q_transpiler_47,teleport
structural_family,2,frozen_rule,bc2d5292433dbd57457d4b8e18f32adf5b65f135ba9bc3522cd34066a6aaff03_synthetic_ring_6q_transpiler_11,teleport
structural_family,2,frozen_rule,bc2d5292433dbd57457d4b8e18f32adf5b65f135ba9bc3522cd34066a6aaff03_synthetic_ring_6q_transpiler_19,teleport
structural_family,2,frozen_rule,bc2d5292433dbd57457d4b8e18f32adf5b65f135ba9bc3522cd34066a6aaff03_synthetic_ring_6q_transpiler_29,teleport
structural_family,2,frozen_rule,bc2d5292433dbd57457d4b8e18f32adf5b65f135ba9bc3522cd34066a6aaff03_synthetic_ring_6q_transpiler_37,teleport
structural_family,2,frozen_rule,bc2d5292433dbd57457d4b8e18f32adf5b65f135ba9bc3522cd34066a6aaff03_synthetic_ring_6q_transpiler_47,teleport
structural_family,2,frozen_rule,0fc28dc35599b93623d9613d500225976d3b315fe307e512a0db8d51410569b8_synthetic_grid_6q_transpiler_11,teleport
structural_family,2,frozen_rule,0fc28dc35599b93623d9613d500225976d3b315fe307e512a0db8d51410569b8_synthetic_grid_6q_transpiler_19,teleport
structural_family,2,frozen_rule,0fc28dc35599b93623d9613d500225976d3b315fe307e512a0db8d51410569b8_synthetic_grid_6q_transpiler_29,teleport
structural_family,2,frozen_rule,0fc28dc35599b93623d9613d500225976d3b315fe307e512a0db8d51410569b8_synthetic_grid_6q_transpiler_37,teleport
structural_family,2,frozen_rule,0fc28dc35599b93623d9613d500225976d3b315fe307e512a0db8d51410569b8_synthetic_grid_6q_transpiler_47,teleport
structural_family,2,frozen_rule,1c000dbb03545990843f258f2cd99e62a98221c482c76d7c86deb19993107e91_synthetic_grid_8q_transpiler_11,basic
structural_family,2,frozen_rule,1c000dbb03545990843f258f2cd99e62a98221c482c76d7c86deb19993107e91_synthetic_grid_8q_transpiler_19,basic
structural_family,2,frozen_rule,1c000dbb03545990843f258f2cd99e62a98221c482c76d7c86deb19993107e91_synthetic_grid_8q_transpiler_29,basic
structural_family,2,frozen_rule,1c000dbb03545990843f258f2cd99e62a98221c482c76d7c86deb19993107e91_synthetic_grid_8q_transpiler_37,basic
structural_family,2,frozen_rule,1c000dbb03545990843f258f2cd99e62a98221c482c76d7c86deb19993107e91_synthetic_grid_8q_transpiler_47,basic
structural_family,2,oracle,bc2d5292433dbd57457d4b8e18f32adf5b65f135ba9bc3522cd34066a6aaff03_synthetic_ring_6q_transpiler_11,teleport
structural_family,2,oracle,bc2d5292433dbd57457d4b8e18f32adf5b65f135ba9bc3522cd34066a6aaff03_synthetic_ring_6q_transpiler_19,teleport
structural_family,2,oracle,bc2d5292433dbd57457d4b8e18f32adf5b65f135ba9bc3522cd34066a6aaff03_synthetic_ring_6q_transpiler_29,teleport
structural_family,2,oracle,bc2d5292433dbd57457d4b8e18f32adf5b65f135ba9bc3522cd34066a6aaff03_synthetic_ring_6q_transpiler_37,teleport
structural_family,2,oracle,bc2d5292433dbd57457d4b8e18f32adf5b65f135ba9bc3522cd34066a6aaff03_synthetic_ring_6q_transpiler_47,teleport
structural_family,2,oracle,0fc28dc35599b93623d9613d500225976d3b315fe307e512a0db8d51410569b8_synthetic_grid_6q_transpiler_11,teleport
structural_family,2,oracle,0fc28dc35599b93623d9613d500225976d3b315fe307e512a0db8d51410569b8_synthetic_grid_6q_transpiler_19,teleport
structural_family,2,oracle,0fc28dc35599b93623d9613d500225976d3b315fe307e512a0db8d51410569b8_synthetic_grid_6q_transpiler_29,teleport
structural_family,2,oracle,0fc28dc35599b93623d9613d500225976d3b315fe307e512a0db8d51410569b8_synthetic_grid_6q_transpiler_37,teleport
structural_family,2,oracle,0fc28dc35599b93623d9613d500225976d3b315fe307e512a0db8d51410569b8_synthetic_grid_6q_transpiler_47,teleport
structural_family,2,oracle,1c000dbb03545990843f258f2cd99e62a98221c482c76d7c86deb19993107e91_synthetic_grid_8q_transpiler_11,basic
structural_family,2,oracle,1c000dbb03545990843f258f2cd99e62a98221c482c76d7c86deb19993107e91_synthetic_grid_8q_transpiler_19,basic
structural_family,2,oracle,1c000dbb03545990843f258f2cd99e62a98221c482c76d7c86deb19993107e91_synthetic_grid_8q_transpiler_29,basic
structural_family,2,oracle,1c000dbb03545990843f258f2cd99e62a98221c482c76d7c86deb19993107e91_synthetic_grid_8q_transpiler_37,basic
structural_family,2,oracle,1c000dbb03545990843f258f2cd99e62a98221c482c76d7c86deb19993107e91_synthetic_grid_8q_transpiler_47,basic
structural_family,2,logistic,bc2d5292433dbd57457d4b8e18f32adf5b65f135ba9bc3522cd34066a6aaff03_synthetic_ring_6q_transpiler_11,teleport
structural_family,2,logistic,bc2d5292433dbd57457d4b8e18f32adf5b65f135ba9bc3522cd34066a6aaff03_synthetic_ring_6q_transpiler_19,teleport
structural_family,2,logistic,bc2d5292433dbd57457d4b8e18f32adf5b65f135ba9bc3522cd34066a6aaff03_synthetic_ring_6q_transpiler_29,teleport
structural_family,2,logistic,bc2d5292433dbd57457d4b8e18f32adf5b65f135ba9bc3522cd34066a6aaff03_synthetic_ring_6q_transpiler_37,teleport
structural_family,2,logistic,bc2d5292433dbd57457d4b8e18f32adf5b65f135ba9bc3522cd34066a6aaff03_synthetic_ring_6q_transpiler_47,teleport
structural_family,2,logistic,0fc28dc35599b93623d9613d500225976d3b315fe307e512a0db8d51410569b8_synthetic_grid_6q_transpiler_11,teleport
structural_family,2,logistic,0fc28dc35599b93623d9613d500225976d3b315fe307e512a0db8d51410569b8_synthetic_grid_6q_transpiler_19,teleport
structural_family,2,logistic,0fc28dc35599b93623d9613d500225976d3b315fe307e512a0db8d51410569b8_synthetic_grid_6q_transpiler_29,teleport
structural_family,2,logistic,0fc28dc35599b93623d9613d500225976d3b315fe307e512a0db8d51410569b8_synthetic_grid_6q_transpiler_37,teleport
structural_family,2,logistic,0fc28dc35599b93623d9613d500225976d3b315fe307e512a0db8d51410569b8_synthetic_grid_6q_transpiler_47,teleport
structural_family,2,logistic,1c000dbb03545990843f258f2cd99e62a98221c482c76d7c86deb19993107e91_synthetic_grid_8q_transpiler_11,basic
structural_family,2,logistic,1c000dbb03545990843f258f2cd99e62a98221c482c76d7c86deb19993107e91_synthetic_grid_8q_transpiler_19,basic
structural_family,2,logistic,1c000dbb03545990843f258f2cd99e62a98221c482c76d7c86deb19993107e91_synthetic_grid_8q_transpiler_29,basic
structural_family,2,logistic,1c000dbb03545990843f258f2cd99e62a98221c482c76d7c86deb19993107e91_synthetic_grid_8q_transpiler_37,basic
structural_family,2,logistic,1c000dbb03545990843f258f2cd99e62a98221c482c76d7c86deb19993107e91_synthetic_grid_8q_transpiler_47,basic
structural_family,2,tree,bc2d5292433dbd57457d4b8e18f32adf5b65f135ba9bc3522cd34066a6aaff03_synthetic_ring_6q_transpiler_11,teleport
structural_family,2,tree,bc2d5292433dbd57457d4b8e18f32adf5b65f135ba9bc3522cd34066a6aaff03_synthetic_ring_6q_transpiler_19,teleport
structural_family,2,tree,bc2d5292433dbd57457d4b8e18f32adf5b65f135ba9bc3522cd34066a6aaff03_synthetic_ring_6q_transpiler_29,teleport
structural_family,2,tree,bc2d5292433dbd57457d4b8e18f32adf5b65f135ba9bc3522cd34066a6aaff03_synthetic_ring_6q_transpiler_37,teleport
structural_family,2,tree,bc2d5292433dbd57457d4b8e18f32adf5b65f135ba9bc3522cd34066a6aaff03_synthetic_ring_6q_transpiler_47,teleport
structural_family,2,tree,0fc28dc35599b93623d9613d500225976d3b315fe307e512a0db8d51410569b8_synthetic_grid_6q_transpiler_11,teleport
structural_family,2,tree,0fc28dc35599b93623d9613d500225976d3b315fe307e512a0db8d51410569b8_synthetic_grid_6q_transpiler_19,teleport
structural_family,2,tree,0fc28dc35599b93623d9613d500225976d3b315fe307e512a0db8d51410569b8_synthetic_grid_6q_transpiler_29,teleport
structural_family,2,tree,0fc28dc35599b93623d9613d500225976d3b315fe307e512a0db8d51410569b8_synthetic_grid_6q_transpiler_37,teleport
structural_family,2,tree,0fc28dc35599b93623d9613d500225976d3b315fe307e512a0db8d51410569b8_synthetic_grid_6q_transpiler_47,teleport
structural_family,2,tree,1c000dbb03545990843f258f2cd99e62a98221c482c76d7c86deb19993107e91_synthetic_grid_8q_transpiler_11,basic
structural_family,2,tree,1c000dbb03545990843f258f2cd99e62a98221c482c76d7c86deb19993107e91_synthetic_grid_8q_transpiler_19,basic
structural_family,2,tree,1c000dbb03545990843f258f2cd99e62a98221c482c76d7c86deb19993107e91_synthetic_grid_8q_transpiler_29,basic
structural_family,2,tree,1c000dbb03545990843f258f2cd99e62a98221c482c76d7c86deb19993107e91_synthetic_grid_8q_transpiler_37,basic
structural_family,2,tree,1c000dbb03545990843f258f2cd99e62a98221c482c76d7c86deb19993107e91_synthetic_grid_8q_transpiler_47,basic
structural_family,2,forest_classifier,bc2d5292433dbd57457d4b8e18f32adf5b65f135ba9bc3522cd34066a6aaff03_synthetic_ring_6q_transpiler_11,teleport
structural_family,2,forest_classifier,bc2d5292433dbd57457d4b8e18f32adf5b65f135ba9bc3522cd34066a6aaff03_synthetic_ring_6q_transpiler_19,teleport
structural_family,2,forest_classifier,bc2d5292433dbd57457d4b8e18f32adf5b65f135ba9bc3522cd34066a6aaff03_synthetic_ring_6q_transpiler_29,teleport
structural_family,2,forest_classifier,bc2d5292433dbd57457d4b8e18f32adf5b65f135ba9bc3522cd34066a6aaff03_synthetic_ring_6q_transpiler_37,teleport
structural_family,2,forest_classifier,bc2d5292433dbd57457d4b8e18f32adf5b65f135ba9bc3522cd34066a6aaff03_synthetic_ring_6q_transpiler_47,teleport
structural_family,2,forest_classifier,0fc28dc35599b93623d9613d500225976d3b315fe307e512a0db8d51410569b8_synthetic_grid_6q_transpiler_11,teleport
structural_family,2,forest_classifier,0fc28dc35599b93623d9613d500225976d3b315fe307e512a0db8d51410569b8_synthetic_grid_6q_transpiler_19,teleport
structural_family,2,forest_classifier,0fc28dc35599b93623d9613d500225976d3b315fe307e512a0db8d51410569b8_synthetic_grid_6q_transpiler_29,teleport
structural_family,2,forest_classifier,0fc28dc35599b93623d9613d500225976d3b315fe307e512a0db8d51410569b8_synthetic_grid_6q_transpiler_37,teleport
structural_family,2,forest_classifier,0fc28dc35599b93623d9613d500225976d3b315fe307e512a0db8d51410569b8_synthetic_grid_6q_transpiler_47,teleport
structural_family,2,forest_classifier,1c000dbb03545990843f258f2cd99e62a98221c482c76d7c86deb19993107e91_synthetic_grid_8q_transpiler_11,basic
structural_family,2,forest_classifier,1c000dbb03545990843f258f2cd99e62a98221c482c76d7c86deb19993107e91_synthetic_grid_8q_transpiler_19,basic
structural_family,2,forest_classifier,1c000dbb03545990843f258f2cd99e62a98221c482c76d7c86deb19993107e91_synthetic_grid_8q_transpiler_29,basic
structural_family,2,forest_classifier,1c000dbb03545990843f258f2cd99e62a98221c482c76d7c86deb19993107e91_synthetic_grid_8q_transpiler_37,basic
structural_family,2,forest_classifier,1c000dbb03545990843f258f2cd99e62a98221c482c76d7c86deb19993107e91_synthetic_grid_8q_transpiler_47,basic
structural_family,2,forest_delta_regressor,bc2d5292433dbd57457d4b8e18f32adf5b65f135ba9bc3522cd34066a6aaff03_synthetic_ring_6q_transpiler_11,teleport
structural_family,2,forest_delta_regressor,bc2d5292433dbd57457d4b8e18f32adf5b65f135ba9bc3522cd34066a6aaff03_synthetic_ring_6q_transpiler_19,teleport
structural_family,2,forest_delta_regressor,bc2d5292433dbd57457d4b8e18f32adf5b65f135ba9bc3522cd34066a6aaff03_synthetic_ring_6q_transpiler_29,teleport
structural_family,2,forest_delta_regressor,bc2d5292433dbd57457d4b8e18f32adf5b65f135ba9bc3522cd34066a6aaff03_synthetic_ring_6q_transpiler_37,teleport
structural_family,2,forest_delta_regressor,bc2d5292433dbd57457d4b8e18f32adf5b65f135ba9bc3522cd34066a6aaff03_synthetic_ring_6q_transpiler_47,teleport
structural_family,2,forest_delta_regressor,0fc28dc35599b93623d9613d500225976d3b315fe307e512a0db8d51410569b8_synthetic_grid_6q_transpiler_11,teleport
structural_family,2,forest_delta_regressor,0fc28dc35599b93623d9613d500225976d3b315fe307e512a0db8d51410569b8_synthetic_grid_6q_transpiler_19,teleport
structural_family,2,forest_delta_regressor,0fc28dc35599b93623d9613d500225976d3b315fe307e512a0db8d51410569b8_synthetic_grid_6q_transpiler_29,teleport
structural_family,2,forest_delta_regressor,0fc28dc35599b93623d9613d500225976d3b315fe307e512a0db8d51410569b8_synthetic_grid_6q_transpiler_37,teleport
structural_family,2,forest_delta_regressor,0fc28dc35599b93623d9613d500225976d3b315fe307e512a0db8d51410569b8_synthetic_grid_6q_transpiler_47,teleport
structural_family,2,forest_delta_regressor,1c000dbb03545990843f258f2cd99e62a98221c482c76d7c86deb19993107e91_synthetic_grid_8q_transpiler_11,basic
structural_family,2,forest_delta_regressor,1c000dbb03545990843f258f2cd99e62a98221c482c76d7c86deb19993107e91_synthetic_grid_8q_transpiler_19,basic
structural_family,2,forest_delta_regressor,1c000dbb03545990843f258f2cd99e62a98221c482c76d7c86deb19993107e91_synthetic_grid_8q_transpiler_29,basic
structural_family,2,forest_delta_regressor,1c000dbb03545990843f258f2cd99e62a98221c482c76d7c86deb19993107e91_synthetic_grid_8q_transpiler_37,basic
structural_family,2,forest_delta_regressor,1c000dbb03545990843f258f2cd99e62a98221c482c76d7c86deb19993107e91_synthetic_grid_8q_transpiler_47,basic
structural_family,3,always_basic,b4d5502166457832ab5510beca11bf8da7f4721a767e3c0a5898a00a9f9831cd_synthetic_heavy_hex_like_7q_transpiler_11,basic
structural_family,3,always_basic,b4d5502166457832ab5510beca11bf8da7f4721a767e3c0a5898a00a9f9831cd_synthetic_heavy_hex_like_7q_transpiler_19,basic
structural_family,3,always_basic,b4d5502166457832ab5510beca11bf8da7f4721a767e3c0a5898a00a9f9831cd_synthetic_heavy_hex_like_7q_transpiler_29,basic
structural_family,3,always_basic,b4d5502166457832ab5510beca11bf8da7f4721a767e3c0a5898a00a9f9831cd_synthetic_heavy_hex_like_7q_transpiler_37,basic
structural_family,3,always_basic,b4d5502166457832ab5510beca11bf8da7f4721a767e3c0a5898a00a9f9831cd_synthetic_heavy_hex_like_7q_transpiler_47,basic
structural_family,3,always_basic,199175ead0c72935d7a99429464f9050e079ef6f760813698618253a465ecf60_synthetic_irregular_7q_favorable_11,basic
structural_family,3,always_basic,199175ead0c72935d7a99429464f9050e079ef6f760813698618253a465ecf60_synthetic_irregular_7q_favorable_19,basic
structural_family,3,always_basic,199175ead0c72935d7a99429464f9050e079ef6f760813698618253a465ecf60_synthetic_irregular_7q_favorable_29,basic
structural_family,3,always_basic,199175ead0c72935d7a99429464f9050e079ef6f760813698618253a465ecf60_synthetic_irregular_7q_favorable_37,basic
structural_family,3,always_basic,199175ead0c72935d7a99429464f9050e079ef6f760813698618253a465ecf60_synthetic_irregular_7q_favorable_47,basic
structural_family,3,always_basic,11917b6d9db4ec58f18384b3e34529b1823f5609fb71679e29b7f5856b29e04b_synthetic_grid_8q_transpiler_11,basic
structural_family,3,always_basic,11917b6d9db4ec58f18384b3e34529b1823f5609fb71679e29b7f5856b29e04b_synthetic_grid_8q_transpiler_19,basic
structural_family,3,always_basic,11917b6d9db4ec58f18384b3e34529b1823f5609fb71679e29b7f5856b29e04b_synthetic_grid_8q_transpiler_29,basic
structural_family,3,always_basic,11917b6d9db4ec58f18384b3e34529b1823f5609fb71679e29b7f5856b29e04b_synthetic_grid_8q_transpiler_37,basic
structural_family,3,always_basic,11917b6d9db4ec58f18384b3e34529b1823f5609fb71679e29b7f5856b29e04b_synthetic_grid_8q_transpiler_47,basic
structural_family,3,always_teleport,b4d5502166457832ab5510beca11bf8da7f4721a767e3c0a5898a00a9f9831cd_synthetic_heavy_hex_like_7q_transpiler_11,teleport
structural_family,3,always_teleport,b4d5502166457832ab5510beca11bf8da7f4721a767e3c0a5898a00a9f9831cd_synthetic_heavy_hex_like_7q_transpiler_19,teleport
structural_family,3,always_teleport,b4d5502166457832ab5510beca11bf8da7f4721a767e3c0a5898a00a9f9831cd_synthetic_heavy_hex_like_7q_transpiler_29,teleport
structural_family,3,always_teleport,b4d5502166457832ab5510beca11bf8da7f4721a767e3c0a5898a00a9f9831cd_synthetic_heavy_hex_like_7q_transpiler_37,teleport
structural_family,3,always_teleport,b4d5502166457832ab5510beca11bf8da7f4721a767e3c0a5898a00a9f9831cd_synthetic_heavy_hex_like_7q_transpiler_47,teleport
structural_family,3,always_teleport,199175ead0c72935d7a99429464f9050e079ef6f760813698618253a465ecf60_synthetic_irregular_7q_favorable_11,teleport
structural_family,3,always_teleport,199175ead0c72935d7a99429464f9050e079ef6f760813698618253a465ecf60_synthetic_irregular_7q_favorable_19,teleport
structural_family,3,always_teleport,199175ead0c72935d7a99429464f9050e079ef6f760813698618253a465ecf60_synthetic_irregular_7q_favorable_29,teleport
structural_family,3,always_teleport,199175ead0c72935d7a99429464f9050e079ef6f760813698618253a465ecf60_synthetic_irregular_7q_favorable_37,teleport
structural_family,3,always_teleport,199175ead0c72935d7a99429464f9050e079ef6f760813698618253a465ecf60_synthetic_irregular_7q_favorable_47,teleport
structural_family,3,always_teleport,11917b6d9db4ec58f18384b3e34529b1823f5609fb71679e29b7f5856b29e04b_synthetic_grid_8q_transpiler_11,teleport
structural_family,3,always_teleport,11917b6d9db4ec58f18384b3e34529b1823f5609fb71679e29b7f5856b29e04b_synthetic_grid_8q_transpiler_19,teleport
structural_family,3,always_teleport,11917b6d9db4ec58f18384b3e34529b1823f5609fb71679e29b7f5856b29e04b_synthetic_grid_8q_transpiler_29,teleport
structural_family,3,always_teleport,11917b6d9db4ec58f18384b3e34529b1823f5609fb71679e29b7f5856b29e04b_synthetic_grid_8q_transpiler_37,teleport
structural_family,3,always_teleport,11917b6d9db4ec58f18384b3e34529b1823f5609fb71679e29b7f5856b29e04b_synthetic_grid_8q_transpiler_47,teleport
structural_family,3,majority,b4d5502166457832ab5510beca11bf8da7f4721a767e3c0a5898a00a9f9831cd_synthetic_heavy_hex_like_7q_transpiler_11,teleport
structural_family,3,majority,b4d5502166457832ab5510beca11bf8da7f4721a767e3c0a5898a00a9f9831cd_synthetic_heavy_hex_like_7q_transpiler_19,teleport
structural_family,3,majority,b4d5502166457832ab5510beca11bf8da7f4721a767e3c0a5898a00a9f9831cd_synthetic_heavy_hex_like_7q_transpiler_29,teleport
structural_family,3,majority,b4d5502166457832ab5510beca11bf8da7f4721a767e3c0a5898a00a9f9831cd_synthetic_heavy_hex_like_7q_transpiler_37,teleport
structural_family,3,majority,b4d5502166457832ab5510beca11bf8da7f4721a767e3c0a5898a00a9f9831cd_synthetic_heavy_hex_like_7q_transpiler_47,teleport
structural_family,3,majority,199175ead0c72935d7a99429464f9050e079ef6f760813698618253a465ecf60_synthetic_irregular_7q_favorable_11,teleport
structural_family,3,majority,199175ead0c72935d7a99429464f9050e079ef6f760813698618253a465ecf60_synthetic_irregular_7q_favorable_19,teleport
structural_family,3,majority,199175ead0c72935d7a99429464f9050e079ef6f760813698618253a465ecf60_synthetic_irregular_7q_favorable_29,teleport
structural_family,3,majority,199175ead0c72935d7a99429464f9050e079ef6f760813698618253a465ecf60_synthetic_irregular_7q_favorable_37,teleport
structural_family,3,majority,199175ead0c72935d7a99429464f9050e079ef6f760813698618253a465ecf60_synthetic_irregular_7q_favorable_47,teleport
structural_family,3,majority,11917b6d9db4ec58f18384b3e34529b1823f5609fb71679e29b7f5856b29e04b_synthetic_grid_8q_transpiler_11,teleport
structural_family,3,majority,11917b6d9db4ec58f18384b3e34529b1823f5609fb71679e29b7f5856b29e04b_synthetic_grid_8q_transpiler_19,teleport
structural_family,3,majority,11917b6d9db4ec58f18384b3e34529b1823f5609fb71679e29b7f5856b29e04b_synthetic_grid_8q_transpiler_29,teleport
structural_family,3,majority,11917b6d9db4ec58f18384b3e34529b1823f5609fb71679e29b7f5856b29e04b_synthetic_grid_8q_transpiler_37,teleport
structural_family,3,majority,11917b6d9db4ec58f18384b3e34529b1823f5609fb71679e29b7f5856b29e04b_synthetic_grid_8q_transpiler_47,teleport
structural_family,3,frozen_rule,b4d5502166457832ab5510beca11bf8da7f4721a767e3c0a5898a00a9f9831cd_synthetic_heavy_hex_like_7q_transpiler_11,basic
structural_family,3,frozen_rule,b4d5502166457832ab5510beca11bf8da7f4721a767e3c0a5898a00a9f9831cd_synthetic_heavy_hex_like_7q_transpiler_19,basic
structural_family,3,frozen_rule,b4d5502166457832ab5510beca11bf8da7f4721a767e3c0a5898a00a9f9831cd_synthetic_heavy_hex_like_7q_transpiler_29,basic
structural_family,3,frozen_rule,b4d5502166457832ab5510beca11bf8da7f4721a767e3c0a5898a00a9f9831cd_synthetic_heavy_hex_like_7q_transpiler_37,basic
structural_family,3,frozen_rule,b4d5502166457832ab5510beca11bf8da7f4721a767e3c0a5898a00a9f9831cd_synthetic_heavy_hex_like_7q_transpiler_47,basic
structural_family,3,frozen_rule,199175ead0c72935d7a99429464f9050e079ef6f760813698618253a465ecf60_synthetic_irregular_7q_favorable_11,basic
structural_family,3,frozen_rule,199175ead0c72935d7a99429464f9050e079ef6f760813698618253a465ecf60_synthetic_irregular_7q_favorable_19,basic
structural_family,3,frozen_rule,199175ead0c72935d7a99429464f9050e079ef6f760813698618253a465ecf60_synthetic_irregular_7q_favorable_29,basic
structural_family,3,frozen_rule,199175ead0c72935d7a99429464f9050e079ef6f760813698618253a465ecf60_synthetic_irregular_7q_favorable_37,basic
structural_family,3,frozen_rule,199175ead0c72935d7a99429464f9050e079ef6f760813698618253a465ecf60_synthetic_irregular_7q_favorable_47,basic
structural_family,3,frozen_rule,11917b6d9db4ec58f18384b3e34529b1823f5609fb71679e29b7f5856b29e04b_synthetic_grid_8q_transpiler_11,basic
structural_family,3,frozen_rule,11917b6d9db4ec58f18384b3e34529b1823f5609fb71679e29b7f5856b29e04b_synthetic_grid_8q_transpiler_19,basic
structural_family,3,frozen_rule,11917b6d9db4ec58f18384b3e34529b1823f5609fb71679e29b7f5856b29e04b_synthetic_grid_8q_transpiler_29,basic
structural_family,3,frozen_rule,11917b6d9db4ec58f18384b3e34529b1823f5609fb71679e29b7f5856b29e04b_synthetic_grid_8q_transpiler_37,basic
structural_family,3,frozen_rule,11917b6d9db4ec58f18384b3e34529b1823f5609fb71679e29b7f5856b29e04b_synthetic_grid_8q_transpiler_47,basic
structural_family,3,oracle,b4d5502166457832ab5510beca11bf8da7f4721a767e3c0a5898a00a9f9831cd_synthetic_heavy_hex_like_7q_transpiler_11,teleport
structural_family,3,oracle,b4d5502166457832ab5510beca11bf8da7f4721a767e3c0a5898a00a9f9831cd_synthetic_heavy_hex_like_7q_transpiler_19,teleport
structural_family,3,oracle,b4d5502166457832ab5510beca11bf8da7f4721a767e3c0a5898a00a9f9831cd_synthetic_heavy_hex_like_7q_transpiler_29,teleport
structural_family,3,oracle,b4d5502166457832ab5510beca11bf8da7f4721a767e3c0a5898a00a9f9831cd_synthetic_heavy_hex_like_7q_transpiler_37,teleport
structural_family,3,oracle,b4d5502166457832ab5510beca11bf8da7f4721a767e3c0a5898a00a9f9831cd_synthetic_heavy_hex_like_7q_transpiler_47,teleport
structural_family,3,oracle,199175ead0c72935d7a99429464f9050e079ef6f760813698618253a465ecf60_synthetic_irregular_7q_favorable_11,basic
structural_family,3,oracle,199175ead0c72935d7a99429464f9050e079ef6f760813698618253a465ecf60_synthetic_irregular_7q_favorable_19,basic
structural_family,3,oracle,199175ead0c72935d7a99429464f9050e079ef6f760813698618253a465ecf60_synthetic_irregular_7q_favorable_29,basic
structural_family,3,oracle,199175ead0c72935d7a99429464f9050e079ef6f760813698618253a465ecf60_synthetic_irregular_7q_favorable_37,basic
structural_family,3,oracle,199175ead0c72935d7a99429464f9050e079ef6f760813698618253a465ecf60_synthetic_irregular_7q_favorable_47,basic
structural_family,3,oracle,11917b6d9db4ec58f18384b3e34529b1823f5609fb71679e29b7f5856b29e04b_synthetic_grid_8q_transpiler_11,basic
structural_family,3,oracle,11917b6d9db4ec58f18384b3e34529b1823f5609fb71679e29b7f5856b29e04b_synthetic_grid_8q_transpiler_19,basic
structural_family,3,oracle,11917b6d9db4ec58f18384b3e34529b1823f5609fb71679e29b7f5856b29e04b_synthetic_grid_8q_transpiler_29,basic
structural_family,3,oracle,11917b6d9db4ec58f18384b3e34529b1823f5609fb71679e29b7f5856b29e04b_synthetic_grid_8q_transpiler_37,basic
structural_family,3,oracle,11917b6d9db4ec58f18384b3e34529b1823f5609fb71679e29b7f5856b29e04b_synthetic_grid_8q_transpiler_47,basic
structural_family,3,logistic,b4d5502166457832ab5510beca11bf8da7f4721a767e3c0a5898a00a9f9831cd_synthetic_heavy_hex_like_7q_transpiler_11,teleport
structural_family,3,logistic,b4d5502166457832ab5510beca11bf8da7f4721a767e3c0a5898a00a9f9831cd_synthetic_heavy_hex_like_7q_transpiler_19,teleport
structural_family,3,logistic,b4d5502166457832ab5510beca11bf8da7f4721a767e3c0a5898a00a9f9831cd_synthetic_heavy_hex_like_7q_transpiler_29,teleport
structural_family,3,logistic,b4d5502166457832ab5510beca11bf8da7f4721a767e3c0a5898a00a9f9831cd_synthetic_heavy_hex_like_7q_transpiler_37,teleport
structural_family,3,logistic,b4d5502166457832ab5510beca11bf8da7f4721a767e3c0a5898a00a9f9831cd_synthetic_heavy_hex_like_7q_transpiler_47,teleport
structural_family,3,logistic,199175ead0c72935d7a99429464f9050e079ef6f760813698618253a465ecf60_synthetic_irregular_7q_favorable_11,basic
structural_family,3,logistic,199175ead0c72935d7a99429464f9050e079ef6f760813698618253a465ecf60_synthetic_irregular_7q_favorable_19,basic
structural_family,3,logistic,199175ead0c72935d7a99429464f9050e079ef6f760813698618253a465ecf60_synthetic_irregular_7q_favorable_29,basic
structural_family,3,logistic,199175ead0c72935d7a99429464f9050e079ef6f760813698618253a465ecf60_synthetic_irregular_7q_favorable_37,basic
structural_family,3,logistic,199175ead0c72935d7a99429464f9050e079ef6f760813698618253a465ecf60_synthetic_irregular_7q_favorable_47,basic
structural_family,3,logistic,11917b6d9db4ec58f18384b3e34529b1823f5609fb71679e29b7f5856b29e04b_synthetic_grid_8q_transpiler_11,basic
structural_family,3,logistic,11917b6d9db4ec58f18384b3e34529b1823f5609fb71679e29b7f5856b29e04b_synthetic_grid_8q_transpiler_19,basic
structural_family,3,logistic,11917b6d9db4ec58f18384b3e34529b1823f5609fb71679e29b7f5856b29e04b_synthetic_grid_8q_transpiler_29,basic
structural_family,3,logistic,11917b6d9db4ec58f18384b3e34529b1823f5609fb71679e29b7f5856b29e04b_synthetic_grid_8q_transpiler_37,basic
structural_family,3,logistic,11917b6d9db4ec58f18384b3e34529b1823f5609fb71679e29b7f5856b29e04b_synthetic_grid_8q_transpiler_47,basic
structural_family,3,tree,b4d5502166457832ab5510beca11bf8da7f4721a767e3c0a5898a00a9f9831cd_synthetic_heavy_hex_like_7q_transpiler_11,teleport
structural_family,3,tree,b4d5502166457832ab5510beca11bf8da7f4721a767e3c0a5898a00a9f9831cd_synthetic_heavy_hex_like_7q_transpiler_19,teleport
structural_family,3,tree,b4d5502166457832ab5510beca11bf8da7f4721a767e3c0a5898a00a9f9831cd_synthetic_heavy_hex_like_7q_transpiler_29,teleport
structural_family,3,tree,b4d5502166457832ab5510beca11bf8da7f4721a767e3c0a5898a00a9f9831cd_synthetic_heavy_hex_like_7q_transpiler_37,teleport
structural_family,3,tree,b4d5502166457832ab5510beca11bf8da7f4721a767e3c0a5898a00a9f9831cd_synthetic_heavy_hex_like_7q_transpiler_47,teleport
structural_family,3,tree,199175ead0c72935d7a99429464f9050e079ef6f760813698618253a465ecf60_synthetic_irregular_7q_favorable_11,teleport
structural_family,3,tree,199175ead0c72935d7a99429464f9050e079ef6f760813698618253a465ecf60_synthetic_irregular_7q_favorable_19,teleport
structural_family,3,tree,199175ead0c72935d7a99429464f9050e079ef6f760813698618253a465ecf60_synthetic_irregular_7q_favorable_29,teleport
structural_family,3,tree,199175ead0c72935d7a99429464f9050e079ef6f760813698618253a465ecf60_synthetic_irregular_7q_favorable_37,teleport
structural_family,3,tree,199175ead0c72935d7a99429464f9050e079ef6f760813698618253a465ecf60_synthetic_irregular_7q_favorable_47,teleport
structural_family,3,tree,11917b6d9db4ec58f18384b3e34529b1823f5609fb71679e29b7f5856b29e04b_synthetic_grid_8q_transpiler_11,basic
structural_family,3,tree,11917b6d9db4ec58f18384b3e34529b1823f5609fb71679e29b7f5856b29e04b_synthetic_grid_8q_transpiler_19,basic
structural_family,3,tree,11917b6d9db4ec58f18384b3e34529b1823f5609fb71679e29b7f5856b29e04b_synthetic_grid_8q_transpiler_29,basic
structural_family,3,tree,11917b6d9db4ec58f18384b3e34529b1823f5609fb71679e29b7f5856b29e04b_synthetic_grid_8q_transpiler_37,basic
structural_family,3,tree,11917b6d9db4ec58f18384b3e34529b1823f5609fb71679e29b7f5856b29e04b_synthetic_grid_8q_transpiler_47,basic
structural_family,3,forest_classifier,b4d5502166457832ab5510beca11bf8da7f4721a767e3c0a5898a00a9f9831cd_synthetic_heavy_hex_like_7q_transpiler_11,teleport
structural_family,3,forest_classifier,b4d5502166457832ab5510beca11bf8da7f4721a767e3c0a5898a00a9f9831cd_synthetic_heavy_hex_like_7q_transpiler_19,teleport
structural_family,3,forest_classifier,b4d5502166457832ab5510beca11bf8da7f4721a767e3c0a5898a00a9f9831cd_synthetic_heavy_hex_like_7q_transpiler_29,teleport
structural_family,3,forest_classifier,b4d5502166457832ab5510beca11bf8da7f4721a767e3c0a5898a00a9f9831cd_synthetic_heavy_hex_like_7q_transpiler_37,teleport
structural_family,3,forest_classifier,b4d5502166457832ab5510beca11bf8da7f4721a767e3c0a5898a00a9f9831cd_synthetic_heavy_hex_like_7q_transpiler_47,teleport
structural_family,3,forest_classifier,199175ead0c72935d7a99429464f9050e079ef6f760813698618253a465ecf60_synthetic_irregular_7q_favorable_11,teleport
structural_family,3,forest_classifier,199175ead0c72935d7a99429464f9050e079ef6f760813698618253a465ecf60_synthetic_irregular_7q_favorable_19,teleport
structural_family,3,forest_classifier,199175ead0c72935d7a99429464f9050e079ef6f760813698618253a465ecf60_synthetic_irregular_7q_favorable_29,teleport
structural_family,3,forest_classifier,199175ead0c72935d7a99429464f9050e079ef6f760813698618253a465ecf60_synthetic_irregular_7q_favorable_37,teleport
structural_family,3,forest_classifier,199175ead0c72935d7a99429464f9050e079ef6f760813698618253a465ecf60_synthetic_irregular_7q_favorable_47,teleport
structural_family,3,forest_classifier,11917b6d9db4ec58f18384b3e34529b1823f5609fb71679e29b7f5856b29e04b_synthetic_grid_8q_transpiler_11,basic
structural_family,3,forest_classifier,11917b6d9db4ec58f18384b3e34529b1823f5609fb71679e29b7f5856b29e04b_synthetic_grid_8q_transpiler_19,basic
structural_family,3,forest_classifier,11917b6d9db4ec58f18384b3e34529b1823f5609fb71679e29b7f5856b29e04b_synthetic_grid_8q_transpiler_29,basic
structural_family,3,forest_classifier,11917b6d9db4ec58f18384b3e34529b1823f5609fb71679e29b7f5856b29e04b_synthetic_grid_8q_transpiler_37,basic
structural_family,3,forest_classifier,11917b6d9db4ec58f18384b3e34529b1823f5609fb71679e29b7f5856b29e04b_synthetic_grid_8q_transpiler_47,basic
structural_family,3,forest_delta_regressor,b4d5502166457832ab5510beca11bf8da7f4721a767e3c0a5898a00a9f9831cd_synthetic_heavy_hex_like_7q_transpiler_11,teleport
structural_family,3,forest_delta_regressor,b4d5502166457832ab5510beca11bf8da7f4721a767e3c0a5898a00a9f9831cd_synthetic_heavy_hex_like_7q_transpiler_19,teleport
structural_family,3,forest_delta_regressor,b4d5502166457832ab5510beca11bf8da7f4721a767e3c0a5898a00a9f9831cd_synthetic_heavy_hex_like_7q_transpiler_29,teleport
structural_family,3,forest_delta_regressor,b4d5502166457832ab5510beca11bf8da7f4721a767e3c0a5898a00a9f9831cd_synthetic_heavy_hex_like_7q_transpiler_37,teleport
structural_family,3,forest_delta_regressor,b4d5502166457832ab5510beca11bf8da7f4721a767e3c0a5898a00a9f9831cd_synthetic_heavy_hex_like_7q_transpiler_47,teleport
structural_family,3,forest_delta_regressor,199175ead0c72935d7a99429464f9050e079ef6f760813698618253a465ecf60_synthetic_irregular_7q_favorable_11,teleport
structural_family,3,forest_delta_regressor,199175ead0c72935d7a99429464f9050e079ef6f760813698618253a465ecf60_synthetic_irregular_7q_favorable_19,teleport
structural_family,3,forest_delta_regressor,199175ead0c72935d7a99429464f9050e079ef6f760813698618253a465ecf60_synthetic_irregular_7q_favorable_29,teleport
structural_family,3,forest_delta_regressor,199175ead0c72935d7a99429464f9050e079ef6f760813698618253a465ecf60_synthetic_irregular_7q_favorable_37,teleport
structural_family,3,forest_delta_regressor,199175ead0c72935d7a99429464f9050e079ef6f760813698618253a465ecf60_synthetic_irregular_7q_favorable_47,teleport
structural_family,3,forest_delta_regressor,11917b6d9db4ec58f18384b3e34529b1823f5609fb71679e29b7f5856b29e04b_synthetic_grid_8q_transpiler_11,basic
structural_family,3,forest_delta_regressor,11917b6d9db4ec58f18384b3e34529b1823f5609fb71679e29b7f5856b29e04b_synthetic_grid_8q_transpiler_19,basic
structural_family,3,forest_delta_regressor,11917b6d9db4ec58f18384b3e34529b1823f5609fb71679e29b7f5856b29e04b_synthetic_grid_8q_transpiler_29,basic
structural_family,3,forest_delta_regressor,11917b6d9db4ec58f18384b3e34529b1823f5609fb71679e29b7f5856b29e04b_synthetic_grid_8q_transpiler_37,basic
structural_family,3,forest_delta_regressor,11917b6d9db4ec58f18384b3e34529b1823f5609fb71679e29b7f5856b29e04b_synthetic_grid_8q_transpiler_47,basic
structural_family,4,always_basic,458db1b65dc833bd8c659df2b45270528a8cfce8db05e426b8a2f00bff2e84f9_synthetic_ring_6q_transpiler_11,basic
structural_family,4,always_basic,458db1b65dc833bd8c659df2b45270528a8cfce8db05e426b8a2f00bff2e84f9_synthetic_ring_6q_transpiler_19,basic
structural_family,4,always_basic,458db1b65dc833bd8c659df2b45270528a8cfce8db05e426b8a2f00bff2e84f9_synthetic_ring_6q_transpiler_29,basic
structural_family,4,always_basic,458db1b65dc833bd8c659df2b45270528a8cfce8db05e426b8a2f00bff2e84f9_synthetic_ring_6q_transpiler_37,basic
structural_family,4,always_basic,458db1b65dc833bd8c659df2b45270528a8cfce8db05e426b8a2f00bff2e84f9_synthetic_ring_6q_transpiler_47,basic
structural_family,4,always_basic,8a9838b475d9bb5d15c2324d44b159fb5c192b8a4ea7b71bf432d0ede311ee02_synthetic_grid_6q_transpiler_11,basic
structural_family,4,always_basic,8a9838b475d9bb5d15c2324d44b159fb5c192b8a4ea7b71bf432d0ede311ee02_synthetic_grid_6q_transpiler_19,basic
structural_family,4,always_basic,8a9838b475d9bb5d15c2324d44b159fb5c192b8a4ea7b71bf432d0ede311ee02_synthetic_grid_6q_transpiler_29,basic
structural_family,4,always_basic,8a9838b475d9bb5d15c2324d44b159fb5c192b8a4ea7b71bf432d0ede311ee02_synthetic_grid_6q_transpiler_37,basic
structural_family,4,always_basic,8a9838b475d9bb5d15c2324d44b159fb5c192b8a4ea7b71bf432d0ede311ee02_synthetic_grid_6q_transpiler_47,basic
structural_family,4,always_basic,b66e78c1f4a10c34763563660201dc843b5e66d635a6c02bb8e10ecf326cfd70_synthetic_irregular_7q_favorable_11,basic
structural_family,4,always_basic,b66e78c1f4a10c34763563660201dc843b5e66d635a6c02bb8e10ecf326cfd70_synthetic_irregular_7q_favorable_19,basic
structural_family,4,always_basic,b66e78c1f4a10c34763563660201dc843b5e66d635a6c02bb8e10ecf326cfd70_synthetic_irregular_7q_favorable_29,basic
structural_family,4,always_basic,b66e78c1f4a10c34763563660201dc843b5e66d635a6c02bb8e10ecf326cfd70_synthetic_irregular_7q_favorable_37,basic
structural_family,4,always_basic,b66e78c1f4a10c34763563660201dc843b5e66d635a6c02bb8e10ecf326cfd70_synthetic_irregular_7q_favorable_47,basic
structural_family,4,always_teleport,458db1b65dc833bd8c659df2b45270528a8cfce8db05e426b8a2f00bff2e84f9_synthetic_ring_6q_transpiler_11,teleport
structural_family,4,always_teleport,458db1b65dc833bd8c659df2b45270528a8cfce8db05e426b8a2f00bff2e84f9_synthetic_ring_6q_transpiler_19,teleport
structural_family,4,always_teleport,458db1b65dc833bd8c659df2b45270528a8cfce8db05e426b8a2f00bff2e84f9_synthetic_ring_6q_transpiler_29,teleport
structural_family,4,always_teleport,458db1b65dc833bd8c659df2b45270528a8cfce8db05e426b8a2f00bff2e84f9_synthetic_ring_6q_transpiler_37,teleport
structural_family,4,always_teleport,458db1b65dc833bd8c659df2b45270528a8cfce8db05e426b8a2f00bff2e84f9_synthetic_ring_6q_transpiler_47,teleport
structural_family,4,always_teleport,8a9838b475d9bb5d15c2324d44b159fb5c192b8a4ea7b71bf432d0ede311ee02_synthetic_grid_6q_transpiler_11,teleport
structural_family,4,always_teleport,8a9838b475d9bb5d15c2324d44b159fb5c192b8a4ea7b71bf432d0ede311ee02_synthetic_grid_6q_transpiler_19,teleport
structural_family,4,always_teleport,8a9838b475d9bb5d15c2324d44b159fb5c192b8a4ea7b71bf432d0ede311ee02_synthetic_grid_6q_transpiler_29,teleport
structural_family,4,always_teleport,8a9838b475d9bb5d15c2324d44b159fb5c192b8a4ea7b71bf432d0ede311ee02_synthetic_grid_6q_transpiler_37,teleport
structural_family,4,always_teleport,8a9838b475d9bb5d15c2324d44b159fb5c192b8a4ea7b71bf432d0ede311ee02_synthetic_grid_6q_transpiler_47,teleport
structural_family,4,always_teleport,b66e78c1f4a10c34763563660201dc843b5e66d635a6c02bb8e10ecf326cfd70_synthetic_irregular_7q_favorable_11,teleport
structural_family,4,always_teleport,b66e78c1f4a10c34763563660201dc843b5e66d635a6c02bb8e10ecf326cfd70_synthetic_irregular_7q_favorable_19,teleport
structural_family,4,always_teleport,b66e78c1f4a10c34763563660201dc843b5e66d635a6c02bb8e10ecf326cfd70_synthetic_irregular_7q_favorable_29,teleport
structural_family,4,always_teleport,b66e78c1f4a10c34763563660201dc843b5e66d635a6c02bb8e10ecf326cfd70_synthetic_irregular_7q_favorable_37,teleport
structural_family,4,always_teleport,b66e78c1f4a10c34763563660201dc843b5e66d635a6c02bb8e10ecf326cfd70_synthetic_irregular_7q_favorable_47,teleport
structural_family,4,majority,458db1b65dc833bd8c659df2b45270528a8cfce8db05e426b8a2f00bff2e84f9_synthetic_ring_6q_transpiler_11,teleport
structural_family,4,majority,458db1b65dc833bd8c659df2b45270528a8cfce8db05e426b8a2f00bff2e84f9_synthetic_ring_6q_transpiler_19,teleport
structural_family,4,majority,458db1b65dc833bd8c659df2b45270528a8cfce8db05e426b8a2f00bff2e84f9_synthetic_ring_6q_transpiler_29,teleport
structural_family,4,majority,458db1b65dc833bd8c659df2b45270528a8cfce8db05e426b8a2f00bff2e84f9_synthetic_ring_6q_transpiler_37,teleport
structural_family,4,majority,458db1b65dc833bd8c659df2b45270528a8cfce8db05e426b8a2f00bff2e84f9_synthetic_ring_6q_transpiler_47,teleport
structural_family,4,majority,8a9838b475d9bb5d15c2324d44b159fb5c192b8a4ea7b71bf432d0ede311ee02_synthetic_grid_6q_transpiler_11,teleport
structural_family,4,majority,8a9838b475d9bb5d15c2324d44b159fb5c192b8a4ea7b71bf432d0ede311ee02_synthetic_grid_6q_transpiler_19,teleport
structural_family,4,majority,8a9838b475d9bb5d15c2324d44b159fb5c192b8a4ea7b71bf432d0ede311ee02_synthetic_grid_6q_transpiler_29,teleport
structural_family,4,majority,8a9838b475d9bb5d15c2324d44b159fb5c192b8a4ea7b71bf432d0ede311ee02_synthetic_grid_6q_transpiler_37,teleport
structural_family,4,majority,8a9838b475d9bb5d15c2324d44b159fb5c192b8a4ea7b71bf432d0ede311ee02_synthetic_grid_6q_transpiler_47,teleport
structural_family,4,majority,b66e78c1f4a10c34763563660201dc843b5e66d635a6c02bb8e10ecf326cfd70_synthetic_irregular_7q_favorable_11,teleport
structural_family,4,majority,b66e78c1f4a10c34763563660201dc843b5e66d635a6c02bb8e10ecf326cfd70_synthetic_irregular_7q_favorable_19,teleport
structural_family,4,majority,b66e78c1f4a10c34763563660201dc843b5e66d635a6c02bb8e10ecf326cfd70_synthetic_irregular_7q_favorable_29,teleport
structural_family,4,majority,b66e78c1f4a10c34763563660201dc843b5e66d635a6c02bb8e10ecf326cfd70_synthetic_irregular_7q_favorable_37,teleport
structural_family,4,majority,b66e78c1f4a10c34763563660201dc843b5e66d635a6c02bb8e10ecf326cfd70_synthetic_irregular_7q_favorable_47,teleport
structural_family,4,frozen_rule,458db1b65dc833bd8c659df2b45270528a8cfce8db05e426b8a2f00bff2e84f9_synthetic_ring_6q_transpiler_11,basic
structural_family,4,frozen_rule,458db1b65dc833bd8c659df2b45270528a8cfce8db05e426b8a2f00bff2e84f9_synthetic_ring_6q_transpiler_19,basic
structural_family,4,frozen_rule,458db1b65dc833bd8c659df2b45270528a8cfce8db05e426b8a2f00bff2e84f9_synthetic_ring_6q_transpiler_29,basic
structural_family,4,frozen_rule,458db1b65dc833bd8c659df2b45270528a8cfce8db05e426b8a2f00bff2e84f9_synthetic_ring_6q_transpiler_37,basic
structural_family,4,frozen_rule,458db1b65dc833bd8c659df2b45270528a8cfce8db05e426b8a2f00bff2e84f9_synthetic_ring_6q_transpiler_47,basic
structural_family,4,frozen_rule,8a9838b475d9bb5d15c2324d44b159fb5c192b8a4ea7b71bf432d0ede311ee02_synthetic_grid_6q_transpiler_11,basic
structural_family,4,frozen_rule,8a9838b475d9bb5d15c2324d44b159fb5c192b8a4ea7b71bf432d0ede311ee02_synthetic_grid_6q_transpiler_19,basic
structural_family,4,frozen_rule,8a9838b475d9bb5d15c2324d44b159fb5c192b8a4ea7b71bf432d0ede311ee02_synthetic_grid_6q_transpiler_29,basic
structural_family,4,frozen_rule,8a9838b475d9bb5d15c2324d44b159fb5c192b8a4ea7b71bf432d0ede311ee02_synthetic_grid_6q_transpiler_37,basic
structural_family,4,frozen_rule,8a9838b475d9bb5d15c2324d44b159fb5c192b8a4ea7b71bf432d0ede311ee02_synthetic_grid_6q_transpiler_47,basic
structural_family,4,frozen_rule,b66e78c1f4a10c34763563660201dc843b5e66d635a6c02bb8e10ecf326cfd70_synthetic_irregular_7q_favorable_11,basic
structural_family,4,frozen_rule,b66e78c1f4a10c34763563660201dc843b5e66d635a6c02bb8e10ecf326cfd70_synthetic_irregular_7q_favorable_19,basic
structural_family,4,frozen_rule,b66e78c1f4a10c34763563660201dc843b5e66d635a6c02bb8e10ecf326cfd70_synthetic_irregular_7q_favorable_29,basic
structural_family,4,frozen_rule,b66e78c1f4a10c34763563660201dc843b5e66d635a6c02bb8e10ecf326cfd70_synthetic_irregular_7q_favorable_37,basic
structural_family,4,frozen_rule,b66e78c1f4a10c34763563660201dc843b5e66d635a6c02bb8e10ecf326cfd70_synthetic_irregular_7q_favorable_47,basic
structural_family,4,oracle,458db1b65dc833bd8c659df2b45270528a8cfce8db05e426b8a2f00bff2e84f9_synthetic_ring_6q_transpiler_11,teleport
structural_family,4,oracle,458db1b65dc833bd8c659df2b45270528a8cfce8db05e426b8a2f00bff2e84f9_synthetic_ring_6q_transpiler_19,teleport
structural_family,4,oracle,458db1b65dc833bd8c659df2b45270528a8cfce8db05e426b8a2f00bff2e84f9_synthetic_ring_6q_transpiler_29,teleport
structural_family,4,oracle,458db1b65dc833bd8c659df2b45270528a8cfce8db05e426b8a2f00bff2e84f9_synthetic_ring_6q_transpiler_37,teleport
structural_family,4,oracle,458db1b65dc833bd8c659df2b45270528a8cfce8db05e426b8a2f00bff2e84f9_synthetic_ring_6q_transpiler_47,teleport
structural_family,4,oracle,8a9838b475d9bb5d15c2324d44b159fb5c192b8a4ea7b71bf432d0ede311ee02_synthetic_grid_6q_transpiler_11,teleport
structural_family,4,oracle,8a9838b475d9bb5d15c2324d44b159fb5c192b8a4ea7b71bf432d0ede311ee02_synthetic_grid_6q_transpiler_19,teleport
structural_family,4,oracle,8a9838b475d9bb5d15c2324d44b159fb5c192b8a4ea7b71bf432d0ede311ee02_synthetic_grid_6q_transpiler_29,teleport
structural_family,4,oracle,8a9838b475d9bb5d15c2324d44b159fb5c192b8a4ea7b71bf432d0ede311ee02_synthetic_grid_6q_transpiler_37,teleport
structural_family,4,oracle,8a9838b475d9bb5d15c2324d44b159fb5c192b8a4ea7b71bf432d0ede311ee02_synthetic_grid_6q_transpiler_47,teleport
structural_family,4,oracle,b66e78c1f4a10c34763563660201dc843b5e66d635a6c02bb8e10ecf326cfd70_synthetic_irregular_7q_favorable_11,basic
structural_family,4,oracle,b66e78c1f4a10c34763563660201dc843b5e66d635a6c02bb8e10ecf326cfd70_synthetic_irregular_7q_favorable_19,basic
structural_family,4,oracle,b66e78c1f4a10c34763563660201dc843b5e66d635a6c02bb8e10ecf326cfd70_synthetic_irregular_7q_favorable_29,basic
structural_family,4,oracle,b66e78c1f4a10c34763563660201dc843b5e66d635a6c02bb8e10ecf326cfd70_synthetic_irregular_7q_favorable_37,basic
structural_family,4,oracle,b66e78c1f4a10c34763563660201dc843b5e66d635a6c02bb8e10ecf326cfd70_synthetic_irregular_7q_favorable_47,basic
structural_family,4,logistic,458db1b65dc833bd8c659df2b45270528a8cfce8db05e426b8a2f00bff2e84f9_synthetic_ring_6q_transpiler_11,teleport
structural_family,4,logistic,458db1b65dc833bd8c659df2b45270528a8cfce8db05e426b8a2f00bff2e84f9_synthetic_ring_6q_transpiler_19,teleport
structural_family,4,logistic,458db1b65dc833bd8c659df2b45270528a8cfce8db05e426b8a2f00bff2e84f9_synthetic_ring_6q_transpiler_29,teleport
structural_family,4,logistic,458db1b65dc833bd8c659df2b45270528a8cfce8db05e426b8a2f00bff2e84f9_synthetic_ring_6q_transpiler_37,teleport
structural_family,4,logistic,458db1b65dc833bd8c659df2b45270528a8cfce8db05e426b8a2f00bff2e84f9_synthetic_ring_6q_transpiler_47,teleport
structural_family,4,logistic,8a9838b475d9bb5d15c2324d44b159fb5c192b8a4ea7b71bf432d0ede311ee02_synthetic_grid_6q_transpiler_11,teleport
structural_family,4,logistic,8a9838b475d9bb5d15c2324d44b159fb5c192b8a4ea7b71bf432d0ede311ee02_synthetic_grid_6q_transpiler_19,teleport
structural_family,4,logistic,8a9838b475d9bb5d15c2324d44b159fb5c192b8a4ea7b71bf432d0ede311ee02_synthetic_grid_6q_transpiler_29,teleport
structural_family,4,logistic,8a9838b475d9bb5d15c2324d44b159fb5c192b8a4ea7b71bf432d0ede311ee02_synthetic_grid_6q_transpiler_37,teleport
structural_family,4,logistic,8a9838b475d9bb5d15c2324d44b159fb5c192b8a4ea7b71bf432d0ede311ee02_synthetic_grid_6q_transpiler_47,teleport
structural_family,4,logistic,b66e78c1f4a10c34763563660201dc843b5e66d635a6c02bb8e10ecf326cfd70_synthetic_irregular_7q_favorable_11,basic
structural_family,4,logistic,b66e78c1f4a10c34763563660201dc843b5e66d635a6c02bb8e10ecf326cfd70_synthetic_irregular_7q_favorable_19,basic
structural_family,4,logistic,b66e78c1f4a10c34763563660201dc843b5e66d635a6c02bb8e10ecf326cfd70_synthetic_irregular_7q_favorable_29,basic
structural_family,4,logistic,b66e78c1f4a10c34763563660201dc843b5e66d635a6c02bb8e10ecf326cfd70_synthetic_irregular_7q_favorable_37,basic
structural_family,4,logistic,b66e78c1f4a10c34763563660201dc843b5e66d635a6c02bb8e10ecf326cfd70_synthetic_irregular_7q_favorable_47,basic
structural_family,4,tree,458db1b65dc833bd8c659df2b45270528a8cfce8db05e426b8a2f00bff2e84f9_synthetic_ring_6q_transpiler_11,teleport
structural_family,4,tree,458db1b65dc833bd8c659df2b45270528a8cfce8db05e426b8a2f00bff2e84f9_synthetic_ring_6q_transpiler_19,teleport
structural_family,4,tree,458db1b65dc833bd8c659df2b45270528a8cfce8db05e426b8a2f00bff2e84f9_synthetic_ring_6q_transpiler_29,teleport
structural_family,4,tree,458db1b65dc833bd8c659df2b45270528a8cfce8db05e426b8a2f00bff2e84f9_synthetic_ring_6q_transpiler_37,teleport
structural_family,4,tree,458db1b65dc833bd8c659df2b45270528a8cfce8db05e426b8a2f00bff2e84f9_synthetic_ring_6q_transpiler_47,teleport
structural_family,4,tree,8a9838b475d9bb5d15c2324d44b159fb5c192b8a4ea7b71bf432d0ede311ee02_synthetic_grid_6q_transpiler_11,teleport
structural_family,4,tree,8a9838b475d9bb5d15c2324d44b159fb5c192b8a4ea7b71bf432d0ede311ee02_synthetic_grid_6q_transpiler_19,teleport
structural_family,4,tree,8a9838b475d9bb5d15c2324d44b159fb5c192b8a4ea7b71bf432d0ede311ee02_synthetic_grid_6q_transpiler_29,teleport
structural_family,4,tree,8a9838b475d9bb5d15c2324d44b159fb5c192b8a4ea7b71bf432d0ede311ee02_synthetic_grid_6q_transpiler_37,teleport
structural_family,4,tree,8a9838b475d9bb5d15c2324d44b159fb5c192b8a4ea7b71bf432d0ede311ee02_synthetic_grid_6q_transpiler_47,teleport
structural_family,4,tree,b66e78c1f4a10c34763563660201dc843b5e66d635a6c02bb8e10ecf326cfd70_synthetic_irregular_7q_favorable_11,basic
structural_family,4,tree,b66e78c1f4a10c34763563660201dc843b5e66d635a6c02bb8e10ecf326cfd70_synthetic_irregular_7q_favorable_19,basic
structural_family,4,tree,b66e78c1f4a10c34763563660201dc843b5e66d635a6c02bb8e10ecf326cfd70_synthetic_irregular_7q_favorable_29,basic
structural_family,4,tree,b66e78c1f4a10c34763563660201dc843b5e66d635a6c02bb8e10ecf326cfd70_synthetic_irregular_7q_favorable_37,basic
structural_family,4,tree,b66e78c1f4a10c34763563660201dc843b5e66d635a6c02bb8e10ecf326cfd70_synthetic_irregular_7q_favorable_47,basic
structural_family,4,forest_classifier,458db1b65dc833bd8c659df2b45270528a8cfce8db05e426b8a2f00bff2e84f9_synthetic_ring_6q_transpiler_11,teleport
structural_family,4,forest_classifier,458db1b65dc833bd8c659df2b45270528a8cfce8db05e426b8a2f00bff2e84f9_synthetic_ring_6q_transpiler_19,teleport
structural_family,4,forest_classifier,458db1b65dc833bd8c659df2b45270528a8cfce8db05e426b8a2f00bff2e84f9_synthetic_ring_6q_transpiler_29,teleport
structural_family,4,forest_classifier,458db1b65dc833bd8c659df2b45270528a8cfce8db05e426b8a2f00bff2e84f9_synthetic_ring_6q_transpiler_37,teleport
structural_family,4,forest_classifier,458db1b65dc833bd8c659df2b45270528a8cfce8db05e426b8a2f00bff2e84f9_synthetic_ring_6q_transpiler_47,teleport
structural_family,4,forest_classifier,8a9838b475d9bb5d15c2324d44b159fb5c192b8a4ea7b71bf432d0ede311ee02_synthetic_grid_6q_transpiler_11,teleport
structural_family,4,forest_classifier,8a9838b475d9bb5d15c2324d44b159fb5c192b8a4ea7b71bf432d0ede311ee02_synthetic_grid_6q_transpiler_19,teleport
structural_family,4,forest_classifier,8a9838b475d9bb5d15c2324d44b159fb5c192b8a4ea7b71bf432d0ede311ee02_synthetic_grid_6q_transpiler_29,teleport
structural_family,4,forest_classifier,8a9838b475d9bb5d15c2324d44b159fb5c192b8a4ea7b71bf432d0ede311ee02_synthetic_grid_6q_transpiler_37,teleport
structural_family,4,forest_classifier,8a9838b475d9bb5d15c2324d44b159fb5c192b8a4ea7b71bf432d0ede311ee02_synthetic_grid_6q_transpiler_47,teleport
structural_family,4,forest_classifier,b66e78c1f4a10c34763563660201dc843b5e66d635a6c02bb8e10ecf326cfd70_synthetic_irregular_7q_favorable_11,basic
structural_family,4,forest_classifier,b66e78c1f4a10c34763563660201dc843b5e66d635a6c02bb8e10ecf326cfd70_synthetic_irregular_7q_favorable_19,basic
structural_family,4,forest_classifier,b66e78c1f4a10c34763563660201dc843b5e66d635a6c02bb8e10ecf326cfd70_synthetic_irregular_7q_favorable_29,basic
structural_family,4,forest_classifier,b66e78c1f4a10c34763563660201dc843b5e66d635a6c02bb8e10ecf326cfd70_synthetic_irregular_7q_favorable_37,basic
structural_family,4,forest_classifier,b66e78c1f4a10c34763563660201dc843b5e66d635a6c02bb8e10ecf326cfd70_synthetic_irregular_7q_favorable_47,basic
structural_family,4,forest_delta_regressor,458db1b65dc833bd8c659df2b45270528a8cfce8db05e426b8a2f00bff2e84f9_synthetic_ring_6q_transpiler_11,teleport
structural_family,4,forest_delta_regressor,458db1b65dc833bd8c659df2b45270528a8cfce8db05e426b8a2f00bff2e84f9_synthetic_ring_6q_transpiler_19,teleport
structural_family,4,forest_delta_regressor,458db1b65dc833bd8c659df2b45270528a8cfce8db05e426b8a2f00bff2e84f9_synthetic_ring_6q_transpiler_29,teleport
structural_family,4,forest_delta_regressor,458db1b65dc833bd8c659df2b45270528a8cfce8db05e426b8a2f00bff2e84f9_synthetic_ring_6q_transpiler_37,teleport
structural_family,4,forest_delta_regressor,458db1b65dc833bd8c659df2b45270528a8cfce8db05e426b8a2f00bff2e84f9_synthetic_ring_6q_transpiler_47,teleport
structural_family,4,forest_delta_regressor,8a9838b475d9bb5d15c2324d44b159fb5c192b8a4ea7b71bf432d0ede311ee02_synthetic_grid_6q_transpiler_11,teleport
structural_family,4,forest_delta_regressor,8a9838b475d9bb5d15c2324d44b159fb5c192b8a4ea7b71bf432d0ede311ee02_synthetic_grid_6q_transpiler_19,teleport
structural_family,4,forest_delta_regressor,8a9838b475d9bb5d15c2324d44b159fb5c192b8a4ea7b71bf432d0ede311ee02_synthetic_grid_6q_transpiler_29,teleport
structural_family,4,forest_delta_regressor,8a9838b475d9bb5d15c2324d44b159fb5c192b8a4ea7b71bf432d0ede311ee02_synthetic_grid_6q_transpiler_37,teleport
structural_family,4,forest_delta_regressor,8a9838b475d9bb5d15c2324d44b159fb5c192b8a4ea7b71bf432d0ede311ee02_synthetic_grid_6q_transpiler_47,teleport
structural_family,4,forest_delta_regressor,b66e78c1f4a10c34763563660201dc843b5e66d635a6c02bb8e10ecf326cfd70_synthetic_irregular_7q_favorable_11,teleport
structural_family,4,forest_delta_regressor,b66e78c1f4a10c34763563660201dc843b5e66d635a6c02bb8e10ecf326cfd70_synthetic_irregular_7q_favorable_19,teleport
structural_family,4,forest_delta_regressor,b66e78c1f4a10c34763563660201dc843b5e66d635a6c02bb8e10ecf326cfd70_synthetic_irregular_7q_favorable_29,teleport
structural_family,4,forest_delta_regressor,b66e78c1f4a10c34763563660201dc843b5e66d635a6c02bb8e10ecf326cfd70_synthetic_irregular_7q_favorable_37,teleport
structural_family,4,forest_delta_regressor,b66e78c1f4a10c34763563660201dc843b5e66d635a6c02bb8e10ecf326cfd70_synthetic_irregular_7q_favorable_47,teleport
leave_one_size_out,0,always_basic,2db9eba90ba8cd0954c12783101856a28b9a2dc7771ca234eecefcf2689ef643_synthetic_line_6q_favorable_11,basic
leave_one_size_out,0,always_basic,2db9eba90ba8cd0954c12783101856a28b9a2dc7771ca234eecefcf2689ef643_synthetic_line_6q_favorable_19,basic
leave_one_size_out,0,always_basic,2db9eba90ba8cd0954c12783101856a28b9a2dc7771ca234eecefcf2689ef643_synthetic_line_6q_favorable_29,basic
leave_one_size_out,0,always_basic,2db9eba90ba8cd0954c12783101856a28b9a2dc7771ca234eecefcf2689ef643_synthetic_line_6q_favorable_37,basic
leave_one_size_out,0,always_basic,2db9eba90ba8cd0954c12783101856a28b9a2dc7771ca234eecefcf2689ef643_synthetic_line_6q_favorable_47,basic
leave_one_size_out,0,always_basic,667e3a1f084c4e2a3fcd2b6479ca873f035a167fe6bd3dac4cd548625d204592_synthetic_line_6q_spread_11,basic
leave_one_size_out,0,always_basic,667e3a1f084c4e2a3fcd2b6479ca873f035a167fe6bd3dac4cd548625d204592_synthetic_line_6q_spread_19,basic
leave_one_size_out,0,always_basic,667e3a1f084c4e2a3fcd2b6479ca873f035a167fe6bd3dac4cd548625d204592_synthetic_line_6q_spread_29,basic
leave_one_size_out,0,always_basic,667e3a1f084c4e2a3fcd2b6479ca873f035a167fe6bd3dac4cd548625d204592_synthetic_line_6q_spread_37,basic
leave_one_size_out,0,always_basic,667e3a1f084c4e2a3fcd2b6479ca873f035a167fe6bd3dac4cd548625d204592_synthetic_line_6q_spread_47,basic
leave_one_size_out,0,always_basic,bc2d5292433dbd57457d4b8e18f32adf5b65f135ba9bc3522cd34066a6aaff03_synthetic_ring_6q_transpiler_11,basic
leave_one_size_out,0,always_basic,bc2d5292433dbd57457d4b8e18f32adf5b65f135ba9bc3522cd34066a6aaff03_synthetic_ring_6q_transpiler_19,basic
leave_one_size_out,0,always_basic,bc2d5292433dbd57457d4b8e18f32adf5b65f135ba9bc3522cd34066a6aaff03_synthetic_ring_6q_transpiler_29,basic
leave_one_size_out,0,always_basic,bc2d5292433dbd57457d4b8e18f32adf5b65f135ba9bc3522cd34066a6aaff03_synthetic_ring_6q_transpiler_37,basic
leave_one_size_out,0,always_basic,bc2d5292433dbd57457d4b8e18f32adf5b65f135ba9bc3522cd34066a6aaff03_synthetic_ring_6q_transpiler_47,basic
leave_one_size_out,0,always_basic,0fc28dc35599b93623d9613d500225976d3b315fe307e512a0db8d51410569b8_synthetic_grid_6q_transpiler_11,basic
leave_one_size_out,0,always_basic,0fc28dc35599b93623d9613d500225976d3b315fe307e512a0db8d51410569b8_synthetic_grid_6q_transpiler_19,basic
leave_one_size_out,0,always_basic,0fc28dc35599b93623d9613d500225976d3b315fe307e512a0db8d51410569b8_synthetic_grid_6q_transpiler_29,basic
leave_one_size_out,0,always_basic,0fc28dc35599b93623d9613d500225976d3b315fe307e512a0db8d51410569b8_synthetic_grid_6q_transpiler_37,basic
leave_one_size_out,0,always_basic,0fc28dc35599b93623d9613d500225976d3b315fe307e512a0db8d51410569b8_synthetic_grid_6q_transpiler_47,basic
leave_one_size_out,0,always_basic,b4d5502166457832ab5510beca11bf8da7f4721a767e3c0a5898a00a9f9831cd_synthetic_heavy_hex_like_7q_transpiler_11,basic
leave_one_size_out,0,always_basic,b4d5502166457832ab5510beca11bf8da7f4721a767e3c0a5898a00a9f9831cd_synthetic_heavy_hex_like_7q_transpiler_19,basic
leave_one_size_out,0,always_basic,b4d5502166457832ab5510beca11bf8da7f4721a767e3c0a5898a00a9f9831cd_synthetic_heavy_hex_like_7q_transpiler_29,basic
leave_one_size_out,0,always_basic,b4d5502166457832ab5510beca11bf8da7f4721a767e3c0a5898a00a9f9831cd_synthetic_heavy_hex_like_7q_transpiler_37,basic
leave_one_size_out,0,always_basic,b4d5502166457832ab5510beca11bf8da7f4721a767e3c0a5898a00a9f9831cd_synthetic_heavy_hex_like_7q_transpiler_47,basic
leave_one_size_out,0,always_basic,72b1038facc288285e2702246aec8cb5a5d554250f6dd4647e31f249d53e1c38_synthetic_irregular_7q_spread_11,basic
leave_one_size_out,0,always_basic,72b1038facc288285e2702246aec8cb5a5d554250f6dd4647e31f249d53e1c38_synthetic_irregular_7q_spread_19,basic
leave_one_size_out,0,always_basic,72b1038facc288285e2702246aec8cb5a5d554250f6dd4647e31f249d53e1c38_synthetic_irregular_7q_spread_29,basic
leave_one_size_out,0,always_basic,72b1038facc288285e2702246aec8cb5a5d554250f6dd4647e31f249d53e1c38_synthetic_irregular_7q_spread_37,basic
leave_one_size_out,0,always_basic,72b1038facc288285e2702246aec8cb5a5d554250f6dd4647e31f249d53e1c38_synthetic_irregular_7q_spread_47,basic
leave_one_size_out,0,always_teleport,2db9eba90ba8cd0954c12783101856a28b9a2dc7771ca234eecefcf2689ef643_synthetic_line_6q_favorable_11,teleport
leave_one_size_out,0,always_teleport,2db9eba90ba8cd0954c12783101856a28b9a2dc7771ca234eecefcf2689ef643_synthetic_line_6q_favorable_19,teleport
leave_one_size_out,0,always_teleport,2db9eba90ba8cd0954c12783101856a28b9a2dc7771ca234eecefcf2689ef643_synthetic_line_6q_favorable_29,teleport
leave_one_size_out,0,always_teleport,2db9eba90ba8cd0954c12783101856a28b9a2dc7771ca234eecefcf2689ef643_synthetic_line_6q_favorable_37,teleport
leave_one_size_out,0,always_teleport,2db9eba90ba8cd0954c12783101856a28b9a2dc7771ca234eecefcf2689ef643_synthetic_line_6q_favorable_47,teleport
leave_one_size_out,0,always_teleport,667e3a1f084c4e2a3fcd2b6479ca873f035a167fe6bd3dac4cd548625d204592_synthetic_line_6q_spread_11,teleport
leave_one_size_out,0,always_teleport,667e3a1f084c4e2a3fcd2b6479ca873f035a167fe6bd3dac4cd548625d204592_synthetic_line_6q_spread_19,teleport
leave_one_size_out,0,always_teleport,667e3a1f084c4e2a3fcd2b6479ca873f035a167fe6bd3dac4cd548625d204592_synthetic_line_6q_spread_29,teleport
leave_one_size_out,0,always_teleport,667e3a1f084c4e2a3fcd2b6479ca873f035a167fe6bd3dac4cd548625d204592_synthetic_line_6q_spread_37,teleport
leave_one_size_out,0,always_teleport,667e3a1f084c4e2a3fcd2b6479ca873f035a167fe6bd3dac4cd548625d204592_synthetic_line_6q_spread_47,teleport
leave_one_size_out,0,always_teleport,bc2d5292433dbd57457d4b8e18f32adf5b65f135ba9bc3522cd34066a6aaff03_synthetic_ring_6q_transpiler_11,teleport
leave_one_size_out,0,always_teleport,bc2d5292433dbd57457d4b8e18f32adf5b65f135ba9bc3522cd34066a6aaff03_synthetic_ring_6q_transpiler_19,teleport
leave_one_size_out,0,always_teleport,bc2d5292433dbd57457d4b8e18f32adf5b65f135ba9bc3522cd34066a6aaff03_synthetic_ring_6q_transpiler_29,teleport
leave_one_size_out,0,always_teleport,bc2d5292433dbd57457d4b8e18f32adf5b65f135ba9bc3522cd34066a6aaff03_synthetic_ring_6q_transpiler_37,teleport
leave_one_size_out,0,always_teleport,bc2d5292433dbd57457d4b8e18f32adf5b65f135ba9bc3522cd34066a6aaff03_synthetic_ring_6q_transpiler_47,teleport
leave_one_size_out,0,always_teleport,0fc28dc35599b93623d9613d500225976d3b315fe307e512a0db8d51410569b8_synthetic_grid_6q_transpiler_11,teleport
leave_one_size_out,0,always_teleport,0fc28dc35599b93623d9613d500225976d3b315fe307e512a0db8d51410569b8_synthetic_grid_6q_transpiler_19,teleport
leave_one_size_out,0,always_teleport,0fc28dc35599b93623d9613d500225976d3b315fe307e512a0db8d51410569b8_synthetic_grid_6q_transpiler_29,teleport
leave_one_size_out,0,always_teleport,0fc28dc35599b93623d9613d500225976d3b315fe307e512a0db8d51410569b8_synthetic_grid_6q_transpiler_37,teleport
leave_one_size_out,0,always_teleport,0fc28dc35599b93623d9613d500225976d3b315fe307e512a0db8d51410569b8_synthetic_grid_6q_transpiler_47,teleport
leave_one_size_out,0,always_teleport,b4d5502166457832ab5510beca11bf8da7f4721a767e3c0a5898a00a9f9831cd_synthetic_heavy_hex_like_7q_transpiler_11,teleport
leave_one_size_out,0,always_teleport,b4d5502166457832ab5510beca11bf8da7f4721a767e3c0a5898a00a9f9831cd_synthetic_heavy_hex_like_7q_transpiler_19,teleport
leave_one_size_out,0,always_teleport,b4d5502166457832ab5510beca11bf8da7f4721a767e3c0a5898a00a9f9831cd_synthetic_heavy_hex_like_7q_transpiler_29,teleport
leave_one_size_out,0,always_teleport,b4d5502166457832ab5510beca11bf8da7f4721a767e3c0a5898a00a9f9831cd_synthetic_heavy_hex_like_7q_transpiler_37,teleport
leave_one_size_out,0,always_teleport,b4d5502166457832ab5510beca11bf8da7f4721a767e3c0a5898a00a9f9831cd_synthetic_heavy_hex_like_7q_transpiler_47,teleport
leave_one_size_out,0,always_teleport,72b1038facc288285e2702246aec8cb5a5d554250f6dd4647e31f249d53e1c38_synthetic_irregular_7q_spread_11,teleport
leave_one_size_out,0,always_teleport,72b1038facc288285e2702246aec8cb5a5d554250f6dd4647e31f249d53e1c38_synthetic_irregular_7q_spread_19,teleport
leave_one_size_out,0,always_teleport,72b1038facc288285e2702246aec8cb5a5d554250f6dd4647e31f249d53e1c38_synthetic_irregular_7q_spread_29,teleport
leave_one_size_out,0,always_teleport,72b1038facc288285e2702246aec8cb5a5d554250f6dd4647e31f249d53e1c38_synthetic_irregular_7q_spread_37,teleport
leave_one_size_out,0,always_teleport,72b1038facc288285e2702246aec8cb5a5d554250f6dd4647e31f249d53e1c38_synthetic_irregular_7q_spread_47,teleport
leave_one_size_out,0,majority,2db9eba90ba8cd0954c12783101856a28b9a2dc7771ca234eecefcf2689ef643_synthetic_line_6q_favorable_11,teleport
leave_one_size_out,0,majority,2db9eba90ba8cd0954c12783101856a28b9a2dc7771ca234eecefcf2689ef643_synthetic_line_6q_favorable_19,teleport
leave_one_size_out,0,majority,2db9eba90ba8cd0954c12783101856a28b9a2dc7771ca234eecefcf2689ef643_synthetic_line_6q_favorable_29,teleport
leave_one_size_out,0,majority,2db9eba90ba8cd0954c12783101856a28b9a2dc7771ca234eecefcf2689ef643_synthetic_line_6q_favorable_37,teleport
leave_one_size_out,0,majority,2db9eba90ba8cd0954c12783101856a28b9a2dc7771ca234eecefcf2689ef643_synthetic_line_6q_favorable_47,teleport
leave_one_size_out,0,majority,667e3a1f084c4e2a3fcd2b6479ca873f035a167fe6bd3dac4cd548625d204592_synthetic_line_6q_spread_11,teleport
leave_one_size_out,0,majority,667e3a1f084c4e2a3fcd2b6479ca873f035a167fe6bd3dac4cd548625d204592_synthetic_line_6q_spread_19,teleport
leave_one_size_out,0,majority,667e3a1f084c4e2a3fcd2b6479ca873f035a167fe6bd3dac4cd548625d204592_synthetic_line_6q_spread_29,teleport
leave_one_size_out,0,majority,667e3a1f084c4e2a3fcd2b6479ca873f035a167fe6bd3dac4cd548625d204592_synthetic_line_6q_spread_37,teleport
leave_one_size_out,0,majority,667e3a1f084c4e2a3fcd2b6479ca873f035a167fe6bd3dac4cd548625d204592_synthetic_line_6q_spread_47,teleport
leave_one_size_out,0,majority,bc2d5292433dbd57457d4b8e18f32adf5b65f135ba9bc3522cd34066a6aaff03_synthetic_ring_6q_transpiler_11,teleport
leave_one_size_out,0,majority,bc2d5292433dbd57457d4b8e18f32adf5b65f135ba9bc3522cd34066a6aaff03_synthetic_ring_6q_transpiler_19,teleport
leave_one_size_out,0,majority,bc2d5292433dbd57457d4b8e18f32adf5b65f135ba9bc3522cd34066a6aaff03_synthetic_ring_6q_transpiler_29,teleport
leave_one_size_out,0,majority,bc2d5292433dbd57457d4b8e18f32adf5b65f135ba9bc3522cd34066a6aaff03_synthetic_ring_6q_transpiler_37,teleport
leave_one_size_out,0,majority,bc2d5292433dbd57457d4b8e18f32adf5b65f135ba9bc3522cd34066a6aaff03_synthetic_ring_6q_transpiler_47,teleport
leave_one_size_out,0,majority,0fc28dc35599b93623d9613d500225976d3b315fe307e512a0db8d51410569b8_synthetic_grid_6q_transpiler_11,teleport
leave_one_size_out,0,majority,0fc28dc35599b93623d9613d500225976d3b315fe307e512a0db8d51410569b8_synthetic_grid_6q_transpiler_19,teleport
leave_one_size_out,0,majority,0fc28dc35599b93623d9613d500225976d3b315fe307e512a0db8d51410569b8_synthetic_grid_6q_transpiler_29,teleport
leave_one_size_out,0,majority,0fc28dc35599b93623d9613d500225976d3b315fe307e512a0db8d51410569b8_synthetic_grid_6q_transpiler_37,teleport
leave_one_size_out,0,majority,0fc28dc35599b93623d9613d500225976d3b315fe307e512a0db8d51410569b8_synthetic_grid_6q_transpiler_47,teleport
leave_one_size_out,0,majority,b4d5502166457832ab5510beca11bf8da7f4721a767e3c0a5898a00a9f9831cd_synthetic_heavy_hex_like_7q_transpiler_11,teleport
leave_one_size_out,0,majority,b4d5502166457832ab5510beca11bf8da7f4721a767e3c0a5898a00a9f9831cd_synthetic_heavy_hex_like_7q_transpiler_19,teleport
leave_one_size_out,0,majority,b4d5502166457832ab5510beca11bf8da7f4721a767e3c0a5898a00a9f9831cd_synthetic_heavy_hex_like_7q_transpiler_29,teleport
leave_one_size_out,0,majority,b4d5502166457832ab5510beca11bf8da7f4721a767e3c0a5898a00a9f9831cd_synthetic_heavy_hex_like_7q_transpiler_37,teleport
leave_one_size_out,0,majority,b4d5502166457832ab5510beca11bf8da7f4721a767e3c0a5898a00a9f9831cd_synthetic_heavy_hex_like_7q_transpiler_47,teleport
leave_one_size_out,0,majority,72b1038facc288285e2702246aec8cb5a5d554250f6dd4647e31f249d53e1c38_synthetic_irregular_7q_spread_11,teleport
leave_one_size_out,0,majority,72b1038facc288285e2702246aec8cb5a5d554250f6dd4647e31f249d53e1c38_synthetic_irregular_7q_spread_19,teleport
leave_one_size_out,0,majority,72b1038facc288285e2702246aec8cb5a5d554250f6dd4647e31f249d53e1c38_synthetic_irregular_7q_spread_29,teleport
leave_one_size_out,0,majority,72b1038facc288285e2702246aec8cb5a5d554250f6dd4647e31f249d53e1c38_synthetic_irregular_7q_spread_37,teleport
leave_one_size_out,0,majority,72b1038facc288285e2702246aec8cb5a5d554250f6dd4647e31f249d53e1c38_synthetic_irregular_7q_spread_47,teleport
leave_one_size_out,0,frozen_rule,2db9eba90ba8cd0954c12783101856a28b9a2dc7771ca234eecefcf2689ef643_synthetic_line_6q_favorable_11,teleport
leave_one_size_out,0,frozen_rule,2db9eba90ba8cd0954c12783101856a28b9a2dc7771ca234eecefcf2689ef643_synthetic_line_6q_favorable_19,teleport
leave_one_size_out,0,frozen_rule,2db9eba90ba8cd0954c12783101856a28b9a2dc7771ca234eecefcf2689ef643_synthetic_line_6q_favorable_29,teleport
leave_one_size_out,0,frozen_rule,2db9eba90ba8cd0954c12783101856a28b9a2dc7771ca234eecefcf2689ef643_synthetic_line_6q_favorable_37,teleport
leave_one_size_out,0,frozen_rule,2db9eba90ba8cd0954c12783101856a28b9a2dc7771ca234eecefcf2689ef643_synthetic_line_6q_favorable_47,teleport
leave_one_size_out,0,frozen_rule,667e3a1f084c4e2a3fcd2b6479ca873f035a167fe6bd3dac4cd548625d204592_synthetic_line_6q_spread_11,teleport
leave_one_size_out,0,frozen_rule,667e3a1f084c4e2a3fcd2b6479ca873f035a167fe6bd3dac4cd548625d204592_synthetic_line_6q_spread_19,teleport
leave_one_size_out,0,frozen_rule,667e3a1f084c4e2a3fcd2b6479ca873f035a167fe6bd3dac4cd548625d204592_synthetic_line_6q_spread_29,teleport
leave_one_size_out,0,frozen_rule,667e3a1f084c4e2a3fcd2b6479ca873f035a167fe6bd3dac4cd548625d204592_synthetic_line_6q_spread_37,teleport
leave_one_size_out,0,frozen_rule,667e3a1f084c4e2a3fcd2b6479ca873f035a167fe6bd3dac4cd548625d204592_synthetic_line_6q_spread_47,teleport
leave_one_size_out,0,frozen_rule,bc2d5292433dbd57457d4b8e18f32adf5b65f135ba9bc3522cd34066a6aaff03_synthetic_ring_6q_transpiler_11,teleport
leave_one_size_out,0,frozen_rule,bc2d5292433dbd57457d4b8e18f32adf5b65f135ba9bc3522cd34066a6aaff03_synthetic_ring_6q_transpiler_19,teleport
leave_one_size_out,0,frozen_rule,bc2d5292433dbd57457d4b8e18f32adf5b65f135ba9bc3522cd34066a6aaff03_synthetic_ring_6q_transpiler_29,teleport
leave_one_size_out,0,frozen_rule,bc2d5292433dbd57457d4b8e18f32adf5b65f135ba9bc3522cd34066a6aaff03_synthetic_ring_6q_transpiler_37,teleport
leave_one_size_out,0,frozen_rule,bc2d5292433dbd57457d4b8e18f32adf5b65f135ba9bc3522cd34066a6aaff03_synthetic_ring_6q_transpiler_47,teleport
leave_one_size_out,0,frozen_rule,0fc28dc35599b93623d9613d500225976d3b315fe307e512a0db8d51410569b8_synthetic_grid_6q_transpiler_11,teleport
leave_one_size_out,0,frozen_rule,0fc28dc35599b93623d9613d500225976d3b315fe307e512a0db8d51410569b8_synthetic_grid_6q_transpiler_19,teleport
leave_one_size_out,0,frozen_rule,0fc28dc35599b93623d9613d500225976d3b315fe307e512a0db8d51410569b8_synthetic_grid_6q_transpiler_29,teleport
leave_one_size_out,0,frozen_rule,0fc28dc35599b93623d9613d500225976d3b315fe307e512a0db8d51410569b8_synthetic_grid_6q_transpiler_37,teleport
leave_one_size_out,0,frozen_rule,0fc28dc35599b93623d9613d500225976d3b315fe307e512a0db8d51410569b8_synthetic_grid_6q_transpiler_47,teleport
leave_one_size_out,0,frozen_rule,b4d5502166457832ab5510beca11bf8da7f4721a767e3c0a5898a00a9f9831cd_synthetic_heavy_hex_like_7q_transpiler_11,basic
leave_one_size_out,0,frozen_rule,b4d5502166457832ab5510beca11bf8da7f4721a767e3c0a5898a00a9f9831cd_synthetic_heavy_hex_like_7q_transpiler_19,basic
leave_one_size_out,0,frozen_rule,b4d5502166457832ab5510beca11bf8da7f4721a767e3c0a5898a00a9f9831cd_synthetic_heavy_hex_like_7q_transpiler_29,basic
leave_one_size_out,0,frozen_rule,b4d5502166457832ab5510beca11bf8da7f4721a767e3c0a5898a00a9f9831cd_synthetic_heavy_hex_like_7q_transpiler_37,basic
leave_one_size_out,0,frozen_rule,b4d5502166457832ab5510beca11bf8da7f4721a767e3c0a5898a00a9f9831cd_synthetic_heavy_hex_like_7q_transpiler_47,basic
leave_one_size_out,0,frozen_rule,72b1038facc288285e2702246aec8cb5a5d554250f6dd4647e31f249d53e1c38_synthetic_irregular_7q_spread_11,teleport
leave_one_size_out,0,frozen_rule,72b1038facc288285e2702246aec8cb5a5d554250f6dd4647e31f249d53e1c38_synthetic_irregular_7q_spread_19,teleport
leave_one_size_out,0,frozen_rule,72b1038facc288285e2702246aec8cb5a5d554250f6dd4647e31f249d53e1c38_synthetic_irregular_7q_spread_29,teleport
leave_one_size_out,0,frozen_rule,72b1038facc288285e2702246aec8cb5a5d554250f6dd4647e31f249d53e1c38_synthetic_irregular_7q_spread_37,teleport
leave_one_size_out,0,frozen_rule,72b1038facc288285e2702246aec8cb5a5d554250f6dd4647e31f249d53e1c38_synthetic_irregular_7q_spread_47,teleport
leave_one_size_out,0,oracle,2db9eba90ba8cd0954c12783101856a28b9a2dc7771ca234eecefcf2689ef643_synthetic_line_6q_favorable_11,teleport
leave_one_size_out,0,oracle,2db9eba90ba8cd0954c12783101856a28b9a2dc7771ca234eecefcf2689ef643_synthetic_line_6q_favorable_19,teleport
leave_one_size_out,0,oracle,2db9eba90ba8cd0954c12783101856a28b9a2dc7771ca234eecefcf2689ef643_synthetic_line_6q_favorable_29,teleport
leave_one_size_out,0,oracle,2db9eba90ba8cd0954c12783101856a28b9a2dc7771ca234eecefcf2689ef643_synthetic_line_6q_favorable_37,teleport
leave_one_size_out,0,oracle,2db9eba90ba8cd0954c12783101856a28b9a2dc7771ca234eecefcf2689ef643_synthetic_line_6q_favorable_47,teleport
leave_one_size_out,0,oracle,667e3a1f084c4e2a3fcd2b6479ca873f035a167fe6bd3dac4cd548625d204592_synthetic_line_6q_spread_11,teleport
leave_one_size_out,0,oracle,667e3a1f084c4e2a3fcd2b6479ca873f035a167fe6bd3dac4cd548625d204592_synthetic_line_6q_spread_19,teleport
leave_one_size_out,0,oracle,667e3a1f084c4e2a3fcd2b6479ca873f035a167fe6bd3dac4cd548625d204592_synthetic_line_6q_spread_29,teleport
leave_one_size_out,0,oracle,667e3a1f084c4e2a3fcd2b6479ca873f035a167fe6bd3dac4cd548625d204592_synthetic_line_6q_spread_37,teleport
leave_one_size_out,0,oracle,667e3a1f084c4e2a3fcd2b6479ca873f035a167fe6bd3dac4cd548625d204592_synthetic_line_6q_spread_47,teleport
leave_one_size_out,0,oracle,bc2d5292433dbd57457d4b8e18f32adf5b65f135ba9bc3522cd34066a6aaff03_synthetic_ring_6q_transpiler_11,teleport
leave_one_size_out,0,oracle,bc2d5292433dbd57457d4b8e18f32adf5b65f135ba9bc3522cd34066a6aaff03_synthetic_ring_6q_transpiler_19,teleport
leave_one_size_out,0,oracle,bc2d5292433dbd57457d4b8e18f32adf5b65f135ba9bc3522cd34066a6aaff03_synthetic_ring_6q_transpiler_29,teleport
leave_one_size_out,0,oracle,bc2d5292433dbd57457d4b8e18f32adf5b65f135ba9bc3522cd34066a6aaff03_synthetic_ring_6q_transpiler_37,teleport
leave_one_size_out,0,oracle,bc2d5292433dbd57457d4b8e18f32adf5b65f135ba9bc3522cd34066a6aaff03_synthetic_ring_6q_transpiler_47,teleport
leave_one_size_out,0,oracle,0fc28dc35599b93623d9613d500225976d3b315fe307e512a0db8d51410569b8_synthetic_grid_6q_transpiler_11,teleport
leave_one_size_out,0,oracle,0fc28dc35599b93623d9613d500225976d3b315fe307e512a0db8d51410569b8_synthetic_grid_6q_transpiler_19,teleport
leave_one_size_out,0,oracle,0fc28dc35599b93623d9613d500225976d3b315fe307e512a0db8d51410569b8_synthetic_grid_6q_transpiler_29,teleport
leave_one_size_out,0,oracle,0fc28dc35599b93623d9613d500225976d3b315fe307e512a0db8d51410569b8_synthetic_grid_6q_transpiler_37,teleport
leave_one_size_out,0,oracle,0fc28dc35599b93623d9613d500225976d3b315fe307e512a0db8d51410569b8_synthetic_grid_6q_transpiler_47,teleport
leave_one_size_out,0,oracle,b4d5502166457832ab5510beca11bf8da7f4721a767e3c0a5898a00a9f9831cd_synthetic_heavy_hex_like_7q_transpiler_11,teleport
leave_one_size_out,0,oracle,b4d5502166457832ab5510beca11bf8da7f4721a767e3c0a5898a00a9f9831cd_synthetic_heavy_hex_like_7q_transpiler_19,teleport
leave_one_size_out,0,oracle,b4d5502166457832ab5510beca11bf8da7f4721a767e3c0a5898a00a9f9831cd_synthetic_heavy_hex_like_7q_transpiler_29,teleport
leave_one_size_out,0,oracle,b4d5502166457832ab5510beca11bf8da7f4721a767e3c0a5898a00a9f9831cd_synthetic_heavy_hex_like_7q_transpiler_37,teleport
leave_one_size_out,0,oracle,b4d5502166457832ab5510beca11bf8da7f4721a767e3c0a5898a00a9f9831cd_synthetic_heavy_hex_like_7q_transpiler_47,teleport
leave_one_size_out,0,oracle,72b1038facc288285e2702246aec8cb5a5d554250f6dd4647e31f249d53e1c38_synthetic_irregular_7q_spread_11,teleport
leave_one_size_out,0,oracle,72b1038facc288285e2702246aec8cb5a5d554250f6dd4647e31f249d53e1c38_synthetic_irregular_7q_spread_19,teleport
leave_one_size_out,0,oracle,72b1038facc288285e2702246aec8cb5a5d554250f6dd4647e31f249d53e1c38_synthetic_irregular_7q_spread_29,teleport
leave_one_size_out,0,oracle,72b1038facc288285e2702246aec8cb5a5d554250f6dd4647e31f249d53e1c38_synthetic_irregular_7q_spread_37,teleport
leave_one_size_out,0,oracle,72b1038facc288285e2702246aec8cb5a5d554250f6dd4647e31f249d53e1c38_synthetic_irregular_7q_spread_47,teleport
leave_one_size_out,0,logistic,2db9eba90ba8cd0954c12783101856a28b9a2dc7771ca234eecefcf2689ef643_synthetic_line_6q_favorable_11,teleport
leave_one_size_out,0,logistic,2db9eba90ba8cd0954c12783101856a28b9a2dc7771ca234eecefcf2689ef643_synthetic_line_6q_favorable_19,teleport
leave_one_size_out,0,logistic,2db9eba90ba8cd0954c12783101856a28b9a2dc7771ca234eecefcf2689ef643_synthetic_line_6q_favorable_29,teleport
leave_one_size_out,0,logistic,2db9eba90ba8cd0954c12783101856a28b9a2dc7771ca234eecefcf2689ef643_synthetic_line_6q_favorable_37,teleport
leave_one_size_out,0,logistic,2db9eba90ba8cd0954c12783101856a28b9a2dc7771ca234eecefcf2689ef643_synthetic_line_6q_favorable_47,teleport
leave_one_size_out,0,logistic,667e3a1f084c4e2a3fcd2b6479ca873f035a167fe6bd3dac4cd548625d204592_synthetic_line_6q_spread_11,teleport
leave_one_size_out,0,logistic,667e3a1f084c4e2a3fcd2b6479ca873f035a167fe6bd3dac4cd548625d204592_synthetic_line_6q_spread_19,teleport
leave_one_size_out,0,logistic,667e3a1f084c4e2a3fcd2b6479ca873f035a167fe6bd3dac4cd548625d204592_synthetic_line_6q_spread_29,teleport
leave_one_size_out,0,logistic,667e3a1f084c4e2a3fcd2b6479ca873f035a167fe6bd3dac4cd548625d204592_synthetic_line_6q_spread_37,teleport
leave_one_size_out,0,logistic,667e3a1f084c4e2a3fcd2b6479ca873f035a167fe6bd3dac4cd548625d204592_synthetic_line_6q_spread_47,teleport
leave_one_size_out,0,logistic,bc2d5292433dbd57457d4b8e18f32adf5b65f135ba9bc3522cd34066a6aaff03_synthetic_ring_6q_transpiler_11,teleport
leave_one_size_out,0,logistic,bc2d5292433dbd57457d4b8e18f32adf5b65f135ba9bc3522cd34066a6aaff03_synthetic_ring_6q_transpiler_19,teleport
leave_one_size_out,0,logistic,bc2d5292433dbd57457d4b8e18f32adf5b65f135ba9bc3522cd34066a6aaff03_synthetic_ring_6q_transpiler_29,teleport
leave_one_size_out,0,logistic,bc2d5292433dbd57457d4b8e18f32adf5b65f135ba9bc3522cd34066a6aaff03_synthetic_ring_6q_transpiler_37,teleport
leave_one_size_out,0,logistic,bc2d5292433dbd57457d4b8e18f32adf5b65f135ba9bc3522cd34066a6aaff03_synthetic_ring_6q_transpiler_47,teleport
leave_one_size_out,0,logistic,0fc28dc35599b93623d9613d500225976d3b315fe307e512a0db8d51410569b8_synthetic_grid_6q_transpiler_11,teleport
leave_one_size_out,0,logistic,0fc28dc35599b93623d9613d500225976d3b315fe307e512a0db8d51410569b8_synthetic_grid_6q_transpiler_19,teleport
leave_one_size_out,0,logistic,0fc28dc35599b93623d9613d500225976d3b315fe307e512a0db8d51410569b8_synthetic_grid_6q_transpiler_29,teleport
leave_one_size_out,0,logistic,0fc28dc35599b93623d9613d500225976d3b315fe307e512a0db8d51410569b8_synthetic_grid_6q_transpiler_37,teleport
leave_one_size_out,0,logistic,0fc28dc35599b93623d9613d500225976d3b315fe307e512a0db8d51410569b8_synthetic_grid_6q_transpiler_47,teleport
leave_one_size_out,0,logistic,b4d5502166457832ab5510beca11bf8da7f4721a767e3c0a5898a00a9f9831cd_synthetic_heavy_hex_like_7q_transpiler_11,teleport
leave_one_size_out,0,logistic,b4d5502166457832ab5510beca11bf8da7f4721a767e3c0a5898a00a9f9831cd_synthetic_heavy_hex_like_7q_transpiler_19,teleport
leave_one_size_out,0,logistic,b4d5502166457832ab5510beca11bf8da7f4721a767e3c0a5898a00a9f9831cd_synthetic_heavy_hex_like_7q_transpiler_29,teleport
leave_one_size_out,0,logistic,b4d5502166457832ab5510beca11bf8da7f4721a767e3c0a5898a00a9f9831cd_synthetic_heavy_hex_like_7q_transpiler_37,teleport
leave_one_size_out,0,logistic,b4d5502166457832ab5510beca11bf8da7f4721a767e3c0a5898a00a9f9831cd_synthetic_heavy_hex_like_7q_transpiler_47,teleport
leave_one_size_out,0,logistic,72b1038facc288285e2702246aec8cb5a5d554250f6dd4647e31f249d53e1c38_synthetic_irregular_7q_spread_11,teleport
leave_one_size_out,0,logistic,72b1038facc288285e2702246aec8cb5a5d554250f6dd4647e31f249d53e1c38_synthetic_irregular_7q_spread_19,teleport
leave_one_size_out,0,logistic,72b1038facc288285e2702246aec8cb5a5d554250f6dd4647e31f249d53e1c38_synthetic_irregular_7q_spread_29,teleport
leave_one_size_out,0,logistic,72b1038facc288285e2702246aec8cb5a5d554250f6dd4647e31f249d53e1c38_synthetic_irregular_7q_spread_37,teleport
leave_one_size_out,0,logistic,72b1038facc288285e2702246aec8cb5a5d554250f6dd4647e31f249d53e1c38_synthetic_irregular_7q_spread_47,teleport
leave_one_size_out,0,tree,2db9eba90ba8cd0954c12783101856a28b9a2dc7771ca234eecefcf2689ef643_synthetic_line_6q_favorable_11,teleport
leave_one_size_out,0,tree,2db9eba90ba8cd0954c12783101856a28b9a2dc7771ca234eecefcf2689ef643_synthetic_line_6q_favorable_19,teleport
leave_one_size_out,0,tree,2db9eba90ba8cd0954c12783101856a28b9a2dc7771ca234eecefcf2689ef643_synthetic_line_6q_favorable_29,teleport
leave_one_size_out,0,tree,2db9eba90ba8cd0954c12783101856a28b9a2dc7771ca234eecefcf2689ef643_synthetic_line_6q_favorable_37,teleport
leave_one_size_out,0,tree,2db9eba90ba8cd0954c12783101856a28b9a2dc7771ca234eecefcf2689ef643_synthetic_line_6q_favorable_47,teleport
leave_one_size_out,0,tree,667e3a1f084c4e2a3fcd2b6479ca873f035a167fe6bd3dac4cd548625d204592_synthetic_line_6q_spread_11,teleport
leave_one_size_out,0,tree,667e3a1f084c4e2a3fcd2b6479ca873f035a167fe6bd3dac4cd548625d204592_synthetic_line_6q_spread_19,teleport
leave_one_size_out,0,tree,667e3a1f084c4e2a3fcd2b6479ca873f035a167fe6bd3dac4cd548625d204592_synthetic_line_6q_spread_29,teleport
leave_one_size_out,0,tree,667e3a1f084c4e2a3fcd2b6479ca873f035a167fe6bd3dac4cd548625d204592_synthetic_line_6q_spread_37,teleport
leave_one_size_out,0,tree,667e3a1f084c4e2a3fcd2b6479ca873f035a167fe6bd3dac4cd548625d204592_synthetic_line_6q_spread_47,teleport
leave_one_size_out,0,tree,bc2d5292433dbd57457d4b8e18f32adf5b65f135ba9bc3522cd34066a6aaff03_synthetic_ring_6q_transpiler_11,teleport
leave_one_size_out,0,tree,bc2d5292433dbd57457d4b8e18f32adf5b65f135ba9bc3522cd34066a6aaff03_synthetic_ring_6q_transpiler_19,teleport
leave_one_size_out,0,tree,bc2d5292433dbd57457d4b8e18f32adf5b65f135ba9bc3522cd34066a6aaff03_synthetic_ring_6q_transpiler_29,teleport
leave_one_size_out,0,tree,bc2d5292433dbd57457d4b8e18f32adf5b65f135ba9bc3522cd34066a6aaff03_synthetic_ring_6q_transpiler_37,teleport
leave_one_size_out,0,tree,bc2d5292433dbd57457d4b8e18f32adf5b65f135ba9bc3522cd34066a6aaff03_synthetic_ring_6q_transpiler_47,teleport
leave_one_size_out,0,tree,0fc28dc35599b93623d9613d500225976d3b315fe307e512a0db8d51410569b8_synthetic_grid_6q_transpiler_11,teleport
leave_one_size_out,0,tree,0fc28dc35599b93623d9613d500225976d3b315fe307e512a0db8d51410569b8_synthetic_grid_6q_transpiler_19,teleport
leave_one_size_out,0,tree,0fc28dc35599b93623d9613d500225976d3b315fe307e512a0db8d51410569b8_synthetic_grid_6q_transpiler_29,teleport
leave_one_size_out,0,tree,0fc28dc35599b93623d9613d500225976d3b315fe307e512a0db8d51410569b8_synthetic_grid_6q_transpiler_37,teleport
leave_one_size_out,0,tree,0fc28dc35599b93623d9613d500225976d3b315fe307e512a0db8d51410569b8_synthetic_grid_6q_transpiler_47,teleport
leave_one_size_out,0,tree,b4d5502166457832ab5510beca11bf8da7f4721a767e3c0a5898a00a9f9831cd_synthetic_heavy_hex_like_7q_transpiler_11,teleport
leave_one_size_out,0,tree,b4d5502166457832ab5510beca11bf8da7f4721a767e3c0a5898a00a9f9831cd_synthetic_heavy_hex_like_7q_transpiler_19,teleport
leave_one_size_out,0,tree,b4d5502166457832ab5510beca11bf8da7f4721a767e3c0a5898a00a9f9831cd_synthetic_heavy_hex_like_7q_transpiler_29,teleport
leave_one_size_out,0,tree,b4d5502166457832ab5510beca11bf8da7f4721a767e3c0a5898a00a9f9831cd_synthetic_heavy_hex_like_7q_transpiler_37,teleport
leave_one_size_out,0,tree,b4d5502166457832ab5510beca11bf8da7f4721a767e3c0a5898a00a9f9831cd_synthetic_heavy_hex_like_7q_transpiler_47,teleport
leave_one_size_out,0,tree,72b1038facc288285e2702246aec8cb5a5d554250f6dd4647e31f249d53e1c38_synthetic_irregular_7q_spread_11,teleport
leave_one_size_out,0,tree,72b1038facc288285e2702246aec8cb5a5d554250f6dd4647e31f249d53e1c38_synthetic_irregular_7q_spread_19,teleport
leave_one_size_out,0,tree,72b1038facc288285e2702246aec8cb5a5d554250f6dd4647e31f249d53e1c38_synthetic_irregular_7q_spread_29,teleport
leave_one_size_out,0,tree,72b1038facc288285e2702246aec8cb5a5d554250f6dd4647e31f249d53e1c38_synthetic_irregular_7q_spread_37,teleport
leave_one_size_out,0,tree,72b1038facc288285e2702246aec8cb5a5d554250f6dd4647e31f249d53e1c38_synthetic_irregular_7q_spread_47,teleport
leave_one_size_out,0,forest_classifier,2db9eba90ba8cd0954c12783101856a28b9a2dc7771ca234eecefcf2689ef643_synthetic_line_6q_favorable_11,teleport
leave_one_size_out,0,forest_classifier,2db9eba90ba8cd0954c12783101856a28b9a2dc7771ca234eecefcf2689ef643_synthetic_line_6q_favorable_19,teleport
leave_one_size_out,0,forest_classifier,2db9eba90ba8cd0954c12783101856a28b9a2dc7771ca234eecefcf2689ef643_synthetic_line_6q_favorable_29,teleport
leave_one_size_out,0,forest_classifier,2db9eba90ba8cd0954c12783101856a28b9a2dc7771ca234eecefcf2689ef643_synthetic_line_6q_favorable_37,teleport
leave_one_size_out,0,forest_classifier,2db9eba90ba8cd0954c12783101856a28b9a2dc7771ca234eecefcf2689ef643_synthetic_line_6q_favorable_47,teleport
leave_one_size_out,0,forest_classifier,667e3a1f084c4e2a3fcd2b6479ca873f035a167fe6bd3dac4cd548625d204592_synthetic_line_6q_spread_11,teleport
leave_one_size_out,0,forest_classifier,667e3a1f084c4e2a3fcd2b6479ca873f035a167fe6bd3dac4cd548625d204592_synthetic_line_6q_spread_19,teleport
leave_one_size_out,0,forest_classifier,667e3a1f084c4e2a3fcd2b6479ca873f035a167fe6bd3dac4cd548625d204592_synthetic_line_6q_spread_29,teleport
leave_one_size_out,0,forest_classifier,667e3a1f084c4e2a3fcd2b6479ca873f035a167fe6bd3dac4cd548625d204592_synthetic_line_6q_spread_37,teleport
leave_one_size_out,0,forest_classifier,667e3a1f084c4e2a3fcd2b6479ca873f035a167fe6bd3dac4cd548625d204592_synthetic_line_6q_spread_47,teleport
leave_one_size_out,0,forest_classifier,bc2d5292433dbd57457d4b8e18f32adf5b65f135ba9bc3522cd34066a6aaff03_synthetic_ring_6q_transpiler_11,teleport
leave_one_size_out,0,forest_classifier,bc2d5292433dbd57457d4b8e18f32adf5b65f135ba9bc3522cd34066a6aaff03_synthetic_ring_6q_transpiler_19,teleport
leave_one_size_out,0,forest_classifier,bc2d5292433dbd57457d4b8e18f32adf5b65f135ba9bc3522cd34066a6aaff03_synthetic_ring_6q_transpiler_29,teleport
leave_one_size_out,0,forest_classifier,bc2d5292433dbd57457d4b8e18f32adf5b65f135ba9bc3522cd34066a6aaff03_synthetic_ring_6q_transpiler_37,teleport
leave_one_size_out,0,forest_classifier,bc2d5292433dbd57457d4b8e18f32adf5b65f135ba9bc3522cd34066a6aaff03_synthetic_ring_6q_transpiler_47,teleport
leave_one_size_out,0,forest_classifier,0fc28dc35599b93623d9613d500225976d3b315fe307e512a0db8d51410569b8_synthetic_grid_6q_transpiler_11,teleport
leave_one_size_out,0,forest_classifier,0fc28dc35599b93623d9613d500225976d3b315fe307e512a0db8d51410569b8_synthetic_grid_6q_transpiler_19,teleport
leave_one_size_out,0,forest_classifier,0fc28dc35599b93623d9613d500225976d3b315fe307e512a0db8d51410569b8_synthetic_grid_6q_transpiler_29,teleport
leave_one_size_out,0,forest_classifier,0fc28dc35599b93623d9613d500225976d3b315fe307e512a0db8d51410569b8_synthetic_grid_6q_transpiler_37,teleport
leave_one_size_out,0,forest_classifier,0fc28dc35599b93623d9613d500225976d3b315fe307e512a0db8d51410569b8_synthetic_grid_6q_transpiler_47,teleport
leave_one_size_out,0,forest_classifier,b4d5502166457832ab5510beca11bf8da7f4721a767e3c0a5898a00a9f9831cd_synthetic_heavy_hex_like_7q_transpiler_11,teleport
leave_one_size_out,0,forest_classifier,b4d5502166457832ab5510beca11bf8da7f4721a767e3c0a5898a00a9f9831cd_synthetic_heavy_hex_like_7q_transpiler_19,teleport
leave_one_size_out,0,forest_classifier,b4d5502166457832ab5510beca11bf8da7f4721a767e3c0a5898a00a9f9831cd_synthetic_heavy_hex_like_7q_transpiler_29,teleport
leave_one_size_out,0,forest_classifier,b4d5502166457832ab5510beca11bf8da7f4721a767e3c0a5898a00a9f9831cd_synthetic_heavy_hex_like_7q_transpiler_37,teleport
leave_one_size_out,0,forest_classifier,b4d5502166457832ab5510beca11bf8da7f4721a767e3c0a5898a00a9f9831cd_synthetic_heavy_hex_like_7q_transpiler_47,teleport
leave_one_size_out,0,forest_classifier,72b1038facc288285e2702246aec8cb5a5d554250f6dd4647e31f249d53e1c38_synthetic_irregular_7q_spread_11,teleport
leave_one_size_out,0,forest_classifier,72b1038facc288285e2702246aec8cb5a5d554250f6dd4647e31f249d53e1c38_synthetic_irregular_7q_spread_19,teleport
leave_one_size_out,0,forest_classifier,72b1038facc288285e2702246aec8cb5a5d554250f6dd4647e31f249d53e1c38_synthetic_irregular_7q_spread_29,teleport
leave_one_size_out,0,forest_classifier,72b1038facc288285e2702246aec8cb5a5d554250f6dd4647e31f249d53e1c38_synthetic_irregular_7q_spread_37,teleport
leave_one_size_out,0,forest_classifier,72b1038facc288285e2702246aec8cb5a5d554250f6dd4647e31f249d53e1c38_synthetic_irregular_7q_spread_47,teleport
leave_one_size_out,0,forest_delta_regressor,2db9eba90ba8cd0954c12783101856a28b9a2dc7771ca234eecefcf2689ef643_synthetic_line_6q_favorable_11,teleport
leave_one_size_out,0,forest_delta_regressor,2db9eba90ba8cd0954c12783101856a28b9a2dc7771ca234eecefcf2689ef643_synthetic_line_6q_favorable_19,teleport
leave_one_size_out,0,forest_delta_regressor,2db9eba90ba8cd0954c12783101856a28b9a2dc7771ca234eecefcf2689ef643_synthetic_line_6q_favorable_29,teleport
leave_one_size_out,0,forest_delta_regressor,2db9eba90ba8cd0954c12783101856a28b9a2dc7771ca234eecefcf2689ef643_synthetic_line_6q_favorable_37,teleport
leave_one_size_out,0,forest_delta_regressor,2db9eba90ba8cd0954c12783101856a28b9a2dc7771ca234eecefcf2689ef643_synthetic_line_6q_favorable_47,teleport
leave_one_size_out,0,forest_delta_regressor,667e3a1f084c4e2a3fcd2b6479ca873f035a167fe6bd3dac4cd548625d204592_synthetic_line_6q_spread_11,teleport
leave_one_size_out,0,forest_delta_regressor,667e3a1f084c4e2a3fcd2b6479ca873f035a167fe6bd3dac4cd548625d204592_synthetic_line_6q_spread_19,teleport
leave_one_size_out,0,forest_delta_regressor,667e3a1f084c4e2a3fcd2b6479ca873f035a167fe6bd3dac4cd548625d204592_synthetic_line_6q_spread_29,teleport
leave_one_size_out,0,forest_delta_regressor,667e3a1f084c4e2a3fcd2b6479ca873f035a167fe6bd3dac4cd548625d204592_synthetic_line_6q_spread_37,teleport
leave_one_size_out,0,forest_delta_regressor,667e3a1f084c4e2a3fcd2b6479ca873f035a167fe6bd3dac4cd548625d204592_synthetic_line_6q_spread_47,teleport
leave_one_size_out,0,forest_delta_regressor,bc2d5292433dbd57457d4b8e18f32adf5b65f135ba9bc3522cd34066a6aaff03_synthetic_ring_6q_transpiler_11,teleport
leave_one_size_out,0,forest_delta_regressor,bc2d5292433dbd57457d4b8e18f32adf5b65f135ba9bc3522cd34066a6aaff03_synthetic_ring_6q_transpiler_19,teleport
leave_one_size_out,0,forest_delta_regressor,bc2d5292433dbd57457d4b8e18f32adf5b65f135ba9bc3522cd34066a6aaff03_synthetic_ring_6q_transpiler_29,teleport
leave_one_size_out,0,forest_delta_regressor,bc2d5292433dbd57457d4b8e18f32adf5b65f135ba9bc3522cd34066a6aaff03_synthetic_ring_6q_transpiler_37,teleport
leave_one_size_out,0,forest_delta_regressor,bc2d5292433dbd57457d4b8e18f32adf5b65f135ba9bc3522cd34066a6aaff03_synthetic_ring_6q_transpiler_47,teleport
leave_one_size_out,0,forest_delta_regressor,0fc28dc35599b93623d9613d500225976d3b315fe307e512a0db8d51410569b8_synthetic_grid_6q_transpiler_11,teleport
leave_one_size_out,0,forest_delta_regressor,0fc28dc35599b93623d9613d500225976d3b315fe307e512a0db8d51410569b8_synthetic_grid_6q_transpiler_19,teleport
leave_one_size_out,0,forest_delta_regressor,0fc28dc35599b93623d9613d500225976d3b315fe307e512a0db8d51410569b8_synthetic_grid_6q_transpiler_29,teleport
leave_one_size_out,0,forest_delta_regressor,0fc28dc35599b93623d9613d500225976d3b315fe307e512a0db8d51410569b8_synthetic_grid_6q_transpiler_37,teleport
leave_one_size_out,0,forest_delta_regressor,0fc28dc35599b93623d9613d500225976d3b315fe307e512a0db8d51410569b8_synthetic_grid_6q_transpiler_47,teleport
leave_one_size_out,0,forest_delta_regressor,b4d5502166457832ab5510beca11bf8da7f4721a767e3c0a5898a00a9f9831cd_synthetic_heavy_hex_like_7q_transpiler_11,teleport
leave_one_size_out,0,forest_delta_regressor,b4d5502166457832ab5510beca11bf8da7f4721a767e3c0a5898a00a9f9831cd_synthetic_heavy_hex_like_7q_transpiler_19,teleport
leave_one_size_out,0,forest_delta_regressor,b4d5502166457832ab5510beca11bf8da7f4721a767e3c0a5898a00a9f9831cd_synthetic_heavy_hex_like_7q_transpiler_29,teleport
leave_one_size_out,0,forest_delta_regressor,b4d5502166457832ab5510beca11bf8da7f4721a767e3c0a5898a00a9f9831cd_synthetic_heavy_hex_like_7q_transpiler_37,teleport
leave_one_size_out,0,forest_delta_regressor,b4d5502166457832ab5510beca11bf8da7f4721a767e3c0a5898a00a9f9831cd_synthetic_heavy_hex_like_7q_transpiler_47,teleport
leave_one_size_out,0,forest_delta_regressor,72b1038facc288285e2702246aec8cb5a5d554250f6dd4647e31f249d53e1c38_synthetic_irregular_7q_spread_11,teleport
leave_one_size_out,0,forest_delta_regressor,72b1038facc288285e2702246aec8cb5a5d554250f6dd4647e31f249d53e1c38_synthetic_irregular_7q_spread_19,teleport
leave_one_size_out,0,forest_delta_regressor,72b1038facc288285e2702246aec8cb5a5d554250f6dd4647e31f249d53e1c38_synthetic_irregular_7q_spread_29,teleport
leave_one_size_out,0,forest_delta_regressor,72b1038facc288285e2702246aec8cb5a5d554250f6dd4647e31f249d53e1c38_synthetic_irregular_7q_spread_37,teleport
leave_one_size_out,0,forest_delta_regressor,72b1038facc288285e2702246aec8cb5a5d554250f6dd4647e31f249d53e1c38_synthetic_irregular_7q_spread_47,teleport
leave_one_size_out,1,always_basic,458db1b65dc833bd8c659df2b45270528a8cfce8db05e426b8a2f00bff2e84f9_synthetic_ring_6q_transpiler_11,basic
leave_one_size_out,1,always_basic,458db1b65dc833bd8c659df2b45270528a8cfce8db05e426b8a2f00bff2e84f9_synthetic_ring_6q_transpiler_19,basic
leave_one_size_out,1,always_basic,458db1b65dc833bd8c659df2b45270528a8cfce8db05e426b8a2f00bff2e84f9_synthetic_ring_6q_transpiler_29,basic
leave_one_size_out,1,always_basic,458db1b65dc833bd8c659df2b45270528a8cfce8db05e426b8a2f00bff2e84f9_synthetic_ring_6q_transpiler_37,basic
leave_one_size_out,1,always_basic,458db1b65dc833bd8c659df2b45270528a8cfce8db05e426b8a2f00bff2e84f9_synthetic_ring_6q_transpiler_47,basic
leave_one_size_out,1,always_basic,8a9838b475d9bb5d15c2324d44b159fb5c192b8a4ea7b71bf432d0ede311ee02_synthetic_grid_6q_transpiler_11,basic
leave_one_size_out,1,always_basic,8a9838b475d9bb5d15c2324d44b159fb5c192b8a4ea7b71bf432d0ede311ee02_synthetic_grid_6q_transpiler_19,basic
leave_one_size_out,1,always_basic,8a9838b475d9bb5d15c2324d44b159fb5c192b8a4ea7b71bf432d0ede311ee02_synthetic_grid_6q_transpiler_29,basic
leave_one_size_out,1,always_basic,8a9838b475d9bb5d15c2324d44b159fb5c192b8a4ea7b71bf432d0ede311ee02_synthetic_grid_6q_transpiler_37,basic
leave_one_size_out,1,always_basic,8a9838b475d9bb5d15c2324d44b159fb5c192b8a4ea7b71bf432d0ede311ee02_synthetic_grid_6q_transpiler_47,basic
leave_one_size_out,1,always_basic,dabd84c4a3325ef21b50a394178e913fd5ef5dba3253c4dc929ef5785b340571_synthetic_line_6q_favorable_11,basic
leave_one_size_out,1,always_basic,dabd84c4a3325ef21b50a394178e913fd5ef5dba3253c4dc929ef5785b340571_synthetic_line_6q_favorable_19,basic
leave_one_size_out,1,always_basic,dabd84c4a3325ef21b50a394178e913fd5ef5dba3253c4dc929ef5785b340571_synthetic_line_6q_favorable_29,basic
leave_one_size_out,1,always_basic,dabd84c4a3325ef21b50a394178e913fd5ef5dba3253c4dc929ef5785b340571_synthetic_line_6q_favorable_37,basic
leave_one_size_out,1,always_basic,dabd84c4a3325ef21b50a394178e913fd5ef5dba3253c4dc929ef5785b340571_synthetic_line_6q_favorable_47,basic
leave_one_size_out,1,always_basic,dabd84c4a3325ef21b50a394178e913fd5ef5dba3253c4dc929ef5785b340571_synthetic_line_6q_spread_11,basic
leave_one_size_out,1,always_basic,dabd84c4a3325ef21b50a394178e913fd5ef5dba3253c4dc929ef5785b340571_synthetic_line_6q_spread_19,basic
leave_one_size_out,1,always_basic,dabd84c4a3325ef21b50a394178e913fd5ef5dba3253c4dc929ef5785b340571_synthetic_line_6q_spread_29,basic
leave_one_size_out,1,always_basic,dabd84c4a3325ef21b50a394178e913fd5ef5dba3253c4dc929ef5785b340571_synthetic_line_6q_spread_37,basic
leave_one_size_out,1,always_basic,dabd84c4a3325ef21b50a394178e913fd5ef5dba3253c4dc929ef5785b340571_synthetic_line_6q_spread_47,basic
leave_one_size_out,1,always_basic,dabd84c4a3325ef21b50a394178e913fd5ef5dba3253c4dc929ef5785b340571_synthetic_ring_6q_transpiler_11,basic
leave_one_size_out,1,always_basic,dabd84c4a3325ef21b50a394178e913fd5ef5dba3253c4dc929ef5785b340571_synthetic_ring_6q_transpiler_19,basic
leave_one_size_out,1,always_basic,dabd84c4a3325ef21b50a394178e913fd5ef5dba3253c4dc929ef5785b340571_synthetic_ring_6q_transpiler_29,basic
leave_one_size_out,1,always_basic,dabd84c4a3325ef21b50a394178e913fd5ef5dba3253c4dc929ef5785b340571_synthetic_ring_6q_transpiler_37,basic
leave_one_size_out,1,always_basic,dabd84c4a3325ef21b50a394178e913fd5ef5dba3253c4dc929ef5785b340571_synthetic_ring_6q_transpiler_47,basic
leave_one_size_out,1,always_basic,dabd84c4a3325ef21b50a394178e913fd5ef5dba3253c4dc929ef5785b340571_synthetic_grid_6q_transpiler_11,basic
leave_one_size_out,1,always_basic,dabd84c4a3325ef21b50a394178e913fd5ef5dba3253c4dc929ef5785b340571_synthetic_grid_6q_transpiler_19,basic
leave_one_size_out,1,always_basic,dabd84c4a3325ef21b50a394178e913fd5ef5dba3253c4dc929ef5785b340571_synthetic_grid_6q_transpiler_29,basic
leave_one_size_out,1,always_basic,dabd84c4a3325ef21b50a394178e913fd5ef5dba3253c4dc929ef5785b340571_synthetic_grid_6q_transpiler_37,basic
leave_one_size_out,1,always_basic,dabd84c4a3325ef21b50a394178e913fd5ef5dba3253c4dc929ef5785b340571_synthetic_grid_6q_transpiler_47,basic
leave_one_size_out,1,always_basic,dabd84c4a3325ef21b50a394178e913fd5ef5dba3253c4dc929ef5785b340571_synthetic_heavy_hex_like_7q_transpiler_11,basic
leave_one_size_out,1,always_basic,dabd84c4a3325ef21b50a394178e913fd5ef5dba3253c4dc929ef5785b340571_synthetic_heavy_hex_like_7q_transpiler_19,basic
leave_one_size_out,1,always_basic,dabd84c4a3325ef21b50a394178e913fd5ef5dba3253c4dc929ef5785b340571_synthetic_heavy_hex_like_7q_transpiler_29,basic
leave_one_size_out,1,always_basic,dabd84c4a3325ef21b50a394178e913fd5ef5dba3253c4dc929ef5785b340571_synthetic_heavy_hex_like_7q_transpiler_37,basic
leave_one_size_out,1,always_basic,dabd84c4a3325ef21b50a394178e913fd5ef5dba3253c4dc929ef5785b340571_synthetic_heavy_hex_like_7q_transpiler_47,basic
leave_one_size_out,1,always_basic,dabd84c4a3325ef21b50a394178e913fd5ef5dba3253c4dc929ef5785b340571_synthetic_irregular_7q_favorable_11,basic
leave_one_size_out,1,always_basic,dabd84c4a3325ef21b50a394178e913fd5ef5dba3253c4dc929ef5785b340571_synthetic_irregular_7q_favorable_19,basic
leave_one_size_out,1,always_basic,dabd84c4a3325ef21b50a394178e913fd5ef5dba3253c4dc929ef5785b340571_synthetic_irregular_7q_favorable_29,basic
leave_one_size_out,1,always_basic,dabd84c4a3325ef21b50a394178e913fd5ef5dba3253c4dc929ef5785b340571_synthetic_irregular_7q_favorable_37,basic
leave_one_size_out,1,always_basic,dabd84c4a3325ef21b50a394178e913fd5ef5dba3253c4dc929ef5785b340571_synthetic_irregular_7q_favorable_47,basic
leave_one_size_out,1,always_basic,dabd84c4a3325ef21b50a394178e913fd5ef5dba3253c4dc929ef5785b340571_synthetic_irregular_7q_spread_11,basic
leave_one_size_out,1,always_basic,dabd84c4a3325ef21b50a394178e913fd5ef5dba3253c4dc929ef5785b340571_synthetic_irregular_7q_spread_19,basic
leave_one_size_out,1,always_basic,dabd84c4a3325ef21b50a394178e913fd5ef5dba3253c4dc929ef5785b340571_synthetic_irregular_7q_spread_29,basic
leave_one_size_out,1,always_basic,dabd84c4a3325ef21b50a394178e913fd5ef5dba3253c4dc929ef5785b340571_synthetic_irregular_7q_spread_37,basic
leave_one_size_out,1,always_basic,dabd84c4a3325ef21b50a394178e913fd5ef5dba3253c4dc929ef5785b340571_synthetic_irregular_7q_spread_47,basic
leave_one_size_out,1,always_basic,199175ead0c72935d7a99429464f9050e079ef6f760813698618253a465ecf60_synthetic_irregular_7q_favorable_11,basic
leave_one_size_out,1,always_basic,199175ead0c72935d7a99429464f9050e079ef6f760813698618253a465ecf60_synthetic_irregular_7q_favorable_19,basic
leave_one_size_out,1,always_basic,199175ead0c72935d7a99429464f9050e079ef6f760813698618253a465ecf60_synthetic_irregular_7q_favorable_29,basic
leave_one_size_out,1,always_basic,199175ead0c72935d7a99429464f9050e079ef6f760813698618253a465ecf60_synthetic_irregular_7q_favorable_37,basic
leave_one_size_out,1,always_basic,199175ead0c72935d7a99429464f9050e079ef6f760813698618253a465ecf60_synthetic_irregular_7q_favorable_47,basic
leave_one_size_out,1,always_teleport,458db1b65dc833bd8c659df2b45270528a8cfce8db05e426b8a2f00bff2e84f9_synthetic_ring_6q_transpiler_11,teleport
leave_one_size_out,1,always_teleport,458db1b65dc833bd8c659df2b45270528a8cfce8db05e426b8a2f00bff2e84f9_synthetic_ring_6q_transpiler_19,teleport
leave_one_size_out,1,always_teleport,458db1b65dc833bd8c659df2b45270528a8cfce8db05e426b8a2f00bff2e84f9_synthetic_ring_6q_transpiler_29,teleport
leave_one_size_out,1,always_teleport,458db1b65dc833bd8c659df2b45270528a8cfce8db05e426b8a2f00bff2e84f9_synthetic_ring_6q_transpiler_37,teleport
leave_one_size_out,1,always_teleport,458db1b65dc833bd8c659df2b45270528a8cfce8db05e426b8a2f00bff2e84f9_synthetic_ring_6q_transpiler_47,teleport
leave_one_size_out,1,always_teleport,8a9838b475d9bb5d15c2324d44b159fb5c192b8a4ea7b71bf432d0ede311ee02_synthetic_grid_6q_transpiler_11,teleport
leave_one_size_out,1,always_teleport,8a9838b475d9bb5d15c2324d44b159fb5c192b8a4ea7b71bf432d0ede311ee02_synthetic_grid_6q_transpiler_19,teleport
leave_one_size_out,1,always_teleport,8a9838b475d9bb5d15c2324d44b159fb5c192b8a4ea7b71bf432d0ede311ee02_synthetic_grid_6q_transpiler_29,teleport
leave_one_size_out,1,always_teleport,8a9838b475d9bb5d15c2324d44b159fb5c192b8a4ea7b71bf432d0ede311ee02_synthetic_grid_6q_transpiler_37,teleport
leave_one_size_out,1,always_teleport,8a9838b475d9bb5d15c2324d44b159fb5c192b8a4ea7b71bf432d0ede311ee02_synthetic_grid_6q_transpiler_47,teleport
leave_one_size_out,1,always_teleport,dabd84c4a3325ef21b50a394178e913fd5ef5dba3253c4dc929ef5785b340571_synthetic_line_6q_favorable_11,teleport
leave_one_size_out,1,always_teleport,dabd84c4a3325ef21b50a394178e913fd5ef5dba3253c4dc929ef5785b340571_synthetic_line_6q_favorable_19,teleport
leave_one_size_out,1,always_teleport,dabd84c4a3325ef21b50a394178e913fd5ef5dba3253c4dc929ef5785b340571_synthetic_line_6q_favorable_29,teleport
leave_one_size_out,1,always_teleport,dabd84c4a3325ef21b50a394178e913fd5ef5dba3253c4dc929ef5785b340571_synthetic_line_6q_favorable_37,teleport
leave_one_size_out,1,always_teleport,dabd84c4a3325ef21b50a394178e913fd5ef5dba3253c4dc929ef5785b340571_synthetic_line_6q_favorable_47,teleport
leave_one_size_out,1,always_teleport,dabd84c4a3325ef21b50a394178e913fd5ef5dba3253c4dc929ef5785b340571_synthetic_line_6q_spread_11,teleport
leave_one_size_out,1,always_teleport,dabd84c4a3325ef21b50a394178e913fd5ef5dba3253c4dc929ef5785b340571_synthetic_line_6q_spread_19,teleport
leave_one_size_out,1,always_teleport,dabd84c4a3325ef21b50a394178e913fd5ef5dba3253c4dc929ef5785b340571_synthetic_line_6q_spread_29,teleport
leave_one_size_out,1,always_teleport,dabd84c4a3325ef21b50a394178e913fd5ef5dba3253c4dc929ef5785b340571_synthetic_line_6q_spread_37,teleport
leave_one_size_out,1,always_teleport,dabd84c4a3325ef21b50a394178e913fd5ef5dba3253c4dc929ef5785b340571_synthetic_line_6q_spread_47,teleport
leave_one_size_out,1,always_teleport,dabd84c4a3325ef21b50a394178e913fd5ef5dba3253c4dc929ef5785b340571_synthetic_ring_6q_transpiler_11,teleport
leave_one_size_out,1,always_teleport,dabd84c4a3325ef21b50a394178e913fd5ef5dba3253c4dc929ef5785b340571_synthetic_ring_6q_transpiler_19,teleport
leave_one_size_out,1,always_teleport,dabd84c4a3325ef21b50a394178e913fd5ef5dba3253c4dc929ef5785b340571_synthetic_ring_6q_transpiler_29,teleport
leave_one_size_out,1,always_teleport,dabd84c4a3325ef21b50a394178e913fd5ef5dba3253c4dc929ef5785b340571_synthetic_ring_6q_transpiler_37,teleport
leave_one_size_out,1,always_teleport,dabd84c4a3325ef21b50a394178e913fd5ef5dba3253c4dc929ef5785b340571_synthetic_ring_6q_transpiler_47,teleport
leave_one_size_out,1,always_teleport,dabd84c4a3325ef21b50a394178e913fd5ef5dba3253c4dc929ef5785b340571_synthetic_grid_6q_transpiler_11,teleport
leave_one_size_out,1,always_teleport,dabd84c4a3325ef21b50a394178e913fd5ef5dba3253c4dc929ef5785b340571_synthetic_grid_6q_transpiler_19,teleport
leave_one_size_out,1,always_teleport,dabd84c4a3325ef21b50a394178e913fd5ef5dba3253c4dc929ef5785b340571_synthetic_grid_6q_transpiler_29,teleport
leave_one_size_out,1,always_teleport,dabd84c4a3325ef21b50a394178e913fd5ef5dba3253c4dc929ef5785b340571_synthetic_grid_6q_transpiler_37,teleport
leave_one_size_out,1,always_teleport,dabd84c4a3325ef21b50a394178e913fd5ef5dba3253c4dc929ef5785b340571_synthetic_grid_6q_transpiler_47,teleport
leave_one_size_out,1,always_teleport,dabd84c4a3325ef21b50a394178e913fd5ef5dba3253c4dc929ef5785b340571_synthetic_heavy_hex_like_7q_transpiler_11,teleport
leave_one_size_out,1,always_teleport,dabd84c4a3325ef21b50a394178e913fd5ef5dba3253c4dc929ef5785b340571_synthetic_heavy_hex_like_7q_transpiler_19,teleport
leave_one_size_out,1,always_teleport,dabd84c4a3325ef21b50a394178e913fd5ef5dba3253c4dc929ef5785b340571_synthetic_heavy_hex_like_7q_transpiler_29,teleport
leave_one_size_out,1,always_teleport,dabd84c4a3325ef21b50a394178e913fd5ef5dba3253c4dc929ef5785b340571_synthetic_heavy_hex_like_7q_transpiler_37,teleport
leave_one_size_out,1,always_teleport,dabd84c4a3325ef21b50a394178e913fd5ef5dba3253c4dc929ef5785b340571_synthetic_heavy_hex_like_7q_transpiler_47,teleport
leave_one_size_out,1,always_teleport,dabd84c4a3325ef21b50a394178e913fd5ef5dba3253c4dc929ef5785b340571_synthetic_irregular_7q_favorable_11,teleport
leave_one_size_out,1,always_teleport,dabd84c4a3325ef21b50a394178e913fd5ef5dba3253c4dc929ef5785b340571_synthetic_irregular_7q_favorable_19,teleport
leave_one_size_out,1,always_teleport,dabd84c4a3325ef21b50a394178e913fd5ef5dba3253c4dc929ef5785b340571_synthetic_irregular_7q_favorable_29,teleport
leave_one_size_out,1,always_teleport,dabd84c4a3325ef21b50a394178e913fd5ef5dba3253c4dc929ef5785b340571_synthetic_irregular_7q_favorable_37,teleport
leave_one_size_out,1,always_teleport,dabd84c4a3325ef21b50a394178e913fd5ef5dba3253c4dc929ef5785b340571_synthetic_irregular_7q_favorable_47,teleport
leave_one_size_out,1,always_teleport,dabd84c4a3325ef21b50a394178e913fd5ef5dba3253c4dc929ef5785b340571_synthetic_irregular_7q_spread_11,teleport
leave_one_size_out,1,always_teleport,dabd84c4a3325ef21b50a394178e913fd5ef5dba3253c4dc929ef5785b340571_synthetic_irregular_7q_spread_19,teleport
leave_one_size_out,1,always_teleport,dabd84c4a3325ef21b50a394178e913fd5ef5dba3253c4dc929ef5785b340571_synthetic_irregular_7q_spread_29,teleport
leave_one_size_out,1,always_teleport,dabd84c4a3325ef21b50a394178e913fd5ef5dba3253c4dc929ef5785b340571_synthetic_irregular_7q_spread_37,teleport
leave_one_size_out,1,always_teleport,dabd84c4a3325ef21b50a394178e913fd5ef5dba3253c4dc929ef5785b340571_synthetic_irregular_7q_spread_47,teleport
leave_one_size_out,1,always_teleport,199175ead0c72935d7a99429464f9050e079ef6f760813698618253a465ecf60_synthetic_irregular_7q_favorable_11,teleport
leave_one_size_out,1,always_teleport,199175ead0c72935d7a99429464f9050e079ef6f760813698618253a465ecf60_synthetic_irregular_7q_favorable_19,teleport
leave_one_size_out,1,always_teleport,199175ead0c72935d7a99429464f9050e079ef6f760813698618253a465ecf60_synthetic_irregular_7q_favorable_29,teleport
leave_one_size_out,1,always_teleport,199175ead0c72935d7a99429464f9050e079ef6f760813698618253a465ecf60_synthetic_irregular_7q_favorable_37,teleport
leave_one_size_out,1,always_teleport,199175ead0c72935d7a99429464f9050e079ef6f760813698618253a465ecf60_synthetic_irregular_7q_favorable_47,teleport
leave_one_size_out,1,majority,458db1b65dc833bd8c659df2b45270528a8cfce8db05e426b8a2f00bff2e84f9_synthetic_ring_6q_transpiler_11,teleport
leave_one_size_out,1,majority,458db1b65dc833bd8c659df2b45270528a8cfce8db05e426b8a2f00bff2e84f9_synthetic_ring_6q_transpiler_19,teleport
leave_one_size_out,1,majority,458db1b65dc833bd8c659df2b45270528a8cfce8db05e426b8a2f00bff2e84f9_synthetic_ring_6q_transpiler_29,teleport
leave_one_size_out,1,majority,458db1b65dc833bd8c659df2b45270528a8cfce8db05e426b8a2f00bff2e84f9_synthetic_ring_6q_transpiler_37,teleport
leave_one_size_out,1,majority,458db1b65dc833bd8c659df2b45270528a8cfce8db05e426b8a2f00bff2e84f9_synthetic_ring_6q_transpiler_47,teleport
leave_one_size_out,1,majority,8a9838b475d9bb5d15c2324d44b159fb5c192b8a4ea7b71bf432d0ede311ee02_synthetic_grid_6q_transpiler_11,teleport
leave_one_size_out,1,majority,8a9838b475d9bb5d15c2324d44b159fb5c192b8a4ea7b71bf432d0ede311ee02_synthetic_grid_6q_transpiler_19,teleport
leave_one_size_out,1,majority,8a9838b475d9bb5d15c2324d44b159fb5c192b8a4ea7b71bf432d0ede311ee02_synthetic_grid_6q_transpiler_29,teleport
leave_one_size_out,1,majority,8a9838b475d9bb5d15c2324d44b159fb5c192b8a4ea7b71bf432d0ede311ee02_synthetic_grid_6q_transpiler_37,teleport
leave_one_size_out,1,majority,8a9838b475d9bb5d15c2324d44b159fb5c192b8a4ea7b71bf432d0ede311ee02_synthetic_grid_6q_transpiler_47,teleport
leave_one_size_out,1,majority,dabd84c4a3325ef21b50a394178e913fd5ef5dba3253c4dc929ef5785b340571_synthetic_line_6q_favorable_11,teleport
leave_one_size_out,1,majority,dabd84c4a3325ef21b50a394178e913fd5ef5dba3253c4dc929ef5785b340571_synthetic_line_6q_favorable_19,teleport
leave_one_size_out,1,majority,dabd84c4a3325ef21b50a394178e913fd5ef5dba3253c4dc929ef5785b340571_synthetic_line_6q_favorable_29,teleport
leave_one_size_out,1,majority,dabd84c4a3325ef21b50a394178e913fd5ef5dba3253c4dc929ef5785b340571_synthetic_line_6q_favorable_37,teleport
leave_one_size_out,1,majority,dabd84c4a3325ef21b50a394178e913fd5ef5dba3253c4dc929ef5785b340571_synthetic_line_6q_favorable_47,teleport
leave_one_size_out,1,majority,dabd84c4a3325ef21b50a394178e913fd5ef5dba3253c4dc929ef5785b340571_synthetic_line_6q_spread_11,teleport
leave_one_size_out,1,majority,dabd84c4a3325ef21b50a394178e913fd5ef5dba3253c4dc929ef5785b340571_synthetic_line_6q_spread_19,teleport
leave_one_size_out,1,majority,dabd84c4a3325ef21b50a394178e913fd5ef5dba3253c4dc929ef5785b340571_synthetic_line_6q_spread_29,teleport
leave_one_size_out,1,majority,dabd84c4a3325ef21b50a394178e913fd5ef5dba3253c4dc929ef5785b340571_synthetic_line_6q_spread_37,teleport
leave_one_size_out,1,majority,dabd84c4a3325ef21b50a394178e913fd5ef5dba3253c4dc929ef5785b340571_synthetic_line_6q_spread_47,teleport
leave_one_size_out,1,majority,dabd84c4a3325ef21b50a394178e913fd5ef5dba3253c4dc929ef5785b340571_synthetic_ring_6q_transpiler_11,teleport
leave_one_size_out,1,majority,dabd84c4a3325ef21b50a394178e913fd5ef5dba3253c4dc929ef5785b340571_synthetic_ring_6q_transpiler_19,teleport
leave_one_size_out,1,majority,dabd84c4a3325ef21b50a394178e913fd5ef5dba3253c4dc929ef5785b340571_synthetic_ring_6q_transpiler_29,teleport
leave_one_size_out,1,majority,dabd84c4a3325ef21b50a394178e913fd5ef5dba3253c4dc929ef5785b340571_synthetic_ring_6q_transpiler_37,teleport
leave_one_size_out,1,majority,dabd84c4a3325ef21b50a394178e913fd5ef5dba3253c4dc929ef5785b340571_synthetic_ring_6q_transpiler_47,teleport
leave_one_size_out,1,majority,dabd84c4a3325ef21b50a394178e913fd5ef5dba3253c4dc929ef5785b340571_synthetic_grid_6q_transpiler_11,teleport
leave_one_size_out,1,majority,dabd84c4a3325ef21b50a394178e913fd5ef5dba3253c4dc929ef5785b340571_synthetic_grid_6q_transpiler_19,teleport
leave_one_size_out,1,majority,dabd84c4a3325ef21b50a394178e913fd5ef5dba3253c4dc929ef5785b340571_synthetic_grid_6q_transpiler_29,teleport
leave_one_size_out,1,majority,dabd84c4a3325ef21b50a394178e913fd5ef5dba3253c4dc929ef5785b340571_synthetic_grid_6q_transpiler_37,teleport
leave_one_size_out,1,majority,dabd84c4a3325ef21b50a394178e913fd5ef5dba3253c4dc929ef5785b340571_synthetic_grid_6q_transpiler_47,teleport
leave_one_size_out,1,majority,dabd84c4a3325ef21b50a394178e913fd5ef5dba3253c4dc929ef5785b340571_synthetic_heavy_hex_like_7q_transpiler_11,teleport
leave_one_size_out,1,majority,dabd84c4a3325ef21b50a394178e913fd5ef5dba3253c4dc929ef5785b340571_synthetic_heavy_hex_like_7q_transpiler_19,teleport
leave_one_size_out,1,majority,dabd84c4a3325ef21b50a394178e913fd5ef5dba3253c4dc929ef5785b340571_synthetic_heavy_hex_like_7q_transpiler_29,teleport
leave_one_size_out,1,majority,dabd84c4a3325ef21b50a394178e913fd5ef5dba3253c4dc929ef5785b340571_synthetic_heavy_hex_like_7q_transpiler_37,teleport
leave_one_size_out,1,majority,dabd84c4a3325ef21b50a394178e913fd5ef5dba3253c4dc929ef5785b340571_synthetic_heavy_hex_like_7q_transpiler_47,teleport
leave_one_size_out,1,majority,dabd84c4a3325ef21b50a394178e913fd5ef5dba3253c4dc929ef5785b340571_synthetic_irregular_7q_favorable_11,teleport
leave_one_size_out,1,majority,dabd84c4a3325ef21b50a394178e913fd5ef5dba3253c4dc929ef5785b340571_synthetic_irregular_7q_favorable_19,teleport
leave_one_size_out,1,majority,dabd84c4a3325ef21b50a394178e913fd5ef5dba3253c4dc929ef5785b340571_synthetic_irregular_7q_favorable_29,teleport
leave_one_size_out,1,majority,dabd84c4a3325ef21b50a394178e913fd5ef5dba3253c4dc929ef5785b340571_synthetic_irregular_7q_favorable_37,teleport
leave_one_size_out,1,majority,dabd84c4a3325ef21b50a394178e913fd5ef5dba3253c4dc929ef5785b340571_synthetic_irregular_7q_favorable_47,teleport
leave_one_size_out,1,majority,dabd84c4a3325ef21b50a394178e913fd5ef5dba3253c4dc929ef5785b340571_synthetic_irregular_7q_spread_11,teleport
leave_one_size_out,1,majority,dabd84c4a3325ef21b50a394178e913fd5ef5dba3253c4dc929ef5785b340571_synthetic_irregular_7q_spread_19,teleport
leave_one_size_out,1,majority,dabd84c4a3325ef21b50a394178e913fd5ef5dba3253c4dc929ef5785b340571_synthetic_irregular_7q_spread_29,teleport
leave_one_size_out,1,majority,dabd84c4a3325ef21b50a394178e913fd5ef5dba3253c4dc929ef5785b340571_synthetic_irregular_7q_spread_37,teleport
leave_one_size_out,1,majority,dabd84c4a3325ef21b50a394178e913fd5ef5dba3253c4dc929ef5785b340571_synthetic_irregular_7q_spread_47,teleport
leave_one_size_out,1,majority,199175ead0c72935d7a99429464f9050e079ef6f760813698618253a465ecf60_synthetic_irregular_7q_favorable_11,teleport
leave_one_size_out,1,majority,199175ead0c72935d7a99429464f9050e079ef6f760813698618253a465ecf60_synthetic_irregular_7q_favorable_19,teleport
leave_one_size_out,1,majority,199175ead0c72935d7a99429464f9050e079ef6f760813698618253a465ecf60_synthetic_irregular_7q_favorable_29,teleport
leave_one_size_out,1,majority,199175ead0c72935d7a99429464f9050e079ef6f760813698618253a465ecf60_synthetic_irregular_7q_favorable_37,teleport
leave_one_size_out,1,majority,199175ead0c72935d7a99429464f9050e079ef6f760813698618253a465ecf60_synthetic_irregular_7q_favorable_47,teleport
leave_one_size_out,1,frozen_rule,458db1b65dc833bd8c659df2b45270528a8cfce8db05e426b8a2f00bff2e84f9_synthetic_ring_6q_transpiler_11,basic
leave_one_size_out,1,frozen_rule,458db1b65dc833bd8c659df2b45270528a8cfce8db05e426b8a2f00bff2e84f9_synthetic_ring_6q_transpiler_19,basic
leave_one_size_out,1,frozen_rule,458db1b65dc833bd8c659df2b45270528a8cfce8db05e426b8a2f00bff2e84f9_synthetic_ring_6q_transpiler_29,basic
leave_one_size_out,1,frozen_rule,458db1b65dc833bd8c659df2b45270528a8cfce8db05e426b8a2f00bff2e84f9_synthetic_ring_6q_transpiler_37,basic
leave_one_size_out,1,frozen_rule,458db1b65dc833bd8c659df2b45270528a8cfce8db05e426b8a2f00bff2e84f9_synthetic_ring_6q_transpiler_47,basic
leave_one_size_out,1,frozen_rule,8a9838b475d9bb5d15c2324d44b159fb5c192b8a4ea7b71bf432d0ede311ee02_synthetic_grid_6q_transpiler_11,basic
leave_one_size_out,1,frozen_rule,8a9838b475d9bb5d15c2324d44b159fb5c192b8a4ea7b71bf432d0ede311ee02_synthetic_grid_6q_transpiler_19,basic
leave_one_size_out,1,frozen_rule,8a9838b475d9bb5d15c2324d44b159fb5c192b8a4ea7b71bf432d0ede311ee02_synthetic_grid_6q_transpiler_29,basic
leave_one_size_out,1,frozen_rule,8a9838b475d9bb5d15c2324d44b159fb5c192b8a4ea7b71bf432d0ede311ee02_synthetic_grid_6q_transpiler_37,basic
leave_one_size_out,1,frozen_rule,8a9838b475d9bb5d15c2324d44b159fb5c192b8a4ea7b71bf432d0ede311ee02_synthetic_grid_6q_transpiler_47,basic
leave_one_size_out,1,frozen_rule,dabd84c4a3325ef21b50a394178e913fd5ef5dba3253c4dc929ef5785b340571_synthetic_line_6q_favorable_11,basic
leave_one_size_out,1,frozen_rule,dabd84c4a3325ef21b50a394178e913fd5ef5dba3253c4dc929ef5785b340571_synthetic_line_6q_favorable_19,basic
leave_one_size_out,1,frozen_rule,dabd84c4a3325ef21b50a394178e913fd5ef5dba3253c4dc929ef5785b340571_synthetic_line_6q_favorable_29,basic
leave_one_size_out,1,frozen_rule,dabd84c4a3325ef21b50a394178e913fd5ef5dba3253c4dc929ef5785b340571_synthetic_line_6q_favorable_37,basic
leave_one_size_out,1,frozen_rule,dabd84c4a3325ef21b50a394178e913fd5ef5dba3253c4dc929ef5785b340571_synthetic_line_6q_favorable_47,basic
leave_one_size_out,1,frozen_rule,dabd84c4a3325ef21b50a394178e913fd5ef5dba3253c4dc929ef5785b340571_synthetic_line_6q_spread_11,basic
leave_one_size_out,1,frozen_rule,dabd84c4a3325ef21b50a394178e913fd5ef5dba3253c4dc929ef5785b340571_synthetic_line_6q_spread_19,basic
leave_one_size_out,1,frozen_rule,dabd84c4a3325ef21b50a394178e913fd5ef5dba3253c4dc929ef5785b340571_synthetic_line_6q_spread_29,basic
leave_one_size_out,1,frozen_rule,dabd84c4a3325ef21b50a394178e913fd5ef5dba3253c4dc929ef5785b340571_synthetic_line_6q_spread_37,basic
leave_one_size_out,1,frozen_rule,dabd84c4a3325ef21b50a394178e913fd5ef5dba3253c4dc929ef5785b340571_synthetic_line_6q_spread_47,basic
leave_one_size_out,1,frozen_rule,dabd84c4a3325ef21b50a394178e913fd5ef5dba3253c4dc929ef5785b340571_synthetic_ring_6q_transpiler_11,basic
leave_one_size_out,1,frozen_rule,dabd84c4a3325ef21b50a394178e913fd5ef5dba3253c4dc929ef5785b340571_synthetic_ring_6q_transpiler_19,basic
leave_one_size_out,1,frozen_rule,dabd84c4a3325ef21b50a394178e913fd5ef5dba3253c4dc929ef5785b340571_synthetic_ring_6q_transpiler_29,basic
leave_one_size_out,1,frozen_rule,dabd84c4a3325ef21b50a394178e913fd5ef5dba3253c4dc929ef5785b340571_synthetic_ring_6q_transpiler_37,basic
leave_one_size_out,1,frozen_rule,dabd84c4a3325ef21b50a394178e913fd5ef5dba3253c4dc929ef5785b340571_synthetic_ring_6q_transpiler_47,basic
leave_one_size_out,1,frozen_rule,dabd84c4a3325ef21b50a394178e913fd5ef5dba3253c4dc929ef5785b340571_synthetic_grid_6q_transpiler_11,basic
leave_one_size_out,1,frozen_rule,dabd84c4a3325ef21b50a394178e913fd5ef5dba3253c4dc929ef5785b340571_synthetic_grid_6q_transpiler_19,basic
leave_one_size_out,1,frozen_rule,dabd84c4a3325ef21b50a394178e913fd5ef5dba3253c4dc929ef5785b340571_synthetic_grid_6q_transpiler_29,basic
leave_one_size_out,1,frozen_rule,dabd84c4a3325ef21b50a394178e913fd5ef5dba3253c4dc929ef5785b340571_synthetic_grid_6q_transpiler_37,basic
leave_one_size_out,1,frozen_rule,dabd84c4a3325ef21b50a394178e913fd5ef5dba3253c4dc929ef5785b340571_synthetic_grid_6q_transpiler_47,basic
leave_one_size_out,1,frozen_rule,dabd84c4a3325ef21b50a394178e913fd5ef5dba3253c4dc929ef5785b340571_synthetic_heavy_hex_like_7q_transpiler_11,basic
leave_one_size_out,1,frozen_rule,dabd84c4a3325ef21b50a394178e913fd5ef5dba3253c4dc929ef5785b340571_synthetic_heavy_hex_like_7q_transpiler_19,basic
leave_one_size_out,1,frozen_rule,dabd84c4a3325ef21b50a394178e913fd5ef5dba3253c4dc929ef5785b340571_synthetic_heavy_hex_like_7q_transpiler_29,basic
leave_one_size_out,1,frozen_rule,dabd84c4a3325ef21b50a394178e913fd5ef5dba3253c4dc929ef5785b340571_synthetic_heavy_hex_like_7q_transpiler_37,basic
leave_one_size_out,1,frozen_rule,dabd84c4a3325ef21b50a394178e913fd5ef5dba3253c4dc929ef5785b340571_synthetic_heavy_hex_like_7q_transpiler_47,basic
leave_one_size_out,1,frozen_rule,dabd84c4a3325ef21b50a394178e913fd5ef5dba3253c4dc929ef5785b340571_synthetic_irregular_7q_favorable_11,basic
leave_one_size_out,1,frozen_rule,dabd84c4a3325ef21b50a394178e913fd5ef5dba3253c4dc929ef5785b340571_synthetic_irregular_7q_favorable_19,basic
leave_one_size_out,1,frozen_rule,dabd84c4a3325ef21b50a394178e913fd5ef5dba3253c4dc929ef5785b340571_synthetic_irregular_7q_favorable_29,basic
leave_one_size_out,1,frozen_rule,dabd84c4a3325ef21b50a394178e913fd5ef5dba3253c4dc929ef5785b340571_synthetic_irregular_7q_favorable_37,basic
leave_one_size_out,1,frozen_rule,dabd84c4a3325ef21b50a394178e913fd5ef5dba3253c4dc929ef5785b340571_synthetic_irregular_7q_favorable_47,basic
leave_one_size_out,1,frozen_rule,dabd84c4a3325ef21b50a394178e913fd5ef5dba3253c4dc929ef5785b340571_synthetic_irregular_7q_spread_11,basic
leave_one_size_out,1,frozen_rule,dabd84c4a3325ef21b50a394178e913fd5ef5dba3253c4dc929ef5785b340571_synthetic_irregular_7q_spread_19,basic
leave_one_size_out,1,frozen_rule,dabd84c4a3325ef21b50a394178e913fd5ef5dba3253c4dc929ef5785b340571_synthetic_irregular_7q_spread_29,basic
leave_one_size_out,1,frozen_rule,dabd84c4a3325ef21b50a394178e913fd5ef5dba3253c4dc929ef5785b340571_synthetic_irregular_7q_spread_37,basic
leave_one_size_out,1,frozen_rule,dabd84c4a3325ef21b50a394178e913fd5ef5dba3253c4dc929ef5785b340571_synthetic_irregular_7q_spread_47,basic
leave_one_size_out,1,frozen_rule,199175ead0c72935d7a99429464f9050e079ef6f760813698618253a465ecf60_synthetic_irregular_7q_favorable_11,basic
leave_one_size_out,1,frozen_rule,199175ead0c72935d7a99429464f9050e079ef6f760813698618253a465ecf60_synthetic_irregular_7q_favorable_19,basic
leave_one_size_out,1,frozen_rule,199175ead0c72935d7a99429464f9050e079ef6f760813698618253a465ecf60_synthetic_irregular_7q_favorable_29,basic
leave_one_size_out,1,frozen_rule,199175ead0c72935d7a99429464f9050e079ef6f760813698618253a465ecf60_synthetic_irregular_7q_favorable_37,basic
leave_one_size_out,1,frozen_rule,199175ead0c72935d7a99429464f9050e079ef6f760813698618253a465ecf60_synthetic_irregular_7q_favorable_47,basic
leave_one_size_out,1,oracle,458db1b65dc833bd8c659df2b45270528a8cfce8db05e426b8a2f00bff2e84f9_synthetic_ring_6q_transpiler_11,teleport
leave_one_size_out,1,oracle,458db1b65dc833bd8c659df2b45270528a8cfce8db05e426b8a2f00bff2e84f9_synthetic_ring_6q_transpiler_19,teleport
leave_one_size_out,1,oracle,458db1b65dc833bd8c659df2b45270528a8cfce8db05e426b8a2f00bff2e84f9_synthetic_ring_6q_transpiler_29,teleport
leave_one_size_out,1,oracle,458db1b65dc833bd8c659df2b45270528a8cfce8db05e426b8a2f00bff2e84f9_synthetic_ring_6q_transpiler_37,teleport
leave_one_size_out,1,oracle,458db1b65dc833bd8c659df2b45270528a8cfce8db05e426b8a2f00bff2e84f9_synthetic_ring_6q_transpiler_47,teleport
leave_one_size_out,1,oracle,8a9838b475d9bb5d15c2324d44b159fb5c192b8a4ea7b71bf432d0ede311ee02_synthetic_grid_6q_transpiler_11,teleport
leave_one_size_out,1,oracle,8a9838b475d9bb5d15c2324d44b159fb5c192b8a4ea7b71bf432d0ede311ee02_synthetic_grid_6q_transpiler_19,teleport
leave_one_size_out,1,oracle,8a9838b475d9bb5d15c2324d44b159fb5c192b8a4ea7b71bf432d0ede311ee02_synthetic_grid_6q_transpiler_29,teleport
leave_one_size_out,1,oracle,8a9838b475d9bb5d15c2324d44b159fb5c192b8a4ea7b71bf432d0ede311ee02_synthetic_grid_6q_transpiler_37,teleport
leave_one_size_out,1,oracle,8a9838b475d9bb5d15c2324d44b159fb5c192b8a4ea7b71bf432d0ede311ee02_synthetic_grid_6q_transpiler_47,teleport
leave_one_size_out,1,oracle,dabd84c4a3325ef21b50a394178e913fd5ef5dba3253c4dc929ef5785b340571_synthetic_line_6q_favorable_11,teleport
leave_one_size_out,1,oracle,dabd84c4a3325ef21b50a394178e913fd5ef5dba3253c4dc929ef5785b340571_synthetic_line_6q_favorable_19,teleport
leave_one_size_out,1,oracle,dabd84c4a3325ef21b50a394178e913fd5ef5dba3253c4dc929ef5785b340571_synthetic_line_6q_favorable_29,teleport
leave_one_size_out,1,oracle,dabd84c4a3325ef21b50a394178e913fd5ef5dba3253c4dc929ef5785b340571_synthetic_line_6q_favorable_37,teleport
leave_one_size_out,1,oracle,dabd84c4a3325ef21b50a394178e913fd5ef5dba3253c4dc929ef5785b340571_synthetic_line_6q_favorable_47,teleport
leave_one_size_out,1,oracle,dabd84c4a3325ef21b50a394178e913fd5ef5dba3253c4dc929ef5785b340571_synthetic_line_6q_spread_11,teleport
leave_one_size_out,1,oracle,dabd84c4a3325ef21b50a394178e913fd5ef5dba3253c4dc929ef5785b340571_synthetic_line_6q_spread_19,teleport
leave_one_size_out,1,oracle,dabd84c4a3325ef21b50a394178e913fd5ef5dba3253c4dc929ef5785b340571_synthetic_line_6q_spread_29,teleport
leave_one_size_out,1,oracle,dabd84c4a3325ef21b50a394178e913fd5ef5dba3253c4dc929ef5785b340571_synthetic_line_6q_spread_37,teleport
leave_one_size_out,1,oracle,dabd84c4a3325ef21b50a394178e913fd5ef5dba3253c4dc929ef5785b340571_synthetic_line_6q_spread_47,teleport
leave_one_size_out,1,oracle,dabd84c4a3325ef21b50a394178e913fd5ef5dba3253c4dc929ef5785b340571_synthetic_ring_6q_transpiler_11,teleport
leave_one_size_out,1,oracle,dabd84c4a3325ef21b50a394178e913fd5ef5dba3253c4dc929ef5785b340571_synthetic_ring_6q_transpiler_19,teleport
leave_one_size_out,1,oracle,dabd84c4a3325ef21b50a394178e913fd5ef5dba3253c4dc929ef5785b340571_synthetic_ring_6q_transpiler_29,teleport
leave_one_size_out,1,oracle,dabd84c4a3325ef21b50a394178e913fd5ef5dba3253c4dc929ef5785b340571_synthetic_ring_6q_transpiler_37,teleport
leave_one_size_out,1,oracle,dabd84c4a3325ef21b50a394178e913fd5ef5dba3253c4dc929ef5785b340571_synthetic_ring_6q_transpiler_47,teleport
leave_one_size_out,1,oracle,dabd84c4a3325ef21b50a394178e913fd5ef5dba3253c4dc929ef5785b340571_synthetic_grid_6q_transpiler_11,teleport
leave_one_size_out,1,oracle,dabd84c4a3325ef21b50a394178e913fd5ef5dba3253c4dc929ef5785b340571_synthetic_grid_6q_transpiler_19,teleport
leave_one_size_out,1,oracle,dabd84c4a3325ef21b50a394178e913fd5ef5dba3253c4dc929ef5785b340571_synthetic_grid_6q_transpiler_29,teleport
leave_one_size_out,1,oracle,dabd84c4a3325ef21b50a394178e913fd5ef5dba3253c4dc929ef5785b340571_synthetic_grid_6q_transpiler_37,teleport
leave_one_size_out,1,oracle,dabd84c4a3325ef21b50a394178e913fd5ef5dba3253c4dc929ef5785b340571_synthetic_grid_6q_transpiler_47,teleport
leave_one_size_out,1,oracle,dabd84c4a3325ef21b50a394178e913fd5ef5dba3253c4dc929ef5785b340571_synthetic_heavy_hex_like_7q_transpiler_11,teleport
leave_one_size_out,1,oracle,dabd84c4a3325ef21b50a394178e913fd5ef5dba3253c4dc929ef5785b340571_synthetic_heavy_hex_like_7q_transpiler_19,teleport
leave_one_size_out,1,oracle,dabd84c4a3325ef21b50a394178e913fd5ef5dba3253c4dc929ef5785b340571_synthetic_heavy_hex_like_7q_transpiler_29,teleport
leave_one_size_out,1,oracle,dabd84c4a3325ef21b50a394178e913fd5ef5dba3253c4dc929ef5785b340571_synthetic_heavy_hex_like_7q_transpiler_37,teleport
leave_one_size_out,1,oracle,dabd84c4a3325ef21b50a394178e913fd5ef5dba3253c4dc929ef5785b340571_synthetic_heavy_hex_like_7q_transpiler_47,teleport
leave_one_size_out,1,oracle,dabd84c4a3325ef21b50a394178e913fd5ef5dba3253c4dc929ef5785b340571_synthetic_irregular_7q_favorable_11,teleport
leave_one_size_out,1,oracle,dabd84c4a3325ef21b50a394178e913fd5ef5dba3253c4dc929ef5785b340571_synthetic_irregular_7q_favorable_19,teleport
leave_one_size_out,1,oracle,dabd84c4a3325ef21b50a394178e913fd5ef5dba3253c4dc929ef5785b340571_synthetic_irregular_7q_favorable_29,teleport
leave_one_size_out,1,oracle,dabd84c4a3325ef21b50a394178e913fd5ef5dba3253c4dc929ef5785b340571_synthetic_irregular_7q_favorable_37,teleport
leave_one_size_out,1,oracle,dabd84c4a3325ef21b50a394178e913fd5ef5dba3253c4dc929ef5785b340571_synthetic_irregular_7q_favorable_47,teleport
leave_one_size_out,1,oracle,dabd84c4a3325ef21b50a394178e913fd5ef5dba3253c4dc929ef5785b340571_synthetic_irregular_7q_spread_11,teleport
leave_one_size_out,1,oracle,dabd84c4a3325ef21b50a394178e913fd5ef5dba3253c4dc929ef5785b340571_synthetic_irregular_7q_spread_19,teleport
leave_one_size_out,1,oracle,dabd84c4a3325ef21b50a394178e913fd5ef5dba3253c4dc929ef5785b340571_synthetic_irregular_7q_spread_29,teleport
leave_one_size_out,1,oracle,dabd84c4a3325ef21b50a394178e913fd5ef5dba3253c4dc929ef5785b340571_synthetic_irregular_7q_spread_37,teleport
leave_one_size_out,1,oracle,dabd84c4a3325ef21b50a394178e913fd5ef5dba3253c4dc929ef5785b340571_synthetic_irregular_7q_spread_47,teleport
leave_one_size_out,1,oracle,199175ead0c72935d7a99429464f9050e079ef6f760813698618253a465ecf60_synthetic_irregular_7q_favorable_11,basic
leave_one_size_out,1,oracle,199175ead0c72935d7a99429464f9050e079ef6f760813698618253a465ecf60_synthetic_irregular_7q_favorable_19,basic
leave_one_size_out,1,oracle,199175ead0c72935d7a99429464f9050e079ef6f760813698618253a465ecf60_synthetic_irregular_7q_favorable_29,basic
leave_one_size_out,1,oracle,199175ead0c72935d7a99429464f9050e079ef6f760813698618253a465ecf60_synthetic_irregular_7q_favorable_37,basic
leave_one_size_out,1,oracle,199175ead0c72935d7a99429464f9050e079ef6f760813698618253a465ecf60_synthetic_irregular_7q_favorable_47,basic
leave_one_size_out,1,logistic,458db1b65dc833bd8c659df2b45270528a8cfce8db05e426b8a2f00bff2e84f9_synthetic_ring_6q_transpiler_11,teleport
leave_one_size_out,1,logistic,458db1b65dc833bd8c659df2b45270528a8cfce8db05e426b8a2f00bff2e84f9_synthetic_ring_6q_transpiler_19,teleport
leave_one_size_out,1,logistic,458db1b65dc833bd8c659df2b45270528a8cfce8db05e426b8a2f00bff2e84f9_synthetic_ring_6q_transpiler_29,teleport
leave_one_size_out,1,logistic,458db1b65dc833bd8c659df2b45270528a8cfce8db05e426b8a2f00bff2e84f9_synthetic_ring_6q_transpiler_37,teleport
leave_one_size_out,1,logistic,458db1b65dc833bd8c659df2b45270528a8cfce8db05e426b8a2f00bff2e84f9_synthetic_ring_6q_transpiler_47,teleport
leave_one_size_out,1,logistic,8a9838b475d9bb5d15c2324d44b159fb5c192b8a4ea7b71bf432d0ede311ee02_synthetic_grid_6q_transpiler_11,teleport
leave_one_size_out,1,logistic,8a9838b475d9bb5d15c2324d44b159fb5c192b8a4ea7b71bf432d0ede311ee02_synthetic_grid_6q_transpiler_19,teleport
leave_one_size_out,1,logistic,8a9838b475d9bb5d15c2324d44b159fb5c192b8a4ea7b71bf432d0ede311ee02_synthetic_grid_6q_transpiler_29,teleport
leave_one_size_out,1,logistic,8a9838b475d9bb5d15c2324d44b159fb5c192b8a4ea7b71bf432d0ede311ee02_synthetic_grid_6q_transpiler_37,teleport
leave_one_size_out,1,logistic,8a9838b475d9bb5d15c2324d44b159fb5c192b8a4ea7b71bf432d0ede311ee02_synthetic_grid_6q_transpiler_47,teleport
leave_one_size_out,1,logistic,dabd84c4a3325ef21b50a394178e913fd5ef5dba3253c4dc929ef5785b340571_synthetic_line_6q_favorable_11,teleport
leave_one_size_out,1,logistic,dabd84c4a3325ef21b50a394178e913fd5ef5dba3253c4dc929ef5785b340571_synthetic_line_6q_favorable_19,teleport
leave_one_size_out,1,logistic,dabd84c4a3325ef21b50a394178e913fd5ef5dba3253c4dc929ef5785b340571_synthetic_line_6q_favorable_29,teleport
leave_one_size_out,1,logistic,dabd84c4a3325ef21b50a394178e913fd5ef5dba3253c4dc929ef5785b340571_synthetic_line_6q_favorable_37,teleport
leave_one_size_out,1,logistic,dabd84c4a3325ef21b50a394178e913fd5ef5dba3253c4dc929ef5785b340571_synthetic_line_6q_favorable_47,teleport
leave_one_size_out,1,logistic,dabd84c4a3325ef21b50a394178e913fd5ef5dba3253c4dc929ef5785b340571_synthetic_line_6q_spread_11,teleport
leave_one_size_out,1,logistic,dabd84c4a3325ef21b50a394178e913fd5ef5dba3253c4dc929ef5785b340571_synthetic_line_6q_spread_19,teleport
leave_one_size_out,1,logistic,dabd84c4a3325ef21b50a394178e913fd5ef5dba3253c4dc929ef5785b340571_synthetic_line_6q_spread_29,teleport
leave_one_size_out,1,logistic,dabd84c4a3325ef21b50a394178e913fd5ef5dba3253c4dc929ef5785b340571_synthetic_line_6q_spread_37,teleport
leave_one_size_out,1,logistic,dabd84c4a3325ef21b50a394178e913fd5ef5dba3253c4dc929ef5785b340571_synthetic_line_6q_spread_47,teleport
leave_one_size_out,1,logistic,dabd84c4a3325ef21b50a394178e913fd5ef5dba3253c4dc929ef5785b340571_synthetic_ring_6q_transpiler_11,teleport
leave_one_size_out,1,logistic,dabd84c4a3325ef21b50a394178e913fd5ef5dba3253c4dc929ef5785b340571_synthetic_ring_6q_transpiler_19,teleport
leave_one_size_out,1,logistic,dabd84c4a3325ef21b50a394178e913fd5ef5dba3253c4dc929ef5785b340571_synthetic_ring_6q_transpiler_29,teleport
leave_one_size_out,1,logistic,dabd84c4a3325ef21b50a394178e913fd5ef5dba3253c4dc929ef5785b340571_synthetic_ring_6q_transpiler_37,teleport
leave_one_size_out,1,logistic,dabd84c4a3325ef21b50a394178e913fd5ef5dba3253c4dc929ef5785b340571_synthetic_ring_6q_transpiler_47,teleport
leave_one_size_out,1,logistic,dabd84c4a3325ef21b50a394178e913fd5ef5dba3253c4dc929ef5785b340571_synthetic_grid_6q_transpiler_11,teleport
leave_one_size_out,1,logistic,dabd84c4a3325ef21b50a394178e913fd5ef5dba3253c4dc929ef5785b340571_synthetic_grid_6q_transpiler_19,teleport
leave_one_size_out,1,logistic,dabd84c4a3325ef21b50a394178e913fd5ef5dba3253c4dc929ef5785b340571_synthetic_grid_6q_transpiler_29,teleport
leave_one_size_out,1,logistic,dabd84c4a3325ef21b50a394178e913fd5ef5dba3253c4dc929ef5785b340571_synthetic_grid_6q_transpiler_37,teleport
leave_one_size_out,1,logistic,dabd84c4a3325ef21b50a394178e913fd5ef5dba3253c4dc929ef5785b340571_synthetic_grid_6q_transpiler_47,teleport
leave_one_size_out,1,logistic,dabd84c4a3325ef21b50a394178e913fd5ef5dba3253c4dc929ef5785b340571_synthetic_heavy_hex_like_7q_transpiler_11,teleport
leave_one_size_out,1,logistic,dabd84c4a3325ef21b50a394178e913fd5ef5dba3253c4dc929ef5785b340571_synthetic_heavy_hex_like_7q_transpiler_19,teleport
leave_one_size_out,1,logistic,dabd84c4a3325ef21b50a394178e913fd5ef5dba3253c4dc929ef5785b340571_synthetic_heavy_hex_like_7q_transpiler_29,teleport
leave_one_size_out,1,logistic,dabd84c4a3325ef21b50a394178e913fd5ef5dba3253c4dc929ef5785b340571_synthetic_heavy_hex_like_7q_transpiler_37,teleport
leave_one_size_out,1,logistic,dabd84c4a3325ef21b50a394178e913fd5ef5dba3253c4dc929ef5785b340571_synthetic_heavy_hex_like_7q_transpiler_47,teleport
leave_one_size_out,1,logistic,dabd84c4a3325ef21b50a394178e913fd5ef5dba3253c4dc929ef5785b340571_synthetic_irregular_7q_favorable_11,teleport
leave_one_size_out,1,logistic,dabd84c4a3325ef21b50a394178e913fd5ef5dba3253c4dc929ef5785b340571_synthetic_irregular_7q_favorable_19,teleport
leave_one_size_out,1,logistic,dabd84c4a3325ef21b50a394178e913fd5ef5dba3253c4dc929ef5785b340571_synthetic_irregular_7q_favorable_29,teleport
leave_one_size_out,1,logistic,dabd84c4a3325ef21b50a394178e913fd5ef5dba3253c4dc929ef5785b340571_synthetic_irregular_7q_favorable_37,teleport
leave_one_size_out,1,logistic,dabd84c4a3325ef21b50a394178e913fd5ef5dba3253c4dc929ef5785b340571_synthetic_irregular_7q_favorable_47,teleport
leave_one_size_out,1,logistic,dabd84c4a3325ef21b50a394178e913fd5ef5dba3253c4dc929ef5785b340571_synthetic_irregular_7q_spread_11,teleport
leave_one_size_out,1,logistic,dabd84c4a3325ef21b50a394178e913fd5ef5dba3253c4dc929ef5785b340571_synthetic_irregular_7q_spread_19,teleport
leave_one_size_out,1,logistic,dabd84c4a3325ef21b50a394178e913fd5ef5dba3253c4dc929ef5785b340571_synthetic_irregular_7q_spread_29,teleport
leave_one_size_out,1,logistic,dabd84c4a3325ef21b50a394178e913fd5ef5dba3253c4dc929ef5785b340571_synthetic_irregular_7q_spread_37,teleport
leave_one_size_out,1,logistic,dabd84c4a3325ef21b50a394178e913fd5ef5dba3253c4dc929ef5785b340571_synthetic_irregular_7q_spread_47,teleport
leave_one_size_out,1,logistic,199175ead0c72935d7a99429464f9050e079ef6f760813698618253a465ecf60_synthetic_irregular_7q_favorable_11,basic
leave_one_size_out,1,logistic,199175ead0c72935d7a99429464f9050e079ef6f760813698618253a465ecf60_synthetic_irregular_7q_favorable_19,basic
leave_one_size_out,1,logistic,199175ead0c72935d7a99429464f9050e079ef6f760813698618253a465ecf60_synthetic_irregular_7q_favorable_29,basic
leave_one_size_out,1,logistic,199175ead0c72935d7a99429464f9050e079ef6f760813698618253a465ecf60_synthetic_irregular_7q_favorable_37,basic
leave_one_size_out,1,logistic,199175ead0c72935d7a99429464f9050e079ef6f760813698618253a465ecf60_synthetic_irregular_7q_favorable_47,basic
leave_one_size_out,1,tree,458db1b65dc833bd8c659df2b45270528a8cfce8db05e426b8a2f00bff2e84f9_synthetic_ring_6q_transpiler_11,basic
leave_one_size_out,1,tree,458db1b65dc833bd8c659df2b45270528a8cfce8db05e426b8a2f00bff2e84f9_synthetic_ring_6q_transpiler_19,basic
leave_one_size_out,1,tree,458db1b65dc833bd8c659df2b45270528a8cfce8db05e426b8a2f00bff2e84f9_synthetic_ring_6q_transpiler_29,basic
leave_one_size_out,1,tree,458db1b65dc833bd8c659df2b45270528a8cfce8db05e426b8a2f00bff2e84f9_synthetic_ring_6q_transpiler_37,basic
leave_one_size_out,1,tree,458db1b65dc833bd8c659df2b45270528a8cfce8db05e426b8a2f00bff2e84f9_synthetic_ring_6q_transpiler_47,basic
leave_one_size_out,1,tree,8a9838b475d9bb5d15c2324d44b159fb5c192b8a4ea7b71bf432d0ede311ee02_synthetic_grid_6q_transpiler_11,basic
leave_one_size_out,1,tree,8a9838b475d9bb5d15c2324d44b159fb5c192b8a4ea7b71bf432d0ede311ee02_synthetic_grid_6q_transpiler_19,basic
leave_one_size_out,1,tree,8a9838b475d9bb5d15c2324d44b159fb5c192b8a4ea7b71bf432d0ede311ee02_synthetic_grid_6q_transpiler_29,basic
leave_one_size_out,1,tree,8a9838b475d9bb5d15c2324d44b159fb5c192b8a4ea7b71bf432d0ede311ee02_synthetic_grid_6q_transpiler_37,basic
leave_one_size_out,1,tree,8a9838b475d9bb5d15c2324d44b159fb5c192b8a4ea7b71bf432d0ede311ee02_synthetic_grid_6q_transpiler_47,basic
leave_one_size_out,1,tree,dabd84c4a3325ef21b50a394178e913fd5ef5dba3253c4dc929ef5785b340571_synthetic_line_6q_favorable_11,basic
leave_one_size_out,1,tree,dabd84c4a3325ef21b50a394178e913fd5ef5dba3253c4dc929ef5785b340571_synthetic_line_6q_favorable_19,basic
leave_one_size_out,1,tree,dabd84c4a3325ef21b50a394178e913fd5ef5dba3253c4dc929ef5785b340571_synthetic_line_6q_favorable_29,basic
leave_one_size_out,1,tree,dabd84c4a3325ef21b50a394178e913fd5ef5dba3253c4dc929ef5785b340571_synthetic_line_6q_favorable_37,basic
leave_one_size_out,1,tree,dabd84c4a3325ef21b50a394178e913fd5ef5dba3253c4dc929ef5785b340571_synthetic_line_6q_favorable_47,basic
leave_one_size_out,1,tree,dabd84c4a3325ef21b50a394178e913fd5ef5dba3253c4dc929ef5785b340571_synthetic_line_6q_spread_11,basic
leave_one_size_out,1,tree,dabd84c4a3325ef21b50a394178e913fd5ef5dba3253c4dc929ef5785b340571_synthetic_line_6q_spread_19,basic
leave_one_size_out,1,tree,dabd84c4a3325ef21b50a394178e913fd5ef5dba3253c4dc929ef5785b340571_synthetic_line_6q_spread_29,basic
leave_one_size_out,1,tree,dabd84c4a3325ef21b50a394178e913fd5ef5dba3253c4dc929ef5785b340571_synthetic_line_6q_spread_37,basic
leave_one_size_out,1,tree,dabd84c4a3325ef21b50a394178e913fd5ef5dba3253c4dc929ef5785b340571_synthetic_line_6q_spread_47,basic
leave_one_size_out,1,tree,dabd84c4a3325ef21b50a394178e913fd5ef5dba3253c4dc929ef5785b340571_synthetic_ring_6q_transpiler_11,basic
leave_one_size_out,1,tree,dabd84c4a3325ef21b50a394178e913fd5ef5dba3253c4dc929ef5785b340571_synthetic_ring_6q_transpiler_19,basic
leave_one_size_out,1,tree,dabd84c4a3325ef21b50a394178e913fd5ef5dba3253c4dc929ef5785b340571_synthetic_ring_6q_transpiler_29,basic
leave_one_size_out,1,tree,dabd84c4a3325ef21b50a394178e913fd5ef5dba3253c4dc929ef5785b340571_synthetic_ring_6q_transpiler_37,basic
leave_one_size_out,1,tree,dabd84c4a3325ef21b50a394178e913fd5ef5dba3253c4dc929ef5785b340571_synthetic_ring_6q_transpiler_47,basic
leave_one_size_out,1,tree,dabd84c4a3325ef21b50a394178e913fd5ef5dba3253c4dc929ef5785b340571_synthetic_grid_6q_transpiler_11,basic
leave_one_size_out,1,tree,dabd84c4a3325ef21b50a394178e913fd5ef5dba3253c4dc929ef5785b340571_synthetic_grid_6q_transpiler_19,basic
leave_one_size_out,1,tree,dabd84c4a3325ef21b50a394178e913fd5ef5dba3253c4dc929ef5785b340571_synthetic_grid_6q_transpiler_29,basic
leave_one_size_out,1,tree,dabd84c4a3325ef21b50a394178e913fd5ef5dba3253c4dc929ef5785b340571_synthetic_grid_6q_transpiler_37,basic
leave_one_size_out,1,tree,dabd84c4a3325ef21b50a394178e913fd5ef5dba3253c4dc929ef5785b340571_synthetic_grid_6q_transpiler_47,basic
leave_one_size_out,1,tree,dabd84c4a3325ef21b50a394178e913fd5ef5dba3253c4dc929ef5785b340571_synthetic_heavy_hex_like_7q_transpiler_11,basic
leave_one_size_out,1,tree,dabd84c4a3325ef21b50a394178e913fd5ef5dba3253c4dc929ef5785b340571_synthetic_heavy_hex_like_7q_transpiler_19,basic
leave_one_size_out,1,tree,dabd84c4a3325ef21b50a394178e913fd5ef5dba3253c4dc929ef5785b340571_synthetic_heavy_hex_like_7q_transpiler_29,basic
leave_one_size_out,1,tree,dabd84c4a3325ef21b50a394178e913fd5ef5dba3253c4dc929ef5785b340571_synthetic_heavy_hex_like_7q_transpiler_37,basic
leave_one_size_out,1,tree,dabd84c4a3325ef21b50a394178e913fd5ef5dba3253c4dc929ef5785b340571_synthetic_heavy_hex_like_7q_transpiler_47,basic
leave_one_size_out,1,tree,dabd84c4a3325ef21b50a394178e913fd5ef5dba3253c4dc929ef5785b340571_synthetic_irregular_7q_favorable_11,basic
leave_one_size_out,1,tree,dabd84c4a3325ef21b50a394178e913fd5ef5dba3253c4dc929ef5785b340571_synthetic_irregular_7q_favorable_19,basic
leave_one_size_out,1,tree,dabd84c4a3325ef21b50a394178e913fd5ef5dba3253c4dc929ef5785b340571_synthetic_irregular_7q_favorable_29,basic
leave_one_size_out,1,tree,dabd84c4a3325ef21b50a394178e913fd5ef5dba3253c4dc929ef5785b340571_synthetic_irregular_7q_favorable_37,basic
leave_one_size_out,1,tree,dabd84c4a3325ef21b50a394178e913fd5ef5dba3253c4dc929ef5785b340571_synthetic_irregular_7q_favorable_47,basic
leave_one_size_out,1,tree,dabd84c4a3325ef21b50a394178e913fd5ef5dba3253c4dc929ef5785b340571_synthetic_irregular_7q_spread_11,basic
leave_one_size_out,1,tree,dabd84c4a3325ef21b50a394178e913fd5ef5dba3253c4dc929ef5785b340571_synthetic_irregular_7q_spread_19,basic
leave_one_size_out,1,tree,dabd84c4a3325ef21b50a394178e913fd5ef5dba3253c4dc929ef5785b340571_synthetic_irregular_7q_spread_29,basic
leave_one_size_out,1,tree,dabd84c4a3325ef21b50a394178e913fd5ef5dba3253c4dc929ef5785b340571_synthetic_irregular_7q_spread_37,basic
leave_one_size_out,1,tree,dabd84c4a3325ef21b50a394178e913fd5ef5dba3253c4dc929ef5785b340571_synthetic_irregular_7q_spread_47,basic
leave_one_size_out,1,tree,199175ead0c72935d7a99429464f9050e079ef6f760813698618253a465ecf60_synthetic_irregular_7q_favorable_11,basic
leave_one_size_out,1,tree,199175ead0c72935d7a99429464f9050e079ef6f760813698618253a465ecf60_synthetic_irregular_7q_favorable_19,basic
leave_one_size_out,1,tree,199175ead0c72935d7a99429464f9050e079ef6f760813698618253a465ecf60_synthetic_irregular_7q_favorable_29,basic
leave_one_size_out,1,tree,199175ead0c72935d7a99429464f9050e079ef6f760813698618253a465ecf60_synthetic_irregular_7q_favorable_37,basic
leave_one_size_out,1,tree,199175ead0c72935d7a99429464f9050e079ef6f760813698618253a465ecf60_synthetic_irregular_7q_favorable_47,basic
leave_one_size_out,1,forest_classifier,458db1b65dc833bd8c659df2b45270528a8cfce8db05e426b8a2f00bff2e84f9_synthetic_ring_6q_transpiler_11,teleport
leave_one_size_out,1,forest_classifier,458db1b65dc833bd8c659df2b45270528a8cfce8db05e426b8a2f00bff2e84f9_synthetic_ring_6q_transpiler_19,teleport
leave_one_size_out,1,forest_classifier,458db1b65dc833bd8c659df2b45270528a8cfce8db05e426b8a2f00bff2e84f9_synthetic_ring_6q_transpiler_29,teleport
leave_one_size_out,1,forest_classifier,458db1b65dc833bd8c659df2b45270528a8cfce8db05e426b8a2f00bff2e84f9_synthetic_ring_6q_transpiler_37,teleport
leave_one_size_out,1,forest_classifier,458db1b65dc833bd8c659df2b45270528a8cfce8db05e426b8a2f00bff2e84f9_synthetic_ring_6q_transpiler_47,teleport
leave_one_size_out,1,forest_classifier,8a9838b475d9bb5d15c2324d44b159fb5c192b8a4ea7b71bf432d0ede311ee02_synthetic_grid_6q_transpiler_11,teleport
leave_one_size_out,1,forest_classifier,8a9838b475d9bb5d15c2324d44b159fb5c192b8a4ea7b71bf432d0ede311ee02_synthetic_grid_6q_transpiler_19,teleport
leave_one_size_out,1,forest_classifier,8a9838b475d9bb5d15c2324d44b159fb5c192b8a4ea7b71bf432d0ede311ee02_synthetic_grid_6q_transpiler_29,teleport
leave_one_size_out,1,forest_classifier,8a9838b475d9bb5d15c2324d44b159fb5c192b8a4ea7b71bf432d0ede311ee02_synthetic_grid_6q_transpiler_37,teleport
leave_one_size_out,1,forest_classifier,8a9838b475d9bb5d15c2324d44b159fb5c192b8a4ea7b71bf432d0ede311ee02_synthetic_grid_6q_transpiler_47,teleport
leave_one_size_out,1,forest_classifier,dabd84c4a3325ef21b50a394178e913fd5ef5dba3253c4dc929ef5785b340571_synthetic_line_6q_favorable_11,teleport
leave_one_size_out,1,forest_classifier,dabd84c4a3325ef21b50a394178e913fd5ef5dba3253c4dc929ef5785b340571_synthetic_line_6q_favorable_19,teleport
leave_one_size_out,1,forest_classifier,dabd84c4a3325ef21b50a394178e913fd5ef5dba3253c4dc929ef5785b340571_synthetic_line_6q_favorable_29,teleport
leave_one_size_out,1,forest_classifier,dabd84c4a3325ef21b50a394178e913fd5ef5dba3253c4dc929ef5785b340571_synthetic_line_6q_favorable_37,teleport
leave_one_size_out,1,forest_classifier,dabd84c4a3325ef21b50a394178e913fd5ef5dba3253c4dc929ef5785b340571_synthetic_line_6q_favorable_47,teleport
leave_one_size_out,1,forest_classifier,dabd84c4a3325ef21b50a394178e913fd5ef5dba3253c4dc929ef5785b340571_synthetic_line_6q_spread_11,teleport
leave_one_size_out,1,forest_classifier,dabd84c4a3325ef21b50a394178e913fd5ef5dba3253c4dc929ef5785b340571_synthetic_line_6q_spread_19,teleport
leave_one_size_out,1,forest_classifier,dabd84c4a3325ef21b50a394178e913fd5ef5dba3253c4dc929ef5785b340571_synthetic_line_6q_spread_29,teleport
leave_one_size_out,1,forest_classifier,dabd84c4a3325ef21b50a394178e913fd5ef5dba3253c4dc929ef5785b340571_synthetic_line_6q_spread_37,teleport
leave_one_size_out,1,forest_classifier,dabd84c4a3325ef21b50a394178e913fd5ef5dba3253c4dc929ef5785b340571_synthetic_line_6q_spread_47,teleport
leave_one_size_out,1,forest_classifier,dabd84c4a3325ef21b50a394178e913fd5ef5dba3253c4dc929ef5785b340571_synthetic_ring_6q_transpiler_11,teleport
leave_one_size_out,1,forest_classifier,dabd84c4a3325ef21b50a394178e913fd5ef5dba3253c4dc929ef5785b340571_synthetic_ring_6q_transpiler_19,teleport
leave_one_size_out,1,forest_classifier,dabd84c4a3325ef21b50a394178e913fd5ef5dba3253c4dc929ef5785b340571_synthetic_ring_6q_transpiler_29,teleport
leave_one_size_out,1,forest_classifier,dabd84c4a3325ef21b50a394178e913fd5ef5dba3253c4dc929ef5785b340571_synthetic_ring_6q_transpiler_37,teleport
leave_one_size_out,1,forest_classifier,dabd84c4a3325ef21b50a394178e913fd5ef5dba3253c4dc929ef5785b340571_synthetic_ring_6q_transpiler_47,teleport
leave_one_size_out,1,forest_classifier,dabd84c4a3325ef21b50a394178e913fd5ef5dba3253c4dc929ef5785b340571_synthetic_grid_6q_transpiler_11,teleport
leave_one_size_out,1,forest_classifier,dabd84c4a3325ef21b50a394178e913fd5ef5dba3253c4dc929ef5785b340571_synthetic_grid_6q_transpiler_19,teleport
leave_one_size_out,1,forest_classifier,dabd84c4a3325ef21b50a394178e913fd5ef5dba3253c4dc929ef5785b340571_synthetic_grid_6q_transpiler_29,teleport
leave_one_size_out,1,forest_classifier,dabd84c4a3325ef21b50a394178e913fd5ef5dba3253c4dc929ef5785b340571_synthetic_grid_6q_transpiler_37,teleport
leave_one_size_out,1,forest_classifier,dabd84c4a3325ef21b50a394178e913fd5ef5dba3253c4dc929ef5785b340571_synthetic_grid_6q_transpiler_47,teleport
leave_one_size_out,1,forest_classifier,dabd84c4a3325ef21b50a394178e913fd5ef5dba3253c4dc929ef5785b340571_synthetic_heavy_hex_like_7q_transpiler_11,teleport
leave_one_size_out,1,forest_classifier,dabd84c4a3325ef21b50a394178e913fd5ef5dba3253c4dc929ef5785b340571_synthetic_heavy_hex_like_7q_transpiler_19,teleport
leave_one_size_out,1,forest_classifier,dabd84c4a3325ef21b50a394178e913fd5ef5dba3253c4dc929ef5785b340571_synthetic_heavy_hex_like_7q_transpiler_29,teleport
leave_one_size_out,1,forest_classifier,dabd84c4a3325ef21b50a394178e913fd5ef5dba3253c4dc929ef5785b340571_synthetic_heavy_hex_like_7q_transpiler_37,teleport
leave_one_size_out,1,forest_classifier,dabd84c4a3325ef21b50a394178e913fd5ef5dba3253c4dc929ef5785b340571_synthetic_heavy_hex_like_7q_transpiler_47,teleport
leave_one_size_out,1,forest_classifier,dabd84c4a3325ef21b50a394178e913fd5ef5dba3253c4dc929ef5785b340571_synthetic_irregular_7q_favorable_11,teleport
leave_one_size_out,1,forest_classifier,dabd84c4a3325ef21b50a394178e913fd5ef5dba3253c4dc929ef5785b340571_synthetic_irregular_7q_favorable_19,teleport
leave_one_size_out,1,forest_classifier,dabd84c4a3325ef21b50a394178e913fd5ef5dba3253c4dc929ef5785b340571_synthetic_irregular_7q_favorable_29,teleport
leave_one_size_out,1,forest_classifier,dabd84c4a3325ef21b50a394178e913fd5ef5dba3253c4dc929ef5785b340571_synthetic_irregular_7q_favorable_37,teleport
leave_one_size_out,1,forest_classifier,dabd84c4a3325ef21b50a394178e913fd5ef5dba3253c4dc929ef5785b340571_synthetic_irregular_7q_favorable_47,teleport
leave_one_size_out,1,forest_classifier,dabd84c4a3325ef21b50a394178e913fd5ef5dba3253c4dc929ef5785b340571_synthetic_irregular_7q_spread_11,teleport
leave_one_size_out,1,forest_classifier,dabd84c4a3325ef21b50a394178e913fd5ef5dba3253c4dc929ef5785b340571_synthetic_irregular_7q_spread_19,teleport
leave_one_size_out,1,forest_classifier,dabd84c4a3325ef21b50a394178e913fd5ef5dba3253c4dc929ef5785b340571_synthetic_irregular_7q_spread_29,teleport
leave_one_size_out,1,forest_classifier,dabd84c4a3325ef21b50a394178e913fd5ef5dba3253c4dc929ef5785b340571_synthetic_irregular_7q_spread_37,teleport
leave_one_size_out,1,forest_classifier,dabd84c4a3325ef21b50a394178e913fd5ef5dba3253c4dc929ef5785b340571_synthetic_irregular_7q_spread_47,teleport
leave_one_size_out,1,forest_classifier,199175ead0c72935d7a99429464f9050e079ef6f760813698618253a465ecf60_synthetic_irregular_7q_favorable_11,teleport
leave_one_size_out,1,forest_classifier,199175ead0c72935d7a99429464f9050e079ef6f760813698618253a465ecf60_synthetic_irregular_7q_favorable_19,teleport
leave_one_size_out,1,forest_classifier,199175ead0c72935d7a99429464f9050e079ef6f760813698618253a465ecf60_synthetic_irregular_7q_favorable_29,teleport
leave_one_size_out,1,forest_classifier,199175ead0c72935d7a99429464f9050e079ef6f760813698618253a465ecf60_synthetic_irregular_7q_favorable_37,teleport
leave_one_size_out,1,forest_classifier,199175ead0c72935d7a99429464f9050e079ef6f760813698618253a465ecf60_synthetic_irregular_7q_favorable_47,teleport
leave_one_size_out,1,forest_delta_regressor,458db1b65dc833bd8c659df2b45270528a8cfce8db05e426b8a2f00bff2e84f9_synthetic_ring_6q_transpiler_11,teleport
leave_one_size_out,1,forest_delta_regressor,458db1b65dc833bd8c659df2b45270528a8cfce8db05e426b8a2f00bff2e84f9_synthetic_ring_6q_transpiler_19,teleport
leave_one_size_out,1,forest_delta_regressor,458db1b65dc833bd8c659df2b45270528a8cfce8db05e426b8a2f00bff2e84f9_synthetic_ring_6q_transpiler_29,teleport
leave_one_size_out,1,forest_delta_regressor,458db1b65dc833bd8c659df2b45270528a8cfce8db05e426b8a2f00bff2e84f9_synthetic_ring_6q_transpiler_37,teleport
leave_one_size_out,1,forest_delta_regressor,458db1b65dc833bd8c659df2b45270528a8cfce8db05e426b8a2f00bff2e84f9_synthetic_ring_6q_transpiler_47,teleport
leave_one_size_out,1,forest_delta_regressor,8a9838b475d9bb5d15c2324d44b159fb5c192b8a4ea7b71bf432d0ede311ee02_synthetic_grid_6q_transpiler_11,teleport
leave_one_size_out,1,forest_delta_regressor,8a9838b475d9bb5d15c2324d44b159fb5c192b8a4ea7b71bf432d0ede311ee02_synthetic_grid_6q_transpiler_19,teleport
leave_one_size_out,1,forest_delta_regressor,8a9838b475d9bb5d15c2324d44b159fb5c192b8a4ea7b71bf432d0ede311ee02_synthetic_grid_6q_transpiler_29,teleport
leave_one_size_out,1,forest_delta_regressor,8a9838b475d9bb5d15c2324d44b159fb5c192b8a4ea7b71bf432d0ede311ee02_synthetic_grid_6q_transpiler_37,teleport
leave_one_size_out,1,forest_delta_regressor,8a9838b475d9bb5d15c2324d44b159fb5c192b8a4ea7b71bf432d0ede311ee02_synthetic_grid_6q_transpiler_47,teleport
leave_one_size_out,1,forest_delta_regressor,dabd84c4a3325ef21b50a394178e913fd5ef5dba3253c4dc929ef5785b340571_synthetic_line_6q_favorable_11,teleport
leave_one_size_out,1,forest_delta_regressor,dabd84c4a3325ef21b50a394178e913fd5ef5dba3253c4dc929ef5785b340571_synthetic_line_6q_favorable_19,teleport
leave_one_size_out,1,forest_delta_regressor,dabd84c4a3325ef21b50a394178e913fd5ef5dba3253c4dc929ef5785b340571_synthetic_line_6q_favorable_29,teleport
leave_one_size_out,1,forest_delta_regressor,dabd84c4a3325ef21b50a394178e913fd5ef5dba3253c4dc929ef5785b340571_synthetic_line_6q_favorable_37,teleport
leave_one_size_out,1,forest_delta_regressor,dabd84c4a3325ef21b50a394178e913fd5ef5dba3253c4dc929ef5785b340571_synthetic_line_6q_favorable_47,teleport
leave_one_size_out,1,forest_delta_regressor,dabd84c4a3325ef21b50a394178e913fd5ef5dba3253c4dc929ef5785b340571_synthetic_line_6q_spread_11,teleport
leave_one_size_out,1,forest_delta_regressor,dabd84c4a3325ef21b50a394178e913fd5ef5dba3253c4dc929ef5785b340571_synthetic_line_6q_spread_19,teleport
leave_one_size_out,1,forest_delta_regressor,dabd84c4a3325ef21b50a394178e913fd5ef5dba3253c4dc929ef5785b340571_synthetic_line_6q_spread_29,teleport
leave_one_size_out,1,forest_delta_regressor,dabd84c4a3325ef21b50a394178e913fd5ef5dba3253c4dc929ef5785b340571_synthetic_line_6q_spread_37,teleport
leave_one_size_out,1,forest_delta_regressor,dabd84c4a3325ef21b50a394178e913fd5ef5dba3253c4dc929ef5785b340571_synthetic_line_6q_spread_47,teleport
leave_one_size_out,1,forest_delta_regressor,dabd84c4a3325ef21b50a394178e913fd5ef5dba3253c4dc929ef5785b340571_synthetic_ring_6q_transpiler_11,teleport
leave_one_size_out,1,forest_delta_regressor,dabd84c4a3325ef21b50a394178e913fd5ef5dba3253c4dc929ef5785b340571_synthetic_ring_6q_transpiler_19,teleport
leave_one_size_out,1,forest_delta_regressor,dabd84c4a3325ef21b50a394178e913fd5ef5dba3253c4dc929ef5785b340571_synthetic_ring_6q_transpiler_29,teleport
leave_one_size_out,1,forest_delta_regressor,dabd84c4a3325ef21b50a394178e913fd5ef5dba3253c4dc929ef5785b340571_synthetic_ring_6q_transpiler_37,teleport
leave_one_size_out,1,forest_delta_regressor,dabd84c4a3325ef21b50a394178e913fd5ef5dba3253c4dc929ef5785b340571_synthetic_ring_6q_transpiler_47,teleport
leave_one_size_out,1,forest_delta_regressor,dabd84c4a3325ef21b50a394178e913fd5ef5dba3253c4dc929ef5785b340571_synthetic_grid_6q_transpiler_11,teleport
leave_one_size_out,1,forest_delta_regressor,dabd84c4a3325ef21b50a394178e913fd5ef5dba3253c4dc929ef5785b340571_synthetic_grid_6q_transpiler_19,teleport
leave_one_size_out,1,forest_delta_regressor,dabd84c4a3325ef21b50a394178e913fd5ef5dba3253c4dc929ef5785b340571_synthetic_grid_6q_transpiler_29,teleport
leave_one_size_out,1,forest_delta_regressor,dabd84c4a3325ef21b50a394178e913fd5ef5dba3253c4dc929ef5785b340571_synthetic_grid_6q_transpiler_37,teleport
leave_one_size_out,1,forest_delta_regressor,dabd84c4a3325ef21b50a394178e913fd5ef5dba3253c4dc929ef5785b340571_synthetic_grid_6q_transpiler_47,teleport
leave_one_size_out,1,forest_delta_regressor,dabd84c4a3325ef21b50a394178e913fd5ef5dba3253c4dc929ef5785b340571_synthetic_heavy_hex_like_7q_transpiler_11,teleport
leave_one_size_out,1,forest_delta_regressor,dabd84c4a3325ef21b50a394178e913fd5ef5dba3253c4dc929ef5785b340571_synthetic_heavy_hex_like_7q_transpiler_19,teleport
leave_one_size_out,1,forest_delta_regressor,dabd84c4a3325ef21b50a394178e913fd5ef5dba3253c4dc929ef5785b340571_synthetic_heavy_hex_like_7q_transpiler_29,teleport
leave_one_size_out,1,forest_delta_regressor,dabd84c4a3325ef21b50a394178e913fd5ef5dba3253c4dc929ef5785b340571_synthetic_heavy_hex_like_7q_transpiler_37,teleport
leave_one_size_out,1,forest_delta_regressor,dabd84c4a3325ef21b50a394178e913fd5ef5dba3253c4dc929ef5785b340571_synthetic_heavy_hex_like_7q_transpiler_47,teleport
leave_one_size_out,1,forest_delta_regressor,dabd84c4a3325ef21b50a394178e913fd5ef5dba3253c4dc929ef5785b340571_synthetic_irregular_7q_favorable_11,teleport
leave_one_size_out,1,forest_delta_regressor,dabd84c4a3325ef21b50a394178e913fd5ef5dba3253c4dc929ef5785b340571_synthetic_irregular_7q_favorable_19,teleport
leave_one_size_out,1,forest_delta_regressor,dabd84c4a3325ef21b50a394178e913fd5ef5dba3253c4dc929ef5785b340571_synthetic_irregular_7q_favorable_29,teleport
leave_one_size_out,1,forest_delta_regressor,dabd84c4a3325ef21b50a394178e913fd5ef5dba3253c4dc929ef5785b340571_synthetic_irregular_7q_favorable_37,teleport
leave_one_size_out,1,forest_delta_regressor,dabd84c4a3325ef21b50a394178e913fd5ef5dba3253c4dc929ef5785b340571_synthetic_irregular_7q_favorable_47,teleport
leave_one_size_out,1,forest_delta_regressor,dabd84c4a3325ef21b50a394178e913fd5ef5dba3253c4dc929ef5785b340571_synthetic_irregular_7q_spread_11,teleport
leave_one_size_out,1,forest_delta_regressor,dabd84c4a3325ef21b50a394178e913fd5ef5dba3253c4dc929ef5785b340571_synthetic_irregular_7q_spread_19,teleport
leave_one_size_out,1,forest_delta_regressor,dabd84c4a3325ef21b50a394178e913fd5ef5dba3253c4dc929ef5785b340571_synthetic_irregular_7q_spread_29,teleport
leave_one_size_out,1,forest_delta_regressor,dabd84c4a3325ef21b50a394178e913fd5ef5dba3253c4dc929ef5785b340571_synthetic_irregular_7q_spread_37,teleport
leave_one_size_out,1,forest_delta_regressor,dabd84c4a3325ef21b50a394178e913fd5ef5dba3253c4dc929ef5785b340571_synthetic_irregular_7q_spread_47,teleport
leave_one_size_out,1,forest_delta_regressor,199175ead0c72935d7a99429464f9050e079ef6f760813698618253a465ecf60_synthetic_irregular_7q_favorable_11,teleport
leave_one_size_out,1,forest_delta_regressor,199175ead0c72935d7a99429464f9050e079ef6f760813698618253a465ecf60_synthetic_irregular_7q_favorable_19,teleport
leave_one_size_out,1,forest_delta_regressor,199175ead0c72935d7a99429464f9050e079ef6f760813698618253a465ecf60_synthetic_irregular_7q_favorable_29,teleport
leave_one_size_out,1,forest_delta_regressor,199175ead0c72935d7a99429464f9050e079ef6f760813698618253a465ecf60_synthetic_irregular_7q_favorable_37,teleport
leave_one_size_out,1,forest_delta_regressor,199175ead0c72935d7a99429464f9050e079ef6f760813698618253a465ecf60_synthetic_irregular_7q_favorable_47,teleport
leave_one_size_out,2,always_basic,b66e78c1f4a10c34763563660201dc843b5e66d635a6c02bb8e10ecf326cfd70_synthetic_irregular_7q_favorable_11,basic
leave_one_size_out,2,always_basic,b66e78c1f4a10c34763563660201dc843b5e66d635a6c02bb8e10ecf326cfd70_synthetic_irregular_7q_favorable_19,basic
leave_one_size_out,2,always_basic,b66e78c1f4a10c34763563660201dc843b5e66d635a6c02bb8e10ecf326cfd70_synthetic_irregular_7q_favorable_29,basic
leave_one_size_out,2,always_basic,b66e78c1f4a10c34763563660201dc843b5e66d635a6c02bb8e10ecf326cfd70_synthetic_irregular_7q_favorable_37,basic
leave_one_size_out,2,always_basic,b66e78c1f4a10c34763563660201dc843b5e66d635a6c02bb8e10ecf326cfd70_synthetic_irregular_7q_favorable_47,basic
leave_one_size_out,2,always_teleport,b66e78c1f4a10c34763563660201dc843b5e66d635a6c02bb8e10ecf326cfd70_synthetic_irregular_7q_favorable_11,teleport
leave_one_size_out,2,always_teleport,b66e78c1f4a10c34763563660201dc843b5e66d635a6c02bb8e10ecf326cfd70_synthetic_irregular_7q_favorable_19,teleport
leave_one_size_out,2,always_teleport,b66e78c1f4a10c34763563660201dc843b5e66d635a6c02bb8e10ecf326cfd70_synthetic_irregular_7q_favorable_29,teleport
leave_one_size_out,2,always_teleport,b66e78c1f4a10c34763563660201dc843b5e66d635a6c02bb8e10ecf326cfd70_synthetic_irregular_7q_favorable_37,teleport
leave_one_size_out,2,always_teleport,b66e78c1f4a10c34763563660201dc843b5e66d635a6c02bb8e10ecf326cfd70_synthetic_irregular_7q_favorable_47,teleport
leave_one_size_out,2,majority,b66e78c1f4a10c34763563660201dc843b5e66d635a6c02bb8e10ecf326cfd70_synthetic_irregular_7q_favorable_11,teleport
leave_one_size_out,2,majority,b66e78c1f4a10c34763563660201dc843b5e66d635a6c02bb8e10ecf326cfd70_synthetic_irregular_7q_favorable_19,teleport
leave_one_size_out,2,majority,b66e78c1f4a10c34763563660201dc843b5e66d635a6c02bb8e10ecf326cfd70_synthetic_irregular_7q_favorable_29,teleport
leave_one_size_out,2,majority,b66e78c1f4a10c34763563660201dc843b5e66d635a6c02bb8e10ecf326cfd70_synthetic_irregular_7q_favorable_37,teleport
leave_one_size_out,2,majority,b66e78c1f4a10c34763563660201dc843b5e66d635a6c02bb8e10ecf326cfd70_synthetic_irregular_7q_favorable_47,teleport
leave_one_size_out,2,frozen_rule,b66e78c1f4a10c34763563660201dc843b5e66d635a6c02bb8e10ecf326cfd70_synthetic_irregular_7q_favorable_11,basic
leave_one_size_out,2,frozen_rule,b66e78c1f4a10c34763563660201dc843b5e66d635a6c02bb8e10ecf326cfd70_synthetic_irregular_7q_favorable_19,basic
leave_one_size_out,2,frozen_rule,b66e78c1f4a10c34763563660201dc843b5e66d635a6c02bb8e10ecf326cfd70_synthetic_irregular_7q_favorable_29,basic
leave_one_size_out,2,frozen_rule,b66e78c1f4a10c34763563660201dc843b5e66d635a6c02bb8e10ecf326cfd70_synthetic_irregular_7q_favorable_37,basic
leave_one_size_out,2,frozen_rule,b66e78c1f4a10c34763563660201dc843b5e66d635a6c02bb8e10ecf326cfd70_synthetic_irregular_7q_favorable_47,basic
leave_one_size_out,2,oracle,b66e78c1f4a10c34763563660201dc843b5e66d635a6c02bb8e10ecf326cfd70_synthetic_irregular_7q_favorable_11,basic
leave_one_size_out,2,oracle,b66e78c1f4a10c34763563660201dc843b5e66d635a6c02bb8e10ecf326cfd70_synthetic_irregular_7q_favorable_19,basic
leave_one_size_out,2,oracle,b66e78c1f4a10c34763563660201dc843b5e66d635a6c02bb8e10ecf326cfd70_synthetic_irregular_7q_favorable_29,basic
leave_one_size_out,2,oracle,b66e78c1f4a10c34763563660201dc843b5e66d635a6c02bb8e10ecf326cfd70_synthetic_irregular_7q_favorable_37,basic
leave_one_size_out,2,oracle,b66e78c1f4a10c34763563660201dc843b5e66d635a6c02bb8e10ecf326cfd70_synthetic_irregular_7q_favorable_47,basic
leave_one_size_out,2,logistic,b66e78c1f4a10c34763563660201dc843b5e66d635a6c02bb8e10ecf326cfd70_synthetic_irregular_7q_favorable_11,basic
leave_one_size_out,2,logistic,b66e78c1f4a10c34763563660201dc843b5e66d635a6c02bb8e10ecf326cfd70_synthetic_irregular_7q_favorable_19,basic
leave_one_size_out,2,logistic,b66e78c1f4a10c34763563660201dc843b5e66d635a6c02bb8e10ecf326cfd70_synthetic_irregular_7q_favorable_29,basic
leave_one_size_out,2,logistic,b66e78c1f4a10c34763563660201dc843b5e66d635a6c02bb8e10ecf326cfd70_synthetic_irregular_7q_favorable_37,basic
leave_one_size_out,2,logistic,b66e78c1f4a10c34763563660201dc843b5e66d635a6c02bb8e10ecf326cfd70_synthetic_irregular_7q_favorable_47,basic
leave_one_size_out,2,tree,b66e78c1f4a10c34763563660201dc843b5e66d635a6c02bb8e10ecf326cfd70_synthetic_irregular_7q_favorable_11,basic
leave_one_size_out,2,tree,b66e78c1f4a10c34763563660201dc843b5e66d635a6c02bb8e10ecf326cfd70_synthetic_irregular_7q_favorable_19,basic
leave_one_size_out,2,tree,b66e78c1f4a10c34763563660201dc843b5e66d635a6c02bb8e10ecf326cfd70_synthetic_irregular_7q_favorable_29,basic
leave_one_size_out,2,tree,b66e78c1f4a10c34763563660201dc843b5e66d635a6c02bb8e10ecf326cfd70_synthetic_irregular_7q_favorable_37,basic
leave_one_size_out,2,tree,b66e78c1f4a10c34763563660201dc843b5e66d635a6c02bb8e10ecf326cfd70_synthetic_irregular_7q_favorable_47,basic
leave_one_size_out,2,forest_classifier,b66e78c1f4a10c34763563660201dc843b5e66d635a6c02bb8e10ecf326cfd70_synthetic_irregular_7q_favorable_11,basic
leave_one_size_out,2,forest_classifier,b66e78c1f4a10c34763563660201dc843b5e66d635a6c02bb8e10ecf326cfd70_synthetic_irregular_7q_favorable_19,basic
leave_one_size_out,2,forest_classifier,b66e78c1f4a10c34763563660201dc843b5e66d635a6c02bb8e10ecf326cfd70_synthetic_irregular_7q_favorable_29,basic
leave_one_size_out,2,forest_classifier,b66e78c1f4a10c34763563660201dc843b5e66d635a6c02bb8e10ecf326cfd70_synthetic_irregular_7q_favorable_37,basic
leave_one_size_out,2,forest_classifier,b66e78c1f4a10c34763563660201dc843b5e66d635a6c02bb8e10ecf326cfd70_synthetic_irregular_7q_favorable_47,basic
leave_one_size_out,2,forest_delta_regressor,b66e78c1f4a10c34763563660201dc843b5e66d635a6c02bb8e10ecf326cfd70_synthetic_irregular_7q_favorable_11,basic
leave_one_size_out,2,forest_delta_regressor,b66e78c1f4a10c34763563660201dc843b5e66d635a6c02bb8e10ecf326cfd70_synthetic_irregular_7q_favorable_19,basic
leave_one_size_out,2,forest_delta_regressor,b66e78c1f4a10c34763563660201dc843b5e66d635a6c02bb8e10ecf326cfd70_synthetic_irregular_7q_favorable_29,basic
leave_one_size_out,2,forest_delta_regressor,b66e78c1f4a10c34763563660201dc843b5e66d635a6c02bb8e10ecf326cfd70_synthetic_irregular_7q_favorable_37,basic
leave_one_size_out,2,forest_delta_regressor,b66e78c1f4a10c34763563660201dc843b5e66d635a6c02bb8e10ecf326cfd70_synthetic_irregular_7q_favorable_47,basic
leave_one_size_out,3,always_basic,11917b6d9db4ec58f18384b3e34529b1823f5609fb71679e29b7f5856b29e04b_synthetic_grid_8q_transpiler_11,basic
leave_one_size_out,3,always_basic,11917b6d9db4ec58f18384b3e34529b1823f5609fb71679e29b7f5856b29e04b_synthetic_grid_8q_transpiler_19,basic
leave_one_size_out,3,always_basic,11917b6d9db4ec58f18384b3e34529b1823f5609fb71679e29b7f5856b29e04b_synthetic_grid_8q_transpiler_29,basic
leave_one_size_out,3,always_basic,11917b6d9db4ec58f18384b3e34529b1823f5609fb71679e29b7f5856b29e04b_synthetic_grid_8q_transpiler_37,basic
leave_one_size_out,3,always_basic,11917b6d9db4ec58f18384b3e34529b1823f5609fb71679e29b7f5856b29e04b_synthetic_grid_8q_transpiler_47,basic
leave_one_size_out,3,always_basic,1c000dbb03545990843f258f2cd99e62a98221c482c76d7c86deb19993107e91_synthetic_grid_8q_transpiler_11,basic
leave_one_size_out,3,always_basic,1c000dbb03545990843f258f2cd99e62a98221c482c76d7c86deb19993107e91_synthetic_grid_8q_transpiler_19,basic
leave_one_size_out,3,always_basic,1c000dbb03545990843f258f2cd99e62a98221c482c76d7c86deb19993107e91_synthetic_grid_8q_transpiler_29,basic
leave_one_size_out,3,always_basic,1c000dbb03545990843f258f2cd99e62a98221c482c76d7c86deb19993107e91_synthetic_grid_8q_transpiler_37,basic
leave_one_size_out,3,always_basic,1c000dbb03545990843f258f2cd99e62a98221c482c76d7c86deb19993107e91_synthetic_grid_8q_transpiler_47,basic
leave_one_size_out,3,always_basic,10c94ee239653a068cec24e35ee4e3d08e1b8af56ad8685361f7159dac9a2303_synthetic_irregular_8q_favorable_11,basic
leave_one_size_out,3,always_basic,10c94ee239653a068cec24e35ee4e3d08e1b8af56ad8685361f7159dac9a2303_synthetic_irregular_8q_favorable_19,basic
leave_one_size_out,3,always_basic,10c94ee239653a068cec24e35ee4e3d08e1b8af56ad8685361f7159dac9a2303_synthetic_irregular_8q_favorable_29,basic
leave_one_size_out,3,always_basic,10c94ee239653a068cec24e35ee4e3d08e1b8af56ad8685361f7159dac9a2303_synthetic_irregular_8q_favorable_37,basic
leave_one_size_out,3,always_basic,10c94ee239653a068cec24e35ee4e3d08e1b8af56ad8685361f7159dac9a2303_synthetic_irregular_8q_favorable_47,basic
leave_one_size_out,3,always_teleport,11917b6d9db4ec58f18384b3e34529b1823f5609fb71679e29b7f5856b29e04b_synthetic_grid_8q_transpiler_11,teleport
leave_one_size_out,3,always_teleport,11917b6d9db4ec58f18384b3e34529b1823f5609fb71679e29b7f5856b29e04b_synthetic_grid_8q_transpiler_19,teleport
leave_one_size_out,3,always_teleport,11917b6d9db4ec58f18384b3e34529b1823f5609fb71679e29b7f5856b29e04b_synthetic_grid_8q_transpiler_29,teleport
leave_one_size_out,3,always_teleport,11917b6d9db4ec58f18384b3e34529b1823f5609fb71679e29b7f5856b29e04b_synthetic_grid_8q_transpiler_37,teleport
leave_one_size_out,3,always_teleport,11917b6d9db4ec58f18384b3e34529b1823f5609fb71679e29b7f5856b29e04b_synthetic_grid_8q_transpiler_47,teleport
leave_one_size_out,3,always_teleport,1c000dbb03545990843f258f2cd99e62a98221c482c76d7c86deb19993107e91_synthetic_grid_8q_transpiler_11,teleport
leave_one_size_out,3,always_teleport,1c000dbb03545990843f258f2cd99e62a98221c482c76d7c86deb19993107e91_synthetic_grid_8q_transpiler_19,teleport
leave_one_size_out,3,always_teleport,1c000dbb03545990843f258f2cd99e62a98221c482c76d7c86deb19993107e91_synthetic_grid_8q_transpiler_29,teleport
leave_one_size_out,3,always_teleport,1c000dbb03545990843f258f2cd99e62a98221c482c76d7c86deb19993107e91_synthetic_grid_8q_transpiler_37,teleport
leave_one_size_out,3,always_teleport,1c000dbb03545990843f258f2cd99e62a98221c482c76d7c86deb19993107e91_synthetic_grid_8q_transpiler_47,teleport
leave_one_size_out,3,always_teleport,10c94ee239653a068cec24e35ee4e3d08e1b8af56ad8685361f7159dac9a2303_synthetic_irregular_8q_favorable_11,teleport
leave_one_size_out,3,always_teleport,10c94ee239653a068cec24e35ee4e3d08e1b8af56ad8685361f7159dac9a2303_synthetic_irregular_8q_favorable_19,teleport
leave_one_size_out,3,always_teleport,10c94ee239653a068cec24e35ee4e3d08e1b8af56ad8685361f7159dac9a2303_synthetic_irregular_8q_favorable_29,teleport
leave_one_size_out,3,always_teleport,10c94ee239653a068cec24e35ee4e3d08e1b8af56ad8685361f7159dac9a2303_synthetic_irregular_8q_favorable_37,teleport
leave_one_size_out,3,always_teleport,10c94ee239653a068cec24e35ee4e3d08e1b8af56ad8685361f7159dac9a2303_synthetic_irregular_8q_favorable_47,teleport
leave_one_size_out,3,majority,11917b6d9db4ec58f18384b3e34529b1823f5609fb71679e29b7f5856b29e04b_synthetic_grid_8q_transpiler_11,teleport
leave_one_size_out,3,majority,11917b6d9db4ec58f18384b3e34529b1823f5609fb71679e29b7f5856b29e04b_synthetic_grid_8q_transpiler_19,teleport
leave_one_size_out,3,majority,11917b6d9db4ec58f18384b3e34529b1823f5609fb71679e29b7f5856b29e04b_synthetic_grid_8q_transpiler_29,teleport
leave_one_size_out,3,majority,11917b6d9db4ec58f18384b3e34529b1823f5609fb71679e29b7f5856b29e04b_synthetic_grid_8q_transpiler_37,teleport
leave_one_size_out,3,majority,11917b6d9db4ec58f18384b3e34529b1823f5609fb71679e29b7f5856b29e04b_synthetic_grid_8q_transpiler_47,teleport
leave_one_size_out,3,majority,1c000dbb03545990843f258f2cd99e62a98221c482c76d7c86deb19993107e91_synthetic_grid_8q_transpiler_11,teleport
leave_one_size_out,3,majority,1c000dbb03545990843f258f2cd99e62a98221c482c76d7c86deb19993107e91_synthetic_grid_8q_transpiler_19,teleport
leave_one_size_out,3,majority,1c000dbb03545990843f258f2cd99e62a98221c482c76d7c86deb19993107e91_synthetic_grid_8q_transpiler_29,teleport
leave_one_size_out,3,majority,1c000dbb03545990843f258f2cd99e62a98221c482c76d7c86deb19993107e91_synthetic_grid_8q_transpiler_37,teleport
leave_one_size_out,3,majority,1c000dbb03545990843f258f2cd99e62a98221c482c76d7c86deb19993107e91_synthetic_grid_8q_transpiler_47,teleport
leave_one_size_out,3,majority,10c94ee239653a068cec24e35ee4e3d08e1b8af56ad8685361f7159dac9a2303_synthetic_irregular_8q_favorable_11,teleport
leave_one_size_out,3,majority,10c94ee239653a068cec24e35ee4e3d08e1b8af56ad8685361f7159dac9a2303_synthetic_irregular_8q_favorable_19,teleport
leave_one_size_out,3,majority,10c94ee239653a068cec24e35ee4e3d08e1b8af56ad8685361f7159dac9a2303_synthetic_irregular_8q_favorable_29,teleport
leave_one_size_out,3,majority,10c94ee239653a068cec24e35ee4e3d08e1b8af56ad8685361f7159dac9a2303_synthetic_irregular_8q_favorable_37,teleport
leave_one_size_out,3,majority,10c94ee239653a068cec24e35ee4e3d08e1b8af56ad8685361f7159dac9a2303_synthetic_irregular_8q_favorable_47,teleport
leave_one_size_out,3,frozen_rule,11917b6d9db4ec58f18384b3e34529b1823f5609fb71679e29b7f5856b29e04b_synthetic_grid_8q_transpiler_11,basic
leave_one_size_out,3,frozen_rule,11917b6d9db4ec58f18384b3e34529b1823f5609fb71679e29b7f5856b29e04b_synthetic_grid_8q_transpiler_19,basic
leave_one_size_out,3,frozen_rule,11917b6d9db4ec58f18384b3e34529b1823f5609fb71679e29b7f5856b29e04b_synthetic_grid_8q_transpiler_29,basic
leave_one_size_out,3,frozen_rule,11917b6d9db4ec58f18384b3e34529b1823f5609fb71679e29b7f5856b29e04b_synthetic_grid_8q_transpiler_37,basic
leave_one_size_out,3,frozen_rule,11917b6d9db4ec58f18384b3e34529b1823f5609fb71679e29b7f5856b29e04b_synthetic_grid_8q_transpiler_47,basic
leave_one_size_out,3,frozen_rule,1c000dbb03545990843f258f2cd99e62a98221c482c76d7c86deb19993107e91_synthetic_grid_8q_transpiler_11,basic
leave_one_size_out,3,frozen_rule,1c000dbb03545990843f258f2cd99e62a98221c482c76d7c86deb19993107e91_synthetic_grid_8q_transpiler_19,basic
leave_one_size_out,3,frozen_rule,1c000dbb03545990843f258f2cd99e62a98221c482c76d7c86deb19993107e91_synthetic_grid_8q_transpiler_29,basic
leave_one_size_out,3,frozen_rule,1c000dbb03545990843f258f2cd99e62a98221c482c76d7c86deb19993107e91_synthetic_grid_8q_transpiler_37,basic
leave_one_size_out,3,frozen_rule,1c000dbb03545990843f258f2cd99e62a98221c482c76d7c86deb19993107e91_synthetic_grid_8q_transpiler_47,basic
leave_one_size_out,3,frozen_rule,10c94ee239653a068cec24e35ee4e3d08e1b8af56ad8685361f7159dac9a2303_synthetic_irregular_8q_favorable_11,basic
leave_one_size_out,3,frozen_rule,10c94ee239653a068cec24e35ee4e3d08e1b8af56ad8685361f7159dac9a2303_synthetic_irregular_8q_favorable_19,basic
leave_one_size_out,3,frozen_rule,10c94ee239653a068cec24e35ee4e3d08e1b8af56ad8685361f7159dac9a2303_synthetic_irregular_8q_favorable_29,basic
leave_one_size_out,3,frozen_rule,10c94ee239653a068cec24e35ee4e3d08e1b8af56ad8685361f7159dac9a2303_synthetic_irregular_8q_favorable_37,basic
leave_one_size_out,3,frozen_rule,10c94ee239653a068cec24e35ee4e3d08e1b8af56ad8685361f7159dac9a2303_synthetic_irregular_8q_favorable_47,basic
leave_one_size_out,3,oracle,11917b6d9db4ec58f18384b3e34529b1823f5609fb71679e29b7f5856b29e04b_synthetic_grid_8q_transpiler_11,basic
leave_one_size_out,3,oracle,11917b6d9db4ec58f18384b3e34529b1823f5609fb71679e29b7f5856b29e04b_synthetic_grid_8q_transpiler_19,basic
leave_one_size_out,3,oracle,11917b6d9db4ec58f18384b3e34529b1823f5609fb71679e29b7f5856b29e04b_synthetic_grid_8q_transpiler_29,basic
leave_one_size_out,3,oracle,11917b6d9db4ec58f18384b3e34529b1823f5609fb71679e29b7f5856b29e04b_synthetic_grid_8q_transpiler_37,basic
leave_one_size_out,3,oracle,11917b6d9db4ec58f18384b3e34529b1823f5609fb71679e29b7f5856b29e04b_synthetic_grid_8q_transpiler_47,basic
leave_one_size_out,3,oracle,1c000dbb03545990843f258f2cd99e62a98221c482c76d7c86deb19993107e91_synthetic_grid_8q_transpiler_11,basic
leave_one_size_out,3,oracle,1c000dbb03545990843f258f2cd99e62a98221c482c76d7c86deb19993107e91_synthetic_grid_8q_transpiler_19,basic
leave_one_size_out,3,oracle,1c000dbb03545990843f258f2cd99e62a98221c482c76d7c86deb19993107e91_synthetic_grid_8q_transpiler_29,basic
leave_one_size_out,3,oracle,1c000dbb03545990843f258f2cd99e62a98221c482c76d7c86deb19993107e91_synthetic_grid_8q_transpiler_37,basic
leave_one_size_out,3,oracle,1c000dbb03545990843f258f2cd99e62a98221c482c76d7c86deb19993107e91_synthetic_grid_8q_transpiler_47,basic
leave_one_size_out,3,oracle,10c94ee239653a068cec24e35ee4e3d08e1b8af56ad8685361f7159dac9a2303_synthetic_irregular_8q_favorable_11,basic
leave_one_size_out,3,oracle,10c94ee239653a068cec24e35ee4e3d08e1b8af56ad8685361f7159dac9a2303_synthetic_irregular_8q_favorable_19,basic
leave_one_size_out,3,oracle,10c94ee239653a068cec24e35ee4e3d08e1b8af56ad8685361f7159dac9a2303_synthetic_irregular_8q_favorable_29,basic
leave_one_size_out,3,oracle,10c94ee239653a068cec24e35ee4e3d08e1b8af56ad8685361f7159dac9a2303_synthetic_irregular_8q_favorable_37,basic
leave_one_size_out,3,oracle,10c94ee239653a068cec24e35ee4e3d08e1b8af56ad8685361f7159dac9a2303_synthetic_irregular_8q_favorable_47,basic
leave_one_size_out,3,logistic,11917b6d9db4ec58f18384b3e34529b1823f5609fb71679e29b7f5856b29e04b_synthetic_grid_8q_transpiler_11,teleport
leave_one_size_out,3,logistic,11917b6d9db4ec58f18384b3e34529b1823f5609fb71679e29b7f5856b29e04b_synthetic_grid_8q_transpiler_19,teleport
leave_one_size_out,3,logistic,11917b6d9db4ec58f18384b3e34529b1823f5609fb71679e29b7f5856b29e04b_synthetic_grid_8q_transpiler_29,teleport
leave_one_size_out,3,logistic,11917b6d9db4ec58f18384b3e34529b1823f5609fb71679e29b7f5856b29e04b_synthetic_grid_8q_transpiler_37,teleport
leave_one_size_out,3,logistic,11917b6d9db4ec58f18384b3e34529b1823f5609fb71679e29b7f5856b29e04b_synthetic_grid_8q_transpiler_47,teleport
leave_one_size_out,3,logistic,1c000dbb03545990843f258f2cd99e62a98221c482c76d7c86deb19993107e91_synthetic_grid_8q_transpiler_11,teleport
leave_one_size_out,3,logistic,1c000dbb03545990843f258f2cd99e62a98221c482c76d7c86deb19993107e91_synthetic_grid_8q_transpiler_19,teleport
leave_one_size_out,3,logistic,1c000dbb03545990843f258f2cd99e62a98221c482c76d7c86deb19993107e91_synthetic_grid_8q_transpiler_29,teleport
leave_one_size_out,3,logistic,1c000dbb03545990843f258f2cd99e62a98221c482c76d7c86deb19993107e91_synthetic_grid_8q_transpiler_37,teleport
leave_one_size_out,3,logistic,1c000dbb03545990843f258f2cd99e62a98221c482c76d7c86deb19993107e91_synthetic_grid_8q_transpiler_47,teleport
leave_one_size_out,3,logistic,10c94ee239653a068cec24e35ee4e3d08e1b8af56ad8685361f7159dac9a2303_synthetic_irregular_8q_favorable_11,basic
leave_one_size_out,3,logistic,10c94ee239653a068cec24e35ee4e3d08e1b8af56ad8685361f7159dac9a2303_synthetic_irregular_8q_favorable_19,basic
leave_one_size_out,3,logistic,10c94ee239653a068cec24e35ee4e3d08e1b8af56ad8685361f7159dac9a2303_synthetic_irregular_8q_favorable_29,basic
leave_one_size_out,3,logistic,10c94ee239653a068cec24e35ee4e3d08e1b8af56ad8685361f7159dac9a2303_synthetic_irregular_8q_favorable_37,basic
leave_one_size_out,3,logistic,10c94ee239653a068cec24e35ee4e3d08e1b8af56ad8685361f7159dac9a2303_synthetic_irregular_8q_favorable_47,basic
leave_one_size_out,3,tree,11917b6d9db4ec58f18384b3e34529b1823f5609fb71679e29b7f5856b29e04b_synthetic_grid_8q_transpiler_11,teleport
leave_one_size_out,3,tree,11917b6d9db4ec58f18384b3e34529b1823f5609fb71679e29b7f5856b29e04b_synthetic_grid_8q_transpiler_19,teleport
leave_one_size_out,3,tree,11917b6d9db4ec58f18384b3e34529b1823f5609fb71679e29b7f5856b29e04b_synthetic_grid_8q_transpiler_29,teleport
leave_one_size_out,3,tree,11917b6d9db4ec58f18384b3e34529b1823f5609fb71679e29b7f5856b29e04b_synthetic_grid_8q_transpiler_37,teleport
leave_one_size_out,3,tree,11917b6d9db4ec58f18384b3e34529b1823f5609fb71679e29b7f5856b29e04b_synthetic_grid_8q_transpiler_47,teleport
leave_one_size_out,3,tree,1c000dbb03545990843f258f2cd99e62a98221c482c76d7c86deb19993107e91_synthetic_grid_8q_transpiler_11,teleport
leave_one_size_out,3,tree,1c000dbb03545990843f258f2cd99e62a98221c482c76d7c86deb19993107e91_synthetic_grid_8q_transpiler_19,teleport
leave_one_size_out,3,tree,1c000dbb03545990843f258f2cd99e62a98221c482c76d7c86deb19993107e91_synthetic_grid_8q_transpiler_29,teleport
leave_one_size_out,3,tree,1c000dbb03545990843f258f2cd99e62a98221c482c76d7c86deb19993107e91_synthetic_grid_8q_transpiler_37,teleport
leave_one_size_out,3,tree,1c000dbb03545990843f258f2cd99e62a98221c482c76d7c86deb19993107e91_synthetic_grid_8q_transpiler_47,teleport
leave_one_size_out,3,tree,10c94ee239653a068cec24e35ee4e3d08e1b8af56ad8685361f7159dac9a2303_synthetic_irregular_8q_favorable_11,basic
leave_one_size_out,3,tree,10c94ee239653a068cec24e35ee4e3d08e1b8af56ad8685361f7159dac9a2303_synthetic_irregular_8q_favorable_19,basic
leave_one_size_out,3,tree,10c94ee239653a068cec24e35ee4e3d08e1b8af56ad8685361f7159dac9a2303_synthetic_irregular_8q_favorable_29,basic
leave_one_size_out,3,tree,10c94ee239653a068cec24e35ee4e3d08e1b8af56ad8685361f7159dac9a2303_synthetic_irregular_8q_favorable_37,basic
leave_one_size_out,3,tree,10c94ee239653a068cec24e35ee4e3d08e1b8af56ad8685361f7159dac9a2303_synthetic_irregular_8q_favorable_47,basic
leave_one_size_out,3,forest_classifier,11917b6d9db4ec58f18384b3e34529b1823f5609fb71679e29b7f5856b29e04b_synthetic_grid_8q_transpiler_11,teleport
leave_one_size_out,3,forest_classifier,11917b6d9db4ec58f18384b3e34529b1823f5609fb71679e29b7f5856b29e04b_synthetic_grid_8q_transpiler_19,teleport
leave_one_size_out,3,forest_classifier,11917b6d9db4ec58f18384b3e34529b1823f5609fb71679e29b7f5856b29e04b_synthetic_grid_8q_transpiler_29,teleport
leave_one_size_out,3,forest_classifier,11917b6d9db4ec58f18384b3e34529b1823f5609fb71679e29b7f5856b29e04b_synthetic_grid_8q_transpiler_37,teleport
leave_one_size_out,3,forest_classifier,11917b6d9db4ec58f18384b3e34529b1823f5609fb71679e29b7f5856b29e04b_synthetic_grid_8q_transpiler_47,teleport
leave_one_size_out,3,forest_classifier,1c000dbb03545990843f258f2cd99e62a98221c482c76d7c86deb19993107e91_synthetic_grid_8q_transpiler_11,teleport
leave_one_size_out,3,forest_classifier,1c000dbb03545990843f258f2cd99e62a98221c482c76d7c86deb19993107e91_synthetic_grid_8q_transpiler_19,teleport
leave_one_size_out,3,forest_classifier,1c000dbb03545990843f258f2cd99e62a98221c482c76d7c86deb19993107e91_synthetic_grid_8q_transpiler_29,teleport
leave_one_size_out,3,forest_classifier,1c000dbb03545990843f258f2cd99e62a98221c482c76d7c86deb19993107e91_synthetic_grid_8q_transpiler_37,teleport
leave_one_size_out,3,forest_classifier,1c000dbb03545990843f258f2cd99e62a98221c482c76d7c86deb19993107e91_synthetic_grid_8q_transpiler_47,teleport
leave_one_size_out,3,forest_classifier,10c94ee239653a068cec24e35ee4e3d08e1b8af56ad8685361f7159dac9a2303_synthetic_irregular_8q_favorable_11,basic
leave_one_size_out,3,forest_classifier,10c94ee239653a068cec24e35ee4e3d08e1b8af56ad8685361f7159dac9a2303_synthetic_irregular_8q_favorable_19,basic
leave_one_size_out,3,forest_classifier,10c94ee239653a068cec24e35ee4e3d08e1b8af56ad8685361f7159dac9a2303_synthetic_irregular_8q_favorable_29,basic
leave_one_size_out,3,forest_classifier,10c94ee239653a068cec24e35ee4e3d08e1b8af56ad8685361f7159dac9a2303_synthetic_irregular_8q_favorable_37,basic
leave_one_size_out,3,forest_classifier,10c94ee239653a068cec24e35ee4e3d08e1b8af56ad8685361f7159dac9a2303_synthetic_irregular_8q_favorable_47,basic
leave_one_size_out,3,forest_delta_regressor,11917b6d9db4ec58f18384b3e34529b1823f5609fb71679e29b7f5856b29e04b_synthetic_grid_8q_transpiler_11,teleport
leave_one_size_out,3,forest_delta_regressor,11917b6d9db4ec58f18384b3e34529b1823f5609fb71679e29b7f5856b29e04b_synthetic_grid_8q_transpiler_19,teleport
leave_one_size_out,3,forest_delta_regressor,11917b6d9db4ec58f18384b3e34529b1823f5609fb71679e29b7f5856b29e04b_synthetic_grid_8q_transpiler_29,teleport
leave_one_size_out,3,forest_delta_regressor,11917b6d9db4ec58f18384b3e34529b1823f5609fb71679e29b7f5856b29e04b_synthetic_grid_8q_transpiler_37,teleport
leave_one_size_out,3,forest_delta_regressor,11917b6d9db4ec58f18384b3e34529b1823f5609fb71679e29b7f5856b29e04b_synthetic_grid_8q_transpiler_47,teleport
leave_one_size_out,3,forest_delta_regressor,1c000dbb03545990843f258f2cd99e62a98221c482c76d7c86deb19993107e91_synthetic_grid_8q_transpiler_11,teleport
leave_one_size_out,3,forest_delta_regressor,1c000dbb03545990843f258f2cd99e62a98221c482c76d7c86deb19993107e91_synthetic_grid_8q_transpiler_19,teleport
leave_one_size_out,3,forest_delta_regressor,1c000dbb03545990843f258f2cd99e62a98221c482c76d7c86deb19993107e91_synthetic_grid_8q_transpiler_29,teleport
leave_one_size_out,3,forest_delta_regressor,1c000dbb03545990843f258f2cd99e62a98221c482c76d7c86deb19993107e91_synthetic_grid_8q_transpiler_37,teleport
leave_one_size_out,3,forest_delta_regressor,1c000dbb03545990843f258f2cd99e62a98221c482c76d7c86deb19993107e91_synthetic_grid_8q_transpiler_47,teleport
leave_one_size_out,3,forest_delta_regressor,10c94ee239653a068cec24e35ee4e3d08e1b8af56ad8685361f7159dac9a2303_synthetic_irregular_8q_favorable_11,basic
leave_one_size_out,3,forest_delta_regressor,10c94ee239653a068cec24e35ee4e3d08e1b8af56ad8685361f7159dac9a2303_synthetic_irregular_8q_favorable_19,basic
leave_one_size_out,3,forest_delta_regressor,10c94ee239653a068cec24e35ee4e3d08e1b8af56ad8685361f7159dac9a2303_synthetic_irregular_8q_favorable_29,basic
leave_one_size_out,3,forest_delta_regressor,10c94ee239653a068cec24e35ee4e3d08e1b8af56ad8685361f7159dac9a2303_synthetic_irregular_8q_favorable_37,basic
leave_one_size_out,3,forest_delta_regressor,10c94ee239653a068cec24e35ee4e3d08e1b8af56ad8685361f7159dac9a2303_synthetic_irregular_8q_favorable_47,basic
leave_one_topology_out,0,always_basic,0fc28dc35599b93623d9613d500225976d3b315fe307e512a0db8d51410569b8_synthetic_grid_6q_transpiler_11,basic
leave_one_topology_out,0,always_basic,0fc28dc35599b93623d9613d500225976d3b315fe307e512a0db8d51410569b8_synthetic_grid_6q_transpiler_19,basic
leave_one_topology_out,0,always_basic,0fc28dc35599b93623d9613d500225976d3b315fe307e512a0db8d51410569b8_synthetic_grid_6q_transpiler_29,basic
leave_one_topology_out,0,always_basic,0fc28dc35599b93623d9613d500225976d3b315fe307e512a0db8d51410569b8_synthetic_grid_6q_transpiler_37,basic
leave_one_topology_out,0,always_basic,0fc28dc35599b93623d9613d500225976d3b315fe307e512a0db8d51410569b8_synthetic_grid_6q_transpiler_47,basic
leave_one_topology_out,0,always_basic,8a9838b475d9bb5d15c2324d44b159fb5c192b8a4ea7b71bf432d0ede311ee02_synthetic_grid_6q_transpiler_11,basic
leave_one_topology_out,0,always_basic,8a9838b475d9bb5d15c2324d44b159fb5c192b8a4ea7b71bf432d0ede311ee02_synthetic_grid_6q_transpiler_19,basic
leave_one_topology_out,0,always_basic,8a9838b475d9bb5d15c2324d44b159fb5c192b8a4ea7b71bf432d0ede311ee02_synthetic_grid_6q_transpiler_29,basic
leave_one_topology_out,0,always_basic,8a9838b475d9bb5d15c2324d44b159fb5c192b8a4ea7b71bf432d0ede311ee02_synthetic_grid_6q_transpiler_37,basic
leave_one_topology_out,0,always_basic,8a9838b475d9bb5d15c2324d44b159fb5c192b8a4ea7b71bf432d0ede311ee02_synthetic_grid_6q_transpiler_47,basic
leave_one_topology_out,0,always_basic,dabd84c4a3325ef21b50a394178e913fd5ef5dba3253c4dc929ef5785b340571_synthetic_grid_6q_transpiler_11,basic
leave_one_topology_out,0,always_basic,dabd84c4a3325ef21b50a394178e913fd5ef5dba3253c4dc929ef5785b340571_synthetic_grid_6q_transpiler_19,basic
leave_one_topology_out,0,always_basic,dabd84c4a3325ef21b50a394178e913fd5ef5dba3253c4dc929ef5785b340571_synthetic_grid_6q_transpiler_29,basic
leave_one_topology_out,0,always_basic,dabd84c4a3325ef21b50a394178e913fd5ef5dba3253c4dc929ef5785b340571_synthetic_grid_6q_transpiler_37,basic
leave_one_topology_out,0,always_basic,dabd84c4a3325ef21b50a394178e913fd5ef5dba3253c4dc929ef5785b340571_synthetic_grid_6q_transpiler_47,basic
leave_one_topology_out,0,always_basic,11917b6d9db4ec58f18384b3e34529b1823f5609fb71679e29b7f5856b29e04b_synthetic_grid_8q_transpiler_11,basic
leave_one_topology_out,0,always_basic,11917b6d9db4ec58f18384b3e34529b1823f5609fb71679e29b7f5856b29e04b_synthetic_grid_8q_transpiler_19,basic
leave_one_topology_out,0,always_basic,11917b6d9db4ec58f18384b3e34529b1823f5609fb71679e29b7f5856b29e04b_synthetic_grid_8q_transpiler_29,basic
leave_one_topology_out,0,always_basic,11917b6d9db4ec58f18384b3e34529b1823f5609fb71679e29b7f5856b29e04b_synthetic_grid_8q_transpiler_37,basic
leave_one_topology_out,0,always_basic,11917b6d9db4ec58f18384b3e34529b1823f5609fb71679e29b7f5856b29e04b_synthetic_grid_8q_transpiler_47,basic
leave_one_topology_out,0,always_basic,1c000dbb03545990843f258f2cd99e62a98221c482c76d7c86deb19993107e91_synthetic_grid_8q_transpiler_11,basic
leave_one_topology_out,0,always_basic,1c000dbb03545990843f258f2cd99e62a98221c482c76d7c86deb19993107e91_synthetic_grid_8q_transpiler_19,basic
leave_one_topology_out,0,always_basic,1c000dbb03545990843f258f2cd99e62a98221c482c76d7c86deb19993107e91_synthetic_grid_8q_transpiler_29,basic
leave_one_topology_out,0,always_basic,1c000dbb03545990843f258f2cd99e62a98221c482c76d7c86deb19993107e91_synthetic_grid_8q_transpiler_37,basic
leave_one_topology_out,0,always_basic,1c000dbb03545990843f258f2cd99e62a98221c482c76d7c86deb19993107e91_synthetic_grid_8q_transpiler_47,basic
leave_one_topology_out,0,always_teleport,0fc28dc35599b93623d9613d500225976d3b315fe307e512a0db8d51410569b8_synthetic_grid_6q_transpiler_11,teleport
leave_one_topology_out,0,always_teleport,0fc28dc35599b93623d9613d500225976d3b315fe307e512a0db8d51410569b8_synthetic_grid_6q_transpiler_19,teleport
leave_one_topology_out,0,always_teleport,0fc28dc35599b93623d9613d500225976d3b315fe307e512a0db8d51410569b8_synthetic_grid_6q_transpiler_29,teleport
leave_one_topology_out,0,always_teleport,0fc28dc35599b93623d9613d500225976d3b315fe307e512a0db8d51410569b8_synthetic_grid_6q_transpiler_37,teleport
leave_one_topology_out,0,always_teleport,0fc28dc35599b93623d9613d500225976d3b315fe307e512a0db8d51410569b8_synthetic_grid_6q_transpiler_47,teleport
leave_one_topology_out,0,always_teleport,8a9838b475d9bb5d15c2324d44b159fb5c192b8a4ea7b71bf432d0ede311ee02_synthetic_grid_6q_transpiler_11,teleport
leave_one_topology_out,0,always_teleport,8a9838b475d9bb5d15c2324d44b159fb5c192b8a4ea7b71bf432d0ede311ee02_synthetic_grid_6q_transpiler_19,teleport
leave_one_topology_out,0,always_teleport,8a9838b475d9bb5d15c2324d44b159fb5c192b8a4ea7b71bf432d0ede311ee02_synthetic_grid_6q_transpiler_29,teleport
leave_one_topology_out,0,always_teleport,8a9838b475d9bb5d15c2324d44b159fb5c192b8a4ea7b71bf432d0ede311ee02_synthetic_grid_6q_transpiler_37,teleport
leave_one_topology_out,0,always_teleport,8a9838b475d9bb5d15c2324d44b159fb5c192b8a4ea7b71bf432d0ede311ee02_synthetic_grid_6q_transpiler_47,teleport
leave_one_topology_out,0,always_teleport,dabd84c4a3325ef21b50a394178e913fd5ef5dba3253c4dc929ef5785b340571_synthetic_grid_6q_transpiler_11,teleport
leave_one_topology_out,0,always_teleport,dabd84c4a3325ef21b50a394178e913fd5ef5dba3253c4dc929ef5785b340571_synthetic_grid_6q_transpiler_19,teleport
leave_one_topology_out,0,always_teleport,dabd84c4a3325ef21b50a394178e913fd5ef5dba3253c4dc929ef5785b340571_synthetic_grid_6q_transpiler_29,teleport
leave_one_topology_out,0,always_teleport,dabd84c4a3325ef21b50a394178e913fd5ef5dba3253c4dc929ef5785b340571_synthetic_grid_6q_transpiler_37,teleport
leave_one_topology_out,0,always_teleport,dabd84c4a3325ef21b50a394178e913fd5ef5dba3253c4dc929ef5785b340571_synthetic_grid_6q_transpiler_47,teleport
leave_one_topology_out,0,always_teleport,11917b6d9db4ec58f18384b3e34529b1823f5609fb71679e29b7f5856b29e04b_synthetic_grid_8q_transpiler_11,teleport
leave_one_topology_out,0,always_teleport,11917b6d9db4ec58f18384b3e34529b1823f5609fb71679e29b7f5856b29e04b_synthetic_grid_8q_transpiler_19,teleport
leave_one_topology_out,0,always_teleport,11917b6d9db4ec58f18384b3e34529b1823f5609fb71679e29b7f5856b29e04b_synthetic_grid_8q_transpiler_29,teleport
leave_one_topology_out,0,always_teleport,11917b6d9db4ec58f18384b3e34529b1823f5609fb71679e29b7f5856b29e04b_synthetic_grid_8q_transpiler_37,teleport
leave_one_topology_out,0,always_teleport,11917b6d9db4ec58f18384b3e34529b1823f5609fb71679e29b7f5856b29e04b_synthetic_grid_8q_transpiler_47,teleport
leave_one_topology_out,0,always_teleport,1c000dbb03545990843f258f2cd99e62a98221c482c76d7c86deb19993107e91_synthetic_grid_8q_transpiler_11,teleport
leave_one_topology_out,0,always_teleport,1c000dbb03545990843f258f2cd99e62a98221c482c76d7c86deb19993107e91_synthetic_grid_8q_transpiler_19,teleport
leave_one_topology_out,0,always_teleport,1c000dbb03545990843f258f2cd99e62a98221c482c76d7c86deb19993107e91_synthetic_grid_8q_transpiler_29,teleport
leave_one_topology_out,0,always_teleport,1c000dbb03545990843f258f2cd99e62a98221c482c76d7c86deb19993107e91_synthetic_grid_8q_transpiler_37,teleport
leave_one_topology_out,0,always_teleport,1c000dbb03545990843f258f2cd99e62a98221c482c76d7c86deb19993107e91_synthetic_grid_8q_transpiler_47,teleport
leave_one_topology_out,0,majority,0fc28dc35599b93623d9613d500225976d3b315fe307e512a0db8d51410569b8_synthetic_grid_6q_transpiler_11,teleport
leave_one_topology_out,0,majority,0fc28dc35599b93623d9613d500225976d3b315fe307e512a0db8d51410569b8_synthetic_grid_6q_transpiler_19,teleport
leave_one_topology_out,0,majority,0fc28dc35599b93623d9613d500225976d3b315fe307e512a0db8d51410569b8_synthetic_grid_6q_transpiler_29,teleport
leave_one_topology_out,0,majority,0fc28dc35599b93623d9613d500225976d3b315fe307e512a0db8d51410569b8_synthetic_grid_6q_transpiler_37,teleport
leave_one_topology_out,0,majority,0fc28dc35599b93623d9613d500225976d3b315fe307e512a0db8d51410569b8_synthetic_grid_6q_transpiler_47,teleport
leave_one_topology_out,0,majority,8a9838b475d9bb5d15c2324d44b159fb5c192b8a4ea7b71bf432d0ede311ee02_synthetic_grid_6q_transpiler_11,teleport
leave_one_topology_out,0,majority,8a9838b475d9bb5d15c2324d44b159fb5c192b8a4ea7b71bf432d0ede311ee02_synthetic_grid_6q_transpiler_19,teleport
leave_one_topology_out,0,majority,8a9838b475d9bb5d15c2324d44b159fb5c192b8a4ea7b71bf432d0ede311ee02_synthetic_grid_6q_transpiler_29,teleport
leave_one_topology_out,0,majority,8a9838b475d9bb5d15c2324d44b159fb5c192b8a4ea7b71bf432d0ede311ee02_synthetic_grid_6q_transpiler_37,teleport
leave_one_topology_out,0,majority,8a9838b475d9bb5d15c2324d44b159fb5c192b8a4ea7b71bf432d0ede311ee02_synthetic_grid_6q_transpiler_47,teleport
leave_one_topology_out,0,majority,dabd84c4a3325ef21b50a394178e913fd5ef5dba3253c4dc929ef5785b340571_synthetic_grid_6q_transpiler_11,teleport
leave_one_topology_out,0,majority,dabd84c4a3325ef21b50a394178e913fd5ef5dba3253c4dc929ef5785b340571_synthetic_grid_6q_transpiler_19,teleport
leave_one_topology_out,0,majority,dabd84c4a3325ef21b50a394178e913fd5ef5dba3253c4dc929ef5785b340571_synthetic_grid_6q_transpiler_29,teleport
leave_one_topology_out,0,majority,dabd84c4a3325ef21b50a394178e913fd5ef5dba3253c4dc929ef5785b340571_synthetic_grid_6q_transpiler_37,teleport
leave_one_topology_out,0,majority,dabd84c4a3325ef21b50a394178e913fd5ef5dba3253c4dc929ef5785b340571_synthetic_grid_6q_transpiler_47,teleport
leave_one_topology_out,0,majority,11917b6d9db4ec58f18384b3e34529b1823f5609fb71679e29b7f5856b29e04b_synthetic_grid_8q_transpiler_11,teleport
leave_one_topology_out,0,majority,11917b6d9db4ec58f18384b3e34529b1823f5609fb71679e29b7f5856b29e04b_synthetic_grid_8q_transpiler_19,teleport
leave_one_topology_out,0,majority,11917b6d9db4ec58f18384b3e34529b1823f5609fb71679e29b7f5856b29e04b_synthetic_grid_8q_transpiler_29,teleport
leave_one_topology_out,0,majority,11917b6d9db4ec58f18384b3e34529b1823f5609fb71679e29b7f5856b29e04b_synthetic_grid_8q_transpiler_37,teleport
leave_one_topology_out,0,majority,11917b6d9db4ec58f18384b3e34529b1823f5609fb71679e29b7f5856b29e04b_synthetic_grid_8q_transpiler_47,teleport
leave_one_topology_out,0,majority,1c000dbb03545990843f258f2cd99e62a98221c482c76d7c86deb19993107e91_synthetic_grid_8q_transpiler_11,teleport
leave_one_topology_out,0,majority,1c000dbb03545990843f258f2cd99e62a98221c482c76d7c86deb19993107e91_synthetic_grid_8q_transpiler_19,teleport
leave_one_topology_out,0,majority,1c000dbb03545990843f258f2cd99e62a98221c482c76d7c86deb19993107e91_synthetic_grid_8q_transpiler_29,teleport
leave_one_topology_out,0,majority,1c000dbb03545990843f258f2cd99e62a98221c482c76d7c86deb19993107e91_synthetic_grid_8q_transpiler_37,teleport
leave_one_topology_out,0,majority,1c000dbb03545990843f258f2cd99e62a98221c482c76d7c86deb19993107e91_synthetic_grid_8q_transpiler_47,teleport
leave_one_topology_out,0,frozen_rule,0fc28dc35599b93623d9613d500225976d3b315fe307e512a0db8d51410569b8_synthetic_grid_6q_transpiler_11,teleport
leave_one_topology_out,0,frozen_rule,0fc28dc35599b93623d9613d500225976d3b315fe307e512a0db8d51410569b8_synthetic_grid_6q_transpiler_19,teleport
leave_one_topology_out,0,frozen_rule,0fc28dc35599b93623d9613d500225976d3b315fe307e512a0db8d51410569b8_synthetic_grid_6q_transpiler_29,teleport
leave_one_topology_out,0,frozen_rule,0fc28dc35599b93623d9613d500225976d3b315fe307e512a0db8d51410569b8_synthetic_grid_6q_transpiler_37,teleport
leave_one_topology_out,0,frozen_rule,0fc28dc35599b93623d9613d500225976d3b315fe307e512a0db8d51410569b8_synthetic_grid_6q_transpiler_47,teleport
leave_one_topology_out,0,frozen_rule,8a9838b475d9bb5d15c2324d44b159fb5c192b8a4ea7b71bf432d0ede311ee02_synthetic_grid_6q_transpiler_11,basic
leave_one_topology_out,0,frozen_rule,8a9838b475d9bb5d15c2324d44b159fb5c192b8a4ea7b71bf432d0ede311ee02_synthetic_grid_6q_transpiler_19,basic
leave_one_topology_out,0,frozen_rule,8a9838b475d9bb5d15c2324d44b159fb5c192b8a4ea7b71bf432d0ede311ee02_synthetic_grid_6q_transpiler_29,basic
leave_one_topology_out,0,frozen_rule,8a9838b475d9bb5d15c2324d44b159fb5c192b8a4ea7b71bf432d0ede311ee02_synthetic_grid_6q_transpiler_37,basic
leave_one_topology_out,0,frozen_rule,8a9838b475d9bb5d15c2324d44b159fb5c192b8a4ea7b71bf432d0ede311ee02_synthetic_grid_6q_transpiler_47,basic
leave_one_topology_out,0,frozen_rule,dabd84c4a3325ef21b50a394178e913fd5ef5dba3253c4dc929ef5785b340571_synthetic_grid_6q_transpiler_11,basic
leave_one_topology_out,0,frozen_rule,dabd84c4a3325ef21b50a394178e913fd5ef5dba3253c4dc929ef5785b340571_synthetic_grid_6q_transpiler_19,basic
leave_one_topology_out,0,frozen_rule,dabd84c4a3325ef21b50a394178e913fd5ef5dba3253c4dc929ef5785b340571_synthetic_grid_6q_transpiler_29,basic
leave_one_topology_out,0,frozen_rule,dabd84c4a3325ef21b50a394178e913fd5ef5dba3253c4dc929ef5785b340571_synthetic_grid_6q_transpiler_37,basic
leave_one_topology_out,0,frozen_rule,dabd84c4a3325ef21b50a394178e913fd5ef5dba3253c4dc929ef5785b340571_synthetic_grid_6q_transpiler_47,basic
leave_one_topology_out,0,frozen_rule,11917b6d9db4ec58f18384b3e34529b1823f5609fb71679e29b7f5856b29e04b_synthetic_grid_8q_transpiler_11,basic
leave_one_topology_out,0,frozen_rule,11917b6d9db4ec58f18384b3e34529b1823f5609fb71679e29b7f5856b29e04b_synthetic_grid_8q_transpiler_19,basic
leave_one_topology_out,0,frozen_rule,11917b6d9db4ec58f18384b3e34529b1823f5609fb71679e29b7f5856b29e04b_synthetic_grid_8q_transpiler_29,basic
leave_one_topology_out,0,frozen_rule,11917b6d9db4ec58f18384b3e34529b1823f5609fb71679e29b7f5856b29e04b_synthetic_grid_8q_transpiler_37,basic
leave_one_topology_out,0,frozen_rule,11917b6d9db4ec58f18384b3e34529b1823f5609fb71679e29b7f5856b29e04b_synthetic_grid_8q_transpiler_47,basic
leave_one_topology_out,0,frozen_rule,1c000dbb03545990843f258f2cd99e62a98221c482c76d7c86deb19993107e91_synthetic_grid_8q_transpiler_11,basic
leave_one_topology_out,0,frozen_rule,1c000dbb03545990843f258f2cd99e62a98221c482c76d7c86deb19993107e91_synthetic_grid_8q_transpiler_19,basic
leave_one_topology_out,0,frozen_rule,1c000dbb03545990843f258f2cd99e62a98221c482c76d7c86deb19993107e91_synthetic_grid_8q_transpiler_29,basic
leave_one_topology_out,0,frozen_rule,1c000dbb03545990843f258f2cd99e62a98221c482c76d7c86deb19993107e91_synthetic_grid_8q_transpiler_37,basic
leave_one_topology_out,0,frozen_rule,1c000dbb03545990843f258f2cd99e62a98221c482c76d7c86deb19993107e91_synthetic_grid_8q_transpiler_47,basic
leave_one_topology_out,0,oracle,0fc28dc35599b93623d9613d500225976d3b315fe307e512a0db8d51410569b8_synthetic_grid_6q_transpiler_11,teleport
leave_one_topology_out,0,oracle,0fc28dc35599b93623d9613d500225976d3b315fe307e512a0db8d51410569b8_synthetic_grid_6q_transpiler_19,teleport
leave_one_topology_out,0,oracle,0fc28dc35599b93623d9613d500225976d3b315fe307e512a0db8d51410569b8_synthetic_grid_6q_transpiler_29,teleport
leave_one_topology_out,0,oracle,0fc28dc35599b93623d9613d500225976d3b315fe307e512a0db8d51410569b8_synthetic_grid_6q_transpiler_37,teleport
leave_one_topology_out,0,oracle,0fc28dc35599b93623d9613d500225976d3b315fe307e512a0db8d51410569b8_synthetic_grid_6q_transpiler_47,teleport
leave_one_topology_out,0,oracle,8a9838b475d9bb5d15c2324d44b159fb5c192b8a4ea7b71bf432d0ede311ee02_synthetic_grid_6q_transpiler_11,teleport
leave_one_topology_out,0,oracle,8a9838b475d9bb5d15c2324d44b159fb5c192b8a4ea7b71bf432d0ede311ee02_synthetic_grid_6q_transpiler_19,teleport
leave_one_topology_out,0,oracle,8a9838b475d9bb5d15c2324d44b159fb5c192b8a4ea7b71bf432d0ede311ee02_synthetic_grid_6q_transpiler_29,teleport
leave_one_topology_out,0,oracle,8a9838b475d9bb5d15c2324d44b159fb5c192b8a4ea7b71bf432d0ede311ee02_synthetic_grid_6q_transpiler_37,teleport
leave_one_topology_out,0,oracle,8a9838b475d9bb5d15c2324d44b159fb5c192b8a4ea7b71bf432d0ede311ee02_synthetic_grid_6q_transpiler_47,teleport
leave_one_topology_out,0,oracle,dabd84c4a3325ef21b50a394178e913fd5ef5dba3253c4dc929ef5785b340571_synthetic_grid_6q_transpiler_11,teleport
leave_one_topology_out,0,oracle,dabd84c4a3325ef21b50a394178e913fd5ef5dba3253c4dc929ef5785b340571_synthetic_grid_6q_transpiler_19,teleport
leave_one_topology_out,0,oracle,dabd84c4a3325ef21b50a394178e913fd5ef5dba3253c4dc929ef5785b340571_synthetic_grid_6q_transpiler_29,teleport
leave_one_topology_out,0,oracle,dabd84c4a3325ef21b50a394178e913fd5ef5dba3253c4dc929ef5785b340571_synthetic_grid_6q_transpiler_37,teleport
leave_one_topology_out,0,oracle,dabd84c4a3325ef21b50a394178e913fd5ef5dba3253c4dc929ef5785b340571_synthetic_grid_6q_transpiler_47,teleport
leave_one_topology_out,0,oracle,11917b6d9db4ec58f18384b3e34529b1823f5609fb71679e29b7f5856b29e04b_synthetic_grid_8q_transpiler_11,basic
leave_one_topology_out,0,oracle,11917b6d9db4ec58f18384b3e34529b1823f5609fb71679e29b7f5856b29e04b_synthetic_grid_8q_transpiler_19,basic
leave_one_topology_out,0,oracle,11917b6d9db4ec58f18384b3e34529b1823f5609fb71679e29b7f5856b29e04b_synthetic_grid_8q_transpiler_29,basic
leave_one_topology_out,0,oracle,11917b6d9db4ec58f18384b3e34529b1823f5609fb71679e29b7f5856b29e04b_synthetic_grid_8q_transpiler_37,basic
leave_one_topology_out,0,oracle,11917b6d9db4ec58f18384b3e34529b1823f5609fb71679e29b7f5856b29e04b_synthetic_grid_8q_transpiler_47,basic
leave_one_topology_out,0,oracle,1c000dbb03545990843f258f2cd99e62a98221c482c76d7c86deb19993107e91_synthetic_grid_8q_transpiler_11,basic
leave_one_topology_out,0,oracle,1c000dbb03545990843f258f2cd99e62a98221c482c76d7c86deb19993107e91_synthetic_grid_8q_transpiler_19,basic
leave_one_topology_out,0,oracle,1c000dbb03545990843f258f2cd99e62a98221c482c76d7c86deb19993107e91_synthetic_grid_8q_transpiler_29,basic
leave_one_topology_out,0,oracle,1c000dbb03545990843f258f2cd99e62a98221c482c76d7c86deb19993107e91_synthetic_grid_8q_transpiler_37,basic
leave_one_topology_out,0,oracle,1c000dbb03545990843f258f2cd99e62a98221c482c76d7c86deb19993107e91_synthetic_grid_8q_transpiler_47,basic
leave_one_topology_out,0,logistic,0fc28dc35599b93623d9613d500225976d3b315fe307e512a0db8d51410569b8_synthetic_grid_6q_transpiler_11,teleport
leave_one_topology_out,0,logistic,0fc28dc35599b93623d9613d500225976d3b315fe307e512a0db8d51410569b8_synthetic_grid_6q_transpiler_19,teleport
leave_one_topology_out,0,logistic,0fc28dc35599b93623d9613d500225976d3b315fe307e512a0db8d51410569b8_synthetic_grid_6q_transpiler_29,teleport
leave_one_topology_out,0,logistic,0fc28dc35599b93623d9613d500225976d3b315fe307e512a0db8d51410569b8_synthetic_grid_6q_transpiler_37,teleport
leave_one_topology_out,0,logistic,0fc28dc35599b93623d9613d500225976d3b315fe307e512a0db8d51410569b8_synthetic_grid_6q_transpiler_47,teleport
leave_one_topology_out,0,logistic,8a9838b475d9bb5d15c2324d44b159fb5c192b8a4ea7b71bf432d0ede311ee02_synthetic_grid_6q_transpiler_11,teleport
leave_one_topology_out,0,logistic,8a9838b475d9bb5d15c2324d44b159fb5c192b8a4ea7b71bf432d0ede311ee02_synthetic_grid_6q_transpiler_19,teleport
leave_one_topology_out,0,logistic,8a9838b475d9bb5d15c2324d44b159fb5c192b8a4ea7b71bf432d0ede311ee02_synthetic_grid_6q_transpiler_29,teleport
leave_one_topology_out,0,logistic,8a9838b475d9bb5d15c2324d44b159fb5c192b8a4ea7b71bf432d0ede311ee02_synthetic_grid_6q_transpiler_37,teleport
leave_one_topology_out,0,logistic,8a9838b475d9bb5d15c2324d44b159fb5c192b8a4ea7b71bf432d0ede311ee02_synthetic_grid_6q_transpiler_47,teleport
leave_one_topology_out,0,logistic,dabd84c4a3325ef21b50a394178e913fd5ef5dba3253c4dc929ef5785b340571_synthetic_grid_6q_transpiler_11,teleport
leave_one_topology_out,0,logistic,dabd84c4a3325ef21b50a394178e913fd5ef5dba3253c4dc929ef5785b340571_synthetic_grid_6q_transpiler_19,teleport
leave_one_topology_out,0,logistic,dabd84c4a3325ef21b50a394178e913fd5ef5dba3253c4dc929ef5785b340571_synthetic_grid_6q_transpiler_29,teleport
leave_one_topology_out,0,logistic,dabd84c4a3325ef21b50a394178e913fd5ef5dba3253c4dc929ef5785b340571_synthetic_grid_6q_transpiler_37,teleport
leave_one_topology_out,0,logistic,dabd84c4a3325ef21b50a394178e913fd5ef5dba3253c4dc929ef5785b340571_synthetic_grid_6q_transpiler_47,teleport
leave_one_topology_out,0,logistic,11917b6d9db4ec58f18384b3e34529b1823f5609fb71679e29b7f5856b29e04b_synthetic_grid_8q_transpiler_11,teleport
leave_one_topology_out,0,logistic,11917b6d9db4ec58f18384b3e34529b1823f5609fb71679e29b7f5856b29e04b_synthetic_grid_8q_transpiler_19,teleport
leave_one_topology_out,0,logistic,11917b6d9db4ec58f18384b3e34529b1823f5609fb71679e29b7f5856b29e04b_synthetic_grid_8q_transpiler_29,teleport
leave_one_topology_out,0,logistic,11917b6d9db4ec58f18384b3e34529b1823f5609fb71679e29b7f5856b29e04b_synthetic_grid_8q_transpiler_37,teleport
leave_one_topology_out,0,logistic,11917b6d9db4ec58f18384b3e34529b1823f5609fb71679e29b7f5856b29e04b_synthetic_grid_8q_transpiler_47,teleport
leave_one_topology_out,0,logistic,1c000dbb03545990843f258f2cd99e62a98221c482c76d7c86deb19993107e91_synthetic_grid_8q_transpiler_11,teleport
leave_one_topology_out,0,logistic,1c000dbb03545990843f258f2cd99e62a98221c482c76d7c86deb19993107e91_synthetic_grid_8q_transpiler_19,teleport
leave_one_topology_out,0,logistic,1c000dbb03545990843f258f2cd99e62a98221c482c76d7c86deb19993107e91_synthetic_grid_8q_transpiler_29,teleport
leave_one_topology_out,0,logistic,1c000dbb03545990843f258f2cd99e62a98221c482c76d7c86deb19993107e91_synthetic_grid_8q_transpiler_37,teleport
leave_one_topology_out,0,logistic,1c000dbb03545990843f258f2cd99e62a98221c482c76d7c86deb19993107e91_synthetic_grid_8q_transpiler_47,teleport
leave_one_topology_out,0,tree,0fc28dc35599b93623d9613d500225976d3b315fe307e512a0db8d51410569b8_synthetic_grid_6q_transpiler_11,teleport
leave_one_topology_out,0,tree,0fc28dc35599b93623d9613d500225976d3b315fe307e512a0db8d51410569b8_synthetic_grid_6q_transpiler_19,teleport
leave_one_topology_out,0,tree,0fc28dc35599b93623d9613d500225976d3b315fe307e512a0db8d51410569b8_synthetic_grid_6q_transpiler_29,teleport
leave_one_topology_out,0,tree,0fc28dc35599b93623d9613d500225976d3b315fe307e512a0db8d51410569b8_synthetic_grid_6q_transpiler_37,teleport
leave_one_topology_out,0,tree,0fc28dc35599b93623d9613d500225976d3b315fe307e512a0db8d51410569b8_synthetic_grid_6q_transpiler_47,teleport
leave_one_topology_out,0,tree,8a9838b475d9bb5d15c2324d44b159fb5c192b8a4ea7b71bf432d0ede311ee02_synthetic_grid_6q_transpiler_11,teleport
leave_one_topology_out,0,tree,8a9838b475d9bb5d15c2324d44b159fb5c192b8a4ea7b71bf432d0ede311ee02_synthetic_grid_6q_transpiler_19,teleport
leave_one_topology_out,0,tree,8a9838b475d9bb5d15c2324d44b159fb5c192b8a4ea7b71bf432d0ede311ee02_synthetic_grid_6q_transpiler_29,teleport
leave_one_topology_out,0,tree,8a9838b475d9bb5d15c2324d44b159fb5c192b8a4ea7b71bf432d0ede311ee02_synthetic_grid_6q_transpiler_37,teleport
leave_one_topology_out,0,tree,8a9838b475d9bb5d15c2324d44b159fb5c192b8a4ea7b71bf432d0ede311ee02_synthetic_grid_6q_transpiler_47,teleport
leave_one_topology_out,0,tree,dabd84c4a3325ef21b50a394178e913fd5ef5dba3253c4dc929ef5785b340571_synthetic_grid_6q_transpiler_11,teleport
leave_one_topology_out,0,tree,dabd84c4a3325ef21b50a394178e913fd5ef5dba3253c4dc929ef5785b340571_synthetic_grid_6q_transpiler_19,teleport
leave_one_topology_out,0,tree,dabd84c4a3325ef21b50a394178e913fd5ef5dba3253c4dc929ef5785b340571_synthetic_grid_6q_transpiler_29,teleport
leave_one_topology_out,0,tree,dabd84c4a3325ef21b50a394178e913fd5ef5dba3253c4dc929ef5785b340571_synthetic_grid_6q_transpiler_37,teleport
leave_one_topology_out,0,tree,dabd84c4a3325ef21b50a394178e913fd5ef5dba3253c4dc929ef5785b340571_synthetic_grid_6q_transpiler_47,teleport
leave_one_topology_out,0,tree,11917b6d9db4ec58f18384b3e34529b1823f5609fb71679e29b7f5856b29e04b_synthetic_grid_8q_transpiler_11,teleport
leave_one_topology_out,0,tree,11917b6d9db4ec58f18384b3e34529b1823f5609fb71679e29b7f5856b29e04b_synthetic_grid_8q_transpiler_19,teleport
leave_one_topology_out,0,tree,11917b6d9db4ec58f18384b3e34529b1823f5609fb71679e29b7f5856b29e04b_synthetic_grid_8q_transpiler_29,teleport
leave_one_topology_out,0,tree,11917b6d9db4ec58f18384b3e34529b1823f5609fb71679e29b7f5856b29e04b_synthetic_grid_8q_transpiler_37,teleport
leave_one_topology_out,0,tree,11917b6d9db4ec58f18384b3e34529b1823f5609fb71679e29b7f5856b29e04b_synthetic_grid_8q_transpiler_47,teleport
leave_one_topology_out,0,tree,1c000dbb03545990843f258f2cd99e62a98221c482c76d7c86deb19993107e91_synthetic_grid_8q_transpiler_11,teleport
leave_one_topology_out,0,tree,1c000dbb03545990843f258f2cd99e62a98221c482c76d7c86deb19993107e91_synthetic_grid_8q_transpiler_19,teleport
leave_one_topology_out,0,tree,1c000dbb03545990843f258f2cd99e62a98221c482c76d7c86deb19993107e91_synthetic_grid_8q_transpiler_29,teleport
leave_one_topology_out,0,tree,1c000dbb03545990843f258f2cd99e62a98221c482c76d7c86deb19993107e91_synthetic_grid_8q_transpiler_37,teleport
leave_one_topology_out,0,tree,1c000dbb03545990843f258f2cd99e62a98221c482c76d7c86deb19993107e91_synthetic_grid_8q_transpiler_47,teleport
leave_one_topology_out,0,forest_classifier,0fc28dc35599b93623d9613d500225976d3b315fe307e512a0db8d51410569b8_synthetic_grid_6q_transpiler_11,teleport
leave_one_topology_out,0,forest_classifier,0fc28dc35599b93623d9613d500225976d3b315fe307e512a0db8d51410569b8_synthetic_grid_6q_transpiler_19,teleport
leave_one_topology_out,0,forest_classifier,0fc28dc35599b93623d9613d500225976d3b315fe307e512a0db8d51410569b8_synthetic_grid_6q_transpiler_29,teleport
leave_one_topology_out,0,forest_classifier,0fc28dc35599b93623d9613d500225976d3b315fe307e512a0db8d51410569b8_synthetic_grid_6q_transpiler_37,teleport
leave_one_topology_out,0,forest_classifier,0fc28dc35599b93623d9613d500225976d3b315fe307e512a0db8d51410569b8_synthetic_grid_6q_transpiler_47,teleport
leave_one_topology_out,0,forest_classifier,8a9838b475d9bb5d15c2324d44b159fb5c192b8a4ea7b71bf432d0ede311ee02_synthetic_grid_6q_transpiler_11,teleport
leave_one_topology_out,0,forest_classifier,8a9838b475d9bb5d15c2324d44b159fb5c192b8a4ea7b71bf432d0ede311ee02_synthetic_grid_6q_transpiler_19,teleport
leave_one_topology_out,0,forest_classifier,8a9838b475d9bb5d15c2324d44b159fb5c192b8a4ea7b71bf432d0ede311ee02_synthetic_grid_6q_transpiler_29,teleport
leave_one_topology_out,0,forest_classifier,8a9838b475d9bb5d15c2324d44b159fb5c192b8a4ea7b71bf432d0ede311ee02_synthetic_grid_6q_transpiler_37,teleport
leave_one_topology_out,0,forest_classifier,8a9838b475d9bb5d15c2324d44b159fb5c192b8a4ea7b71bf432d0ede311ee02_synthetic_grid_6q_transpiler_47,teleport
leave_one_topology_out,0,forest_classifier,dabd84c4a3325ef21b50a394178e913fd5ef5dba3253c4dc929ef5785b340571_synthetic_grid_6q_transpiler_11,teleport
leave_one_topology_out,0,forest_classifier,dabd84c4a3325ef21b50a394178e913fd5ef5dba3253c4dc929ef5785b340571_synthetic_grid_6q_transpiler_19,teleport
leave_one_topology_out,0,forest_classifier,dabd84c4a3325ef21b50a394178e913fd5ef5dba3253c4dc929ef5785b340571_synthetic_grid_6q_transpiler_29,teleport
leave_one_topology_out,0,forest_classifier,dabd84c4a3325ef21b50a394178e913fd5ef5dba3253c4dc929ef5785b340571_synthetic_grid_6q_transpiler_37,teleport
leave_one_topology_out,0,forest_classifier,dabd84c4a3325ef21b50a394178e913fd5ef5dba3253c4dc929ef5785b340571_synthetic_grid_6q_transpiler_47,teleport
leave_one_topology_out,0,forest_classifier,11917b6d9db4ec58f18384b3e34529b1823f5609fb71679e29b7f5856b29e04b_synthetic_grid_8q_transpiler_11,teleport
leave_one_topology_out,0,forest_classifier,11917b6d9db4ec58f18384b3e34529b1823f5609fb71679e29b7f5856b29e04b_synthetic_grid_8q_transpiler_19,teleport
leave_one_topology_out,0,forest_classifier,11917b6d9db4ec58f18384b3e34529b1823f5609fb71679e29b7f5856b29e04b_synthetic_grid_8q_transpiler_29,teleport
leave_one_topology_out,0,forest_classifier,11917b6d9db4ec58f18384b3e34529b1823f5609fb71679e29b7f5856b29e04b_synthetic_grid_8q_transpiler_37,teleport
leave_one_topology_out,0,forest_classifier,11917b6d9db4ec58f18384b3e34529b1823f5609fb71679e29b7f5856b29e04b_synthetic_grid_8q_transpiler_47,teleport
leave_one_topology_out,0,forest_classifier,1c000dbb03545990843f258f2cd99e62a98221c482c76d7c86deb19993107e91_synthetic_grid_8q_transpiler_11,teleport
leave_one_topology_out,0,forest_classifier,1c000dbb03545990843f258f2cd99e62a98221c482c76d7c86deb19993107e91_synthetic_grid_8q_transpiler_19,teleport
leave_one_topology_out,0,forest_classifier,1c000dbb03545990843f258f2cd99e62a98221c482c76d7c86deb19993107e91_synthetic_grid_8q_transpiler_29,teleport
leave_one_topology_out,0,forest_classifier,1c000dbb03545990843f258f2cd99e62a98221c482c76d7c86deb19993107e91_synthetic_grid_8q_transpiler_37,teleport
leave_one_topology_out,0,forest_classifier,1c000dbb03545990843f258f2cd99e62a98221c482c76d7c86deb19993107e91_synthetic_grid_8q_transpiler_47,teleport
leave_one_topology_out,0,forest_delta_regressor,0fc28dc35599b93623d9613d500225976d3b315fe307e512a0db8d51410569b8_synthetic_grid_6q_transpiler_11,teleport
leave_one_topology_out,0,forest_delta_regressor,0fc28dc35599b93623d9613d500225976d3b315fe307e512a0db8d51410569b8_synthetic_grid_6q_transpiler_19,teleport
leave_one_topology_out,0,forest_delta_regressor,0fc28dc35599b93623d9613d500225976d3b315fe307e512a0db8d51410569b8_synthetic_grid_6q_transpiler_29,teleport
leave_one_topology_out,0,forest_delta_regressor,0fc28dc35599b93623d9613d500225976d3b315fe307e512a0db8d51410569b8_synthetic_grid_6q_transpiler_37,teleport
leave_one_topology_out,0,forest_delta_regressor,0fc28dc35599b93623d9613d500225976d3b315fe307e512a0db8d51410569b8_synthetic_grid_6q_transpiler_47,teleport
leave_one_topology_out,0,forest_delta_regressor,8a9838b475d9bb5d15c2324d44b159fb5c192b8a4ea7b71bf432d0ede311ee02_synthetic_grid_6q_transpiler_11,teleport
leave_one_topology_out,0,forest_delta_regressor,8a9838b475d9bb5d15c2324d44b159fb5c192b8a4ea7b71bf432d0ede311ee02_synthetic_grid_6q_transpiler_19,teleport
leave_one_topology_out,0,forest_delta_regressor,8a9838b475d9bb5d15c2324d44b159fb5c192b8a4ea7b71bf432d0ede311ee02_synthetic_grid_6q_transpiler_29,teleport
leave_one_topology_out,0,forest_delta_regressor,8a9838b475d9bb5d15c2324d44b159fb5c192b8a4ea7b71bf432d0ede311ee02_synthetic_grid_6q_transpiler_37,teleport
leave_one_topology_out,0,forest_delta_regressor,8a9838b475d9bb5d15c2324d44b159fb5c192b8a4ea7b71bf432d0ede311ee02_synthetic_grid_6q_transpiler_47,teleport
leave_one_topology_out,0,forest_delta_regressor,dabd84c4a3325ef21b50a394178e913fd5ef5dba3253c4dc929ef5785b340571_synthetic_grid_6q_transpiler_11,teleport
leave_one_topology_out,0,forest_delta_regressor,dabd84c4a3325ef21b50a394178e913fd5ef5dba3253c4dc929ef5785b340571_synthetic_grid_6q_transpiler_19,teleport
leave_one_topology_out,0,forest_delta_regressor,dabd84c4a3325ef21b50a394178e913fd5ef5dba3253c4dc929ef5785b340571_synthetic_grid_6q_transpiler_29,teleport
leave_one_topology_out,0,forest_delta_regressor,dabd84c4a3325ef21b50a394178e913fd5ef5dba3253c4dc929ef5785b340571_synthetic_grid_6q_transpiler_37,teleport
leave_one_topology_out,0,forest_delta_regressor,dabd84c4a3325ef21b50a394178e913fd5ef5dba3253c4dc929ef5785b340571_synthetic_grid_6q_transpiler_47,teleport
leave_one_topology_out,0,forest_delta_regressor,11917b6d9db4ec58f18384b3e34529b1823f5609fb71679e29b7f5856b29e04b_synthetic_grid_8q_transpiler_11,teleport
leave_one_topology_out,0,forest_delta_regressor,11917b6d9db4ec58f18384b3e34529b1823f5609fb71679e29b7f5856b29e04b_synthetic_grid_8q_transpiler_19,teleport
leave_one_topology_out,0,forest_delta_regressor,11917b6d9db4ec58f18384b3e34529b1823f5609fb71679e29b7f5856b29e04b_synthetic_grid_8q_transpiler_29,teleport
leave_one_topology_out,0,forest_delta_regressor,11917b6d9db4ec58f18384b3e34529b1823f5609fb71679e29b7f5856b29e04b_synthetic_grid_8q_transpiler_37,teleport
leave_one_topology_out,0,forest_delta_regressor,11917b6d9db4ec58f18384b3e34529b1823f5609fb71679e29b7f5856b29e04b_synthetic_grid_8q_transpiler_47,teleport
leave_one_topology_out,0,forest_delta_regressor,1c000dbb03545990843f258f2cd99e62a98221c482c76d7c86deb19993107e91_synthetic_grid_8q_transpiler_11,teleport
leave_one_topology_out,0,forest_delta_regressor,1c000dbb03545990843f258f2cd99e62a98221c482c76d7c86deb19993107e91_synthetic_grid_8q_transpiler_19,teleport
leave_one_topology_out,0,forest_delta_regressor,1c000dbb03545990843f258f2cd99e62a98221c482c76d7c86deb19993107e91_synthetic_grid_8q_transpiler_29,teleport
leave_one_topology_out,0,forest_delta_regressor,1c000dbb03545990843f258f2cd99e62a98221c482c76d7c86deb19993107e91_synthetic_grid_8q_transpiler_37,teleport
leave_one_topology_out,0,forest_delta_regressor,1c000dbb03545990843f258f2cd99e62a98221c482c76d7c86deb19993107e91_synthetic_grid_8q_transpiler_47,teleport
leave_one_topology_out,1,always_basic,b4d5502166457832ab5510beca11bf8da7f4721a767e3c0a5898a00a9f9831cd_synthetic_heavy_hex_like_7q_transpiler_11,basic
leave_one_topology_out,1,always_basic,b4d5502166457832ab5510beca11bf8da7f4721a767e3c0a5898a00a9f9831cd_synthetic_heavy_hex_like_7q_transpiler_19,basic
leave_one_topology_out,1,always_basic,b4d5502166457832ab5510beca11bf8da7f4721a767e3c0a5898a00a9f9831cd_synthetic_heavy_hex_like_7q_transpiler_29,basic
leave_one_topology_out,1,always_basic,b4d5502166457832ab5510beca11bf8da7f4721a767e3c0a5898a00a9f9831cd_synthetic_heavy_hex_like_7q_transpiler_37,basic
leave_one_topology_out,1,always_basic,b4d5502166457832ab5510beca11bf8da7f4721a767e3c0a5898a00a9f9831cd_synthetic_heavy_hex_like_7q_transpiler_47,basic
leave_one_topology_out,1,always_basic,dabd84c4a3325ef21b50a394178e913fd5ef5dba3253c4dc929ef5785b340571_synthetic_heavy_hex_like_7q_transpiler_11,basic
leave_one_topology_out,1,always_basic,dabd84c4a3325ef21b50a394178e913fd5ef5dba3253c4dc929ef5785b340571_synthetic_heavy_hex_like_7q_transpiler_19,basic
leave_one_topology_out,1,always_basic,dabd84c4a3325ef21b50a394178e913fd5ef5dba3253c4dc929ef5785b340571_synthetic_heavy_hex_like_7q_transpiler_29,basic
leave_one_topology_out,1,always_basic,dabd84c4a3325ef21b50a394178e913fd5ef5dba3253c4dc929ef5785b340571_synthetic_heavy_hex_like_7q_transpiler_37,basic
leave_one_topology_out,1,always_basic,dabd84c4a3325ef21b50a394178e913fd5ef5dba3253c4dc929ef5785b340571_synthetic_heavy_hex_like_7q_transpiler_47,basic
leave_one_topology_out,1,always_teleport,b4d5502166457832ab5510beca11bf8da7f4721a767e3c0a5898a00a9f9831cd_synthetic_heavy_hex_like_7q_transpiler_11,teleport
leave_one_topology_out,1,always_teleport,b4d5502166457832ab5510beca11bf8da7f4721a767e3c0a5898a00a9f9831cd_synthetic_heavy_hex_like_7q_transpiler_19,teleport
leave_one_topology_out,1,always_teleport,b4d5502166457832ab5510beca11bf8da7f4721a767e3c0a5898a00a9f9831cd_synthetic_heavy_hex_like_7q_transpiler_29,teleport
leave_one_topology_out,1,always_teleport,b4d5502166457832ab5510beca11bf8da7f4721a767e3c0a5898a00a9f9831cd_synthetic_heavy_hex_like_7q_transpiler_37,teleport
leave_one_topology_out,1,always_teleport,b4d5502166457832ab5510beca11bf8da7f4721a767e3c0a5898a00a9f9831cd_synthetic_heavy_hex_like_7q_transpiler_47,teleport
leave_one_topology_out,1,always_teleport,dabd84c4a3325ef21b50a394178e913fd5ef5dba3253c4dc929ef5785b340571_synthetic_heavy_hex_like_7q_transpiler_11,teleport
leave_one_topology_out,1,always_teleport,dabd84c4a3325ef21b50a394178e913fd5ef5dba3253c4dc929ef5785b340571_synthetic_heavy_hex_like_7q_transpiler_19,teleport
leave_one_topology_out,1,always_teleport,dabd84c4a3325ef21b50a394178e913fd5ef5dba3253c4dc929ef5785b340571_synthetic_heavy_hex_like_7q_transpiler_29,teleport
leave_one_topology_out,1,always_teleport,dabd84c4a3325ef21b50a394178e913fd5ef5dba3253c4dc929ef5785b340571_synthetic_heavy_hex_like_7q_transpiler_37,teleport
leave_one_topology_out,1,always_teleport,dabd84c4a3325ef21b50a394178e913fd5ef5dba3253c4dc929ef5785b340571_synthetic_heavy_hex_like_7q_transpiler_47,teleport
leave_one_topology_out,1,majority,b4d5502166457832ab5510beca11bf8da7f4721a767e3c0a5898a00a9f9831cd_synthetic_heavy_hex_like_7q_transpiler_11,teleport
leave_one_topology_out,1,majority,b4d5502166457832ab5510beca11bf8da7f4721a767e3c0a5898a00a9f9831cd_synthetic_heavy_hex_like_7q_transpiler_19,teleport
leave_one_topology_out,1,majority,b4d5502166457832ab5510beca11bf8da7f4721a767e3c0a5898a00a9f9831cd_synthetic_heavy_hex_like_7q_transpiler_29,teleport
leave_one_topology_out,1,majority,b4d5502166457832ab5510beca11bf8da7f4721a767e3c0a5898a00a9f9831cd_synthetic_heavy_hex_like_7q_transpiler_37,teleport
leave_one_topology_out,1,majority,b4d5502166457832ab5510beca11bf8da7f4721a767e3c0a5898a00a9f9831cd_synthetic_heavy_hex_like_7q_transpiler_47,teleport
leave_one_topology_out,1,majority,dabd84c4a3325ef21b50a394178e913fd5ef5dba3253c4dc929ef5785b340571_synthetic_heavy_hex_like_7q_transpiler_11,teleport
leave_one_topology_out,1,majority,dabd84c4a3325ef21b50a394178e913fd5ef5dba3253c4dc929ef5785b340571_synthetic_heavy_hex_like_7q_transpiler_19,teleport
leave_one_topology_out,1,majority,dabd84c4a3325ef21b50a394178e913fd5ef5dba3253c4dc929ef5785b340571_synthetic_heavy_hex_like_7q_transpiler_29,teleport
leave_one_topology_out,1,majority,dabd84c4a3325ef21b50a394178e913fd5ef5dba3253c4dc929ef5785b340571_synthetic_heavy_hex_like_7q_transpiler_37,teleport
leave_one_topology_out,1,majority,dabd84c4a3325ef21b50a394178e913fd5ef5dba3253c4dc929ef5785b340571_synthetic_heavy_hex_like_7q_transpiler_47,teleport
leave_one_topology_out,1,frozen_rule,b4d5502166457832ab5510beca11bf8da7f4721a767e3c0a5898a00a9f9831cd_synthetic_heavy_hex_like_7q_transpiler_11,basic
leave_one_topology_out,1,frozen_rule,b4d5502166457832ab5510beca11bf8da7f4721a767e3c0a5898a00a9f9831cd_synthetic_heavy_hex_like_7q_transpiler_19,basic
leave_one_topology_out,1,frozen_rule,b4d5502166457832ab5510beca11bf8da7f4721a767e3c0a5898a00a9f9831cd_synthetic_heavy_hex_like_7q_transpiler_29,basic
leave_one_topology_out,1,frozen_rule,b4d5502166457832ab5510beca11bf8da7f4721a767e3c0a5898a00a9f9831cd_synthetic_heavy_hex_like_7q_transpiler_37,basic
leave_one_topology_out,1,frozen_rule,b4d5502166457832ab5510beca11bf8da7f4721a767e3c0a5898a00a9f9831cd_synthetic_heavy_hex_like_7q_transpiler_47,basic
leave_one_topology_out,1,frozen_rule,dabd84c4a3325ef21b50a394178e913fd5ef5dba3253c4dc929ef5785b340571_synthetic_heavy_hex_like_7q_transpiler_11,basic
leave_one_topology_out,1,frozen_rule,dabd84c4a3325ef21b50a394178e913fd5ef5dba3253c4dc929ef5785b340571_synthetic_heavy_hex_like_7q_transpiler_19,basic
leave_one_topology_out,1,frozen_rule,dabd84c4a3325ef21b50a394178e913fd5ef5dba3253c4dc929ef5785b340571_synthetic_heavy_hex_like_7q_transpiler_29,basic
leave_one_topology_out,1,frozen_rule,dabd84c4a3325ef21b50a394178e913fd5ef5dba3253c4dc929ef5785b340571_synthetic_heavy_hex_like_7q_transpiler_37,basic
leave_one_topology_out,1,frozen_rule,dabd84c4a3325ef21b50a394178e913fd5ef5dba3253c4dc929ef5785b340571_synthetic_heavy_hex_like_7q_transpiler_47,basic
leave_one_topology_out,1,oracle,b4d5502166457832ab5510beca11bf8da7f4721a767e3c0a5898a00a9f9831cd_synthetic_heavy_hex_like_7q_transpiler_11,teleport
leave_one_topology_out,1,oracle,b4d5502166457832ab5510beca11bf8da7f4721a767e3c0a5898a00a9f9831cd_synthetic_heavy_hex_like_7q_transpiler_19,teleport
leave_one_topology_out,1,oracle,b4d5502166457832ab5510beca11bf8da7f4721a767e3c0a5898a00a9f9831cd_synthetic_heavy_hex_like_7q_transpiler_29,teleport
leave_one_topology_out,1,oracle,b4d5502166457832ab5510beca11bf8da7f4721a767e3c0a5898a00a9f9831cd_synthetic_heavy_hex_like_7q_transpiler_37,teleport
leave_one_topology_out,1,oracle,b4d5502166457832ab5510beca11bf8da7f4721a767e3c0a5898a00a9f9831cd_synthetic_heavy_hex_like_7q_transpiler_47,teleport
leave_one_topology_out,1,oracle,dabd84c4a3325ef21b50a394178e913fd5ef5dba3253c4dc929ef5785b340571_synthetic_heavy_hex_like_7q_transpiler_11,teleport
leave_one_topology_out,1,oracle,dabd84c4a3325ef21b50a394178e913fd5ef5dba3253c4dc929ef5785b340571_synthetic_heavy_hex_like_7q_transpiler_19,teleport
leave_one_topology_out,1,oracle,dabd84c4a3325ef21b50a394178e913fd5ef5dba3253c4dc929ef5785b340571_synthetic_heavy_hex_like_7q_transpiler_29,teleport
leave_one_topology_out,1,oracle,dabd84c4a3325ef21b50a394178e913fd5ef5dba3253c4dc929ef5785b340571_synthetic_heavy_hex_like_7q_transpiler_37,teleport
leave_one_topology_out,1,oracle,dabd84c4a3325ef21b50a394178e913fd5ef5dba3253c4dc929ef5785b340571_synthetic_heavy_hex_like_7q_transpiler_47,teleport
leave_one_topology_out,1,logistic,b4d5502166457832ab5510beca11bf8da7f4721a767e3c0a5898a00a9f9831cd_synthetic_heavy_hex_like_7q_transpiler_11,teleport
leave_one_topology_out,1,logistic,b4d5502166457832ab5510beca11bf8da7f4721a767e3c0a5898a00a9f9831cd_synthetic_heavy_hex_like_7q_transpiler_19,teleport
leave_one_topology_out,1,logistic,b4d5502166457832ab5510beca11bf8da7f4721a767e3c0a5898a00a9f9831cd_synthetic_heavy_hex_like_7q_transpiler_29,teleport
leave_one_topology_out,1,logistic,b4d5502166457832ab5510beca11bf8da7f4721a767e3c0a5898a00a9f9831cd_synthetic_heavy_hex_like_7q_transpiler_37,teleport
leave_one_topology_out,1,logistic,b4d5502166457832ab5510beca11bf8da7f4721a767e3c0a5898a00a9f9831cd_synthetic_heavy_hex_like_7q_transpiler_47,teleport
leave_one_topology_out,1,logistic,dabd84c4a3325ef21b50a394178e913fd5ef5dba3253c4dc929ef5785b340571_synthetic_heavy_hex_like_7q_transpiler_11,teleport
leave_one_topology_out,1,logistic,dabd84c4a3325ef21b50a394178e913fd5ef5dba3253c4dc929ef5785b340571_synthetic_heavy_hex_like_7q_transpiler_19,teleport
leave_one_topology_out,1,logistic,dabd84c4a3325ef21b50a394178e913fd5ef5dba3253c4dc929ef5785b340571_synthetic_heavy_hex_like_7q_transpiler_29,teleport
leave_one_topology_out,1,logistic,dabd84c4a3325ef21b50a394178e913fd5ef5dba3253c4dc929ef5785b340571_synthetic_heavy_hex_like_7q_transpiler_37,teleport
leave_one_topology_out,1,logistic,dabd84c4a3325ef21b50a394178e913fd5ef5dba3253c4dc929ef5785b340571_synthetic_heavy_hex_like_7q_transpiler_47,teleport
leave_one_topology_out,1,tree,b4d5502166457832ab5510beca11bf8da7f4721a767e3c0a5898a00a9f9831cd_synthetic_heavy_hex_like_7q_transpiler_11,teleport
leave_one_topology_out,1,tree,b4d5502166457832ab5510beca11bf8da7f4721a767e3c0a5898a00a9f9831cd_synthetic_heavy_hex_like_7q_transpiler_19,teleport
leave_one_topology_out,1,tree,b4d5502166457832ab5510beca11bf8da7f4721a767e3c0a5898a00a9f9831cd_synthetic_heavy_hex_like_7q_transpiler_29,teleport
leave_one_topology_out,1,tree,b4d5502166457832ab5510beca11bf8da7f4721a767e3c0a5898a00a9f9831cd_synthetic_heavy_hex_like_7q_transpiler_37,teleport
leave_one_topology_out,1,tree,b4d5502166457832ab5510beca11bf8da7f4721a767e3c0a5898a00a9f9831cd_synthetic_heavy_hex_like_7q_transpiler_47,teleport
leave_one_topology_out,1,tree,dabd84c4a3325ef21b50a394178e913fd5ef5dba3253c4dc929ef5785b340571_synthetic_heavy_hex_like_7q_transpiler_11,teleport
leave_one_topology_out,1,tree,dabd84c4a3325ef21b50a394178e913fd5ef5dba3253c4dc929ef5785b340571_synthetic_heavy_hex_like_7q_transpiler_19,teleport
leave_one_topology_out,1,tree,dabd84c4a3325ef21b50a394178e913fd5ef5dba3253c4dc929ef5785b340571_synthetic_heavy_hex_like_7q_transpiler_29,teleport
leave_one_topology_out,1,tree,dabd84c4a3325ef21b50a394178e913fd5ef5dba3253c4dc929ef5785b340571_synthetic_heavy_hex_like_7q_transpiler_37,teleport
leave_one_topology_out,1,tree,dabd84c4a3325ef21b50a394178e913fd5ef5dba3253c4dc929ef5785b340571_synthetic_heavy_hex_like_7q_transpiler_47,teleport
leave_one_topology_out,1,forest_classifier,b4d5502166457832ab5510beca11bf8da7f4721a767e3c0a5898a00a9f9831cd_synthetic_heavy_hex_like_7q_transpiler_11,teleport
leave_one_topology_out,1,forest_classifier,b4d5502166457832ab5510beca11bf8da7f4721a767e3c0a5898a00a9f9831cd_synthetic_heavy_hex_like_7q_transpiler_19,teleport
leave_one_topology_out,1,forest_classifier,b4d5502166457832ab5510beca11bf8da7f4721a767e3c0a5898a00a9f9831cd_synthetic_heavy_hex_like_7q_transpiler_29,teleport
leave_one_topology_out,1,forest_classifier,b4d5502166457832ab5510beca11bf8da7f4721a767e3c0a5898a00a9f9831cd_synthetic_heavy_hex_like_7q_transpiler_37,teleport
leave_one_topology_out,1,forest_classifier,b4d5502166457832ab5510beca11bf8da7f4721a767e3c0a5898a00a9f9831cd_synthetic_heavy_hex_like_7q_transpiler_47,teleport
leave_one_topology_out,1,forest_classifier,dabd84c4a3325ef21b50a394178e913fd5ef5dba3253c4dc929ef5785b340571_synthetic_heavy_hex_like_7q_transpiler_11,teleport
leave_one_topology_out,1,forest_classifier,dabd84c4a3325ef21b50a394178e913fd5ef5dba3253c4dc929ef5785b340571_synthetic_heavy_hex_like_7q_transpiler_19,teleport
leave_one_topology_out,1,forest_classifier,dabd84c4a3325ef21b50a394178e913fd5ef5dba3253c4dc929ef5785b340571_synthetic_heavy_hex_like_7q_transpiler_29,teleport
leave_one_topology_out,1,forest_classifier,dabd84c4a3325ef21b50a394178e913fd5ef5dba3253c4dc929ef5785b340571_synthetic_heavy_hex_like_7q_transpiler_37,teleport
leave_one_topology_out,1,forest_classifier,dabd84c4a3325ef21b50a394178e913fd5ef5dba3253c4dc929ef5785b340571_synthetic_heavy_hex_like_7q_transpiler_47,teleport
leave_one_topology_out,1,forest_delta_regressor,b4d5502166457832ab5510beca11bf8da7f4721a767e3c0a5898a00a9f9831cd_synthetic_heavy_hex_like_7q_transpiler_11,teleport
leave_one_topology_out,1,forest_delta_regressor,b4d5502166457832ab5510beca11bf8da7f4721a767e3c0a5898a00a9f9831cd_synthetic_heavy_hex_like_7q_transpiler_19,teleport
leave_one_topology_out,1,forest_delta_regressor,b4d5502166457832ab5510beca11bf8da7f4721a767e3c0a5898a00a9f9831cd_synthetic_heavy_hex_like_7q_transpiler_29,teleport
leave_one_topology_out,1,forest_delta_regressor,b4d5502166457832ab5510beca11bf8da7f4721a767e3c0a5898a00a9f9831cd_synthetic_heavy_hex_like_7q_transpiler_37,teleport
leave_one_topology_out,1,forest_delta_regressor,b4d5502166457832ab5510beca11bf8da7f4721a767e3c0a5898a00a9f9831cd_synthetic_heavy_hex_like_7q_transpiler_47,teleport
leave_one_topology_out,1,forest_delta_regressor,dabd84c4a3325ef21b50a394178e913fd5ef5dba3253c4dc929ef5785b340571_synthetic_heavy_hex_like_7q_transpiler_11,teleport
leave_one_topology_out,1,forest_delta_regressor,dabd84c4a3325ef21b50a394178e913fd5ef5dba3253c4dc929ef5785b340571_synthetic_heavy_hex_like_7q_transpiler_19,teleport
leave_one_topology_out,1,forest_delta_regressor,dabd84c4a3325ef21b50a394178e913fd5ef5dba3253c4dc929ef5785b340571_synthetic_heavy_hex_like_7q_transpiler_29,teleport
leave_one_topology_out,1,forest_delta_regressor,dabd84c4a3325ef21b50a394178e913fd5ef5dba3253c4dc929ef5785b340571_synthetic_heavy_hex_like_7q_transpiler_37,teleport
leave_one_topology_out,1,forest_delta_regressor,dabd84c4a3325ef21b50a394178e913fd5ef5dba3253c4dc929ef5785b340571_synthetic_heavy_hex_like_7q_transpiler_47,teleport
leave_one_topology_out,2,always_basic,72b1038facc288285e2702246aec8cb5a5d554250f6dd4647e31f249d53e1c38_synthetic_irregular_7q_spread_11,basic
leave_one_topology_out,2,always_basic,72b1038facc288285e2702246aec8cb5a5d554250f6dd4647e31f249d53e1c38_synthetic_irregular_7q_spread_19,basic
leave_one_topology_out,2,always_basic,72b1038facc288285e2702246aec8cb5a5d554250f6dd4647e31f249d53e1c38_synthetic_irregular_7q_spread_29,basic
leave_one_topology_out,2,always_basic,72b1038facc288285e2702246aec8cb5a5d554250f6dd4647e31f249d53e1c38_synthetic_irregular_7q_spread_37,basic
leave_one_topology_out,2,always_basic,72b1038facc288285e2702246aec8cb5a5d554250f6dd4647e31f249d53e1c38_synthetic_irregular_7q_spread_47,basic
leave_one_topology_out,2,always_basic,dabd84c4a3325ef21b50a394178e913fd5ef5dba3253c4dc929ef5785b340571_synthetic_irregular_7q_favorable_11,basic
leave_one_topology_out,2,always_basic,dabd84c4a3325ef21b50a394178e913fd5ef5dba3253c4dc929ef5785b340571_synthetic_irregular_7q_favorable_19,basic
leave_one_topology_out,2,always_basic,dabd84c4a3325ef21b50a394178e913fd5ef5dba3253c4dc929ef5785b340571_synthetic_irregular_7q_favorable_29,basic
leave_one_topology_out,2,always_basic,dabd84c4a3325ef21b50a394178e913fd5ef5dba3253c4dc929ef5785b340571_synthetic_irregular_7q_favorable_37,basic
leave_one_topology_out,2,always_basic,dabd84c4a3325ef21b50a394178e913fd5ef5dba3253c4dc929ef5785b340571_synthetic_irregular_7q_favorable_47,basic
leave_one_topology_out,2,always_basic,dabd84c4a3325ef21b50a394178e913fd5ef5dba3253c4dc929ef5785b340571_synthetic_irregular_7q_spread_11,basic
leave_one_topology_out,2,always_basic,dabd84c4a3325ef21b50a394178e913fd5ef5dba3253c4dc929ef5785b340571_synthetic_irregular_7q_spread_19,basic
leave_one_topology_out,2,always_basic,dabd84c4a3325ef21b50a394178e913fd5ef5dba3253c4dc929ef5785b340571_synthetic_irregular_7q_spread_29,basic
leave_one_topology_out,2,always_basic,dabd84c4a3325ef21b50a394178e913fd5ef5dba3253c4dc929ef5785b340571_synthetic_irregular_7q_spread_37,basic
leave_one_topology_out,2,always_basic,dabd84c4a3325ef21b50a394178e913fd5ef5dba3253c4dc929ef5785b340571_synthetic_irregular_7q_spread_47,basic
leave_one_topology_out,2,always_basic,199175ead0c72935d7a99429464f9050e079ef6f760813698618253a465ecf60_synthetic_irregular_7q_favorable_11,basic
leave_one_topology_out,2,always_basic,199175ead0c72935d7a99429464f9050e079ef6f760813698618253a465ecf60_synthetic_irregular_7q_favorable_19,basic
leave_one_topology_out,2,always_basic,199175ead0c72935d7a99429464f9050e079ef6f760813698618253a465ecf60_synthetic_irregular_7q_favorable_29,basic
leave_one_topology_out,2,always_basic,199175ead0c72935d7a99429464f9050e079ef6f760813698618253a465ecf60_synthetic_irregular_7q_favorable_37,basic
leave_one_topology_out,2,always_basic,199175ead0c72935d7a99429464f9050e079ef6f760813698618253a465ecf60_synthetic_irregular_7q_favorable_47,basic
leave_one_topology_out,2,always_basic,b66e78c1f4a10c34763563660201dc843b5e66d635a6c02bb8e10ecf326cfd70_synthetic_irregular_7q_favorable_11,basic
leave_one_topology_out,2,always_basic,b66e78c1f4a10c34763563660201dc843b5e66d635a6c02bb8e10ecf326cfd70_synthetic_irregular_7q_favorable_19,basic
leave_one_topology_out,2,always_basic,b66e78c1f4a10c34763563660201dc843b5e66d635a6c02bb8e10ecf326cfd70_synthetic_irregular_7q_favorable_29,basic
leave_one_topology_out,2,always_basic,b66e78c1f4a10c34763563660201dc843b5e66d635a6c02bb8e10ecf326cfd70_synthetic_irregular_7q_favorable_37,basic
leave_one_topology_out,2,always_basic,b66e78c1f4a10c34763563660201dc843b5e66d635a6c02bb8e10ecf326cfd70_synthetic_irregular_7q_favorable_47,basic
leave_one_topology_out,2,always_basic,10c94ee239653a068cec24e35ee4e3d08e1b8af56ad8685361f7159dac9a2303_synthetic_irregular_8q_favorable_11,basic
leave_one_topology_out,2,always_basic,10c94ee239653a068cec24e35ee4e3d08e1b8af56ad8685361f7159dac9a2303_synthetic_irregular_8q_favorable_19,basic
leave_one_topology_out,2,always_basic,10c94ee239653a068cec24e35ee4e3d08e1b8af56ad8685361f7159dac9a2303_synthetic_irregular_8q_favorable_29,basic
leave_one_topology_out,2,always_basic,10c94ee239653a068cec24e35ee4e3d08e1b8af56ad8685361f7159dac9a2303_synthetic_irregular_8q_favorable_37,basic
leave_one_topology_out,2,always_basic,10c94ee239653a068cec24e35ee4e3d08e1b8af56ad8685361f7159dac9a2303_synthetic_irregular_8q_favorable_47,basic
leave_one_topology_out,2,always_teleport,72b1038facc288285e2702246aec8cb5a5d554250f6dd4647e31f249d53e1c38_synthetic_irregular_7q_spread_11,teleport
leave_one_topology_out,2,always_teleport,72b1038facc288285e2702246aec8cb5a5d554250f6dd4647e31f249d53e1c38_synthetic_irregular_7q_spread_19,teleport
leave_one_topology_out,2,always_teleport,72b1038facc288285e2702246aec8cb5a5d554250f6dd4647e31f249d53e1c38_synthetic_irregular_7q_spread_29,teleport
leave_one_topology_out,2,always_teleport,72b1038facc288285e2702246aec8cb5a5d554250f6dd4647e31f249d53e1c38_synthetic_irregular_7q_spread_37,teleport
leave_one_topology_out,2,always_teleport,72b1038facc288285e2702246aec8cb5a5d554250f6dd4647e31f249d53e1c38_synthetic_irregular_7q_spread_47,teleport
leave_one_topology_out,2,always_teleport,dabd84c4a3325ef21b50a394178e913fd5ef5dba3253c4dc929ef5785b340571_synthetic_irregular_7q_favorable_11,teleport
leave_one_topology_out,2,always_teleport,dabd84c4a3325ef21b50a394178e913fd5ef5dba3253c4dc929ef5785b340571_synthetic_irregular_7q_favorable_19,teleport
leave_one_topology_out,2,always_teleport,dabd84c4a3325ef21b50a394178e913fd5ef5dba3253c4dc929ef5785b340571_synthetic_irregular_7q_favorable_29,teleport
leave_one_topology_out,2,always_teleport,dabd84c4a3325ef21b50a394178e913fd5ef5dba3253c4dc929ef5785b340571_synthetic_irregular_7q_favorable_37,teleport
leave_one_topology_out,2,always_teleport,dabd84c4a3325ef21b50a394178e913fd5ef5dba3253c4dc929ef5785b340571_synthetic_irregular_7q_favorable_47,teleport
leave_one_topology_out,2,always_teleport,dabd84c4a3325ef21b50a394178e913fd5ef5dba3253c4dc929ef5785b340571_synthetic_irregular_7q_spread_11,teleport
leave_one_topology_out,2,always_teleport,dabd84c4a3325ef21b50a394178e913fd5ef5dba3253c4dc929ef5785b340571_synthetic_irregular_7q_spread_19,teleport
leave_one_topology_out,2,always_teleport,dabd84c4a3325ef21b50a394178e913fd5ef5dba3253c4dc929ef5785b340571_synthetic_irregular_7q_spread_29,teleport
leave_one_topology_out,2,always_teleport,dabd84c4a3325ef21b50a394178e913fd5ef5dba3253c4dc929ef5785b340571_synthetic_irregular_7q_spread_37,teleport
leave_one_topology_out,2,always_teleport,dabd84c4a3325ef21b50a394178e913fd5ef5dba3253c4dc929ef5785b340571_synthetic_irregular_7q_spread_47,teleport
leave_one_topology_out,2,always_teleport,199175ead0c72935d7a99429464f9050e079ef6f760813698618253a465ecf60_synthetic_irregular_7q_favorable_11,teleport
leave_one_topology_out,2,always_teleport,199175ead0c72935d7a99429464f9050e079ef6f760813698618253a465ecf60_synthetic_irregular_7q_favorable_19,teleport
leave_one_topology_out,2,always_teleport,199175ead0c72935d7a99429464f9050e079ef6f760813698618253a465ecf60_synthetic_irregular_7q_favorable_29,teleport
leave_one_topology_out,2,always_teleport,199175ead0c72935d7a99429464f9050e079ef6f760813698618253a465ecf60_synthetic_irregular_7q_favorable_37,teleport
leave_one_topology_out,2,always_teleport,199175ead0c72935d7a99429464f9050e079ef6f760813698618253a465ecf60_synthetic_irregular_7q_favorable_47,teleport
leave_one_topology_out,2,always_teleport,b66e78c1f4a10c34763563660201dc843b5e66d635a6c02bb8e10ecf326cfd70_synthetic_irregular_7q_favorable_11,teleport
leave_one_topology_out,2,always_teleport,b66e78c1f4a10c34763563660201dc843b5e66d635a6c02bb8e10ecf326cfd70_synthetic_irregular_7q_favorable_19,teleport
leave_one_topology_out,2,always_teleport,b66e78c1f4a10c34763563660201dc843b5e66d635a6c02bb8e10ecf326cfd70_synthetic_irregular_7q_favorable_29,teleport
leave_one_topology_out,2,always_teleport,b66e78c1f4a10c34763563660201dc843b5e66d635a6c02bb8e10ecf326cfd70_synthetic_irregular_7q_favorable_37,teleport
leave_one_topology_out,2,always_teleport,b66e78c1f4a10c34763563660201dc843b5e66d635a6c02bb8e10ecf326cfd70_synthetic_irregular_7q_favorable_47,teleport
leave_one_topology_out,2,always_teleport,10c94ee239653a068cec24e35ee4e3d08e1b8af56ad8685361f7159dac9a2303_synthetic_irregular_8q_favorable_11,teleport
leave_one_topology_out,2,always_teleport,10c94ee239653a068cec24e35ee4e3d08e1b8af56ad8685361f7159dac9a2303_synthetic_irregular_8q_favorable_19,teleport
leave_one_topology_out,2,always_teleport,10c94ee239653a068cec24e35ee4e3d08e1b8af56ad8685361f7159dac9a2303_synthetic_irregular_8q_favorable_29,teleport
leave_one_topology_out,2,always_teleport,10c94ee239653a068cec24e35ee4e3d08e1b8af56ad8685361f7159dac9a2303_synthetic_irregular_8q_favorable_37,teleport
leave_one_topology_out,2,always_teleport,10c94ee239653a068cec24e35ee4e3d08e1b8af56ad8685361f7159dac9a2303_synthetic_irregular_8q_favorable_47,teleport
leave_one_topology_out,2,majority,72b1038facc288285e2702246aec8cb5a5d554250f6dd4647e31f249d53e1c38_synthetic_irregular_7q_spread_11,teleport
leave_one_topology_out,2,majority,72b1038facc288285e2702246aec8cb5a5d554250f6dd4647e31f249d53e1c38_synthetic_irregular_7q_spread_19,teleport
leave_one_topology_out,2,majority,72b1038facc288285e2702246aec8cb5a5d554250f6dd4647e31f249d53e1c38_synthetic_irregular_7q_spread_29,teleport
leave_one_topology_out,2,majority,72b1038facc288285e2702246aec8cb5a5d554250f6dd4647e31f249d53e1c38_synthetic_irregular_7q_spread_37,teleport
leave_one_topology_out,2,majority,72b1038facc288285e2702246aec8cb5a5d554250f6dd4647e31f249d53e1c38_synthetic_irregular_7q_spread_47,teleport
leave_one_topology_out,2,majority,dabd84c4a3325ef21b50a394178e913fd5ef5dba3253c4dc929ef5785b340571_synthetic_irregular_7q_favorable_11,teleport
leave_one_topology_out,2,majority,dabd84c4a3325ef21b50a394178e913fd5ef5dba3253c4dc929ef5785b340571_synthetic_irregular_7q_favorable_19,teleport
leave_one_topology_out,2,majority,dabd84c4a3325ef21b50a394178e913fd5ef5dba3253c4dc929ef5785b340571_synthetic_irregular_7q_favorable_29,teleport
leave_one_topology_out,2,majority,dabd84c4a3325ef21b50a394178e913fd5ef5dba3253c4dc929ef5785b340571_synthetic_irregular_7q_favorable_37,teleport
leave_one_topology_out,2,majority,dabd84c4a3325ef21b50a394178e913fd5ef5dba3253c4dc929ef5785b340571_synthetic_irregular_7q_favorable_47,teleport
leave_one_topology_out,2,majority,dabd84c4a3325ef21b50a394178e913fd5ef5dba3253c4dc929ef5785b340571_synthetic_irregular_7q_spread_11,teleport
leave_one_topology_out,2,majority,dabd84c4a3325ef21b50a394178e913fd5ef5dba3253c4dc929ef5785b340571_synthetic_irregular_7q_spread_19,teleport
leave_one_topology_out,2,majority,dabd84c4a3325ef21b50a394178e913fd5ef5dba3253c4dc929ef5785b340571_synthetic_irregular_7q_spread_29,teleport
leave_one_topology_out,2,majority,dabd84c4a3325ef21b50a394178e913fd5ef5dba3253c4dc929ef5785b340571_synthetic_irregular_7q_spread_37,teleport
leave_one_topology_out,2,majority,dabd84c4a3325ef21b50a394178e913fd5ef5dba3253c4dc929ef5785b340571_synthetic_irregular_7q_spread_47,teleport
leave_one_topology_out,2,majority,199175ead0c72935d7a99429464f9050e079ef6f760813698618253a465ecf60_synthetic_irregular_7q_favorable_11,teleport
leave_one_topology_out,2,majority,199175ead0c72935d7a99429464f9050e079ef6f760813698618253a465ecf60_synthetic_irregular_7q_favorable_19,teleport
leave_one_topology_out,2,majority,199175ead0c72935d7a99429464f9050e079ef6f760813698618253a465ecf60_synthetic_irregular_7q_favorable_29,teleport
leave_one_topology_out,2,majority,199175ead0c72935d7a99429464f9050e079ef6f760813698618253a465ecf60_synthetic_irregular_7q_favorable_37,teleport
leave_one_topology_out,2,majority,199175ead0c72935d7a99429464f9050e079ef6f760813698618253a465ecf60_synthetic_irregular_7q_favorable_47,teleport
leave_one_topology_out,2,majority,b66e78c1f4a10c34763563660201dc843b5e66d635a6c02bb8e10ecf326cfd70_synthetic_irregular_7q_favorable_11,teleport
leave_one_topology_out,2,majority,b66e78c1f4a10c34763563660201dc843b5e66d635a6c02bb8e10ecf326cfd70_synthetic_irregular_7q_favorable_19,teleport
leave_one_topology_out,2,majority,b66e78c1f4a10c34763563660201dc843b5e66d635a6c02bb8e10ecf326cfd70_synthetic_irregular_7q_favorable_29,teleport
leave_one_topology_out,2,majority,b66e78c1f4a10c34763563660201dc843b5e66d635a6c02bb8e10ecf326cfd70_synthetic_irregular_7q_favorable_37,teleport
leave_one_topology_out,2,majority,b66e78c1f4a10c34763563660201dc843b5e66d635a6c02bb8e10ecf326cfd70_synthetic_irregular_7q_favorable_47,teleport
leave_one_topology_out,2,majority,10c94ee239653a068cec24e35ee4e3d08e1b8af56ad8685361f7159dac9a2303_synthetic_irregular_8q_favorable_11,teleport
leave_one_topology_out,2,majority,10c94ee239653a068cec24e35ee4e3d08e1b8af56ad8685361f7159dac9a2303_synthetic_irregular_8q_favorable_19,teleport
leave_one_topology_out,2,majority,10c94ee239653a068cec24e35ee4e3d08e1b8af56ad8685361f7159dac9a2303_synthetic_irregular_8q_favorable_29,teleport
leave_one_topology_out,2,majority,10c94ee239653a068cec24e35ee4e3d08e1b8af56ad8685361f7159dac9a2303_synthetic_irregular_8q_favorable_37,teleport
leave_one_topology_out,2,majority,10c94ee239653a068cec24e35ee4e3d08e1b8af56ad8685361f7159dac9a2303_synthetic_irregular_8q_favorable_47,teleport
leave_one_topology_out,2,frozen_rule,72b1038facc288285e2702246aec8cb5a5d554250f6dd4647e31f249d53e1c38_synthetic_irregular_7q_spread_11,teleport
leave_one_topology_out,2,frozen_rule,72b1038facc288285e2702246aec8cb5a5d554250f6dd4647e31f249d53e1c38_synthetic_irregular_7q_spread_19,teleport
leave_one_topology_out,2,frozen_rule,72b1038facc288285e2702246aec8cb5a5d554250f6dd4647e31f249d53e1c38_synthetic_irregular_7q_spread_29,teleport
leave_one_topology_out,2,frozen_rule,72b1038facc288285e2702246aec8cb5a5d554250f6dd4647e31f249d53e1c38_synthetic_irregular_7q_spread_37,teleport
leave_one_topology_out,2,frozen_rule,72b1038facc288285e2702246aec8cb5a5d554250f6dd4647e31f249d53e1c38_synthetic_irregular_7q_spread_47,teleport
leave_one_topology_out,2,frozen_rule,dabd84c4a3325ef21b50a394178e913fd5ef5dba3253c4dc929ef5785b340571_synthetic_irregular_7q_favorable_11,basic
leave_one_topology_out,2,frozen_rule,dabd84c4a3325ef21b50a394178e913fd5ef5dba3253c4dc929ef5785b340571_synthetic_irregular_7q_favorable_19,basic
leave_one_topology_out,2,frozen_rule,dabd84c4a3325ef21b50a394178e913fd5ef5dba3253c4dc929ef5785b340571_synthetic_irregular_7q_favorable_29,basic
leave_one_topology_out,2,frozen_rule,dabd84c4a3325ef21b50a394178e913fd5ef5dba3253c4dc929ef5785b340571_synthetic_irregular_7q_favorable_37,basic
leave_one_topology_out,2,frozen_rule,dabd84c4a3325ef21b50a394178e913fd5ef5dba3253c4dc929ef5785b340571_synthetic_irregular_7q_favorable_47,basic
leave_one_topology_out,2,frozen_rule,dabd84c4a3325ef21b50a394178e913fd5ef5dba3253c4dc929ef5785b340571_synthetic_irregular_7q_spread_11,basic
leave_one_topology_out,2,frozen_rule,dabd84c4a3325ef21b50a394178e913fd5ef5dba3253c4dc929ef5785b340571_synthetic_irregular_7q_spread_19,basic
leave_one_topology_out,2,frozen_rule,dabd84c4a3325ef21b50a394178e913fd5ef5dba3253c4dc929ef5785b340571_synthetic_irregular_7q_spread_29,basic
leave_one_topology_out,2,frozen_rule,dabd84c4a3325ef21b50a394178e913fd5ef5dba3253c4dc929ef5785b340571_synthetic_irregular_7q_spread_37,basic
leave_one_topology_out,2,frozen_rule,dabd84c4a3325ef21b50a394178e913fd5ef5dba3253c4dc929ef5785b340571_synthetic_irregular_7q_spread_47,basic
leave_one_topology_out,2,frozen_rule,199175ead0c72935d7a99429464f9050e079ef6f760813698618253a465ecf60_synthetic_irregular_7q_favorable_11,basic
leave_one_topology_out,2,frozen_rule,199175ead0c72935d7a99429464f9050e079ef6f760813698618253a465ecf60_synthetic_irregular_7q_favorable_19,basic
leave_one_topology_out,2,frozen_rule,199175ead0c72935d7a99429464f9050e079ef6f760813698618253a465ecf60_synthetic_irregular_7q_favorable_29,basic
leave_one_topology_out,2,frozen_rule,199175ead0c72935d7a99429464f9050e079ef6f760813698618253a465ecf60_synthetic_irregular_7q_favorable_37,basic
leave_one_topology_out,2,frozen_rule,199175ead0c72935d7a99429464f9050e079ef6f760813698618253a465ecf60_synthetic_irregular_7q_favorable_47,basic
leave_one_topology_out,2,frozen_rule,b66e78c1f4a10c34763563660201dc843b5e66d635a6c02bb8e10ecf326cfd70_synthetic_irregular_7q_favorable_11,basic
leave_one_topology_out,2,frozen_rule,b66e78c1f4a10c34763563660201dc843b5e66d635a6c02bb8e10ecf326cfd70_synthetic_irregular_7q_favorable_19,basic
leave_one_topology_out,2,frozen_rule,b66e78c1f4a10c34763563660201dc843b5e66d635a6c02bb8e10ecf326cfd70_synthetic_irregular_7q_favorable_29,basic
leave_one_topology_out,2,frozen_rule,b66e78c1f4a10c34763563660201dc843b5e66d635a6c02bb8e10ecf326cfd70_synthetic_irregular_7q_favorable_37,basic
leave_one_topology_out,2,frozen_rule,b66e78c1f4a10c34763563660201dc843b5e66d635a6c02bb8e10ecf326cfd70_synthetic_irregular_7q_favorable_47,basic
leave_one_topology_out,2,frozen_rule,10c94ee239653a068cec24e35ee4e3d08e1b8af56ad8685361f7159dac9a2303_synthetic_irregular_8q_favorable_11,basic
leave_one_topology_out,2,frozen_rule,10c94ee239653a068cec24e35ee4e3d08e1b8af56ad8685361f7159dac9a2303_synthetic_irregular_8q_favorable_19,basic
leave_one_topology_out,2,frozen_rule,10c94ee239653a068cec24e35ee4e3d08e1b8af56ad8685361f7159dac9a2303_synthetic_irregular_8q_favorable_29,basic
leave_one_topology_out,2,frozen_rule,10c94ee239653a068cec24e35ee4e3d08e1b8af56ad8685361f7159dac9a2303_synthetic_irregular_8q_favorable_37,basic
leave_one_topology_out,2,frozen_rule,10c94ee239653a068cec24e35ee4e3d08e1b8af56ad8685361f7159dac9a2303_synthetic_irregular_8q_favorable_47,basic
leave_one_topology_out,2,oracle,72b1038facc288285e2702246aec8cb5a5d554250f6dd4647e31f249d53e1c38_synthetic_irregular_7q_spread_11,teleport
leave_one_topology_out,2,oracle,72b1038facc288285e2702246aec8cb5a5d554250f6dd4647e31f249d53e1c38_synthetic_irregular_7q_spread_19,teleport
leave_one_topology_out,2,oracle,72b1038facc288285e2702246aec8cb5a5d554250f6dd4647e31f249d53e1c38_synthetic_irregular_7q_spread_29,teleport
leave_one_topology_out,2,oracle,72b1038facc288285e2702246aec8cb5a5d554250f6dd4647e31f249d53e1c38_synthetic_irregular_7q_spread_37,teleport
leave_one_topology_out,2,oracle,72b1038facc288285e2702246aec8cb5a5d554250f6dd4647e31f249d53e1c38_synthetic_irregular_7q_spread_47,teleport
leave_one_topology_out,2,oracle,dabd84c4a3325ef21b50a394178e913fd5ef5dba3253c4dc929ef5785b340571_synthetic_irregular_7q_favorable_11,teleport
leave_one_topology_out,2,oracle,dabd84c4a3325ef21b50a394178e913fd5ef5dba3253c4dc929ef5785b340571_synthetic_irregular_7q_favorable_19,teleport
leave_one_topology_out,2,oracle,dabd84c4a3325ef21b50a394178e913fd5ef5dba3253c4dc929ef5785b340571_synthetic_irregular_7q_favorable_29,teleport
leave_one_topology_out,2,oracle,dabd84c4a3325ef21b50a394178e913fd5ef5dba3253c4dc929ef5785b340571_synthetic_irregular_7q_favorable_37,teleport
leave_one_topology_out,2,oracle,dabd84c4a3325ef21b50a394178e913fd5ef5dba3253c4dc929ef5785b340571_synthetic_irregular_7q_favorable_47,teleport
leave_one_topology_out,2,oracle,dabd84c4a3325ef21b50a394178e913fd5ef5dba3253c4dc929ef5785b340571_synthetic_irregular_7q_spread_11,teleport
leave_one_topology_out,2,oracle,dabd84c4a3325ef21b50a394178e913fd5ef5dba3253c4dc929ef5785b340571_synthetic_irregular_7q_spread_19,teleport
leave_one_topology_out,2,oracle,dabd84c4a3325ef21b50a394178e913fd5ef5dba3253c4dc929ef5785b340571_synthetic_irregular_7q_spread_29,teleport
leave_one_topology_out,2,oracle,dabd84c4a3325ef21b50a394178e913fd5ef5dba3253c4dc929ef5785b340571_synthetic_irregular_7q_spread_37,teleport
leave_one_topology_out,2,oracle,dabd84c4a3325ef21b50a394178e913fd5ef5dba3253c4dc929ef5785b340571_synthetic_irregular_7q_spread_47,teleport
leave_one_topology_out,2,oracle,199175ead0c72935d7a99429464f9050e079ef6f760813698618253a465ecf60_synthetic_irregular_7q_favorable_11,basic
leave_one_topology_out,2,oracle,199175ead0c72935d7a99429464f9050e079ef6f760813698618253a465ecf60_synthetic_irregular_7q_favorable_19,basic
leave_one_topology_out,2,oracle,199175ead0c72935d7a99429464f9050e079ef6f760813698618253a465ecf60_synthetic_irregular_7q_favorable_29,basic
leave_one_topology_out,2,oracle,199175ead0c72935d7a99429464f9050e079ef6f760813698618253a465ecf60_synthetic_irregular_7q_favorable_37,basic
leave_one_topology_out,2,oracle,199175ead0c72935d7a99429464f9050e079ef6f760813698618253a465ecf60_synthetic_irregular_7q_favorable_47,basic
leave_one_topology_out,2,oracle,b66e78c1f4a10c34763563660201dc843b5e66d635a6c02bb8e10ecf326cfd70_synthetic_irregular_7q_favorable_11,basic
leave_one_topology_out,2,oracle,b66e78c1f4a10c34763563660201dc843b5e66d635a6c02bb8e10ecf326cfd70_synthetic_irregular_7q_favorable_19,basic
leave_one_topology_out,2,oracle,b66e78c1f4a10c34763563660201dc843b5e66d635a6c02bb8e10ecf326cfd70_synthetic_irregular_7q_favorable_29,basic
leave_one_topology_out,2,oracle,b66e78c1f4a10c34763563660201dc843b5e66d635a6c02bb8e10ecf326cfd70_synthetic_irregular_7q_favorable_37,basic
leave_one_topology_out,2,oracle,b66e78c1f4a10c34763563660201dc843b5e66d635a6c02bb8e10ecf326cfd70_synthetic_irregular_7q_favorable_47,basic
leave_one_topology_out,2,oracle,10c94ee239653a068cec24e35ee4e3d08e1b8af56ad8685361f7159dac9a2303_synthetic_irregular_8q_favorable_11,basic
leave_one_topology_out,2,oracle,10c94ee239653a068cec24e35ee4e3d08e1b8af56ad8685361f7159dac9a2303_synthetic_irregular_8q_favorable_19,basic
leave_one_topology_out,2,oracle,10c94ee239653a068cec24e35ee4e3d08e1b8af56ad8685361f7159dac9a2303_synthetic_irregular_8q_favorable_29,basic
leave_one_topology_out,2,oracle,10c94ee239653a068cec24e35ee4e3d08e1b8af56ad8685361f7159dac9a2303_synthetic_irregular_8q_favorable_37,basic
leave_one_topology_out,2,oracle,10c94ee239653a068cec24e35ee4e3d08e1b8af56ad8685361f7159dac9a2303_synthetic_irregular_8q_favorable_47,basic
leave_one_topology_out,2,logistic,72b1038facc288285e2702246aec8cb5a5d554250f6dd4647e31f249d53e1c38_synthetic_irregular_7q_spread_11,teleport
leave_one_topology_out,2,logistic,72b1038facc288285e2702246aec8cb5a5d554250f6dd4647e31f249d53e1c38_synthetic_irregular_7q_spread_19,teleport
leave_one_topology_out,2,logistic,72b1038facc288285e2702246aec8cb5a5d554250f6dd4647e31f249d53e1c38_synthetic_irregular_7q_spread_29,teleport
leave_one_topology_out,2,logistic,72b1038facc288285e2702246aec8cb5a5d554250f6dd4647e31f249d53e1c38_synthetic_irregular_7q_spread_37,teleport
leave_one_topology_out,2,logistic,72b1038facc288285e2702246aec8cb5a5d554250f6dd4647e31f249d53e1c38_synthetic_irregular_7q_spread_47,teleport
leave_one_topology_out,2,logistic,dabd84c4a3325ef21b50a394178e913fd5ef5dba3253c4dc929ef5785b340571_synthetic_irregular_7q_favorable_11,teleport
leave_one_topology_out,2,logistic,dabd84c4a3325ef21b50a394178e913fd5ef5dba3253c4dc929ef5785b340571_synthetic_irregular_7q_favorable_19,teleport
leave_one_topology_out,2,logistic,dabd84c4a3325ef21b50a394178e913fd5ef5dba3253c4dc929ef5785b340571_synthetic_irregular_7q_favorable_29,teleport
leave_one_topology_out,2,logistic,dabd84c4a3325ef21b50a394178e913fd5ef5dba3253c4dc929ef5785b340571_synthetic_irregular_7q_favorable_37,teleport
leave_one_topology_out,2,logistic,dabd84c4a3325ef21b50a394178e913fd5ef5dba3253c4dc929ef5785b340571_synthetic_irregular_7q_favorable_47,teleport
leave_one_topology_out,2,logistic,dabd84c4a3325ef21b50a394178e913fd5ef5dba3253c4dc929ef5785b340571_synthetic_irregular_7q_spread_11,teleport
leave_one_topology_out,2,logistic,dabd84c4a3325ef21b50a394178e913fd5ef5dba3253c4dc929ef5785b340571_synthetic_irregular_7q_spread_19,teleport
leave_one_topology_out,2,logistic,dabd84c4a3325ef21b50a394178e913fd5ef5dba3253c4dc929ef5785b340571_synthetic_irregular_7q_spread_29,teleport
leave_one_topology_out,2,logistic,dabd84c4a3325ef21b50a394178e913fd5ef5dba3253c4dc929ef5785b340571_synthetic_irregular_7q_spread_37,teleport
leave_one_topology_out,2,logistic,dabd84c4a3325ef21b50a394178e913fd5ef5dba3253c4dc929ef5785b340571_synthetic_irregular_7q_spread_47,teleport
leave_one_topology_out,2,logistic,199175ead0c72935d7a99429464f9050e079ef6f760813698618253a465ecf60_synthetic_irregular_7q_favorable_11,teleport
leave_one_topology_out,2,logistic,199175ead0c72935d7a99429464f9050e079ef6f760813698618253a465ecf60_synthetic_irregular_7q_favorable_19,teleport
leave_one_topology_out,2,logistic,199175ead0c72935d7a99429464f9050e079ef6f760813698618253a465ecf60_synthetic_irregular_7q_favorable_29,teleport
leave_one_topology_out,2,logistic,199175ead0c72935d7a99429464f9050e079ef6f760813698618253a465ecf60_synthetic_irregular_7q_favorable_37,teleport
leave_one_topology_out,2,logistic,199175ead0c72935d7a99429464f9050e079ef6f760813698618253a465ecf60_synthetic_irregular_7q_favorable_47,teleport
leave_one_topology_out,2,logistic,b66e78c1f4a10c34763563660201dc843b5e66d635a6c02bb8e10ecf326cfd70_synthetic_irregular_7q_favorable_11,teleport
leave_one_topology_out,2,logistic,b66e78c1f4a10c34763563660201dc843b5e66d635a6c02bb8e10ecf326cfd70_synthetic_irregular_7q_favorable_19,teleport
leave_one_topology_out,2,logistic,b66e78c1f4a10c34763563660201dc843b5e66d635a6c02bb8e10ecf326cfd70_synthetic_irregular_7q_favorable_29,teleport
leave_one_topology_out,2,logistic,b66e78c1f4a10c34763563660201dc843b5e66d635a6c02bb8e10ecf326cfd70_synthetic_irregular_7q_favorable_37,teleport
leave_one_topology_out,2,logistic,b66e78c1f4a10c34763563660201dc843b5e66d635a6c02bb8e10ecf326cfd70_synthetic_irregular_7q_favorable_47,teleport
leave_one_topology_out,2,logistic,10c94ee239653a068cec24e35ee4e3d08e1b8af56ad8685361f7159dac9a2303_synthetic_irregular_8q_favorable_11,basic
leave_one_topology_out,2,logistic,10c94ee239653a068cec24e35ee4e3d08e1b8af56ad8685361f7159dac9a2303_synthetic_irregular_8q_favorable_19,basic
leave_one_topology_out,2,logistic,10c94ee239653a068cec24e35ee4e3d08e1b8af56ad8685361f7159dac9a2303_synthetic_irregular_8q_favorable_29,basic
leave_one_topology_out,2,logistic,10c94ee239653a068cec24e35ee4e3d08e1b8af56ad8685361f7159dac9a2303_synthetic_irregular_8q_favorable_37,basic
leave_one_topology_out,2,logistic,10c94ee239653a068cec24e35ee4e3d08e1b8af56ad8685361f7159dac9a2303_synthetic_irregular_8q_favorable_47,basic
leave_one_topology_out,2,tree,72b1038facc288285e2702246aec8cb5a5d554250f6dd4647e31f249d53e1c38_synthetic_irregular_7q_spread_11,teleport
leave_one_topology_out,2,tree,72b1038facc288285e2702246aec8cb5a5d554250f6dd4647e31f249d53e1c38_synthetic_irregular_7q_spread_19,teleport
leave_one_topology_out,2,tree,72b1038facc288285e2702246aec8cb5a5d554250f6dd4647e31f249d53e1c38_synthetic_irregular_7q_spread_29,teleport
leave_one_topology_out,2,tree,72b1038facc288285e2702246aec8cb5a5d554250f6dd4647e31f249d53e1c38_synthetic_irregular_7q_spread_37,teleport
leave_one_topology_out,2,tree,72b1038facc288285e2702246aec8cb5a5d554250f6dd4647e31f249d53e1c38_synthetic_irregular_7q_spread_47,teleport
leave_one_topology_out,2,tree,dabd84c4a3325ef21b50a394178e913fd5ef5dba3253c4dc929ef5785b340571_synthetic_irregular_7q_favorable_11,teleport
leave_one_topology_out,2,tree,dabd84c4a3325ef21b50a394178e913fd5ef5dba3253c4dc929ef5785b340571_synthetic_irregular_7q_favorable_19,teleport
leave_one_topology_out,2,tree,dabd84c4a3325ef21b50a394178e913fd5ef5dba3253c4dc929ef5785b340571_synthetic_irregular_7q_favorable_29,teleport
leave_one_topology_out,2,tree,dabd84c4a3325ef21b50a394178e913fd5ef5dba3253c4dc929ef5785b340571_synthetic_irregular_7q_favorable_37,teleport
leave_one_topology_out,2,tree,dabd84c4a3325ef21b50a394178e913fd5ef5dba3253c4dc929ef5785b340571_synthetic_irregular_7q_favorable_47,teleport
leave_one_topology_out,2,tree,dabd84c4a3325ef21b50a394178e913fd5ef5dba3253c4dc929ef5785b340571_synthetic_irregular_7q_spread_11,teleport
leave_one_topology_out,2,tree,dabd84c4a3325ef21b50a394178e913fd5ef5dba3253c4dc929ef5785b340571_synthetic_irregular_7q_spread_19,teleport
leave_one_topology_out,2,tree,dabd84c4a3325ef21b50a394178e913fd5ef5dba3253c4dc929ef5785b340571_synthetic_irregular_7q_spread_29,teleport
leave_one_topology_out,2,tree,dabd84c4a3325ef21b50a394178e913fd5ef5dba3253c4dc929ef5785b340571_synthetic_irregular_7q_spread_37,teleport
leave_one_topology_out,2,tree,dabd84c4a3325ef21b50a394178e913fd5ef5dba3253c4dc929ef5785b340571_synthetic_irregular_7q_spread_47,teleport
leave_one_topology_out,2,tree,199175ead0c72935d7a99429464f9050e079ef6f760813698618253a465ecf60_synthetic_irregular_7q_favorable_11,teleport
leave_one_topology_out,2,tree,199175ead0c72935d7a99429464f9050e079ef6f760813698618253a465ecf60_synthetic_irregular_7q_favorable_19,teleport
leave_one_topology_out,2,tree,199175ead0c72935d7a99429464f9050e079ef6f760813698618253a465ecf60_synthetic_irregular_7q_favorable_29,teleport
leave_one_topology_out,2,tree,199175ead0c72935d7a99429464f9050e079ef6f760813698618253a465ecf60_synthetic_irregular_7q_favorable_37,teleport
leave_one_topology_out,2,tree,199175ead0c72935d7a99429464f9050e079ef6f760813698618253a465ecf60_synthetic_irregular_7q_favorable_47,teleport
leave_one_topology_out,2,tree,b66e78c1f4a10c34763563660201dc843b5e66d635a6c02bb8e10ecf326cfd70_synthetic_irregular_7q_favorable_11,teleport
leave_one_topology_out,2,tree,b66e78c1f4a10c34763563660201dc843b5e66d635a6c02bb8e10ecf326cfd70_synthetic_irregular_7q_favorable_19,teleport
leave_one_topology_out,2,tree,b66e78c1f4a10c34763563660201dc843b5e66d635a6c02bb8e10ecf326cfd70_synthetic_irregular_7q_favorable_29,teleport
leave_one_topology_out,2,tree,b66e78c1f4a10c34763563660201dc843b5e66d635a6c02bb8e10ecf326cfd70_synthetic_irregular_7q_favorable_37,teleport
leave_one_topology_out,2,tree,b66e78c1f4a10c34763563660201dc843b5e66d635a6c02bb8e10ecf326cfd70_synthetic_irregular_7q_favorable_47,teleport
leave_one_topology_out,2,tree,10c94ee239653a068cec24e35ee4e3d08e1b8af56ad8685361f7159dac9a2303_synthetic_irregular_8q_favorable_11,basic
leave_one_topology_out,2,tree,10c94ee239653a068cec24e35ee4e3d08e1b8af56ad8685361f7159dac9a2303_synthetic_irregular_8q_favorable_19,basic
leave_one_topology_out,2,tree,10c94ee239653a068cec24e35ee4e3d08e1b8af56ad8685361f7159dac9a2303_synthetic_irregular_8q_favorable_29,basic
leave_one_topology_out,2,tree,10c94ee239653a068cec24e35ee4e3d08e1b8af56ad8685361f7159dac9a2303_synthetic_irregular_8q_favorable_37,basic
leave_one_topology_out,2,tree,10c94ee239653a068cec24e35ee4e3d08e1b8af56ad8685361f7159dac9a2303_synthetic_irregular_8q_favorable_47,basic
leave_one_topology_out,2,forest_classifier,72b1038facc288285e2702246aec8cb5a5d554250f6dd4647e31f249d53e1c38_synthetic_irregular_7q_spread_11,teleport
leave_one_topology_out,2,forest_classifier,72b1038facc288285e2702246aec8cb5a5d554250f6dd4647e31f249d53e1c38_synthetic_irregular_7q_spread_19,teleport
leave_one_topology_out,2,forest_classifier,72b1038facc288285e2702246aec8cb5a5d554250f6dd4647e31f249d53e1c38_synthetic_irregular_7q_spread_29,teleport
leave_one_topology_out,2,forest_classifier,72b1038facc288285e2702246aec8cb5a5d554250f6dd4647e31f249d53e1c38_synthetic_irregular_7q_spread_37,teleport
leave_one_topology_out,2,forest_classifier,72b1038facc288285e2702246aec8cb5a5d554250f6dd4647e31f249d53e1c38_synthetic_irregular_7q_spread_47,teleport
leave_one_topology_out,2,forest_classifier,dabd84c4a3325ef21b50a394178e913fd5ef5dba3253c4dc929ef5785b340571_synthetic_irregular_7q_favorable_11,teleport
leave_one_topology_out,2,forest_classifier,dabd84c4a3325ef21b50a394178e913fd5ef5dba3253c4dc929ef5785b340571_synthetic_irregular_7q_favorable_19,teleport
leave_one_topology_out,2,forest_classifier,dabd84c4a3325ef21b50a394178e913fd5ef5dba3253c4dc929ef5785b340571_synthetic_irregular_7q_favorable_29,teleport
leave_one_topology_out,2,forest_classifier,dabd84c4a3325ef21b50a394178e913fd5ef5dba3253c4dc929ef5785b340571_synthetic_irregular_7q_favorable_37,teleport
leave_one_topology_out,2,forest_classifier,dabd84c4a3325ef21b50a394178e913fd5ef5dba3253c4dc929ef5785b340571_synthetic_irregular_7q_favorable_47,teleport
leave_one_topology_out,2,forest_classifier,dabd84c4a3325ef21b50a394178e913fd5ef5dba3253c4dc929ef5785b340571_synthetic_irregular_7q_spread_11,teleport
leave_one_topology_out,2,forest_classifier,dabd84c4a3325ef21b50a394178e913fd5ef5dba3253c4dc929ef5785b340571_synthetic_irregular_7q_spread_19,teleport
leave_one_topology_out,2,forest_classifier,dabd84c4a3325ef21b50a394178e913fd5ef5dba3253c4dc929ef5785b340571_synthetic_irregular_7q_spread_29,teleport
leave_one_topology_out,2,forest_classifier,dabd84c4a3325ef21b50a394178e913fd5ef5dba3253c4dc929ef5785b340571_synthetic_irregular_7q_spread_37,teleport
leave_one_topology_out,2,forest_classifier,dabd84c4a3325ef21b50a394178e913fd5ef5dba3253c4dc929ef5785b340571_synthetic_irregular_7q_spread_47,teleport
leave_one_topology_out,2,forest_classifier,199175ead0c72935d7a99429464f9050e079ef6f760813698618253a465ecf60_synthetic_irregular_7q_favorable_11,teleport
leave_one_topology_out,2,forest_classifier,199175ead0c72935d7a99429464f9050e079ef6f760813698618253a465ecf60_synthetic_irregular_7q_favorable_19,teleport
leave_one_topology_out,2,forest_classifier,199175ead0c72935d7a99429464f9050e079ef6f760813698618253a465ecf60_synthetic_irregular_7q_favorable_29,teleport
leave_one_topology_out,2,forest_classifier,199175ead0c72935d7a99429464f9050e079ef6f760813698618253a465ecf60_synthetic_irregular_7q_favorable_37,teleport
leave_one_topology_out,2,forest_classifier,199175ead0c72935d7a99429464f9050e079ef6f760813698618253a465ecf60_synthetic_irregular_7q_favorable_47,teleport
leave_one_topology_out,2,forest_classifier,b66e78c1f4a10c34763563660201dc843b5e66d635a6c02bb8e10ecf326cfd70_synthetic_irregular_7q_favorable_11,teleport
leave_one_topology_out,2,forest_classifier,b66e78c1f4a10c34763563660201dc843b5e66d635a6c02bb8e10ecf326cfd70_synthetic_irregular_7q_favorable_19,teleport
leave_one_topology_out,2,forest_classifier,b66e78c1f4a10c34763563660201dc843b5e66d635a6c02bb8e10ecf326cfd70_synthetic_irregular_7q_favorable_29,teleport
leave_one_topology_out,2,forest_classifier,b66e78c1f4a10c34763563660201dc843b5e66d635a6c02bb8e10ecf326cfd70_synthetic_irregular_7q_favorable_37,teleport
leave_one_topology_out,2,forest_classifier,b66e78c1f4a10c34763563660201dc843b5e66d635a6c02bb8e10ecf326cfd70_synthetic_irregular_7q_favorable_47,teleport
leave_one_topology_out,2,forest_classifier,10c94ee239653a068cec24e35ee4e3d08e1b8af56ad8685361f7159dac9a2303_synthetic_irregular_8q_favorable_11,basic
leave_one_topology_out,2,forest_classifier,10c94ee239653a068cec24e35ee4e3d08e1b8af56ad8685361f7159dac9a2303_synthetic_irregular_8q_favorable_19,basic
leave_one_topology_out,2,forest_classifier,10c94ee239653a068cec24e35ee4e3d08e1b8af56ad8685361f7159dac9a2303_synthetic_irregular_8q_favorable_29,basic
leave_one_topology_out,2,forest_classifier,10c94ee239653a068cec24e35ee4e3d08e1b8af56ad8685361f7159dac9a2303_synthetic_irregular_8q_favorable_37,basic
leave_one_topology_out,2,forest_classifier,10c94ee239653a068cec24e35ee4e3d08e1b8af56ad8685361f7159dac9a2303_synthetic_irregular_8q_favorable_47,basic
leave_one_topology_out,2,forest_delta_regressor,72b1038facc288285e2702246aec8cb5a5d554250f6dd4647e31f249d53e1c38_synthetic_irregular_7q_spread_11,teleport
leave_one_topology_out,2,forest_delta_regressor,72b1038facc288285e2702246aec8cb5a5d554250f6dd4647e31f249d53e1c38_synthetic_irregular_7q_spread_19,teleport
leave_one_topology_out,2,forest_delta_regressor,72b1038facc288285e2702246aec8cb5a5d554250f6dd4647e31f249d53e1c38_synthetic_irregular_7q_spread_29,teleport
leave_one_topology_out,2,forest_delta_regressor,72b1038facc288285e2702246aec8cb5a5d554250f6dd4647e31f249d53e1c38_synthetic_irregular_7q_spread_37,teleport
leave_one_topology_out,2,forest_delta_regressor,72b1038facc288285e2702246aec8cb5a5d554250f6dd4647e31f249d53e1c38_synthetic_irregular_7q_spread_47,teleport
leave_one_topology_out,2,forest_delta_regressor,dabd84c4a3325ef21b50a394178e913fd5ef5dba3253c4dc929ef5785b340571_synthetic_irregular_7q_favorable_11,teleport
leave_one_topology_out,2,forest_delta_regressor,dabd84c4a3325ef21b50a394178e913fd5ef5dba3253c4dc929ef5785b340571_synthetic_irregular_7q_favorable_19,teleport
leave_one_topology_out,2,forest_delta_regressor,dabd84c4a3325ef21b50a394178e913fd5ef5dba3253c4dc929ef5785b340571_synthetic_irregular_7q_favorable_29,teleport
leave_one_topology_out,2,forest_delta_regressor,dabd84c4a3325ef21b50a394178e913fd5ef5dba3253c4dc929ef5785b340571_synthetic_irregular_7q_favorable_37,teleport
leave_one_topology_out,2,forest_delta_regressor,dabd84c4a3325ef21b50a394178e913fd5ef5dba3253c4dc929ef5785b340571_synthetic_irregular_7q_favorable_47,teleport
leave_one_topology_out,2,forest_delta_regressor,dabd84c4a3325ef21b50a394178e913fd5ef5dba3253c4dc929ef5785b340571_synthetic_irregular_7q_spread_11,teleport
leave_one_topology_out,2,forest_delta_regressor,dabd84c4a3325ef21b50a394178e913fd5ef5dba3253c4dc929ef5785b340571_synthetic_irregular_7q_spread_19,teleport
leave_one_topology_out,2,forest_delta_regressor,dabd84c4a3325ef21b50a394178e913fd5ef5dba3253c4dc929ef5785b340571_synthetic_irregular_7q_spread_29,teleport
leave_one_topology_out,2,forest_delta_regressor,dabd84c4a3325ef21b50a394178e913fd5ef5dba3253c4dc929ef5785b340571_synthetic_irregular_7q_spread_37,teleport
leave_one_topology_out,2,forest_delta_regressor,dabd84c4a3325ef21b50a394178e913fd5ef5dba3253c4dc929ef5785b340571_synthetic_irregular_7q_spread_47,teleport
leave_one_topology_out,2,forest_delta_regressor,199175ead0c72935d7a99429464f9050e079ef6f760813698618253a465ecf60_synthetic_irregular_7q_favorable_11,teleport
leave_one_topology_out,2,forest_delta_regressor,199175ead0c72935d7a99429464f9050e079ef6f760813698618253a465ecf60_synthetic_irregular_7q_favorable_19,teleport
leave_one_topology_out,2,forest_delta_regressor,199175ead0c72935d7a99429464f9050e079ef6f760813698618253a465ecf60_synthetic_irregular_7q_favorable_29,teleport
leave_one_topology_out,2,forest_delta_regressor,199175ead0c72935d7a99429464f9050e079ef6f760813698618253a465ecf60_synthetic_irregular_7q_favorable_37,teleport
leave_one_topology_out,2,forest_delta_regressor,199175ead0c72935d7a99429464f9050e079ef6f760813698618253a465ecf60_synthetic_irregular_7q_favorable_47,teleport
leave_one_topology_out,2,forest_delta_regressor,b66e78c1f4a10c34763563660201dc843b5e66d635a6c02bb8e10ecf326cfd70_synthetic_irregular_7q_favorable_11,basic
leave_one_topology_out,2,forest_delta_regressor,b66e78c1f4a10c34763563660201dc843b5e66d635a6c02bb8e10ecf326cfd70_synthetic_irregular_7q_favorable_19,basic
leave_one_topology_out,2,forest_delta_regressor,b66e78c1f4a10c34763563660201dc843b5e66d635a6c02bb8e10ecf326cfd70_synthetic_irregular_7q_favorable_29,basic
leave_one_topology_out,2,forest_delta_regressor,b66e78c1f4a10c34763563660201dc843b5e66d635a6c02bb8e10ecf326cfd70_synthetic_irregular_7q_favorable_37,basic
leave_one_topology_out,2,forest_delta_regressor,b66e78c1f4a10c34763563660201dc843b5e66d635a6c02bb8e10ecf326cfd70_synthetic_irregular_7q_favorable_47,basic
leave_one_topology_out,2,forest_delta_regressor,10c94ee239653a068cec24e35ee4e3d08e1b8af56ad8685361f7159dac9a2303_synthetic_irregular_8q_favorable_11,basic
leave_one_topology_out,2,forest_delta_regressor,10c94ee239653a068cec24e35ee4e3d08e1b8af56ad8685361f7159dac9a2303_synthetic_irregular_8q_favorable_19,basic
leave_one_topology_out,2,forest_delta_regressor,10c94ee239653a068cec24e35ee4e3d08e1b8af56ad8685361f7159dac9a2303_synthetic_irregular_8q_favorable_29,basic
leave_one_topology_out,2,forest_delta_regressor,10c94ee239653a068cec24e35ee4e3d08e1b8af56ad8685361f7159dac9a2303_synthetic_irregular_8q_favorable_37,basic
leave_one_topology_out,2,forest_delta_regressor,10c94ee239653a068cec24e35ee4e3d08e1b8af56ad8685361f7159dac9a2303_synthetic_irregular_8q_favorable_47,basic
leave_one_topology_out,3,always_basic,2db9eba90ba8cd0954c12783101856a28b9a2dc7771ca234eecefcf2689ef643_synthetic_line_6q_favorable_11,basic
leave_one_topology_out,3,always_basic,2db9eba90ba8cd0954c12783101856a28b9a2dc7771ca234eecefcf2689ef643_synthetic_line_6q_favorable_19,basic
leave_one_topology_out,3,always_basic,2db9eba90ba8cd0954c12783101856a28b9a2dc7771ca234eecefcf2689ef643_synthetic_line_6q_favorable_29,basic
leave_one_topology_out,3,always_basic,2db9eba90ba8cd0954c12783101856a28b9a2dc7771ca234eecefcf2689ef643_synthetic_line_6q_favorable_37,basic
leave_one_topology_out,3,always_basic,2db9eba90ba8cd0954c12783101856a28b9a2dc7771ca234eecefcf2689ef643_synthetic_line_6q_favorable_47,basic
leave_one_topology_out,3,always_basic,667e3a1f084c4e2a3fcd2b6479ca873f035a167fe6bd3dac4cd548625d204592_synthetic_line_6q_spread_11,basic
leave_one_topology_out,3,always_basic,667e3a1f084c4e2a3fcd2b6479ca873f035a167fe6bd3dac4cd548625d204592_synthetic_line_6q_spread_19,basic
leave_one_topology_out,3,always_basic,667e3a1f084c4e2a3fcd2b6479ca873f035a167fe6bd3dac4cd548625d204592_synthetic_line_6q_spread_29,basic
leave_one_topology_out,3,always_basic,667e3a1f084c4e2a3fcd2b6479ca873f035a167fe6bd3dac4cd548625d204592_synthetic_line_6q_spread_37,basic
leave_one_topology_out,3,always_basic,667e3a1f084c4e2a3fcd2b6479ca873f035a167fe6bd3dac4cd548625d204592_synthetic_line_6q_spread_47,basic
leave_one_topology_out,3,always_basic,dabd84c4a3325ef21b50a394178e913fd5ef5dba3253c4dc929ef5785b340571_synthetic_line_6q_favorable_11,basic
leave_one_topology_out,3,always_basic,dabd84c4a3325ef21b50a394178e913fd5ef5dba3253c4dc929ef5785b340571_synthetic_line_6q_favorable_19,basic
leave_one_topology_out,3,always_basic,dabd84c4a3325ef21b50a394178e913fd5ef5dba3253c4dc929ef5785b340571_synthetic_line_6q_favorable_29,basic
leave_one_topology_out,3,always_basic,dabd84c4a3325ef21b50a394178e913fd5ef5dba3253c4dc929ef5785b340571_synthetic_line_6q_favorable_37,basic
leave_one_topology_out,3,always_basic,dabd84c4a3325ef21b50a394178e913fd5ef5dba3253c4dc929ef5785b340571_synthetic_line_6q_favorable_47,basic
leave_one_topology_out,3,always_basic,dabd84c4a3325ef21b50a394178e913fd5ef5dba3253c4dc929ef5785b340571_synthetic_line_6q_spread_11,basic
leave_one_topology_out,3,always_basic,dabd84c4a3325ef21b50a394178e913fd5ef5dba3253c4dc929ef5785b340571_synthetic_line_6q_spread_19,basic
leave_one_topology_out,3,always_basic,dabd84c4a3325ef21b50a394178e913fd5ef5dba3253c4dc929ef5785b340571_synthetic_line_6q_spread_29,basic
leave_one_topology_out,3,always_basic,dabd84c4a3325ef21b50a394178e913fd5ef5dba3253c4dc929ef5785b340571_synthetic_line_6q_spread_37,basic
leave_one_topology_out,3,always_basic,dabd84c4a3325ef21b50a394178e913fd5ef5dba3253c4dc929ef5785b340571_synthetic_line_6q_spread_47,basic
leave_one_topology_out,3,always_teleport,2db9eba90ba8cd0954c12783101856a28b9a2dc7771ca234eecefcf2689ef643_synthetic_line_6q_favorable_11,teleport
leave_one_topology_out,3,always_teleport,2db9eba90ba8cd0954c12783101856a28b9a2dc7771ca234eecefcf2689ef643_synthetic_line_6q_favorable_19,teleport
leave_one_topology_out,3,always_teleport,2db9eba90ba8cd0954c12783101856a28b9a2dc7771ca234eecefcf2689ef643_synthetic_line_6q_favorable_29,teleport
leave_one_topology_out,3,always_teleport,2db9eba90ba8cd0954c12783101856a28b9a2dc7771ca234eecefcf2689ef643_synthetic_line_6q_favorable_37,teleport
leave_one_topology_out,3,always_teleport,2db9eba90ba8cd0954c12783101856a28b9a2dc7771ca234eecefcf2689ef643_synthetic_line_6q_favorable_47,teleport
leave_one_topology_out,3,always_teleport,667e3a1f084c4e2a3fcd2b6479ca873f035a167fe6bd3dac4cd548625d204592_synthetic_line_6q_spread_11,teleport
leave_one_topology_out,3,always_teleport,667e3a1f084c4e2a3fcd2b6479ca873f035a167fe6bd3dac4cd548625d204592_synthetic_line_6q_spread_19,teleport
leave_one_topology_out,3,always_teleport,667e3a1f084c4e2a3fcd2b6479ca873f035a167fe6bd3dac4cd548625d204592_synthetic_line_6q_spread_29,teleport
leave_one_topology_out,3,always_teleport,667e3a1f084c4e2a3fcd2b6479ca873f035a167fe6bd3dac4cd548625d204592_synthetic_line_6q_spread_37,teleport
leave_one_topology_out,3,always_teleport,667e3a1f084c4e2a3fcd2b6479ca873f035a167fe6bd3dac4cd548625d204592_synthetic_line_6q_spread_47,teleport
leave_one_topology_out,3,always_teleport,dabd84c4a3325ef21b50a394178e913fd5ef5dba3253c4dc929ef5785b340571_synthetic_line_6q_favorable_11,teleport
leave_one_topology_out,3,always_teleport,dabd84c4a3325ef21b50a394178e913fd5ef5dba3253c4dc929ef5785b340571_synthetic_line_6q_favorable_19,teleport
leave_one_topology_out,3,always_teleport,dabd84c4a3325ef21b50a394178e913fd5ef5dba3253c4dc929ef5785b340571_synthetic_line_6q_favorable_29,teleport
leave_one_topology_out,3,always_teleport,dabd84c4a3325ef21b50a394178e913fd5ef5dba3253c4dc929ef5785b340571_synthetic_line_6q_favorable_37,teleport
leave_one_topology_out,3,always_teleport,dabd84c4a3325ef21b50a394178e913fd5ef5dba3253c4dc929ef5785b340571_synthetic_line_6q_favorable_47,teleport
leave_one_topology_out,3,always_teleport,dabd84c4a3325ef21b50a394178e913fd5ef5dba3253c4dc929ef5785b340571_synthetic_line_6q_spread_11,teleport
leave_one_topology_out,3,always_teleport,dabd84c4a3325ef21b50a394178e913fd5ef5dba3253c4dc929ef5785b340571_synthetic_line_6q_spread_19,teleport
leave_one_topology_out,3,always_teleport,dabd84c4a3325ef21b50a394178e913fd5ef5dba3253c4dc929ef5785b340571_synthetic_line_6q_spread_29,teleport
leave_one_topology_out,3,always_teleport,dabd84c4a3325ef21b50a394178e913fd5ef5dba3253c4dc929ef5785b340571_synthetic_line_6q_spread_37,teleport
leave_one_topology_out,3,always_teleport,dabd84c4a3325ef21b50a394178e913fd5ef5dba3253c4dc929ef5785b340571_synthetic_line_6q_spread_47,teleport
leave_one_topology_out,3,majority,2db9eba90ba8cd0954c12783101856a28b9a2dc7771ca234eecefcf2689ef643_synthetic_line_6q_favorable_11,teleport
leave_one_topology_out,3,majority,2db9eba90ba8cd0954c12783101856a28b9a2dc7771ca234eecefcf2689ef643_synthetic_line_6q_favorable_19,teleport
leave_one_topology_out,3,majority,2db9eba90ba8cd0954c12783101856a28b9a2dc7771ca234eecefcf2689ef643_synthetic_line_6q_favorable_29,teleport
leave_one_topology_out,3,majority,2db9eba90ba8cd0954c12783101856a28b9a2dc7771ca234eecefcf2689ef643_synthetic_line_6q_favorable_37,teleport
leave_one_topology_out,3,majority,2db9eba90ba8cd0954c12783101856a28b9a2dc7771ca234eecefcf2689ef643_synthetic_line_6q_favorable_47,teleport
leave_one_topology_out,3,majority,667e3a1f084c4e2a3fcd2b6479ca873f035a167fe6bd3dac4cd548625d204592_synthetic_line_6q_spread_11,teleport
leave_one_topology_out,3,majority,667e3a1f084c4e2a3fcd2b6479ca873f035a167fe6bd3dac4cd548625d204592_synthetic_line_6q_spread_19,teleport
leave_one_topology_out,3,majority,667e3a1f084c4e2a3fcd2b6479ca873f035a167fe6bd3dac4cd548625d204592_synthetic_line_6q_spread_29,teleport
leave_one_topology_out,3,majority,667e3a1f084c4e2a3fcd2b6479ca873f035a167fe6bd3dac4cd548625d204592_synthetic_line_6q_spread_37,teleport
leave_one_topology_out,3,majority,667e3a1f084c4e2a3fcd2b6479ca873f035a167fe6bd3dac4cd548625d204592_synthetic_line_6q_spread_47,teleport
leave_one_topology_out,3,majority,dabd84c4a3325ef21b50a394178e913fd5ef5dba3253c4dc929ef5785b340571_synthetic_line_6q_favorable_11,teleport
leave_one_topology_out,3,majority,dabd84c4a3325ef21b50a394178e913fd5ef5dba3253c4dc929ef5785b340571_synthetic_line_6q_favorable_19,teleport
leave_one_topology_out,3,majority,dabd84c4a3325ef21b50a394178e913fd5ef5dba3253c4dc929ef5785b340571_synthetic_line_6q_favorable_29,teleport
leave_one_topology_out,3,majority,dabd84c4a3325ef21b50a394178e913fd5ef5dba3253c4dc929ef5785b340571_synthetic_line_6q_favorable_37,teleport
leave_one_topology_out,3,majority,dabd84c4a3325ef21b50a394178e913fd5ef5dba3253c4dc929ef5785b340571_synthetic_line_6q_favorable_47,teleport
leave_one_topology_out,3,majority,dabd84c4a3325ef21b50a394178e913fd5ef5dba3253c4dc929ef5785b340571_synthetic_line_6q_spread_11,teleport
leave_one_topology_out,3,majority,dabd84c4a3325ef21b50a394178e913fd5ef5dba3253c4dc929ef5785b340571_synthetic_line_6q_spread_19,teleport
leave_one_topology_out,3,majority,dabd84c4a3325ef21b50a394178e913fd5ef5dba3253c4dc929ef5785b340571_synthetic_line_6q_spread_29,teleport
leave_one_topology_out,3,majority,dabd84c4a3325ef21b50a394178e913fd5ef5dba3253c4dc929ef5785b340571_synthetic_line_6q_spread_37,teleport
leave_one_topology_out,3,majority,dabd84c4a3325ef21b50a394178e913fd5ef5dba3253c4dc929ef5785b340571_synthetic_line_6q_spread_47,teleport
leave_one_topology_out,3,frozen_rule,2db9eba90ba8cd0954c12783101856a28b9a2dc7771ca234eecefcf2689ef643_synthetic_line_6q_favorable_11,teleport
leave_one_topology_out,3,frozen_rule,2db9eba90ba8cd0954c12783101856a28b9a2dc7771ca234eecefcf2689ef643_synthetic_line_6q_favorable_19,teleport
leave_one_topology_out,3,frozen_rule,2db9eba90ba8cd0954c12783101856a28b9a2dc7771ca234eecefcf2689ef643_synthetic_line_6q_favorable_29,teleport
leave_one_topology_out,3,frozen_rule,2db9eba90ba8cd0954c12783101856a28b9a2dc7771ca234eecefcf2689ef643_synthetic_line_6q_favorable_37,teleport
leave_one_topology_out,3,frozen_rule,2db9eba90ba8cd0954c12783101856a28b9a2dc7771ca234eecefcf2689ef643_synthetic_line_6q_favorable_47,teleport
leave_one_topology_out,3,frozen_rule,667e3a1f084c4e2a3fcd2b6479ca873f035a167fe6bd3dac4cd548625d204592_synthetic_line_6q_spread_11,teleport
leave_one_topology_out,3,frozen_rule,667e3a1f084c4e2a3fcd2b6479ca873f035a167fe6bd3dac4cd548625d204592_synthetic_line_6q_spread_19,teleport
leave_one_topology_out,3,frozen_rule,667e3a1f084c4e2a3fcd2b6479ca873f035a167fe6bd3dac4cd548625d204592_synthetic_line_6q_spread_29,teleport
leave_one_topology_out,3,frozen_rule,667e3a1f084c4e2a3fcd2b6479ca873f035a167fe6bd3dac4cd548625d204592_synthetic_line_6q_spread_37,teleport
leave_one_topology_out,3,frozen_rule,667e3a1f084c4e2a3fcd2b6479ca873f035a167fe6bd3dac4cd548625d204592_synthetic_line_6q_spread_47,teleport
leave_one_topology_out,3,frozen_rule,dabd84c4a3325ef21b50a394178e913fd5ef5dba3253c4dc929ef5785b340571_synthetic_line_6q_favorable_11,basic
leave_one_topology_out,3,frozen_rule,dabd84c4a3325ef21b50a394178e913fd5ef5dba3253c4dc929ef5785b340571_synthetic_line_6q_favorable_19,basic
leave_one_topology_out,3,frozen_rule,dabd84c4a3325ef21b50a394178e913fd5ef5dba3253c4dc929ef5785b340571_synthetic_line_6q_favorable_29,basic
leave_one_topology_out,3,frozen_rule,dabd84c4a3325ef21b50a394178e913fd5ef5dba3253c4dc929ef5785b340571_synthetic_line_6q_favorable_37,basic
leave_one_topology_out,3,frozen_rule,dabd84c4a3325ef21b50a394178e913fd5ef5dba3253c4dc929ef5785b340571_synthetic_line_6q_favorable_47,basic
leave_one_topology_out,3,frozen_rule,dabd84c4a3325ef21b50a394178e913fd5ef5dba3253c4dc929ef5785b340571_synthetic_line_6q_spread_11,basic
leave_one_topology_out,3,frozen_rule,dabd84c4a3325ef21b50a394178e913fd5ef5dba3253c4dc929ef5785b340571_synthetic_line_6q_spread_19,basic
leave_one_topology_out,3,frozen_rule,dabd84c4a3325ef21b50a394178e913fd5ef5dba3253c4dc929ef5785b340571_synthetic_line_6q_spread_29,basic
leave_one_topology_out,3,frozen_rule,dabd84c4a3325ef21b50a394178e913fd5ef5dba3253c4dc929ef5785b340571_synthetic_line_6q_spread_37,basic
leave_one_topology_out,3,frozen_rule,dabd84c4a3325ef21b50a394178e913fd5ef5dba3253c4dc929ef5785b340571_synthetic_line_6q_spread_47,basic
leave_one_topology_out,3,oracle,2db9eba90ba8cd0954c12783101856a28b9a2dc7771ca234eecefcf2689ef643_synthetic_line_6q_favorable_11,teleport
leave_one_topology_out,3,oracle,2db9eba90ba8cd0954c12783101856a28b9a2dc7771ca234eecefcf2689ef643_synthetic_line_6q_favorable_19,teleport
leave_one_topology_out,3,oracle,2db9eba90ba8cd0954c12783101856a28b9a2dc7771ca234eecefcf2689ef643_synthetic_line_6q_favorable_29,teleport
leave_one_topology_out,3,oracle,2db9eba90ba8cd0954c12783101856a28b9a2dc7771ca234eecefcf2689ef643_synthetic_line_6q_favorable_37,teleport
leave_one_topology_out,3,oracle,2db9eba90ba8cd0954c12783101856a28b9a2dc7771ca234eecefcf2689ef643_synthetic_line_6q_favorable_47,teleport
leave_one_topology_out,3,oracle,667e3a1f084c4e2a3fcd2b6479ca873f035a167fe6bd3dac4cd548625d204592_synthetic_line_6q_spread_11,teleport
leave_one_topology_out,3,oracle,667e3a1f084c4e2a3fcd2b6479ca873f035a167fe6bd3dac4cd548625d204592_synthetic_line_6q_spread_19,teleport
leave_one_topology_out,3,oracle,667e3a1f084c4e2a3fcd2b6479ca873f035a167fe6bd3dac4cd548625d204592_synthetic_line_6q_spread_29,teleport
leave_one_topology_out,3,oracle,667e3a1f084c4e2a3fcd2b6479ca873f035a167fe6bd3dac4cd548625d204592_synthetic_line_6q_spread_37,teleport
leave_one_topology_out,3,oracle,667e3a1f084c4e2a3fcd2b6479ca873f035a167fe6bd3dac4cd548625d204592_synthetic_line_6q_spread_47,teleport
leave_one_topology_out,3,oracle,dabd84c4a3325ef21b50a394178e913fd5ef5dba3253c4dc929ef5785b340571_synthetic_line_6q_favorable_11,teleport
leave_one_topology_out,3,oracle,dabd84c4a3325ef21b50a394178e913fd5ef5dba3253c4dc929ef5785b340571_synthetic_line_6q_favorable_19,teleport
leave_one_topology_out,3,oracle,dabd84c4a3325ef21b50a394178e913fd5ef5dba3253c4dc929ef5785b340571_synthetic_line_6q_favorable_29,teleport
leave_one_topology_out,3,oracle,dabd84c4a3325ef21b50a394178e913fd5ef5dba3253c4dc929ef5785b340571_synthetic_line_6q_favorable_37,teleport
leave_one_topology_out,3,oracle,dabd84c4a3325ef21b50a394178e913fd5ef5dba3253c4dc929ef5785b340571_synthetic_line_6q_favorable_47,teleport
leave_one_topology_out,3,oracle,dabd84c4a3325ef21b50a394178e913fd5ef5dba3253c4dc929ef5785b340571_synthetic_line_6q_spread_11,teleport
leave_one_topology_out,3,oracle,dabd84c4a3325ef21b50a394178e913fd5ef5dba3253c4dc929ef5785b340571_synthetic_line_6q_spread_19,teleport
leave_one_topology_out,3,oracle,dabd84c4a3325ef21b50a394178e913fd5ef5dba3253c4dc929ef5785b340571_synthetic_line_6q_spread_29,teleport
leave_one_topology_out,3,oracle,dabd84c4a3325ef21b50a394178e913fd5ef5dba3253c4dc929ef5785b340571_synthetic_line_6q_spread_37,teleport
leave_one_topology_out,3,oracle,dabd84c4a3325ef21b50a394178e913fd5ef5dba3253c4dc929ef5785b340571_synthetic_line_6q_spread_47,teleport
leave_one_topology_out,3,logistic,2db9eba90ba8cd0954c12783101856a28b9a2dc7771ca234eecefcf2689ef643_synthetic_line_6q_favorable_11,teleport
leave_one_topology_out,3,logistic,2db9eba90ba8cd0954c12783101856a28b9a2dc7771ca234eecefcf2689ef643_synthetic_line_6q_favorable_19,teleport
leave_one_topology_out,3,logistic,2db9eba90ba8cd0954c12783101856a28b9a2dc7771ca234eecefcf2689ef643_synthetic_line_6q_favorable_29,teleport
leave_one_topology_out,3,logistic,2db9eba90ba8cd0954c12783101856a28b9a2dc7771ca234eecefcf2689ef643_synthetic_line_6q_favorable_37,teleport
leave_one_topology_out,3,logistic,2db9eba90ba8cd0954c12783101856a28b9a2dc7771ca234eecefcf2689ef643_synthetic_line_6q_favorable_47,teleport
leave_one_topology_out,3,logistic,667e3a1f084c4e2a3fcd2b6479ca873f035a167fe6bd3dac4cd548625d204592_synthetic_line_6q_spread_11,teleport
leave_one_topology_out,3,logistic,667e3a1f084c4e2a3fcd2b6479ca873f035a167fe6bd3dac4cd548625d204592_synthetic_line_6q_spread_19,teleport
leave_one_topology_out,3,logistic,667e3a1f084c4e2a3fcd2b6479ca873f035a167fe6bd3dac4cd548625d204592_synthetic_line_6q_spread_29,teleport
leave_one_topology_out,3,logistic,667e3a1f084c4e2a3fcd2b6479ca873f035a167fe6bd3dac4cd548625d204592_synthetic_line_6q_spread_37,teleport
leave_one_topology_out,3,logistic,667e3a1f084c4e2a3fcd2b6479ca873f035a167fe6bd3dac4cd548625d204592_synthetic_line_6q_spread_47,teleport
leave_one_topology_out,3,logistic,dabd84c4a3325ef21b50a394178e913fd5ef5dba3253c4dc929ef5785b340571_synthetic_line_6q_favorable_11,teleport
leave_one_topology_out,3,logistic,dabd84c4a3325ef21b50a394178e913fd5ef5dba3253c4dc929ef5785b340571_synthetic_line_6q_favorable_19,teleport
leave_one_topology_out,3,logistic,dabd84c4a3325ef21b50a394178e913fd5ef5dba3253c4dc929ef5785b340571_synthetic_line_6q_favorable_29,teleport
leave_one_topology_out,3,logistic,dabd84c4a3325ef21b50a394178e913fd5ef5dba3253c4dc929ef5785b340571_synthetic_line_6q_favorable_37,teleport
leave_one_topology_out,3,logistic,dabd84c4a3325ef21b50a394178e913fd5ef5dba3253c4dc929ef5785b340571_synthetic_line_6q_favorable_47,teleport
leave_one_topology_out,3,logistic,dabd84c4a3325ef21b50a394178e913fd5ef5dba3253c4dc929ef5785b340571_synthetic_line_6q_spread_11,teleport
leave_one_topology_out,3,logistic,dabd84c4a3325ef21b50a394178e913fd5ef5dba3253c4dc929ef5785b340571_synthetic_line_6q_spread_19,teleport
leave_one_topology_out,3,logistic,dabd84c4a3325ef21b50a394178e913fd5ef5dba3253c4dc929ef5785b340571_synthetic_line_6q_spread_29,teleport
leave_one_topology_out,3,logistic,dabd84c4a3325ef21b50a394178e913fd5ef5dba3253c4dc929ef5785b340571_synthetic_line_6q_spread_37,teleport
leave_one_topology_out,3,logistic,dabd84c4a3325ef21b50a394178e913fd5ef5dba3253c4dc929ef5785b340571_synthetic_line_6q_spread_47,teleport
leave_one_topology_out,3,tree,2db9eba90ba8cd0954c12783101856a28b9a2dc7771ca234eecefcf2689ef643_synthetic_line_6q_favorable_11,teleport
leave_one_topology_out,3,tree,2db9eba90ba8cd0954c12783101856a28b9a2dc7771ca234eecefcf2689ef643_synthetic_line_6q_favorable_19,teleport
leave_one_topology_out,3,tree,2db9eba90ba8cd0954c12783101856a28b9a2dc7771ca234eecefcf2689ef643_synthetic_line_6q_favorable_29,teleport
leave_one_topology_out,3,tree,2db9eba90ba8cd0954c12783101856a28b9a2dc7771ca234eecefcf2689ef643_synthetic_line_6q_favorable_37,teleport
leave_one_topology_out,3,tree,2db9eba90ba8cd0954c12783101856a28b9a2dc7771ca234eecefcf2689ef643_synthetic_line_6q_favorable_47,teleport
leave_one_topology_out,3,tree,667e3a1f084c4e2a3fcd2b6479ca873f035a167fe6bd3dac4cd548625d204592_synthetic_line_6q_spread_11,teleport
leave_one_topology_out,3,tree,667e3a1f084c4e2a3fcd2b6479ca873f035a167fe6bd3dac4cd548625d204592_synthetic_line_6q_spread_19,teleport
leave_one_topology_out,3,tree,667e3a1f084c4e2a3fcd2b6479ca873f035a167fe6bd3dac4cd548625d204592_synthetic_line_6q_spread_29,teleport
leave_one_topology_out,3,tree,667e3a1f084c4e2a3fcd2b6479ca873f035a167fe6bd3dac4cd548625d204592_synthetic_line_6q_spread_37,teleport
leave_one_topology_out,3,tree,667e3a1f084c4e2a3fcd2b6479ca873f035a167fe6bd3dac4cd548625d204592_synthetic_line_6q_spread_47,teleport
leave_one_topology_out,3,tree,dabd84c4a3325ef21b50a394178e913fd5ef5dba3253c4dc929ef5785b340571_synthetic_line_6q_favorable_11,teleport
leave_one_topology_out,3,tree,dabd84c4a3325ef21b50a394178e913fd5ef5dba3253c4dc929ef5785b340571_synthetic_line_6q_favorable_19,teleport
leave_one_topology_out,3,tree,dabd84c4a3325ef21b50a394178e913fd5ef5dba3253c4dc929ef5785b340571_synthetic_line_6q_favorable_29,teleport
leave_one_topology_out,3,tree,dabd84c4a3325ef21b50a394178e913fd5ef5dba3253c4dc929ef5785b340571_synthetic_line_6q_favorable_37,teleport
leave_one_topology_out,3,tree,dabd84c4a3325ef21b50a394178e913fd5ef5dba3253c4dc929ef5785b340571_synthetic_line_6q_favorable_47,teleport
leave_one_topology_out,3,tree,dabd84c4a3325ef21b50a394178e913fd5ef5dba3253c4dc929ef5785b340571_synthetic_line_6q_spread_11,teleport
leave_one_topology_out,3,tree,dabd84c4a3325ef21b50a394178e913fd5ef5dba3253c4dc929ef5785b340571_synthetic_line_6q_spread_19,teleport
leave_one_topology_out,3,tree,dabd84c4a3325ef21b50a394178e913fd5ef5dba3253c4dc929ef5785b340571_synthetic_line_6q_spread_29,teleport
leave_one_topology_out,3,tree,dabd84c4a3325ef21b50a394178e913fd5ef5dba3253c4dc929ef5785b340571_synthetic_line_6q_spread_37,teleport
leave_one_topology_out,3,tree,dabd84c4a3325ef21b50a394178e913fd5ef5dba3253c4dc929ef5785b340571_synthetic_line_6q_spread_47,teleport
leave_one_topology_out,3,forest_classifier,2db9eba90ba8cd0954c12783101856a28b9a2dc7771ca234eecefcf2689ef643_synthetic_line_6q_favorable_11,teleport
leave_one_topology_out,3,forest_classifier,2db9eba90ba8cd0954c12783101856a28b9a2dc7771ca234eecefcf2689ef643_synthetic_line_6q_favorable_19,teleport
leave_one_topology_out,3,forest_classifier,2db9eba90ba8cd0954c12783101856a28b9a2dc7771ca234eecefcf2689ef643_synthetic_line_6q_favorable_29,teleport
leave_one_topology_out,3,forest_classifier,2db9eba90ba8cd0954c12783101856a28b9a2dc7771ca234eecefcf2689ef643_synthetic_line_6q_favorable_37,teleport
leave_one_topology_out,3,forest_classifier,2db9eba90ba8cd0954c12783101856a28b9a2dc7771ca234eecefcf2689ef643_synthetic_line_6q_favorable_47,teleport
leave_one_topology_out,3,forest_classifier,667e3a1f084c4e2a3fcd2b6479ca873f035a167fe6bd3dac4cd548625d204592_synthetic_line_6q_spread_11,teleport
leave_one_topology_out,3,forest_classifier,667e3a1f084c4e2a3fcd2b6479ca873f035a167fe6bd3dac4cd548625d204592_synthetic_line_6q_spread_19,teleport
leave_one_topology_out,3,forest_classifier,667e3a1f084c4e2a3fcd2b6479ca873f035a167fe6bd3dac4cd548625d204592_synthetic_line_6q_spread_29,teleport
leave_one_topology_out,3,forest_classifier,667e3a1f084c4e2a3fcd2b6479ca873f035a167fe6bd3dac4cd548625d204592_synthetic_line_6q_spread_37,teleport
leave_one_topology_out,3,forest_classifier,667e3a1f084c4e2a3fcd2b6479ca873f035a167fe6bd3dac4cd548625d204592_synthetic_line_6q_spread_47,teleport
leave_one_topology_out,3,forest_classifier,dabd84c4a3325ef21b50a394178e913fd5ef5dba3253c4dc929ef5785b340571_synthetic_line_6q_favorable_11,teleport
leave_one_topology_out,3,forest_classifier,dabd84c4a3325ef21b50a394178e913fd5ef5dba3253c4dc929ef5785b340571_synthetic_line_6q_favorable_19,teleport
leave_one_topology_out,3,forest_classifier,dabd84c4a3325ef21b50a394178e913fd5ef5dba3253c4dc929ef5785b340571_synthetic_line_6q_favorable_29,teleport
leave_one_topology_out,3,forest_classifier,dabd84c4a3325ef21b50a394178e913fd5ef5dba3253c4dc929ef5785b340571_synthetic_line_6q_favorable_37,teleport
leave_one_topology_out,3,forest_classifier,dabd84c4a3325ef21b50a394178e913fd5ef5dba3253c4dc929ef5785b340571_synthetic_line_6q_favorable_47,teleport
leave_one_topology_out,3,forest_classifier,dabd84c4a3325ef21b50a394178e913fd5ef5dba3253c4dc929ef5785b340571_synthetic_line_6q_spread_11,teleport
leave_one_topology_out,3,forest_classifier,dabd84c4a3325ef21b50a394178e913fd5ef5dba3253c4dc929ef5785b340571_synthetic_line_6q_spread_19,teleport
leave_one_topology_out,3,forest_classifier,dabd84c4a3325ef21b50a394178e913fd5ef5dba3253c4dc929ef5785b340571_synthetic_line_6q_spread_29,teleport
leave_one_topology_out,3,forest_classifier,dabd84c4a3325ef21b50a394178e913fd5ef5dba3253c4dc929ef5785b340571_synthetic_line_6q_spread_37,teleport
leave_one_topology_out,3,forest_classifier,dabd84c4a3325ef21b50a394178e913fd5ef5dba3253c4dc929ef5785b340571_synthetic_line_6q_spread_47,teleport
leave_one_topology_out,3,forest_delta_regressor,2db9eba90ba8cd0954c12783101856a28b9a2dc7771ca234eecefcf2689ef643_synthetic_line_6q_favorable_11,teleport
leave_one_topology_out,3,forest_delta_regressor,2db9eba90ba8cd0954c12783101856a28b9a2dc7771ca234eecefcf2689ef643_synthetic_line_6q_favorable_19,teleport
leave_one_topology_out,3,forest_delta_regressor,2db9eba90ba8cd0954c12783101856a28b9a2dc7771ca234eecefcf2689ef643_synthetic_line_6q_favorable_29,teleport
leave_one_topology_out,3,forest_delta_regressor,2db9eba90ba8cd0954c12783101856a28b9a2dc7771ca234eecefcf2689ef643_synthetic_line_6q_favorable_37,teleport
leave_one_topology_out,3,forest_delta_regressor,2db9eba90ba8cd0954c12783101856a28b9a2dc7771ca234eecefcf2689ef643_synthetic_line_6q_favorable_47,teleport
leave_one_topology_out,3,forest_delta_regressor,667e3a1f084c4e2a3fcd2b6479ca873f035a167fe6bd3dac4cd548625d204592_synthetic_line_6q_spread_11,teleport
leave_one_topology_out,3,forest_delta_regressor,667e3a1f084c4e2a3fcd2b6479ca873f035a167fe6bd3dac4cd548625d204592_synthetic_line_6q_spread_19,teleport
leave_one_topology_out,3,forest_delta_regressor,667e3a1f084c4e2a3fcd2b6479ca873f035a167fe6bd3dac4cd548625d204592_synthetic_line_6q_spread_29,teleport
leave_one_topology_out,3,forest_delta_regressor,667e3a1f084c4e2a3fcd2b6479ca873f035a167fe6bd3dac4cd548625d204592_synthetic_line_6q_spread_37,teleport
leave_one_topology_out,3,forest_delta_regressor,667e3a1f084c4e2a3fcd2b6479ca873f035a167fe6bd3dac4cd548625d204592_synthetic_line_6q_spread_47,teleport
leave_one_topology_out,3,forest_delta_regressor,dabd84c4a3325ef21b50a394178e913fd5ef5dba3253c4dc929ef5785b340571_synthetic_line_6q_favorable_11,teleport
leave_one_topology_out,3,forest_delta_regressor,dabd84c4a3325ef21b50a394178e913fd5ef5dba3253c4dc929ef5785b340571_synthetic_line_6q_favorable_19,teleport
leave_one_topology_out,3,forest_delta_regressor,dabd84c4a3325ef21b50a394178e913fd5ef5dba3253c4dc929ef5785b340571_synthetic_line_6q_favorable_29,teleport
leave_one_topology_out,3,forest_delta_regressor,dabd84c4a3325ef21b50a394178e913fd5ef5dba3253c4dc929ef5785b340571_synthetic_line_6q_favorable_37,teleport
leave_one_topology_out,3,forest_delta_regressor,dabd84c4a3325ef21b50a394178e913fd5ef5dba3253c4dc929ef5785b340571_synthetic_line_6q_favorable_47,teleport
leave_one_topology_out,3,forest_delta_regressor,dabd84c4a3325ef21b50a394178e913fd5ef5dba3253c4dc929ef5785b340571_synthetic_line_6q_spread_11,teleport
leave_one_topology_out,3,forest_delta_regressor,dabd84c4a3325ef21b50a394178e913fd5ef5dba3253c4dc929ef5785b340571_synthetic_line_6q_spread_19,teleport
leave_one_topology_out,3,forest_delta_regressor,dabd84c4a3325ef21b50a394178e913fd5ef5dba3253c4dc929ef5785b340571_synthetic_line_6q_spread_29,teleport
leave_one_topology_out,3,forest_delta_regressor,dabd84c4a3325ef21b50a394178e913fd5ef5dba3253c4dc929ef5785b340571_synthetic_line_6q_spread_37,teleport
leave_one_topology_out,3,forest_delta_regressor,dabd84c4a3325ef21b50a394178e913fd5ef5dba3253c4dc929ef5785b340571_synthetic_line_6q_spread_47,teleport
leave_one_topology_out,4,always_basic,bc2d5292433dbd57457d4b8e18f32adf5b65f135ba9bc3522cd34066a6aaff03_synthetic_ring_6q_transpiler_11,basic
leave_one_topology_out,4,always_basic,bc2d5292433dbd57457d4b8e18f32adf5b65f135ba9bc3522cd34066a6aaff03_synthetic_ring_6q_transpiler_19,basic
leave_one_topology_out,4,always_basic,bc2d5292433dbd57457d4b8e18f32adf5b65f135ba9bc3522cd34066a6aaff03_synthetic_ring_6q_transpiler_29,basic
leave_one_topology_out,4,always_basic,bc2d5292433dbd57457d4b8e18f32adf5b65f135ba9bc3522cd34066a6aaff03_synthetic_ring_6q_transpiler_37,basic
leave_one_topology_out,4,always_basic,bc2d5292433dbd57457d4b8e18f32adf5b65f135ba9bc3522cd34066a6aaff03_synthetic_ring_6q_transpiler_47,basic
leave_one_topology_out,4,always_basic,458db1b65dc833bd8c659df2b45270528a8cfce8db05e426b8a2f00bff2e84f9_synthetic_ring_6q_transpiler_11,basic
leave_one_topology_out,4,always_basic,458db1b65dc833bd8c659df2b45270528a8cfce8db05e426b8a2f00bff2e84f9_synthetic_ring_6q_transpiler_19,basic
leave_one_topology_out,4,always_basic,458db1b65dc833bd8c659df2b45270528a8cfce8db05e426b8a2f00bff2e84f9_synthetic_ring_6q_transpiler_29,basic
leave_one_topology_out,4,always_basic,458db1b65dc833bd8c659df2b45270528a8cfce8db05e426b8a2f00bff2e84f9_synthetic_ring_6q_transpiler_37,basic
leave_one_topology_out,4,always_basic,458db1b65dc833bd8c659df2b45270528a8cfce8db05e426b8a2f00bff2e84f9_synthetic_ring_6q_transpiler_47,basic
leave_one_topology_out,4,always_basic,dabd84c4a3325ef21b50a394178e913fd5ef5dba3253c4dc929ef5785b340571_synthetic_ring_6q_transpiler_11,basic
leave_one_topology_out,4,always_basic,dabd84c4a3325ef21b50a394178e913fd5ef5dba3253c4dc929ef5785b340571_synthetic_ring_6q_transpiler_19,basic
leave_one_topology_out,4,always_basic,dabd84c4a3325ef21b50a394178e913fd5ef5dba3253c4dc929ef5785b340571_synthetic_ring_6q_transpiler_29,basic
leave_one_topology_out,4,always_basic,dabd84c4a3325ef21b50a394178e913fd5ef5dba3253c4dc929ef5785b340571_synthetic_ring_6q_transpiler_37,basic
leave_one_topology_out,4,always_basic,dabd84c4a3325ef21b50a394178e913fd5ef5dba3253c4dc929ef5785b340571_synthetic_ring_6q_transpiler_47,basic
leave_one_topology_out,4,always_teleport,bc2d5292433dbd57457d4b8e18f32adf5b65f135ba9bc3522cd34066a6aaff03_synthetic_ring_6q_transpiler_11,teleport
leave_one_topology_out,4,always_teleport,bc2d5292433dbd57457d4b8e18f32adf5b65f135ba9bc3522cd34066a6aaff03_synthetic_ring_6q_transpiler_19,teleport
leave_one_topology_out,4,always_teleport,bc2d5292433dbd57457d4b8e18f32adf5b65f135ba9bc3522cd34066a6aaff03_synthetic_ring_6q_transpiler_29,teleport
leave_one_topology_out,4,always_teleport,bc2d5292433dbd57457d4b8e18f32adf5b65f135ba9bc3522cd34066a6aaff03_synthetic_ring_6q_transpiler_37,teleport
leave_one_topology_out,4,always_teleport,bc2d5292433dbd57457d4b8e18f32adf5b65f135ba9bc3522cd34066a6aaff03_synthetic_ring_6q_transpiler_47,teleport
leave_one_topology_out,4,always_teleport,458db1b65dc833bd8c659df2b45270528a8cfce8db05e426b8a2f00bff2e84f9_synthetic_ring_6q_transpiler_11,teleport
leave_one_topology_out,4,always_teleport,458db1b65dc833bd8c659df2b45270528a8cfce8db05e426b8a2f00bff2e84f9_synthetic_ring_6q_transpiler_19,teleport
leave_one_topology_out,4,always_teleport,458db1b65dc833bd8c659df2b45270528a8cfce8db05e426b8a2f00bff2e84f9_synthetic_ring_6q_transpiler_29,teleport
leave_one_topology_out,4,always_teleport,458db1b65dc833bd8c659df2b45270528a8cfce8db05e426b8a2f00bff2e84f9_synthetic_ring_6q_transpiler_37,teleport
leave_one_topology_out,4,always_teleport,458db1b65dc833bd8c659df2b45270528a8cfce8db05e426b8a2f00bff2e84f9_synthetic_ring_6q_transpiler_47,teleport
leave_one_topology_out,4,always_teleport,dabd84c4a3325ef21b50a394178e913fd5ef5dba3253c4dc929ef5785b340571_synthetic_ring_6q_transpiler_11,teleport
leave_one_topology_out,4,always_teleport,dabd84c4a3325ef21b50a394178e913fd5ef5dba3253c4dc929ef5785b340571_synthetic_ring_6q_transpiler_19,teleport
leave_one_topology_out,4,always_teleport,dabd84c4a3325ef21b50a394178e913fd5ef5dba3253c4dc929ef5785b340571_synthetic_ring_6q_transpiler_29,teleport
leave_one_topology_out,4,always_teleport,dabd84c4a3325ef21b50a394178e913fd5ef5dba3253c4dc929ef5785b340571_synthetic_ring_6q_transpiler_37,teleport
leave_one_topology_out,4,always_teleport,dabd84c4a3325ef21b50a394178e913fd5ef5dba3253c4dc929ef5785b340571_synthetic_ring_6q_transpiler_47,teleport
leave_one_topology_out,4,majority,bc2d5292433dbd57457d4b8e18f32adf5b65f135ba9bc3522cd34066a6aaff03_synthetic_ring_6q_transpiler_11,teleport
leave_one_topology_out,4,majority,bc2d5292433dbd57457d4b8e18f32adf5b65f135ba9bc3522cd34066a6aaff03_synthetic_ring_6q_transpiler_19,teleport
leave_one_topology_out,4,majority,bc2d5292433dbd57457d4b8e18f32adf5b65f135ba9bc3522cd34066a6aaff03_synthetic_ring_6q_transpiler_29,teleport
leave_one_topology_out,4,majority,bc2d5292433dbd57457d4b8e18f32adf5b65f135ba9bc3522cd34066a6aaff03_synthetic_ring_6q_transpiler_37,teleport
leave_one_topology_out,4,majority,bc2d5292433dbd57457d4b8e18f32adf5b65f135ba9bc3522cd34066a6aaff03_synthetic_ring_6q_transpiler_47,teleport
leave_one_topology_out,4,majority,458db1b65dc833bd8c659df2b45270528a8cfce8db05e426b8a2f00bff2e84f9_synthetic_ring_6q_transpiler_11,teleport
leave_one_topology_out,4,majority,458db1b65dc833bd8c659df2b45270528a8cfce8db05e426b8a2f00bff2e84f9_synthetic_ring_6q_transpiler_19,teleport
leave_one_topology_out,4,majority,458db1b65dc833bd8c659df2b45270528a8cfce8db05e426b8a2f00bff2e84f9_synthetic_ring_6q_transpiler_29,teleport
leave_one_topology_out,4,majority,458db1b65dc833bd8c659df2b45270528a8cfce8db05e426b8a2f00bff2e84f9_synthetic_ring_6q_transpiler_37,teleport
leave_one_topology_out,4,majority,458db1b65dc833bd8c659df2b45270528a8cfce8db05e426b8a2f00bff2e84f9_synthetic_ring_6q_transpiler_47,teleport
leave_one_topology_out,4,majority,dabd84c4a3325ef21b50a394178e913fd5ef5dba3253c4dc929ef5785b340571_synthetic_ring_6q_transpiler_11,teleport
leave_one_topology_out,4,majority,dabd84c4a3325ef21b50a394178e913fd5ef5dba3253c4dc929ef5785b340571_synthetic_ring_6q_transpiler_19,teleport
leave_one_topology_out,4,majority,dabd84c4a3325ef21b50a394178e913fd5ef5dba3253c4dc929ef5785b340571_synthetic_ring_6q_transpiler_29,teleport
leave_one_topology_out,4,majority,dabd84c4a3325ef21b50a394178e913fd5ef5dba3253c4dc929ef5785b340571_synthetic_ring_6q_transpiler_37,teleport
leave_one_topology_out,4,majority,dabd84c4a3325ef21b50a394178e913fd5ef5dba3253c4dc929ef5785b340571_synthetic_ring_6q_transpiler_47,teleport
leave_one_topology_out,4,frozen_rule,bc2d5292433dbd57457d4b8e18f32adf5b65f135ba9bc3522cd34066a6aaff03_synthetic_ring_6q_transpiler_11,teleport
leave_one_topology_out,4,frozen_rule,bc2d5292433dbd57457d4b8e18f32adf5b65f135ba9bc3522cd34066a6aaff03_synthetic_ring_6q_transpiler_19,teleport
leave_one_topology_out,4,frozen_rule,bc2d5292433dbd57457d4b8e18f32adf5b65f135ba9bc3522cd34066a6aaff03_synthetic_ring_6q_transpiler_29,teleport
leave_one_topology_out,4,frozen_rule,bc2d5292433dbd57457d4b8e18f32adf5b65f135ba9bc3522cd34066a6aaff03_synthetic_ring_6q_transpiler_37,teleport
leave_one_topology_out,4,frozen_rule,bc2d5292433dbd57457d4b8e18f32adf5b65f135ba9bc3522cd34066a6aaff03_synthetic_ring_6q_transpiler_47,teleport
leave_one_topology_out,4,frozen_rule,458db1b65dc833bd8c659df2b45270528a8cfce8db05e426b8a2f00bff2e84f9_synthetic_ring_6q_transpiler_11,basic
leave_one_topology_out,4,frozen_rule,458db1b65dc833bd8c659df2b45270528a8cfce8db05e426b8a2f00bff2e84f9_synthetic_ring_6q_transpiler_19,basic
leave_one_topology_out,4,frozen_rule,458db1b65dc833bd8c659df2b45270528a8cfce8db05e426b8a2f00bff2e84f9_synthetic_ring_6q_transpiler_29,basic
leave_one_topology_out,4,frozen_rule,458db1b65dc833bd8c659df2b45270528a8cfce8db05e426b8a2f00bff2e84f9_synthetic_ring_6q_transpiler_37,basic
leave_one_topology_out,4,frozen_rule,458db1b65dc833bd8c659df2b45270528a8cfce8db05e426b8a2f00bff2e84f9_synthetic_ring_6q_transpiler_47,basic
leave_one_topology_out,4,frozen_rule,dabd84c4a3325ef21b50a394178e913fd5ef5dba3253c4dc929ef5785b340571_synthetic_ring_6q_transpiler_11,basic
leave_one_topology_out,4,frozen_rule,dabd84c4a3325ef21b50a394178e913fd5ef5dba3253c4dc929ef5785b340571_synthetic_ring_6q_transpiler_19,basic
leave_one_topology_out,4,frozen_rule,dabd84c4a3325ef21b50a394178e913fd5ef5dba3253c4dc929ef5785b340571_synthetic_ring_6q_transpiler_29,basic
leave_one_topology_out,4,frozen_rule,dabd84c4a3325ef21b50a394178e913fd5ef5dba3253c4dc929ef5785b340571_synthetic_ring_6q_transpiler_37,basic
leave_one_topology_out,4,frozen_rule,dabd84c4a3325ef21b50a394178e913fd5ef5dba3253c4dc929ef5785b340571_synthetic_ring_6q_transpiler_47,basic
leave_one_topology_out,4,oracle,bc2d5292433dbd57457d4b8e18f32adf5b65f135ba9bc3522cd34066a6aaff03_synthetic_ring_6q_transpiler_11,teleport
leave_one_topology_out,4,oracle,bc2d5292433dbd57457d4b8e18f32adf5b65f135ba9bc3522cd34066a6aaff03_synthetic_ring_6q_transpiler_19,teleport
leave_one_topology_out,4,oracle,bc2d5292433dbd57457d4b8e18f32adf5b65f135ba9bc3522cd34066a6aaff03_synthetic_ring_6q_transpiler_29,teleport
leave_one_topology_out,4,oracle,bc2d5292433dbd57457d4b8e18f32adf5b65f135ba9bc3522cd34066a6aaff03_synthetic_ring_6q_transpiler_37,teleport
leave_one_topology_out,4,oracle,bc2d5292433dbd57457d4b8e18f32adf5b65f135ba9bc3522cd34066a6aaff03_synthetic_ring_6q_transpiler_47,teleport
leave_one_topology_out,4,oracle,458db1b65dc833bd8c659df2b45270528a8cfce8db05e426b8a2f00bff2e84f9_synthetic_ring_6q_transpiler_11,teleport
leave_one_topology_out,4,oracle,458db1b65dc833bd8c659df2b45270528a8cfce8db05e426b8a2f00bff2e84f9_synthetic_ring_6q_transpiler_19,teleport
leave_one_topology_out,4,oracle,458db1b65dc833bd8c659df2b45270528a8cfce8db05e426b8a2f00bff2e84f9_synthetic_ring_6q_transpiler_29,teleport
leave_one_topology_out,4,oracle,458db1b65dc833bd8c659df2b45270528a8cfce8db05e426b8a2f00bff2e84f9_synthetic_ring_6q_transpiler_37,teleport
leave_one_topology_out,4,oracle,458db1b65dc833bd8c659df2b45270528a8cfce8db05e426b8a2f00bff2e84f9_synthetic_ring_6q_transpiler_47,teleport
leave_one_topology_out,4,oracle,dabd84c4a3325ef21b50a394178e913fd5ef5dba3253c4dc929ef5785b340571_synthetic_ring_6q_transpiler_11,teleport
leave_one_topology_out,4,oracle,dabd84c4a3325ef21b50a394178e913fd5ef5dba3253c4dc929ef5785b340571_synthetic_ring_6q_transpiler_19,teleport
leave_one_topology_out,4,oracle,dabd84c4a3325ef21b50a394178e913fd5ef5dba3253c4dc929ef5785b340571_synthetic_ring_6q_transpiler_29,teleport
leave_one_topology_out,4,oracle,dabd84c4a3325ef21b50a394178e913fd5ef5dba3253c4dc929ef5785b340571_synthetic_ring_6q_transpiler_37,teleport
leave_one_topology_out,4,oracle,dabd84c4a3325ef21b50a394178e913fd5ef5dba3253c4dc929ef5785b340571_synthetic_ring_6q_transpiler_47,teleport
leave_one_topology_out,4,logistic,bc2d5292433dbd57457d4b8e18f32adf5b65f135ba9bc3522cd34066a6aaff03_synthetic_ring_6q_transpiler_11,teleport
leave_one_topology_out,4,logistic,bc2d5292433dbd57457d4b8e18f32adf5b65f135ba9bc3522cd34066a6aaff03_synthetic_ring_6q_transpiler_19,teleport
leave_one_topology_out,4,logistic,bc2d5292433dbd57457d4b8e18f32adf5b65f135ba9bc3522cd34066a6aaff03_synthetic_ring_6q_transpiler_29,teleport
leave_one_topology_out,4,logistic,bc2d5292433dbd57457d4b8e18f32adf5b65f135ba9bc3522cd34066a6aaff03_synthetic_ring_6q_transpiler_37,teleport
leave_one_topology_out,4,logistic,bc2d5292433dbd57457d4b8e18f32adf5b65f135ba9bc3522cd34066a6aaff03_synthetic_ring_6q_transpiler_47,teleport
leave_one_topology_out,4,logistic,458db1b65dc833bd8c659df2b45270528a8cfce8db05e426b8a2f00bff2e84f9_synthetic_ring_6q_transpiler_11,teleport
leave_one_topology_out,4,logistic,458db1b65dc833bd8c659df2b45270528a8cfce8db05e426b8a2f00bff2e84f9_synthetic_ring_6q_transpiler_19,teleport
leave_one_topology_out,4,logistic,458db1b65dc833bd8c659df2b45270528a8cfce8db05e426b8a2f00bff2e84f9_synthetic_ring_6q_transpiler_29,teleport
leave_one_topology_out,4,logistic,458db1b65dc833bd8c659df2b45270528a8cfce8db05e426b8a2f00bff2e84f9_synthetic_ring_6q_transpiler_37,teleport
leave_one_topology_out,4,logistic,458db1b65dc833bd8c659df2b45270528a8cfce8db05e426b8a2f00bff2e84f9_synthetic_ring_6q_transpiler_47,teleport
leave_one_topology_out,4,logistic,dabd84c4a3325ef21b50a394178e913fd5ef5dba3253c4dc929ef5785b340571_synthetic_ring_6q_transpiler_11,teleport
leave_one_topology_out,4,logistic,dabd84c4a3325ef21b50a394178e913fd5ef5dba3253c4dc929ef5785b340571_synthetic_ring_6q_transpiler_19,teleport
leave_one_topology_out,4,logistic,dabd84c4a3325ef21b50a394178e913fd5ef5dba3253c4dc929ef5785b340571_synthetic_ring_6q_transpiler_29,teleport
leave_one_topology_out,4,logistic,dabd84c4a3325ef21b50a394178e913fd5ef5dba3253c4dc929ef5785b340571_synthetic_ring_6q_transpiler_37,teleport
leave_one_topology_out,4,logistic,dabd84c4a3325ef21b50a394178e913fd5ef5dba3253c4dc929ef5785b340571_synthetic_ring_6q_transpiler_47,teleport
leave_one_topology_out,4,tree,bc2d5292433dbd57457d4b8e18f32adf5b65f135ba9bc3522cd34066a6aaff03_synthetic_ring_6q_transpiler_11,teleport
leave_one_topology_out,4,tree,bc2d5292433dbd57457d4b8e18f32adf5b65f135ba9bc3522cd34066a6aaff03_synthetic_ring_6q_transpiler_19,teleport
leave_one_topology_out,4,tree,bc2d5292433dbd57457d4b8e18f32adf5b65f135ba9bc3522cd34066a6aaff03_synthetic_ring_6q_transpiler_29,teleport
leave_one_topology_out,4,tree,bc2d5292433dbd57457d4b8e18f32adf5b65f135ba9bc3522cd34066a6aaff03_synthetic_ring_6q_transpiler_37,teleport
leave_one_topology_out,4,tree,bc2d5292433dbd57457d4b8e18f32adf5b65f135ba9bc3522cd34066a6aaff03_synthetic_ring_6q_transpiler_47,teleport
leave_one_topology_out,4,tree,458db1b65dc833bd8c659df2b45270528a8cfce8db05e426b8a2f00bff2e84f9_synthetic_ring_6q_transpiler_11,teleport
leave_one_topology_out,4,tree,458db1b65dc833bd8c659df2b45270528a8cfce8db05e426b8a2f00bff2e84f9_synthetic_ring_6q_transpiler_19,teleport
leave_one_topology_out,4,tree,458db1b65dc833bd8c659df2b45270528a8cfce8db05e426b8a2f00bff2e84f9_synthetic_ring_6q_transpiler_29,teleport
leave_one_topology_out,4,tree,458db1b65dc833bd8c659df2b45270528a8cfce8db05e426b8a2f00bff2e84f9_synthetic_ring_6q_transpiler_37,teleport
leave_one_topology_out,4,tree,458db1b65dc833bd8c659df2b45270528a8cfce8db05e426b8a2f00bff2e84f9_synthetic_ring_6q_transpiler_47,teleport
leave_one_topology_out,4,tree,dabd84c4a3325ef21b50a394178e913fd5ef5dba3253c4dc929ef5785b340571_synthetic_ring_6q_transpiler_11,teleport
leave_one_topology_out,4,tree,dabd84c4a3325ef21b50a394178e913fd5ef5dba3253c4dc929ef5785b340571_synthetic_ring_6q_transpiler_19,teleport
leave_one_topology_out,4,tree,dabd84c4a3325ef21b50a394178e913fd5ef5dba3253c4dc929ef5785b340571_synthetic_ring_6q_transpiler_29,teleport
leave_one_topology_out,4,tree,dabd84c4a3325ef21b50a394178e913fd5ef5dba3253c4dc929ef5785b340571_synthetic_ring_6q_transpiler_37,teleport
leave_one_topology_out,4,tree,dabd84c4a3325ef21b50a394178e913fd5ef5dba3253c4dc929ef5785b340571_synthetic_ring_6q_transpiler_47,teleport
leave_one_topology_out,4,forest_classifier,bc2d5292433dbd57457d4b8e18f32adf5b65f135ba9bc3522cd34066a6aaff03_synthetic_ring_6q_transpiler_11,teleport
leave_one_topology_out,4,forest_classifier,bc2d5292433dbd57457d4b8e18f32adf5b65f135ba9bc3522cd34066a6aaff03_synthetic_ring_6q_transpiler_19,teleport
leave_one_topology_out,4,forest_classifier,bc2d5292433dbd57457d4b8e18f32adf5b65f135ba9bc3522cd34066a6aaff03_synthetic_ring_6q_transpiler_29,teleport
leave_one_topology_out,4,forest_classifier,bc2d5292433dbd57457d4b8e18f32adf5b65f135ba9bc3522cd34066a6aaff03_synthetic_ring_6q_transpiler_37,teleport
leave_one_topology_out,4,forest_classifier,bc2d5292433dbd57457d4b8e18f32adf5b65f135ba9bc3522cd34066a6aaff03_synthetic_ring_6q_transpiler_47,teleport
leave_one_topology_out,4,forest_classifier,458db1b65dc833bd8c659df2b45270528a8cfce8db05e426b8a2f00bff2e84f9_synthetic_ring_6q_transpiler_11,teleport
leave_one_topology_out,4,forest_classifier,458db1b65dc833bd8c659df2b45270528a8cfce8db05e426b8a2f00bff2e84f9_synthetic_ring_6q_transpiler_19,teleport
leave_one_topology_out,4,forest_classifier,458db1b65dc833bd8c659df2b45270528a8cfce8db05e426b8a2f00bff2e84f9_synthetic_ring_6q_transpiler_29,teleport
leave_one_topology_out,4,forest_classifier,458db1b65dc833bd8c659df2b45270528a8cfce8db05e426b8a2f00bff2e84f9_synthetic_ring_6q_transpiler_37,teleport
leave_one_topology_out,4,forest_classifier,458db1b65dc833bd8c659df2b45270528a8cfce8db05e426b8a2f00bff2e84f9_synthetic_ring_6q_transpiler_47,teleport
leave_one_topology_out,4,forest_classifier,dabd84c4a3325ef21b50a394178e913fd5ef5dba3253c4dc929ef5785b340571_synthetic_ring_6q_transpiler_11,teleport
leave_one_topology_out,4,forest_classifier,dabd84c4a3325ef21b50a394178e913fd5ef5dba3253c4dc929ef5785b340571_synthetic_ring_6q_transpiler_19,teleport
leave_one_topology_out,4,forest_classifier,dabd84c4a3325ef21b50a394178e913fd5ef5dba3253c4dc929ef5785b340571_synthetic_ring_6q_transpiler_29,teleport
leave_one_topology_out,4,forest_classifier,dabd84c4a3325ef21b50a394178e913fd5ef5dba3253c4dc929ef5785b340571_synthetic_ring_6q_transpiler_37,teleport
leave_one_topology_out,4,forest_classifier,dabd84c4a3325ef21b50a394178e913fd5ef5dba3253c4dc929ef5785b340571_synthetic_ring_6q_transpiler_47,teleport
leave_one_topology_out,4,forest_delta_regressor,bc2d5292433dbd57457d4b8e18f32adf5b65f135ba9bc3522cd34066a6aaff03_synthetic_ring_6q_transpiler_11,teleport
leave_one_topology_out,4,forest_delta_regressor,bc2d5292433dbd57457d4b8e18f32adf5b65f135ba9bc3522cd34066a6aaff03_synthetic_ring_6q_transpiler_19,teleport
leave_one_topology_out,4,forest_delta_regressor,bc2d5292433dbd57457d4b8e18f32adf5b65f135ba9bc3522cd34066a6aaff03_synthetic_ring_6q_transpiler_29,teleport
leave_one_topology_out,4,forest_delta_regressor,bc2d5292433dbd57457d4b8e18f32adf5b65f135ba9bc3522cd34066a6aaff03_synthetic_ring_6q_transpiler_37,teleport
leave_one_topology_out,4,forest_delta_regressor,bc2d5292433dbd57457d4b8e18f32adf5b65f135ba9bc3522cd34066a6aaff03_synthetic_ring_6q_transpiler_47,teleport
leave_one_topology_out,4,forest_delta_regressor,458db1b65dc833bd8c659df2b45270528a8cfce8db05e426b8a2f00bff2e84f9_synthetic_ring_6q_transpiler_11,teleport
leave_one_topology_out,4,forest_delta_regressor,458db1b65dc833bd8c659df2b45270528a8cfce8db05e426b8a2f00bff2e84f9_synthetic_ring_6q_transpiler_19,teleport
leave_one_topology_out,4,forest_delta_regressor,458db1b65dc833bd8c659df2b45270528a8cfce8db05e426b8a2f00bff2e84f9_synthetic_ring_6q_transpiler_29,teleport
leave_one_topology_out,4,forest_delta_regressor,458db1b65dc833bd8c659df2b45270528a8cfce8db05e426b8a2f00bff2e84f9_synthetic_ring_6q_transpiler_37,teleport
leave_one_topology_out,4,forest_delta_regressor,458db1b65dc833bd8c659df2b45270528a8cfce8db05e426b8a2f00bff2e84f9_synthetic_ring_6q_transpiler_47,teleport
leave_one_topology_out,4,forest_delta_regressor,dabd84c4a3325ef21b50a394178e913fd5ef5dba3253c4dc929ef5785b340571_synthetic_ring_6q_transpiler_11,teleport
leave_one_topology_out,4,forest_delta_regressor,dabd84c4a3325ef21b50a394178e913fd5ef5dba3253c4dc929ef5785b340571_synthetic_ring_6q_transpiler_19,teleport
leave_one_topology_out,4,forest_delta_regressor,dabd84c4a3325ef21b50a394178e913fd5ef5dba3253c4dc929ef5785b340571_synthetic_ring_6q_transpiler_29,teleport
leave_one_topology_out,4,forest_delta_regressor,dabd84c4a3325ef21b50a394178e913fd5ef5dba3253c4dc929ef5785b340571_synthetic_ring_6q_transpiler_37,teleport
leave_one_topology_out,4,forest_delta_regressor,dabd84c4a3325ef21b50a394178e913fd5ef5dba3253c4dc929ef5785b340571_synthetic_ring_6q_transpiler_47,teleport
leave_one_ordering_out,0,always_basic,2db9eba90ba8cd0954c12783101856a28b9a2dc7771ca234eecefcf2689ef643_synthetic_line_6q_favorable_11,basic
leave_one_ordering_out,0,always_basic,2db9eba90ba8cd0954c12783101856a28b9a2dc7771ca234eecefcf2689ef643_synthetic_line_6q_favorable_19,basic
leave_one_ordering_out,0,always_basic,2db9eba90ba8cd0954c12783101856a28b9a2dc7771ca234eecefcf2689ef643_synthetic_line_6q_favorable_29,basic
leave_one_ordering_out,0,always_basic,2db9eba90ba8cd0954c12783101856a28b9a2dc7771ca234eecefcf2689ef643_synthetic_line_6q_favorable_37,basic
leave_one_ordering_out,0,always_basic,2db9eba90ba8cd0954c12783101856a28b9a2dc7771ca234eecefcf2689ef643_synthetic_line_6q_favorable_47,basic
leave_one_ordering_out,0,always_basic,667e3a1f084c4e2a3fcd2b6479ca873f035a167fe6bd3dac4cd548625d204592_synthetic_line_6q_spread_11,basic
leave_one_ordering_out,0,always_basic,667e3a1f084c4e2a3fcd2b6479ca873f035a167fe6bd3dac4cd548625d204592_synthetic_line_6q_spread_19,basic
leave_one_ordering_out,0,always_basic,667e3a1f084c4e2a3fcd2b6479ca873f035a167fe6bd3dac4cd548625d204592_synthetic_line_6q_spread_29,basic
leave_one_ordering_out,0,always_basic,667e3a1f084c4e2a3fcd2b6479ca873f035a167fe6bd3dac4cd548625d204592_synthetic_line_6q_spread_37,basic
leave_one_ordering_out,0,always_basic,667e3a1f084c4e2a3fcd2b6479ca873f035a167fe6bd3dac4cd548625d204592_synthetic_line_6q_spread_47,basic
leave_one_ordering_out,0,always_basic,bc2d5292433dbd57457d4b8e18f32adf5b65f135ba9bc3522cd34066a6aaff03_synthetic_ring_6q_transpiler_11,basic
leave_one_ordering_out,0,always_basic,bc2d5292433dbd57457d4b8e18f32adf5b65f135ba9bc3522cd34066a6aaff03_synthetic_ring_6q_transpiler_19,basic
leave_one_ordering_out,0,always_basic,bc2d5292433dbd57457d4b8e18f32adf5b65f135ba9bc3522cd34066a6aaff03_synthetic_ring_6q_transpiler_29,basic
leave_one_ordering_out,0,always_basic,bc2d5292433dbd57457d4b8e18f32adf5b65f135ba9bc3522cd34066a6aaff03_synthetic_ring_6q_transpiler_37,basic
leave_one_ordering_out,0,always_basic,bc2d5292433dbd57457d4b8e18f32adf5b65f135ba9bc3522cd34066a6aaff03_synthetic_ring_6q_transpiler_47,basic
leave_one_ordering_out,0,always_basic,0fc28dc35599b93623d9613d500225976d3b315fe307e512a0db8d51410569b8_synthetic_grid_6q_transpiler_11,basic
leave_one_ordering_out,0,always_basic,0fc28dc35599b93623d9613d500225976d3b315fe307e512a0db8d51410569b8_synthetic_grid_6q_transpiler_19,basic
leave_one_ordering_out,0,always_basic,0fc28dc35599b93623d9613d500225976d3b315fe307e512a0db8d51410569b8_synthetic_grid_6q_transpiler_29,basic
leave_one_ordering_out,0,always_basic,0fc28dc35599b93623d9613d500225976d3b315fe307e512a0db8d51410569b8_synthetic_grid_6q_transpiler_37,basic
leave_one_ordering_out,0,always_basic,0fc28dc35599b93623d9613d500225976d3b315fe307e512a0db8d51410569b8_synthetic_grid_6q_transpiler_47,basic
leave_one_ordering_out,0,always_basic,72b1038facc288285e2702246aec8cb5a5d554250f6dd4647e31f249d53e1c38_synthetic_irregular_7q_spread_11,basic
leave_one_ordering_out,0,always_basic,72b1038facc288285e2702246aec8cb5a5d554250f6dd4647e31f249d53e1c38_synthetic_irregular_7q_spread_19,basic
leave_one_ordering_out,0,always_basic,72b1038facc288285e2702246aec8cb5a5d554250f6dd4647e31f249d53e1c38_synthetic_irregular_7q_spread_29,basic
leave_one_ordering_out,0,always_basic,72b1038facc288285e2702246aec8cb5a5d554250f6dd4647e31f249d53e1c38_synthetic_irregular_7q_spread_37,basic
leave_one_ordering_out,0,always_basic,72b1038facc288285e2702246aec8cb5a5d554250f6dd4647e31f249d53e1c38_synthetic_irregular_7q_spread_47,basic
leave_one_ordering_out,0,always_basic,458db1b65dc833bd8c659df2b45270528a8cfce8db05e426b8a2f00bff2e84f9_synthetic_ring_6q_transpiler_11,basic
leave_one_ordering_out,0,always_basic,458db1b65dc833bd8c659df2b45270528a8cfce8db05e426b8a2f00bff2e84f9_synthetic_ring_6q_transpiler_19,basic
leave_one_ordering_out,0,always_basic,458db1b65dc833bd8c659df2b45270528a8cfce8db05e426b8a2f00bff2e84f9_synthetic_ring_6q_transpiler_29,basic
leave_one_ordering_out,0,always_basic,458db1b65dc833bd8c659df2b45270528a8cfce8db05e426b8a2f00bff2e84f9_synthetic_ring_6q_transpiler_37,basic
leave_one_ordering_out,0,always_basic,458db1b65dc833bd8c659df2b45270528a8cfce8db05e426b8a2f00bff2e84f9_synthetic_ring_6q_transpiler_47,basic
leave_one_ordering_out,0,always_basic,8a9838b475d9bb5d15c2324d44b159fb5c192b8a4ea7b71bf432d0ede311ee02_synthetic_grid_6q_transpiler_11,basic
leave_one_ordering_out,0,always_basic,8a9838b475d9bb5d15c2324d44b159fb5c192b8a4ea7b71bf432d0ede311ee02_synthetic_grid_6q_transpiler_19,basic
leave_one_ordering_out,0,always_basic,8a9838b475d9bb5d15c2324d44b159fb5c192b8a4ea7b71bf432d0ede311ee02_synthetic_grid_6q_transpiler_29,basic
leave_one_ordering_out,0,always_basic,8a9838b475d9bb5d15c2324d44b159fb5c192b8a4ea7b71bf432d0ede311ee02_synthetic_grid_6q_transpiler_37,basic
leave_one_ordering_out,0,always_basic,8a9838b475d9bb5d15c2324d44b159fb5c192b8a4ea7b71bf432d0ede311ee02_synthetic_grid_6q_transpiler_47,basic
leave_one_ordering_out,0,always_basic,11917b6d9db4ec58f18384b3e34529b1823f5609fb71679e29b7f5856b29e04b_synthetic_grid_8q_transpiler_11,basic
leave_one_ordering_out,0,always_basic,11917b6d9db4ec58f18384b3e34529b1823f5609fb71679e29b7f5856b29e04b_synthetic_grid_8q_transpiler_19,basic
leave_one_ordering_out,0,always_basic,11917b6d9db4ec58f18384b3e34529b1823f5609fb71679e29b7f5856b29e04b_synthetic_grid_8q_transpiler_29,basic
leave_one_ordering_out,0,always_basic,11917b6d9db4ec58f18384b3e34529b1823f5609fb71679e29b7f5856b29e04b_synthetic_grid_8q_transpiler_37,basic
leave_one_ordering_out,0,always_basic,11917b6d9db4ec58f18384b3e34529b1823f5609fb71679e29b7f5856b29e04b_synthetic_grid_8q_transpiler_47,basic
leave_one_ordering_out,0,always_basic,1c000dbb03545990843f258f2cd99e62a98221c482c76d7c86deb19993107e91_synthetic_grid_8q_transpiler_11,basic
leave_one_ordering_out,0,always_basic,1c000dbb03545990843f258f2cd99e62a98221c482c76d7c86deb19993107e91_synthetic_grid_8q_transpiler_19,basic
leave_one_ordering_out,0,always_basic,1c000dbb03545990843f258f2cd99e62a98221c482c76d7c86deb19993107e91_synthetic_grid_8q_transpiler_29,basic
leave_one_ordering_out,0,always_basic,1c000dbb03545990843f258f2cd99e62a98221c482c76d7c86deb19993107e91_synthetic_grid_8q_transpiler_37,basic
leave_one_ordering_out,0,always_basic,1c000dbb03545990843f258f2cd99e62a98221c482c76d7c86deb19993107e91_synthetic_grid_8q_transpiler_47,basic
leave_one_ordering_out,0,always_teleport,2db9eba90ba8cd0954c12783101856a28b9a2dc7771ca234eecefcf2689ef643_synthetic_line_6q_favorable_11,teleport
leave_one_ordering_out,0,always_teleport,2db9eba90ba8cd0954c12783101856a28b9a2dc7771ca234eecefcf2689ef643_synthetic_line_6q_favorable_19,teleport
leave_one_ordering_out,0,always_teleport,2db9eba90ba8cd0954c12783101856a28b9a2dc7771ca234eecefcf2689ef643_synthetic_line_6q_favorable_29,teleport
leave_one_ordering_out,0,always_teleport,2db9eba90ba8cd0954c12783101856a28b9a2dc7771ca234eecefcf2689ef643_synthetic_line_6q_favorable_37,teleport
leave_one_ordering_out,0,always_teleport,2db9eba90ba8cd0954c12783101856a28b9a2dc7771ca234eecefcf2689ef643_synthetic_line_6q_favorable_47,teleport
leave_one_ordering_out,0,always_teleport,667e3a1f084c4e2a3fcd2b6479ca873f035a167fe6bd3dac4cd548625d204592_synthetic_line_6q_spread_11,teleport
leave_one_ordering_out,0,always_teleport,667e3a1f084c4e2a3fcd2b6479ca873f035a167fe6bd3dac4cd548625d204592_synthetic_line_6q_spread_19,teleport
leave_one_ordering_out,0,always_teleport,667e3a1f084c4e2a3fcd2b6479ca873f035a167fe6bd3dac4cd548625d204592_synthetic_line_6q_spread_29,teleport
leave_one_ordering_out,0,always_teleport,667e3a1f084c4e2a3fcd2b6479ca873f035a167fe6bd3dac4cd548625d204592_synthetic_line_6q_spread_37,teleport
leave_one_ordering_out,0,always_teleport,667e3a1f084c4e2a3fcd2b6479ca873f035a167fe6bd3dac4cd548625d204592_synthetic_line_6q_spread_47,teleport
leave_one_ordering_out,0,always_teleport,bc2d5292433dbd57457d4b8e18f32adf5b65f135ba9bc3522cd34066a6aaff03_synthetic_ring_6q_transpiler_11,teleport
leave_one_ordering_out,0,always_teleport,bc2d5292433dbd57457d4b8e18f32adf5b65f135ba9bc3522cd34066a6aaff03_synthetic_ring_6q_transpiler_19,teleport
leave_one_ordering_out,0,always_teleport,bc2d5292433dbd57457d4b8e18f32adf5b65f135ba9bc3522cd34066a6aaff03_synthetic_ring_6q_transpiler_29,teleport
leave_one_ordering_out,0,always_teleport,bc2d5292433dbd57457d4b8e18f32adf5b65f135ba9bc3522cd34066a6aaff03_synthetic_ring_6q_transpiler_37,teleport
leave_one_ordering_out,0,always_teleport,bc2d5292433dbd57457d4b8e18f32adf5b65f135ba9bc3522cd34066a6aaff03_synthetic_ring_6q_transpiler_47,teleport
leave_one_ordering_out,0,always_teleport,0fc28dc35599b93623d9613d500225976d3b315fe307e512a0db8d51410569b8_synthetic_grid_6q_transpiler_11,teleport
leave_one_ordering_out,0,always_teleport,0fc28dc35599b93623d9613d500225976d3b315fe307e512a0db8d51410569b8_synthetic_grid_6q_transpiler_19,teleport
leave_one_ordering_out,0,always_teleport,0fc28dc35599b93623d9613d500225976d3b315fe307e512a0db8d51410569b8_synthetic_grid_6q_transpiler_29,teleport
leave_one_ordering_out,0,always_teleport,0fc28dc35599b93623d9613d500225976d3b315fe307e512a0db8d51410569b8_synthetic_grid_6q_transpiler_37,teleport
leave_one_ordering_out,0,always_teleport,0fc28dc35599b93623d9613d500225976d3b315fe307e512a0db8d51410569b8_synthetic_grid_6q_transpiler_47,teleport
leave_one_ordering_out,0,always_teleport,72b1038facc288285e2702246aec8cb5a5d554250f6dd4647e31f249d53e1c38_synthetic_irregular_7q_spread_11,teleport
leave_one_ordering_out,0,always_teleport,72b1038facc288285e2702246aec8cb5a5d554250f6dd4647e31f249d53e1c38_synthetic_irregular_7q_spread_19,teleport
leave_one_ordering_out,0,always_teleport,72b1038facc288285e2702246aec8cb5a5d554250f6dd4647e31f249d53e1c38_synthetic_irregular_7q_spread_29,teleport
leave_one_ordering_out,0,always_teleport,72b1038facc288285e2702246aec8cb5a5d554250f6dd4647e31f249d53e1c38_synthetic_irregular_7q_spread_37,teleport
leave_one_ordering_out,0,always_teleport,72b1038facc288285e2702246aec8cb5a5d554250f6dd4647e31f249d53e1c38_synthetic_irregular_7q_spread_47,teleport
leave_one_ordering_out,0,always_teleport,458db1b65dc833bd8c659df2b45270528a8cfce8db05e426b8a2f00bff2e84f9_synthetic_ring_6q_transpiler_11,teleport
leave_one_ordering_out,0,always_teleport,458db1b65dc833bd8c659df2b45270528a8cfce8db05e426b8a2f00bff2e84f9_synthetic_ring_6q_transpiler_19,teleport
leave_one_ordering_out,0,always_teleport,458db1b65dc833bd8c659df2b45270528a8cfce8db05e426b8a2f00bff2e84f9_synthetic_ring_6q_transpiler_29,teleport
leave_one_ordering_out,0,always_teleport,458db1b65dc833bd8c659df2b45270528a8cfce8db05e426b8a2f00bff2e84f9_synthetic_ring_6q_transpiler_37,teleport
leave_one_ordering_out,0,always_teleport,458db1b65dc833bd8c659df2b45270528a8cfce8db05e426b8a2f00bff2e84f9_synthetic_ring_6q_transpiler_47,teleport
leave_one_ordering_out,0,always_teleport,8a9838b475d9bb5d15c2324d44b159fb5c192b8a4ea7b71bf432d0ede311ee02_synthetic_grid_6q_transpiler_11,teleport
leave_one_ordering_out,0,always_teleport,8a9838b475d9bb5d15c2324d44b159fb5c192b8a4ea7b71bf432d0ede311ee02_synthetic_grid_6q_transpiler_19,teleport
leave_one_ordering_out,0,always_teleport,8a9838b475d9bb5d15c2324d44b159fb5c192b8a4ea7b71bf432d0ede311ee02_synthetic_grid_6q_transpiler_29,teleport
leave_one_ordering_out,0,always_teleport,8a9838b475d9bb5d15c2324d44b159fb5c192b8a4ea7b71bf432d0ede311ee02_synthetic_grid_6q_transpiler_37,teleport
leave_one_ordering_out,0,always_teleport,8a9838b475d9bb5d15c2324d44b159fb5c192b8a4ea7b71bf432d0ede311ee02_synthetic_grid_6q_transpiler_47,teleport
leave_one_ordering_out,0,always_teleport,11917b6d9db4ec58f18384b3e34529b1823f5609fb71679e29b7f5856b29e04b_synthetic_grid_8q_transpiler_11,teleport
leave_one_ordering_out,0,always_teleport,11917b6d9db4ec58f18384b3e34529b1823f5609fb71679e29b7f5856b29e04b_synthetic_grid_8q_transpiler_19,teleport
leave_one_ordering_out,0,always_teleport,11917b6d9db4ec58f18384b3e34529b1823f5609fb71679e29b7f5856b29e04b_synthetic_grid_8q_transpiler_29,teleport
leave_one_ordering_out,0,always_teleport,11917b6d9db4ec58f18384b3e34529b1823f5609fb71679e29b7f5856b29e04b_synthetic_grid_8q_transpiler_37,teleport
leave_one_ordering_out,0,always_teleport,11917b6d9db4ec58f18384b3e34529b1823f5609fb71679e29b7f5856b29e04b_synthetic_grid_8q_transpiler_47,teleport
leave_one_ordering_out,0,always_teleport,1c000dbb03545990843f258f2cd99e62a98221c482c76d7c86deb19993107e91_synthetic_grid_8q_transpiler_11,teleport
leave_one_ordering_out,0,always_teleport,1c000dbb03545990843f258f2cd99e62a98221c482c76d7c86deb19993107e91_synthetic_grid_8q_transpiler_19,teleport
leave_one_ordering_out,0,always_teleport,1c000dbb03545990843f258f2cd99e62a98221c482c76d7c86deb19993107e91_synthetic_grid_8q_transpiler_29,teleport
leave_one_ordering_out,0,always_teleport,1c000dbb03545990843f258f2cd99e62a98221c482c76d7c86deb19993107e91_synthetic_grid_8q_transpiler_37,teleport
leave_one_ordering_out,0,always_teleport,1c000dbb03545990843f258f2cd99e62a98221c482c76d7c86deb19993107e91_synthetic_grid_8q_transpiler_47,teleport
leave_one_ordering_out,0,majority,2db9eba90ba8cd0954c12783101856a28b9a2dc7771ca234eecefcf2689ef643_synthetic_line_6q_favorable_11,teleport
leave_one_ordering_out,0,majority,2db9eba90ba8cd0954c12783101856a28b9a2dc7771ca234eecefcf2689ef643_synthetic_line_6q_favorable_19,teleport
leave_one_ordering_out,0,majority,2db9eba90ba8cd0954c12783101856a28b9a2dc7771ca234eecefcf2689ef643_synthetic_line_6q_favorable_29,teleport
leave_one_ordering_out,0,majority,2db9eba90ba8cd0954c12783101856a28b9a2dc7771ca234eecefcf2689ef643_synthetic_line_6q_favorable_37,teleport
leave_one_ordering_out,0,majority,2db9eba90ba8cd0954c12783101856a28b9a2dc7771ca234eecefcf2689ef643_synthetic_line_6q_favorable_47,teleport
leave_one_ordering_out,0,majority,667e3a1f084c4e2a3fcd2b6479ca873f035a167fe6bd3dac4cd548625d204592_synthetic_line_6q_spread_11,teleport
leave_one_ordering_out,0,majority,667e3a1f084c4e2a3fcd2b6479ca873f035a167fe6bd3dac4cd548625d204592_synthetic_line_6q_spread_19,teleport
leave_one_ordering_out,0,majority,667e3a1f084c4e2a3fcd2b6479ca873f035a167fe6bd3dac4cd548625d204592_synthetic_line_6q_spread_29,teleport
leave_one_ordering_out,0,majority,667e3a1f084c4e2a3fcd2b6479ca873f035a167fe6bd3dac4cd548625d204592_synthetic_line_6q_spread_37,teleport
leave_one_ordering_out,0,majority,667e3a1f084c4e2a3fcd2b6479ca873f035a167fe6bd3dac4cd548625d204592_synthetic_line_6q_spread_47,teleport
leave_one_ordering_out,0,majority,bc2d5292433dbd57457d4b8e18f32adf5b65f135ba9bc3522cd34066a6aaff03_synthetic_ring_6q_transpiler_11,teleport
leave_one_ordering_out,0,majority,bc2d5292433dbd57457d4b8e18f32adf5b65f135ba9bc3522cd34066a6aaff03_synthetic_ring_6q_transpiler_19,teleport
leave_one_ordering_out,0,majority,bc2d5292433dbd57457d4b8e18f32adf5b65f135ba9bc3522cd34066a6aaff03_synthetic_ring_6q_transpiler_29,teleport
leave_one_ordering_out,0,majority,bc2d5292433dbd57457d4b8e18f32adf5b65f135ba9bc3522cd34066a6aaff03_synthetic_ring_6q_transpiler_37,teleport
leave_one_ordering_out,0,majority,bc2d5292433dbd57457d4b8e18f32adf5b65f135ba9bc3522cd34066a6aaff03_synthetic_ring_6q_transpiler_47,teleport
leave_one_ordering_out,0,majority,0fc28dc35599b93623d9613d500225976d3b315fe307e512a0db8d51410569b8_synthetic_grid_6q_transpiler_11,teleport
leave_one_ordering_out,0,majority,0fc28dc35599b93623d9613d500225976d3b315fe307e512a0db8d51410569b8_synthetic_grid_6q_transpiler_19,teleport
leave_one_ordering_out,0,majority,0fc28dc35599b93623d9613d500225976d3b315fe307e512a0db8d51410569b8_synthetic_grid_6q_transpiler_29,teleport
leave_one_ordering_out,0,majority,0fc28dc35599b93623d9613d500225976d3b315fe307e512a0db8d51410569b8_synthetic_grid_6q_transpiler_37,teleport
leave_one_ordering_out,0,majority,0fc28dc35599b93623d9613d500225976d3b315fe307e512a0db8d51410569b8_synthetic_grid_6q_transpiler_47,teleport
leave_one_ordering_out,0,majority,72b1038facc288285e2702246aec8cb5a5d554250f6dd4647e31f249d53e1c38_synthetic_irregular_7q_spread_11,teleport
leave_one_ordering_out,0,majority,72b1038facc288285e2702246aec8cb5a5d554250f6dd4647e31f249d53e1c38_synthetic_irregular_7q_spread_19,teleport
leave_one_ordering_out,0,majority,72b1038facc288285e2702246aec8cb5a5d554250f6dd4647e31f249d53e1c38_synthetic_irregular_7q_spread_29,teleport
leave_one_ordering_out,0,majority,72b1038facc288285e2702246aec8cb5a5d554250f6dd4647e31f249d53e1c38_synthetic_irregular_7q_spread_37,teleport
leave_one_ordering_out,0,majority,72b1038facc288285e2702246aec8cb5a5d554250f6dd4647e31f249d53e1c38_synthetic_irregular_7q_spread_47,teleport
leave_one_ordering_out,0,majority,458db1b65dc833bd8c659df2b45270528a8cfce8db05e426b8a2f00bff2e84f9_synthetic_ring_6q_transpiler_11,teleport
leave_one_ordering_out,0,majority,458db1b65dc833bd8c659df2b45270528a8cfce8db05e426b8a2f00bff2e84f9_synthetic_ring_6q_transpiler_19,teleport
leave_one_ordering_out,0,majority,458db1b65dc833bd8c659df2b45270528a8cfce8db05e426b8a2f00bff2e84f9_synthetic_ring_6q_transpiler_29,teleport
leave_one_ordering_out,0,majority,458db1b65dc833bd8c659df2b45270528a8cfce8db05e426b8a2f00bff2e84f9_synthetic_ring_6q_transpiler_37,teleport
leave_one_ordering_out,0,majority,458db1b65dc833bd8c659df2b45270528a8cfce8db05e426b8a2f00bff2e84f9_synthetic_ring_6q_transpiler_47,teleport
leave_one_ordering_out,0,majority,8a9838b475d9bb5d15c2324d44b159fb5c192b8a4ea7b71bf432d0ede311ee02_synthetic_grid_6q_transpiler_11,teleport
leave_one_ordering_out,0,majority,8a9838b475d9bb5d15c2324d44b159fb5c192b8a4ea7b71bf432d0ede311ee02_synthetic_grid_6q_transpiler_19,teleport
leave_one_ordering_out,0,majority,8a9838b475d9bb5d15c2324d44b159fb5c192b8a4ea7b71bf432d0ede311ee02_synthetic_grid_6q_transpiler_29,teleport
leave_one_ordering_out,0,majority,8a9838b475d9bb5d15c2324d44b159fb5c192b8a4ea7b71bf432d0ede311ee02_synthetic_grid_6q_transpiler_37,teleport
leave_one_ordering_out,0,majority,8a9838b475d9bb5d15c2324d44b159fb5c192b8a4ea7b71bf432d0ede311ee02_synthetic_grid_6q_transpiler_47,teleport
leave_one_ordering_out,0,majority,11917b6d9db4ec58f18384b3e34529b1823f5609fb71679e29b7f5856b29e04b_synthetic_grid_8q_transpiler_11,teleport
leave_one_ordering_out,0,majority,11917b6d9db4ec58f18384b3e34529b1823f5609fb71679e29b7f5856b29e04b_synthetic_grid_8q_transpiler_19,teleport
leave_one_ordering_out,0,majority,11917b6d9db4ec58f18384b3e34529b1823f5609fb71679e29b7f5856b29e04b_synthetic_grid_8q_transpiler_29,teleport
leave_one_ordering_out,0,majority,11917b6d9db4ec58f18384b3e34529b1823f5609fb71679e29b7f5856b29e04b_synthetic_grid_8q_transpiler_37,teleport
leave_one_ordering_out,0,majority,11917b6d9db4ec58f18384b3e34529b1823f5609fb71679e29b7f5856b29e04b_synthetic_grid_8q_transpiler_47,teleport
leave_one_ordering_out,0,majority,1c000dbb03545990843f258f2cd99e62a98221c482c76d7c86deb19993107e91_synthetic_grid_8q_transpiler_11,teleport
leave_one_ordering_out,0,majority,1c000dbb03545990843f258f2cd99e62a98221c482c76d7c86deb19993107e91_synthetic_grid_8q_transpiler_19,teleport
leave_one_ordering_out,0,majority,1c000dbb03545990843f258f2cd99e62a98221c482c76d7c86deb19993107e91_synthetic_grid_8q_transpiler_29,teleport
leave_one_ordering_out,0,majority,1c000dbb03545990843f258f2cd99e62a98221c482c76d7c86deb19993107e91_synthetic_grid_8q_transpiler_37,teleport
leave_one_ordering_out,0,majority,1c000dbb03545990843f258f2cd99e62a98221c482c76d7c86deb19993107e91_synthetic_grid_8q_transpiler_47,teleport
leave_one_ordering_out,0,frozen_rule,2db9eba90ba8cd0954c12783101856a28b9a2dc7771ca234eecefcf2689ef643_synthetic_line_6q_favorable_11,teleport
leave_one_ordering_out,0,frozen_rule,2db9eba90ba8cd0954c12783101856a28b9a2dc7771ca234eecefcf2689ef643_synthetic_line_6q_favorable_19,teleport
leave_one_ordering_out,0,frozen_rule,2db9eba90ba8cd0954c12783101856a28b9a2dc7771ca234eecefcf2689ef643_synthetic_line_6q_favorable_29,teleport
leave_one_ordering_out,0,frozen_rule,2db9eba90ba8cd0954c12783101856a28b9a2dc7771ca234eecefcf2689ef643_synthetic_line_6q_favorable_37,teleport
leave_one_ordering_out,0,frozen_rule,2db9eba90ba8cd0954c12783101856a28b9a2dc7771ca234eecefcf2689ef643_synthetic_line_6q_favorable_47,teleport
leave_one_ordering_out,0,frozen_rule,667e3a1f084c4e2a3fcd2b6479ca873f035a167fe6bd3dac4cd548625d204592_synthetic_line_6q_spread_11,teleport
leave_one_ordering_out,0,frozen_rule,667e3a1f084c4e2a3fcd2b6479ca873f035a167fe6bd3dac4cd548625d204592_synthetic_line_6q_spread_19,teleport
leave_one_ordering_out,0,frozen_rule,667e3a1f084c4e2a3fcd2b6479ca873f035a167fe6bd3dac4cd548625d204592_synthetic_line_6q_spread_29,teleport
leave_one_ordering_out,0,frozen_rule,667e3a1f084c4e2a3fcd2b6479ca873f035a167fe6bd3dac4cd548625d204592_synthetic_line_6q_spread_37,teleport
leave_one_ordering_out,0,frozen_rule,667e3a1f084c4e2a3fcd2b6479ca873f035a167fe6bd3dac4cd548625d204592_synthetic_line_6q_spread_47,teleport
leave_one_ordering_out,0,frozen_rule,bc2d5292433dbd57457d4b8e18f32adf5b65f135ba9bc3522cd34066a6aaff03_synthetic_ring_6q_transpiler_11,teleport
leave_one_ordering_out,0,frozen_rule,bc2d5292433dbd57457d4b8e18f32adf5b65f135ba9bc3522cd34066a6aaff03_synthetic_ring_6q_transpiler_19,teleport
leave_one_ordering_out,0,frozen_rule,bc2d5292433dbd57457d4b8e18f32adf5b65f135ba9bc3522cd34066a6aaff03_synthetic_ring_6q_transpiler_29,teleport
leave_one_ordering_out,0,frozen_rule,bc2d5292433dbd57457d4b8e18f32adf5b65f135ba9bc3522cd34066a6aaff03_synthetic_ring_6q_transpiler_37,teleport
leave_one_ordering_out,0,frozen_rule,bc2d5292433dbd57457d4b8e18f32adf5b65f135ba9bc3522cd34066a6aaff03_synthetic_ring_6q_transpiler_47,teleport
leave_one_ordering_out,0,frozen_rule,0fc28dc35599b93623d9613d500225976d3b315fe307e512a0db8d51410569b8_synthetic_grid_6q_transpiler_11,teleport
leave_one_ordering_out,0,frozen_rule,0fc28dc35599b93623d9613d500225976d3b315fe307e512a0db8d51410569b8_synthetic_grid_6q_transpiler_19,teleport
leave_one_ordering_out,0,frozen_rule,0fc28dc35599b93623d9613d500225976d3b315fe307e512a0db8d51410569b8_synthetic_grid_6q_transpiler_29,teleport
leave_one_ordering_out,0,frozen_rule,0fc28dc35599b93623d9613d500225976d3b315fe307e512a0db8d51410569b8_synthetic_grid_6q_transpiler_37,teleport
leave_one_ordering_out,0,frozen_rule,0fc28dc35599b93623d9613d500225976d3b315fe307e512a0db8d51410569b8_synthetic_grid_6q_transpiler_47,teleport
leave_one_ordering_out,0,frozen_rule,72b1038facc288285e2702246aec8cb5a5d554250f6dd4647e31f249d53e1c38_synthetic_irregular_7q_spread_11,teleport
leave_one_ordering_out,0,frozen_rule,72b1038facc288285e2702246aec8cb5a5d554250f6dd4647e31f249d53e1c38_synthetic_irregular_7q_spread_19,teleport
leave_one_ordering_out,0,frozen_rule,72b1038facc288285e2702246aec8cb5a5d554250f6dd4647e31f249d53e1c38_synthetic_irregular_7q_spread_29,teleport
leave_one_ordering_out,0,frozen_rule,72b1038facc288285e2702246aec8cb5a5d554250f6dd4647e31f249d53e1c38_synthetic_irregular_7q_spread_37,teleport
leave_one_ordering_out,0,frozen_rule,72b1038facc288285e2702246aec8cb5a5d554250f6dd4647e31f249d53e1c38_synthetic_irregular_7q_spread_47,teleport
leave_one_ordering_out,0,frozen_rule,458db1b65dc833bd8c659df2b45270528a8cfce8db05e426b8a2f00bff2e84f9_synthetic_ring_6q_transpiler_11,basic
leave_one_ordering_out,0,frozen_rule,458db1b65dc833bd8c659df2b45270528a8cfce8db05e426b8a2f00bff2e84f9_synthetic_ring_6q_transpiler_19,basic
leave_one_ordering_out,0,frozen_rule,458db1b65dc833bd8c659df2b45270528a8cfce8db05e426b8a2f00bff2e84f9_synthetic_ring_6q_transpiler_29,basic
leave_one_ordering_out,0,frozen_rule,458db1b65dc833bd8c659df2b45270528a8cfce8db05e426b8a2f00bff2e84f9_synthetic_ring_6q_transpiler_37,basic
leave_one_ordering_out,0,frozen_rule,458db1b65dc833bd8c659df2b45270528a8cfce8db05e426b8a2f00bff2e84f9_synthetic_ring_6q_transpiler_47,basic
leave_one_ordering_out,0,frozen_rule,8a9838b475d9bb5d15c2324d44b159fb5c192b8a4ea7b71bf432d0ede311ee02_synthetic_grid_6q_transpiler_11,basic
leave_one_ordering_out,0,frozen_rule,8a9838b475d9bb5d15c2324d44b159fb5c192b8a4ea7b71bf432d0ede311ee02_synthetic_grid_6q_transpiler_19,basic
leave_one_ordering_out,0,frozen_rule,8a9838b475d9bb5d15c2324d44b159fb5c192b8a4ea7b71bf432d0ede311ee02_synthetic_grid_6q_transpiler_29,basic
leave_one_ordering_out,0,frozen_rule,8a9838b475d9bb5d15c2324d44b159fb5c192b8a4ea7b71bf432d0ede311ee02_synthetic_grid_6q_transpiler_37,basic
leave_one_ordering_out,0,frozen_rule,8a9838b475d9bb5d15c2324d44b159fb5c192b8a4ea7b71bf432d0ede311ee02_synthetic_grid_6q_transpiler_47,basic
leave_one_ordering_out,0,frozen_rule,11917b6d9db4ec58f18384b3e34529b1823f5609fb71679e29b7f5856b29e04b_synthetic_grid_8q_transpiler_11,basic
leave_one_ordering_out,0,frozen_rule,11917b6d9db4ec58f18384b3e34529b1823f5609fb71679e29b7f5856b29e04b_synthetic_grid_8q_transpiler_19,basic
leave_one_ordering_out,0,frozen_rule,11917b6d9db4ec58f18384b3e34529b1823f5609fb71679e29b7f5856b29e04b_synthetic_grid_8q_transpiler_29,basic
leave_one_ordering_out,0,frozen_rule,11917b6d9db4ec58f18384b3e34529b1823f5609fb71679e29b7f5856b29e04b_synthetic_grid_8q_transpiler_37,basic
leave_one_ordering_out,0,frozen_rule,11917b6d9db4ec58f18384b3e34529b1823f5609fb71679e29b7f5856b29e04b_synthetic_grid_8q_transpiler_47,basic
leave_one_ordering_out,0,frozen_rule,1c000dbb03545990843f258f2cd99e62a98221c482c76d7c86deb19993107e91_synthetic_grid_8q_transpiler_11,basic
leave_one_ordering_out,0,frozen_rule,1c000dbb03545990843f258f2cd99e62a98221c482c76d7c86deb19993107e91_synthetic_grid_8q_transpiler_19,basic
leave_one_ordering_out,0,frozen_rule,1c000dbb03545990843f258f2cd99e62a98221c482c76d7c86deb19993107e91_synthetic_grid_8q_transpiler_29,basic
leave_one_ordering_out,0,frozen_rule,1c000dbb03545990843f258f2cd99e62a98221c482c76d7c86deb19993107e91_synthetic_grid_8q_transpiler_37,basic
leave_one_ordering_out,0,frozen_rule,1c000dbb03545990843f258f2cd99e62a98221c482c76d7c86deb19993107e91_synthetic_grid_8q_transpiler_47,basic
leave_one_ordering_out,0,oracle,2db9eba90ba8cd0954c12783101856a28b9a2dc7771ca234eecefcf2689ef643_synthetic_line_6q_favorable_11,teleport
leave_one_ordering_out,0,oracle,2db9eba90ba8cd0954c12783101856a28b9a2dc7771ca234eecefcf2689ef643_synthetic_line_6q_favorable_19,teleport
leave_one_ordering_out,0,oracle,2db9eba90ba8cd0954c12783101856a28b9a2dc7771ca234eecefcf2689ef643_synthetic_line_6q_favorable_29,teleport
leave_one_ordering_out,0,oracle,2db9eba90ba8cd0954c12783101856a28b9a2dc7771ca234eecefcf2689ef643_synthetic_line_6q_favorable_37,teleport
leave_one_ordering_out,0,oracle,2db9eba90ba8cd0954c12783101856a28b9a2dc7771ca234eecefcf2689ef643_synthetic_line_6q_favorable_47,teleport
leave_one_ordering_out,0,oracle,667e3a1f084c4e2a3fcd2b6479ca873f035a167fe6bd3dac4cd548625d204592_synthetic_line_6q_spread_11,teleport
leave_one_ordering_out,0,oracle,667e3a1f084c4e2a3fcd2b6479ca873f035a167fe6bd3dac4cd548625d204592_synthetic_line_6q_spread_19,teleport
leave_one_ordering_out,0,oracle,667e3a1f084c4e2a3fcd2b6479ca873f035a167fe6bd3dac4cd548625d204592_synthetic_line_6q_spread_29,teleport
leave_one_ordering_out,0,oracle,667e3a1f084c4e2a3fcd2b6479ca873f035a167fe6bd3dac4cd548625d204592_synthetic_line_6q_spread_37,teleport
leave_one_ordering_out,0,oracle,667e3a1f084c4e2a3fcd2b6479ca873f035a167fe6bd3dac4cd548625d204592_synthetic_line_6q_spread_47,teleport
leave_one_ordering_out,0,oracle,bc2d5292433dbd57457d4b8e18f32adf5b65f135ba9bc3522cd34066a6aaff03_synthetic_ring_6q_transpiler_11,teleport
leave_one_ordering_out,0,oracle,bc2d5292433dbd57457d4b8e18f32adf5b65f135ba9bc3522cd34066a6aaff03_synthetic_ring_6q_transpiler_19,teleport
leave_one_ordering_out,0,oracle,bc2d5292433dbd57457d4b8e18f32adf5b65f135ba9bc3522cd34066a6aaff03_synthetic_ring_6q_transpiler_29,teleport
leave_one_ordering_out,0,oracle,bc2d5292433dbd57457d4b8e18f32adf5b65f135ba9bc3522cd34066a6aaff03_synthetic_ring_6q_transpiler_37,teleport
leave_one_ordering_out,0,oracle,bc2d5292433dbd57457d4b8e18f32adf5b65f135ba9bc3522cd34066a6aaff03_synthetic_ring_6q_transpiler_47,teleport
leave_one_ordering_out,0,oracle,0fc28dc35599b93623d9613d500225976d3b315fe307e512a0db8d51410569b8_synthetic_grid_6q_transpiler_11,teleport
leave_one_ordering_out,0,oracle,0fc28dc35599b93623d9613d500225976d3b315fe307e512a0db8d51410569b8_synthetic_grid_6q_transpiler_19,teleport
leave_one_ordering_out,0,oracle,0fc28dc35599b93623d9613d500225976d3b315fe307e512a0db8d51410569b8_synthetic_grid_6q_transpiler_29,teleport
leave_one_ordering_out,0,oracle,0fc28dc35599b93623d9613d500225976d3b315fe307e512a0db8d51410569b8_synthetic_grid_6q_transpiler_37,teleport
leave_one_ordering_out,0,oracle,0fc28dc35599b93623d9613d500225976d3b315fe307e512a0db8d51410569b8_synthetic_grid_6q_transpiler_47,teleport
leave_one_ordering_out,0,oracle,72b1038facc288285e2702246aec8cb5a5d554250f6dd4647e31f249d53e1c38_synthetic_irregular_7q_spread_11,teleport
leave_one_ordering_out,0,oracle,72b1038facc288285e2702246aec8cb5a5d554250f6dd4647e31f249d53e1c38_synthetic_irregular_7q_spread_19,teleport
leave_one_ordering_out,0,oracle,72b1038facc288285e2702246aec8cb5a5d554250f6dd4647e31f249d53e1c38_synthetic_irregular_7q_spread_29,teleport
leave_one_ordering_out,0,oracle,72b1038facc288285e2702246aec8cb5a5d554250f6dd4647e31f249d53e1c38_synthetic_irregular_7q_spread_37,teleport
leave_one_ordering_out,0,oracle,72b1038facc288285e2702246aec8cb5a5d554250f6dd4647e31f249d53e1c38_synthetic_irregular_7q_spread_47,teleport
leave_one_ordering_out,0,oracle,458db1b65dc833bd8c659df2b45270528a8cfce8db05e426b8a2f00bff2e84f9_synthetic_ring_6q_transpiler_11,teleport
leave_one_ordering_out,0,oracle,458db1b65dc833bd8c659df2b45270528a8cfce8db05e426b8a2f00bff2e84f9_synthetic_ring_6q_transpiler_19,teleport
leave_one_ordering_out,0,oracle,458db1b65dc833bd8c659df2b45270528a8cfce8db05e426b8a2f00bff2e84f9_synthetic_ring_6q_transpiler_29,teleport
leave_one_ordering_out,0,oracle,458db1b65dc833bd8c659df2b45270528a8cfce8db05e426b8a2f00bff2e84f9_synthetic_ring_6q_transpiler_37,teleport
leave_one_ordering_out,0,oracle,458db1b65dc833bd8c659df2b45270528a8cfce8db05e426b8a2f00bff2e84f9_synthetic_ring_6q_transpiler_47,teleport
leave_one_ordering_out,0,oracle,8a9838b475d9bb5d15c2324d44b159fb5c192b8a4ea7b71bf432d0ede311ee02_synthetic_grid_6q_transpiler_11,teleport
leave_one_ordering_out,0,oracle,8a9838b475d9bb5d15c2324d44b159fb5c192b8a4ea7b71bf432d0ede311ee02_synthetic_grid_6q_transpiler_19,teleport
leave_one_ordering_out,0,oracle,8a9838b475d9bb5d15c2324d44b159fb5c192b8a4ea7b71bf432d0ede311ee02_synthetic_grid_6q_transpiler_29,teleport
leave_one_ordering_out,0,oracle,8a9838b475d9bb5d15c2324d44b159fb5c192b8a4ea7b71bf432d0ede311ee02_synthetic_grid_6q_transpiler_37,teleport
leave_one_ordering_out,0,oracle,8a9838b475d9bb5d15c2324d44b159fb5c192b8a4ea7b71bf432d0ede311ee02_synthetic_grid_6q_transpiler_47,teleport
leave_one_ordering_out,0,oracle,11917b6d9db4ec58f18384b3e34529b1823f5609fb71679e29b7f5856b29e04b_synthetic_grid_8q_transpiler_11,basic
leave_one_ordering_out,0,oracle,11917b6d9db4ec58f18384b3e34529b1823f5609fb71679e29b7f5856b29e04b_synthetic_grid_8q_transpiler_19,basic
leave_one_ordering_out,0,oracle,11917b6d9db4ec58f18384b3e34529b1823f5609fb71679e29b7f5856b29e04b_synthetic_grid_8q_transpiler_29,basic
leave_one_ordering_out,0,oracle,11917b6d9db4ec58f18384b3e34529b1823f5609fb71679e29b7f5856b29e04b_synthetic_grid_8q_transpiler_37,basic
leave_one_ordering_out,0,oracle,11917b6d9db4ec58f18384b3e34529b1823f5609fb71679e29b7f5856b29e04b_synthetic_grid_8q_transpiler_47,basic
leave_one_ordering_out,0,oracle,1c000dbb03545990843f258f2cd99e62a98221c482c76d7c86deb19993107e91_synthetic_grid_8q_transpiler_11,basic
leave_one_ordering_out,0,oracle,1c000dbb03545990843f258f2cd99e62a98221c482c76d7c86deb19993107e91_synthetic_grid_8q_transpiler_19,basic
leave_one_ordering_out,0,oracle,1c000dbb03545990843f258f2cd99e62a98221c482c76d7c86deb19993107e91_synthetic_grid_8q_transpiler_29,basic
leave_one_ordering_out,0,oracle,1c000dbb03545990843f258f2cd99e62a98221c482c76d7c86deb19993107e91_synthetic_grid_8q_transpiler_37,basic
leave_one_ordering_out,0,oracle,1c000dbb03545990843f258f2cd99e62a98221c482c76d7c86deb19993107e91_synthetic_grid_8q_transpiler_47,basic
leave_one_ordering_out,0,logistic,2db9eba90ba8cd0954c12783101856a28b9a2dc7771ca234eecefcf2689ef643_synthetic_line_6q_favorable_11,teleport
leave_one_ordering_out,0,logistic,2db9eba90ba8cd0954c12783101856a28b9a2dc7771ca234eecefcf2689ef643_synthetic_line_6q_favorable_19,teleport
leave_one_ordering_out,0,logistic,2db9eba90ba8cd0954c12783101856a28b9a2dc7771ca234eecefcf2689ef643_synthetic_line_6q_favorable_29,teleport
leave_one_ordering_out,0,logistic,2db9eba90ba8cd0954c12783101856a28b9a2dc7771ca234eecefcf2689ef643_synthetic_line_6q_favorable_37,teleport
leave_one_ordering_out,0,logistic,2db9eba90ba8cd0954c12783101856a28b9a2dc7771ca234eecefcf2689ef643_synthetic_line_6q_favorable_47,teleport
leave_one_ordering_out,0,logistic,667e3a1f084c4e2a3fcd2b6479ca873f035a167fe6bd3dac4cd548625d204592_synthetic_line_6q_spread_11,teleport
leave_one_ordering_out,0,logistic,667e3a1f084c4e2a3fcd2b6479ca873f035a167fe6bd3dac4cd548625d204592_synthetic_line_6q_spread_19,teleport
leave_one_ordering_out,0,logistic,667e3a1f084c4e2a3fcd2b6479ca873f035a167fe6bd3dac4cd548625d204592_synthetic_line_6q_spread_29,teleport
leave_one_ordering_out,0,logistic,667e3a1f084c4e2a3fcd2b6479ca873f035a167fe6bd3dac4cd548625d204592_synthetic_line_6q_spread_37,teleport
leave_one_ordering_out,0,logistic,667e3a1f084c4e2a3fcd2b6479ca873f035a167fe6bd3dac4cd548625d204592_synthetic_line_6q_spread_47,teleport
leave_one_ordering_out,0,logistic,bc2d5292433dbd57457d4b8e18f32adf5b65f135ba9bc3522cd34066a6aaff03_synthetic_ring_6q_transpiler_11,teleport
leave_one_ordering_out,0,logistic,bc2d5292433dbd57457d4b8e18f32adf5b65f135ba9bc3522cd34066a6aaff03_synthetic_ring_6q_transpiler_19,teleport
leave_one_ordering_out,0,logistic,bc2d5292433dbd57457d4b8e18f32adf5b65f135ba9bc3522cd34066a6aaff03_synthetic_ring_6q_transpiler_29,teleport
leave_one_ordering_out,0,logistic,bc2d5292433dbd57457d4b8e18f32adf5b65f135ba9bc3522cd34066a6aaff03_synthetic_ring_6q_transpiler_37,teleport
leave_one_ordering_out,0,logistic,bc2d5292433dbd57457d4b8e18f32adf5b65f135ba9bc3522cd34066a6aaff03_synthetic_ring_6q_transpiler_47,teleport
leave_one_ordering_out,0,logistic,0fc28dc35599b93623d9613d500225976d3b315fe307e512a0db8d51410569b8_synthetic_grid_6q_transpiler_11,teleport
leave_one_ordering_out,0,logistic,0fc28dc35599b93623d9613d500225976d3b315fe307e512a0db8d51410569b8_synthetic_grid_6q_transpiler_19,teleport
leave_one_ordering_out,0,logistic,0fc28dc35599b93623d9613d500225976d3b315fe307e512a0db8d51410569b8_synthetic_grid_6q_transpiler_29,teleport
leave_one_ordering_out,0,logistic,0fc28dc35599b93623d9613d500225976d3b315fe307e512a0db8d51410569b8_synthetic_grid_6q_transpiler_37,teleport
leave_one_ordering_out,0,logistic,0fc28dc35599b93623d9613d500225976d3b315fe307e512a0db8d51410569b8_synthetic_grid_6q_transpiler_47,teleport
leave_one_ordering_out,0,logistic,72b1038facc288285e2702246aec8cb5a5d554250f6dd4647e31f249d53e1c38_synthetic_irregular_7q_spread_11,teleport
leave_one_ordering_out,0,logistic,72b1038facc288285e2702246aec8cb5a5d554250f6dd4647e31f249d53e1c38_synthetic_irregular_7q_spread_19,teleport
leave_one_ordering_out,0,logistic,72b1038facc288285e2702246aec8cb5a5d554250f6dd4647e31f249d53e1c38_synthetic_irregular_7q_spread_29,teleport
leave_one_ordering_out,0,logistic,72b1038facc288285e2702246aec8cb5a5d554250f6dd4647e31f249d53e1c38_synthetic_irregular_7q_spread_37,teleport
leave_one_ordering_out,0,logistic,72b1038facc288285e2702246aec8cb5a5d554250f6dd4647e31f249d53e1c38_synthetic_irregular_7q_spread_47,teleport
leave_one_ordering_out,0,logistic,458db1b65dc833bd8c659df2b45270528a8cfce8db05e426b8a2f00bff2e84f9_synthetic_ring_6q_transpiler_11,teleport
leave_one_ordering_out,0,logistic,458db1b65dc833bd8c659df2b45270528a8cfce8db05e426b8a2f00bff2e84f9_synthetic_ring_6q_transpiler_19,teleport
leave_one_ordering_out,0,logistic,458db1b65dc833bd8c659df2b45270528a8cfce8db05e426b8a2f00bff2e84f9_synthetic_ring_6q_transpiler_29,teleport
leave_one_ordering_out,0,logistic,458db1b65dc833bd8c659df2b45270528a8cfce8db05e426b8a2f00bff2e84f9_synthetic_ring_6q_transpiler_37,teleport
leave_one_ordering_out,0,logistic,458db1b65dc833bd8c659df2b45270528a8cfce8db05e426b8a2f00bff2e84f9_synthetic_ring_6q_transpiler_47,teleport
leave_one_ordering_out,0,logistic,8a9838b475d9bb5d15c2324d44b159fb5c192b8a4ea7b71bf432d0ede311ee02_synthetic_grid_6q_transpiler_11,teleport
leave_one_ordering_out,0,logistic,8a9838b475d9bb5d15c2324d44b159fb5c192b8a4ea7b71bf432d0ede311ee02_synthetic_grid_6q_transpiler_19,teleport
leave_one_ordering_out,0,logistic,8a9838b475d9bb5d15c2324d44b159fb5c192b8a4ea7b71bf432d0ede311ee02_synthetic_grid_6q_transpiler_29,teleport
leave_one_ordering_out,0,logistic,8a9838b475d9bb5d15c2324d44b159fb5c192b8a4ea7b71bf432d0ede311ee02_synthetic_grid_6q_transpiler_37,teleport
leave_one_ordering_out,0,logistic,8a9838b475d9bb5d15c2324d44b159fb5c192b8a4ea7b71bf432d0ede311ee02_synthetic_grid_6q_transpiler_47,teleport
leave_one_ordering_out,0,logistic,11917b6d9db4ec58f18384b3e34529b1823f5609fb71679e29b7f5856b29e04b_synthetic_grid_8q_transpiler_11,teleport
leave_one_ordering_out,0,logistic,11917b6d9db4ec58f18384b3e34529b1823f5609fb71679e29b7f5856b29e04b_synthetic_grid_8q_transpiler_19,teleport
leave_one_ordering_out,0,logistic,11917b6d9db4ec58f18384b3e34529b1823f5609fb71679e29b7f5856b29e04b_synthetic_grid_8q_transpiler_29,teleport
leave_one_ordering_out,0,logistic,11917b6d9db4ec58f18384b3e34529b1823f5609fb71679e29b7f5856b29e04b_synthetic_grid_8q_transpiler_37,teleport
leave_one_ordering_out,0,logistic,11917b6d9db4ec58f18384b3e34529b1823f5609fb71679e29b7f5856b29e04b_synthetic_grid_8q_transpiler_47,teleport
leave_one_ordering_out,0,logistic,1c000dbb03545990843f258f2cd99e62a98221c482c76d7c86deb19993107e91_synthetic_grid_8q_transpiler_11,teleport
leave_one_ordering_out,0,logistic,1c000dbb03545990843f258f2cd99e62a98221c482c76d7c86deb19993107e91_synthetic_grid_8q_transpiler_19,teleport
leave_one_ordering_out,0,logistic,1c000dbb03545990843f258f2cd99e62a98221c482c76d7c86deb19993107e91_synthetic_grid_8q_transpiler_29,teleport
leave_one_ordering_out,0,logistic,1c000dbb03545990843f258f2cd99e62a98221c482c76d7c86deb19993107e91_synthetic_grid_8q_transpiler_37,teleport
leave_one_ordering_out,0,logistic,1c000dbb03545990843f258f2cd99e62a98221c482c76d7c86deb19993107e91_synthetic_grid_8q_transpiler_47,teleport
leave_one_ordering_out,0,tree,2db9eba90ba8cd0954c12783101856a28b9a2dc7771ca234eecefcf2689ef643_synthetic_line_6q_favorable_11,teleport
leave_one_ordering_out,0,tree,2db9eba90ba8cd0954c12783101856a28b9a2dc7771ca234eecefcf2689ef643_synthetic_line_6q_favorable_19,teleport
leave_one_ordering_out,0,tree,2db9eba90ba8cd0954c12783101856a28b9a2dc7771ca234eecefcf2689ef643_synthetic_line_6q_favorable_29,teleport
leave_one_ordering_out,0,tree,2db9eba90ba8cd0954c12783101856a28b9a2dc7771ca234eecefcf2689ef643_synthetic_line_6q_favorable_37,teleport
leave_one_ordering_out,0,tree,2db9eba90ba8cd0954c12783101856a28b9a2dc7771ca234eecefcf2689ef643_synthetic_line_6q_favorable_47,teleport
leave_one_ordering_out,0,tree,667e3a1f084c4e2a3fcd2b6479ca873f035a167fe6bd3dac4cd548625d204592_synthetic_line_6q_spread_11,teleport
leave_one_ordering_out,0,tree,667e3a1f084c4e2a3fcd2b6479ca873f035a167fe6bd3dac4cd548625d204592_synthetic_line_6q_spread_19,teleport
leave_one_ordering_out,0,tree,667e3a1f084c4e2a3fcd2b6479ca873f035a167fe6bd3dac4cd548625d204592_synthetic_line_6q_spread_29,teleport
leave_one_ordering_out,0,tree,667e3a1f084c4e2a3fcd2b6479ca873f035a167fe6bd3dac4cd548625d204592_synthetic_line_6q_spread_37,teleport
leave_one_ordering_out,0,tree,667e3a1f084c4e2a3fcd2b6479ca873f035a167fe6bd3dac4cd548625d204592_synthetic_line_6q_spread_47,teleport
leave_one_ordering_out,0,tree,bc2d5292433dbd57457d4b8e18f32adf5b65f135ba9bc3522cd34066a6aaff03_synthetic_ring_6q_transpiler_11,teleport
leave_one_ordering_out,0,tree,bc2d5292433dbd57457d4b8e18f32adf5b65f135ba9bc3522cd34066a6aaff03_synthetic_ring_6q_transpiler_19,teleport
leave_one_ordering_out,0,tree,bc2d5292433dbd57457d4b8e18f32adf5b65f135ba9bc3522cd34066a6aaff03_synthetic_ring_6q_transpiler_29,teleport
leave_one_ordering_out,0,tree,bc2d5292433dbd57457d4b8e18f32adf5b65f135ba9bc3522cd34066a6aaff03_synthetic_ring_6q_transpiler_37,teleport
leave_one_ordering_out,0,tree,bc2d5292433dbd57457d4b8e18f32adf5b65f135ba9bc3522cd34066a6aaff03_synthetic_ring_6q_transpiler_47,teleport
leave_one_ordering_out,0,tree,0fc28dc35599b93623d9613d500225976d3b315fe307e512a0db8d51410569b8_synthetic_grid_6q_transpiler_11,teleport
leave_one_ordering_out,0,tree,0fc28dc35599b93623d9613d500225976d3b315fe307e512a0db8d51410569b8_synthetic_grid_6q_transpiler_19,teleport
leave_one_ordering_out,0,tree,0fc28dc35599b93623d9613d500225976d3b315fe307e512a0db8d51410569b8_synthetic_grid_6q_transpiler_29,teleport
leave_one_ordering_out,0,tree,0fc28dc35599b93623d9613d500225976d3b315fe307e512a0db8d51410569b8_synthetic_grid_6q_transpiler_37,teleport
leave_one_ordering_out,0,tree,0fc28dc35599b93623d9613d500225976d3b315fe307e512a0db8d51410569b8_synthetic_grid_6q_transpiler_47,teleport
leave_one_ordering_out,0,tree,72b1038facc288285e2702246aec8cb5a5d554250f6dd4647e31f249d53e1c38_synthetic_irregular_7q_spread_11,teleport
leave_one_ordering_out,0,tree,72b1038facc288285e2702246aec8cb5a5d554250f6dd4647e31f249d53e1c38_synthetic_irregular_7q_spread_19,teleport
leave_one_ordering_out,0,tree,72b1038facc288285e2702246aec8cb5a5d554250f6dd4647e31f249d53e1c38_synthetic_irregular_7q_spread_29,teleport
leave_one_ordering_out,0,tree,72b1038facc288285e2702246aec8cb5a5d554250f6dd4647e31f249d53e1c38_synthetic_irregular_7q_spread_37,teleport
leave_one_ordering_out,0,tree,72b1038facc288285e2702246aec8cb5a5d554250f6dd4647e31f249d53e1c38_synthetic_irregular_7q_spread_47,teleport
leave_one_ordering_out,0,tree,458db1b65dc833bd8c659df2b45270528a8cfce8db05e426b8a2f00bff2e84f9_synthetic_ring_6q_transpiler_11,teleport
leave_one_ordering_out,0,tree,458db1b65dc833bd8c659df2b45270528a8cfce8db05e426b8a2f00bff2e84f9_synthetic_ring_6q_transpiler_19,teleport
leave_one_ordering_out,0,tree,458db1b65dc833bd8c659df2b45270528a8cfce8db05e426b8a2f00bff2e84f9_synthetic_ring_6q_transpiler_29,teleport
leave_one_ordering_out,0,tree,458db1b65dc833bd8c659df2b45270528a8cfce8db05e426b8a2f00bff2e84f9_synthetic_ring_6q_transpiler_37,teleport
leave_one_ordering_out,0,tree,458db1b65dc833bd8c659df2b45270528a8cfce8db05e426b8a2f00bff2e84f9_synthetic_ring_6q_transpiler_47,teleport
leave_one_ordering_out,0,tree,8a9838b475d9bb5d15c2324d44b159fb5c192b8a4ea7b71bf432d0ede311ee02_synthetic_grid_6q_transpiler_11,teleport
leave_one_ordering_out,0,tree,8a9838b475d9bb5d15c2324d44b159fb5c192b8a4ea7b71bf432d0ede311ee02_synthetic_grid_6q_transpiler_19,teleport
leave_one_ordering_out,0,tree,8a9838b475d9bb5d15c2324d44b159fb5c192b8a4ea7b71bf432d0ede311ee02_synthetic_grid_6q_transpiler_29,teleport
leave_one_ordering_out,0,tree,8a9838b475d9bb5d15c2324d44b159fb5c192b8a4ea7b71bf432d0ede311ee02_synthetic_grid_6q_transpiler_37,teleport
leave_one_ordering_out,0,tree,8a9838b475d9bb5d15c2324d44b159fb5c192b8a4ea7b71bf432d0ede311ee02_synthetic_grid_6q_transpiler_47,teleport
leave_one_ordering_out,0,tree,11917b6d9db4ec58f18384b3e34529b1823f5609fb71679e29b7f5856b29e04b_synthetic_grid_8q_transpiler_11,teleport
leave_one_ordering_out,0,tree,11917b6d9db4ec58f18384b3e34529b1823f5609fb71679e29b7f5856b29e04b_synthetic_grid_8q_transpiler_19,teleport
leave_one_ordering_out,0,tree,11917b6d9db4ec58f18384b3e34529b1823f5609fb71679e29b7f5856b29e04b_synthetic_grid_8q_transpiler_29,teleport
leave_one_ordering_out,0,tree,11917b6d9db4ec58f18384b3e34529b1823f5609fb71679e29b7f5856b29e04b_synthetic_grid_8q_transpiler_37,teleport
leave_one_ordering_out,0,tree,11917b6d9db4ec58f18384b3e34529b1823f5609fb71679e29b7f5856b29e04b_synthetic_grid_8q_transpiler_47,teleport
leave_one_ordering_out,0,tree,1c000dbb03545990843f258f2cd99e62a98221c482c76d7c86deb19993107e91_synthetic_grid_8q_transpiler_11,teleport
leave_one_ordering_out,0,tree,1c000dbb03545990843f258f2cd99e62a98221c482c76d7c86deb19993107e91_synthetic_grid_8q_transpiler_19,teleport
leave_one_ordering_out,0,tree,1c000dbb03545990843f258f2cd99e62a98221c482c76d7c86deb19993107e91_synthetic_grid_8q_transpiler_29,teleport
leave_one_ordering_out,0,tree,1c000dbb03545990843f258f2cd99e62a98221c482c76d7c86deb19993107e91_synthetic_grid_8q_transpiler_37,teleport
leave_one_ordering_out,0,tree,1c000dbb03545990843f258f2cd99e62a98221c482c76d7c86deb19993107e91_synthetic_grid_8q_transpiler_47,teleport
leave_one_ordering_out,0,forest_classifier,2db9eba90ba8cd0954c12783101856a28b9a2dc7771ca234eecefcf2689ef643_synthetic_line_6q_favorable_11,teleport
leave_one_ordering_out,0,forest_classifier,2db9eba90ba8cd0954c12783101856a28b9a2dc7771ca234eecefcf2689ef643_synthetic_line_6q_favorable_19,teleport
leave_one_ordering_out,0,forest_classifier,2db9eba90ba8cd0954c12783101856a28b9a2dc7771ca234eecefcf2689ef643_synthetic_line_6q_favorable_29,teleport
leave_one_ordering_out,0,forest_classifier,2db9eba90ba8cd0954c12783101856a28b9a2dc7771ca234eecefcf2689ef643_synthetic_line_6q_favorable_37,teleport
leave_one_ordering_out,0,forest_classifier,2db9eba90ba8cd0954c12783101856a28b9a2dc7771ca234eecefcf2689ef643_synthetic_line_6q_favorable_47,teleport
leave_one_ordering_out,0,forest_classifier,667e3a1f084c4e2a3fcd2b6479ca873f035a167fe6bd3dac4cd548625d204592_synthetic_line_6q_spread_11,teleport
leave_one_ordering_out,0,forest_classifier,667e3a1f084c4e2a3fcd2b6479ca873f035a167fe6bd3dac4cd548625d204592_synthetic_line_6q_spread_19,teleport
leave_one_ordering_out,0,forest_classifier,667e3a1f084c4e2a3fcd2b6479ca873f035a167fe6bd3dac4cd548625d204592_synthetic_line_6q_spread_29,teleport
leave_one_ordering_out,0,forest_classifier,667e3a1f084c4e2a3fcd2b6479ca873f035a167fe6bd3dac4cd548625d204592_synthetic_line_6q_spread_37,teleport
leave_one_ordering_out,0,forest_classifier,667e3a1f084c4e2a3fcd2b6479ca873f035a167fe6bd3dac4cd548625d204592_synthetic_line_6q_spread_47,teleport
leave_one_ordering_out,0,forest_classifier,bc2d5292433dbd57457d4b8e18f32adf5b65f135ba9bc3522cd34066a6aaff03_synthetic_ring_6q_transpiler_11,teleport
leave_one_ordering_out,0,forest_classifier,bc2d5292433dbd57457d4b8e18f32adf5b65f135ba9bc3522cd34066a6aaff03_synthetic_ring_6q_transpiler_19,teleport
leave_one_ordering_out,0,forest_classifier,bc2d5292433dbd57457d4b8e18f32adf5b65f135ba9bc3522cd34066a6aaff03_synthetic_ring_6q_transpiler_29,teleport
leave_one_ordering_out,0,forest_classifier,bc2d5292433dbd57457d4b8e18f32adf5b65f135ba9bc3522cd34066a6aaff03_synthetic_ring_6q_transpiler_37,teleport
leave_one_ordering_out,0,forest_classifier,bc2d5292433dbd57457d4b8e18f32adf5b65f135ba9bc3522cd34066a6aaff03_synthetic_ring_6q_transpiler_47,teleport
leave_one_ordering_out,0,forest_classifier,0fc28dc35599b93623d9613d500225976d3b315fe307e512a0db8d51410569b8_synthetic_grid_6q_transpiler_11,teleport
leave_one_ordering_out,0,forest_classifier,0fc28dc35599b93623d9613d500225976d3b315fe307e512a0db8d51410569b8_synthetic_grid_6q_transpiler_19,teleport
leave_one_ordering_out,0,forest_classifier,0fc28dc35599b93623d9613d500225976d3b315fe307e512a0db8d51410569b8_synthetic_grid_6q_transpiler_29,teleport
leave_one_ordering_out,0,forest_classifier,0fc28dc35599b93623d9613d500225976d3b315fe307e512a0db8d51410569b8_synthetic_grid_6q_transpiler_37,teleport
leave_one_ordering_out,0,forest_classifier,0fc28dc35599b93623d9613d500225976d3b315fe307e512a0db8d51410569b8_synthetic_grid_6q_transpiler_47,teleport
leave_one_ordering_out,0,forest_classifier,72b1038facc288285e2702246aec8cb5a5d554250f6dd4647e31f249d53e1c38_synthetic_irregular_7q_spread_11,teleport
leave_one_ordering_out,0,forest_classifier,72b1038facc288285e2702246aec8cb5a5d554250f6dd4647e31f249d53e1c38_synthetic_irregular_7q_spread_19,teleport
leave_one_ordering_out,0,forest_classifier,72b1038facc288285e2702246aec8cb5a5d554250f6dd4647e31f249d53e1c38_synthetic_irregular_7q_spread_29,teleport
leave_one_ordering_out,0,forest_classifier,72b1038facc288285e2702246aec8cb5a5d554250f6dd4647e31f249d53e1c38_synthetic_irregular_7q_spread_37,teleport
leave_one_ordering_out,0,forest_classifier,72b1038facc288285e2702246aec8cb5a5d554250f6dd4647e31f249d53e1c38_synthetic_irregular_7q_spread_47,teleport
leave_one_ordering_out,0,forest_classifier,458db1b65dc833bd8c659df2b45270528a8cfce8db05e426b8a2f00bff2e84f9_synthetic_ring_6q_transpiler_11,teleport
leave_one_ordering_out,0,forest_classifier,458db1b65dc833bd8c659df2b45270528a8cfce8db05e426b8a2f00bff2e84f9_synthetic_ring_6q_transpiler_19,teleport
leave_one_ordering_out,0,forest_classifier,458db1b65dc833bd8c659df2b45270528a8cfce8db05e426b8a2f00bff2e84f9_synthetic_ring_6q_transpiler_29,teleport
leave_one_ordering_out,0,forest_classifier,458db1b65dc833bd8c659df2b45270528a8cfce8db05e426b8a2f00bff2e84f9_synthetic_ring_6q_transpiler_37,teleport
leave_one_ordering_out,0,forest_classifier,458db1b65dc833bd8c659df2b45270528a8cfce8db05e426b8a2f00bff2e84f9_synthetic_ring_6q_transpiler_47,teleport
leave_one_ordering_out,0,forest_classifier,8a9838b475d9bb5d15c2324d44b159fb5c192b8a4ea7b71bf432d0ede311ee02_synthetic_grid_6q_transpiler_11,teleport
leave_one_ordering_out,0,forest_classifier,8a9838b475d9bb5d15c2324d44b159fb5c192b8a4ea7b71bf432d0ede311ee02_synthetic_grid_6q_transpiler_19,teleport
leave_one_ordering_out,0,forest_classifier,8a9838b475d9bb5d15c2324d44b159fb5c192b8a4ea7b71bf432d0ede311ee02_synthetic_grid_6q_transpiler_29,teleport
leave_one_ordering_out,0,forest_classifier,8a9838b475d9bb5d15c2324d44b159fb5c192b8a4ea7b71bf432d0ede311ee02_synthetic_grid_6q_transpiler_37,teleport
leave_one_ordering_out,0,forest_classifier,8a9838b475d9bb5d15c2324d44b159fb5c192b8a4ea7b71bf432d0ede311ee02_synthetic_grid_6q_transpiler_47,teleport
leave_one_ordering_out,0,forest_classifier,11917b6d9db4ec58f18384b3e34529b1823f5609fb71679e29b7f5856b29e04b_synthetic_grid_8q_transpiler_11,basic
leave_one_ordering_out,0,forest_classifier,11917b6d9db4ec58f18384b3e34529b1823f5609fb71679e29b7f5856b29e04b_synthetic_grid_8q_transpiler_19,basic
leave_one_ordering_out,0,forest_classifier,11917b6d9db4ec58f18384b3e34529b1823f5609fb71679e29b7f5856b29e04b_synthetic_grid_8q_transpiler_29,basic
leave_one_ordering_out,0,forest_classifier,11917b6d9db4ec58f18384b3e34529b1823f5609fb71679e29b7f5856b29e04b_synthetic_grid_8q_transpiler_37,basic
leave_one_ordering_out,0,forest_classifier,11917b6d9db4ec58f18384b3e34529b1823f5609fb71679e29b7f5856b29e04b_synthetic_grid_8q_transpiler_47,basic
leave_one_ordering_out,0,forest_classifier,1c000dbb03545990843f258f2cd99e62a98221c482c76d7c86deb19993107e91_synthetic_grid_8q_transpiler_11,basic
leave_one_ordering_out,0,forest_classifier,1c000dbb03545990843f258f2cd99e62a98221c482c76d7c86deb19993107e91_synthetic_grid_8q_transpiler_19,basic
leave_one_ordering_out,0,forest_classifier,1c000dbb03545990843f258f2cd99e62a98221c482c76d7c86deb19993107e91_synthetic_grid_8q_transpiler_29,basic
leave_one_ordering_out,0,forest_classifier,1c000dbb03545990843f258f2cd99e62a98221c482c76d7c86deb19993107e91_synthetic_grid_8q_transpiler_37,basic
leave_one_ordering_out,0,forest_classifier,1c000dbb03545990843f258f2cd99e62a98221c482c76d7c86deb19993107e91_synthetic_grid_8q_transpiler_47,basic
leave_one_ordering_out,0,forest_delta_regressor,2db9eba90ba8cd0954c12783101856a28b9a2dc7771ca234eecefcf2689ef643_synthetic_line_6q_favorable_11,teleport
leave_one_ordering_out,0,forest_delta_regressor,2db9eba90ba8cd0954c12783101856a28b9a2dc7771ca234eecefcf2689ef643_synthetic_line_6q_favorable_19,teleport
leave_one_ordering_out,0,forest_delta_regressor,2db9eba90ba8cd0954c12783101856a28b9a2dc7771ca234eecefcf2689ef643_synthetic_line_6q_favorable_29,teleport
leave_one_ordering_out,0,forest_delta_regressor,2db9eba90ba8cd0954c12783101856a28b9a2dc7771ca234eecefcf2689ef643_synthetic_line_6q_favorable_37,teleport
leave_one_ordering_out,0,forest_delta_regressor,2db9eba90ba8cd0954c12783101856a28b9a2dc7771ca234eecefcf2689ef643_synthetic_line_6q_favorable_47,teleport
leave_one_ordering_out,0,forest_delta_regressor,667e3a1f084c4e2a3fcd2b6479ca873f035a167fe6bd3dac4cd548625d204592_synthetic_line_6q_spread_11,teleport
leave_one_ordering_out,0,forest_delta_regressor,667e3a1f084c4e2a3fcd2b6479ca873f035a167fe6bd3dac4cd548625d204592_synthetic_line_6q_spread_19,teleport
leave_one_ordering_out,0,forest_delta_regressor,667e3a1f084c4e2a3fcd2b6479ca873f035a167fe6bd3dac4cd548625d204592_synthetic_line_6q_spread_29,teleport
leave_one_ordering_out,0,forest_delta_regressor,667e3a1f084c4e2a3fcd2b6479ca873f035a167fe6bd3dac4cd548625d204592_synthetic_line_6q_spread_37,teleport
leave_one_ordering_out,0,forest_delta_regressor,667e3a1f084c4e2a3fcd2b6479ca873f035a167fe6bd3dac4cd548625d204592_synthetic_line_6q_spread_47,teleport
leave_one_ordering_out,0,forest_delta_regressor,bc2d5292433dbd57457d4b8e18f32adf5b65f135ba9bc3522cd34066a6aaff03_synthetic_ring_6q_transpiler_11,teleport
leave_one_ordering_out,0,forest_delta_regressor,bc2d5292433dbd57457d4b8e18f32adf5b65f135ba9bc3522cd34066a6aaff03_synthetic_ring_6q_transpiler_19,teleport
leave_one_ordering_out,0,forest_delta_regressor,bc2d5292433dbd57457d4b8e18f32adf5b65f135ba9bc3522cd34066a6aaff03_synthetic_ring_6q_transpiler_29,teleport
leave_one_ordering_out,0,forest_delta_regressor,bc2d5292433dbd57457d4b8e18f32adf5b65f135ba9bc3522cd34066a6aaff03_synthetic_ring_6q_transpiler_37,teleport
leave_one_ordering_out,0,forest_delta_regressor,bc2d5292433dbd57457d4b8e18f32adf5b65f135ba9bc3522cd34066a6aaff03_synthetic_ring_6q_transpiler_47,teleport
leave_one_ordering_out,0,forest_delta_regressor,0fc28dc35599b93623d9613d500225976d3b315fe307e512a0db8d51410569b8_synthetic_grid_6q_transpiler_11,teleport
leave_one_ordering_out,0,forest_delta_regressor,0fc28dc35599b93623d9613d500225976d3b315fe307e512a0db8d51410569b8_synthetic_grid_6q_transpiler_19,teleport
leave_one_ordering_out,0,forest_delta_regressor,0fc28dc35599b93623d9613d500225976d3b315fe307e512a0db8d51410569b8_synthetic_grid_6q_transpiler_29,teleport
leave_one_ordering_out,0,forest_delta_regressor,0fc28dc35599b93623d9613d500225976d3b315fe307e512a0db8d51410569b8_synthetic_grid_6q_transpiler_37,teleport
leave_one_ordering_out,0,forest_delta_regressor,0fc28dc35599b93623d9613d500225976d3b315fe307e512a0db8d51410569b8_synthetic_grid_6q_transpiler_47,teleport
leave_one_ordering_out,0,forest_delta_regressor,72b1038facc288285e2702246aec8cb5a5d554250f6dd4647e31f249d53e1c38_synthetic_irregular_7q_spread_11,teleport
leave_one_ordering_out,0,forest_delta_regressor,72b1038facc288285e2702246aec8cb5a5d554250f6dd4647e31f249d53e1c38_synthetic_irregular_7q_spread_19,teleport
leave_one_ordering_out,0,forest_delta_regressor,72b1038facc288285e2702246aec8cb5a5d554250f6dd4647e31f249d53e1c38_synthetic_irregular_7q_spread_29,teleport
leave_one_ordering_out,0,forest_delta_regressor,72b1038facc288285e2702246aec8cb5a5d554250f6dd4647e31f249d53e1c38_synthetic_irregular_7q_spread_37,teleport
leave_one_ordering_out,0,forest_delta_regressor,72b1038facc288285e2702246aec8cb5a5d554250f6dd4647e31f249d53e1c38_synthetic_irregular_7q_spread_47,teleport
leave_one_ordering_out,0,forest_delta_regressor,458db1b65dc833bd8c659df2b45270528a8cfce8db05e426b8a2f00bff2e84f9_synthetic_ring_6q_transpiler_11,tie
leave_one_ordering_out,0,forest_delta_regressor,458db1b65dc833bd8c659df2b45270528a8cfce8db05e426b8a2f00bff2e84f9_synthetic_ring_6q_transpiler_19,tie
leave_one_ordering_out,0,forest_delta_regressor,458db1b65dc833bd8c659df2b45270528a8cfce8db05e426b8a2f00bff2e84f9_synthetic_ring_6q_transpiler_29,tie
leave_one_ordering_out,0,forest_delta_regressor,458db1b65dc833bd8c659df2b45270528a8cfce8db05e426b8a2f00bff2e84f9_synthetic_ring_6q_transpiler_37,tie
leave_one_ordering_out,0,forest_delta_regressor,458db1b65dc833bd8c659df2b45270528a8cfce8db05e426b8a2f00bff2e84f9_synthetic_ring_6q_transpiler_47,tie
leave_one_ordering_out,0,forest_delta_regressor,8a9838b475d9bb5d15c2324d44b159fb5c192b8a4ea7b71bf432d0ede311ee02_synthetic_grid_6q_transpiler_11,tie
leave_one_ordering_out,0,forest_delta_regressor,8a9838b475d9bb5d15c2324d44b159fb5c192b8a4ea7b71bf432d0ede311ee02_synthetic_grid_6q_transpiler_19,tie
leave_one_ordering_out,0,forest_delta_regressor,8a9838b475d9bb5d15c2324d44b159fb5c192b8a4ea7b71bf432d0ede311ee02_synthetic_grid_6q_transpiler_29,tie
leave_one_ordering_out,0,forest_delta_regressor,8a9838b475d9bb5d15c2324d44b159fb5c192b8a4ea7b71bf432d0ede311ee02_synthetic_grid_6q_transpiler_37,tie
leave_one_ordering_out,0,forest_delta_regressor,8a9838b475d9bb5d15c2324d44b159fb5c192b8a4ea7b71bf432d0ede311ee02_synthetic_grid_6q_transpiler_47,tie
leave_one_ordering_out,0,forest_delta_regressor,11917b6d9db4ec58f18384b3e34529b1823f5609fb71679e29b7f5856b29e04b_synthetic_grid_8q_transpiler_11,basic
leave_one_ordering_out,0,forest_delta_regressor,11917b6d9db4ec58f18384b3e34529b1823f5609fb71679e29b7f5856b29e04b_synthetic_grid_8q_transpiler_19,basic
leave_one_ordering_out,0,forest_delta_regressor,11917b6d9db4ec58f18384b3e34529b1823f5609fb71679e29b7f5856b29e04b_synthetic_grid_8q_transpiler_29,basic
leave_one_ordering_out,0,forest_delta_regressor,11917b6d9db4ec58f18384b3e34529b1823f5609fb71679e29b7f5856b29e04b_synthetic_grid_8q_transpiler_37,basic
leave_one_ordering_out,0,forest_delta_regressor,11917b6d9db4ec58f18384b3e34529b1823f5609fb71679e29b7f5856b29e04b_synthetic_grid_8q_transpiler_47,basic
leave_one_ordering_out,0,forest_delta_regressor,1c000dbb03545990843f258f2cd99e62a98221c482c76d7c86deb19993107e91_synthetic_grid_8q_transpiler_11,basic
leave_one_ordering_out,0,forest_delta_regressor,1c000dbb03545990843f258f2cd99e62a98221c482c76d7c86deb19993107e91_synthetic_grid_8q_transpiler_19,basic
leave_one_ordering_out,0,forest_delta_regressor,1c000dbb03545990843f258f2cd99e62a98221c482c76d7c86deb19993107e91_synthetic_grid_8q_transpiler_29,basic
leave_one_ordering_out,0,forest_delta_regressor,1c000dbb03545990843f258f2cd99e62a98221c482c76d7c86deb19993107e91_synthetic_grid_8q_transpiler_37,basic
leave_one_ordering_out,0,forest_delta_regressor,1c000dbb03545990843f258f2cd99e62a98221c482c76d7c86deb19993107e91_synthetic_grid_8q_transpiler_47,basic
leave_one_ordering_out,1,always_basic,b4d5502166457832ab5510beca11bf8da7f4721a767e3c0a5898a00a9f9831cd_synthetic_heavy_hex_like_7q_transpiler_11,basic
leave_one_ordering_out,1,always_basic,b4d5502166457832ab5510beca11bf8da7f4721a767e3c0a5898a00a9f9831cd_synthetic_heavy_hex_like_7q_transpiler_19,basic
leave_one_ordering_out,1,always_basic,b4d5502166457832ab5510beca11bf8da7f4721a767e3c0a5898a00a9f9831cd_synthetic_heavy_hex_like_7q_transpiler_29,basic
leave_one_ordering_out,1,always_basic,b4d5502166457832ab5510beca11bf8da7f4721a767e3c0a5898a00a9f9831cd_synthetic_heavy_hex_like_7q_transpiler_37,basic
leave_one_ordering_out,1,always_basic,b4d5502166457832ab5510beca11bf8da7f4721a767e3c0a5898a00a9f9831cd_synthetic_heavy_hex_like_7q_transpiler_47,basic
leave_one_ordering_out,1,always_basic,dabd84c4a3325ef21b50a394178e913fd5ef5dba3253c4dc929ef5785b340571_synthetic_line_6q_favorable_11,basic
leave_one_ordering_out,1,always_basic,dabd84c4a3325ef21b50a394178e913fd5ef5dba3253c4dc929ef5785b340571_synthetic_line_6q_favorable_19,basic
leave_one_ordering_out,1,always_basic,dabd84c4a3325ef21b50a394178e913fd5ef5dba3253c4dc929ef5785b340571_synthetic_line_6q_favorable_29,basic
leave_one_ordering_out,1,always_basic,dabd84c4a3325ef21b50a394178e913fd5ef5dba3253c4dc929ef5785b340571_synthetic_line_6q_favorable_37,basic
leave_one_ordering_out,1,always_basic,dabd84c4a3325ef21b50a394178e913fd5ef5dba3253c4dc929ef5785b340571_synthetic_line_6q_favorable_47,basic
leave_one_ordering_out,1,always_basic,dabd84c4a3325ef21b50a394178e913fd5ef5dba3253c4dc929ef5785b340571_synthetic_line_6q_spread_11,basic
leave_one_ordering_out,1,always_basic,dabd84c4a3325ef21b50a394178e913fd5ef5dba3253c4dc929ef5785b340571_synthetic_line_6q_spread_19,basic
leave_one_ordering_out,1,always_basic,dabd84c4a3325ef21b50a394178e913fd5ef5dba3253c4dc929ef5785b340571_synthetic_line_6q_spread_29,basic
leave_one_ordering_out,1,always_basic,dabd84c4a3325ef21b50a394178e913fd5ef5dba3253c4dc929ef5785b340571_synthetic_line_6q_spread_37,basic
leave_one_ordering_out,1,always_basic,dabd84c4a3325ef21b50a394178e913fd5ef5dba3253c4dc929ef5785b340571_synthetic_line_6q_spread_47,basic
leave_one_ordering_out,1,always_basic,dabd84c4a3325ef21b50a394178e913fd5ef5dba3253c4dc929ef5785b340571_synthetic_ring_6q_transpiler_11,basic
leave_one_ordering_out,1,always_basic,dabd84c4a3325ef21b50a394178e913fd5ef5dba3253c4dc929ef5785b340571_synthetic_ring_6q_transpiler_19,basic
leave_one_ordering_out,1,always_basic,dabd84c4a3325ef21b50a394178e913fd5ef5dba3253c4dc929ef5785b340571_synthetic_ring_6q_transpiler_29,basic
leave_one_ordering_out,1,always_basic,dabd84c4a3325ef21b50a394178e913fd5ef5dba3253c4dc929ef5785b340571_synthetic_ring_6q_transpiler_37,basic
leave_one_ordering_out,1,always_basic,dabd84c4a3325ef21b50a394178e913fd5ef5dba3253c4dc929ef5785b340571_synthetic_ring_6q_transpiler_47,basic
leave_one_ordering_out,1,always_basic,dabd84c4a3325ef21b50a394178e913fd5ef5dba3253c4dc929ef5785b340571_synthetic_grid_6q_transpiler_11,basic
leave_one_ordering_out,1,always_basic,dabd84c4a3325ef21b50a394178e913fd5ef5dba3253c4dc929ef5785b340571_synthetic_grid_6q_transpiler_19,basic
leave_one_ordering_out,1,always_basic,dabd84c4a3325ef21b50a394178e913fd5ef5dba3253c4dc929ef5785b340571_synthetic_grid_6q_transpiler_29,basic
leave_one_ordering_out,1,always_basic,dabd84c4a3325ef21b50a394178e913fd5ef5dba3253c4dc929ef5785b340571_synthetic_grid_6q_transpiler_37,basic
leave_one_ordering_out,1,always_basic,dabd84c4a3325ef21b50a394178e913fd5ef5dba3253c4dc929ef5785b340571_synthetic_grid_6q_transpiler_47,basic
leave_one_ordering_out,1,always_basic,dabd84c4a3325ef21b50a394178e913fd5ef5dba3253c4dc929ef5785b340571_synthetic_heavy_hex_like_7q_transpiler_11,basic
leave_one_ordering_out,1,always_basic,dabd84c4a3325ef21b50a394178e913fd5ef5dba3253c4dc929ef5785b340571_synthetic_heavy_hex_like_7q_transpiler_19,basic
leave_one_ordering_out,1,always_basic,dabd84c4a3325ef21b50a394178e913fd5ef5dba3253c4dc929ef5785b340571_synthetic_heavy_hex_like_7q_transpiler_29,basic
leave_one_ordering_out,1,always_basic,dabd84c4a3325ef21b50a394178e913fd5ef5dba3253c4dc929ef5785b340571_synthetic_heavy_hex_like_7q_transpiler_37,basic
leave_one_ordering_out,1,always_basic,dabd84c4a3325ef21b50a394178e913fd5ef5dba3253c4dc929ef5785b340571_synthetic_heavy_hex_like_7q_transpiler_47,basic
leave_one_ordering_out,1,always_basic,dabd84c4a3325ef21b50a394178e913fd5ef5dba3253c4dc929ef5785b340571_synthetic_irregular_7q_favorable_11,basic
leave_one_ordering_out,1,always_basic,dabd84c4a3325ef21b50a394178e913fd5ef5dba3253c4dc929ef5785b340571_synthetic_irregular_7q_favorable_19,basic
leave_one_ordering_out,1,always_basic,dabd84c4a3325ef21b50a394178e913fd5ef5dba3253c4dc929ef5785b340571_synthetic_irregular_7q_favorable_29,basic
leave_one_ordering_out,1,always_basic,dabd84c4a3325ef21b50a394178e913fd5ef5dba3253c4dc929ef5785b340571_synthetic_irregular_7q_favorable_37,basic
leave_one_ordering_out,1,always_basic,dabd84c4a3325ef21b50a394178e913fd5ef5dba3253c4dc929ef5785b340571_synthetic_irregular_7q_favorable_47,basic
leave_one_ordering_out,1,always_basic,dabd84c4a3325ef21b50a394178e913fd5ef5dba3253c4dc929ef5785b340571_synthetic_irregular_7q_spread_11,basic
leave_one_ordering_out,1,always_basic,dabd84c4a3325ef21b50a394178e913fd5ef5dba3253c4dc929ef5785b340571_synthetic_irregular_7q_spread_19,basic
leave_one_ordering_out,1,always_basic,dabd84c4a3325ef21b50a394178e913fd5ef5dba3253c4dc929ef5785b340571_synthetic_irregular_7q_spread_29,basic
leave_one_ordering_out,1,always_basic,dabd84c4a3325ef21b50a394178e913fd5ef5dba3253c4dc929ef5785b340571_synthetic_irregular_7q_spread_37,basic
leave_one_ordering_out,1,always_basic,dabd84c4a3325ef21b50a394178e913fd5ef5dba3253c4dc929ef5785b340571_synthetic_irregular_7q_spread_47,basic
leave_one_ordering_out,1,always_teleport,b4d5502166457832ab5510beca11bf8da7f4721a767e3c0a5898a00a9f9831cd_synthetic_heavy_hex_like_7q_transpiler_11,teleport
leave_one_ordering_out,1,always_teleport,b4d5502166457832ab5510beca11bf8da7f4721a767e3c0a5898a00a9f9831cd_synthetic_heavy_hex_like_7q_transpiler_19,teleport
leave_one_ordering_out,1,always_teleport,b4d5502166457832ab5510beca11bf8da7f4721a767e3c0a5898a00a9f9831cd_synthetic_heavy_hex_like_7q_transpiler_29,teleport
leave_one_ordering_out,1,always_teleport,b4d5502166457832ab5510beca11bf8da7f4721a767e3c0a5898a00a9f9831cd_synthetic_heavy_hex_like_7q_transpiler_37,teleport
leave_one_ordering_out,1,always_teleport,b4d5502166457832ab5510beca11bf8da7f4721a767e3c0a5898a00a9f9831cd_synthetic_heavy_hex_like_7q_transpiler_47,teleport
leave_one_ordering_out,1,always_teleport,dabd84c4a3325ef21b50a394178e913fd5ef5dba3253c4dc929ef5785b340571_synthetic_line_6q_favorable_11,teleport
leave_one_ordering_out,1,always_teleport,dabd84c4a3325ef21b50a394178e913fd5ef5dba3253c4dc929ef5785b340571_synthetic_line_6q_favorable_19,teleport
leave_one_ordering_out,1,always_teleport,dabd84c4a3325ef21b50a394178e913fd5ef5dba3253c4dc929ef5785b340571_synthetic_line_6q_favorable_29,teleport
leave_one_ordering_out,1,always_teleport,dabd84c4a3325ef21b50a394178e913fd5ef5dba3253c4dc929ef5785b340571_synthetic_line_6q_favorable_37,teleport
leave_one_ordering_out,1,always_teleport,dabd84c4a3325ef21b50a394178e913fd5ef5dba3253c4dc929ef5785b340571_synthetic_line_6q_favorable_47,teleport
leave_one_ordering_out,1,always_teleport,dabd84c4a3325ef21b50a394178e913fd5ef5dba3253c4dc929ef5785b340571_synthetic_line_6q_spread_11,teleport
leave_one_ordering_out,1,always_teleport,dabd84c4a3325ef21b50a394178e913fd5ef5dba3253c4dc929ef5785b340571_synthetic_line_6q_spread_19,teleport
leave_one_ordering_out,1,always_teleport,dabd84c4a3325ef21b50a394178e913fd5ef5dba3253c4dc929ef5785b340571_synthetic_line_6q_spread_29,teleport
leave_one_ordering_out,1,always_teleport,dabd84c4a3325ef21b50a394178e913fd5ef5dba3253c4dc929ef5785b340571_synthetic_line_6q_spread_37,teleport
leave_one_ordering_out,1,always_teleport,dabd84c4a3325ef21b50a394178e913fd5ef5dba3253c4dc929ef5785b340571_synthetic_line_6q_spread_47,teleport
leave_one_ordering_out,1,always_teleport,dabd84c4a3325ef21b50a394178e913fd5ef5dba3253c4dc929ef5785b340571_synthetic_ring_6q_transpiler_11,teleport
leave_one_ordering_out,1,always_teleport,dabd84c4a3325ef21b50a394178e913fd5ef5dba3253c4dc929ef5785b340571_synthetic_ring_6q_transpiler_19,teleport
leave_one_ordering_out,1,always_teleport,dabd84c4a3325ef21b50a394178e913fd5ef5dba3253c4dc929ef5785b340571_synthetic_ring_6q_transpiler_29,teleport
leave_one_ordering_out,1,always_teleport,dabd84c4a3325ef21b50a394178e913fd5ef5dba3253c4dc929ef5785b340571_synthetic_ring_6q_transpiler_37,teleport
leave_one_ordering_out,1,always_teleport,dabd84c4a3325ef21b50a394178e913fd5ef5dba3253c4dc929ef5785b340571_synthetic_ring_6q_transpiler_47,teleport
leave_one_ordering_out,1,always_teleport,dabd84c4a3325ef21b50a394178e913fd5ef5dba3253c4dc929ef5785b340571_synthetic_grid_6q_transpiler_11,teleport
leave_one_ordering_out,1,always_teleport,dabd84c4a3325ef21b50a394178e913fd5ef5dba3253c4dc929ef5785b340571_synthetic_grid_6q_transpiler_19,teleport
leave_one_ordering_out,1,always_teleport,dabd84c4a3325ef21b50a394178e913fd5ef5dba3253c4dc929ef5785b340571_synthetic_grid_6q_transpiler_29,teleport
leave_one_ordering_out,1,always_teleport,dabd84c4a3325ef21b50a394178e913fd5ef5dba3253c4dc929ef5785b340571_synthetic_grid_6q_transpiler_37,teleport
leave_one_ordering_out,1,always_teleport,dabd84c4a3325ef21b50a394178e913fd5ef5dba3253c4dc929ef5785b340571_synthetic_grid_6q_transpiler_47,teleport
leave_one_ordering_out,1,always_teleport,dabd84c4a3325ef21b50a394178e913fd5ef5dba3253c4dc929ef5785b340571_synthetic_heavy_hex_like_7q_transpiler_11,teleport
leave_one_ordering_out,1,always_teleport,dabd84c4a3325ef21b50a394178e913fd5ef5dba3253c4dc929ef5785b340571_synthetic_heavy_hex_like_7q_transpiler_19,teleport
leave_one_ordering_out,1,always_teleport,dabd84c4a3325ef21b50a394178e913fd5ef5dba3253c4dc929ef5785b340571_synthetic_heavy_hex_like_7q_transpiler_29,teleport
leave_one_ordering_out,1,always_teleport,dabd84c4a3325ef21b50a394178e913fd5ef5dba3253c4dc929ef5785b340571_synthetic_heavy_hex_like_7q_transpiler_37,teleport
leave_one_ordering_out,1,always_teleport,dabd84c4a3325ef21b50a394178e913fd5ef5dba3253c4dc929ef5785b340571_synthetic_heavy_hex_like_7q_transpiler_47,teleport
leave_one_ordering_out,1,always_teleport,dabd84c4a3325ef21b50a394178e913fd5ef5dba3253c4dc929ef5785b340571_synthetic_irregular_7q_favorable_11,teleport
leave_one_ordering_out,1,always_teleport,dabd84c4a3325ef21b50a394178e913fd5ef5dba3253c4dc929ef5785b340571_synthetic_irregular_7q_favorable_19,teleport
leave_one_ordering_out,1,always_teleport,dabd84c4a3325ef21b50a394178e913fd5ef5dba3253c4dc929ef5785b340571_synthetic_irregular_7q_favorable_29,teleport
leave_one_ordering_out,1,always_teleport,dabd84c4a3325ef21b50a394178e913fd5ef5dba3253c4dc929ef5785b340571_synthetic_irregular_7q_favorable_37,teleport
leave_one_ordering_out,1,always_teleport,dabd84c4a3325ef21b50a394178e913fd5ef5dba3253c4dc929ef5785b340571_synthetic_irregular_7q_favorable_47,teleport
leave_one_ordering_out,1,always_teleport,dabd84c4a3325ef21b50a394178e913fd5ef5dba3253c4dc929ef5785b340571_synthetic_irregular_7q_spread_11,teleport
leave_one_ordering_out,1,always_teleport,dabd84c4a3325ef21b50a394178e913fd5ef5dba3253c4dc929ef5785b340571_synthetic_irregular_7q_spread_19,teleport
leave_one_ordering_out,1,always_teleport,dabd84c4a3325ef21b50a394178e913fd5ef5dba3253c4dc929ef5785b340571_synthetic_irregular_7q_spread_29,teleport
leave_one_ordering_out,1,always_teleport,dabd84c4a3325ef21b50a394178e913fd5ef5dba3253c4dc929ef5785b340571_synthetic_irregular_7q_spread_37,teleport
leave_one_ordering_out,1,always_teleport,dabd84c4a3325ef21b50a394178e913fd5ef5dba3253c4dc929ef5785b340571_synthetic_irregular_7q_spread_47,teleport
leave_one_ordering_out,1,majority,b4d5502166457832ab5510beca11bf8da7f4721a767e3c0a5898a00a9f9831cd_synthetic_heavy_hex_like_7q_transpiler_11,teleport
leave_one_ordering_out,1,majority,b4d5502166457832ab5510beca11bf8da7f4721a767e3c0a5898a00a9f9831cd_synthetic_heavy_hex_like_7q_transpiler_19,teleport
leave_one_ordering_out,1,majority,b4d5502166457832ab5510beca11bf8da7f4721a767e3c0a5898a00a9f9831cd_synthetic_heavy_hex_like_7q_transpiler_29,teleport
leave_one_ordering_out,1,majority,b4d5502166457832ab5510beca11bf8da7f4721a767e3c0a5898a00a9f9831cd_synthetic_heavy_hex_like_7q_transpiler_37,teleport
leave_one_ordering_out,1,majority,b4d5502166457832ab5510beca11bf8da7f4721a767e3c0a5898a00a9f9831cd_synthetic_heavy_hex_like_7q_transpiler_47,teleport
leave_one_ordering_out,1,majority,dabd84c4a3325ef21b50a394178e913fd5ef5dba3253c4dc929ef5785b340571_synthetic_line_6q_favorable_11,teleport
leave_one_ordering_out,1,majority,dabd84c4a3325ef21b50a394178e913fd5ef5dba3253c4dc929ef5785b340571_synthetic_line_6q_favorable_19,teleport
leave_one_ordering_out,1,majority,dabd84c4a3325ef21b50a394178e913fd5ef5dba3253c4dc929ef5785b340571_synthetic_line_6q_favorable_29,teleport
leave_one_ordering_out,1,majority,dabd84c4a3325ef21b50a394178e913fd5ef5dba3253c4dc929ef5785b340571_synthetic_line_6q_favorable_37,teleport
leave_one_ordering_out,1,majority,dabd84c4a3325ef21b50a394178e913fd5ef5dba3253c4dc929ef5785b340571_synthetic_line_6q_favorable_47,teleport
leave_one_ordering_out,1,majority,dabd84c4a3325ef21b50a394178e913fd5ef5dba3253c4dc929ef5785b340571_synthetic_line_6q_spread_11,teleport
leave_one_ordering_out,1,majority,dabd84c4a3325ef21b50a394178e913fd5ef5dba3253c4dc929ef5785b340571_synthetic_line_6q_spread_19,teleport
leave_one_ordering_out,1,majority,dabd84c4a3325ef21b50a394178e913fd5ef5dba3253c4dc929ef5785b340571_synthetic_line_6q_spread_29,teleport
leave_one_ordering_out,1,majority,dabd84c4a3325ef21b50a394178e913fd5ef5dba3253c4dc929ef5785b340571_synthetic_line_6q_spread_37,teleport
leave_one_ordering_out,1,majority,dabd84c4a3325ef21b50a394178e913fd5ef5dba3253c4dc929ef5785b340571_synthetic_line_6q_spread_47,teleport
leave_one_ordering_out,1,majority,dabd84c4a3325ef21b50a394178e913fd5ef5dba3253c4dc929ef5785b340571_synthetic_ring_6q_transpiler_11,teleport
leave_one_ordering_out,1,majority,dabd84c4a3325ef21b50a394178e913fd5ef5dba3253c4dc929ef5785b340571_synthetic_ring_6q_transpiler_19,teleport
leave_one_ordering_out,1,majority,dabd84c4a3325ef21b50a394178e913fd5ef5dba3253c4dc929ef5785b340571_synthetic_ring_6q_transpiler_29,teleport
leave_one_ordering_out,1,majority,dabd84c4a3325ef21b50a394178e913fd5ef5dba3253c4dc929ef5785b340571_synthetic_ring_6q_transpiler_37,teleport
leave_one_ordering_out,1,majority,dabd84c4a3325ef21b50a394178e913fd5ef5dba3253c4dc929ef5785b340571_synthetic_ring_6q_transpiler_47,teleport
leave_one_ordering_out,1,majority,dabd84c4a3325ef21b50a394178e913fd5ef5dba3253c4dc929ef5785b340571_synthetic_grid_6q_transpiler_11,teleport
leave_one_ordering_out,1,majority,dabd84c4a3325ef21b50a394178e913fd5ef5dba3253c4dc929ef5785b340571_synthetic_grid_6q_transpiler_19,teleport
leave_one_ordering_out,1,majority,dabd84c4a3325ef21b50a394178e913fd5ef5dba3253c4dc929ef5785b340571_synthetic_grid_6q_transpiler_29,teleport
leave_one_ordering_out,1,majority,dabd84c4a3325ef21b50a394178e913fd5ef5dba3253c4dc929ef5785b340571_synthetic_grid_6q_transpiler_37,teleport
leave_one_ordering_out,1,majority,dabd84c4a3325ef21b50a394178e913fd5ef5dba3253c4dc929ef5785b340571_synthetic_grid_6q_transpiler_47,teleport
leave_one_ordering_out,1,majority,dabd84c4a3325ef21b50a394178e913fd5ef5dba3253c4dc929ef5785b340571_synthetic_heavy_hex_like_7q_transpiler_11,teleport
leave_one_ordering_out,1,majority,dabd84c4a3325ef21b50a394178e913fd5ef5dba3253c4dc929ef5785b340571_synthetic_heavy_hex_like_7q_transpiler_19,teleport
leave_one_ordering_out,1,majority,dabd84c4a3325ef21b50a394178e913fd5ef5dba3253c4dc929ef5785b340571_synthetic_heavy_hex_like_7q_transpiler_29,teleport
leave_one_ordering_out,1,majority,dabd84c4a3325ef21b50a394178e913fd5ef5dba3253c4dc929ef5785b340571_synthetic_heavy_hex_like_7q_transpiler_37,teleport
leave_one_ordering_out,1,majority,dabd84c4a3325ef21b50a394178e913fd5ef5dba3253c4dc929ef5785b340571_synthetic_heavy_hex_like_7q_transpiler_47,teleport
leave_one_ordering_out,1,majority,dabd84c4a3325ef21b50a394178e913fd5ef5dba3253c4dc929ef5785b340571_synthetic_irregular_7q_favorable_11,teleport
leave_one_ordering_out,1,majority,dabd84c4a3325ef21b50a394178e913fd5ef5dba3253c4dc929ef5785b340571_synthetic_irregular_7q_favorable_19,teleport
leave_one_ordering_out,1,majority,dabd84c4a3325ef21b50a394178e913fd5ef5dba3253c4dc929ef5785b340571_synthetic_irregular_7q_favorable_29,teleport
leave_one_ordering_out,1,majority,dabd84c4a3325ef21b50a394178e913fd5ef5dba3253c4dc929ef5785b340571_synthetic_irregular_7q_favorable_37,teleport
leave_one_ordering_out,1,majority,dabd84c4a3325ef21b50a394178e913fd5ef5dba3253c4dc929ef5785b340571_synthetic_irregular_7q_favorable_47,teleport
leave_one_ordering_out,1,majority,dabd84c4a3325ef21b50a394178e913fd5ef5dba3253c4dc929ef5785b340571_synthetic_irregular_7q_spread_11,teleport
leave_one_ordering_out,1,majority,dabd84c4a3325ef21b50a394178e913fd5ef5dba3253c4dc929ef5785b340571_synthetic_irregular_7q_spread_19,teleport
leave_one_ordering_out,1,majority,dabd84c4a3325ef21b50a394178e913fd5ef5dba3253c4dc929ef5785b340571_synthetic_irregular_7q_spread_29,teleport
leave_one_ordering_out,1,majority,dabd84c4a3325ef21b50a394178e913fd5ef5dba3253c4dc929ef5785b340571_synthetic_irregular_7q_spread_37,teleport
leave_one_ordering_out,1,majority,dabd84c4a3325ef21b50a394178e913fd5ef5dba3253c4dc929ef5785b340571_synthetic_irregular_7q_spread_47,teleport
leave_one_ordering_out,1,frozen_rule,b4d5502166457832ab5510beca11bf8da7f4721a767e3c0a5898a00a9f9831cd_synthetic_heavy_hex_like_7q_transpiler_11,basic
leave_one_ordering_out,1,frozen_rule,b4d5502166457832ab5510beca11bf8da7f4721a767e3c0a5898a00a9f9831cd_synthetic_heavy_hex_like_7q_transpiler_19,basic
leave_one_ordering_out,1,frozen_rule,b4d5502166457832ab5510beca11bf8da7f4721a767e3c0a5898a00a9f9831cd_synthetic_heavy_hex_like_7q_transpiler_29,basic
leave_one_ordering_out,1,frozen_rule,b4d5502166457832ab5510beca11bf8da7f4721a767e3c0a5898a00a9f9831cd_synthetic_heavy_hex_like_7q_transpiler_37,basic
leave_one_ordering_out,1,frozen_rule,b4d5502166457832ab5510beca11bf8da7f4721a767e3c0a5898a00a9f9831cd_synthetic_heavy_hex_like_7q_transpiler_47,basic
leave_one_ordering_out,1,frozen_rule,dabd84c4a3325ef21b50a394178e913fd5ef5dba3253c4dc929ef5785b340571_synthetic_line_6q_favorable_11,basic
leave_one_ordering_out,1,frozen_rule,dabd84c4a3325ef21b50a394178e913fd5ef5dba3253c4dc929ef5785b340571_synthetic_line_6q_favorable_19,basic
leave_one_ordering_out,1,frozen_rule,dabd84c4a3325ef21b50a394178e913fd5ef5dba3253c4dc929ef5785b340571_synthetic_line_6q_favorable_29,basic
leave_one_ordering_out,1,frozen_rule,dabd84c4a3325ef21b50a394178e913fd5ef5dba3253c4dc929ef5785b340571_synthetic_line_6q_favorable_37,basic
leave_one_ordering_out,1,frozen_rule,dabd84c4a3325ef21b50a394178e913fd5ef5dba3253c4dc929ef5785b340571_synthetic_line_6q_favorable_47,basic
leave_one_ordering_out,1,frozen_rule,dabd84c4a3325ef21b50a394178e913fd5ef5dba3253c4dc929ef5785b340571_synthetic_line_6q_spread_11,basic
leave_one_ordering_out,1,frozen_rule,dabd84c4a3325ef21b50a394178e913fd5ef5dba3253c4dc929ef5785b340571_synthetic_line_6q_spread_19,basic
leave_one_ordering_out,1,frozen_rule,dabd84c4a3325ef21b50a394178e913fd5ef5dba3253c4dc929ef5785b340571_synthetic_line_6q_spread_29,basic
leave_one_ordering_out,1,frozen_rule,dabd84c4a3325ef21b50a394178e913fd5ef5dba3253c4dc929ef5785b340571_synthetic_line_6q_spread_37,basic
leave_one_ordering_out,1,frozen_rule,dabd84c4a3325ef21b50a394178e913fd5ef5dba3253c4dc929ef5785b340571_synthetic_line_6q_spread_47,basic
leave_one_ordering_out,1,frozen_rule,dabd84c4a3325ef21b50a394178e913fd5ef5dba3253c4dc929ef5785b340571_synthetic_ring_6q_transpiler_11,basic
leave_one_ordering_out,1,frozen_rule,dabd84c4a3325ef21b50a394178e913fd5ef5dba3253c4dc929ef5785b340571_synthetic_ring_6q_transpiler_19,basic
leave_one_ordering_out,1,frozen_rule,dabd84c4a3325ef21b50a394178e913fd5ef5dba3253c4dc929ef5785b340571_synthetic_ring_6q_transpiler_29,basic
leave_one_ordering_out,1,frozen_rule,dabd84c4a3325ef21b50a394178e913fd5ef5dba3253c4dc929ef5785b340571_synthetic_ring_6q_transpiler_37,basic
leave_one_ordering_out,1,frozen_rule,dabd84c4a3325ef21b50a394178e913fd5ef5dba3253c4dc929ef5785b340571_synthetic_ring_6q_transpiler_47,basic
leave_one_ordering_out,1,frozen_rule,dabd84c4a3325ef21b50a394178e913fd5ef5dba3253c4dc929ef5785b340571_synthetic_grid_6q_transpiler_11,basic
leave_one_ordering_out,1,frozen_rule,dabd84c4a3325ef21b50a394178e913fd5ef5dba3253c4dc929ef5785b340571_synthetic_grid_6q_transpiler_19,basic
leave_one_ordering_out,1,frozen_rule,dabd84c4a3325ef21b50a394178e913fd5ef5dba3253c4dc929ef5785b340571_synthetic_grid_6q_transpiler_29,basic
leave_one_ordering_out,1,frozen_rule,dabd84c4a3325ef21b50a394178e913fd5ef5dba3253c4dc929ef5785b340571_synthetic_grid_6q_transpiler_37,basic
leave_one_ordering_out,1,frozen_rule,dabd84c4a3325ef21b50a394178e913fd5ef5dba3253c4dc929ef5785b340571_synthetic_grid_6q_transpiler_47,basic
leave_one_ordering_out,1,frozen_rule,dabd84c4a3325ef21b50a394178e913fd5ef5dba3253c4dc929ef5785b340571_synthetic_heavy_hex_like_7q_transpiler_11,basic
leave_one_ordering_out,1,frozen_rule,dabd84c4a3325ef21b50a394178e913fd5ef5dba3253c4dc929ef5785b340571_synthetic_heavy_hex_like_7q_transpiler_19,basic
leave_one_ordering_out,1,frozen_rule,dabd84c4a3325ef21b50a394178e913fd5ef5dba3253c4dc929ef5785b340571_synthetic_heavy_hex_like_7q_transpiler_29,basic
leave_one_ordering_out,1,frozen_rule,dabd84c4a3325ef21b50a394178e913fd5ef5dba3253c4dc929ef5785b340571_synthetic_heavy_hex_like_7q_transpiler_37,basic
leave_one_ordering_out,1,frozen_rule,dabd84c4a3325ef21b50a394178e913fd5ef5dba3253c4dc929ef5785b340571_synthetic_heavy_hex_like_7q_transpiler_47,basic
leave_one_ordering_out,1,frozen_rule,dabd84c4a3325ef21b50a394178e913fd5ef5dba3253c4dc929ef5785b340571_synthetic_irregular_7q_favorable_11,basic
leave_one_ordering_out,1,frozen_rule,dabd84c4a3325ef21b50a394178e913fd5ef5dba3253c4dc929ef5785b340571_synthetic_irregular_7q_favorable_19,basic
leave_one_ordering_out,1,frozen_rule,dabd84c4a3325ef21b50a394178e913fd5ef5dba3253c4dc929ef5785b340571_synthetic_irregular_7q_favorable_29,basic
leave_one_ordering_out,1,frozen_rule,dabd84c4a3325ef21b50a394178e913fd5ef5dba3253c4dc929ef5785b340571_synthetic_irregular_7q_favorable_37,basic
leave_one_ordering_out,1,frozen_rule,dabd84c4a3325ef21b50a394178e913fd5ef5dba3253c4dc929ef5785b340571_synthetic_irregular_7q_favorable_47,basic
leave_one_ordering_out,1,frozen_rule,dabd84c4a3325ef21b50a394178e913fd5ef5dba3253c4dc929ef5785b340571_synthetic_irregular_7q_spread_11,basic
leave_one_ordering_out,1,frozen_rule,dabd84c4a3325ef21b50a394178e913fd5ef5dba3253c4dc929ef5785b340571_synthetic_irregular_7q_spread_19,basic
leave_one_ordering_out,1,frozen_rule,dabd84c4a3325ef21b50a394178e913fd5ef5dba3253c4dc929ef5785b340571_synthetic_irregular_7q_spread_29,basic
leave_one_ordering_out,1,frozen_rule,dabd84c4a3325ef21b50a394178e913fd5ef5dba3253c4dc929ef5785b340571_synthetic_irregular_7q_spread_37,basic
leave_one_ordering_out,1,frozen_rule,dabd84c4a3325ef21b50a394178e913fd5ef5dba3253c4dc929ef5785b340571_synthetic_irregular_7q_spread_47,basic
leave_one_ordering_out,1,oracle,b4d5502166457832ab5510beca11bf8da7f4721a767e3c0a5898a00a9f9831cd_synthetic_heavy_hex_like_7q_transpiler_11,teleport
leave_one_ordering_out,1,oracle,b4d5502166457832ab5510beca11bf8da7f4721a767e3c0a5898a00a9f9831cd_synthetic_heavy_hex_like_7q_transpiler_19,teleport
leave_one_ordering_out,1,oracle,b4d5502166457832ab5510beca11bf8da7f4721a767e3c0a5898a00a9f9831cd_synthetic_heavy_hex_like_7q_transpiler_29,teleport
leave_one_ordering_out,1,oracle,b4d5502166457832ab5510beca11bf8da7f4721a767e3c0a5898a00a9f9831cd_synthetic_heavy_hex_like_7q_transpiler_37,teleport
leave_one_ordering_out,1,oracle,b4d5502166457832ab5510beca11bf8da7f4721a767e3c0a5898a00a9f9831cd_synthetic_heavy_hex_like_7q_transpiler_47,teleport
leave_one_ordering_out,1,oracle,dabd84c4a3325ef21b50a394178e913fd5ef5dba3253c4dc929ef5785b340571_synthetic_line_6q_favorable_11,teleport
leave_one_ordering_out,1,oracle,dabd84c4a3325ef21b50a394178e913fd5ef5dba3253c4dc929ef5785b340571_synthetic_line_6q_favorable_19,teleport
leave_one_ordering_out,1,oracle,dabd84c4a3325ef21b50a394178e913fd5ef5dba3253c4dc929ef5785b340571_synthetic_line_6q_favorable_29,teleport
leave_one_ordering_out,1,oracle,dabd84c4a3325ef21b50a394178e913fd5ef5dba3253c4dc929ef5785b340571_synthetic_line_6q_favorable_37,teleport
leave_one_ordering_out,1,oracle,dabd84c4a3325ef21b50a394178e913fd5ef5dba3253c4dc929ef5785b340571_synthetic_line_6q_favorable_47,teleport
leave_one_ordering_out,1,oracle,dabd84c4a3325ef21b50a394178e913fd5ef5dba3253c4dc929ef5785b340571_synthetic_line_6q_spread_11,teleport
leave_one_ordering_out,1,oracle,dabd84c4a3325ef21b50a394178e913fd5ef5dba3253c4dc929ef5785b340571_synthetic_line_6q_spread_19,teleport
leave_one_ordering_out,1,oracle,dabd84c4a3325ef21b50a394178e913fd5ef5dba3253c4dc929ef5785b340571_synthetic_line_6q_spread_29,teleport
leave_one_ordering_out,1,oracle,dabd84c4a3325ef21b50a394178e913fd5ef5dba3253c4dc929ef5785b340571_synthetic_line_6q_spread_37,teleport
leave_one_ordering_out,1,oracle,dabd84c4a3325ef21b50a394178e913fd5ef5dba3253c4dc929ef5785b340571_synthetic_line_6q_spread_47,teleport
leave_one_ordering_out,1,oracle,dabd84c4a3325ef21b50a394178e913fd5ef5dba3253c4dc929ef5785b340571_synthetic_ring_6q_transpiler_11,teleport
leave_one_ordering_out,1,oracle,dabd84c4a3325ef21b50a394178e913fd5ef5dba3253c4dc929ef5785b340571_synthetic_ring_6q_transpiler_19,teleport
leave_one_ordering_out,1,oracle,dabd84c4a3325ef21b50a394178e913fd5ef5dba3253c4dc929ef5785b340571_synthetic_ring_6q_transpiler_29,teleport
leave_one_ordering_out,1,oracle,dabd84c4a3325ef21b50a394178e913fd5ef5dba3253c4dc929ef5785b340571_synthetic_ring_6q_transpiler_37,teleport
leave_one_ordering_out,1,oracle,dabd84c4a3325ef21b50a394178e913fd5ef5dba3253c4dc929ef5785b340571_synthetic_ring_6q_transpiler_47,teleport
leave_one_ordering_out,1,oracle,dabd84c4a3325ef21b50a394178e913fd5ef5dba3253c4dc929ef5785b340571_synthetic_grid_6q_transpiler_11,teleport
leave_one_ordering_out,1,oracle,dabd84c4a3325ef21b50a394178e913fd5ef5dba3253c4dc929ef5785b340571_synthetic_grid_6q_transpiler_19,teleport
leave_one_ordering_out,1,oracle,dabd84c4a3325ef21b50a394178e913fd5ef5dba3253c4dc929ef5785b340571_synthetic_grid_6q_transpiler_29,teleport
leave_one_ordering_out,1,oracle,dabd84c4a3325ef21b50a394178e913fd5ef5dba3253c4dc929ef5785b340571_synthetic_grid_6q_transpiler_37,teleport
leave_one_ordering_out,1,oracle,dabd84c4a3325ef21b50a394178e913fd5ef5dba3253c4dc929ef5785b340571_synthetic_grid_6q_transpiler_47,teleport
leave_one_ordering_out,1,oracle,dabd84c4a3325ef21b50a394178e913fd5ef5dba3253c4dc929ef5785b340571_synthetic_heavy_hex_like_7q_transpiler_11,teleport
leave_one_ordering_out,1,oracle,dabd84c4a3325ef21b50a394178e913fd5ef5dba3253c4dc929ef5785b340571_synthetic_heavy_hex_like_7q_transpiler_19,teleport
leave_one_ordering_out,1,oracle,dabd84c4a3325ef21b50a394178e913fd5ef5dba3253c4dc929ef5785b340571_synthetic_heavy_hex_like_7q_transpiler_29,teleport
leave_one_ordering_out,1,oracle,dabd84c4a3325ef21b50a394178e913fd5ef5dba3253c4dc929ef5785b340571_synthetic_heavy_hex_like_7q_transpiler_37,teleport
leave_one_ordering_out,1,oracle,dabd84c4a3325ef21b50a394178e913fd5ef5dba3253c4dc929ef5785b340571_synthetic_heavy_hex_like_7q_transpiler_47,teleport
leave_one_ordering_out,1,oracle,dabd84c4a3325ef21b50a394178e913fd5ef5dba3253c4dc929ef5785b340571_synthetic_irregular_7q_favorable_11,teleport
leave_one_ordering_out,1,oracle,dabd84c4a3325ef21b50a394178e913fd5ef5dba3253c4dc929ef5785b340571_synthetic_irregular_7q_favorable_19,teleport
leave_one_ordering_out,1,oracle,dabd84c4a3325ef21b50a394178e913fd5ef5dba3253c4dc929ef5785b340571_synthetic_irregular_7q_favorable_29,teleport
leave_one_ordering_out,1,oracle,dabd84c4a3325ef21b50a394178e913fd5ef5dba3253c4dc929ef5785b340571_synthetic_irregular_7q_favorable_37,teleport
leave_one_ordering_out,1,oracle,dabd84c4a3325ef21b50a394178e913fd5ef5dba3253c4dc929ef5785b340571_synthetic_irregular_7q_favorable_47,teleport
leave_one_ordering_out,1,oracle,dabd84c4a3325ef21b50a394178e913fd5ef5dba3253c4dc929ef5785b340571_synthetic_irregular_7q_spread_11,teleport
leave_one_ordering_out,1,oracle,dabd84c4a3325ef21b50a394178e913fd5ef5dba3253c4dc929ef5785b340571_synthetic_irregular_7q_spread_19,teleport
leave_one_ordering_out,1,oracle,dabd84c4a3325ef21b50a394178e913fd5ef5dba3253c4dc929ef5785b340571_synthetic_irregular_7q_spread_29,teleport
leave_one_ordering_out,1,oracle,dabd84c4a3325ef21b50a394178e913fd5ef5dba3253c4dc929ef5785b340571_synthetic_irregular_7q_spread_37,teleport
leave_one_ordering_out,1,oracle,dabd84c4a3325ef21b50a394178e913fd5ef5dba3253c4dc929ef5785b340571_synthetic_irregular_7q_spread_47,teleport
leave_one_ordering_out,1,logistic,b4d5502166457832ab5510beca11bf8da7f4721a767e3c0a5898a00a9f9831cd_synthetic_heavy_hex_like_7q_transpiler_11,teleport
leave_one_ordering_out,1,logistic,b4d5502166457832ab5510beca11bf8da7f4721a767e3c0a5898a00a9f9831cd_synthetic_heavy_hex_like_7q_transpiler_19,teleport
leave_one_ordering_out,1,logistic,b4d5502166457832ab5510beca11bf8da7f4721a767e3c0a5898a00a9f9831cd_synthetic_heavy_hex_like_7q_transpiler_29,teleport
leave_one_ordering_out,1,logistic,b4d5502166457832ab5510beca11bf8da7f4721a767e3c0a5898a00a9f9831cd_synthetic_heavy_hex_like_7q_transpiler_37,teleport
leave_one_ordering_out,1,logistic,b4d5502166457832ab5510beca11bf8da7f4721a767e3c0a5898a00a9f9831cd_synthetic_heavy_hex_like_7q_transpiler_47,teleport
leave_one_ordering_out,1,logistic,dabd84c4a3325ef21b50a394178e913fd5ef5dba3253c4dc929ef5785b340571_synthetic_line_6q_favorable_11,teleport
leave_one_ordering_out,1,logistic,dabd84c4a3325ef21b50a394178e913fd5ef5dba3253c4dc929ef5785b340571_synthetic_line_6q_favorable_19,teleport
leave_one_ordering_out,1,logistic,dabd84c4a3325ef21b50a394178e913fd5ef5dba3253c4dc929ef5785b340571_synthetic_line_6q_favorable_29,teleport
leave_one_ordering_out,1,logistic,dabd84c4a3325ef21b50a394178e913fd5ef5dba3253c4dc929ef5785b340571_synthetic_line_6q_favorable_37,teleport
leave_one_ordering_out,1,logistic,dabd84c4a3325ef21b50a394178e913fd5ef5dba3253c4dc929ef5785b340571_synthetic_line_6q_favorable_47,teleport
leave_one_ordering_out,1,logistic,dabd84c4a3325ef21b50a394178e913fd5ef5dba3253c4dc929ef5785b340571_synthetic_line_6q_spread_11,teleport
leave_one_ordering_out,1,logistic,dabd84c4a3325ef21b50a394178e913fd5ef5dba3253c4dc929ef5785b340571_synthetic_line_6q_spread_19,teleport
leave_one_ordering_out,1,logistic,dabd84c4a3325ef21b50a394178e913fd5ef5dba3253c4dc929ef5785b340571_synthetic_line_6q_spread_29,teleport
leave_one_ordering_out,1,logistic,dabd84c4a3325ef21b50a394178e913fd5ef5dba3253c4dc929ef5785b340571_synthetic_line_6q_spread_37,teleport
leave_one_ordering_out,1,logistic,dabd84c4a3325ef21b50a394178e913fd5ef5dba3253c4dc929ef5785b340571_synthetic_line_6q_spread_47,teleport
leave_one_ordering_out,1,logistic,dabd84c4a3325ef21b50a394178e913fd5ef5dba3253c4dc929ef5785b340571_synthetic_ring_6q_transpiler_11,teleport
leave_one_ordering_out,1,logistic,dabd84c4a3325ef21b50a394178e913fd5ef5dba3253c4dc929ef5785b340571_synthetic_ring_6q_transpiler_19,teleport
leave_one_ordering_out,1,logistic,dabd84c4a3325ef21b50a394178e913fd5ef5dba3253c4dc929ef5785b340571_synthetic_ring_6q_transpiler_29,teleport
leave_one_ordering_out,1,logistic,dabd84c4a3325ef21b50a394178e913fd5ef5dba3253c4dc929ef5785b340571_synthetic_ring_6q_transpiler_37,teleport
leave_one_ordering_out,1,logistic,dabd84c4a3325ef21b50a394178e913fd5ef5dba3253c4dc929ef5785b340571_synthetic_ring_6q_transpiler_47,teleport
leave_one_ordering_out,1,logistic,dabd84c4a3325ef21b50a394178e913fd5ef5dba3253c4dc929ef5785b340571_synthetic_grid_6q_transpiler_11,teleport
leave_one_ordering_out,1,logistic,dabd84c4a3325ef21b50a394178e913fd5ef5dba3253c4dc929ef5785b340571_synthetic_grid_6q_transpiler_19,teleport
leave_one_ordering_out,1,logistic,dabd84c4a3325ef21b50a394178e913fd5ef5dba3253c4dc929ef5785b340571_synthetic_grid_6q_transpiler_29,teleport
leave_one_ordering_out,1,logistic,dabd84c4a3325ef21b50a394178e913fd5ef5dba3253c4dc929ef5785b340571_synthetic_grid_6q_transpiler_37,teleport
leave_one_ordering_out,1,logistic,dabd84c4a3325ef21b50a394178e913fd5ef5dba3253c4dc929ef5785b340571_synthetic_grid_6q_transpiler_47,teleport
leave_one_ordering_out,1,logistic,dabd84c4a3325ef21b50a394178e913fd5ef5dba3253c4dc929ef5785b340571_synthetic_heavy_hex_like_7q_transpiler_11,teleport
leave_one_ordering_out,1,logistic,dabd84c4a3325ef21b50a394178e913fd5ef5dba3253c4dc929ef5785b340571_synthetic_heavy_hex_like_7q_transpiler_19,teleport
leave_one_ordering_out,1,logistic,dabd84c4a3325ef21b50a394178e913fd5ef5dba3253c4dc929ef5785b340571_synthetic_heavy_hex_like_7q_transpiler_29,teleport
leave_one_ordering_out,1,logistic,dabd84c4a3325ef21b50a394178e913fd5ef5dba3253c4dc929ef5785b340571_synthetic_heavy_hex_like_7q_transpiler_37,teleport
leave_one_ordering_out,1,logistic,dabd84c4a3325ef21b50a394178e913fd5ef5dba3253c4dc929ef5785b340571_synthetic_heavy_hex_like_7q_transpiler_47,teleport
leave_one_ordering_out,1,logistic,dabd84c4a3325ef21b50a394178e913fd5ef5dba3253c4dc929ef5785b340571_synthetic_irregular_7q_favorable_11,basic
leave_one_ordering_out,1,logistic,dabd84c4a3325ef21b50a394178e913fd5ef5dba3253c4dc929ef5785b340571_synthetic_irregular_7q_favorable_19,basic
leave_one_ordering_out,1,logistic,dabd84c4a3325ef21b50a394178e913fd5ef5dba3253c4dc929ef5785b340571_synthetic_irregular_7q_favorable_29,basic
leave_one_ordering_out,1,logistic,dabd84c4a3325ef21b50a394178e913fd5ef5dba3253c4dc929ef5785b340571_synthetic_irregular_7q_favorable_37,basic
leave_one_ordering_out,1,logistic,dabd84c4a3325ef21b50a394178e913fd5ef5dba3253c4dc929ef5785b340571_synthetic_irregular_7q_favorable_47,basic
leave_one_ordering_out,1,logistic,dabd84c4a3325ef21b50a394178e913fd5ef5dba3253c4dc929ef5785b340571_synthetic_irregular_7q_spread_11,teleport
leave_one_ordering_out,1,logistic,dabd84c4a3325ef21b50a394178e913fd5ef5dba3253c4dc929ef5785b340571_synthetic_irregular_7q_spread_19,teleport
leave_one_ordering_out,1,logistic,dabd84c4a3325ef21b50a394178e913fd5ef5dba3253c4dc929ef5785b340571_synthetic_irregular_7q_spread_29,teleport
leave_one_ordering_out,1,logistic,dabd84c4a3325ef21b50a394178e913fd5ef5dba3253c4dc929ef5785b340571_synthetic_irregular_7q_spread_37,teleport
leave_one_ordering_out,1,logistic,dabd84c4a3325ef21b50a394178e913fd5ef5dba3253c4dc929ef5785b340571_synthetic_irregular_7q_spread_47,teleport
leave_one_ordering_out,1,tree,b4d5502166457832ab5510beca11bf8da7f4721a767e3c0a5898a00a9f9831cd_synthetic_heavy_hex_like_7q_transpiler_11,teleport
leave_one_ordering_out,1,tree,b4d5502166457832ab5510beca11bf8da7f4721a767e3c0a5898a00a9f9831cd_synthetic_heavy_hex_like_7q_transpiler_19,teleport
leave_one_ordering_out,1,tree,b4d5502166457832ab5510beca11bf8da7f4721a767e3c0a5898a00a9f9831cd_synthetic_heavy_hex_like_7q_transpiler_29,teleport
leave_one_ordering_out,1,tree,b4d5502166457832ab5510beca11bf8da7f4721a767e3c0a5898a00a9f9831cd_synthetic_heavy_hex_like_7q_transpiler_37,teleport
leave_one_ordering_out,1,tree,b4d5502166457832ab5510beca11bf8da7f4721a767e3c0a5898a00a9f9831cd_synthetic_heavy_hex_like_7q_transpiler_47,teleport
leave_one_ordering_out,1,tree,dabd84c4a3325ef21b50a394178e913fd5ef5dba3253c4dc929ef5785b340571_synthetic_line_6q_favorable_11,teleport
leave_one_ordering_out,1,tree,dabd84c4a3325ef21b50a394178e913fd5ef5dba3253c4dc929ef5785b340571_synthetic_line_6q_favorable_19,teleport
leave_one_ordering_out,1,tree,dabd84c4a3325ef21b50a394178e913fd5ef5dba3253c4dc929ef5785b340571_synthetic_line_6q_favorable_29,teleport
leave_one_ordering_out,1,tree,dabd84c4a3325ef21b50a394178e913fd5ef5dba3253c4dc929ef5785b340571_synthetic_line_6q_favorable_37,teleport
leave_one_ordering_out,1,tree,dabd84c4a3325ef21b50a394178e913fd5ef5dba3253c4dc929ef5785b340571_synthetic_line_6q_favorable_47,teleport
leave_one_ordering_out,1,tree,dabd84c4a3325ef21b50a394178e913fd5ef5dba3253c4dc929ef5785b340571_synthetic_line_6q_spread_11,teleport
leave_one_ordering_out,1,tree,dabd84c4a3325ef21b50a394178e913fd5ef5dba3253c4dc929ef5785b340571_synthetic_line_6q_spread_19,teleport
leave_one_ordering_out,1,tree,dabd84c4a3325ef21b50a394178e913fd5ef5dba3253c4dc929ef5785b340571_synthetic_line_6q_spread_29,teleport
leave_one_ordering_out,1,tree,dabd84c4a3325ef21b50a394178e913fd5ef5dba3253c4dc929ef5785b340571_synthetic_line_6q_spread_37,teleport
leave_one_ordering_out,1,tree,dabd84c4a3325ef21b50a394178e913fd5ef5dba3253c4dc929ef5785b340571_synthetic_line_6q_spread_47,teleport
leave_one_ordering_out,1,tree,dabd84c4a3325ef21b50a394178e913fd5ef5dba3253c4dc929ef5785b340571_synthetic_ring_6q_transpiler_11,teleport
leave_one_ordering_out,1,tree,dabd84c4a3325ef21b50a394178e913fd5ef5dba3253c4dc929ef5785b340571_synthetic_ring_6q_transpiler_19,teleport
leave_one_ordering_out,1,tree,dabd84c4a3325ef21b50a394178e913fd5ef5dba3253c4dc929ef5785b340571_synthetic_ring_6q_transpiler_29,teleport
leave_one_ordering_out,1,tree,dabd84c4a3325ef21b50a394178e913fd5ef5dba3253c4dc929ef5785b340571_synthetic_ring_6q_transpiler_37,teleport
leave_one_ordering_out,1,tree,dabd84c4a3325ef21b50a394178e913fd5ef5dba3253c4dc929ef5785b340571_synthetic_ring_6q_transpiler_47,teleport
leave_one_ordering_out,1,tree,dabd84c4a3325ef21b50a394178e913fd5ef5dba3253c4dc929ef5785b340571_synthetic_grid_6q_transpiler_11,teleport
leave_one_ordering_out,1,tree,dabd84c4a3325ef21b50a394178e913fd5ef5dba3253c4dc929ef5785b340571_synthetic_grid_6q_transpiler_19,teleport
leave_one_ordering_out,1,tree,dabd84c4a3325ef21b50a394178e913fd5ef5dba3253c4dc929ef5785b340571_synthetic_grid_6q_transpiler_29,teleport
leave_one_ordering_out,1,tree,dabd84c4a3325ef21b50a394178e913fd5ef5dba3253c4dc929ef5785b340571_synthetic_grid_6q_transpiler_37,teleport
leave_one_ordering_out,1,tree,dabd84c4a3325ef21b50a394178e913fd5ef5dba3253c4dc929ef5785b340571_synthetic_grid_6q_transpiler_47,teleport
leave_one_ordering_out,1,tree,dabd84c4a3325ef21b50a394178e913fd5ef5dba3253c4dc929ef5785b340571_synthetic_heavy_hex_like_7q_transpiler_11,teleport
leave_one_ordering_out,1,tree,dabd84c4a3325ef21b50a394178e913fd5ef5dba3253c4dc929ef5785b340571_synthetic_heavy_hex_like_7q_transpiler_19,teleport
leave_one_ordering_out,1,tree,dabd84c4a3325ef21b50a394178e913fd5ef5dba3253c4dc929ef5785b340571_synthetic_heavy_hex_like_7q_transpiler_29,teleport
leave_one_ordering_out,1,tree,dabd84c4a3325ef21b50a394178e913fd5ef5dba3253c4dc929ef5785b340571_synthetic_heavy_hex_like_7q_transpiler_37,teleport
leave_one_ordering_out,1,tree,dabd84c4a3325ef21b50a394178e913fd5ef5dba3253c4dc929ef5785b340571_synthetic_heavy_hex_like_7q_transpiler_47,teleport
leave_one_ordering_out,1,tree,dabd84c4a3325ef21b50a394178e913fd5ef5dba3253c4dc929ef5785b340571_synthetic_irregular_7q_favorable_11,basic
leave_one_ordering_out,1,tree,dabd84c4a3325ef21b50a394178e913fd5ef5dba3253c4dc929ef5785b340571_synthetic_irregular_7q_favorable_19,basic
leave_one_ordering_out,1,tree,dabd84c4a3325ef21b50a394178e913fd5ef5dba3253c4dc929ef5785b340571_synthetic_irregular_7q_favorable_29,basic
leave_one_ordering_out,1,tree,dabd84c4a3325ef21b50a394178e913fd5ef5dba3253c4dc929ef5785b340571_synthetic_irregular_7q_favorable_37,basic
leave_one_ordering_out,1,tree,dabd84c4a3325ef21b50a394178e913fd5ef5dba3253c4dc929ef5785b340571_synthetic_irregular_7q_favorable_47,basic
leave_one_ordering_out,1,tree,dabd84c4a3325ef21b50a394178e913fd5ef5dba3253c4dc929ef5785b340571_synthetic_irregular_7q_spread_11,basic
leave_one_ordering_out,1,tree,dabd84c4a3325ef21b50a394178e913fd5ef5dba3253c4dc929ef5785b340571_synthetic_irregular_7q_spread_19,basic
leave_one_ordering_out,1,tree,dabd84c4a3325ef21b50a394178e913fd5ef5dba3253c4dc929ef5785b340571_synthetic_irregular_7q_spread_29,basic
leave_one_ordering_out,1,tree,dabd84c4a3325ef21b50a394178e913fd5ef5dba3253c4dc929ef5785b340571_synthetic_irregular_7q_spread_37,basic
leave_one_ordering_out,1,tree,dabd84c4a3325ef21b50a394178e913fd5ef5dba3253c4dc929ef5785b340571_synthetic_irregular_7q_spread_47,basic
leave_one_ordering_out,1,forest_classifier,b4d5502166457832ab5510beca11bf8da7f4721a767e3c0a5898a00a9f9831cd_synthetic_heavy_hex_like_7q_transpiler_11,teleport
leave_one_ordering_out,1,forest_classifier,b4d5502166457832ab5510beca11bf8da7f4721a767e3c0a5898a00a9f9831cd_synthetic_heavy_hex_like_7q_transpiler_19,teleport
leave_one_ordering_out,1,forest_classifier,b4d5502166457832ab5510beca11bf8da7f4721a767e3c0a5898a00a9f9831cd_synthetic_heavy_hex_like_7q_transpiler_29,teleport
leave_one_ordering_out,1,forest_classifier,b4d5502166457832ab5510beca11bf8da7f4721a767e3c0a5898a00a9f9831cd_synthetic_heavy_hex_like_7q_transpiler_37,teleport
leave_one_ordering_out,1,forest_classifier,b4d5502166457832ab5510beca11bf8da7f4721a767e3c0a5898a00a9f9831cd_synthetic_heavy_hex_like_7q_transpiler_47,teleport
leave_one_ordering_out,1,forest_classifier,dabd84c4a3325ef21b50a394178e913fd5ef5dba3253c4dc929ef5785b340571_synthetic_line_6q_favorable_11,teleport
leave_one_ordering_out,1,forest_classifier,dabd84c4a3325ef21b50a394178e913fd5ef5dba3253c4dc929ef5785b340571_synthetic_line_6q_favorable_19,teleport
leave_one_ordering_out,1,forest_classifier,dabd84c4a3325ef21b50a394178e913fd5ef5dba3253c4dc929ef5785b340571_synthetic_line_6q_favorable_29,teleport
leave_one_ordering_out,1,forest_classifier,dabd84c4a3325ef21b50a394178e913fd5ef5dba3253c4dc929ef5785b340571_synthetic_line_6q_favorable_37,teleport
leave_one_ordering_out,1,forest_classifier,dabd84c4a3325ef21b50a394178e913fd5ef5dba3253c4dc929ef5785b340571_synthetic_line_6q_favorable_47,teleport
leave_one_ordering_out,1,forest_classifier,dabd84c4a3325ef21b50a394178e913fd5ef5dba3253c4dc929ef5785b340571_synthetic_line_6q_spread_11,teleport
leave_one_ordering_out,1,forest_classifier,dabd84c4a3325ef21b50a394178e913fd5ef5dba3253c4dc929ef5785b340571_synthetic_line_6q_spread_19,teleport
leave_one_ordering_out,1,forest_classifier,dabd84c4a3325ef21b50a394178e913fd5ef5dba3253c4dc929ef5785b340571_synthetic_line_6q_spread_29,teleport
leave_one_ordering_out,1,forest_classifier,dabd84c4a3325ef21b50a394178e913fd5ef5dba3253c4dc929ef5785b340571_synthetic_line_6q_spread_37,teleport
leave_one_ordering_out,1,forest_classifier,dabd84c4a3325ef21b50a394178e913fd5ef5dba3253c4dc929ef5785b340571_synthetic_line_6q_spread_47,teleport
leave_one_ordering_out,1,forest_classifier,dabd84c4a3325ef21b50a394178e913fd5ef5dba3253c4dc929ef5785b340571_synthetic_ring_6q_transpiler_11,teleport
leave_one_ordering_out,1,forest_classifier,dabd84c4a3325ef21b50a394178e913fd5ef5dba3253c4dc929ef5785b340571_synthetic_ring_6q_transpiler_19,teleport
leave_one_ordering_out,1,forest_classifier,dabd84c4a3325ef21b50a394178e913fd5ef5dba3253c4dc929ef5785b340571_synthetic_ring_6q_transpiler_29,teleport
leave_one_ordering_out,1,forest_classifier,dabd84c4a3325ef21b50a394178e913fd5ef5dba3253c4dc929ef5785b340571_synthetic_ring_6q_transpiler_37,teleport
leave_one_ordering_out,1,forest_classifier,dabd84c4a3325ef21b50a394178e913fd5ef5dba3253c4dc929ef5785b340571_synthetic_ring_6q_transpiler_47,teleport
leave_one_ordering_out,1,forest_classifier,dabd84c4a3325ef21b50a394178e913fd5ef5dba3253c4dc929ef5785b340571_synthetic_grid_6q_transpiler_11,teleport
leave_one_ordering_out,1,forest_classifier,dabd84c4a3325ef21b50a394178e913fd5ef5dba3253c4dc929ef5785b340571_synthetic_grid_6q_transpiler_19,teleport
leave_one_ordering_out,1,forest_classifier,dabd84c4a3325ef21b50a394178e913fd5ef5dba3253c4dc929ef5785b340571_synthetic_grid_6q_transpiler_29,teleport
leave_one_ordering_out,1,forest_classifier,dabd84c4a3325ef21b50a394178e913fd5ef5dba3253c4dc929ef5785b340571_synthetic_grid_6q_transpiler_37,teleport
leave_one_ordering_out,1,forest_classifier,dabd84c4a3325ef21b50a394178e913fd5ef5dba3253c4dc929ef5785b340571_synthetic_grid_6q_transpiler_47,teleport
leave_one_ordering_out,1,forest_classifier,dabd84c4a3325ef21b50a394178e913fd5ef5dba3253c4dc929ef5785b340571_synthetic_heavy_hex_like_7q_transpiler_11,teleport
leave_one_ordering_out,1,forest_classifier,dabd84c4a3325ef21b50a394178e913fd5ef5dba3253c4dc929ef5785b340571_synthetic_heavy_hex_like_7q_transpiler_19,teleport
leave_one_ordering_out,1,forest_classifier,dabd84c4a3325ef21b50a394178e913fd5ef5dba3253c4dc929ef5785b340571_synthetic_heavy_hex_like_7q_transpiler_29,teleport
leave_one_ordering_out,1,forest_classifier,dabd84c4a3325ef21b50a394178e913fd5ef5dba3253c4dc929ef5785b340571_synthetic_heavy_hex_like_7q_transpiler_37,teleport
leave_one_ordering_out,1,forest_classifier,dabd84c4a3325ef21b50a394178e913fd5ef5dba3253c4dc929ef5785b340571_synthetic_heavy_hex_like_7q_transpiler_47,teleport
leave_one_ordering_out,1,forest_classifier,dabd84c4a3325ef21b50a394178e913fd5ef5dba3253c4dc929ef5785b340571_synthetic_irregular_7q_favorable_11,basic
leave_one_ordering_out,1,forest_classifier,dabd84c4a3325ef21b50a394178e913fd5ef5dba3253c4dc929ef5785b340571_synthetic_irregular_7q_favorable_19,basic
leave_one_ordering_out,1,forest_classifier,dabd84c4a3325ef21b50a394178e913fd5ef5dba3253c4dc929ef5785b340571_synthetic_irregular_7q_favorable_29,basic
leave_one_ordering_out,1,forest_classifier,dabd84c4a3325ef21b50a394178e913fd5ef5dba3253c4dc929ef5785b340571_synthetic_irregular_7q_favorable_37,basic
leave_one_ordering_out,1,forest_classifier,dabd84c4a3325ef21b50a394178e913fd5ef5dba3253c4dc929ef5785b340571_synthetic_irregular_7q_favorable_47,basic
leave_one_ordering_out,1,forest_classifier,dabd84c4a3325ef21b50a394178e913fd5ef5dba3253c4dc929ef5785b340571_synthetic_irregular_7q_spread_11,teleport
leave_one_ordering_out,1,forest_classifier,dabd84c4a3325ef21b50a394178e913fd5ef5dba3253c4dc929ef5785b340571_synthetic_irregular_7q_spread_19,teleport
leave_one_ordering_out,1,forest_classifier,dabd84c4a3325ef21b50a394178e913fd5ef5dba3253c4dc929ef5785b340571_synthetic_irregular_7q_spread_29,teleport
leave_one_ordering_out,1,forest_classifier,dabd84c4a3325ef21b50a394178e913fd5ef5dba3253c4dc929ef5785b340571_synthetic_irregular_7q_spread_37,teleport
leave_one_ordering_out,1,forest_classifier,dabd84c4a3325ef21b50a394178e913fd5ef5dba3253c4dc929ef5785b340571_synthetic_irregular_7q_spread_47,teleport
leave_one_ordering_out,1,forest_delta_regressor,b4d5502166457832ab5510beca11bf8da7f4721a767e3c0a5898a00a9f9831cd_synthetic_heavy_hex_like_7q_transpiler_11,teleport
leave_one_ordering_out,1,forest_delta_regressor,b4d5502166457832ab5510beca11bf8da7f4721a767e3c0a5898a00a9f9831cd_synthetic_heavy_hex_like_7q_transpiler_19,teleport
leave_one_ordering_out,1,forest_delta_regressor,b4d5502166457832ab5510beca11bf8da7f4721a767e3c0a5898a00a9f9831cd_synthetic_heavy_hex_like_7q_transpiler_29,teleport
leave_one_ordering_out,1,forest_delta_regressor,b4d5502166457832ab5510beca11bf8da7f4721a767e3c0a5898a00a9f9831cd_synthetic_heavy_hex_like_7q_transpiler_37,teleport
leave_one_ordering_out,1,forest_delta_regressor,b4d5502166457832ab5510beca11bf8da7f4721a767e3c0a5898a00a9f9831cd_synthetic_heavy_hex_like_7q_transpiler_47,teleport
leave_one_ordering_out,1,forest_delta_regressor,dabd84c4a3325ef21b50a394178e913fd5ef5dba3253c4dc929ef5785b340571_synthetic_line_6q_favorable_11,basic
leave_one_ordering_out,1,forest_delta_regressor,dabd84c4a3325ef21b50a394178e913fd5ef5dba3253c4dc929ef5785b340571_synthetic_line_6q_favorable_19,basic
leave_one_ordering_out,1,forest_delta_regressor,dabd84c4a3325ef21b50a394178e913fd5ef5dba3253c4dc929ef5785b340571_synthetic_line_6q_favorable_29,basic
leave_one_ordering_out,1,forest_delta_regressor,dabd84c4a3325ef21b50a394178e913fd5ef5dba3253c4dc929ef5785b340571_synthetic_line_6q_favorable_37,basic
leave_one_ordering_out,1,forest_delta_regressor,dabd84c4a3325ef21b50a394178e913fd5ef5dba3253c4dc929ef5785b340571_synthetic_line_6q_favorable_47,basic
leave_one_ordering_out,1,forest_delta_regressor,dabd84c4a3325ef21b50a394178e913fd5ef5dba3253c4dc929ef5785b340571_synthetic_line_6q_spread_11,teleport
leave_one_ordering_out,1,forest_delta_regressor,dabd84c4a3325ef21b50a394178e913fd5ef5dba3253c4dc929ef5785b340571_synthetic_line_6q_spread_19,teleport
leave_one_ordering_out,1,forest_delta_regressor,dabd84c4a3325ef21b50a394178e913fd5ef5dba3253c4dc929ef5785b340571_synthetic_line_6q_spread_29,teleport
leave_one_ordering_out,1,forest_delta_regressor,dabd84c4a3325ef21b50a394178e913fd5ef5dba3253c4dc929ef5785b340571_synthetic_line_6q_spread_37,teleport
leave_one_ordering_out,1,forest_delta_regressor,dabd84c4a3325ef21b50a394178e913fd5ef5dba3253c4dc929ef5785b340571_synthetic_line_6q_spread_47,teleport
leave_one_ordering_out,1,forest_delta_regressor,dabd84c4a3325ef21b50a394178e913fd5ef5dba3253c4dc929ef5785b340571_synthetic_ring_6q_transpiler_11,teleport
leave_one_ordering_out,1,forest_delta_regressor,dabd84c4a3325ef21b50a394178e913fd5ef5dba3253c4dc929ef5785b340571_synthetic_ring_6q_transpiler_19,teleport
leave_one_ordering_out,1,forest_delta_regressor,dabd84c4a3325ef21b50a394178e913fd5ef5dba3253c4dc929ef5785b340571_synthetic_ring_6q_transpiler_29,teleport
leave_one_ordering_out,1,forest_delta_regressor,dabd84c4a3325ef21b50a394178e913fd5ef5dba3253c4dc929ef5785b340571_synthetic_ring_6q_transpiler_37,teleport
leave_one_ordering_out,1,forest_delta_regressor,dabd84c4a3325ef21b50a394178e913fd5ef5dba3253c4dc929ef5785b340571_synthetic_ring_6q_transpiler_47,teleport
leave_one_ordering_out,1,forest_delta_regressor,dabd84c4a3325ef21b50a394178e913fd5ef5dba3253c4dc929ef5785b340571_synthetic_grid_6q_transpiler_11,teleport
leave_one_ordering_out,1,forest_delta_regressor,dabd84c4a3325ef21b50a394178e913fd5ef5dba3253c4dc929ef5785b340571_synthetic_grid_6q_transpiler_19,teleport
leave_one_ordering_out,1,forest_delta_regressor,dabd84c4a3325ef21b50a394178e913fd5ef5dba3253c4dc929ef5785b340571_synthetic_grid_6q_transpiler_29,teleport
leave_one_ordering_out,1,forest_delta_regressor,dabd84c4a3325ef21b50a394178e913fd5ef5dba3253c4dc929ef5785b340571_synthetic_grid_6q_transpiler_37,teleport
leave_one_ordering_out,1,forest_delta_regressor,dabd84c4a3325ef21b50a394178e913fd5ef5dba3253c4dc929ef5785b340571_synthetic_grid_6q_transpiler_47,teleport
leave_one_ordering_out,1,forest_delta_regressor,dabd84c4a3325ef21b50a394178e913fd5ef5dba3253c4dc929ef5785b340571_synthetic_heavy_hex_like_7q_transpiler_11,teleport
leave_one_ordering_out,1,forest_delta_regressor,dabd84c4a3325ef21b50a394178e913fd5ef5dba3253c4dc929ef5785b340571_synthetic_heavy_hex_like_7q_transpiler_19,teleport
leave_one_ordering_out,1,forest_delta_regressor,dabd84c4a3325ef21b50a394178e913fd5ef5dba3253c4dc929ef5785b340571_synthetic_heavy_hex_like_7q_transpiler_29,teleport
leave_one_ordering_out,1,forest_delta_regressor,dabd84c4a3325ef21b50a394178e913fd5ef5dba3253c4dc929ef5785b340571_synthetic_heavy_hex_like_7q_transpiler_37,teleport
leave_one_ordering_out,1,forest_delta_regressor,dabd84c4a3325ef21b50a394178e913fd5ef5dba3253c4dc929ef5785b340571_synthetic_heavy_hex_like_7q_transpiler_47,teleport
leave_one_ordering_out,1,forest_delta_regressor,dabd84c4a3325ef21b50a394178e913fd5ef5dba3253c4dc929ef5785b340571_synthetic_irregular_7q_favorable_11,basic
leave_one_ordering_out,1,forest_delta_regressor,dabd84c4a3325ef21b50a394178e913fd5ef5dba3253c4dc929ef5785b340571_synthetic_irregular_7q_favorable_19,basic
leave_one_ordering_out,1,forest_delta_regressor,dabd84c4a3325ef21b50a394178e913fd5ef5dba3253c4dc929ef5785b340571_synthetic_irregular_7q_favorable_29,basic
leave_one_ordering_out,1,forest_delta_regressor,dabd84c4a3325ef21b50a394178e913fd5ef5dba3253c4dc929ef5785b340571_synthetic_irregular_7q_favorable_37,basic
leave_one_ordering_out,1,forest_delta_regressor,dabd84c4a3325ef21b50a394178e913fd5ef5dba3253c4dc929ef5785b340571_synthetic_irregular_7q_favorable_47,basic
leave_one_ordering_out,1,forest_delta_regressor,dabd84c4a3325ef21b50a394178e913fd5ef5dba3253c4dc929ef5785b340571_synthetic_irregular_7q_spread_11,tie
leave_one_ordering_out,1,forest_delta_regressor,dabd84c4a3325ef21b50a394178e913fd5ef5dba3253c4dc929ef5785b340571_synthetic_irregular_7q_spread_19,tie
leave_one_ordering_out,1,forest_delta_regressor,dabd84c4a3325ef21b50a394178e913fd5ef5dba3253c4dc929ef5785b340571_synthetic_irregular_7q_spread_29,tie
leave_one_ordering_out,1,forest_delta_regressor,dabd84c4a3325ef21b50a394178e913fd5ef5dba3253c4dc929ef5785b340571_synthetic_irregular_7q_spread_37,tie
leave_one_ordering_out,1,forest_delta_regressor,dabd84c4a3325ef21b50a394178e913fd5ef5dba3253c4dc929ef5785b340571_synthetic_irregular_7q_spread_47,tie
leave_one_ordering_out,2,always_basic,199175ead0c72935d7a99429464f9050e079ef6f760813698618253a465ecf60_synthetic_irregular_7q_favorable_11,basic
leave_one_ordering_out,2,always_basic,199175ead0c72935d7a99429464f9050e079ef6f760813698618253a465ecf60_synthetic_irregular_7q_favorable_19,basic
leave_one_ordering_out,2,always_basic,199175ead0c72935d7a99429464f9050e079ef6f760813698618253a465ecf60_synthetic_irregular_7q_favorable_29,basic
leave_one_ordering_out,2,always_basic,199175ead0c72935d7a99429464f9050e079ef6f760813698618253a465ecf60_synthetic_irregular_7q_favorable_37,basic
leave_one_ordering_out,2,always_basic,199175ead0c72935d7a99429464f9050e079ef6f760813698618253a465ecf60_synthetic_irregular_7q_favorable_47,basic
leave_one_ordering_out,2,always_basic,b66e78c1f4a10c34763563660201dc843b5e66d635a6c02bb8e10ecf326cfd70_synthetic_irregular_7q_favorable_11,basic
leave_one_ordering_out,2,always_basic,b66e78c1f4a10c34763563660201dc843b5e66d635a6c02bb8e10ecf326cfd70_synthetic_irregular_7q_favorable_19,basic
leave_one_ordering_out,2,always_basic,b66e78c1f4a10c34763563660201dc843b5e66d635a6c02bb8e10ecf326cfd70_synthetic_irregular_7q_favorable_29,basic
leave_one_ordering_out,2,always_basic,b66e78c1f4a10c34763563660201dc843b5e66d635a6c02bb8e10ecf326cfd70_synthetic_irregular_7q_favorable_37,basic
leave_one_ordering_out,2,always_basic,b66e78c1f4a10c34763563660201dc843b5e66d635a6c02bb8e10ecf326cfd70_synthetic_irregular_7q_favorable_47,basic
leave_one_ordering_out,2,always_basic,10c94ee239653a068cec24e35ee4e3d08e1b8af56ad8685361f7159dac9a2303_synthetic_irregular_8q_favorable_11,basic
leave_one_ordering_out,2,always_basic,10c94ee239653a068cec24e35ee4e3d08e1b8af56ad8685361f7159dac9a2303_synthetic_irregular_8q_favorable_19,basic
leave_one_ordering_out,2,always_basic,10c94ee239653a068cec24e35ee4e3d08e1b8af56ad8685361f7159dac9a2303_synthetic_irregular_8q_favorable_29,basic
leave_one_ordering_out,2,always_basic,10c94ee239653a068cec24e35ee4e3d08e1b8af56ad8685361f7159dac9a2303_synthetic_irregular_8q_favorable_37,basic
leave_one_ordering_out,2,always_basic,10c94ee239653a068cec24e35ee4e3d08e1b8af56ad8685361f7159dac9a2303_synthetic_irregular_8q_favorable_47,basic
leave_one_ordering_out,2,always_teleport,199175ead0c72935d7a99429464f9050e079ef6f760813698618253a465ecf60_synthetic_irregular_7q_favorable_11,teleport
leave_one_ordering_out,2,always_teleport,199175ead0c72935d7a99429464f9050e079ef6f760813698618253a465ecf60_synthetic_irregular_7q_favorable_19,teleport
leave_one_ordering_out,2,always_teleport,199175ead0c72935d7a99429464f9050e079ef6f760813698618253a465ecf60_synthetic_irregular_7q_favorable_29,teleport
leave_one_ordering_out,2,always_teleport,199175ead0c72935d7a99429464f9050e079ef6f760813698618253a465ecf60_synthetic_irregular_7q_favorable_37,teleport
leave_one_ordering_out,2,always_teleport,199175ead0c72935d7a99429464f9050e079ef6f760813698618253a465ecf60_synthetic_irregular_7q_favorable_47,teleport
leave_one_ordering_out,2,always_teleport,b66e78c1f4a10c34763563660201dc843b5e66d635a6c02bb8e10ecf326cfd70_synthetic_irregular_7q_favorable_11,teleport
leave_one_ordering_out,2,always_teleport,b66e78c1f4a10c34763563660201dc843b5e66d635a6c02bb8e10ecf326cfd70_synthetic_irregular_7q_favorable_19,teleport
leave_one_ordering_out,2,always_teleport,b66e78c1f4a10c34763563660201dc843b5e66d635a6c02bb8e10ecf326cfd70_synthetic_irregular_7q_favorable_29,teleport
leave_one_ordering_out,2,always_teleport,b66e78c1f4a10c34763563660201dc843b5e66d635a6c02bb8e10ecf326cfd70_synthetic_irregular_7q_favorable_37,teleport
leave_one_ordering_out,2,always_teleport,b66e78c1f4a10c34763563660201dc843b5e66d635a6c02bb8e10ecf326cfd70_synthetic_irregular_7q_favorable_47,teleport
leave_one_ordering_out,2,always_teleport,10c94ee239653a068cec24e35ee4e3d08e1b8af56ad8685361f7159dac9a2303_synthetic_irregular_8q_favorable_11,teleport
leave_one_ordering_out,2,always_teleport,10c94ee239653a068cec24e35ee4e3d08e1b8af56ad8685361f7159dac9a2303_synthetic_irregular_8q_favorable_19,teleport
leave_one_ordering_out,2,always_teleport,10c94ee239653a068cec24e35ee4e3d08e1b8af56ad8685361f7159dac9a2303_synthetic_irregular_8q_favorable_29,teleport
leave_one_ordering_out,2,always_teleport,10c94ee239653a068cec24e35ee4e3d08e1b8af56ad8685361f7159dac9a2303_synthetic_irregular_8q_favorable_37,teleport
leave_one_ordering_out,2,always_teleport,10c94ee239653a068cec24e35ee4e3d08e1b8af56ad8685361f7159dac9a2303_synthetic_irregular_8q_favorable_47,teleport
leave_one_ordering_out,2,majority,199175ead0c72935d7a99429464f9050e079ef6f760813698618253a465ecf60_synthetic_irregular_7q_favorable_11,teleport
leave_one_ordering_out,2,majority,199175ead0c72935d7a99429464f9050e079ef6f760813698618253a465ecf60_synthetic_irregular_7q_favorable_19,teleport
leave_one_ordering_out,2,majority,199175ead0c72935d7a99429464f9050e079ef6f760813698618253a465ecf60_synthetic_irregular_7q_favorable_29,teleport
leave_one_ordering_out,2,majority,199175ead0c72935d7a99429464f9050e079ef6f760813698618253a465ecf60_synthetic_irregular_7q_favorable_37,teleport
leave_one_ordering_out,2,majority,199175ead0c72935d7a99429464f9050e079ef6f760813698618253a465ecf60_synthetic_irregular_7q_favorable_47,teleport
leave_one_ordering_out,2,majority,b66e78c1f4a10c34763563660201dc843b5e66d635a6c02bb8e10ecf326cfd70_synthetic_irregular_7q_favorable_11,teleport
leave_one_ordering_out,2,majority,b66e78c1f4a10c34763563660201dc843b5e66d635a6c02bb8e10ecf326cfd70_synthetic_irregular_7q_favorable_19,teleport
leave_one_ordering_out,2,majority,b66e78c1f4a10c34763563660201dc843b5e66d635a6c02bb8e10ecf326cfd70_synthetic_irregular_7q_favorable_29,teleport
leave_one_ordering_out,2,majority,b66e78c1f4a10c34763563660201dc843b5e66d635a6c02bb8e10ecf326cfd70_synthetic_irregular_7q_favorable_37,teleport
leave_one_ordering_out,2,majority,b66e78c1f4a10c34763563660201dc843b5e66d635a6c02bb8e10ecf326cfd70_synthetic_irregular_7q_favorable_47,teleport
leave_one_ordering_out,2,majority,10c94ee239653a068cec24e35ee4e3d08e1b8af56ad8685361f7159dac9a2303_synthetic_irregular_8q_favorable_11,teleport
leave_one_ordering_out,2,majority,10c94ee239653a068cec24e35ee4e3d08e1b8af56ad8685361f7159dac9a2303_synthetic_irregular_8q_favorable_19,teleport
leave_one_ordering_out,2,majority,10c94ee239653a068cec24e35ee4e3d08e1b8af56ad8685361f7159dac9a2303_synthetic_irregular_8q_favorable_29,teleport
leave_one_ordering_out,2,majority,10c94ee239653a068cec24e35ee4e3d08e1b8af56ad8685361f7159dac9a2303_synthetic_irregular_8q_favorable_37,teleport
leave_one_ordering_out,2,majority,10c94ee239653a068cec24e35ee4e3d08e1b8af56ad8685361f7159dac9a2303_synthetic_irregular_8q_favorable_47,teleport
leave_one_ordering_out,2,frozen_rule,199175ead0c72935d7a99429464f9050e079ef6f760813698618253a465ecf60_synthetic_irregular_7q_favorable_11,basic
leave_one_ordering_out,2,frozen_rule,199175ead0c72935d7a99429464f9050e079ef6f760813698618253a465ecf60_synthetic_irregular_7q_favorable_19,basic
leave_one_ordering_out,2,frozen_rule,199175ead0c72935d7a99429464f9050e079ef6f760813698618253a465ecf60_synthetic_irregular_7q_favorable_29,basic
leave_one_ordering_out,2,frozen_rule,199175ead0c72935d7a99429464f9050e079ef6f760813698618253a465ecf60_synthetic_irregular_7q_favorable_37,basic
leave_one_ordering_out,2,frozen_rule,199175ead0c72935d7a99429464f9050e079ef6f760813698618253a465ecf60_synthetic_irregular_7q_favorable_47,basic
leave_one_ordering_out,2,frozen_rule,b66e78c1f4a10c34763563660201dc843b5e66d635a6c02bb8e10ecf326cfd70_synthetic_irregular_7q_favorable_11,basic
leave_one_ordering_out,2,frozen_rule,b66e78c1f4a10c34763563660201dc843b5e66d635a6c02bb8e10ecf326cfd70_synthetic_irregular_7q_favorable_19,basic
leave_one_ordering_out,2,frozen_rule,b66e78c1f4a10c34763563660201dc843b5e66d635a6c02bb8e10ecf326cfd70_synthetic_irregular_7q_favorable_29,basic
leave_one_ordering_out,2,frozen_rule,b66e78c1f4a10c34763563660201dc843b5e66d635a6c02bb8e10ecf326cfd70_synthetic_irregular_7q_favorable_37,basic
leave_one_ordering_out,2,frozen_rule,b66e78c1f4a10c34763563660201dc843b5e66d635a6c02bb8e10ecf326cfd70_synthetic_irregular_7q_favorable_47,basic
leave_one_ordering_out,2,frozen_rule,10c94ee239653a068cec24e35ee4e3d08e1b8af56ad8685361f7159dac9a2303_synthetic_irregular_8q_favorable_11,basic
leave_one_ordering_out,2,frozen_rule,10c94ee239653a068cec24e35ee4e3d08e1b8af56ad8685361f7159dac9a2303_synthetic_irregular_8q_favorable_19,basic
leave_one_ordering_out,2,frozen_rule,10c94ee239653a068cec24e35ee4e3d08e1b8af56ad8685361f7159dac9a2303_synthetic_irregular_8q_favorable_29,basic
leave_one_ordering_out,2,frozen_rule,10c94ee239653a068cec24e35ee4e3d08e1b8af56ad8685361f7159dac9a2303_synthetic_irregular_8q_favorable_37,basic
leave_one_ordering_out,2,frozen_rule,10c94ee239653a068cec24e35ee4e3d08e1b8af56ad8685361f7159dac9a2303_synthetic_irregular_8q_favorable_47,basic
leave_one_ordering_out,2,oracle,199175ead0c72935d7a99429464f9050e079ef6f760813698618253a465ecf60_synthetic_irregular_7q_favorable_11,basic
leave_one_ordering_out,2,oracle,199175ead0c72935d7a99429464f9050e079ef6f760813698618253a465ecf60_synthetic_irregular_7q_favorable_19,basic
leave_one_ordering_out,2,oracle,199175ead0c72935d7a99429464f9050e079ef6f760813698618253a465ecf60_synthetic_irregular_7q_favorable_29,basic
leave_one_ordering_out,2,oracle,199175ead0c72935d7a99429464f9050e079ef6f760813698618253a465ecf60_synthetic_irregular_7q_favorable_37,basic
leave_one_ordering_out,2,oracle,199175ead0c72935d7a99429464f9050e079ef6f760813698618253a465ecf60_synthetic_irregular_7q_favorable_47,basic
leave_one_ordering_out,2,oracle,b66e78c1f4a10c34763563660201dc843b5e66d635a6c02bb8e10ecf326cfd70_synthetic_irregular_7q_favorable_11,basic
leave_one_ordering_out,2,oracle,b66e78c1f4a10c34763563660201dc843b5e66d635a6c02bb8e10ecf326cfd70_synthetic_irregular_7q_favorable_19,basic
leave_one_ordering_out,2,oracle,b66e78c1f4a10c34763563660201dc843b5e66d635a6c02bb8e10ecf326cfd70_synthetic_irregular_7q_favorable_29,basic
leave_one_ordering_out,2,oracle,b66e78c1f4a10c34763563660201dc843b5e66d635a6c02bb8e10ecf326cfd70_synthetic_irregular_7q_favorable_37,basic
leave_one_ordering_out,2,oracle,b66e78c1f4a10c34763563660201dc843b5e66d635a6c02bb8e10ecf326cfd70_synthetic_irregular_7q_favorable_47,basic
leave_one_ordering_out,2,oracle,10c94ee239653a068cec24e35ee4e3d08e1b8af56ad8685361f7159dac9a2303_synthetic_irregular_8q_favorable_11,basic
leave_one_ordering_out,2,oracle,10c94ee239653a068cec24e35ee4e3d08e1b8af56ad8685361f7159dac9a2303_synthetic_irregular_8q_favorable_19,basic
leave_one_ordering_out,2,oracle,10c94ee239653a068cec24e35ee4e3d08e1b8af56ad8685361f7159dac9a2303_synthetic_irregular_8q_favorable_29,basic
leave_one_ordering_out,2,oracle,10c94ee239653a068cec24e35ee4e3d08e1b8af56ad8685361f7159dac9a2303_synthetic_irregular_8q_favorable_37,basic
leave_one_ordering_out,2,oracle,10c94ee239653a068cec24e35ee4e3d08e1b8af56ad8685361f7159dac9a2303_synthetic_irregular_8q_favorable_47,basic
leave_one_ordering_out,2,logistic,199175ead0c72935d7a99429464f9050e079ef6f760813698618253a465ecf60_synthetic_irregular_7q_favorable_11,teleport
leave_one_ordering_out,2,logistic,199175ead0c72935d7a99429464f9050e079ef6f760813698618253a465ecf60_synthetic_irregular_7q_favorable_19,teleport
leave_one_ordering_out,2,logistic,199175ead0c72935d7a99429464f9050e079ef6f760813698618253a465ecf60_synthetic_irregular_7q_favorable_29,teleport
leave_one_ordering_out,2,logistic,199175ead0c72935d7a99429464f9050e079ef6f760813698618253a465ecf60_synthetic_irregular_7q_favorable_37,teleport
leave_one_ordering_out,2,logistic,199175ead0c72935d7a99429464f9050e079ef6f760813698618253a465ecf60_synthetic_irregular_7q_favorable_47,teleport
leave_one_ordering_out,2,logistic,b66e78c1f4a10c34763563660201dc843b5e66d635a6c02bb8e10ecf326cfd70_synthetic_irregular_7q_favorable_11,teleport
leave_one_ordering_out,2,logistic,b66e78c1f4a10c34763563660201dc843b5e66d635a6c02bb8e10ecf326cfd70_synthetic_irregular_7q_favorable_19,teleport
leave_one_ordering_out,2,logistic,b66e78c1f4a10c34763563660201dc843b5e66d635a6c02bb8e10ecf326cfd70_synthetic_irregular_7q_favorable_29,teleport
leave_one_ordering_out,2,logistic,b66e78c1f4a10c34763563660201dc843b5e66d635a6c02bb8e10ecf326cfd70_synthetic_irregular_7q_favorable_37,teleport
leave_one_ordering_out,2,logistic,b66e78c1f4a10c34763563660201dc843b5e66d635a6c02bb8e10ecf326cfd70_synthetic_irregular_7q_favorable_47,teleport
leave_one_ordering_out,2,logistic,10c94ee239653a068cec24e35ee4e3d08e1b8af56ad8685361f7159dac9a2303_synthetic_irregular_8q_favorable_11,basic
leave_one_ordering_out,2,logistic,10c94ee239653a068cec24e35ee4e3d08e1b8af56ad8685361f7159dac9a2303_synthetic_irregular_8q_favorable_19,basic
leave_one_ordering_out,2,logistic,10c94ee239653a068cec24e35ee4e3d08e1b8af56ad8685361f7159dac9a2303_synthetic_irregular_8q_favorable_29,basic
leave_one_ordering_out,2,logistic,10c94ee239653a068cec24e35ee4e3d08e1b8af56ad8685361f7159dac9a2303_synthetic_irregular_8q_favorable_37,basic
leave_one_ordering_out,2,logistic,10c94ee239653a068cec24e35ee4e3d08e1b8af56ad8685361f7159dac9a2303_synthetic_irregular_8q_favorable_47,basic
leave_one_ordering_out,2,tree,199175ead0c72935d7a99429464f9050e079ef6f760813698618253a465ecf60_synthetic_irregular_7q_favorable_11,teleport
leave_one_ordering_out,2,tree,199175ead0c72935d7a99429464f9050e079ef6f760813698618253a465ecf60_synthetic_irregular_7q_favorable_19,teleport
leave_one_ordering_out,2,tree,199175ead0c72935d7a99429464f9050e079ef6f760813698618253a465ecf60_synthetic_irregular_7q_favorable_29,teleport
leave_one_ordering_out,2,tree,199175ead0c72935d7a99429464f9050e079ef6f760813698618253a465ecf60_synthetic_irregular_7q_favorable_37,teleport
leave_one_ordering_out,2,tree,199175ead0c72935d7a99429464f9050e079ef6f760813698618253a465ecf60_synthetic_irregular_7q_favorable_47,teleport
leave_one_ordering_out,2,tree,b66e78c1f4a10c34763563660201dc843b5e66d635a6c02bb8e10ecf326cfd70_synthetic_irregular_7q_favorable_11,teleport
leave_one_ordering_out,2,tree,b66e78c1f4a10c34763563660201dc843b5e66d635a6c02bb8e10ecf326cfd70_synthetic_irregular_7q_favorable_19,teleport
leave_one_ordering_out,2,tree,b66e78c1f4a10c34763563660201dc843b5e66d635a6c02bb8e10ecf326cfd70_synthetic_irregular_7q_favorable_29,teleport
leave_one_ordering_out,2,tree,b66e78c1f4a10c34763563660201dc843b5e66d635a6c02bb8e10ecf326cfd70_synthetic_irregular_7q_favorable_37,teleport
leave_one_ordering_out,2,tree,b66e78c1f4a10c34763563660201dc843b5e66d635a6c02bb8e10ecf326cfd70_synthetic_irregular_7q_favorable_47,teleport
leave_one_ordering_out,2,tree,10c94ee239653a068cec24e35ee4e3d08e1b8af56ad8685361f7159dac9a2303_synthetic_irregular_8q_favorable_11,teleport
leave_one_ordering_out,2,tree,10c94ee239653a068cec24e35ee4e3d08e1b8af56ad8685361f7159dac9a2303_synthetic_irregular_8q_favorable_19,teleport
leave_one_ordering_out,2,tree,10c94ee239653a068cec24e35ee4e3d08e1b8af56ad8685361f7159dac9a2303_synthetic_irregular_8q_favorable_29,teleport
leave_one_ordering_out,2,tree,10c94ee239653a068cec24e35ee4e3d08e1b8af56ad8685361f7159dac9a2303_synthetic_irregular_8q_favorable_37,teleport
leave_one_ordering_out,2,tree,10c94ee239653a068cec24e35ee4e3d08e1b8af56ad8685361f7159dac9a2303_synthetic_irregular_8q_favorable_47,teleport
leave_one_ordering_out,2,forest_classifier,199175ead0c72935d7a99429464f9050e079ef6f760813698618253a465ecf60_synthetic_irregular_7q_favorable_11,teleport
leave_one_ordering_out,2,forest_classifier,199175ead0c72935d7a99429464f9050e079ef6f760813698618253a465ecf60_synthetic_irregular_7q_favorable_19,teleport
leave_one_ordering_out,2,forest_classifier,199175ead0c72935d7a99429464f9050e079ef6f760813698618253a465ecf60_synthetic_irregular_7q_favorable_29,teleport
leave_one_ordering_out,2,forest_classifier,199175ead0c72935d7a99429464f9050e079ef6f760813698618253a465ecf60_synthetic_irregular_7q_favorable_37,teleport
leave_one_ordering_out,2,forest_classifier,199175ead0c72935d7a99429464f9050e079ef6f760813698618253a465ecf60_synthetic_irregular_7q_favorable_47,teleport
leave_one_ordering_out,2,forest_classifier,b66e78c1f4a10c34763563660201dc843b5e66d635a6c02bb8e10ecf326cfd70_synthetic_irregular_7q_favorable_11,teleport
leave_one_ordering_out,2,forest_classifier,b66e78c1f4a10c34763563660201dc843b5e66d635a6c02bb8e10ecf326cfd70_synthetic_irregular_7q_favorable_19,teleport
leave_one_ordering_out,2,forest_classifier,b66e78c1f4a10c34763563660201dc843b5e66d635a6c02bb8e10ecf326cfd70_synthetic_irregular_7q_favorable_29,teleport
leave_one_ordering_out,2,forest_classifier,b66e78c1f4a10c34763563660201dc843b5e66d635a6c02bb8e10ecf326cfd70_synthetic_irregular_7q_favorable_37,teleport
leave_one_ordering_out,2,forest_classifier,b66e78c1f4a10c34763563660201dc843b5e66d635a6c02bb8e10ecf326cfd70_synthetic_irregular_7q_favorable_47,teleport
leave_one_ordering_out,2,forest_classifier,10c94ee239653a068cec24e35ee4e3d08e1b8af56ad8685361f7159dac9a2303_synthetic_irregular_8q_favorable_11,basic
leave_one_ordering_out,2,forest_classifier,10c94ee239653a068cec24e35ee4e3d08e1b8af56ad8685361f7159dac9a2303_synthetic_irregular_8q_favorable_19,basic
leave_one_ordering_out,2,forest_classifier,10c94ee239653a068cec24e35ee4e3d08e1b8af56ad8685361f7159dac9a2303_synthetic_irregular_8q_favorable_29,basic
leave_one_ordering_out,2,forest_classifier,10c94ee239653a068cec24e35ee4e3d08e1b8af56ad8685361f7159dac9a2303_synthetic_irregular_8q_favorable_37,basic
leave_one_ordering_out,2,forest_classifier,10c94ee239653a068cec24e35ee4e3d08e1b8af56ad8685361f7159dac9a2303_synthetic_irregular_8q_favorable_47,basic
leave_one_ordering_out,2,forest_delta_regressor,199175ead0c72935d7a99429464f9050e079ef6f760813698618253a465ecf60_synthetic_irregular_7q_favorable_11,teleport
leave_one_ordering_out,2,forest_delta_regressor,199175ead0c72935d7a99429464f9050e079ef6f760813698618253a465ecf60_synthetic_irregular_7q_favorable_19,teleport
leave_one_ordering_out,2,forest_delta_regressor,199175ead0c72935d7a99429464f9050e079ef6f760813698618253a465ecf60_synthetic_irregular_7q_favorable_29,teleport
leave_one_ordering_out,2,forest_delta_regressor,199175ead0c72935d7a99429464f9050e079ef6f760813698618253a465ecf60_synthetic_irregular_7q_favorable_37,teleport
leave_one_ordering_out,2,forest_delta_regressor,199175ead0c72935d7a99429464f9050e079ef6f760813698618253a465ecf60_synthetic_irregular_7q_favorable_47,teleport
leave_one_ordering_out,2,forest_delta_regressor,b66e78c1f4a10c34763563660201dc843b5e66d635a6c02bb8e10ecf326cfd70_synthetic_irregular_7q_favorable_11,basic
leave_one_ordering_out,2,forest_delta_regressor,b66e78c1f4a10c34763563660201dc843b5e66d635a6c02bb8e10ecf326cfd70_synthetic_irregular_7q_favorable_19,basic
leave_one_ordering_out,2,forest_delta_regressor,b66e78c1f4a10c34763563660201dc843b5e66d635a6c02bb8e10ecf326cfd70_synthetic_irregular_7q_favorable_29,basic
leave_one_ordering_out,2,forest_delta_regressor,b66e78c1f4a10c34763563660201dc843b5e66d635a6c02bb8e10ecf326cfd70_synthetic_irregular_7q_favorable_37,basic
leave_one_ordering_out,2,forest_delta_regressor,b66e78c1f4a10c34763563660201dc843b5e66d635a6c02bb8e10ecf326cfd70_synthetic_irregular_7q_favorable_47,basic
leave_one_ordering_out,2,forest_delta_regressor,10c94ee239653a068cec24e35ee4e3d08e1b8af56ad8685361f7159dac9a2303_synthetic_irregular_8q_favorable_11,basic
leave_one_ordering_out,2,forest_delta_regressor,10c94ee239653a068cec24e35ee4e3d08e1b8af56ad8685361f7159dac9a2303_synthetic_irregular_8q_favorable_19,basic
leave_one_ordering_out,2,forest_delta_regressor,10c94ee239653a068cec24e35ee4e3d08e1b8af56ad8685361f7159dac9a2303_synthetic_irregular_8q_favorable_29,basic
leave_one_ordering_out,2,forest_delta_regressor,10c94ee239653a068cec24e35ee4e3d08e1b8af56ad8685361f7159dac9a2303_synthetic_irregular_8q_favorable_37,basic
leave_one_ordering_out,2,forest_delta_regressor,10c94ee239653a068cec24e35ee4e3d08e1b8af56ad8685361f7159dac9a2303_synthetic_irregular_8q_favorable_47,basic
