case_id,num_plaquettes,x,time,repetitions,term_ordering,circuit_hash,circuit_structure_hash,source_gate_count,source_depth,source_1q_count,source_2q_count,pauli_term_count,mean_pauli_weight,interaction_edge_count,interaction_mean_degree,interaction_max_degree,interaction_range,target_node_count,target_edge_count,target_average_degree,target_diameter,target_mean_shortest_path,mapping_mean_interaction_distance,mapping_max_interaction_distance,target_connected,cohort,target_name,target_topology,layout_name,target_kind,target_definition,target_hash,physical_qubits,prior_case_id,mapping_feature_note,case_family,strategy,seed,version,native_2q_count,native_2q_depth,native_depth,estimated_duration,routing_2q_overhead,compile_seconds,verification_result,failure,verification_error,verification_tolerance,verification_method,final_layout,basic_native_2q_count,teleport_native_2q_count,delta_native_2q_count,basic_native_2q_depth,teleport_native_2q_depth,delta_native_2q_depth,basic_estimated_duration,teleport_estimated_duration,delta_estimated_duration,label,lexicographic_label
2db9eba90ba8cd0954c12783101856a28b9a2dc7771ca234eecefcf2689ef643_synthetic_line_6q_favorable_11,3,2.0,0.24,1,current,2db9eba90ba8cd0954c12783101856a28b9a2dc7771ca234eecefcf2689ef643,765e8cc2c75724fb242ba5e1c778dfd8856fe1c57f25e657cf6892bd9d945ec5,91,69,59,32,13,1.6153846153846154,2,1.3333333333333333,2,1,6,5,1.6666666666666667,5,2.333333333333333,1.0,1.0,1,robustness,synthetic_line_6q_favorable,line,favorable,SYNTHETIC_TARGET,"{""edges"": [[0, 1], [1, 0], [1, 2], [2, 1], [2, 3], [3, 2], [3, 4], [4, 3], [4, 5], [5, 4]], ""seed"": 7, ""basis"": [""id"", ""rz"", ""sx"", ""x"", ""ecr""], ""nodes"": 6}",ccfecec17e274607ed29176fa4c2a758de445cb0e2e85ddcc1bbcb36bd80dcb3,"[0, 1, 2]",N3_x2_t0.24_r1_current__synthetic_line_6q_favorable__seed7,identity proxy before selection when layout is transpiler,2db9eba90ba8cd0954c12783101856a28b9a2dc7771ca234eecefcf2689ef643_synthetic_line_6q_favorable,basic,11,v0.4.0,28,28,91,1.790074800000001e-05,0,0.0056898240000009,True,,2.8931110483883824e-15,1e-10,logical Operator.equiv + routed zero/3 random states,"[0, 1, 2]",28,24,-4,28,24,-4,1.790074800000001e-05,1.557574200000001e-05,-2.325006000000002e-06,teleport,teleport
2db9eba90ba8cd0954c12783101856a28b9a2dc7771ca234eecefcf2689ef643_synthetic_line_6q_favorable_19,3,2.0,0.24,1,current,2db9eba90ba8cd0954c12783101856a28b9a2dc7771ca234eecefcf2689ef643,765e8cc2c75724fb242ba5e1c778dfd8856fe1c57f25e657cf6892bd9d945ec5,91,69,59,32,13,1.6153846153846154,2,1.3333333333333333,2,1,6,5,1.6666666666666667,5,2.333333333333333,1.0,1.0,1,robustness,synthetic_line_6q_favorable,line,favorable,SYNTHETIC_TARGET,"{""edges"": [[0, 1], [1, 0], [1, 2], [2, 1], [2, 3], [3, 2], [3, 4], [4, 3], [4, 5], [5, 4]], ""seed"": 7, ""basis"": [""id"", ""rz"", ""sx"", ""x"", ""ecr""], ""nodes"": 6}",ccfecec17e274607ed29176fa4c2a758de445cb0e2e85ddcc1bbcb36bd80dcb3,"[0, 1, 2]",N3_x2_t0.24_r1_current__synthetic_line_6q_favorable__seed7,identity proxy before selection when layout is transpiler,2db9eba90ba8cd0954c12783101856a28b9a2dc7771ca234eecefcf2689ef643_synthetic_line_6q_favorable,basic,19,v0.4.0,28,28,91,1.790074800000001e-05,0,0.0055076249991543,True,,2.8931110483883824e-15,1e-10,logical Operator.equiv + routed zero/3 random states,"[0, 1, 2]",28,24,-4,28,24,-4,1.790074800000001e-05,1.557574200000001e-05,-2.325006000000002e-06,teleport,teleport
2db9eba90ba8cd0954c12783101856a28b9a2dc7771ca234eecefcf2689ef643_synthetic_line_6q_favorable_29,3,2.0,0.24,1,current,2db9eba90ba8cd0954c12783101856a28b9a2dc7771ca234eecefcf2689ef643,765e8cc2c75724fb242ba5e1c778dfd8856fe1c57f25e657cf6892bd9d945ec5,91,69,59,32,13,1.6153846153846154,2,1.3333333333333333,2,1,6,5,1.6666666666666667,5,2.333333333333333,1.0,1.0,1,robustness,synthetic_line_6q_favorable,line,favorable,SYNTHETIC_TARGET,"{""edges"": [[0, 1], [1, 0], [1, 2], [2, 1], [2, 3], [3, 2], [3, 4], [4, 3], [4, 5], [5, 4]], ""seed"": 7, ""basis"": [""id"", ""rz"", ""sx"", ""x"", ""ecr""], ""nodes"": 6}",ccfecec17e274607ed29176fa4c2a758de445cb0e2e85ddcc1bbcb36bd80dcb3,"[0, 1, 2]",N3_x2_t0.24_r1_current__synthetic_line_6q_favorable__seed7,identity proxy before selection when layout is transpiler,2db9eba90ba8cd0954c12783101856a28b9a2dc7771ca234eecefcf2689ef643_synthetic_line_6q_favorable,basic,29,v0.4.0,28,28,91,1.790074800000001e-05,0,0.0058674910033005,True,,2.8931110483883824e-15,1e-10,logical Operator.equiv + routed zero/3 random states,"[0, 1, 2]",28,24,-4,28,24,-4,1.790074800000001e-05,1.557574200000001e-05,-2.325006000000002e-06,teleport,teleport
2db9eba90ba8cd0954c12783101856a28b9a2dc7771ca234eecefcf2689ef643_synthetic_line_6q_favorable_37,3,2.0,0.24,1,current,2db9eba90ba8cd0954c12783101856a28b9a2dc7771ca234eecefcf2689ef643,765e8cc2c75724fb242ba5e1c778dfd8856fe1c57f25e657cf6892bd9d945ec5,91,69,59,32,13,1.6153846153846154,2,1.3333333333333333,2,1,6,5,1.6666666666666667,5,2.333333333333333,1.0,1.0,1,robustness,synthetic_line_6q_favorable,line,favorable,SYNTHETIC_TARGET,"{""edges"": [[0, 1], [1, 0], [1, 2], [2, 1], [2, 3], [3, 2], [3, 4], [4, 3], [4, 5], [5, 4]], ""seed"": 7, ""basis"": [""id"", ""rz"", ""sx"", ""x"", ""ecr""], ""nodes"": 6}",ccfecec17e274607ed29176fa4c2a758de445cb0e2e85ddcc1bbcb36bd80dcb3,"[0, 1, 2]",N3_x2_t0.24_r1_current__synthetic_line_6q_favorable__seed7,identity proxy before selection when layout is transpiler,2db9eba90ba8cd0954c12783101856a28b9a2dc7771ca234eecefcf2689ef643_synthetic_line_6q_favorable,basic,37,v0.4.0,28,28,91,1.790074800000001e-05,0,0.0063361909997183,True,,2.8931110483883824e-15,1e-10,logical Operator.equiv + routed zero/3 random states,"[0, 1, 2]",28,24,-4,28,24,-4,1.790074800000001e-05,1.557574200000001e-05,-2.325006000000002e-06,teleport,teleport
2db9eba90ba8cd0954c12783101856a28b9a2dc7771ca234eecefcf2689ef643_synthetic_line_6q_favorable_47,3,2.0,0.24,1,current,2db9eba90ba8cd0954c12783101856a28b9a2dc7771ca234eecefcf2689ef643,765e8cc2c75724fb242ba5e1c778dfd8856fe1c57f25e657cf6892bd9d945ec5,91,69,59,32,13,1.6153846153846154,2,1.3333333333333333,2,1,6,5,1.6666666666666667,5,2.333333333333333,1.0,1.0,1,robustness,synthetic_line_6q_favorable,line,favorable,SYNTHETIC_TARGET,"{""edges"": [[0, 1], [1, 0], [1, 2], [2, 1], [2, 3], [3, 2], [3, 4], [4, 3], [4, 5], [5, 4]], ""seed"": 7, ""basis"": [""id"", ""rz"", ""sx"", ""x"", ""ecr""], ""nodes"": 6}",ccfecec17e274607ed29176fa4c2a758de445cb0e2e85ddcc1bbcb36bd80dcb3,"[0, 1, 2]",N3_x2_t0.24_r1_current__synthetic_line_6q_favorable__seed7,identity proxy before selection when layout is transpiler,2db9eba90ba8cd0954c12783101856a28b9a2dc7771ca234eecefcf2689ef643_synthetic_line_6q_favorable,basic,47,v0.4.0,28,28,91,1.790074800000001e-05,0,0.0055069099980755,True,,2.8931110483883824e-15,1e-10,logical Operator.equiv + routed zero/3 random states,"[0, 1, 2]",28,24,-4,28,24,-4,1.790074800000001e-05,1.557574200000001e-05,-2.325006000000002e-06,teleport,teleport
667e3a1f084c4e2a3fcd2b6479ca873f035a167fe6bd3dac4cd548625d204592_synthetic_line_6q_spread_11,3,2.0,0.24,2,current,667e3a1f084c4e2a3fcd2b6479ca873f035a167fe6bd3dac4cd548625d204592,895718eee45a850d435c8240f7a9ee014cfb599978558936fe2e71db8b8c0270,181,137,117,64,13,1.6153846153846154,2,1.3333333333333333,2,1,6,5,1.6666666666666667,5,2.333333333333333,2.5,3.0,1,robustness,synthetic_line_6q_spread,line,spread,SYNTHETIC_TARGET,"{""edges"": [[0, 1], [1, 0], [1, 2], [2, 1], [2, 3], [3, 2], [3, 4], [4, 3], [4, 5], [5, 4]], ""seed"": 7, ""basis"": [""id"", ""rz"", ""sx"", ""x"", ""ecr""], ""nodes"": 6}",ccfecec17e274607ed29176fa4c2a758de445cb0e2e85ddcc1bbcb36bd80dcb3,"[0, 2, 5]",N3_x2_t0.24_r2_current__synthetic_line_6q_spread__seed7,identity proxy before selection when layout is transpiler,667e3a1f084c4e2a3fcd2b6479ca873f035a167fe6bd3dac4cd548625d204592_synthetic_line_6q_spread,basic,11,v0.4.0,63,58,196,4.412693999999998e-05,7,0.0068264009969425,True,,6.2075765260929175e-15,1e-10,logical Operator.equiv + routed zero/3 random states,"[1, 2, 3]",63,51,-12,58,46,-12,4.412693999999998e-05,3.4902173999999995e-05,-9.224765999999987e-06,teleport,teleport
667e3a1f084c4e2a3fcd2b6479ca873f035a167fe6bd3dac4cd548625d204592_synthetic_line_6q_spread_19,3,2.0,0.24,2,current,667e3a1f084c4e2a3fcd2b6479ca873f035a167fe6bd3dac4cd548625d204592,895718eee45a850d435c8240f7a9ee014cfb599978558936fe2e71db8b8c0270,181,137,117,64,13,1.6153846153846154,2,1.3333333333333333,2,1,6,5,1.6666666666666667,5,2.333333333333333,2.5,3.0,1,robustness,synthetic_line_6q_spread,line,spread,SYNTHETIC_TARGET,"{""edges"": [[0, 1], [1, 0], [1, 2], [2, 1], [2, 3], [3, 2], [3, 4], [4, 3], [4, 5], [5, 4]], ""seed"": 7, ""basis"": [""id"", ""rz"", ""sx"", ""x"", ""ecr""], ""nodes"": 6}",ccfecec17e274607ed29176fa4c2a758de445cb0e2e85ddcc1bbcb36bd80dcb3,"[0, 2, 5]",N3_x2_t0.24_r2_current__synthetic_line_6q_spread__seed7,identity proxy before selection when layout is transpiler,667e3a1f084c4e2a3fcd2b6479ca873f035a167fe6bd3dac4cd548625d204592_synthetic_line_6q_spread,basic,19,v0.4.0,63,58,196,4.412693999999998e-05,7,0.0071054059953894,True,,6.2075765260929175e-15,1e-10,logical Operator.equiv + routed zero/3 random states,"[1, 2, 3]",63,51,-12,58,46,-12,4.412693999999998e-05,3.4902173999999995e-05,-9.224765999999987e-06,teleport,teleport
667e3a1f084c4e2a3fcd2b6479ca873f035a167fe6bd3dac4cd548625d204592_synthetic_line_6q_spread_29,3,2.0,0.24,2,current,667e3a1f084c4e2a3fcd2b6479ca873f035a167fe6bd3dac4cd548625d204592,895718eee45a850d435c8240f7a9ee014cfb599978558936fe2e71db8b8c0270,181,137,117,64,13,1.6153846153846154,2,1.3333333333333333,2,1,6,5,1.6666666666666667,5,2.333333333333333,2.5,3.0,1,robustness,synthetic_line_6q_spread,line,spread,SYNTHETIC_TARGET,"{""edges"": [[0, 1], [1, 0], [1, 2], [2, 1], [2, 3], [3, 2], [3, 4], [4, 3], [4, 5], [5, 4]], ""seed"": 7, ""basis"": [""id"", ""rz"", ""sx"", ""x"", ""ecr""], ""nodes"": 6}",ccfecec17e274607ed29176fa4c2a758de445cb0e2e85ddcc1bbcb36bd80dcb3,"[0, 2, 5]",N3_x2_t0.24_r2_current__synthetic_line_6q_spread__seed7,identity proxy before selection when layout is transpiler,667e3a1f084c4e2a3fcd2b6479ca873f035a167fe6bd3dac4cd548625d204592_synthetic_line_6q_spread,basic,29,v0.4.0,63,58,196,4.412693999999998e-05,7,0.0066109800027334,True,,6.2075765260929175e-15,1e-10,logical Operator.equiv + routed zero/3 random states,"[1, 2, 3]",63,51,-12,58,46,-12,4.412693999999998e-05,3.4902173999999995e-05,-9.224765999999987e-06,teleport,teleport
667e3a1f084c4e2a3fcd2b6479ca873f035a167fe6bd3dac4cd548625d204592_synthetic_line_6q_spread_37,3,2.0,0.24,2,current,667e3a1f084c4e2a3fcd2b6479ca873f035a167fe6bd3dac4cd548625d204592,895718eee45a850d435c8240f7a9ee014cfb599978558936fe2e71db8b8c0270,181,137,117,64,13,1.6153846153846154,2,1.3333333333333333,2,1,6,5,1.6666666666666667,5,2.333333333333333,2.5,3.0,1,robustness,synthetic_line_6q_spread,line,spread,SYNTHETIC_TARGET,"{""edges"": [[0, 1], [1, 0], [1, 2], [2, 1], [2, 3], [3, 2], [3, 4], [4, 3], [4, 5], [5, 4]], ""seed"": 7, ""basis"": [""id"", ""rz"", ""sx"", ""x"", ""ecr""], ""nodes"": 6}",ccfecec17e274607ed29176fa4c2a758de445cb0e2e85ddcc1bbcb36bd80dcb3,"[0, 2, 5]",N3_x2_t0.24_r2_current__synthetic_line_6q_spread__seed7,identity proxy before selection when layout is transpiler,667e3a1f084c4e2a3fcd2b6479ca873f035a167fe6bd3dac4cd548625d204592_synthetic_line_6q_spread,basic,37,v0.4.0,63,58,196,4.412693999999998e-05,7,0.0066525459988042,True,,6.2075765260929175e-15,1e-10,logical Operator.equiv + routed zero/3 random states,"[1, 2, 3]",63,51,-12,58,46,-12,4.412693999999998e-05,3.4902173999999995e-05,-9.224765999999987e-06,teleport,teleport
667e3a1f084c4e2a3fcd2b6479ca873f035a167fe6bd3dac4cd548625d204592_synthetic_line_6q_spread_47,3,2.0,0.24,2,current,667e3a1f084c4e2a3fcd2b6479ca873f035a167fe6bd3dac4cd548625d204592,895718eee45a850d435c8240f7a9ee014cfb599978558936fe2e71db8b8c0270,181,137,117,64,13,1.6153846153846154,2,1.3333333333333333,2,1,6,5,1.6666666666666667,5,2.333333333333333,2.5,3.0,1,robustness,synthetic_line_6q_spread,line,spread,SYNTHETIC_TARGET,"{""edges"": [[0, 1], [1, 0], [1, 2], [2, 1], [2, 3], [3, 2], [3, 4], [4, 3], [4, 5], [5, 4]], ""seed"": 7, ""basis"": [""id"", ""rz"", ""sx"", ""x"", ""ecr""], ""nodes"": 6}",ccfecec17e274607ed29176fa4c2a758de445cb0e2e85ddcc1bbcb36bd80dcb3,"[0, 2, 5]",N3_x2_t0.24_r2_current__synthetic_line_6q_spread__seed7,identity proxy before selection when layout is transpiler,667e3a1f084c4e2a3fcd2b6479ca873f035a167fe6bd3dac4cd548625d204592_synthetic_line_6q_spread,basic,47,v0.4.0,63,58,196,4.412693999999998e-05,7,0.0065309310011798,True,,6.2075765260929175e-15,1e-10,logical Operator.equiv + routed zero/3 random states,"[1, 2, 3]",63,51,-12,58,46,-12,4.412693999999998e-05,3.4902173999999995e-05,-9.224765999999987e-06,teleport,teleport
bc2d5292433dbd57457d4b8e18f32adf5b65f135ba9bc3522cd34066a6aaff03_synthetic_ring_6q_transpiler_11,3,2.0,0.24,4,current,bc2d5292433dbd57457d4b8e18f32adf5b65f135ba9bc3522cd34066a6aaff03,a8c77d0b2cdabef3b9ba279df496609f76a174ba9474507d77488b124b9a2527,361,273,233,128,13,1.6153846153846154,2,1.3333333333333333,2,1,6,6,2.0,3,1.8,1.0,1.0,1,robustness,synthetic_ring_6q_transpiler,ring,transpiler,SYNTHETIC_TARGET,"{""edges"": [[0, 1], [0, 5], [1, 0], [1, 2], [2, 1], [2, 3], [3, 2], [3, 4], [4, 3], [4, 5], [5, 0], [5, 4]], ""seed"": 7, ""basis"": [""id"", ""rz"", ""sx"", ""x"", ""ecr""], ""nodes"": 6}",ff4a6017b79ba46163d089d132c4bc654811d5fa5518090a9b65bf0d23d86ee8,,N3_x2_t0.24_r4_current__synthetic_ring_6q_transpiler__seed7,identity proxy before selection when layout is transpiler,bc2d5292433dbd57457d4b8e18f32adf5b65f135ba9bc3522cd34066a6aaff03_synthetic_ring_6q_transpiler,basic,11,v0.4.0,106,106,391,6.124669199999987e-05,-6,0.0088869649989646,True,,2.1611815280766328e-14,1e-10,logical Operator.equiv + routed zero/3 random states,"[3, 4, 5]",106,70,-36,106,70,-36,6.124669199999987e-05,4.092325799999999e-05,-2.0323433999999874e-05,teleport,teleport
bc2d5292433dbd57457d4b8e18f32adf5b65f135ba9bc3522cd34066a6aaff03_synthetic_ring_6q_transpiler_19,3,2.0,0.24,4,current,bc2d5292433dbd57457d4b8e18f32adf5b65f135ba9bc3522cd34066a6aaff03,a8c77d0b2cdabef3b9ba279df496609f76a174ba9474507d77488b124b9a2527,361,273,233,128,13,1.6153846153846154,2,1.3333333333333333,2,1,6,6,2.0,3,1.8,1.0,1.0,1,robustness,synthetic_ring_6q_transpiler,ring,transpiler,SYNTHETIC_TARGET,"{""edges"": [[0, 1], [0, 5], [1, 0], [1, 2], [2, 1], [2, 3], [3, 2], [3, 4], [4, 3], [4, 5], [5, 0], [5, 4]], ""seed"": 7, ""basis"": [""id"", ""rz"", ""sx"", ""x"", ""ecr""], ""nodes"": 6}",ff4a6017b79ba46163d089d132c4bc654811d5fa5518090a9b65bf0d23d86ee8,,N3_x2_t0.24_r4_current__synthetic_ring_6q_transpiler__seed7,identity proxy before selection when layout is transpiler,bc2d5292433dbd57457d4b8e18f32adf5b65f135ba9bc3522cd34066a6aaff03_synthetic_ring_6q_transpiler,basic,19,v0.4.0,106,106,379,5.843661599999986e-05,-6,0.0090845080048893,True,,2.5160888567309968e-14,1e-10,logical Operator.equiv + routed zero/3 random states,"[2, 3, 4]",106,70,-36,106,70,-36,5.843661599999986e-05,3.835649399999999e-05,-2.008012199999987e-05,teleport,teleport
bc2d5292433dbd57457d4b8e18f32adf5b65f135ba9bc3522cd34066a6aaff03_synthetic_ring_6q_transpiler_29,3,2.0,0.24,4,current,bc2d5292433dbd57457d4b8e18f32adf5b65f135ba9bc3522cd34066a6aaff03,a8c77d0b2cdabef3b9ba279df496609f76a174ba9474507d77488b124b9a2527,361,273,233,128,13,1.6153846153846154,2,1.3333333333333333,2,1,6,6,2.0,3,1.8,1.0,1.0,1,robustness,synthetic_ring_6q_transpiler,ring,transpiler,SYNTHETIC_TARGET,"{""edges"": [[0, 1], [0, 5], [1, 0], [1, 2], [2, 1], [2, 3], [3, 2], [3, 4], [4, 3], [4, 5], [5, 0], [5, 4]], ""seed"": 7, ""basis"": [""id"", ""rz"", ""sx"", ""x"", ""ecr""], ""nodes"": 6}",ff4a6017b79ba46163d089d132c4bc654811d5fa5518090a9b65bf0d23d86ee8,,N3_x2_t0.24_r4_current__synthetic_ring_6q_transpiler__seed7,identity proxy before selection when layout is transpiler,bc2d5292433dbd57457d4b8e18f32adf5b65f135ba9bc3522cd34066a6aaff03_synthetic_ring_6q_transpiler,basic,29,v0.4.0,106,106,595,5.405389199999983e-05,-6,0.0076049249983043,True,,8.144764774237536e-14,1e-10,logical Operator.equiv + routed zero/3 random states,"[2, 1, 0]",106,70,-36,106,70,-36,5.405389199999983e-05,3.5539314000000005e-05,-1.8514577999999824e-05,teleport,teleport
bc2d5292433dbd57457d4b8e18f32adf5b65f135ba9bc3522cd34066a6aaff03_synthetic_ring_6q_transpiler_37,3,2.0,0.24,4,current,bc2d5292433dbd57457d4b8e18f32adf5b65f135ba9bc3522cd34066a6aaff03,a8c77d0b2cdabef3b9ba279df496609f76a174ba9474507d77488b124b9a2527,361,273,233,128,13,1.6153846153846154,2,1.3333333333333333,2,1,6,6,2.0,3,1.8,1.0,1.0,1,robustness,synthetic_ring_6q_transpiler,ring,transpiler,SYNTHETIC_TARGET,"{""edges"": [[0, 1], [0, 5], [1, 0], [1, 2], [2, 1], [2, 3], [3, 2], [3, 4], [4, 3], [4, 5], [5, 0], [5, 4]], ""seed"": 7, ""basis"": [""id"", ""rz"", ""sx"", ""x"", ""ecr""], ""nodes"": 6}",ff4a6017b79ba46163d089d132c4bc654811d5fa5518090a9b65bf0d23d86ee8,,N3_x2_t0.24_r4_current__synthetic_ring_6q_transpiler__seed7,identity proxy before selection when layout is transpiler,bc2d5292433dbd57457d4b8e18f32adf5b65f135ba9bc3522cd34066a6aaff03_synthetic_ring_6q_transpiler,basic,37,v0.4.0,106,106,576,5.240354399999985e-05,-6,0.0078923140026745,True,,5.542248635888324e-14,1e-10,logical Operator.equiv + routed zero/3 random states,"[0, 5, 4]",106,70,-36,106,70,-36,5.240354399999985e-05,3.514237800000001e-05,-1.726116599999984e-05,teleport,teleport
bc2d5292433dbd57457d4b8e18f32adf5b65f135ba9bc3522cd34066a6aaff03_synthetic_ring_6q_transpiler_47,3,2.0,0.24,4,current,bc2d5292433dbd57457d4b8e18f32adf5b65f135ba9bc3522cd34066a6aaff03,a8c77d0b2cdabef3b9ba279df496609f76a174ba9474507d77488b124b9a2527,361,273,233,128,13,1.6153846153846154,2,1.3333333333333333,2,1,6,6,2.0,3,1.8,1.0,1.0,1,robustness,synthetic_ring_6q_transpiler,ring,transpiler,SYNTHETIC_TARGET,"{""edges"": [[0, 1], [0, 5], [1, 0], [1, 2], [2, 1], [2, 3], [3, 2], [3, 4], [4, 3], [4, 5], [5, 0], [5, 4]], ""seed"": 7, ""basis"": [""id"", ""rz"", ""sx"", ""x"", ""ecr""], ""nodes"": 6}",ff4a6017b79ba46163d089d132c4bc654811d5fa5518090a9b65bf0d23d86ee8,,N3_x2_t0.24_r4_current__synthetic_ring_6q_transpiler__seed7,identity proxy before selection when layout is transpiler,bc2d5292433dbd57457d4b8e18f32adf5b65f135ba9bc3522cd34066a6aaff03_synthetic_ring_6q_transpiler,basic,47,v0.4.0,106,106,394,6.062598000000005e-05,-6,0.0080426549975527,True,,3.6014461020247056e-14,1e-10,logical Operator.equiv + routed zero/3 random states,"[3, 2, 1]",106,70,-36,106,70,-36,6.062598000000005e-05,3.969781800000001e-05,-2.0928162000000044e-05,teleport,teleport
0fc28dc35599b93623d9613d500225976d3b315fe307e512a0db8d51410569b8_synthetic_grid_6q_transpiler_11,3,2.0,0.24,8,current,0fc28dc35599b93623d9613d500225976d3b315fe307e512a0db8d51410569b8,6c1d27e17ed1cf182fc54db750bd1543268c42d972721db2752c586c79302655,721,545,465,256,13,1.6153846153846154,2,1.3333333333333333,2,1,6,7,2.333333333333333,3,1.6666666666666667,1.0,1.0,1,robustness,synthetic_grid_6q_transpiler,grid,transpiler,SYNTHETIC_TARGET,"{""edges"": [[0, 1], [0, 3], [1, 0], [1, 2], [1, 4], [2, 1], [2, 5], [3, 0], [3, 4], [4, 1], [4, 3], [4, 5], [5, 2], [5, 4]], ""seed"": 7, ""basis"": [""id"", ""rz"", ""sx"", ""x"", ""ecr""], ""nodes"": 6}",1dc9d7c7422ee8d9e756c16f45c753640fd9bb0d83eb6013019055e1f800f374,,N3_x2_t0.24_r8_current__synthetic_grid_6q_transpiler__seed7,identity proxy before selection when layout is transpiler,0fc28dc35599b93623d9613d500225976d3b315fe307e512a0db8d51410569b8_synthetic_grid_6q_transpiler,basic,11,v0.4.0,210,210,819,0.000101951946,-14,0.0096882939978968,True,,3.6557998705171394e-13,1e-10,logical Operator.equiv + routed zero/3 random states,"[2, 5, 4]",210,142,-68,210,142,-68,0.000101951946,6.694654199999994e-05,-3.500540400000006e-05,teleport,teleport
0fc28dc35599b93623d9613d500225976d3b315fe307e512a0db8d51410569b8_synthetic_grid_6q_transpiler_19,3,2.0,0.24,8,current,0fc28dc35599b93623d9613d500225976d3b315fe307e512a0db8d51410569b8,6c1d27e17ed1cf182fc54db750bd1543268c42d972721db2752c586c79302655,721,545,465,256,13,1.6153846153846154,2,1.3333333333333333,2,1,6,7,2.333333333333333,3,1.6666666666666667,1.0,1.0,1,robustness,synthetic_grid_6q_transpiler,grid,transpiler,SYNTHETIC_TARGET,"{""edges"": [[0, 1], [0, 3], [1, 0], [1, 2], [1, 4], [2, 1], [2, 5], [3, 0], [3, 4], [4, 1], [4, 3], [4, 5], [5, 2], [5, 4]], ""seed"": 7, ""basis"": [""id"", ""rz"", ""sx"", ""x"", ""ecr""], ""nodes"": 6}",1dc9d7c7422ee8d9e756c16f45c753640fd9bb0d83eb6013019055e1f800f374,,N3_x2_t0.24_r8_current__synthetic_grid_6q_transpiler__seed7,identity proxy before selection when layout is transpiler,0fc28dc35599b93623d9613d500225976d3b315fe307e512a0db8d51410569b8_synthetic_grid_6q_transpiler,basic,19,v0.4.0,210,210,1176,0.0001013434439999,-14,0.0090376309963176,True,,5.80409715889985e-13,1e-10,logical Operator.equiv + routed zero/3 random states,"[1, 4, 3]",210,142,-68,210,142,-68,0.0001013434439999,6.630451799999965e-05,-3.503892599990036e-05,teleport,teleport
0fc28dc35599b93623d9613d500225976d3b315fe307e512a0db8d51410569b8_synthetic_grid_6q_transpiler_29,3,2.0,0.24,8,current,0fc28dc35599b93623d9613d500225976d3b315fe307e512a0db8d51410569b8,6c1d27e17ed1cf182fc54db750bd1543268c42d972721db2752c586c79302655,721,545,465,256,13,1.6153846153846154,2,1.3333333333333333,2,1,6,7,2.333333333333333,3,1.6666666666666667,1.0,1.0,1,robustness,synthetic_grid_6q_transpiler,grid,transpiler,SYNTHETIC_TARGET,"{""edges"": [[0, 1], [0, 3], [1, 0], [1, 2], [1, 4], [2, 1], [2, 5], [3, 0], [3, 4], [4, 1], [4, 3], [4, 5], [5, 2], [5, 4]], ""seed"": 7, ""basis"": [""id"", ""rz"", ""sx"", ""x"", ""ecr""], ""nodes"": 6}",1dc9d7c7422ee8d9e756c16f45c753640fd9bb0d83eb6013019055e1f800f374,,N3_x2_t0.24_r8_current__synthetic_grid_6q_transpiler__seed7,identity proxy before selection when layout is transpiler,0fc28dc35599b93623d9613d500225976d3b315fe307e512a0db8d51410569b8_synthetic_grid_6q_transpiler,basic,29,v0.4.0,210,210,791,0.000121386048,-14,0.0093639910046476,True,,3.089903867839128e-13,1e-10,logical Operator.equiv + routed zero/3 random states,"[1, 2, 5]",210,142,-68,210,142,-68,0.000121386048,8.275405200000017e-05,-3.863199599999983e-05,teleport,teleport
0fc28dc35599b93623d9613d500225976d3b315fe307e512a0db8d51410569b8_synthetic_grid_6q_transpiler_37,3,2.0,0.24,8,current,0fc28dc35599b93623d9613d500225976d3b315fe307e512a0db8d51410569b8,6c1d27e17ed1cf182fc54db750bd1543268c42d972721db2752c586c79302655,721,545,465,256,13,1.6153846153846154,2,1.3333333333333333,2,1,6,7,2.333333333333333,3,1.6666666666666667,1.0,1.0,1,robustness,synthetic_grid_6q_transpiler,grid,transpiler,SYNTHETIC_TARGET,"{""edges"": [[0, 1], [0, 3], [1, 0], [1, 2], [1, 4], [2, 1], [2, 5], [3, 0], [3, 4], [4, 1], [4, 3], [4, 5], [5, 2], [5, 4]], ""seed"": 7, ""basis"": [""id"", ""rz"", ""sx"", ""x"", ""ecr""], ""nodes"": 6}",1dc9d7c7422ee8d9e756c16f45c753640fd9bb0d83eb6013019055e1f800f374,,N3_x2_t0.24_r8_current__synthetic_grid_6q_transpiler__seed7,identity proxy before selection when layout is transpiler,0fc28dc35599b93623d9613d500225976d3b315fe307e512a0db8d51410569b8_synthetic_grid_6q_transpiler,basic,37,v0.4.0,210,210,819,0.000101951946,-14,0.0094745900059933,True,,3.6557998705171394e-13,1e-10,logical Operator.equiv + routed zero/3 random states,"[2, 5, 4]",210,142,-68,210,142,-68,0.000101951946,6.694654199999994e-05,-3.500540400000006e-05,teleport,teleport
0fc28dc35599b93623d9613d500225976d3b315fe307e512a0db8d51410569b8_synthetic_grid_6q_transpiler_47,3,2.0,0.24,8,current,0fc28dc35599b93623d9613d500225976d3b315fe307e512a0db8d51410569b8,6c1d27e17ed1cf182fc54db750bd1543268c42d972721db2752c586c79302655,721,545,465,256,13,1.6153846153846154,2,1.3333333333333333,2,1,6,7,2.333333333333333,3,1.6666666666666667,1.0,1.0,1,robustness,synthetic_grid_6q_transpiler,grid,transpiler,SYNTHETIC_TARGET,"{""edges"": [[0, 1], [0, 3], [1, 0], [1, 2], [1, 4], [2, 1], [2, 5], [3, 0], [3, 4], [4, 1], [4, 3], [4, 5], [5, 2], [5, 4]], ""seed"": 7, ""basis"": [""id"", ""rz"", ""sx"", ""x"", ""ecr""], ""nodes"": 6}",1dc9d7c7422ee8d9e756c16f45c753640fd9bb0d83eb6013019055e1f800f374,,N3_x2_t0.24_r8_current__synthetic_grid_6q_transpiler__seed7,identity proxy before selection when layout is transpiler,0fc28dc35599b93623d9613d500225976d3b315fe307e512a0db8d51410569b8_synthetic_grid_6q_transpiler,basic,47,v0.4.0,210,210,808,0.000138184788,-14,0.0090548290027072,True,,3.110115230234677e-13,1e-10,logical Operator.equiv + routed zero/3 random states,"[0, 1, 2]",210,142,-68,210,142,-68,0.000138184788,9.108526800000012e-05,-4.709951999999989e-05,teleport,teleport
b4d5502166457832ab5510beca11bf8da7f4721a767e3c0a5898a00a9f9831cd_synthetic_heavy_hex_like_7q_transpiler_11,3,1.0,0.16,2,reversed,b4d5502166457832ab5510beca11bf8da7f4721a767e3c0a5898a00a9f9831cd,53c4f0677915c62f9f4a3a2141402bf5759264456ba570678b9a3dd1792b6691,181,137,117,64,13,1.6153846153846154,2,1.3333333333333333,2,1,7,7,2.0,5,2.2857142857142856,1.0,1.0,1,robustness,synthetic_heavy_hex_like_7q_transpiler,heavy_hex_like,transpiler,SYNTHETIC_TARGET,"{""edges"": [[0, 1], [0, 3], [1, 0], [1, 2], [2, 1], [2, 3], [3, 0], [3, 2], [3, 4], [4, 3], [4, 5], [5, 4], [5, 6], [6, 5]], ""seed"": 7, ""basis"": [""id"", ""rz"", ""sx"", ""x"", ""ecr""], ""nodes"": 7}",a56c42c5929ac738475a61ad56ac38f9ce297f29f090779c0473725bc68476b5,,N3_x1_t0.16_r2_reversed__synthetic_heavy_hex_like_7q_transpiler__seed7,identity proxy before selection when layout is transpiler,b4d5502166457832ab5510beca11bf8da7f4721a767e3c0a5898a00a9f9831cd_synthetic_heavy_hex_like_7q_transpiler,basic,11,v0.4.0,56,56,230,1.6531008000000017e-05,-4,0.00838553399808,True,,7.907407615887791e-14,1e-10,logical Operator.equiv + routed zero/3 random states,"[3, 4, 5]",56,40,-16,56,40,-16,1.6531008000000017e-05,1.1292696000000012e-05,-5.238312000000005e-06,teleport,teleport
b4d5502166457832ab5510beca11bf8da7f4721a767e3c0a5898a00a9f9831cd_synthetic_heavy_hex_like_7q_transpiler_19,3,1.0,0.16,2,reversed,b4d5502166457832ab5510beca11bf8da7f4721a767e3c0a5898a00a9f9831cd,53c4f0677915c62f9f4a3a2141402bf5759264456ba570678b9a3dd1792b6691,181,137,117,64,13,1.6153846153846154,2,1.3333333333333333,2,1,7,7,2.0,5,2.2857142857142856,1.0,1.0,1,robustness,synthetic_heavy_hex_like_7q_transpiler,heavy_hex_like,transpiler,SYNTHETIC_TARGET,"{""edges"": [[0, 1], [0, 3], [1, 0], [1, 2], [2, 1], [2, 3], [3, 0], [3, 2], [3, 4], [4, 3], [4, 5], [5, 4], [5, 6], [6, 5]], ""seed"": 7, ""basis"": [""id"", ""rz"", ""sx"", ""x"", ""ecr""], ""nodes"": 7}",a56c42c5929ac738475a61ad56ac38f9ce297f29f090779c0473725bc68476b5,,N3_x1_t0.16_r2_reversed__synthetic_heavy_hex_like_7q_transpiler__seed7,identity proxy before selection when layout is transpiler,b4d5502166457832ab5510beca11bf8da7f4721a767e3c0a5898a00a9f9831cd_synthetic_heavy_hex_like_7q_transpiler,basic,19,v0.4.0,56,56,316,2.5955795999999985e-05,-4,0.0067795299983117,True,,8.558329462949654e-14,1e-10,logical Operator.equiv + routed zero/3 random states,"[5, 4, 3]",56,40,-16,56,40,-16,2.5955795999999985e-05,1.791340200000001e-05,-8.042393999999976e-06,teleport,teleport
b4d5502166457832ab5510beca11bf8da7f4721a767e3c0a5898a00a9f9831cd_synthetic_heavy_hex_like_7q_transpiler_29,3,1.0,0.16,2,reversed,b4d5502166457832ab5510beca11bf8da7f4721a767e3c0a5898a00a9f9831cd,53c4f0677915c62f9f4a3a2141402bf5759264456ba570678b9a3dd1792b6691,181,137,117,64,13,1.6153846153846154,2,1.3333333333333333,2,1,7,7,2.0,5,2.2857142857142856,1.0,1.0,1,robustness,synthetic_heavy_hex_like_7q_transpiler,heavy_hex_like,transpiler,SYNTHETIC_TARGET,"{""edges"": [[0, 1], [0, 3], [1, 0], [1, 2], [2, 1], [2, 3], [3, 0], [3, 2], [3, 4], [4, 3], [4, 5], [5, 4], [5, 6], [6, 5]], ""seed"": 7, ""basis"": [""id"", ""rz"", ""sx"", ""x"", ""ecr""], ""nodes"": 7}",a56c42c5929ac738475a61ad56ac38f9ce297f29f090779c0473725bc68476b5,,N3_x1_t0.16_r2_reversed__synthetic_heavy_hex_like_7q_transpiler__seed7,identity proxy before selection when layout is transpiler,b4d5502166457832ab5510beca11bf8da7f4721a767e3c0a5898a00a9f9831cd_synthetic_heavy_hex_like_7q_transpiler,basic,29,v0.4.0,56,56,212,2.808610799999998e-05,-4,0.0068551459989976,True,,5.5093978631171194e-14,1e-10,logical Operator.equiv + routed zero/3 random states,"[1, 2, 3]",56,40,-16,56,40,-16,2.808610799999998e-05,2.0222202e-05,-7.86390599999998e-06,teleport,teleport
b4d5502166457832ab5510beca11bf8da7f4721a767e3c0a5898a00a9f9831cd_synthetic_heavy_hex_like_7q_transpiler_37,3,1.0,0.16,2,reversed,b4d5502166457832ab5510beca11bf8da7f4721a767e3c0a5898a00a9f9831cd,53c4f0677915c62f9f4a3a2141402bf5759264456ba570678b9a3dd1792b6691,181,137,117,64,13,1.6153846153846154,2,1.3333333333333333,2,1,7,7,2.0,5,2.2857142857142856,1.0,1.0,1,robustness,synthetic_heavy_hex_like_7q_transpiler,heavy_hex_like,transpiler,SYNTHETIC_TARGET,"{""edges"": [[0, 1], [0, 3], [1, 0], [1, 2], [2, 1], [2, 3], [3, 0], [3, 2], [3, 4], [4, 3], [4, 5], [5, 4], [5, 6], [6, 5]], ""seed"": 7, ""basis"": [""id"", ""rz"", ""sx"", ""x"", ""ecr""], ""nodes"": 7}",a56c42c5929ac738475a61ad56ac38f9ce297f29f090779c0473725bc68476b5,,N3_x1_t0.16_r2_reversed__synthetic_heavy_hex_like_7q_transpiler__seed7,identity proxy before selection when layout is transpiler,b4d5502166457832ab5510beca11bf8da7f4721a767e3c0a5898a00a9f9831cd_synthetic_heavy_hex_like_7q_transpiler,basic,37,v0.4.0,56,56,316,1.9588614000000023e-05,-4,0.0073199000034946,True,,9.786601104246381e-14,1e-10,logical Operator.equiv + routed zero/3 random states,"[4, 5, 6]",56,40,-16,56,40,-16,1.9588614000000023e-05,1.404505200000002e-05,-5.543562000000003e-06,teleport,teleport
b4d5502166457832ab5510beca11bf8da7f4721a767e3c0a5898a00a9f9831cd_synthetic_heavy_hex_like_7q_transpiler_47,3,1.0,0.16,2,reversed,b4d5502166457832ab5510beca11bf8da7f4721a767e3c0a5898a00a9f9831cd,53c4f0677915c62f9f4a3a2141402bf5759264456ba570678b9a3dd1792b6691,181,137,117,64,13,1.6153846153846154,2,1.3333333333333333,2,1,7,7,2.0,5,2.2857142857142856,1.0,1.0,1,robustness,synthetic_heavy_hex_like_7q_transpiler,heavy_hex_like,transpiler,SYNTHETIC_TARGET,"{""edges"": [[0, 1], [0, 3], [1, 0], [1, 2], [2, 1], [2, 3], [3, 0], [3, 2], [3, 4], [4, 3], [4, 5], [5, 4], [5, 6], [6, 5]], ""seed"": 7, ""basis"": [""id"", ""rz"", ""sx"", ""x"", ""ecr""], ""nodes"": 7}",a56c42c5929ac738475a61ad56ac38f9ce297f29f090779c0473725bc68476b5,,N3_x1_t0.16_r2_reversed__synthetic_heavy_hex_like_7q_transpiler__seed7,identity proxy before selection when layout is transpiler,b4d5502166457832ab5510beca11bf8da7f4721a767e3c0a5898a00a9f9831cd_synthetic_heavy_hex_like_7q_transpiler,basic,47,v0.4.0,56,56,301,2.7823703999999966e-05,-4,0.0068987909980933,True,,6.555653678492827e-14,1e-10,logical Operator.equiv + routed zero/3 random states,"[3, 2, 1]",56,40,-16,56,40,-16,2.7823703999999966e-05,1.9543104e-05,-8.280599999999966e-06,teleport,teleport
72b1038facc288285e2702246aec8cb5a5d554250f6dd4647e31f249d53e1c38_synthetic_irregular_7q_spread_11,3,0.5,0.08,2,current,72b1038facc288285e2702246aec8cb5a5d554250f6dd4647e31f249d53e1c38,895718eee45a850d435c8240f7a9ee014cfb599978558936fe2e71db8b8c0270,181,137,117,64,13,1.6153846153846154,2,1.3333333333333333,2,1,7,8,2.2857142857142856,3,1.809523809523809,2.0,2.0,1,robustness,synthetic_irregular_7q_spread,irregular,spread,SYNTHETIC_TARGET,"{""edges"": [[0, 1], [0, 3], [1, 0], [1, 2], [2, 1], [2, 3], [2, 6], [3, 0], [3, 2], [3, 4], [4, 3], [4, 5], [5, 4], [5, 6], [6, 2], [6, 5]], ""seed"": 7, ""basis"": [""id"", ""rz"", ""sx"", ""x"", ""ecr""], ""nodes"": 7}",c8b003a1553d070cddc2acc63823ce20487791b575f8614922ec632ce2dbf9e1,"[0, 2, 5]",N3_x0.5_t0.08_r2_current__synthetic_irregular_7q_spread__seed7,identity proxy before selection when layout is transpiler,72b1038facc288285e2702246aec8cb5a5d554250f6dd4647e31f249d53e1c38_synthetic_irregular_7q_spread,basic,11,v0.4.0,60,57,205,3.010497599999996e-05,4,0.0069115059959585,True,,2.5097464813560866e-13,1e-10,logical Operator.equiv + routed zero/3 random states,"[3, 2, 6]",60,48,-12,57,45,-12,3.010497599999996e-05,2.378241599999998e-05,-6.32255999999998e-06,teleport,teleport
72b1038facc288285e2702246aec8cb5a5d554250f6dd4647e31f249d53e1c38_synthetic_irregular_7q_spread_19,3,0.5,0.08,2,current,72b1038facc288285e2702246aec8cb5a5d554250f6dd4647e31f249d53e1c38,895718eee45a850d435c8240f7a9ee014cfb599978558936fe2e71db8b8c0270,181,137,117,64,13,1.6153846153846154,2,1.3333333333333333,2,1,7,8,2.2857142857142856,3,1.809523809523809,2.0,2.0,1,robustness,synthetic_irregular_7q_spread,irregular,spread,SYNTHETIC_TARGET,"{""edges"": [[0, 1], [0, 3], [1, 0], [1, 2], [2, 1], [2, 3], [2, 6], [3, 0], [3, 2], [3, 4], [4, 3], [4, 5], [5, 4], [5, 6], [6, 2], [6, 5]], ""seed"": 7, ""basis"": [""id"", ""rz"", ""sx"", ""x"", ""ecr""], ""nodes"": 7}",c8b003a1553d070cddc2acc63823ce20487791b575f8614922ec632ce2dbf9e1,"[0, 2, 5]",N3_x0.5_t0.08_r2_current__synthetic_irregular_7q_spread__seed7,identity proxy before selection when layout is transpiler,72b1038facc288285e2702246aec8cb5a5d554250f6dd4647e31f249d53e1c38_synthetic_irregular_7q_spread,basic,19,v0.4.0,60,57,205,3.010497599999996e-05,4,0.0065991009978461,True,,2.5097464813560866e-13,1e-10,logical Operator.equiv + routed zero/3 random states,"[3, 2, 6]",60,48,-12,57,45,-12,3.010497599999996e-05,2.378241599999998e-05,-6.32255999999998e-06,teleport,teleport
72b1038facc288285e2702246aec8cb5a5d554250f6dd4647e31f249d53e1c38_synthetic_irregular_7q_spread_29,3,0.5,0.08,2,current,72b1038facc288285e2702246aec8cb5a5d554250f6dd4647e31f249d53e1c38,895718eee45a850d435c8240f7a9ee014cfb599978558936fe2e71db8b8c0270,181,137,117,64,13,1.6153846153846154,2,1.3333333333333333,2,1,7,8,2.2857142857142856,3,1.809523809523809,2.0,2.0,1,robustness,synthetic_irregular_7q_spread,irregular,spread,SYNTHETIC_TARGET,"{""edges"": [[0, 1], [0, 3], [1, 0], [1, 2], [2, 1], [2, 3], [2, 6], [3, 0], [3, 2], [3, 4], [4, 3], [4, 5], [5, 4], [5, 6], [6, 2], [6, 5]], ""seed"": 7, ""basis"": [""id"", ""rz"", ""sx"", ""x"", ""ecr""], ""nodes"": 7}",c8b003a1553d070cddc2acc63823ce20487791b575f8614922ec632ce2dbf9e1,"[0, 2, 5]",N3_x0.5_t0.08_r2_current__synthetic_irregular_7q_spread__seed7,identity proxy before selection when layout is transpiler,72b1038facc288285e2702246aec8cb5a5d554250f6dd4647e31f249d53e1c38_synthetic_irregular_7q_spread,basic,29,v0.4.0,60,57,194,3.351112199999997e-05,4,0.0067565669960458,True,,9.56444661330342e-15,1e-10,logical Operator.equiv + routed zero/3 random states,"[0, 3, 4]",60,48,-12,57,45,-12,3.351112199999997e-05,2.741833199999997e-05,-6.092790000000003e-06,teleport,teleport
72b1038facc288285e2702246aec8cb5a5d554250f6dd4647e31f249d53e1c38_synthetic_irregular_7q_spread_37,3,0.5,0.08,2,current,72b1038facc288285e2702246aec8cb5a5d554250f6dd4647e31f249d53e1c38,895718eee45a850d435c8240f7a9ee014cfb599978558936fe2e71db8b8c0270,181,137,117,64,13,1.6153846153846154,2,1.3333333333333333,2,1,7,8,2.2857142857142856,3,1.809523809523809,2.0,2.0,1,robustness,synthetic_irregular_7q_spread,irregular,spread,SYNTHETIC_TARGET,"{""edges"": [[0, 1], [0, 3], [1, 0], [1, 2], [2, 1], [2, 3], [2, 6], [3, 0], [3, 2], [3, 4], [4, 3], [4, 5], [5, 4], [5, 6], [6, 2], [6, 5]], ""seed"": 7, ""basis"": [""id"", ""rz"", ""sx"", ""x"", ""ecr""], ""nodes"": 7}",c8b003a1553d070cddc2acc63823ce20487791b575f8614922ec632ce2dbf9e1,"[0, 2, 5]",N3_x0.5_t0.08_r2_current__synthetic_irregular_7q_spread__seed7,identity proxy before selection when layout is transpiler,72b1038facc288285e2702246aec8cb5a5d554250f6dd4647e31f249d53e1c38_synthetic_irregular_7q_spread,basic,37,v0.4.0,60,57,194,3.351112199999997e-05,4,0.0103024759955587,True,,9.56444661330342e-15,1e-10,logical Operator.equiv + routed zero/3 random states,"[0, 3, 4]",60,48,-12,57,45,-12,3.351112199999997e-05,2.741833199999997e-05,-6.092790000000003e-06,teleport,teleport
72b1038facc288285e2702246aec8cb5a5d554250f6dd4647e31f249d53e1c38_synthetic_irregular_7q_spread_47,3,0.5,0.08,2,current,72b1038facc288285e2702246aec8cb5a5d554250f6dd4647e31f249d53e1c38,895718eee45a850d435c8240f7a9ee014cfb599978558936fe2e71db8b8c0270,181,137,117,64,13,1.6153846153846154,2,1.3333333333333333,2,1,7,8,2.2857142857142856,3,1.809523809523809,2.0,2.0,1,robustness,synthetic_irregular_7q_spread,irregular,spread,SYNTHETIC_TARGET,"{""edges"": [[0, 1], [0, 3], [1, 0], [1, 2], [2, 1], [2, 3], [2, 6], [3, 0], [3, 2], [3, 4], [4, 3], [4, 5], [5, 4], [5, 6], [6, 2], [6, 5]], ""seed"": 7, ""basis"": [""id"", ""rz"", ""sx"", ""x"", ""ecr""], ""nodes"": 7}",c8b003a1553d070cddc2acc63823ce20487791b575f8614922ec632ce2dbf9e1,"[0, 2, 5]",N3_x0.5_t0.08_r2_current__synthetic_irregular_7q_spread__seed7,identity proxy before selection when layout is transpiler,72b1038facc288285e2702246aec8cb5a5d554250f6dd4647e31f249d53e1c38_synthetic_irregular_7q_spread,basic,47,v0.4.0,60,57,205,3.010497599999996e-05,4,0.0078125430009095,True,,2.5097464813560866e-13,1e-10,logical Operator.equiv + routed zero/3 random states,"[3, 2, 6]",60,48,-12,57,45,-12,3.010497599999996e-05,2.378241599999998e-05,-6.32255999999998e-06,teleport,teleport
458db1b65dc833bd8c659df2b45270528a8cfce8db05e426b8a2f00bff2e84f9_synthetic_ring_6q_transpiler_11,4,2.0,0.24,4,current,458db1b65dc833bd8c659df2b45270528a8cfce8db05e426b8a2f00bff2e84f9,4c02070fde736bde53d19c2818950c4ccec18611744acc48bced18e5d2043a97,553,392,345,208,19,1.6842105263157894,3,1.5,2,1,6,6,2.0,3,1.8,1.0,1.0,1,robustness,synthetic_ring_6q_transpiler,ring,transpiler,SYNTHETIC_TARGET,"{""edges"": [[0, 1], [0, 5], [1, 0], [1, 2], [2, 1], [2, 3], [3, 2], [3, 4], [4, 3], [4, 5], [5, 0], [5, 4]], ""seed"": 7, ""basis"": [""id"", ""rz"", ""sx"", ""x"", ""ecr""], ""nodes"": 6}",ff4a6017b79ba46163d089d132c4bc654811d5fa5518090a9b65bf0d23d86ee8,,N4_x2_t0.24_r4_current__synthetic_ring_6q_transpiler__seed7,identity proxy before selection when layout is transpiler,458db1b65dc833bd8c659df2b45270528a8cfce8db05e426b8a2f00bff2e84f9_synthetic_ring_6q_transpiler,basic,11,v0.4.0,130,114,508,6.122227199999983e-05,-46,0.0097239910028292,True,,2.6818335710700954e-14,1e-10,logical Operator.equiv + routed zero/3 random states,"[3, 4, 5, 0]",130,126,-4,114,110,-4,6.122227199999983e-05,6.0219941999999855e-05,-1.0023299999999705e-06,teleport,teleport
458db1b65dc833bd8c659df2b45270528a8cfce8db05e426b8a2f00bff2e84f9_synthetic_ring_6q_transpiler_19,4,2.0,0.24,4,current,458db1b65dc833bd8c659df2b45270528a8cfce8db05e426b8a2f00bff2e84f9,4c02070fde736bde53d19c2818950c4ccec18611744acc48bced18e5d2043a97,553,392,345,208,19,1.6842105263157894,3,1.5,2,1,6,6,2.0,3,1.8,1.0,1.0,1,robustness,synthetic_ring_6q_transpiler,ring,transpiler,SYNTHETIC_TARGET,"{""edges"": [[0, 1], [0, 5], [1, 0], [1, 2], [2, 1], [2, 3], [3, 2], [3, 4], [4, 3], [4, 5], [5, 0], [5, 4]], ""seed"": 7, ""basis"": [""id"", ""rz"", ""sx"", ""x"", ""ecr""], ""nodes"": 6}",ff4a6017b79ba46163d089d132c4bc654811d5fa5518090a9b65bf0d23d86ee8,,N4_x2_t0.24_r4_current__synthetic_ring_6q_transpiler__seed7,identity proxy before selection when layout is transpiler,458db1b65dc833bd8c659df2b45270528a8cfce8db05e426b8a2f00bff2e84f9_synthetic_ring_6q_transpiler,basic,19,v0.4.0,130,114,459,6.476472599999987e-05,-46,0.0080750630004331,True,,2.134146163163033e-14,1e-10,logical Operator.equiv + routed zero/3 random states,"[2, 3, 4, 5]",130,126,-4,114,110,-4,6.476472599999987e-05,6.184498199999987e-05,-2.919743999999999e-06,teleport,teleport
458db1b65dc833bd8c659df2b45270528a8cfce8db05e426b8a2f00bff2e84f9_synthetic_ring_6q_transpiler_29,4,2.0,0.24,4,current,458db1b65dc833bd8c659df2b45270528a8cfce8db05e426b8a2f00bff2e84f9,4c02070fde736bde53d19c2818950c4ccec18611744acc48bced18e5d2043a97,553,392,345,208,19,1.6842105263157894,3,1.5,2,1,6,6,2.0,3,1.8,1.0,1.0,1,robustness,synthetic_ring_6q_transpiler,ring,transpiler,SYNTHETIC_TARGET,"{""edges"": [[0, 1], [0, 5], [1, 0], [1, 2], [2, 1], [2, 3], [3, 2], [3, 4], [4, 3], [4, 5], [5, 0], [5, 4]], ""seed"": 7, ""basis"": [""id"", ""rz"", ""sx"", ""x"", ""ecr""], ""nodes"": 6}",ff4a6017b79ba46163d089d132c4bc654811d5fa5518090a9b65bf0d23d86ee8,,N4_x2_t0.24_r4_current__synthetic_ring_6q_transpiler__seed7,identity proxy before selection when layout is transpiler,458db1b65dc833bd8c659df2b45270528a8cfce8db05e426b8a2f00bff2e84f9_synthetic_ring_6q_transpiler,basic,29,v0.4.0,130,114,635,5.08668599999998e-05,-46,0.0127275600025313,True,,9.971309182765997e-14,1e-10,logical Operator.equiv + routed zero/3 random states,"[2, 1, 0, 5]",130,126,-4,114,110,-4,5.08668599999998e-05,5.06375339999998e-05,-2.293259999999991e-07,teleport,teleport
458db1b65dc833bd8c659df2b45270528a8cfce8db05e426b8a2f00bff2e84f9_synthetic_ring_6q_transpiler_37,4,2.0,0.24,4,current,458db1b65dc833bd8c659df2b45270528a8cfce8db05e426b8a2f00bff2e84f9,4c02070fde736bde53d19c2818950c4ccec18611744acc48bced18e5d2043a97,553,392,345,208,19,1.6842105263157894,3,1.5,2,1,6,6,2.0,3,1.8,1.0,1.0,1,robustness,synthetic_ring_6q_transpiler,ring,transpiler,SYNTHETIC_TARGET,"{""edges"": [[0, 1], [0, 5], [1, 0], [1, 2], [2, 1], [2, 3], [3, 2], [3, 4], [4, 3], [4, 5], [5, 0], [5, 4]], ""seed"": 7, ""basis"": [""id"", ""rz"", ""sx"", ""x"", ""ecr""], ""nodes"": 6}",ff4a6017b79ba46163d089d132c4bc654811d5fa5518090a9b65bf0d23d86ee8,,N4_x2_t0.24_r4_current__synthetic_ring_6q_transpiler__seed7,identity proxy before selection when layout is transpiler,458db1b65dc833bd8c659df2b45270528a8cfce8db05e426b8a2f00bff2e84f9_synthetic_ring_6q_transpiler,basic,37,v0.4.0,130,114,636,6.505487999999984e-05,-46,0.0089764040021691,True,,5.595945318239432e-14,1e-10,logical Operator.equiv + routed zero/3 random states,"[0, 5, 4, 3]",130,126,-4,114,110,-4,6.505487999999984e-05,6.185230799999984e-05,-3.202571999999992e-06,teleport,teleport
458db1b65dc833bd8c659df2b45270528a8cfce8db05e426b8a2f00bff2e84f9_synthetic_ring_6q_transpiler_47,4,2.0,0.24,4,current,458db1b65dc833bd8c659df2b45270528a8cfce8db05e426b8a2f00bff2e84f9,4c02070fde736bde53d19c2818950c4ccec18611744acc48bced18e5d2043a97,553,392,345,208,19,1.6842105263157894,3,1.5,2,1,6,6,2.0,3,1.8,1.0,1.0,1,robustness,synthetic_ring_6q_transpiler,ring,transpiler,SYNTHETIC_TARGET,"{""edges"": [[0, 1], [0, 5], [1, 0], [1, 2], [2, 1], [2, 3], [3, 2], [3, 4], [4, 3], [4, 5], [5, 0], [5, 4]], ""seed"": 7, ""basis"": [""id"", ""rz"", ""sx"", ""x"", ""ecr""], ""nodes"": 6}",ff4a6017b79ba46163d089d132c4bc654811d5fa5518090a9b65bf0d23d86ee8,,N4_x2_t0.24_r4_current__synthetic_ring_6q_transpiler__seed7,identity proxy before selection when layout is transpiler,458db1b65dc833bd8c659df2b45270528a8cfce8db05e426b8a2f00bff2e84f9_synthetic_ring_6q_transpiler,basic,47,v0.4.0,130,114,571,6.295875599999994e-05,-46,0.008734118004213,True,,1.5346760545599656e-13,1e-10,logical Operator.equiv + routed zero/3 random states,"[3, 2, 1, 0]",130,126,-4,114,110,-4,6.295875599999994e-05,6.088838399999997e-05,-2.0703719999999693e-06,teleport,teleport
8a9838b475d9bb5d15c2324d44b159fb5c192b8a4ea7b71bf432d0ede311ee02_synthetic_grid_6q_transpiler_11,4,2.0,0.24,8,current,8a9838b475d9bb5d15c2324d44b159fb5c192b8a4ea7b71bf432d0ede311ee02,7982982987e59a949c739e2bae48e48a06af33b8104d2d18d107b51b6d37128a,1105,784,689,416,19,1.6842105263157894,3,1.5,2,1,6,7,2.333333333333333,3,1.6666666666666667,1.6153846153846154,3.0,1,robustness,synthetic_grid_6q_transpiler,grid,transpiler,SYNTHETIC_TARGET,"{""edges"": [[0, 1], [0, 3], [1, 0], [1, 2], [1, 4], [2, 1], [2, 5], [3, 0], [3, 4], [4, 1], [4, 3], [4, 5], [5, 2], [5, 4]], ""seed"": 7, ""basis"": [""id"", ""rz"", ""sx"", ""x"", ""ecr""], ""nodes"": 6}",1dc9d7c7422ee8d9e756c16f45c753640fd9bb0d83eb6013019055e1f800f374,,N4_x2_t0.24_r8_current__synthetic_grid_6q_transpiler__seed7,identity proxy before selection when layout is transpiler,8a9838b475d9bb5d15c2324d44b159fb5c192b8a4ea7b71bf432d0ede311ee02_synthetic_grid_6q_transpiler,basic,11,v0.4.0,258,226,1032,0.0001035037259999,-94,0.0128766819980228,True,,2.2958620437330664e-13,1e-10,logical Operator.equiv + routed zero/3 random states,"[2, 5, 4, 1]",258,246,-12,226,214,-12,0.0001035037259999,9.512056199999988e-05,-8.383163999900117e-06,teleport,teleport
8a9838b475d9bb5d15c2324d44b159fb5c192b8a4ea7b71bf432d0ede311ee02_synthetic_grid_6q_transpiler_19,4,2.0,0.24,8,current,8a9838b475d9bb5d15c2324d44b159fb5c192b8a4ea7b71bf432d0ede311ee02,7982982987e59a949c739e2bae48e48a06af33b8104d2d18d107b51b6d37128a,1105,784,689,416,19,1.6842105263157894,3,1.5,2,1,6,7,2.333333333333333,3,1.6666666666666667,1.6153846153846154,3.0,1,robustness,synthetic_grid_6q_transpiler,grid,transpiler,SYNTHETIC_TARGET,"{""edges"": [[0, 1], [0, 3], [1, 0], [1, 2], [1, 4], [2, 1], [2, 5], [3, 0], [3, 4], [4, 1], [4, 3], [4, 5], [5, 2], [5, 4]], ""seed"": 7, ""basis"": [""id"", ""rz"", ""sx"", ""x"", ""ecr""], ""nodes"": 6}",1dc9d7c7422ee8d9e756c16f45c753640fd9bb0d83eb6013019055e1f800f374,,N4_x2_t0.24_r8_current__synthetic_grid_6q_transpiler__seed7,identity proxy before selection when layout is transpiler,8a9838b475d9bb5d15c2324d44b159fb5c192b8a4ea7b71bf432d0ede311ee02_synthetic_grid_6q_transpiler,basic,19,v0.4.0,258,226,974,8.389712999999967e-05,-94,0.0102095509937498,True,,3.51410765916728e-13,1e-10,logical Operator.equiv + routed zero/3 random states,"[0, 3, 4, 5]",258,246,-12,226,214,-12,8.389712999999967e-05,7.574040599999975e-05,-8.15672399999992e-06,teleport,teleport
8a9838b475d9bb5d15c2324d44b159fb5c192b8a4ea7b71bf432d0ede311ee02_synthetic_grid_6q_transpiler_29,4,2.0,0.24,8,current,8a9838b475d9bb5d15c2324d44b159fb5c192b8a4ea7b71bf432d0ede311ee02,7982982987e59a949c739e2bae48e48a06af33b8104d2d18d107b51b6d37128a,1105,784,689,416,19,1.6842105263157894,3,1.5,2,1,6,7,2.333333333333333,3,1.6666666666666667,1.6153846153846154,3.0,1,robustness,synthetic_grid_6q_transpiler,grid,transpiler,SYNTHETIC_TARGET,"{""edges"": [[0, 1], [0, 3], [1, 0], [1, 2], [1, 4], [2, 1], [2, 5], [3, 0], [3, 4], [4, 1], [4, 3], [4, 5], [5, 2], [5, 4]], ""seed"": 7, ""basis"": [""id"", ""rz"", ""sx"", ""x"", ""ecr""], ""nodes"": 6}",1dc9d7c7422ee8d9e756c16f45c753640fd9bb0d83eb6013019055e1f800f374,,N4_x2_t0.24_r8_current__synthetic_grid_6q_transpiler__seed7,identity proxy before selection when layout is transpiler,8a9838b475d9bb5d15c2324d44b159fb5c192b8a4ea7b71bf432d0ede311ee02_synthetic_grid_6q_transpiler,basic,29,v0.4.0,258,226,1040,0.000124322442,-94,0.0104795729930629,True,,4.427447215600506e-13,1e-10,logical Operator.equiv + routed zero/3 random states,"[1, 2, 5, 4]",258,246,-12,226,214,-12,0.000124322442,0.000118069812,-6.252629999999997e-06,teleport,teleport
8a9838b475d9bb5d15c2324d44b159fb5c192b8a4ea7b71bf432d0ede311ee02_synthetic_grid_6q_transpiler_37,4,2.0,0.24,8,current,8a9838b475d9bb5d15c2324d44b159fb5c192b8a4ea7b71bf432d0ede311ee02,7982982987e59a949c739e2bae48e48a06af33b8104d2d18d107b51b6d37128a,1105,784,689,416,19,1.6842105263157894,3,1.5,2,1,6,7,2.333333333333333,3,1.6666666666666667,1.6153846153846154,3.0,1,robustness,synthetic_grid_6q_transpiler,grid,transpiler,SYNTHETIC_TARGET,"{""edges"": [[0, 1], [0, 3], [1, 0], [1, 2], [1, 4], [2, 1], [2, 5], [3, 0], [3, 4], [4, 1], [4, 3], [4, 5], [5, 2], [5, 4]], ""seed"": 7, ""basis"": [""id"", ""rz"", ""sx"", ""x"", ""ecr""], ""nodes"": 6}",1dc9d7c7422ee8d9e756c16f45c753640fd9bb0d83eb6013019055e1f800f374,,N4_x2_t0.24_r8_current__synthetic_grid_6q_transpiler__seed7,identity proxy before selection when layout is transpiler,8a9838b475d9bb5d15c2324d44b159fb5c192b8a4ea7b71bf432d0ede311ee02_synthetic_grid_6q_transpiler,basic,37,v0.4.0,258,226,1032,0.0001035037259999,-94,0.0111835740026435,True,,2.2958620437330664e-13,1e-10,logical Operator.equiv + routed zero/3 random states,"[2, 5, 4, 1]",258,246,-12,226,214,-12,0.0001035037259999,9.512056199999988e-05,-8.383163999900117e-06,teleport,teleport
8a9838b475d9bb5d15c2324d44b159fb5c192b8a4ea7b71bf432d0ede311ee02_synthetic_grid_6q_transpiler_47,4,2.0,0.24,8,current,8a9838b475d9bb5d15c2324d44b159fb5c192b8a4ea7b71bf432d0ede311ee02,7982982987e59a949c739e2bae48e48a06af33b8104d2d18d107b51b6d37128a,1105,784,689,416,19,1.6842105263157894,3,1.5,2,1,6,7,2.333333333333333,3,1.6666666666666667,1.6153846153846154,3.0,1,robustness,synthetic_grid_6q_transpiler,grid,transpiler,SYNTHETIC_TARGET,"{""edges"": [[0, 1], [0, 3], [1, 0], [1, 2], [1, 4], [2, 1], [2, 5], [3, 0], [3, 4], [4, 1], [4, 3], [4, 5], [5, 2], [5, 4]], ""seed"": 7, ""basis"": [""id"", ""rz"", ""sx"", ""x"", ""ecr""], ""nodes"": 6}",1dc9d7c7422ee8d9e756c16f45c753640fd9bb0d83eb6013019055e1f800f374,,N4_x2_t0.24_r8_current__synthetic_grid_6q_transpiler__seed7,identity proxy before selection when layout is transpiler,8a9838b475d9bb5d15c2324d44b159fb5c192b8a4ea7b71bf432d0ede311ee02_synthetic_grid_6q_transpiler,basic,47,v0.4.0,258,226,903,0.000133407792,-94,0.0173945979986456,True,,2.122471480639833e-13,1e-10,logical Operator.equiv + routed zero/3 random states,"[0, 1, 2, 5]",258,246,-12,226,214,-12,0.000133407792,0.00014855574,1.5147948000000002e-05,teleport,teleport
dabd84c4a3325ef21b50a394178e913fd5ef5dba3253c4dc929ef5785b340571_synthetic_line_6q_favorable_11,4,1.0,0.16,2,reversed,dabd84c4a3325ef21b50a394178e913fd5ef5dba3253c4dc929ef5785b340571,63750b2d38357d5cd9f9fb922cc3dfb8e294b61159a2362da953e87c8d5996e0,277,197,173,104,19,1.6842105263157894,3,1.5,2,1,6,5,1.6666666666666667,5,2.333333333333333,1.0,1.0,1,robustness,synthetic_line_6q_favorable,line,favorable,SYNTHETIC_TARGET,"{""edges"": [[0, 1], [1, 0], [1, 2], [2, 1], [2, 3], [3, 2], [3, 4], [4, 3], [4, 5], [5, 4]], ""seed"": 7, ""basis"": [""id"", ""rz"", ""sx"", ""x"", ""ecr""], ""nodes"": 6}",ccfecec17e274607ed29176fa4c2a758de445cb0e2e85ddcc1bbcb36bd80dcb3,"[0, 1, 2, 3]",N4_x1_t0.16_r2_reversed__synthetic_line_6q_favorable__seed7,identity proxy before selection when layout is transpiler,dabd84c4a3325ef21b50a394178e913fd5ef5dba3253c4dc929ef5785b340571_synthetic_line_6q_favorable,basic,11,v0.4.0,72,64,251,4.540810199999996e-05,-22,0.0079741410008864,True,,4.016378766845314e-14,1e-10,logical Operator.equiv + routed zero/3 random states,"[0, 1, 2, 3]",72,68,-4,64,60,-4,4.540810199999996e-05,4.521917999999998e-05,-1.889219999999807e-07,teleport,teleport
dabd84c4a3325ef21b50a394178e913fd5ef5dba3253c4dc929ef5785b340571_synthetic_line_6q_favorable_19,4,1.0,0.16,2,reversed,dabd84c4a3325ef21b50a394178e913fd5ef5dba3253c4dc929ef5785b340571,63750b2d38357d5cd9f9fb922cc3dfb8e294b61159a2362da953e87c8d5996e0,277,197,173,104,19,1.6842105263157894,3,1.5,2,1,6,5,1.6666666666666667,5,2.333333333333333,1.0,1.0,1,robustness,synthetic_line_6q_favorable,line,favorable,SYNTHETIC_TARGET,"{""edges"": [[0, 1], [1, 0], [1, 2], [2, 1], [2, 3], [3, 2], [3, 4], [4, 3], [4, 5], [5, 4]], ""seed"": 7, ""basis"": [""id"", ""rz"", ""sx"", ""x"", ""ecr""], ""nodes"": 6}",ccfecec17e274607ed29176fa4c2a758de445cb0e2e85ddcc1bbcb36bd80dcb3,"[0, 1, 2, 3]",N4_x1_t0.16_r2_reversed__synthetic_line_6q_favorable__seed7,identity proxy before selection when layout is transpiler,dabd84c4a3325ef21b50a394178e913fd5ef5dba3253c4dc929ef5785b340571_synthetic_line_6q_favorable,basic,19,v0.4.0,72,64,251,4.540810199999996e-05,-22,0.0070974670015857,True,,4.016378766845314e-14,1e-10,logical Operator.equiv + routed zero/3 random states,"[0, 1, 2, 3]",72,68,-4,64,60,-4,4.540810199999996e-05,4.521917999999998e-05,-1.889219999999807e-07,teleport,teleport
dabd84c4a3325ef21b50a394178e913fd5ef5dba3253c4dc929ef5785b340571_synthetic_line_6q_favorable_29,4,1.0,0.16,2,reversed,dabd84c4a3325ef21b50a394178e913fd5ef5dba3253c4dc929ef5785b340571,63750b2d38357d5cd9f9fb922cc3dfb8e294b61159a2362da953e87c8d5996e0,277,197,173,104,19,1.6842105263157894,3,1.5,2,1,6,5,1.6666666666666667,5,2.333333333333333,1.0,1.0,1,robustness,synthetic_line_6q_favorable,line,favorable,SYNTHETIC_TARGET,"{""edges"": [[0, 1], [1, 0], [1, 2], [2, 1], [2, 3], [3, 2], [3, 4], [4, 3], [4, 5], [5, 4]], ""seed"": 7, ""basis"": [""id"", ""rz"", ""sx"", ""x"", ""ecr""], ""nodes"": 6}",ccfecec17e274607ed29176fa4c2a758de445cb0e2e85ddcc1bbcb36bd80dcb3,"[0, 1, 2, 3]",N4_x1_t0.16_r2_reversed__synthetic_line_6q_favorable__seed7,identity proxy before selection when layout is transpiler,dabd84c4a3325ef21b50a394178e913fd5ef5dba3253c4dc929ef5785b340571_synthetic_line_6q_favorable,basic,29,v0.4.0,72,64,251,4.540810199999996e-05,-22,0.0082409539973014,True,,4.016378766845314e-14,1e-10,logical Operator.equiv + routed zero/3 random states,"[0, 1, 2, 3]",72,68,-4,64,60,-4,4.540810199999996e-05,4.521917999999998e-05,-1.889219999999807e-07,teleport,teleport
dabd84c4a3325ef21b50a394178e913fd5ef5dba3253c4dc929ef5785b340571_synthetic_line_6q_favorable_37,4,1.0,0.16,2,reversed,dabd84c4a3325ef21b50a394178e913fd5ef5dba3253c4dc929ef5785b340571,63750b2d38357d5cd9f9fb922cc3dfb8e294b61159a2362da953e87c8d5996e0,277,197,173,104,19,1.6842105263157894,3,1.5,2,1,6,5,1.6666666666666667,5,2.333333333333333,1.0,1.0,1,robustness,synthetic_line_6q_favorable,line,favorable,SYNTHETIC_TARGET,"{""edges"": [[0, 1], [1, 0], [1, 2], [2, 1], [2, 3], [3, 2], [3, 4], [4, 3], [4, 5], [5, 4]], ""seed"": 7, ""basis"": [""id"", ""rz"", ""sx"", ""x"", ""ecr""], ""nodes"": 6}",ccfecec17e274607ed29176fa4c2a758de445cb0e2e85ddcc1bbcb36bd80dcb3,"[0, 1, 2, 3]",N4_x1_t0.16_r2_reversed__synthetic_line_6q_favorable__seed7,identity proxy before selection when layout is transpiler,dabd84c4a3325ef21b50a394178e913fd5ef5dba3253c4dc929ef5785b340571_synthetic_line_6q_favorable,basic,37,v0.4.0,72,64,251,4.540810199999996e-05,-22,0.0070977969953673,True,,4.016378766845314e-14,1e-10,logical Operator.equiv + routed zero/3 random states,"[0, 1, 2, 3]",72,68,-4,64,60,-4,4.540810199999996e-05,4.521917999999998e-05,-1.889219999999807e-07,teleport,teleport
dabd84c4a3325ef21b50a394178e913fd5ef5dba3253c4dc929ef5785b340571_synthetic_line_6q_favorable_47,4,1.0,0.16,2,reversed,dabd84c4a3325ef21b50a394178e913fd5ef5dba3253c4dc929ef5785b340571,63750b2d38357d5cd9f9fb922cc3dfb8e294b61159a2362da953e87c8d5996e0,277,197,173,104,19,1.6842105263157894,3,1.5,2,1,6,5,1.6666666666666667,5,2.333333333333333,1.0,1.0,1,robustness,synthetic_line_6q_favorable,line,favorable,SYNTHETIC_TARGET,"{""edges"": [[0, 1], [1, 0], [1, 2], [2, 1], [2, 3], [3, 2], [3, 4], [4, 3], [4, 5], [5, 4]], ""seed"": 7, ""basis"": [""id"", ""rz"", ""sx"", ""x"", ""ecr""], ""nodes"": 6}",ccfecec17e274607ed29176fa4c2a758de445cb0e2e85ddcc1bbcb36bd80dcb3,"[0, 1, 2, 3]",N4_x1_t0.16_r2_reversed__synthetic_line_6q_favorable__seed7,identity proxy before selection when layout is transpiler,dabd84c4a3325ef21b50a394178e913fd5ef5dba3253c4dc929ef5785b340571_synthetic_line_6q_favorable,basic,47,v0.4.0,72,64,251,4.540810199999996e-05,-22,0.0093163670026115,True,,4.016378766845314e-14,1e-10,logical Operator.equiv + routed zero/3 random states,"[0, 1, 2, 3]",72,68,-4,64,60,-4,4.540810199999996e-05,4.521917999999998e-05,-1.889219999999807e-07,teleport,teleport
dabd84c4a3325ef21b50a394178e913fd5ef5dba3253c4dc929ef5785b340571_synthetic_line_6q_spread_11,4,1.0,0.16,2,reversed,dabd84c4a3325ef21b50a394178e913fd5ef5dba3253c4dc929ef5785b340571,63750b2d38357d5cd9f9fb922cc3dfb8e294b61159a2362da953e87c8d5996e0,277,197,173,104,19,1.6842105263157894,3,1.5,2,1,6,5,1.6666666666666667,5,2.333333333333333,1.6153846153846154,2.0,1,robustness,synthetic_line_6q_spread,line,spread,SYNTHETIC_TARGET,"{""edges"": [[0, 1], [1, 0], [1, 2], [2, 1], [2, 3], [3, 2], [3, 4], [4, 3], [4, 5], [5, 4]], ""seed"": 7, ""basis"": [""id"", ""rz"", ""sx"", ""x"", ""ecr""], ""nodes"": 6}",ccfecec17e274607ed29176fa4c2a758de445cb0e2e85ddcc1bbcb36bd80dcb3,"[0, 2, 3, 5]",N4_x1_t0.16_r2_reversed__synthetic_line_6q_spread__seed7,identity proxy before selection when layout is transpiler,dabd84c4a3325ef21b50a394178e913fd5ef5dba3253c4dc929ef5785b340571_synthetic_line_6q_spread,basic,11,v0.4.0,78,67,253,4.135415999999997e-05,-16,0.0078744589991401,True,,9.329749250213228e-14,1e-10,logical Operator.equiv + routed zero/3 random states,"[1, 2, 3, 4]",78,74,-4,67,62,-5,4.135415999999997e-05,4.120763999999997e-05,-1.4651999999999737e-07,teleport,teleport
dabd84c4a3325ef21b50a394178e913fd5ef5dba3253c4dc929ef5785b340571_synthetic_line_6q_spread_19,4,1.0,0.16,2,reversed,dabd84c4a3325ef21b50a394178e913fd5ef5dba3253c4dc929ef5785b340571,63750b2d38357d5cd9f9fb922cc3dfb8e294b61159a2362da953e87c8d5996e0,277,197,173,104,19,1.6842105263157894,3,1.5,2,1,6,5,1.6666666666666667,5,2.333333333333333,1.6153846153846154,2.0,1,robustness,synthetic_line_6q_spread,line,spread,SYNTHETIC_TARGET,"{""edges"": [[0, 1], [1, 0], [1, 2], [2, 1], [2, 3], [3, 2], [3, 4], [4, 3], [4, 5], [5, 4]], ""seed"": 7, ""basis"": [""id"", ""rz"", ""sx"", ""x"", ""ecr""], ""nodes"": 6}",ccfecec17e274607ed29176fa4c2a758de445cb0e2e85ddcc1bbcb36bd80dcb3,"[0, 2, 3, 5]",N4_x1_t0.16_r2_reversed__synthetic_line_6q_spread__seed7,identity proxy before selection when layout is transpiler,dabd84c4a3325ef21b50a394178e913fd5ef5dba3253c4dc929ef5785b340571_synthetic_line_6q_spread,basic,19,v0.4.0,78,67,253,4.135415999999997e-05,-16,0.011088742998254,True,,9.329749250213228e-14,1e-10,logical Operator.equiv + routed zero/3 random states,"[1, 2, 3, 4]",78,74,-4,67,62,-5,4.135415999999997e-05,4.120763999999997e-05,-1.4651999999999737e-07,teleport,teleport
dabd84c4a3325ef21b50a394178e913fd5ef5dba3253c4dc929ef5785b340571_synthetic_line_6q_spread_29,4,1.0,0.16,2,reversed,dabd84c4a3325ef21b50a394178e913fd5ef5dba3253c4dc929ef5785b340571,63750b2d38357d5cd9f9fb922cc3dfb8e294b61159a2362da953e87c8d5996e0,277,197,173,104,19,1.6842105263157894,3,1.5,2,1,6,5,1.6666666666666667,5,2.333333333333333,1.6153846153846154,2.0,1,robustness,synthetic_line_6q_spread,line,spread,SYNTHETIC_TARGET,"{""edges"": [[0, 1], [1, 0], [1, 2], [2, 1], [2, 3], [3, 2], [3, 4], [4, 3], [4, 5], [5, 4]], ""seed"": 7, ""basis"": [""id"", ""rz"", ""sx"", ""x"", ""ecr""], ""nodes"": 6}",ccfecec17e274607ed29176fa4c2a758de445cb0e2e85ddcc1bbcb36bd80dcb3,"[0, 2, 3, 5]",N4_x1_t0.16_r2_reversed__synthetic_line_6q_spread__seed7,identity proxy before selection when layout is transpiler,dabd84c4a3325ef21b50a394178e913fd5ef5dba3253c4dc929ef5785b340571_synthetic_line_6q_spread,basic,29,v0.4.0,78,67,253,4.135415999999997e-05,-16,0.0075065490018459,True,,9.329749250213228e-14,1e-10,logical Operator.equiv + routed zero/3 random states,"[1, 2, 3, 4]",78,74,-4,67,62,-5,4.135415999999997e-05,4.120763999999997e-05,-1.4651999999999737e-07,teleport,teleport
dabd84c4a3325ef21b50a394178e913fd5ef5dba3253c4dc929ef5785b340571_synthetic_line_6q_spread_37,4,1.0,0.16,2,reversed,dabd84c4a3325ef21b50a394178e913fd5ef5dba3253c4dc929ef5785b340571,63750b2d38357d5cd9f9fb922cc3dfb8e294b61159a2362da953e87c8d5996e0,277,197,173,104,19,1.6842105263157894,3,1.5,2,1,6,5,1.6666666666666667,5,2.333333333333333,1.6153846153846154,2.0,1,robustness,synthetic_line_6q_spread,line,spread,SYNTHETIC_TARGET,"{""edges"": [[0, 1], [1, 0], [1, 2], [2, 1], [2, 3], [3, 2], [3, 4], [4, 3], [4, 5], [5, 4]], ""seed"": 7, ""basis"": [""id"", ""rz"", ""sx"", ""x"", ""ecr""], ""nodes"": 6}",ccfecec17e274607ed29176fa4c2a758de445cb0e2e85ddcc1bbcb36bd80dcb3,"[0, 2, 3, 5]",N4_x1_t0.16_r2_reversed__synthetic_line_6q_spread__seed7,identity proxy before selection when layout is transpiler,dabd84c4a3325ef21b50a394178e913fd5ef5dba3253c4dc929ef5785b340571_synthetic_line_6q_spread,basic,37,v0.4.0,78,67,253,4.135415999999997e-05,-16,0.0125334189942805,True,,9.329749250213228e-14,1e-10,logical Operator.equiv + routed zero/3 random states,"[1, 2, 3, 4]",78,74,-4,67,62,-5,4.135415999999997e-05,4.120763999999997e-05,-1.4651999999999737e-07,teleport,teleport
dabd84c4a3325ef21b50a394178e913fd5ef5dba3253c4dc929ef5785b340571_synthetic_line_6q_spread_47,4,1.0,0.16,2,reversed,dabd84c4a3325ef21b50a394178e913fd5ef5dba3253c4dc929ef5785b340571,63750b2d38357d5cd9f9fb922cc3dfb8e294b61159a2362da953e87c8d5996e0,277,197,173,104,19,1.6842105263157894,3,1.5,2,1,6,5,1.6666666666666667,5,2.333333333333333,1.6153846153846154,2.0,1,robustness,synthetic_line_6q_spread,line,spread,SYNTHETIC_TARGET,"{""edges"": [[0, 1], [1, 0], [1, 2], [2, 1], [2, 3], [3, 2], [3, 4], [4, 3], [4, 5], [5, 4]], ""seed"": 7, ""basis"": [""id"", ""rz"", ""sx"", ""x"", ""ecr""], ""nodes"": 6}",ccfecec17e274607ed29176fa4c2a758de445cb0e2e85ddcc1bbcb36bd80dcb3,"[0, 2, 3, 5]",N4_x1_t0.16_r2_reversed__synthetic_line_6q_spread__seed7,identity proxy before selection when layout is transpiler,dabd84c4a3325ef21b50a394178e913fd5ef5dba3253c4dc929ef5785b340571_synthetic_line_6q_spread,basic,47,v0.4.0,78,67,253,4.135415999999997e-05,-16,0.0128549080036464,True,,9.329749250213228e-14,1e-10,logical Operator.equiv + routed zero/3 random states,"[1, 2, 3, 4]",78,74,-4,67,62,-5,4.135415999999997e-05,4.120763999999997e-05,-1.4651999999999737e-07,teleport,teleport
dabd84c4a3325ef21b50a394178e913fd5ef5dba3253c4dc929ef5785b340571_synthetic_ring_6q_transpiler_11,4,1.0,0.16,2,reversed,dabd84c4a3325ef21b50a394178e913fd5ef5dba3253c4dc929ef5785b340571,63750b2d38357d5cd9f9fb922cc3dfb8e294b61159a2362da953e87c8d5996e0,277,197,173,104,19,1.6842105263157894,3,1.5,2,1,6,6,2.0,3,1.8,1.0,1.0,1,robustness,synthetic_ring_6q_transpiler,ring,transpiler,SYNTHETIC_TARGET,"{""edges"": [[0, 1], [0, 5], [1, 0], [1, 2], [2, 1], [2, 3], [3, 2], [3, 4], [4, 3], [4, 5], [5, 0], [5, 4]], ""seed"": 7, ""basis"": [""id"", ""rz"", ""sx"", ""x"", ""ecr""], ""nodes"": 6}",ff4a6017b79ba46163d089d132c4bc654811d5fa5518090a9b65bf0d23d86ee8,,N4_x1_t0.16_r2_reversed__synthetic_ring_6q_transpiler__seed7,identity proxy before selection when layout is transpiler,dabd84c4a3325ef21b50a394178e913fd5ef5dba3253c4dc929ef5785b340571_synthetic_ring_6q_transpiler,basic,11,v0.4.0,72,64,285,3.433762800000002e-05,-22,0.0087157649977598,True,,9.294672187327152e-14,1e-10,logical Operator.equiv + routed zero/3 random states,"[3, 4, 5, 0]",72,68,-4,64,60,-4,3.433762800000002e-05,3.2091432000000024e-05,-2.2461959999999946e-06,teleport,teleport
dabd84c4a3325ef21b50a394178e913fd5ef5dba3253c4dc929ef5785b340571_synthetic_ring_6q_transpiler_19,4,1.0,0.16,2,reversed,dabd84c4a3325ef21b50a394178e913fd5ef5dba3253c4dc929ef5785b340571,63750b2d38357d5cd9f9fb922cc3dfb8e294b61159a2362da953e87c8d5996e0,277,197,173,104,19,1.6842105263157894,3,1.5,2,1,6,6,2.0,3,1.8,1.0,1.0,1,robustness,synthetic_ring_6q_transpiler,ring,transpiler,SYNTHETIC_TARGET,"{""edges"": [[0, 1], [0, 5], [1, 0], [1, 2], [2, 1], [2, 3], [3, 2], [3, 4], [4, 3], [4, 5], [5, 0], [5, 4]], ""seed"": 7, ""basis"": [""id"", ""rz"", ""sx"", ""x"", ""ecr""], ""nodes"": 6}",ff4a6017b79ba46163d089d132c4bc654811d5fa5518090a9b65bf0d23d86ee8,,N4_x1_t0.16_r2_reversed__synthetic_ring_6q_transpiler__seed7,identity proxy before selection when layout is transpiler,dabd84c4a3325ef21b50a394178e913fd5ef5dba3253c4dc929ef5785b340571_synthetic_ring_6q_transpiler,basic,19,v0.4.0,72,64,251,3.596755200000001e-05,-22,0.0074106889951508,True,,9.436009121928026e-14,1e-10,logical Operator.equiv + routed zero/3 random states,"[2, 3, 4, 5]",72,68,-4,64,60,-4,3.596755200000001e-05,3.2091432000000024e-05,-3.87611999999999e-06,teleport,teleport
dabd84c4a3325ef21b50a394178e913fd5ef5dba3253c4dc929ef5785b340571_synthetic_ring_6q_transpiler_29,4,1.0,0.16,2,reversed,dabd84c4a3325ef21b50a394178e913fd5ef5dba3253c4dc929ef5785b340571,63750b2d38357d5cd9f9fb922cc3dfb8e294b61159a2362da953e87c8d5996e0,277,197,173,104,19,1.6842105263157894,3,1.5,2,1,6,6,2.0,3,1.8,1.0,1.0,1,robustness,synthetic_ring_6q_transpiler,ring,transpiler,SYNTHETIC_TARGET,"{""edges"": [[0, 1], [0, 5], [1, 0], [1, 2], [2, 1], [2, 3], [3, 2], [3, 4], [4, 3], [4, 5], [5, 0], [5, 4]], ""seed"": 7, ""basis"": [""id"", ""rz"", ""sx"", ""x"", ""ecr""], ""nodes"": 6}",ff4a6017b79ba46163d089d132c4bc654811d5fa5518090a9b65bf0d23d86ee8,,N4_x1_t0.16_r2_reversed__synthetic_ring_6q_transpiler__seed7,identity proxy before selection when layout is transpiler,dabd84c4a3325ef21b50a394178e913fd5ef5dba3253c4dc929ef5785b340571_synthetic_ring_6q_transpiler,basic,29,v0.4.0,72,64,347,2.7858114000000063e-05,-22,0.0078565279982285,True,,4.0116160912899375e-14,1e-10,logical Operator.equiv + routed zero/3 random states,"[1, 0, 5, 4]",72,68,-4,64,60,-4,2.7858114000000063e-05,2.543032200000005e-05,-2.4277920000000123e-06,teleport,teleport
dabd84c4a3325ef21b50a394178e913fd5ef5dba3253c4dc929ef5785b340571_synthetic_ring_6q_transpiler_37,4,1.0,0.16,2,reversed,dabd84c4a3325ef21b50a394178e913fd5ef5dba3253c4dc929ef5785b340571,63750b2d38357d5cd9f9fb922cc3dfb8e294b61159a2362da953e87c8d5996e0,277,197,173,104,19,1.6842105263157894,3,1.5,2,1,6,6,2.0,3,1.8,1.0,1.0,1,robustness,synthetic_ring_6q_transpiler,ring,transpiler,SYNTHETIC_TARGET,"{""edges"": [[0, 1], [0, 5], [1, 0], [1, 2], [2, 1], [2, 3], [3, 2], [3, 4], [4, 3], [4, 5], [5, 0], [5, 4]], ""seed"": 7, ""basis"": [""id"", ""rz"", ""sx"", ""x"", ""ecr""], ""nodes"": 6}",ff4a6017b79ba46163d089d132c4bc654811d5fa5518090a9b65bf0d23d86ee8,,N4_x1_t0.16_r2_reversed__synthetic_ring_6q_transpiler__seed7,identity proxy before selection when layout is transpiler,dabd84c4a3325ef21b50a394178e913fd5ef5dba3253c4dc929ef5785b340571_synthetic_ring_6q_transpiler,basic,37,v0.4.0,72,64,347,3.638557800000002e-05,-22,0.0068686989980051,True,,3.7959890178980174e-14,1e-10,logical Operator.equiv + routed zero/3 random states,"[0, 5, 4, 3]",72,68,-4,64,60,-4,3.638557800000002e-05,3.2091432000000024e-05,-4.294145999999996e-06,teleport,teleport
dabd84c4a3325ef21b50a394178e913fd5ef5dba3253c4dc929ef5785b340571_synthetic_ring_6q_transpiler_47,4,1.0,0.16,2,reversed,dabd84c4a3325ef21b50a394178e913fd5ef5dba3253c4dc929ef5785b340571,63750b2d38357d5cd9f9fb922cc3dfb8e294b61159a2362da953e87c8d5996e0,277,197,173,104,19,1.6842105263157894,3,1.5,2,1,6,6,2.0,3,1.8,1.0,1.0,1,robustness,synthetic_ring_6q_transpiler,ring,transpiler,SYNTHETIC_TARGET,"{""edges"": [[0, 1], [0, 5], [1, 0], [1, 2], [2, 1], [2, 3], [3, 2], [3, 4], [4, 3], [4, 5], [5, 0], [5, 4]], ""seed"": 7, ""basis"": [""id"", ""rz"", ""sx"", ""x"", ""ecr""], ""nodes"": 6}",ff4a6017b79ba46163d089d132c4bc654811d5fa5518090a9b65bf0d23d86ee8,,N4_x1_t0.16_r2_reversed__synthetic_ring_6q_transpiler__seed7,identity proxy before selection when layout is transpiler,dabd84c4a3325ef21b50a394178e913fd5ef5dba3253c4dc929ef5785b340571_synthetic_ring_6q_transpiler,basic,47,v0.4.0,72,64,319,3.521474999999995e-05,-22,0.0081916659983107,True,,7.818130314072535e-14,1e-10,logical Operator.equiv + routed zero/3 random states,"[3, 2, 1, 0]",72,68,-4,64,60,-4,3.521474999999995e-05,3.298165199999996e-05,-2.2330979999999917e-06,teleport,teleport
dabd84c4a3325ef21b50a394178e913fd5ef5dba3253c4dc929ef5785b340571_synthetic_grid_6q_transpiler_11,4,1.0,0.16,2,reversed,dabd84c4a3325ef21b50a394178e913fd5ef5dba3253c4dc929ef5785b340571,63750b2d38357d5cd9f9fb922cc3dfb8e294b61159a2362da953e87c8d5996e0,277,197,173,104,19,1.6842105263157894,3,1.5,2,1,6,7,2.333333333333333,3,1.6666666666666667,1.6153846153846154,3.0,1,robustness,synthetic_grid_6q_transpiler,grid,transpiler,SYNTHETIC_TARGET,"{""edges"": [[0, 1], [0, 3], [1, 0], [1, 2], [1, 4], [2, 1], [2, 5], [3, 0], [3, 4], [4, 1], [4, 3], [4, 5], [5, 2], [5, 4]], ""seed"": 7, ""basis"": [""id"", ""rz"", ""sx"", ""x"", ""ecr""], ""nodes"": 6}",1dc9d7c7422ee8d9e756c16f45c753640fd9bb0d83eb6013019055e1f800f374,,N4_x1_t0.16_r2_reversed__synthetic_grid_6q_transpiler__seed7,identity proxy before selection when layout is transpiler,dabd84c4a3325ef21b50a394178e913fd5ef5dba3253c4dc929ef5785b340571_synthetic_grid_6q_transpiler,basic,11,v0.4.0,72,64,285,2.8903956000000023e-05,-22,0.0072946250002132,True,,9.400857302756441e-14,1e-10,logical Operator.equiv + routed zero/3 random states,"[2, 5, 4, 1]",72,68,-4,64,60,-4,2.8903956000000023e-05,2.6159814000000005e-05,-2.7441420000000182e-06,teleport,teleport
dabd84c4a3325ef21b50a394178e913fd5ef5dba3253c4dc929ef5785b340571_synthetic_grid_6q_transpiler_19,4,1.0,0.16,2,reversed,dabd84c4a3325ef21b50a394178e913fd5ef5dba3253c4dc929ef5785b340571,63750b2d38357d5cd9f9fb922cc3dfb8e294b61159a2362da953e87c8d5996e0,277,197,173,104,19,1.6842105263157894,3,1.5,2,1,6,7,2.333333333333333,3,1.6666666666666667,1.6153846153846154,3.0,1,robustness,synthetic_grid_6q_transpiler,grid,transpiler,SYNTHETIC_TARGET,"{""edges"": [[0, 1], [0, 3], [1, 0], [1, 2], [1, 4], [2, 1], [2, 5], [3, 0], [3, 4], [4, 1], [4, 3], [4, 5], [5, 2], [5, 4]], ""seed"": 7, ""basis"": [""id"", ""rz"", ""sx"", ""x"", ""ecr""], ""nodes"": 6}",1dc9d7c7422ee8d9e756c16f45c753640fd9bb0d83eb6013019055e1f800f374,,N4_x1_t0.16_r2_reversed__synthetic_grid_6q_transpiler__seed7,identity proxy before selection when layout is transpiler,dabd84c4a3325ef21b50a394178e913fd5ef5dba3253c4dc929ef5785b340571_synthetic_grid_6q_transpiler,basic,19,v0.4.0,72,64,268,2.357684400000001e-05,-22,0.0078300120003405,True,,2.2772974350803022e-14,1e-10,logical Operator.equiv + routed zero/3 random states,"[0, 3, 4, 5]",72,68,-4,64,60,-4,2.357684400000001e-05,2.185656600000001e-05,-1.720278000000001e-06,teleport,teleport
dabd84c4a3325ef21b50a394178e913fd5ef5dba3253c4dc929ef5785b340571_synthetic_grid_6q_transpiler_29,4,1.0,0.16,2,reversed,dabd84c4a3325ef21b50a394178e913fd5ef5dba3253c4dc929ef5785b340571,63750b2d38357d5cd9f9fb922cc3dfb8e294b61159a2362da953e87c8d5996e0,277,197,173,104,19,1.6842105263157894,3,1.5,2,1,6,7,2.333333333333333,3,1.6666666666666667,1.6153846153846154,3.0,1,robustness,synthetic_grid_6q_transpiler,grid,transpiler,SYNTHETIC_TARGET,"{""edges"": [[0, 1], [0, 3], [1, 0], [1, 2], [1, 4], [2, 1], [2, 5], [3, 0], [3, 4], [4, 1], [4, 3], [4, 5], [5, 2], [5, 4]], ""seed"": 7, ""basis"": [""id"", ""rz"", ""sx"", ""x"", ""ecr""], ""nodes"": 6}",1dc9d7c7422ee8d9e756c16f45c753640fd9bb0d83eb6013019055e1f800f374,,N4_x1_t0.16_r2_reversed__synthetic_grid_6q_transpiler__seed7,identity proxy before selection when layout is transpiler,dabd84c4a3325ef21b50a394178e913fd5ef5dba3253c4dc929ef5785b340571_synthetic_grid_6q_transpiler,basic,29,v0.4.0,72,64,285,3.4939692e-05,-22,0.007196919999842,True,,9.280060415664873e-14,1e-10,logical Operator.equiv + routed zero/3 random states,"[1, 2, 5, 4]",72,68,-4,64,60,-4,3.4939692e-05,3.259825800000001e-05,-2.3414339999999905e-06,teleport,teleport
dabd84c4a3325ef21b50a394178e913fd5ef5dba3253c4dc929ef5785b340571_synthetic_grid_6q_transpiler_37,4,1.0,0.16,2,reversed,dabd84c4a3325ef21b50a394178e913fd5ef5dba3253c4dc929ef5785b340571,63750b2d38357d5cd9f9fb922cc3dfb8e294b61159a2362da953e87c8d5996e0,277,197,173,104,19,1.6842105263157894,3,1.5,2,1,6,7,2.333333333333333,3,1.6666666666666667,1.6153846153846154,3.0,1,robustness,synthetic_grid_6q_transpiler,grid,transpiler,SYNTHETIC_TARGET,"{""edges"": [[0, 1], [0, 3], [1, 0], [1, 2], [1, 4], [2, 1], [2, 5], [3, 0], [3, 4], [4, 1], [4, 3], [4, 5], [5, 2], [5, 4]], ""seed"": 7, ""basis"": [""id"", ""rz"", ""sx"", ""x"", ""ecr""], ""nodes"": 6}",1dc9d7c7422ee8d9e756c16f45c753640fd9bb0d83eb6013019055e1f800f374,,N4_x1_t0.16_r2_reversed__synthetic_grid_6q_transpiler__seed7,identity proxy before selection when layout is transpiler,dabd84c4a3325ef21b50a394178e913fd5ef5dba3253c4dc929ef5785b340571_synthetic_grid_6q_transpiler,basic,37,v0.4.0,72,64,285,2.8903956000000023e-05,-22,0.0070808300006319,True,,9.400857302756441e-14,1e-10,logical Operator.equiv + routed zero/3 random states,"[2, 5, 4, 1]",72,68,-4,64,60,-4,2.8903956000000023e-05,2.6159814000000005e-05,-2.7441420000000182e-06,teleport,teleport
dabd84c4a3325ef21b50a394178e913fd5ef5dba3253c4dc929ef5785b340571_synthetic_grid_6q_transpiler_47,4,1.0,0.16,2,reversed,dabd84c4a3325ef21b50a394178e913fd5ef5dba3253c4dc929ef5785b340571,63750b2d38357d5cd9f9fb922cc3dfb8e294b61159a2362da953e87c8d5996e0,277,197,173,104,19,1.6842105263157894,3,1.5,2,1,6,7,2.333333333333333,3,1.6666666666666667,1.6153846153846154,3.0,1,robustness,synthetic_grid_6q_transpiler,grid,transpiler,SYNTHETIC_TARGET,"{""edges"": [[0, 1], [0, 3], [1, 0], [1, 2], [1, 4], [2, 1], [2, 5], [3, 0], [3, 4], [4, 1], [4, 3], [4, 5], [5, 2], [5, 4]], ""seed"": 7, ""basis"": [""id"", ""rz"", ""sx"", ""x"", ""ecr""], ""nodes"": 6}",1dc9d7c7422ee8d9e756c16f45c753640fd9bb0d83eb6013019055e1f800f374,,N4_x1_t0.16_r2_reversed__synthetic_grid_6q_transpiler__seed7,identity proxy before selection when layout is transpiler,dabd84c4a3325ef21b50a394178e913fd5ef5dba3253c4dc929ef5785b340571_synthetic_grid_6q_transpiler,basic,47,v0.4.0,72,64,235,4.164342599999997e-05,-22,0.0076192100023035,True,,3.70568950753212e-14,1e-10,logical Operator.equiv + routed zero/3 random states,"[0, 1, 4, 5]",72,68,-4,64,60,-4,4.164342599999997e-05,3.5154144e-05,-6.489281999999969e-06,teleport,teleport
dabd84c4a3325ef21b50a394178e913fd5ef5dba3253c4dc929ef5785b340571_synthetic_heavy_hex_like_7q_transpiler_11,4,1.0,0.16,2,reversed,dabd84c4a3325ef21b50a394178e913fd5ef5dba3253c4dc929ef5785b340571,63750b2d38357d5cd9f9fb922cc3dfb8e294b61159a2362da953e87c8d5996e0,277,197,173,104,19,1.6842105263157894,3,1.5,2,1,7,7,2.0,5,2.2857142857142856,1.0,1.0,1,robustness,synthetic_heavy_hex_like_7q_transpiler,heavy_hex_like,transpiler,SYNTHETIC_TARGET,"{""edges"": [[0, 1], [0, 3], [1, 0], [1, 2], [2, 1], [2, 3], [3, 0], [3, 2], [3, 4], [4, 3], [4, 5], [5, 4], [5, 6], [6, 5]], ""seed"": 7, ""basis"": [""id"", ""rz"", ""sx"", ""x"", ""ecr""], ""nodes"": 7}",a56c42c5929ac738475a61ad56ac38f9ce297f29f090779c0473725bc68476b5,,N4_x1_t0.16_r2_reversed__synthetic_heavy_hex_like_7q_transpiler__seed7,identity proxy before selection when layout is transpiler,dabd84c4a3325ef21b50a394178e913fd5ef5dba3253c4dc929ef5785b340571_synthetic_heavy_hex_like_7q_transpiler,basic,11,v0.4.0,72,64,285,1.924962e-05,-22,0.0070485890028066,True,,9.350779277926773e-14,1e-10,logical Operator.equiv + routed zero/3 random states,"[0, 3, 4, 5]",72,68,-4,64,60,-4,1.924962e-05,2.2871993999999984e-05,3.622373999999983e-06,teleport,teleport
dabd84c4a3325ef21b50a394178e913fd5ef5dba3253c4dc929ef5785b340571_synthetic_heavy_hex_like_7q_transpiler_19,4,1.0,0.16,2,reversed,dabd84c4a3325ef21b50a394178e913fd5ef5dba3253c4dc929ef5785b340571,63750b2d38357d5cd9f9fb922cc3dfb8e294b61159a2362da953e87c8d5996e0,277,197,173,104,19,1.6842105263157894,3,1.5,2,1,7,7,2.0,5,2.2857142857142856,1.0,1.0,1,robustness,synthetic_heavy_hex_like_7q_transpiler,heavy_hex_like,transpiler,SYNTHETIC_TARGET,"{""edges"": [[0, 1], [0, 3], [1, 0], [1, 2], [2, 1], [2, 3], [3, 0], [3, 2], [3, 4], [4, 3], [4, 5], [5, 4], [5, 6], [6, 5]], ""seed"": 7, ""basis"": [""id"", ""rz"", ""sx"", ""x"", ""ecr""], ""nodes"": 7}",a56c42c5929ac738475a61ad56ac38f9ce297f29f090779c0473725bc68476b5,,N4_x1_t0.16_r2_reversed__synthetic_heavy_hex_like_7q_transpiler__seed7,identity proxy before selection when layout is transpiler,dabd84c4a3325ef21b50a394178e913fd5ef5dba3253c4dc929ef5785b340571_synthetic_heavy_hex_like_7q_transpiler,basic,19,v0.4.0,72,64,357,3.109376399999996e-05,-22,0.0078544479983975,True,,4.522402276375828e-14,1e-10,logical Operator.equiv + routed zero/3 random states,"[5, 4, 3, 2]",72,68,-4,64,60,-4,3.109376399999996e-05,2.9761319999999963e-05,-1.3324439999999946e-06,teleport,teleport
dabd84c4a3325ef21b50a394178e913fd5ef5dba3253c4dc929ef5785b340571_synthetic_heavy_hex_like_7q_transpiler_29,4,1.0,0.16,2,reversed,dabd84c4a3325ef21b50a394178e913fd5ef5dba3253c4dc929ef5785b340571,63750b2d38357d5cd9f9fb922cc3dfb8e294b61159a2362da953e87c8d5996e0,277,197,173,104,19,1.6842105263157894,3,1.5,2,1,7,7,2.0,5,2.2857142857142856,1.0,1.0,1,robustness,synthetic_heavy_hex_like_7q_transpiler,heavy_hex_like,transpiler,SYNTHETIC_TARGET,"{""edges"": [[0, 1], [0, 3], [1, 0], [1, 2], [2, 1], [2, 3], [3, 0], [3, 2], [3, 4], [4, 3], [4, 5], [5, 4], [5, 6], [6, 5]], ""seed"": 7, ""basis"": [""id"", ""rz"", ""sx"", ""x"", ""ecr""], ""nodes"": 7}",a56c42c5929ac738475a61ad56ac38f9ce297f29f090779c0473725bc68476b5,,N4_x1_t0.16_r2_reversed__synthetic_heavy_hex_like_7q_transpiler__seed7,identity proxy before selection when layout is transpiler,dabd84c4a3325ef21b50a394178e913fd5ef5dba3253c4dc929ef5785b340571_synthetic_heavy_hex_like_7q_transpiler,basic,29,v0.4.0,72,64,285,2.5487375999999983e-05,-22,0.0078460709992214,True,,9.350779277926773e-14,1e-10,logical Operator.equiv + routed zero/3 random states,"[2, 3, 4, 5]",72,68,-4,64,60,-4,2.5487375999999983e-05,2.2871993999999984e-05,-2.6153819999999995e-06,teleport,teleport
dabd84c4a3325ef21b50a394178e913fd5ef5dba3253c4dc929ef5785b340571_synthetic_heavy_hex_like_7q_transpiler_37,4,1.0,0.16,2,reversed,dabd84c4a3325ef21b50a394178e913fd5ef5dba3253c4dc929ef5785b340571,63750b2d38357d5cd9f9fb922cc3dfb8e294b61159a2362da953e87c8d5996e0,277,197,173,104,19,1.6842105263157894,3,1.5,2,1,7,7,2.0,5,2.2857142857142856,1.0,1.0,1,robustness,synthetic_heavy_hex_like_7q_transpiler,heavy_hex_like,transpiler,SYNTHETIC_TARGET,"{""edges"": [[0, 1], [0, 3], [1, 0], [1, 2], [2, 1], [2, 3], [3, 0], [3, 2], [3, 4], [4, 3], [4, 5], [5, 4], [5, 6], [6, 5]], ""seed"": 7, ""basis"": [""id"", ""rz"", ""sx"", ""x"", ""ecr""], ""nodes"": 7}",a56c42c5929ac738475a61ad56ac38f9ce297f29f090779c0473725bc68476b5,,N4_x1_t0.16_r2_reversed__synthetic_heavy_hex_like_7q_transpiler__seed7,identity proxy before selection when layout is transpiler,dabd84c4a3325ef21b50a394178e913fd5ef5dba3253c4dc929ef5785b340571_synthetic_heavy_hex_like_7q_transpiler,basic,37,v0.4.0,72,64,320,3.0393132000000006e-05,-22,0.0082587290016817,True,,5.1659203454291947e-14,1e-10,logical Operator.equiv + routed zero/3 random states,"[6, 5, 4, 3]",72,68,-4,64,60,-4,3.0393132000000006e-05,3.0694386000000004e-05,3.0125399999999744e-07,teleport,teleport
dabd84c4a3325ef21b50a394178e913fd5ef5dba3253c4dc929ef5785b340571_synthetic_heavy_hex_like_7q_transpiler_47,4,1.0,0.16,2,reversed,dabd84c4a3325ef21b50a394178e913fd5ef5dba3253c4dc929ef5785b340571,63750b2d38357d5cd9f9fb922cc3dfb8e294b61159a2362da953e87c8d5996e0,277,197,173,104,19,1.6842105263157894,3,1.5,2,1,7,7,2.0,5,2.2857142857142856,1.0,1.0,1,robustness,synthetic_heavy_hex_like_7q_transpiler,heavy_hex_like,transpiler,SYNTHETIC_TARGET,"{""edges"": [[0, 1], [0, 3], [1, 0], [1, 2], [2, 1], [2, 3], [3, 0], [3, 2], [3, 4], [4, 3], [4, 5], [5, 4], [5, 6], [6, 5]], ""seed"": 7, ""basis"": [""id"", ""rz"", ""sx"", ""x"", ""ecr""], ""nodes"": 7}",a56c42c5929ac738475a61ad56ac38f9ce297f29f090779c0473725bc68476b5,,N4_x1_t0.16_r2_reversed__synthetic_heavy_hex_like_7q_transpiler__seed7,identity proxy before selection when layout is transpiler,dabd84c4a3325ef21b50a394178e913fd5ef5dba3253c4dc929ef5785b340571_synthetic_heavy_hex_like_7q_transpiler,basic,47,v0.4.0,72,64,324,2.5428767999999968e-05,-22,0.0081580940022831,True,,9.742965347670805e-14,1e-10,logical Operator.equiv + routed zero/3 random states,"[3, 2, 1, 0]",72,68,-4,64,60,-4,2.5428767999999968e-05,2.3341967999999977e-05,-2.0867999999999916e-06,teleport,teleport
dabd84c4a3325ef21b50a394178e913fd5ef5dba3253c4dc929ef5785b340571_synthetic_irregular_7q_favorable_11,4,1.0,0.16,2,reversed,dabd84c4a3325ef21b50a394178e913fd5ef5dba3253c4dc929ef5785b340571,63750b2d38357d5cd9f9fb922cc3dfb8e294b61159a2362da953e87c8d5996e0,277,197,173,104,19,1.6842105263157894,3,1.5,2,1,7,8,2.2857142857142856,3,1.809523809523809,1.0,1.0,1,robustness,synthetic_irregular_7q_favorable,irregular,favorable,SYNTHETIC_TARGET,"{""edges"": [[0, 1], [0, 3], [1, 0], [1, 2], [2, 1], [2, 3], [2, 6], [3, 0], [3, 2], [3, 4], [4, 3], [4, 5], [5, 4], [5, 6], [6, 2], [6, 5]], ""seed"": 7, ""basis"": [""id"", ""rz"", ""sx"", ""x"", ""ecr""], ""nodes"": 7}",c8b003a1553d070cddc2acc63823ce20487791b575f8614922ec632ce2dbf9e1,"[0, 1, 2, 3]",N4_x1_t0.16_r2_reversed__synthetic_irregular_7q_favorable__seed7,identity proxy before selection when layout is transpiler,dabd84c4a3325ef21b50a394178e913fd5ef5dba3253c4dc929ef5785b340571_synthetic_irregular_7q_favorable,basic,11,v0.4.0,72,64,252,2.3175911999999972e-05,-22,0.0074843100010184,True,,2.425049608520476e-14,1e-10,logical Operator.equiv + routed zero/3 random states,"[0, 1, 2, 3]",72,68,-4,64,60,-4,2.3175911999999972e-05,2.295746399999999e-05,-2.1844799999998216e-07,teleport,teleport
dabd84c4a3325ef21b50a394178e913fd5ef5dba3253c4dc929ef5785b340571_synthetic_irregular_7q_favorable_19,4,1.0,0.16,2,reversed,dabd84c4a3325ef21b50a394178e913fd5ef5dba3253c4dc929ef5785b340571,63750b2d38357d5cd9f9fb922cc3dfb8e294b61159a2362da953e87c8d5996e0,277,197,173,104,19,1.6842105263157894,3,1.5,2,1,7,8,2.2857142857142856,3,1.809523809523809,1.0,1.0,1,robustness,synthetic_irregular_7q_favorable,irregular,favorable,SYNTHETIC_TARGET,"{""edges"": [[0, 1], [0, 3], [1, 0], [1, 2], [2, 1], [2, 3], [2, 6], [3, 0], [3, 2], [3, 4], [4, 3], [4, 5], [5, 4], [5, 6], [6, 2], [6, 5]], ""seed"": 7, ""basis"": [""id"", ""rz"", ""sx"", ""x"", ""ecr""], ""nodes"": 7}",c8b003a1553d070cddc2acc63823ce20487791b575f8614922ec632ce2dbf9e1,"[0, 1, 2, 3]",N4_x1_t0.16_r2_reversed__synthetic_irregular_7q_favorable__seed7,identity proxy before selection when layout is transpiler,dabd84c4a3325ef21b50a394178e913fd5ef5dba3253c4dc929ef5785b340571_synthetic_irregular_7q_favorable,basic,19,v0.4.0,72,64,252,2.3175911999999972e-05,-22,0.0087666519975755,True,,2.425049608520476e-14,1e-10,logical Operator.equiv + routed zero/3 random states,"[0, 1, 2, 3]",72,68,-4,64,60,-4,2.3175911999999972e-05,2.295746399999999e-05,-2.1844799999998216e-07,teleport,teleport
dabd84c4a3325ef21b50a394178e913fd5ef5dba3253c4dc929ef5785b340571_synthetic_irregular_7q_favorable_29,4,1.0,0.16,2,reversed,dabd84c4a3325ef21b50a394178e913fd5ef5dba3253c4dc929ef5785b340571,63750b2d38357d5cd9f9fb922cc3dfb8e294b61159a2362da953e87c8d5996e0,277,197,173,104,19,1.6842105263157894,3,1.5,2,1,7,8,2.2857142857142856,3,1.809523809523809,1.0,1.0,1,robustness,synthetic_irregular_7q_favorable,irregular,favorable,SYNTHETIC_TARGET,"{""edges"": [[0, 1], [0, 3], [1, 0], [1, 2], [2, 1], [2, 3], [2, 6], [3, 0], [3, 2], [3, 4], [4, 3], [4, 5], [5, 4], [5, 6], [6, 2], [6, 5]], ""seed"": 7, ""basis"": [""id"", ""rz"", ""sx"", ""x"", ""ecr""], ""nodes"": 7}",c8b003a1553d070cddc2acc63823ce20487791b575f8614922ec632ce2dbf9e1,"[0, 1, 2, 3]",N4_x1_t0.16_r2_reversed__synthetic_irregular_7q_favorable__seed7,identity proxy before selection when layout is transpiler,dabd84c4a3325ef21b50a394178e913fd5ef5dba3253c4dc929ef5785b340571_synthetic_irregular_7q_favorable,basic,29,v0.4.0,72,64,252,2.3175911999999972e-05,-22,0.0068459449976217,True,,2.425049608520476e-14,1e-10,logical Operator.equiv + routed zero/3 random states,"[0, 1, 2, 3]",72,68,-4,64,60,-4,2.3175911999999972e-05,2.295746399999999e-05,-2.1844799999998216e-07,teleport,teleport
dabd84c4a3325ef21b50a394178e913fd5ef5dba3253c4dc929ef5785b340571_synthetic_irregular_7q_favorable_37,4,1.0,0.16,2,reversed,dabd84c4a3325ef21b50a394178e913fd5ef5dba3253c4dc929ef5785b340571,63750b2d38357d5cd9f9fb922cc3dfb8e294b61159a2362da953e87c8d5996e0,277,197,173,104,19,1.6842105263157894,3,1.5,2,1,7,8,2.2857142857142856,3,1.809523809523809,1.0,1.0,1,robustness,synthetic_irregular_7q_favorable,irregular,favorable,SYNTHETIC_TARGET,"{""edges"": [[0, 1], [0, 3], [1, 0], [1, 2], [2, 1], [2, 3], [2, 6], [3, 0], [3, 2], [3, 4], [4, 3], [4, 5], [5, 4], [5, 6], [6, 2], [6, 5]], ""seed"": 7, ""basis"": [""id"", ""rz"", ""sx"", ""x"", ""ecr""], ""nodes"": 7}",c8b003a1553d070cddc2acc63823ce20487791b575f8614922ec632ce2dbf9e1,"[0, 1, 2, 3]",N4_x1_t0.16_r2_reversed__synthetic_irregular_7q_favorable__seed7,identity proxy before selection when layout is transpiler,dabd84c4a3325ef21b50a394178e913fd5ef5dba3253c4dc929ef5785b340571_synthetic_irregular_7q_favorable,basic,37,v0.4.0,72,64,252,2.3175911999999972e-05,-22,0.0068732679937966,True,,2.425049608520476e-14,1e-10,logical Operator.equiv + routed zero/3 random states,"[0, 1, 2, 3]",72,68,-4,64,60,-4,2.3175911999999972e-05,2.295746399999999e-05,-2.1844799999998216e-07,teleport,teleport
dabd84c4a3325ef21b50a394178e913fd5ef5dba3253c4dc929ef5785b340571_synthetic_irregular_7q_favorable_47,4,1.0,0.16,2,reversed,dabd84c4a3325ef21b50a394178e913fd5ef5dba3253c4dc929ef5785b340571,63750b2d38357d5cd9f9fb922cc3dfb8e294b61159a2362da953e87c8d5996e0,277,197,173,104,19,1.6842105263157894,3,1.5,2,1,7,8,2.2857142857142856,3,1.809523809523809,1.0,1.0,1,robustness,synthetic_irregular_7q_favorable,irregular,favorable,SYNTHETIC_TARGET,"{""edges"": [[0, 1], [0, 3], [1, 0], [1, 2], [2, 1], [2, 3], [2, 6], [3, 0], [3, 2], [3, 4], [4, 3], [4, 5], [5, 4], [5, 6], [6, 2], [6, 5]], ""seed"": 7, ""basis"": [""id"", ""rz"", ""sx"", ""x"", ""ecr""], ""nodes"": 7}",c8b003a1553d070cddc2acc63823ce20487791b575f8614922ec632ce2dbf9e1,"[0, 1, 2, 3]",N4_x1_t0.16_r2_reversed__synthetic_irregular_7q_favorable__seed7,identity proxy before selection when layout is transpiler,dabd84c4a3325ef21b50a394178e913fd5ef5dba3253c4dc929ef5785b340571_synthetic_irregular_7q_favorable,basic,47,v0.4.0,72,64,252,2.3175911999999972e-05,-22,0.0069735849974676,True,,2.425049608520476e-14,1e-10,logical Operator.equiv + routed zero/3 random states,"[0, 1, 2, 3]",72,68,-4,64,60,-4,2.3175911999999972e-05,2.295746399999999e-05,-2.1844799999998216e-07,teleport,teleport
dabd84c4a3325ef21b50a394178e913fd5ef5dba3253c4dc929ef5785b340571_synthetic_irregular_7q_spread_11,4,1.0,0.16,2,reversed,dabd84c4a3325ef21b50a394178e913fd5ef5dba3253c4dc929ef5785b340571,63750b2d38357d5cd9f9fb922cc3dfb8e294b61159a2362da953e87c8d5996e0,277,197,173,104,19,1.6842105263157894,3,1.5,2,1,7,8,2.2857142857142856,3,1.809523809523809,1.6153846153846154,2.0,1,robustness,synthetic_irregular_7q_spread,irregular,spread,SYNTHETIC_TARGET,"{""edges"": [[0, 1], [0, 3], [1, 0], [1, 2], [2, 1], [2, 3], [2, 6], [3, 0], [3, 2], [3, 4], [4, 3], [4, 5], [5, 4], [5, 6], [6, 2], [6, 5]], ""seed"": 7, ""basis"": [""id"", ""rz"", ""sx"", ""x"", ""ecr""], ""nodes"": 7}",c8b003a1553d070cddc2acc63823ce20487791b575f8614922ec632ce2dbf9e1,"[0, 2, 3, 5]",N4_x1_t0.16_r2_reversed__synthetic_irregular_7q_spread__seed7,identity proxy before selection when layout is transpiler,dabd84c4a3325ef21b50a394178e913fd5ef5dba3253c4dc929ef5785b340571_synthetic_irregular_7q_spread,basic,11,v0.4.0,78,67,290,3.070703999999996e-05,-16,0.0091020899999421,True,,9.548603001265969e-14,1e-10,logical Operator.equiv + routed zero/3 random states,"[0, 3, 2, 6]",78,74,-4,67,62,-5,3.070703999999996e-05,4.004080799999999e-05,9.333768000000035e-06,teleport,teleport
dabd84c4a3325ef21b50a394178e913fd5ef5dba3253c4dc929ef5785b340571_synthetic_irregular_7q_spread_19,4,1.0,0.16,2,reversed,dabd84c4a3325ef21b50a394178e913fd5ef5dba3253c4dc929ef5785b340571,63750b2d38357d5cd9f9fb922cc3dfb8e294b61159a2362da953e87c8d5996e0,277,197,173,104,19,1.6842105263157894,3,1.5,2,1,7,8,2.2857142857142856,3,1.809523809523809,1.6153846153846154,2.0,1,robustness,synthetic_irregular_7q_spread,irregular,spread,SYNTHETIC_TARGET,"{""edges"": [[0, 1], [0, 3], [1, 0], [1, 2], [2, 1], [2, 3], [2, 6], [3, 0], [3, 2], [3, 4], [4, 3], [4, 5], [5, 4], [5, 6], [6, 2], [6, 5]], ""seed"": 7, ""basis"": [""id"", ""rz"", ""sx"", ""x"", ""ecr""], ""nodes"": 7}",c8b003a1553d070cddc2acc63823ce20487791b575f8614922ec632ce2dbf9e1,"[0, 2, 3, 5]",N4_x1_t0.16_r2_reversed__synthetic_irregular_7q_spread__seed7,identity proxy before selection when layout is transpiler,dabd84c4a3325ef21b50a394178e913fd5ef5dba3253c4dc929ef5785b340571_synthetic_irregular_7q_spread,basic,19,v0.4.0,78,67,290,3.070703999999996e-05,-16,0.0074264189970563,True,,9.548603001265969e-14,1e-10,logical Operator.equiv + routed zero/3 random states,"[0, 3, 2, 6]",78,74,-4,67,62,-5,3.070703999999996e-05,4.004080799999999e-05,9.333768000000035e-06,teleport,teleport
dabd84c4a3325ef21b50a394178e913fd5ef5dba3253c4dc929ef5785b340571_synthetic_irregular_7q_spread_29,4,1.0,0.16,2,reversed,dabd84c4a3325ef21b50a394178e913fd5ef5dba3253c4dc929ef5785b340571,63750b2d38357d5cd9f9fb922cc3dfb8e294b61159a2362da953e87c8d5996e0,277,197,173,104,19,1.6842105263157894,3,1.5,2,1,7,8,2.2857142857142856,3,1.809523809523809,1.6153846153846154,2.0,1,robustness,synthetic_irregular_7q_spread,irregular,spread,SYNTHETIC_TARGET,"{""edges"": [[0, 1], [0, 3], [1, 0], [1, 2], [2, 1], [2, 3], [2, 6], [3, 0], [3, 2], [3, 4], [4, 3], [4, 5], [5, 4], [5, 6], [6, 2], [6, 5]], ""seed"": 7, ""basis"": [""id"", ""rz"", ""sx"", ""x"", ""ecr""], ""nodes"": 7}",c8b003a1553d070cddc2acc63823ce20487791b575f8614922ec632ce2dbf9e1,"[0, 2, 3, 5]",N4_x1_t0.16_r2_reversed__synthetic_irregular_7q_spread__seed7,identity proxy before selection when layout is transpiler,dabd84c4a3325ef21b50a394178e913fd5ef5dba3253c4dc929ef5785b340571_synthetic_irregular_7q_spread,basic,29,v0.4.0,78,67,290,3.070703999999996e-05,-16,0.0072229850047733,True,,9.548603001265969e-14,1e-10,logical Operator.equiv + routed zero/3 random states,"[0, 3, 2, 6]",78,74,-4,67,62,-5,3.070703999999996e-05,4.004080799999999e-05,9.333768000000035e-06,teleport,teleport
dabd84c4a3325ef21b50a394178e913fd5ef5dba3253c4dc929ef5785b340571_synthetic_irregular_7q_spread_37,4,1.0,0.16,2,reversed,dabd84c4a3325ef21b50a394178e913fd5ef5dba3253c4dc929ef5785b340571,63750b2d38357d5cd9f9fb922cc3dfb8e294b61159a2362da953e87c8d5996e0,277,197,173,104,19,1.6842105263157894,3,1.5,2,1,7,8,2.2857142857142856,3,1.809523809523809,1.6153846153846154,2.0,1,robustness,synthetic_irregular_7q_spread,irregular,spread,SYNTHETIC_TARGET,"{""edges"": [[0, 1], [0, 3], [1, 0], [1, 2], [2, 1], [2, 3], [2, 6], [3, 0], [3, 2], [3, 4], [4, 3], [4, 5], [5, 4], [5, 6], [6, 2], [6, 5]], ""seed"": 7, ""basis"": [""id"", ""rz"", ""sx"", ""x"", ""ecr""], ""nodes"": 7}",c8b003a1553d070cddc2acc63823ce20487791b575f8614922ec632ce2dbf9e1,"[0, 2, 3, 5]",N4_x1_t0.16_r2_reversed__synthetic_irregular_7q_spread__seed7,identity proxy before selection when layout is transpiler,dabd84c4a3325ef21b50a394178e913fd5ef5dba3253c4dc929ef5785b340571_synthetic_irregular_7q_spread,basic,37,v0.4.0,78,67,290,3.070703999999996e-05,-16,0.0068501799978548,True,,9.548603001265969e-14,1e-10,logical Operator.equiv + routed zero/3 random states,"[0, 3, 2, 6]",78,74,-4,67,62,-5,3.070703999999996e-05,4.004080799999999e-05,9.333768000000035e-06,teleport,teleport
dabd84c4a3325ef21b50a394178e913fd5ef5dba3253c4dc929ef5785b340571_synthetic_irregular_7q_spread_47,4,1.0,0.16,2,reversed,dabd84c4a3325ef21b50a394178e913fd5ef5dba3253c4dc929ef5785b340571,63750b2d38357d5cd9f9fb922cc3dfb8e294b61159a2362da953e87c8d5996e0,277,197,173,104,19,1.6842105263157894,3,1.5,2,1,7,8,2.2857142857142856,3,1.809523809523809,1.6153846153846154,2.0,1,robustness,synthetic_irregular_7q_spread,irregular,spread,SYNTHETIC_TARGET,"{""edges"": [[0, 1], [0, 3], [1, 0], [1, 2], [2, 1], [2, 3], [2, 6], [3, 0], [3, 2], [3, 4], [4, 3], [4, 5], [5, 4], [5, 6], [6, 2], [6, 5]], ""seed"": 7, ""basis"": [""id"", ""rz"", ""sx"", ""x"", ""ecr""], ""nodes"": 7}",c8b003a1553d070cddc2acc63823ce20487791b575f8614922ec632ce2dbf9e1,"[0, 2, 3, 5]",N4_x1_t0.16_r2_reversed__synthetic_irregular_7q_spread__seed7,identity proxy before selection when layout is transpiler,dabd84c4a3325ef21b50a394178e913fd5ef5dba3253c4dc929ef5785b340571_synthetic_irregular_7q_spread,basic,47,v0.4.0,78,67,263,3.779549999999997e-05,-16,0.0070237039981293,True,,4.972773699128632e-14,1e-10,logical Operator.equiv + routed zero/3 random states,"[1, 2, 3, 4]",78,74,-4,67,62,-5,3.779549999999997e-05,4.004080799999999e-05,2.245308000000026e-06,teleport,teleport
199175ead0c72935d7a99429464f9050e079ef6f760813698618253a465ecf60_synthetic_irregular_7q_favorable_11,4,4.0,0.32,2,symmetry,199175ead0c72935d7a99429464f9050e079ef6f760813698618253a465ecf60,840108f27be7018d9523cce50ed0465580fc76086dc4d719c7931a97dc6b3878,277,165,173,104,19,1.6842105263157894,3,1.5,2,1,7,8,2.2857142857142856,3,1.809523809523809,1.0,1.0,1,robustness,synthetic_irregular_7q_favorable,irregular,favorable,SYNTHETIC_TARGET,"{""edges"": [[0, 1], [0, 3], [1, 0], [1, 2], [2, 1], [2, 3], [2, 6], [3, 0], [3, 2], [3, 4], [4, 3], [4, 5], [5, 4], [5, 6], [6, 2], [6, 5]], ""seed"": 7, ""basis"": [""id"", ""rz"", ""sx"", ""x"", ""ecr""], ""nodes"": 7}",c8b003a1553d070cddc2acc63823ce20487791b575f8614922ec632ce2dbf9e1,"[0, 1, 2, 3]",N4_x4_t0.32_r2_symmetry__synthetic_irregular_7q_favorable__seed7,identity proxy before selection when layout is transpiler,199175ead0c72935d7a99429464f9050e079ef6f760813698618253a465ecf60_synthetic_irregular_7q_favorable,basic,11,v0.4.0,43,37,173,1.4536782000000004e-05,-45,0.0067650870041688,True,,1.022774131157013e-14,1e-10,logical Operator.equiv + routed zero/3 random states,"[0, 1, 2, 3]",43,54,11,37,47,10,1.4536782000000004e-05,1.6754561999999986e-05,2.2177799999999827e-06,basic,basic
199175ead0c72935d7a99429464f9050e079ef6f760813698618253a465ecf60_synthetic_irregular_7q_favorable_19,4,4.0,0.32,2,symmetry,199175ead0c72935d7a99429464f9050e079ef6f760813698618253a465ecf60,840108f27be7018d9523cce50ed0465580fc76086dc4d719c7931a97dc6b3878,277,165,173,104,19,1.6842105263157894,3,1.5,2,1,7,8,2.2857142857142856,3,1.809523809523809,1.0,1.0,1,robustness,synthetic_irregular_7q_favorable,irregular,favorable,SYNTHETIC_TARGET,"{""edges"": [[0, 1], [0, 3], [1, 0], [1, 2], [2, 1], [2, 3], [2, 6], [3, 0], [3, 2], [3, 4], [4, 3], [4, 5], [5, 4], [5, 6], [6, 2], [6, 5]], ""seed"": 7, ""basis"": [""id"", ""rz"", ""sx"", ""x"", ""ecr""], ""nodes"": 7}",c8b003a1553d070cddc2acc63823ce20487791b575f8614922ec632ce2dbf9e1,"[0, 1, 2, 3]",N4_x4_t0.32_r2_symmetry__synthetic_irregular_7q_favorable__seed7,identity proxy before selection when layout is transpiler,199175ead0c72935d7a99429464f9050e079ef6f760813698618253a465ecf60_synthetic_irregular_7q_favorable,basic,19,v0.4.0,43,37,173,1.4536782000000004e-05,-45,0.0066329060064163,True,,1.022774131157013e-14,1e-10,logical Operator.equiv + routed zero/3 random states,"[0, 1, 2, 3]",43,54,11,37,47,10,1.4536782000000004e-05,1.6754561999999986e-05,2.2177799999999827e-06,basic,basic
199175ead0c72935d7a99429464f9050e079ef6f760813698618253a465ecf60_synthetic_irregular_7q_favorable_29,4,4.0,0.32,2,symmetry,199175ead0c72935d7a99429464f9050e079ef6f760813698618253a465ecf60,840108f27be7018d9523cce50ed0465580fc76086dc4d719c7931a97dc6b3878,277,165,173,104,19,1.6842105263157894,3,1.5,2,1,7,8,2.2857142857142856,3,1.809523809523809,1.0,1.0,1,robustness,synthetic_irregular_7q_favorable,irregular,favorable,SYNTHETIC_TARGET,"{""edges"": [[0, 1], [0, 3], [1, 0], [1, 2], [2, 1], [2, 3], [2, 6], [3, 0], [3, 2], [3, 4], [4, 3], [4, 5], [5, 4], [5, 6], [6, 2], [6, 5]], ""seed"": 7, ""basis"": [""id"", ""rz"", ""sx"", ""x"", ""ecr""], ""nodes"": 7}",c8b003a1553d070cddc2acc63823ce20487791b575f8614922ec632ce2dbf9e1,"[0, 1, 2, 3]",N4_x4_t0.32_r2_symmetry__synthetic_irregular_7q_favorable__seed7,identity proxy before selection when layout is transpiler,199175ead0c72935d7a99429464f9050e079ef6f760813698618253a465ecf60_synthetic_irregular_7q_favorable,basic,29,v0.4.0,43,37,173,1.4536782000000004e-05,-45,0.0068835700003546,True,,1.022774131157013e-14,1e-10,logical Operator.equiv + routed zero/3 random states,"[0, 1, 2, 3]",43,54,11,37,47,10,1.4536782000000004e-05,1.6754561999999986e-05,2.2177799999999827e-06,basic,basic
199175ead0c72935d7a99429464f9050e079ef6f760813698618253a465ecf60_synthetic_irregular_7q_favorable_37,4,4.0,0.32,2,symmetry,199175ead0c72935d7a99429464f9050e079ef6f760813698618253a465ecf60,840108f27be7018d9523cce50ed0465580fc76086dc4d719c7931a97dc6b3878,277,165,173,104,19,1.6842105263157894,3,1.5,2,1,7,8,2.2857142857142856,3,1.809523809523809,1.0,1.0,1,robustness,synthetic_irregular_7q_favorable,irregular,favorable,SYNTHETIC_TARGET,"{""edges"": [[0, 1], [0, 3], [1, 0], [1, 2], [2, 1], [2, 3], [2, 6], [3, 0], [3, 2], [3, 4], [4, 3], [4, 5], [5, 4], [5, 6], [6, 2], [6, 5]], ""seed"": 7, ""basis"": [""id"", ""rz"", ""sx"", ""x"", ""ecr""], ""nodes"": 7}",c8b003a1553d070cddc2acc63823ce20487791b575f8614922ec632ce2dbf9e1,"[0, 1, 2, 3]",N4_x4_t0.32_r2_symmetry__synthetic_irregular_7q_favorable__seed7,identity proxy before selection when layout is transpiler,199175ead0c72935d7a99429464f9050e079ef6f760813698618253a465ecf60_synthetic_irregular_7q_favorable,basic,37,v0.4.0,43,37,173,1.4536782000000004e-05,-45,0.0062640179967274,True,,1.022774131157013e-14,1e-10,logical Operator.equiv + routed zero/3 random states,"[0, 1, 2, 3]",43,54,11,37,47,10,1.4536782000000004e-05,1.6754561999999986e-05,2.2177799999999827e-06,basic,basic
199175ead0c72935d7a99429464f9050e079ef6f760813698618253a465ecf60_synthetic_irregular_7q_favorable_47,4,4.0,0.32,2,symmetry,199175ead0c72935d7a99429464f9050e079ef6f760813698618253a465ecf60,840108f27be7018d9523cce50ed0465580fc76086dc4d719c7931a97dc6b3878,277,165,173,104,19,1.6842105263157894,3,1.5,2,1,7,8,2.2857142857142856,3,1.809523809523809,1.0,1.0,1,robustness,synthetic_irregular_7q_favorable,irregular,favorable,SYNTHETIC_TARGET,"{""edges"": [[0, 1], [0, 3], [1, 0], [1, 2], [2, 1], [2, 3], [2, 6], [3, 0], [3, 2], [3, 4], [4, 3], [4, 5], [5, 4], [5, 6], [6, 2], [6, 5]], ""seed"": 7, ""basis"": [""id"", ""rz"", ""sx"", ""x"", ""ecr""], ""nodes"": 7}",c8b003a1553d070cddc2acc63823ce20487791b575f8614922ec632ce2dbf9e1,"[0, 1, 2, 3]",N4_x4_t0.32_r2_symmetry__synthetic_irregular_7q_favorable__seed7,identity proxy before selection when layout is transpiler,199175ead0c72935d7a99429464f9050e079ef6f760813698618253a465ecf60_synthetic_irregular_7q_favorable,basic,47,v0.4.0,43,37,173,1.4536782000000004e-05,-45,0.007435831001203,True,,1.022774131157013e-14,1e-10,logical Operator.equiv + routed zero/3 random states,"[0, 1, 2, 3]",43,54,11,37,47,10,1.4536782000000004e-05,1.6754561999999986e-05,2.2177799999999827e-06,basic,basic
b66e78c1f4a10c34763563660201dc843b5e66d635a6c02bb8e10ecf326cfd70_synthetic_irregular_7q_favorable_11,5,4.0,0.32,2,symmetry,b66e78c1f4a10c34763563660201dc843b5e66d635a6c02bb8e10ecf326cfd70,c2142e093ccb99940251960feda0c8e111c5304b305b2585b4176727240e142e,373,212,229,144,25,1.72,4,1.6,2,1,7,8,2.2857142857142856,3,1.809523809523809,1.0,1.0,1,robustness,synthetic_irregular_7q_favorable,irregular,favorable,SYNTHETIC_TARGET,"{""edges"": [[0, 1], [0, 3], [1, 0], [1, 2], [2, 1], [2, 3], [2, 6], [3, 0], [3, 2], [3, 4], [4, 3], [4, 5], [5, 4], [5, 6], [6, 2], [6, 5]], ""seed"": 7, ""basis"": [""id"", ""rz"", ""sx"", ""x"", ""ecr""], ""nodes"": 7}",c8b003a1553d070cddc2acc63823ce20487791b575f8614922ec632ce2dbf9e1,"[0, 1, 2, 3, 4]",N5_x4_t0.32_r2_symmetry__synthetic_irregular_7q_favorable__seed7,identity proxy before selection when layout is transpiler,b66e78c1f4a10c34763563660201dc843b5e66d635a6c02bb8e10ecf326cfd70_synthetic_irregular_7q_favorable,basic,11,v0.4.0,86,75,281,3.435960599999998e-05,-38,0.0073055750035564,True,,1.701996248336888e-14,1e-10,logical Operator.equiv + routed zero/3 random states,"[0, 1, 2, 3, 4]",86,102,16,75,87,12,3.435960599999998e-05,4.299762599999998e-05,8.638020000000002e-06,basic,basic
b66e78c1f4a10c34763563660201dc843b5e66d635a6c02bb8e10ecf326cfd70_synthetic_irregular_7q_favorable_19,5,4.0,0.32,2,symmetry,b66e78c1f4a10c34763563660201dc843b5e66d635a6c02bb8e10ecf326cfd70,c2142e093ccb99940251960feda0c8e111c5304b305b2585b4176727240e142e,373,212,229,144,25,1.72,4,1.6,2,1,7,8,2.2857142857142856,3,1.809523809523809,1.0,1.0,1,robustness,synthetic_irregular_7q_favorable,irregular,favorable,SYNTHETIC_TARGET,"{""edges"": [[0, 1], [0, 3], [1, 0], [1, 2], [2, 1], [2, 3], [2, 6], [3, 0], [3, 2], [3, 4], [4, 3], [4, 5], [5, 4], [5, 6], [6, 2], [6, 5]], ""seed"": 7, ""basis"": [""id"", ""rz"", ""sx"", ""x"", ""ecr""], ""nodes"": 7}",c8b003a1553d070cddc2acc63823ce20487791b575f8614922ec632ce2dbf9e1,"[0, 1, 2, 3, 4]",N5_x4_t0.32_r2_symmetry__synthetic_irregular_7q_favorable__seed7,identity proxy before selection when layout is transpiler,b66e78c1f4a10c34763563660201dc843b5e66d635a6c02bb8e10ecf326cfd70_synthetic_irregular_7q_favorable,basic,19,v0.4.0,86,75,281,3.435960599999998e-05,-38,0.0084710209994227,True,,1.701996248336888e-14,1e-10,logical Operator.equiv + routed zero/3 random states,"[0, 1, 2, 3, 4]",86,102,16,75,87,12,3.435960599999998e-05,4.299762599999998e-05,8.638020000000002e-06,basic,basic
b66e78c1f4a10c34763563660201dc843b5e66d635a6c02bb8e10ecf326cfd70_synthetic_irregular_7q_favorable_29,5,4.0,0.32,2,symmetry,b66e78c1f4a10c34763563660201dc843b5e66d635a6c02bb8e10ecf326cfd70,c2142e093ccb99940251960feda0c8e111c5304b305b2585b4176727240e142e,373,212,229,144,25,1.72,4,1.6,2,1,7,8,2.2857142857142856,3,1.809523809523809,1.0,1.0,1,robustness,synthetic_irregular_7q_favorable,irregular,favorable,SYNTHETIC_TARGET,"{""edges"": [[0, 1], [0, 3], [1, 0], [1, 2], [2, 1], [2, 3], [2, 6], [3, 0], [3, 2], [3, 4], [4, 3], [4, 5], [5, 4], [5, 6], [6, 2], [6, 5]], ""seed"": 7, ""basis"": [""id"", ""rz"", ""sx"", ""x"", ""ecr""], ""nodes"": 7}",c8b003a1553d070cddc2acc63823ce20487791b575f8614922ec632ce2dbf9e1,"[0, 1, 2, 3, 4]",N5_x4_t0.32_r2_symmetry__synthetic_irregular_7q_favorable__seed7,identity proxy before selection when layout is transpiler,b66e78c1f4a10c34763563660201dc843b5e66d635a6c02bb8e10ecf326cfd70_synthetic_irregular_7q_favorable,basic,29,v0.4.0,86,75,281,3.435960599999998e-05,-38,0.0068416010035434,True,,1.701996248336888e-14,1e-10,logical Operator.equiv + routed zero/3 random states,"[0, 1, 2, 3, 4]",86,102,16,75,87,12,3.435960599999998e-05,4.299762599999998e-05,8.638020000000002e-06,basic,basic
b66e78c1f4a10c34763563660201dc843b5e66d635a6c02bb8e10ecf326cfd70_synthetic_irregular_7q_favorable_37,5,4.0,0.32,2,symmetry,b66e78c1f4a10c34763563660201dc843b5e66d635a6c02bb8e10ecf326cfd70,c2142e093ccb99940251960feda0c8e111c5304b305b2585b4176727240e142e,373,212,229,144,25,1.72,4,1.6,2,1,7,8,2.2857142857142856,3,1.809523809523809,1.0,1.0,1,robustness,synthetic_irregular_7q_favorable,irregular,favorable,SYNTHETIC_TARGET,"{""edges"": [[0, 1], [0, 3], [1, 0], [1, 2], [2, 1], [2, 3], [2, 6], [3, 0], [3, 2], [3, 4], [4, 3], [4, 5], [5, 4], [5, 6], [6, 2], [6, 5]], ""seed"": 7, ""basis"": [""id"", ""rz"", ""sx"", ""x"", ""ecr""], ""nodes"": 7}",c8b003a1553d070cddc2acc63823ce20487791b575f8614922ec632ce2dbf9e1,"[0, 1, 2, 3, 4]",N5_x4_t0.32_r2_symmetry__synthetic_irregular_7q_favorable__seed7,identity proxy before selection when layout is transpiler,b66e78c1f4a10c34763563660201dc843b5e66d635a6c02bb8e10ecf326cfd70_synthetic_irregular_7q_favorable,basic,37,v0.4.0,86,75,281,3.435960599999998e-05,-38,0.007143801994971,True,,1.701996248336888e-14,1e-10,logical Operator.equiv + routed zero/3 random states,"[0, 1, 2, 3, 4]",86,102,16,75,87,12,3.435960599999998e-05,4.299762599999998e-05,8.638020000000002e-06,basic,basic
b66e78c1f4a10c34763563660201dc843b5e66d635a6c02bb8e10ecf326cfd70_synthetic_irregular_7q_favorable_47,5,4.0,0.32,2,symmetry,b66e78c1f4a10c34763563660201dc843b5e66d635a6c02bb8e10ecf326cfd70,c2142e093ccb99940251960feda0c8e111c5304b305b2585b4176727240e142e,373,212,229,144,25,1.72,4,1.6,2,1,7,8,2.2857142857142856,3,1.809523809523809,1.0,1.0,1,robustness,synthetic_irregular_7q_favorable,irregular,favorable,SYNTHETIC_TARGET,"{""edges"": [[0, 1], [0, 3], [1, 0], [1, 2], [2, 1], [2, 3], [2, 6], [3, 0], [3, 2], [3, 4], [4, 3], [4, 5], [5, 4], [5, 6], [6, 2], [6, 5]], ""seed"": 7, ""basis"": [""id"", ""rz"", ""sx"", ""x"", ""ecr""], ""nodes"": 7}",c8b003a1553d070cddc2acc63823ce20487791b575f8614922ec632ce2dbf9e1,"[0, 1, 2, 3, 4]",N5_x4_t0.32_r2_symmetry__synthetic_irregular_7q_favorable__seed7,identity proxy before selection when layout is transpiler,b66e78c1f4a10c34763563660201dc843b5e66d635a6c02bb8e10ecf326cfd70_synthetic_irregular_7q_favorable,basic,47,v0.4.0,86,75,281,3.435960599999998e-05,-38,0.0067334779960219,True,,1.701996248336888e-14,1e-10,logical Operator.equiv + routed zero/3 random states,"[0, 1, 2, 3, 4]",86,102,16,75,87,12,3.435960599999998e-05,4.299762599999998e-05,8.638020000000002e-06,basic,basic
11917b6d9db4ec58f18384b3e34529b1823f5609fb71679e29b7f5856b29e04b_synthetic_grid_8q_transpiler_11,6,2.0,0.24,4,current,11917b6d9db4ec58f18384b3e34529b1823f5609fb71679e29b7f5856b29e04b,d8ad6f6fe282c266eae1c592f37c36ce9e15259a5ce547902e0ff453e1d3a1ca,937,680,569,368,31,1.7419354838709675,5,1.6666666666666667,2,1,8,10,2.5,4,2.0,1.6521739130434785,4.0,1,robustness,synthetic_grid_8q_transpiler,grid,transpiler,SYNTHETIC_TARGET,"{""edges"": [[0, 1], [0, 4], [1, 0], [1, 2], [1, 5], [2, 1], [2, 3], [2, 6], [3, 2], [3, 7], [4, 0], [4, 5], [5, 1], [5, 4], [5, 6], [6, 2], [6, 5], [6, 7], [7, 3], [7, 6]], ""seed"": 7, ""basis"": [""id"", ""rz"", ""sx"", ""x"", ""ecr""], ""nodes"": 8}",1c54af58f98ce04f3c64adbffe8dbe5ec26492bca016b2595a08e9c2b5021db4,,N6_x2_t0.24_r4_current__synthetic_grid_8q_transpiler__seed7,identity proxy before selection when layout is transpiler,11917b6d9db4ec58f18384b3e34529b1823f5609fb71679e29b7f5856b29e04b_synthetic_grid_8q_transpiler,basic,11,v0.4.0,242,194,808,8.769421800000018e-05,-78,0.0116515409972635,True,,7.457286354538561e-14,1e-10,logical Operator.equiv + routed zero/3 random states,"[1, 5, 6, 7, 3, 2]",242,274,32,194,238,44,8.769421800000018e-05,0.000111675546,2.3981327999999827e-05,basic,basic
11917b6d9db4ec58f18384b3e34529b1823f5609fb71679e29b7f5856b29e04b_synthetic_grid_8q_transpiler_19,6,2.0,0.24,4,current,11917b6d9db4ec58f18384b3e34529b1823f5609fb71679e29b7f5856b29e04b,d8ad6f6fe282c266eae1c592f37c36ce9e15259a5ce547902e0ff453e1d3a1ca,937,680,569,368,31,1.7419354838709675,5,1.6666666666666667,2,1,8,10,2.5,4,2.0,1.6521739130434785,4.0,1,robustness,synthetic_grid_8q_transpiler,grid,transpiler,SYNTHETIC_TARGET,"{""edges"": [[0, 1], [0, 4], [1, 0], [1, 2], [1, 5], [2, 1], [2, 3], [2, 6], [3, 2], [3, 7], [4, 0], [4, 5], [5, 1], [5, 4], [5, 6], [6, 2], [6, 5], [6, 7], [7, 3], [7, 6]], ""seed"": 7, ""basis"": [""id"", ""rz"", ""sx"", ""x"", ""ecr""], ""nodes"": 8}",1c54af58f98ce04f3c64adbffe8dbe5ec26492bca016b2595a08e9c2b5021db4,,N6_x2_t0.24_r4_current__synthetic_grid_8q_transpiler__seed7,identity proxy before selection when layout is transpiler,11917b6d9db4ec58f18384b3e34529b1823f5609fb71679e29b7f5856b29e04b_synthetic_grid_8q_transpiler,basic,19,v0.4.0,242,194,836,7.821415200000017e-05,-78,0.0191630449990043,True,,2.3409077197205972e-14,1e-10,logical Operator.equiv + routed zero/3 random states,"[6, 7, 3, 2, 1, 0]",242,274,32,194,238,44,7.821415200000017e-05,8.739807000000012e-05,9.183917999999947e-06,basic,basic
11917b6d9db4ec58f18384b3e34529b1823f5609fb71679e29b7f5856b29e04b_synthetic_grid_8q_transpiler_29,6,2.0,0.24,4,current,11917b6d9db4ec58f18384b3e34529b1823f5609fb71679e29b7f5856b29e04b,d8ad6f6fe282c266eae1c592f37c36ce9e15259a5ce547902e0ff453e1d3a1ca,937,680,569,368,31,1.7419354838709675,5,1.6666666666666667,2,1,8,10,2.5,4,2.0,1.6521739130434785,4.0,1,robustness,synthetic_grid_8q_transpiler,grid,transpiler,SYNTHETIC_TARGET,"{""edges"": [[0, 1], [0, 4], [1, 0], [1, 2], [1, 5], [2, 1], [2, 3], [2, 6], [3, 2], [3, 7], [4, 0], [4, 5], [5, 1], [5, 4], [5, 6], [6, 2], [6, 5], [6, 7], [7, 3], [7, 6]], ""seed"": 7, ""basis"": [""id"", ""rz"", ""sx"", ""x"", ""ecr""], ""nodes"": 8}",1c54af58f98ce04f3c64adbffe8dbe5ec26492bca016b2595a08e9c2b5021db4,,N6_x2_t0.24_r4_current__synthetic_grid_8q_transpiler__seed7,identity proxy before selection when layout is transpiler,11917b6d9db4ec58f18384b3e34529b1823f5609fb71679e29b7f5856b29e04b_synthetic_grid_8q_transpiler,basic,29,v0.4.0,242,194,848,0.000107418696,-78,0.0111782530002528,True,,8.088214401286483e-14,1e-10,logical Operator.equiv + routed zero/3 random states,"[7, 6, 5, 1, 2, 3]",242,274,32,194,238,44,0.000107418696,0.000136934928,2.9516231999999988e-05,basic,basic
11917b6d9db4ec58f18384b3e34529b1823f5609fb71679e29b7f5856b29e04b_synthetic_grid_8q_transpiler_37,6,2.0,0.24,4,current,11917b6d9db4ec58f18384b3e34529b1823f5609fb71679e29b7f5856b29e04b,d8ad6f6fe282c266eae1c592f37c36ce9e15259a5ce547902e0ff453e1d3a1ca,937,680,569,368,31,1.7419354838709675,5,1.6666666666666667,2,1,8,10,2.5,4,2.0,1.6521739130434785,4.0,1,robustness,synthetic_grid_8q_transpiler,grid,transpiler,SYNTHETIC_TARGET,"{""edges"": [[0, 1], [0, 4], [1, 0], [1, 2], [1, 5], [2, 1], [2, 3], [2, 6], [3, 2], [3, 7], [4, 0], [4, 5], [5, 1], [5, 4], [5, 6], [6, 2], [6, 5], [6, 7], [7, 3], [7, 6]], ""seed"": 7, ""basis"": [""id"", ""rz"", ""sx"", ""x"", ""ecr""], ""nodes"": 8}",1c54af58f98ce04f3c64adbffe8dbe5ec26492bca016b2595a08e9c2b5021db4,,N6_x2_t0.24_r4_current__synthetic_grid_8q_transpiler__seed7,identity proxy before selection when layout is transpiler,11917b6d9db4ec58f18384b3e34529b1823f5609fb71679e29b7f5856b29e04b_synthetic_grid_8q_transpiler,basic,37,v0.4.0,242,194,812,8.322047400000002e-05,-78,0.0105571109961601,True,,2.313440131288592e-14,1e-10,logical Operator.equiv + routed zero/3 random states,"[1, 5, 6, 2, 3, 7]",242,274,32,194,238,44,8.322047400000002e-05,0.0001079026559999,2.468218199989998e-05,basic,basic
11917b6d9db4ec58f18384b3e34529b1823f5609fb71679e29b7f5856b29e04b_synthetic_grid_8q_transpiler_47,6,2.0,0.24,4,current,11917b6d9db4ec58f18384b3e34529b1823f5609fb71679e29b7f5856b29e04b,d8ad6f6fe282c266eae1c592f37c36ce9e15259a5ce547902e0ff453e1d3a1ca,937,680,569,368,31,1.7419354838709675,5,1.6666666666666667,2,1,8,10,2.5,4,2.0,1.6521739130434785,4.0,1,robustness,synthetic_grid_8q_transpiler,grid,transpiler,SYNTHETIC_TARGET,"{""edges"": [[0, 1], [0, 4], [1, 0], [1, 2], [1, 5], [2, 1], [2, 3], [2, 6], [3, 2], [3, 7], [4, 0], [4, 5], [5, 1], [5, 4], [5, 6], [6, 2], [6, 5], [6, 7], [7, 3], [7, 6]], ""seed"": 7, ""basis"": [""id"", ""rz"", ""sx"", ""x"", ""ecr""], ""nodes"": 8}",1c54af58f98ce04f3c64adbffe8dbe5ec26492bca016b2595a08e9c2b5021db4,,N6_x2_t0.24_r4_current__synthetic_grid_8q_transpiler__seed7,identity proxy before selection when layout is transpiler,11917b6d9db4ec58f18384b3e34529b1823f5609fb71679e29b7f5856b29e04b_synthetic_grid_8q_transpiler,basic,47,v0.4.0,242,194,812,7.409116800000015e-05,-78,0.0131630269970628,True,,7.374466499218838e-14,1e-10,logical Operator.equiv + routed zero/3 random states,"[7, 6, 2, 1, 5, 4]",242,274,32,194,238,44,7.409116800000015e-05,8.620504200000003e-05,1.211387399999988e-05,basic,basic
1c000dbb03545990843f258f2cd99e62a98221c482c76d7c86deb19993107e91_synthetic_grid_8q_transpiler_11,6,2.0,0.24,8,current,1c000dbb03545990843f258f2cd99e62a98221c482c76d7c86deb19993107e91,deaf935266467950cd58176b219aee007813075ec88ef210e712ade79ff62e2a,1873,1360,1137,736,31,1.7419354838709675,5,1.6666666666666667,2,1,8,10,2.5,4,2.0,1.6521739130434785,4.0,1,robustness,synthetic_grid_8q_transpiler,grid,transpiler,SYNTHETIC_TARGET,"{""edges"": [[0, 1], [0, 4], [1, 0], [1, 2], [1, 5], [2, 1], [2, 3], [2, 6], [3, 2], [3, 7], [4, 0], [4, 5], [5, 1], [5, 4], [5, 6], [6, 2], [6, 5], [6, 7], [7, 3], [7, 6]], ""seed"": 7, ""basis"": [""id"", ""rz"", ""sx"", ""x"", ""ecr""], ""nodes"": 8}",1c54af58f98ce04f3c64adbffe8dbe5ec26492bca016b2595a08e9c2b5021db4,,N6_x2_t0.24_r8_current__synthetic_grid_8q_transpiler__seed7,identity proxy before selection when layout is transpiler,1c000dbb03545990843f258f2cd99e62a98221c482c76d7c86deb19993107e91_synthetic_grid_8q_transpiler,basic,11,v0.4.0,482,386,1616,0.0001748984819999,-158,0.0150004150054883,True,,1.43864707133363e-13,1e-10,logical Operator.equiv + routed zero/3 random states,"[1, 5, 6, 7, 3, 2]",482,536,54,386,467,81,0.0001748984819999,0.0002200466219999,4.514813999999999e-05,basic,basic
1c000dbb03545990843f258f2cd99e62a98221c482c76d7c86deb19993107e91_synthetic_grid_8q_transpiler_19,6,2.0,0.24,8,current,1c000dbb03545990843f258f2cd99e62a98221c482c76d7c86deb19993107e91,deaf935266467950cd58176b219aee007813075ec88ef210e712ade79ff62e2a,1873,1360,1137,736,31,1.7419354838709675,5,1.6666666666666667,2,1,8,10,2.5,4,2.0,1.6521739130434785,4.0,1,robustness,synthetic_grid_8q_transpiler,grid,transpiler,SYNTHETIC_TARGET,"{""edges"": [[0, 1], [0, 4], [1, 0], [1, 2], [1, 5], [2, 1], [2, 3], [2, 6], [3, 2], [3, 7], [4, 0], [4, 5], [5, 1], [5, 4], [5, 6], [6, 2], [6, 5], [6, 7], [7, 3], [7, 6]], ""seed"": 7, ""basis"": [""id"", ""rz"", ""sx"", ""x"", ""ecr""], ""nodes"": 8}",1c54af58f98ce04f3c64adbffe8dbe5ec26492bca016b2595a08e9c2b5021db4,,N6_x2_t0.24_r8_current__synthetic_grid_8q_transpiler__seed7,identity proxy before selection when layout is transpiler,1c000dbb03545990843f258f2cd99e62a98221c482c76d7c86deb19993107e91_synthetic_grid_8q_transpiler,basic,19,v0.4.0,482,386,1648,0.0001555340879999,-158,0.0151865110019571,True,,2.150471282813125e-13,1e-10,logical Operator.equiv + routed zero/3 random states,"[6, 7, 3, 2, 1, 0]",482,536,54,386,467,81,0.0001555340879999,0.0001713680159999,1.5833928000000014e-05,basic,basic
1c000dbb03545990843f258f2cd99e62a98221c482c76d7c86deb19993107e91_synthetic_grid_8q_transpiler_29,6,2.0,0.24,8,current,1c000dbb03545990843f258f2cd99e62a98221c482c76d7c86deb19993107e91,deaf935266467950cd58176b219aee007813075ec88ef210e712ade79ff62e2a,1873,1360,1137,736,31,1.7419354838709675,5,1.6666666666666667,2,1,8,10,2.5,4,2.0,1.6521739130434785,4.0,1,robustness,synthetic_grid_8q_transpiler,grid,transpiler,SYNTHETIC_TARGET,"{""edges"": [[0, 1], [0, 4], [1, 0], [1, 2], [1, 5], [2, 1], [2, 3], [2, 6], [3, 2], [3, 7], [4, 0], [4, 5], [5, 1], [5, 4], [5, 6], [6, 2], [6, 5], [6, 7], [7, 3], [7, 6]], ""seed"": 7, ""basis"": [""id"", ""rz"", ""sx"", ""x"", ""ecr""], ""nodes"": 8}",1c54af58f98ce04f3c64adbffe8dbe5ec26492bca016b2595a08e9c2b5021db4,,N6_x2_t0.24_r8_current__synthetic_grid_8q_transpiler__seed7,identity proxy before selection when layout is transpiler,1c000dbb03545990843f258f2cd99e62a98221c482c76d7c86deb19993107e91_synthetic_grid_8q_transpiler,basic,29,v0.4.0,482,386,1675,0.0002134427879999,-158,0.017200608002895,True,,2.455501501823994e-13,1e-10,logical Operator.equiv + routed zero/3 random states,"[7, 6, 5, 1, 2, 3]",482,536,54,386,467,81,0.0002134427879999,0.0002688071459999,5.536435800000003e-05,basic,basic
1c000dbb03545990843f258f2cd99e62a98221c482c76d7c86deb19993107e91_synthetic_grid_8q_transpiler_37,6,2.0,0.24,8,current,1c000dbb03545990843f258f2cd99e62a98221c482c76d7c86deb19993107e91,deaf935266467950cd58176b219aee007813075ec88ef210e712ade79ff62e2a,1873,1360,1137,736,31,1.7419354838709675,5,1.6666666666666667,2,1,8,10,2.5,4,2.0,1.6521739130434785,4.0,1,robustness,synthetic_grid_8q_transpiler,grid,transpiler,SYNTHETIC_TARGET,"{""edges"": [[0, 1], [0, 4], [1, 0], [1, 2], [1, 5], [2, 1], [2, 3], [2, 6], [3, 2], [3, 7], [4, 0], [4, 5], [5, 1], [5, 4], [5, 6], [6, 2], [6, 5], [6, 7], [7, 3], [7, 6]], ""seed"": 7, ""basis"": [""id"", ""rz"", ""sx"", ""x"", ""ecr""], ""nodes"": 8}",1c54af58f98ce04f3c64adbffe8dbe5ec26492bca016b2595a08e9c2b5021db4,,N6_x2_t0.24_r8_current__synthetic_grid_8q_transpiler__seed7,identity proxy before selection when layout is transpiler,1c000dbb03545990843f258f2cd99e62a98221c482c76d7c86deb19993107e91_synthetic_grid_8q_transpiler,basic,37,v0.4.0,482,386,1648,0.000166185426,-158,0.0152600849978625,True,,1.507024283948391e-13,1e-10,logical Operator.equiv + routed zero/3 random states,"[1, 5, 6, 2, 3, 7]",482,536,54,386,467,81,0.000166185426,0.0002114902979999,4.530487199990002e-05,basic,basic
1c000dbb03545990843f258f2cd99e62a98221c482c76d7c86deb19993107e91_synthetic_grid_8q_transpiler_47,6,2.0,0.24,8,current,1c000dbb03545990843f258f2cd99e62a98221c482c76d7c86deb19993107e91,deaf935266467950cd58176b219aee007813075ec88ef210e712ade79ff62e2a,1873,1360,1137,736,31,1.7419354838709675,5,1.6666666666666667,2,1,8,10,2.5,4,2.0,1.6521739130434785,4.0,1,robustness,synthetic_grid_8q_transpiler,grid,transpiler,SYNTHETIC_TARGET,"{""edges"": [[0, 1], [0, 4], [1, 0], [1, 2], [1, 5], [2, 1], [2, 3], [2, 6], [3, 2], [3, 7], [4, 0], [4, 5], [5, 1], [5, 4], [5, 6], [6, 2], [6, 5], [6, 7], [7, 3], [7, 6]], ""seed"": 7, ""basis"": [""id"", ""rz"", ""sx"", ""x"", ""ecr""], ""nodes"": 8}",1c54af58f98ce04f3c64adbffe8dbe5ec26492bca016b2595a08e9c2b5021db4,,N6_x2_t0.24_r8_current__synthetic_grid_8q_transpiler__seed7,identity proxy before selection when layout is transpiler,1c000dbb03545990843f258f2cd99e62a98221c482c76d7c86deb19993107e91_synthetic_grid_8q_transpiler,basic,47,v0.4.0,482,386,1587,0.0001464254279999,-158,0.0153039230062859,True,,1.8276507417262248e-13,1e-10,logical Operator.equiv + routed zero/3 random states,"[7, 6, 2, 1, 5, 4]",482,536,54,386,467,81,0.0001464254279999,0.0001693424879999,2.2917059999999988e-05,basic,basic
10c94ee239653a068cec24e35ee4e3d08e1b8af56ad8685361f7159dac9a2303_synthetic_irregular_8q_favorable_11,6,4.0,0.32,2,symmetry,10c94ee239653a068cec24e35ee4e3d08e1b8af56ad8685361f7159dac9a2303,22212664afc1417240d2159e660dfd5bef69af78a6080db0f12d8faa91232b09,469,240,285,184,31,1.7419354838709675,5,1.6666666666666667,2,1,8,9,2.25,4,2.071428571428572,1.0,1.0,1,robustness,synthetic_irregular_8q_favorable,irregular,favorable,SYNTHETIC_TARGET,"{""edges"": [[0, 1], [0, 3], [1, 0], [1, 2], [2, 1], [2, 3], [2, 7], [3, 0], [3, 2], [3, 4], [4, 3], [4, 5], [5, 4], [5, 6], [6, 5], [6, 7], [7, 2], [7, 6]], ""seed"": 7, ""basis"": [""id"", ""rz"", ""sx"", ""x"", ""ecr""], ""nodes"": 8}",6b6ce92b7572d9aab18041c2ed891a6915103a840fb0577e497bbcb3d6fc0831,"[0, 1, 2, 3, 4, 5]",N6_x4_t0.32_r2_symmetry__synthetic_irregular_8q_favorable__seed7,identity proxy before selection when layout is transpiler,10c94ee239653a068cec24e35ee4e3d08e1b8af56ad8685361f7159dac9a2303_synthetic_irregular_8q_favorable,basic,11,v0.4.0,82,57,285,2.7308886000000004e-05,-70,0.0076952370000071,True,,7.809730483365639e-15,1e-10,logical Operator.equiv + routed zero/3 random states,"[0, 1, 2, 3, 4, 5]",82,106,24,57,79,22,2.7308886000000004e-05,4.420663800000004e-05,1.689775200000004e-05,basic,basic
10c94ee239653a068cec24e35ee4e3d08e1b8af56ad8685361f7159dac9a2303_synthetic_irregular_8q_favorable_19,6,4.0,0.32,2,symmetry,10c94ee239653a068cec24e35ee4e3d08e1b8af56ad8685361f7159dac9a2303,22212664afc1417240d2159e660dfd5bef69af78a6080db0f12d8faa91232b09,469,240,285,184,31,1.7419354838709675,5,1.6666666666666667,2,1,8,9,2.25,4,2.071428571428572,1.0,1.0,1,robustness,synthetic_irregular_8q_favorable,irregular,favorable,SYNTHETIC_TARGET,"{""edges"": [[0, 1], [0, 3], [1, 0], [1, 2], [2, 1], [2, 3], [2, 7], [3, 0], [3, 2], [3, 4], [4, 3], [4, 5], [5, 4], [5, 6], [6, 5], [6, 7], [7, 2], [7, 6]], ""seed"": 7, ""basis"": [""id"", ""rz"", ""sx"", ""x"", ""ecr""], ""nodes"": 8}",6b6ce92b7572d9aab18041c2ed891a6915103a840fb0577e497bbcb3d6fc0831,"[0, 1, 2, 3, 4, 5]",N6_x4_t0.32_r2_symmetry__synthetic_irregular_8q_favorable__seed7,identity proxy before selection when layout is transpiler,10c94ee239653a068cec24e35ee4e3d08e1b8af56ad8685361f7159dac9a2303_synthetic_irregular_8q_favorable,basic,19,v0.4.0,82,57,285,2.7308886000000004e-05,-70,0.0080524649965809,True,,7.809730483365639e-15,1e-10,logical Operator.equiv + routed zero/3 random states,"[0, 1, 2, 3, 4, 5]",82,106,24,57,79,22,2.7308886000000004e-05,4.420663800000004e-05,1.689775200000004e-05,basic,basic
10c94ee239653a068cec24e35ee4e3d08e1b8af56ad8685361f7159dac9a2303_synthetic_irregular_8q_favorable_29,6,4.0,0.32,2,symmetry,10c94ee239653a068cec24e35ee4e3d08e1b8af56ad8685361f7159dac9a2303,22212664afc1417240d2159e660dfd5bef69af78a6080db0f12d8faa91232b09,469,240,285,184,31,1.7419354838709675,5,1.6666666666666667,2,1,8,9,2.25,4,2.071428571428572,1.0,1.0,1,robustness,synthetic_irregular_8q_favorable,irregular,favorable,SYNTHETIC_TARGET,"{""edges"": [[0, 1], [0, 3], [1, 0], [1, 2], [2, 1], [2, 3], [2, 7], [3, 0], [3, 2], [3, 4], [4, 3], [4, 5], [5, 4], [5, 6], [6, 5], [6, 7], [7, 2], [7, 6]], ""seed"": 7, ""basis"": [""id"", ""rz"", ""sx"", ""x"", ""ecr""], ""nodes"": 8}",6b6ce92b7572d9aab18041c2ed891a6915103a840fb0577e497bbcb3d6fc0831,"[0, 1, 2, 3, 4, 5]",N6_x4_t0.32_r2_symmetry__synthetic_irregular_8q_favorable__seed7,identity proxy before selection when layout is transpiler,10c94ee239653a068cec24e35ee4e3d08e1b8af56ad8685361f7159dac9a2303_synthetic_irregular_8q_favorable,basic,29,v0.4.0,82,57,285,2.7308886000000004e-05,-70,0.0088117469931603,True,,7.809730483365639e-15,1e-10,logical Operator.equiv + routed zero/3 random states,"[0, 1, 2, 3, 4, 5]",82,106,24,57,79,22,2.7308886000000004e-05,4.420663800000004e-05,1.689775200000004e-05,basic,basic
10c94ee239653a068cec24e35ee4e3d08e1b8af56ad8685361f7159dac9a2303_synthetic_irregular_8q_favorable_37,6,4.0,0.32,2,symmetry,10c94ee239653a068cec24e35ee4e3d08e1b8af56ad8685361f7159dac9a2303,22212664afc1417240d2159e660dfd5bef69af78a6080db0f12d8faa91232b09,469,240,285,184,31,1.7419354838709675,5,1.6666666666666667,2,1,8,9,2.25,4,2.071428571428572,1.0,1.0,1,robustness,synthetic_irregular_8q_favorable,irregular,favorable,SYNTHETIC_TARGET,"{""edges"": [[0, 1], [0, 3], [1, 0], [1, 2], [2, 1], [2, 3], [2, 7], [3, 0], [3, 2], [3, 4], [4, 3], [4, 5], [5, 4], [5, 6], [6, 5], [6, 7], [7, 2], [7, 6]], ""seed"": 7, ""basis"": [""id"", ""rz"", ""sx"", ""x"", ""ecr""], ""nodes"": 8}",6b6ce92b7572d9aab18041c2ed891a6915103a840fb0577e497bbcb3d6fc0831,"[0, 1, 2, 3, 4, 5]",N6_x4_t0.32_r2_symmetry__synthetic_irregular_8q_favorable__seed7,identity proxy before selection when layout is transpiler,10c94ee239653a068cec24e35ee4e3d08e1b8af56ad8685361f7159dac9a2303_synthetic_irregular_8q_favorable,basic,37,v0.4.0,82,57,285,2.7308886000000004e-05,-70,0.0078581689958809,True,,7.809730483365639e-15,1e-10,logical Operator.equiv + routed zero/3 random states,"[0, 1, 2, 3, 4, 5]",82,106,24,57,79,22,2.7308886000000004e-05,4.420663800000004e-05,1.689775200000004e-05,basic,basic
10c94ee239653a068cec24e35ee4e3d08e1b8af56ad8685361f7159dac9a2303_synthetic_irregular_8q_favorable_47,6,4.0,0.32,2,symmetry,10c94ee239653a068cec24e35ee4e3d08e1b8af56ad8685361f7159dac9a2303,22212664afc1417240d2159e660dfd5bef69af78a6080db0f12d8faa91232b09,469,240,285,184,31,1.7419354838709675,5,1.6666666666666667,2,1,8,9,2.25,4,2.071428571428572,1.0,1.0,1,robustness,synthetic_irregular_8q_favorable,irregular,favorable,SYNTHETIC_TARGET,"{""edges"": [[0, 1], [0, 3], [1, 0], [1, 2], [2, 1], [2, 3], [2, 7], [3, 0], [3, 2], [3, 4], [4, 3], [4, 5], [5, 4], [5, 6], [6, 5], [6, 7], [7, 2], [7, 6]], ""seed"": 7, ""basis"": [""id"", ""rz"", ""sx"", ""x"", ""ecr""], ""nodes"": 8}",6b6ce92b7572d9aab18041c2ed891a6915103a840fb0577e497bbcb3d6fc0831,"[0, 1, 2, 3, 4, 5]",N6_x4_t0.32_r2_symmetry__synthetic_irregular_8q_favorable__seed7,identity proxy before selection when layout is transpiler,10c94ee239653a068cec24e35ee4e3d08e1b8af56ad8685361f7159dac9a2303_synthetic_irregular_8q_favorable,basic,47,v0.4.0,82,57,285,2.7308886000000004e-05,-70,0.0079589849992771,True,,7.809730483365639e-15,1e-10,logical Operator.equiv + routed zero/3 random states,"[0, 1, 2, 3, 4, 5]",82,106,24,57,79,22,2.7308886000000004e-05,4.420663800000004e-05,1.689775200000004e-05,basic,basic
00dec25597397b2934fb42740994f65c50571551a5090f8e130104971b3c190f_synthetic_line_6q_favorable_11,2,1.5,0.2,3,current,00dec25597397b2934fb42740994f65c50571551a5090f8e130104971b3c190f,1c2a0cd100aa0db30812be65110f1d09aab3b7c0b237bef79d992cd34d08c6f5,127,115,91,36,7,1.4285714285714286,1,1.0,1,1,6,5,1.6666666666666667,5,2.333333333333333,1.0,1.0,1,prospective,synthetic_line_6q_favorable,line,favorable,SYNTHETIC_TARGET,"{""edges"": [[0, 1], [1, 0], [1, 2], [2, 1], [2, 3], [3, 2], [3, 4], [4, 3], [4, 5], [5, 4]], ""seed"": 7, ""basis"": [""id"", ""rz"", ""sx"", ""x"", ""ecr""], ""nodes"": 6}",ccfecec17e274607ed29176fa4c2a758de445cb0e2e85ddcc1bbcb36bd80dcb3,"[0, 1]",,identity proxy before selection when layout is transpiler,00dec25597397b2934fb42740994f65c50571551a5090f8e130104971b3c190f_synthetic_line_6q_favorable,basic,11,v0.4.0,3,3,23,1.39305e-06,-27,0.0045538359991041,True,,4.681568408891057e-15,1e-10,logical Operator.equiv + routed zero/3 random states,"[0, 1]",3,3,0,3,3,0,1.39305e-06,1.39305e-06,0.0,tie,tie
00dec25597397b2934fb42740994f65c50571551a5090f8e130104971b3c190f_synthetic_line_6q_favorable_19,2,1.5,0.2,3,current,00dec25597397b2934fb42740994f65c50571551a5090f8e130104971b3c190f,1c2a0cd100aa0db30812be65110f1d09aab3b7c0b237bef79d992cd34d08c6f5,127,115,91,36,7,1.4285714285714286,1,1.0,1,1,6,5,1.6666666666666667,5,2.333333333333333,1.0,1.0,1,prospective,synthetic_line_6q_favorable,line,favorable,SYNTHETIC_TARGET,"{""edges"": [[0, 1], [1, 0], [1, 2], [2, 1], [2, 3], [3, 2], [3, 4], [4, 3], [4, 5], [5, 4]], ""seed"": 7, ""basis"": [""id"", ""rz"", ""sx"", ""x"", ""ecr""], ""nodes"": 6}",ccfecec17e274607ed29176fa4c2a758de445cb0e2e85ddcc1bbcb36bd80dcb3,"[0, 1]",,identity proxy before selection when layout is transpiler,00dec25597397b2934fb42740994f65c50571551a5090f8e130104971b3c190f_synthetic_line_6q_favorable,basic,19,v0.4.0,3,3,23,1.39305e-06,-27,0.0044559060042956,True,,4.681568408891057e-15,1e-10,logical Operator.equiv + routed zero/3 random states,"[0, 1]",3,3,0,3,3,0,1.39305e-06,1.39305e-06,0.0,tie,tie
00dec25597397b2934fb42740994f65c50571551a5090f8e130104971b3c190f_synthetic_line_6q_favorable_29,2,1.5,0.2,3,current,00dec25597397b2934fb42740994f65c50571551a5090f8e130104971b3c190f,1c2a0cd100aa0db30812be65110f1d09aab3b7c0b237bef79d992cd34d08c6f5,127,115,91,36,7,1.4285714285714286,1,1.0,1,1,6,5,1.6666666666666667,5,2.333333333333333,1.0,1.0,1,prospective,synthetic_line_6q_favorable,line,favorable,SYNTHETIC_TARGET,"{""edges"": [[0, 1], [1, 0], [1, 2], [2, 1], [2, 3], [3, 2], [3, 4], [4, 3], [4, 5], [5, 4]], ""seed"": 7, ""basis"": [""id"", ""rz"", ""sx"", ""x"", ""ecr""], ""nodes"": 6}",ccfecec17e274607ed29176fa4c2a758de445cb0e2e85ddcc1bbcb36bd80dcb3,"[0, 1]",,identity proxy before selection when layout is transpiler,00dec25597397b2934fb42740994f65c50571551a5090f8e130104971b3c190f_synthetic_line_6q_favorable,basic,29,v0.4.0,3,3,23,1.39305e-06,-27,0.0046260759991128,True,,4.681568408891057e-15,1e-10,logical Operator.equiv + routed zero/3 random states,"[0, 1]",3,3,0,3,3,0,1.39305e-06,1.39305e-06,0.0,tie,tie
00dec25597397b2934fb42740994f65c50571551a5090f8e130104971b3c190f_synthetic_line_6q_favorable_37,2,1.5,0.2,3,current,00dec25597397b2934fb42740994f65c50571551a5090f8e130104971b3c190f,1c2a0cd100aa0db30812be65110f1d09aab3b7c0b237bef79d992cd34d08c6f5,127,115,91,36,7,1.4285714285714286,1,1.0,1,1,6,5,1.6666666666666667,5,2.333333333333333,1.0,1.0,1,prospective,synthetic_line_6q_favorable,line,favorable,SYNTHETIC_TARGET,"{""edges"": [[0, 1], [1, 0], [1, 2], [2, 1], [2, 3], [3, 2], [3, 4], [4, 3], [4, 5], [5, 4]], ""seed"": 7, ""basis"": [""id"", ""rz"", ""sx"", ""x"", ""ecr""], ""nodes"": 6}",ccfecec17e274607ed29176fa4c2a758de445cb0e2e85ddcc1bbcb36bd80dcb3,"[0, 1]",,identity proxy before selection when layout is transpiler,00dec25597397b2934fb42740994f65c50571551a5090f8e130104971b3c190f_synthetic_line_6q_favorable,basic,37,v0.4.0,3,3,23,1.39305e-06,-27,0.0044742300015059,True,,4.681568408891057e-15,1e-10,logical Operator.equiv + routed zero/3 random states,"[0, 1]",3,3,0,3,3,0,1.39305e-06,1.39305e-06,0.0,tie,tie
00dec25597397b2934fb42740994f65c50571551a5090f8e130104971b3c190f_synthetic_line_6q_favorable_47,2,1.5,0.2,3,current,00dec25597397b2934fb42740994f65c50571551a5090f8e130104971b3c190f,1c2a0cd100aa0db30812be65110f1d09aab3b7c0b237bef79d992cd34d08c6f5,127,115,91,36,7,1.4285714285714286,1,1.0,1,1,6,5,1.6666666666666667,5,2.333333333333333,1.0,1.0,1,prospective,synthetic_line_6q_favorable,line,favorable,SYNTHETIC_TARGET,"{""edges"": [[0, 1], [1, 0], [1, 2], [2, 1], [2, 3], [3, 2], [3, 4], [4, 3], [4, 5], [5, 4]], ""seed"": 7, ""basis"": [""id"", ""rz"", ""sx"", ""x"", ""ecr""], ""nodes"": 6}",ccfecec17e274607ed29176fa4c2a758de445cb0e2e85ddcc1bbcb36bd80dcb3,"[0, 1]",,identity proxy before selection when layout is transpiler,00dec25597397b2934fb42740994f65c50571551a5090f8e130104971b3c190f_synthetic_line_6q_favorable,basic,47,v0.4.0,3,3,23,1.39305e-06,-27,0.0043304840000928,True,,4.681568408891057e-15,1e-10,logical Operator.equiv + routed zero/3 random states,"[0, 1]",3,3,0,3,3,0,1.39305e-06,1.39305e-06,0.0,tie,tie
00dec25597397b2934fb42740994f65c50571551a5090f8e130104971b3c190f_synthetic_line_6q_spread_11,2,1.5,0.2,3,current,00dec25597397b2934fb42740994f65c50571551a5090f8e130104971b3c190f,1c2a0cd100aa0db30812be65110f1d09aab3b7c0b237bef79d992cd34d08c6f5,127,115,91,36,7,1.4285714285714286,1,1.0,1,1,6,5,1.6666666666666667,5,2.333333333333333,5.0,5.0,1,prospective,synthetic_line_6q_spread,line,spread,SYNTHETIC_TARGET,"{""edges"": [[0, 1], [1, 0], [1, 2], [2, 1], [2, 3], [3, 2], [3, 4], [4, 3], [4, 5], [5, 4]], ""seed"": 7, ""basis"": [""id"", ""rz"", ""sx"", ""x"", ""ecr""], ""nodes"": 6}",ccfecec17e274607ed29176fa4c2a758de445cb0e2e85ddcc1bbcb36bd80dcb3,"[0, 5]",,identity proxy before selection when layout is transpiler,00dec25597397b2934fb42740994f65c50571551a5090f8e130104971b3c190f_synthetic_line_6q_spread,basic,11,v0.4.0,15,12,55,6.693744000000001e-06,-15,0.0061174490037956,True,,4.245786650252757e-15,1e-10,logical Operator.equiv + routed zero/3 random states,"[3, 4]",15,15,0,12,12,0,6.693744000000001e-06,6.693744000000001e-06,0.0,tie,tie
00dec25597397b2934fb42740994f65c50571551a5090f8e130104971b3c190f_synthetic_line_6q_spread_19,2,1.5,0.2,3,current,00dec25597397b2934fb42740994f65c50571551a5090f8e130104971b3c190f,1c2a0cd100aa0db30812be65110f1d09aab3b7c0b237bef79d992cd34d08c6f5,127,115,91,36,7,1.4285714285714286,1,1.0,1,1,6,5,1.6666666666666667,5,2.333333333333333,5.0,5.0,1,prospective,synthetic_line_6q_spread,line,spread,SYNTHETIC_TARGET,"{""edges"": [[0, 1], [1, 0], [1, 2], [2, 1], [2, 3], [3, 2], [3, 4], [4, 3], [4, 5], [5, 4]], ""seed"": 7, ""basis"": [""id"", ""rz"", ""sx"", ""x"", ""ecr""], ""nodes"": 6}",ccfecec17e274607ed29176fa4c2a758de445cb0e2e85ddcc1bbcb36bd80dcb3,"[0, 5]",,identity proxy before selection when layout is transpiler,00dec25597397b2934fb42740994f65c50571551a5090f8e130104971b3c190f_synthetic_line_6q_spread,basic,19,v0.4.0,15,9,49,5.6740979999999966e-06,-15,0.0051976440008729,True,,4.386786067762737e-15,1e-10,logical Operator.equiv + routed zero/3 random states,"[2, 3]",15,15,0,9,9,0,5.6740979999999966e-06,5.6740979999999966e-06,0.0,tie,tie
00dec25597397b2934fb42740994f65c50571551a5090f8e130104971b3c190f_synthetic_line_6q_spread_29,2,1.5,0.2,3,current,00dec25597397b2934fb42740994f65c50571551a5090f8e130104971b3c190f,1c2a0cd100aa0db30812be65110f1d09aab3b7c0b237bef79d992cd34d08c6f5,127,115,91,36,7,1.4285714285714286,1,1.0,1,1,6,5,1.6666666666666667,5,2.333333333333333,5.0,5.0,1,prospective,synthetic_line_6q_spread,line,spread,SYNTHETIC_TARGET,"{""edges"": [[0, 1], [1, 0], [1, 2], [2, 1], [2, 3], [3, 2], [3, 4], [4, 3], [4, 5], [5, 4]], ""seed"": 7, ""basis"": [""id"", ""rz"", ""sx"", ""x"", ""ecr""], ""nodes"": 6}",ccfecec17e274607ed29176fa4c2a758de445cb0e2e85ddcc1bbcb36bd80dcb3,"[0, 5]",,identity proxy before selection when layout is transpiler,00dec25597397b2934fb42740994f65c50571551a5090f8e130104971b3c190f_synthetic_line_6q_spread,basic,29,v0.4.0,15,9,49,5.6740979999999966e-06,-15,0.005497345002368,True,,4.386786067762737e-15,1e-10,logical Operator.equiv + routed zero/3 random states,"[2, 3]",15,15,0,9,9,0,5.6740979999999966e-06,5.6740979999999966e-06,0.0,tie,tie
00dec25597397b2934fb42740994f65c50571551a5090f8e130104971b3c190f_synthetic_line_6q_spread_37,2,1.5,0.2,3,current,00dec25597397b2934fb42740994f65c50571551a5090f8e130104971b3c190f,1c2a0cd100aa0db30812be65110f1d09aab3b7c0b237bef79d992cd34d08c6f5,127,115,91,36,7,1.4285714285714286,1,1.0,1,1,6,5,1.6666666666666667,5,2.333333333333333,5.0,5.0,1,prospective,synthetic_line_6q_spread,line,spread,SYNTHETIC_TARGET,"{""edges"": [[0, 1], [1, 0], [1, 2], [2, 1], [2, 3], [3, 2], [3, 4], [4, 3], [4, 5], [5, 4]], ""seed"": 7, ""basis"": [""id"", ""rz"", ""sx"", ""x"", ""ecr""], ""nodes"": 6}",ccfecec17e274607ed29176fa4c2a758de445cb0e2e85ddcc1bbcb36bd80dcb3,"[0, 5]",,identity proxy before selection when layout is transpiler,00dec25597397b2934fb42740994f65c50571551a5090f8e130104971b3c190f_synthetic_line_6q_spread,basic,37,v0.4.0,15,9,49,5.6740979999999966e-06,-15,0.005767761998868,True,,4.386786067762737e-15,1e-10,logical Operator.equiv + routed zero/3 random states,"[2, 3]",15,15,0,9,9,0,5.6740979999999966e-06,5.6740979999999966e-06,0.0,tie,tie
00dec25597397b2934fb42740994f65c50571551a5090f8e130104971b3c190f_synthetic_line_6q_spread_47,2,1.5,0.2,3,current,00dec25597397b2934fb42740994f65c50571551a5090f8e130104971b3c190f,1c2a0cd100aa0db30812be65110f1d09aab3b7c0b237bef79d992cd34d08c6f5,127,115,91,36,7,1.4285714285714286,1,1.0,1,1,6,5,1.6666666666666667,5,2.333333333333333,5.0,5.0,1,prospective,synthetic_line_6q_spread,line,spread,SYNTHETIC_TARGET,"{""edges"": [[0, 1], [1, 0], [1, 2], [2, 1], [2, 3], [3, 2], [3, 4], [4, 3], [4, 5], [5, 4]], ""seed"": 7, ""basis"": [""id"", ""rz"", ""sx"", ""x"", ""ecr""], ""nodes"": 6}",ccfecec17e274607ed29176fa4c2a758de445cb0e2e85ddcc1bbcb36bd80dcb3,"[0, 5]",,identity proxy before selection when layout is transpiler,00dec25597397b2934fb42740994f65c50571551a5090f8e130104971b3c190f_synthetic_line_6q_spread,basic,47,v0.4.0,15,12,55,6.693744000000001e-06,-15,0.0058423750015208,True,,4.245786650252757e-15,1e-10,logical Operator.equiv + routed zero/3 random states,"[3, 4]",15,15,0,12,12,0,6.693744000000001e-06,6.693744000000001e-06,0.0,tie,tie
00dec25597397b2934fb42740994f65c50571551a5090f8e130104971b3c190f_synthetic_ring_6q_transpiler_11,2,1.5,0.2,3,current,00dec25597397b2934fb42740994f65c50571551a5090f8e130104971b3c190f,1c2a0cd100aa0db30812be65110f1d09aab3b7c0b237bef79d992cd34d08c6f5,127,115,91,36,7,1.4285714285714286,1,1.0,1,1,6,6,2.0,3,1.8,1.0,1.0,1,prospective,synthetic_ring_6q_transpiler,ring,transpiler,SYNTHETIC_TARGET,"{""edges"": [[0, 1], [0, 5], [1, 0], [1, 2], [2, 1], [2, 3], [3, 2], [3, 4], [4, 3], [4, 5], [5, 0], [5, 4]], ""seed"": 7, ""basis"": [""id"", ""rz"", ""sx"", ""x"", ""ecr""], ""nodes"": 6}",ff4a6017b79ba46163d089d132c4bc654811d5fa5518090a9b65bf0d23d86ee8,,,identity proxy before selection when layout is transpiler,00dec25597397b2934fb42740994f65c50571551a5090f8e130104971b3c190f_synthetic_ring_6q_transpiler,basic,11,v0.4.0,3,3,23,1.668774e-06,-27,0.0054177409983822,True,,4.681568408891057e-15,1e-10,logical Operator.equiv + routed zero/3 random states,"[3, 4]",3,3,0,3,3,0,1.668774e-06,1.668774e-06,0.0,tie,tie
00dec25597397b2934fb42740994f65c50571551a5090f8e130104971b3c190f_synthetic_ring_6q_transpiler_19,2,1.5,0.2,3,current,00dec25597397b2934fb42740994f65c50571551a5090f8e130104971b3c190f,1c2a0cd100aa0db30812be65110f1d09aab3b7c0b237bef79d992cd34d08c6f5,127,115,91,36,7,1.4285714285714286,1,1.0,1,1,6,6,2.0,3,1.8,1.0,1.0,1,prospective,synthetic_ring_6q_transpiler,ring,transpiler,SYNTHETIC_TARGET,"{""edges"": [[0, 1], [0, 5], [1, 0], [1, 2], [2, 1], [2, 3], [3, 2], [3, 4], [4, 3], [4, 5], [5, 0], [5, 4]], ""seed"": 7, ""basis"": [""id"", ""rz"", ""sx"", ""x"", ""ecr""], ""nodes"": 6}",ff4a6017b79ba46163d089d132c4bc654811d5fa5518090a9b65bf0d23d86ee8,,,identity proxy before selection when layout is transpiler,00dec25597397b2934fb42740994f65c50571551a5090f8e130104971b3c190f_synthetic_ring_6q_transpiler,basic,19,v0.4.0,3,3,23,2.133198e-06,-27,0.0045332349982345,True,,6.115303531970722e-15,1e-10,logical Operator.equiv + routed zero/3 random states,"[1, 2]",3,3,0,3,3,0,2.133198e-06,2.133198e-06,0.0,tie,tie
00dec25597397b2934fb42740994f65c50571551a5090f8e130104971b3c190f_synthetic_ring_6q_transpiler_29,2,1.5,0.2,3,current,00dec25597397b2934fb42740994f65c50571551a5090f8e130104971b3c190f,1c2a0cd100aa0db30812be65110f1d09aab3b7c0b237bef79d992cd34d08c6f5,127,115,91,36,7,1.4285714285714286,1,1.0,1,1,6,6,2.0,3,1.8,1.0,1.0,1,prospective,synthetic_ring_6q_transpiler,ring,transpiler,SYNTHETIC_TARGET,"{""edges"": [[0, 1], [0, 5], [1, 0], [1, 2], [2, 1], [2, 3], [3, 2], [3, 4], [4, 3], [4, 5], [5, 0], [5, 4]], ""seed"": 7, ""basis"": [""id"", ""rz"", ""sx"", ""x"", ""ecr""], ""nodes"": 6}",ff4a6017b79ba46163d089d132c4bc654811d5fa5518090a9b65bf0d23d86ee8,,,identity proxy before selection when layout is transpiler,00dec25597397b2934fb42740994f65c50571551a5090f8e130104971b3c190f_synthetic_ring_6q_transpiler,basic,29,v0.4.0,3,3,23,2.133198e-06,-27,0.0044405139997252,True,,6.115303531970722e-15,1e-10,logical Operator.equiv + routed zero/3 random states,"[1, 2]",3,3,0,3,3,0,2.133198e-06,2.133198e-06,0.0,tie,tie
00dec25597397b2934fb42740994f65c50571551a5090f8e130104971b3c190f_synthetic_ring_6q_transpiler_37,2,1.5,0.2,3,current,00dec25597397b2934fb42740994f65c50571551a5090f8e130104971b3c190f,1c2a0cd100aa0db30812be65110f1d09aab3b7c0b237bef79d992cd34d08c6f5,127,115,91,36,7,1.4285714285714286,1,1.0,1,1,6,6,2.0,3,1.8,1.0,1.0,1,prospective,synthetic_ring_6q_transpiler,ring,transpiler,SYNTHETIC_TARGET,"{""edges"": [[0, 1], [0, 5], [1, 0], [1, 2], [2, 1], [2, 3], [3, 2], [3, 4], [4, 3], [4, 5], [5, 0], [5, 4]], ""seed"": 7, ""basis"": [""id"", ""rz"", ""sx"", ""x"", ""ecr""], ""nodes"": 6}",ff4a6017b79ba46163d089d132c4bc654811d5fa5518090a9b65bf0d23d86ee8,,,identity proxy before selection when layout is transpiler,00dec25597397b2934fb42740994f65c50571551a5090f8e130104971b3c190f_synthetic_ring_6q_transpiler,basic,37,v0.4.0,3,3,23,1.39305e-06,-27,0.0043933669949183,True,,3.831878116016778e-15,1e-10,logical Operator.equiv + routed zero/3 random states,"[1, 0]",3,3,0,3,3,0,1.39305e-06,1.39305e-06,0.0,tie,tie
00dec25597397b2934fb42740994f65c50571551a5090f8e130104971b3c190f_synthetic_ring_6q_transpiler_47,2,1.5,0.2,3,current,00dec25597397b2934fb42740994f65c50571551a5090f8e130104971b3c190f,1c2a0cd100aa0db30812be65110f1d09aab3b7c0b237bef79d992cd34d08c6f5,127,115,91,36,7,1.4285714285714286,1,1.0,1,1,6,6,2.0,3,1.8,1.0,1.0,1,prospective,synthetic_ring_6q_transpiler,ring,transpiler,SYNTHETIC_TARGET,"{""edges"": [[0, 1], [0, 5], [1, 0], [1, 2], [2, 1], [2, 3], [3, 2], [3, 4], [4, 3], [4, 5], [5, 0], [5, 4]], ""seed"": 7, ""basis"": [""id"", ""rz"", ""sx"", ""x"", ""ecr""], ""nodes"": 6}",ff4a6017b79ba46163d089d132c4bc654811d5fa5518090a9b65bf0d23d86ee8,,,identity proxy before selection when layout is transpiler,00dec25597397b2934fb42740994f65c50571551a5090f8e130104971b3c190f_synthetic_ring_6q_transpiler,basic,47,v0.4.0,3,3,23,2.133198e-06,-27,0.00515653599723,True,,6.389587304833765e-15,1e-10,logical Operator.equiv + routed zero/3 random states,"[2, 1]",3,3,0,3,3,0,2.133198e-06,2.133198e-06,0.0,tie,tie
00dec25597397b2934fb42740994f65c50571551a5090f8e130104971b3c190f_synthetic_grid_6q_transpiler_11,2,1.5,0.2,3,current,00dec25597397b2934fb42740994f65c50571551a5090f8e130104971b3c190f,1c2a0cd100aa0db30812be65110f1d09aab3b7c0b237bef79d992cd34d08c6f5,127,115,91,36,7,1.4285714285714286,1,1.0,1,1,6,7,2.333333333333333,3,1.6666666666666667,1.0,1.0,1,prospective,synthetic_grid_6q_transpiler,grid,transpiler,SYNTHETIC_TARGET,"{""edges"": [[0, 1], [0, 3], [1, 0], [1, 2], [1, 4], [2, 1], [2, 5], [3, 0], [3, 4], [4, 1], [4, 3], [4, 5], [5, 2], [5, 4]], ""seed"": 7, ""basis"": [""id"", ""rz"", ""sx"", ""x"", ""ecr""], ""nodes"": 6}",1dc9d7c7422ee8d9e756c16f45c753640fd9bb0d83eb6013019055e1f800f374,,,identity proxy before selection when layout is transpiler,00dec25597397b2934fb42740994f65c50571551a5090f8e130104971b3c190f_synthetic_grid_6q_transpiler,basic,11,v0.4.0,3,3,23,2.2977e-06,-27,0.0048041850022855,True,,4.681568408891057e-15,1e-10,logical Operator.equiv + routed zero/3 random states,"[2, 5]",3,3,0,3,3,0,2.2977e-06,2.2977e-06,0.0,tie,tie
00dec25597397b2934fb42740994f65c50571551a5090f8e130104971b3c190f_synthetic_grid_6q_transpiler_19,2,1.5,0.2,3,current,00dec25597397b2934fb42740994f65c50571551a5090f8e130104971b3c190f,1c2a0cd100aa0db30812be65110f1d09aab3b7c0b237bef79d992cd34d08c6f5,127,115,91,36,7,1.4285714285714286,1,1.0,1,1,6,7,2.333333333333333,3,1.6666666666666667,1.0,1.0,1,prospective,synthetic_grid_6q_transpiler,grid,transpiler,SYNTHETIC_TARGET,"{""edges"": [[0, 1], [0, 3], [1, 0], [1, 2], [1, 4], [2, 1], [2, 5], [3, 0], [3, 4], [4, 1], [4, 3], [4, 5], [5, 2], [5, 4]], ""seed"": 7, ""basis"": [""id"", ""rz"", ""sx"", ""x"", ""ecr""], ""nodes"": 6}",1dc9d7c7422ee8d9e756c16f45c753640fd9bb0d83eb6013019055e1f800f374,,,identity proxy before selection when layout is transpiler,00dec25597397b2934fb42740994f65c50571551a5090f8e130104971b3c190f_synthetic_grid_6q_transpiler,basic,19,v0.4.0,3,3,23,1.762014e-06,-27,0.0048343500020564,True,,6.115303531970722e-15,1e-10,logical Operator.equiv + routed zero/3 random states,"[1, 4]",3,3,0,3,3,0,1.762014e-06,1.762014e-06,0.0,tie,tie
00dec25597397b2934fb42740994f65c50571551a5090f8e130104971b3c190f_synthetic_grid_6q_transpiler_29,2,1.5,0.2,3,current,00dec25597397b2934fb42740994f65c50571551a5090f8e130104971b3c190f,1c2a0cd100aa0db30812be65110f1d09aab3b7c0b237bef79d992cd34d08c6f5,127,115,91,36,7,1.4285714285714286,1,1.0,1,1,6,7,2.333333333333333,3,1.6666666666666667,1.0,1.0,1,prospective,synthetic_grid_6q_transpiler,grid,transpiler,SYNTHETIC_TARGET,"{""edges"": [[0, 1], [0, 3], [1, 0], [1, 2], [1, 4], [2, 1], [2, 5], [3, 0], [3, 4], [4, 1], [4, 3], [4, 5], [5, 2], [5, 4]], ""seed"": 7, ""basis"": [""id"", ""rz"", ""sx"", ""x"", ""ecr""], ""nodes"": 6}",1dc9d7c7422ee8d9e756c16f45c753640fd9bb0d83eb6013019055e1f800f374,,,identity proxy before selection when layout is transpiler,00dec25597397b2934fb42740994f65c50571551a5090f8e130104971b3c190f_synthetic_grid_6q_transpiler,basic,29,v0.4.0,3,3,23,1.63503e-06,-27,0.0047304449981311,True,,6.49985863115888e-15,1e-10,logical Operator.equiv + routed zero/3 random states,"[1, 2]",3,3,0,3,3,0,1.63503e-06,1.63503e-06,0.0,tie,tie
00dec25597397b2934fb42740994f65c50571551a5090f8e130104971b3c190f_synthetic_grid_6q_transpiler_37,2,1.5,0.2,3,current,00dec25597397b2934fb42740994f65c50571551a5090f8e130104971b3c190f,1c2a0cd100aa0db30812be65110f1d09aab3b7c0b237bef79d992cd34d08c6f5,127,115,91,36,7,1.4285714285714286,1,1.0,1,1,6,7,2.333333333333333,3,1.6666666666666667,1.0,1.0,1,prospective,synthetic_grid_6q_transpiler,grid,transpiler,SYNTHETIC_TARGET,"{""edges"": [[0, 1], [0, 3], [1, 0], [1, 2], [1, 4], [2, 1], [2, 5], [3, 0], [3, 4], [4, 1], [4, 3], [4, 5], [5, 2], [5, 4]], ""seed"": 7, ""basis"": [""id"", ""rz"", ""sx"", ""x"", ""ecr""], ""nodes"": 6}",1dc9d7c7422ee8d9e756c16f45c753640fd9bb0d83eb6013019055e1f800f374,,,identity proxy before selection when layout is transpiler,00dec25597397b2934fb42740994f65c50571551a5090f8e130104971b3c190f_synthetic_grid_6q_transpiler,basic,37,v0.4.0,3,3,23,2.2977e-06,-27,0.0047798360028536,True,,4.681568408891057e-15,1e-10,logical Operator.equiv + routed zero/3 random states,"[2, 5]",3,3,0,3,3,0,2.2977e-06,2.2977e-06,0.0,tie,tie
00dec25597397b2934fb42740994f65c50571551a5090f8e130104971b3c190f_synthetic_grid_6q_transpiler_47,2,1.5,0.2,3,current,00dec25597397b2934fb42740994f65c50571551a5090f8e130104971b3c190f,1c2a0cd100aa0db30812be65110f1d09aab3b7c0b237bef79d992cd34d08c6f5,127,115,91,36,7,1.4285714285714286,1,1.0,1,1,6,7,2.333333333333333,3,1.6666666666666667,1.0,1.0,1,prospective,synthetic_grid_6q_transpiler,grid,transpiler,SYNTHETIC_TARGET,"{""edges"": [[0, 1], [0, 3], [1, 0], [1, 2], [1, 4], [2, 1], [2, 5], [3, 0], [3, 4], [4, 1], [4, 3], [4, 5], [5, 2], [5, 4]], ""seed"": 7, ""basis"": [""id"", ""rz"", ""sx"", ""x"", ""ecr""], ""nodes"": 6}",1dc9d7c7422ee8d9e756c16f45c753640fd9bb0d83eb6013019055e1f800f374,,,identity proxy before selection when layout is transpiler,00dec25597397b2934fb42740994f65c50571551a5090f8e130104971b3c190f_synthetic_grid_6q_transpiler,basic,47,v0.4.0,3,3,23,2.087022e-06,-27,0.0048752489965409,True,,3.874761860355438e-15,1e-10,logical Operator.equiv + routed zero/3 random states,"[0, 1]",3,3,0,3,3,0,2.087022e-06,2.087022e-06,0.0,tie,tie
00dec25597397b2934fb42740994f65c50571551a5090f8e130104971b3c190f_synthetic_heavy_hex_like_7q_transpiler_11,2,1.5,0.2,3,current,00dec25597397b2934fb42740994f65c50571551a5090f8e130104971b3c190f,1c2a0cd100aa0db30812be65110f1d09aab3b7c0b237bef79d992cd34d08c6f5,127,115,91,36,7,1.4285714285714286,1,1.0,1,1,7,7,2.0,5,2.2857142857142856,1.0,1.0,1,prospective,synthetic_heavy_hex_like_7q_transpiler,heavy_hex_like,transpiler,SYNTHETIC_TARGET,"{""edges"": [[0, 1], [0, 3], [1, 0], [1, 2], [2, 1], [2, 3], [3, 0], [3, 2], [3, 4], [4, 3], [4, 5], [5, 4], [5, 6], [6, 5]], ""seed"": 7, ""basis"": [""id"", ""rz"", ""sx"", ""x"", ""ecr""], ""nodes"": 7}",a56c42c5929ac738475a61ad56ac38f9ce297f29f090779c0473725bc68476b5,,,identity proxy before selection when layout is transpiler,00dec25597397b2934fb42740994f65c50571551a5090f8e130104971b3c190f_synthetic_heavy_hex_like_7q_transpiler,basic,11,v0.4.0,3,3,23,1.126206e-06,-27,0.0051613899995572,True,,6.49985863115888e-15,1e-10,logical Operator.equiv + routed zero/3 random states,"[4, 5]",3,3,0,3,3,0,1.126206e-06,1.126206e-06,0.0,tie,tie
00dec25597397b2934fb42740994f65c50571551a5090f8e130104971b3c190f_synthetic_heavy_hex_like_7q_transpiler_19,2,1.5,0.2,3,current,00dec25597397b2934fb42740994f65c50571551a5090f8e130104971b3c190f,1c2a0cd100aa0db30812be65110f1d09aab3b7c0b237bef79d992cd34d08c6f5,127,115,91,36,7,1.4285714285714286,1,1.0,1,1,7,7,2.0,5,2.2857142857142856,1.0,1.0,1,prospective,synthetic_heavy_hex_like_7q_transpiler,heavy_hex_like,transpiler,SYNTHETIC_TARGET,"{""edges"": [[0, 1], [0, 3], [1, 0], [1, 2], [2, 1], [2, 3], [3, 0], [3, 2], [3, 4], [4, 3], [4, 5], [5, 4], [5, 6], [6, 5]], ""seed"": 7, ""basis"": [""id"", ""rz"", ""sx"", ""x"", ""ecr""], ""nodes"": 7}",a56c42c5929ac738475a61ad56ac38f9ce297f29f090779c0473725bc68476b5,,,identity proxy before selection when layout is transpiler,00dec25597397b2934fb42740994f65c50571551a5090f8e130104971b3c190f_synthetic_heavy_hex_like_7q_transpiler,basic,19,v0.4.0,3,3,23,1.126206e-06,-27,0.0054477439989568,True,,6.0761259583657046e-15,1e-10,logical Operator.equiv + routed zero/3 random states,"[5, 4]",3,3,0,3,3,0,1.126206e-06,1.126206e-06,0.0,tie,tie
00dec25597397b2934fb42740994f65c50571551a5090f8e130104971b3c190f_synthetic_heavy_hex_like_7q_transpiler_29,2,1.5,0.2,3,current,00dec25597397b2934fb42740994f65c50571551a5090f8e130104971b3c190f,1c2a0cd100aa0db30812be65110f1d09aab3b7c0b237bef79d992cd34d08c6f5,127,115,91,36,7,1.4285714285714286,1,1.0,1,1,7,7,2.0,5,2.2857142857142856,1.0,1.0,1,prospective,synthetic_heavy_hex_like_7q_transpiler,heavy_hex_like,transpiler,SYNTHETIC_TARGET,"{""edges"": [[0, 1], [0, 3], [1, 0], [1, 2], [2, 1], [2, 3], [3, 0], [3, 2], [3, 4], [4, 3], [4, 5], [5, 4], [5, 6], [6, 5]], ""seed"": 7, ""basis"": [""id"", ""rz"", ""sx"", ""x"", ""ecr""], ""nodes"": 7}",a56c42c5929ac738475a61ad56ac38f9ce297f29f090779c0473725bc68476b5,,,identity proxy before selection when layout is transpiler,00dec25597397b2934fb42740994f65c50571551a5090f8e130104971b3c190f_synthetic_heavy_hex_like_7q_transpiler,basic,29,v0.4.0,3,3,23,1.0456200000000003e-06,-27,0.0045330249995458,True,,4.681568408891057e-15,1e-10,logical Operator.equiv + routed zero/3 random states,"[1, 2]",3,3,0,3,3,0,1.0456200000000003e-06,1.0456200000000003e-06,0.0,tie,tie
00dec25597397b2934fb42740994f65c50571551a5090f8e130104971b3c190f_synthetic_heavy_hex_like_7q_transpiler_37,2,1.5,0.2,3,current,00dec25597397b2934fb42740994f65c50571551a5090f8e130104971b3c190f,1c2a0cd100aa0db30812be65110f1d09aab3b7c0b237bef79d992cd34d08c6f5,127,115,91,36,7,1.4285714285714286,1,1.0,1,1,7,7,2.0,5,2.2857142857142856,1.0,1.0,1,prospective,synthetic_heavy_hex_like_7q_transpiler,heavy_hex_like,transpiler,SYNTHETIC_TARGET,"{""edges"": [[0, 1], [0, 3], [1, 0], [1, 2], [2, 1], [2, 3], [3, 0], [3, 2], [3, 4], [4, 3], [4, 5], [5, 4], [5, 6], [6, 5]], ""seed"": 7, ""basis"": [""id"", ""rz"", ""sx"", ""x"", ""ecr""], ""nodes"": 7}",a56c42c5929ac738475a61ad56ac38f9ce297f29f090779c0473725bc68476b5,,,identity proxy before selection when layout is transpiler,00dec25597397b2934fb42740994f65c50571551a5090f8e130104971b3c190f_synthetic_heavy_hex_like_7q_transpiler,basic,37,v0.4.0,3,3,23,1.0485060000000002e-06,-27,0.0044951169984415,True,,4.681568408891057e-15,1e-10,logical Operator.equiv + routed zero/3 random states,"[3, 4]",3,3,0,3,3,0,1.0485060000000002e-06,1.0485060000000002e-06,0.0,tie,tie
00dec25597397b2934fb42740994f65c50571551a5090f8e130104971b3c190f_synthetic_heavy_hex_like_7q_transpiler_47,2,1.5,0.2,3,current,00dec25597397b2934fb42740994f65c50571551a5090f8e130104971b3c190f,1c2a0cd100aa0db30812be65110f1d09aab3b7c0b237bef79d992cd34d08c6f5,127,115,91,36,7,1.4285714285714286,1,1.0,1,1,7,7,2.0,5,2.2857142857142856,1.0,1.0,1,prospective,synthetic_heavy_hex_like_7q_transpiler,heavy_hex_like,transpiler,SYNTHETIC_TARGET,"{""edges"": [[0, 1], [0, 3], [1, 0], [1, 2], [2, 1], [2, 3], [3, 0], [3, 2], [3, 4], [4, 3], [4, 5], [5, 4], [5, 6], [6, 5]], ""seed"": 7, ""basis"": [""id"", ""rz"", ""sx"", ""x"", ""ecr""], ""nodes"": 7}",a56c42c5929ac738475a61ad56ac38f9ce297f29f090779c0473725bc68476b5,,,identity proxy before selection when layout is transpiler,00dec25597397b2934fb42740994f65c50571551a5090f8e130104971b3c190f_synthetic_heavy_hex_like_7q_transpiler,basic,47,v0.4.0,3,3,23,1.2802740000000002e-06,-27,0.0043995169980917,True,,6.0761259583657046e-15,1e-10,logical Operator.equiv + routed zero/3 random states,"[3, 0]",3,3,0,3,3,0,1.2802740000000002e-06,1.2802740000000002e-06,0.0,tie,tie
00dec25597397b2934fb42740994f65c50571551a5090f8e130104971b3c190f_synthetic_irregular_7q_favorable_11,2,1.5,0.2,3,current,00dec25597397b2934fb42740994f65c50571551a5090f8e130104971b3c190f,1c2a0cd100aa0db30812be65110f1d09aab3b7c0b237bef79d992cd34d08c6f5,127,115,91,36,7,1.4285714285714286,1,1.0,1,1,7,8,2.2857142857142856,3,1.809523809523809,1.0,1.0,1,prospective,synthetic_irregular_7q_favorable,irregular,favorable,SYNTHETIC_TARGET,"{""edges"": [[0, 1], [0, 3], [1, 0], [1, 2], [2, 1], [2, 3], [2, 6], [3, 0], [3, 2], [3, 4], [4, 3], [4, 5], [5, 4], [5, 6], [6, 2], [6, 5]], ""seed"": 7, ""basis"": [""id"", ""rz"", ""sx"", ""x"", ""ecr""], ""nodes"": 7}",c8b003a1553d070cddc2acc63823ce20487791b575f8614922ec632ce2dbf9e1,"[0, 1]",,identity proxy before selection when layout is transpiler,00dec25597397b2934fb42740994f65c50571551a5090f8e130104971b3c190f_synthetic_irregular_7q_favorable,basic,11,v0.4.0,3,3,23,7.652340000000001e-07,-27,0.0046093389973975,True,,6.115303531970722e-15,1e-10,logical Operator.equiv + routed zero/3 random states,"[0, 1]",3,3,0,3,3,0,7.652340000000001e-07,7.652340000000001e-07,0.0,tie,tie
00dec25597397b2934fb42740994f65c50571551a5090f8e130104971b3c190f_synthetic_irregular_7q_favorable_19,2,1.5,0.2,3,current,00dec25597397b2934fb42740994f65c50571551a5090f8e130104971b3c190f,1c2a0cd100aa0db30812be65110f1d09aab3b7c0b237bef79d992cd34d08c6f5,127,115,91,36,7,1.4285714285714286,1,1.0,1,1,7,8,2.2857142857142856,3,1.809523809523809,1.0,1.0,1,prospective,synthetic_irregular_7q_favorable,irregular,favorable,SYNTHETIC_TARGET,"{""edges"": [[0, 1], [0, 3], [1, 0], [1, 2], [2, 1], [2, 3], [2, 6], [3, 0], [3, 2], [3, 4], [4, 3], [4, 5], [5, 4], [5, 6], [6, 2], [6, 5]], ""seed"": 7, ""basis"": [""id"", ""rz"", ""sx"", ""x"", ""ecr""], ""nodes"": 7}",c8b003a1553d070cddc2acc63823ce20487791b575f8614922ec632ce2dbf9e1,"[0, 1]",,identity proxy before selection when layout is transpiler,00dec25597397b2934fb42740994f65c50571551a5090f8e130104971b3c190f_synthetic_irregular_7q_favorable,basic,19,v0.4.0,3,3,23,7.652340000000001e-07,-27,0.0043390710052335,True,,6.115303531970722e-15,1e-10,logical Operator.equiv + routed zero/3 random states,"[0, 1]",3,3,0,3,3,0,7.652340000000001e-07,7.652340000000001e-07,0.0,tie,tie
00dec25597397b2934fb42740994f65c50571551a5090f8e130104971b3c190f_synthetic_irregular_7q_favorable_29,2,1.5,0.2,3,current,00dec25597397b2934fb42740994f65c50571551a5090f8e130104971b3c190f,1c2a0cd100aa0db30812be65110f1d09aab3b7c0b237bef79d992cd34d08c6f5,127,115,91,36,7,1.4285714285714286,1,1.0,1,1,7,8,2.2857142857142856,3,1.809523809523809,1.0,1.0,1,prospective,synthetic_irregular_7q_favorable,irregular,favorable,SYNTHETIC_TARGET,"{""edges"": [[0, 1], [0, 3], [1, 0], [1, 2], [2, 1], [2, 3], [2, 6], [3, 0], [3, 2], [3, 4], [4, 3], [4, 5], [5, 4], [5, 6], [6, 2], [6, 5]], ""seed"": 7, ""basis"": [""id"", ""rz"", ""sx"", ""x"", ""ecr""], ""nodes"": 7}",c8b003a1553d070cddc2acc63823ce20487791b575f8614922ec632ce2dbf9e1,"[0, 1]",,identity proxy before selection when layout is transpiler,00dec25597397b2934fb42740994f65c50571551a5090f8e130104971b3c190f_synthetic_irregular_7q_favorable,basic,29,v0.4.0,3,3,23,7.652340000000001e-07,-27,0.0045545929970103,True,,6.115303531970722e-15,1e-10,logical Operator.equiv + routed zero/3 random states,"[0, 1]",3,3,0,3,3,0,7.652340000000001e-07,7.652340000000001e-07,0.0,tie,tie
00dec25597397b2934fb42740994f65c50571551a5090f8e130104971b3c190f_synthetic_irregular_7q_favorable_37,2,1.5,0.2,3,current,00dec25597397b2934fb42740994f65c50571551a5090f8e130104971b3c190f,1c2a0cd100aa0db30812be65110f1d09aab3b7c0b237bef79d992cd34d08c6f5,127,115,91,36,7,1.4285714285714286,1,1.0,1,1,7,8,2.2857142857142856,3,1.809523809523809,1.0,1.0,1,prospective,synthetic_irregular_7q_favorable,irregular,favorable,SYNTHETIC_TARGET,"{""edges"": [[0, 1], [0, 3], [1, 0], [1, 2], [2, 1], [2, 3], [2, 6], [3, 0], [3, 2], [3, 4], [4, 3], [4, 5], [5, 4], [5, 6], [6, 2], [6, 5]], ""seed"": 7, ""basis"": [""id"", ""rz"", ""sx"", ""x"", ""ecr""], ""nodes"": 7}",c8b003a1553d070cddc2acc63823ce20487791b575f8614922ec632ce2dbf9e1,"[0, 1]",,identity proxy before selection when layout is transpiler,00dec25597397b2934fb42740994f65c50571551a5090f8e130104971b3c190f_synthetic_irregular_7q_favorable,basic,37,v0.4.0,3,3,23,7.652340000000001e-07,-27,0.0041118290027952,True,,6.115303531970722e-15,1e-10,logical Operator.equiv + routed zero/3 random states,"[0, 1]",3,3,0,3,3,0,7.652340000000001e-07,7.652340000000001e-07,0.0,tie,tie
00dec25597397b2934fb42740994f65c50571551a5090f8e130104971b3c190f_synthetic_irregular_7q_favorable_47,2,1.5,0.2,3,current,00dec25597397b2934fb42740994f65c50571551a5090f8e130104971b3c190f,1c2a0cd100aa0db30812be65110f1d09aab3b7c0b237bef79d992cd34d08c6f5,127,115,91,36,7,1.4285714285714286,1,1.0,1,1,7,8,2.2857142857142856,3,1.809523809523809,1.0,1.0,1,prospective,synthetic_irregular_7q_favorable,irregular,favorable,SYNTHETIC_TARGET,"{""edges"": [[0, 1], [0, 3], [1, 0], [1, 2], [2, 1], [2, 3], [2, 6], [3, 0], [3, 2], [3, 4], [4, 3], [4, 5], [5, 4], [5, 6], [6, 2], [6, 5]], ""seed"": 7, ""basis"": [""id"", ""rz"", ""sx"", ""x"", ""ecr""], ""nodes"": 7}",c8b003a1553d070cddc2acc63823ce20487791b575f8614922ec632ce2dbf9e1,"[0, 1]",,identity proxy before selection when layout is transpiler,00dec25597397b2934fb42740994f65c50571551a5090f8e130104971b3c190f_synthetic_irregular_7q_favorable,basic,47,v0.4.0,3,3,23,7.652340000000001e-07,-27,0.005428907003079,True,,6.115303531970722e-15,1e-10,logical Operator.equiv + routed zero/3 random states,"[0, 1]",3,3,0,3,3,0,7.652340000000001e-07,7.652340000000001e-07,0.0,tie,tie
00dec25597397b2934fb42740994f65c50571551a5090f8e130104971b3c190f_synthetic_irregular_7q_spread_11,2,1.5,0.2,3,current,00dec25597397b2934fb42740994f65c50571551a5090f8e130104971b3c190f,1c2a0cd100aa0db30812be65110f1d09aab3b7c0b237bef79d992cd34d08c6f5,127,115,91,36,7,1.4285714285714286,1,1.0,1,1,7,8,2.2857142857142856,3,1.809523809523809,3.0,3.0,1,prospective,synthetic_irregular_7q_spread,irregular,spread,SYNTHETIC_TARGET,"{""edges"": [[0, 1], [0, 3], [1, 0], [1, 2], [2, 1], [2, 3], [2, 6], [3, 0], [3, 2], [3, 4], [4, 3], [4, 5], [5, 4], [5, 6], [6, 2], [6, 5]], ""seed"": 7, ""basis"": [""id"", ""rz"", ""sx"", ""x"", ""ecr""], ""nodes"": 7}",c8b003a1553d070cddc2acc63823ce20487791b575f8614922ec632ce2dbf9e1,"[0, 5]",,identity proxy before selection when layout is transpiler,00dec25597397b2934fb42740994f65c50571551a5090f8e130104971b3c190f_synthetic_irregular_7q_spread,basic,11,v0.4.0,9,6,40,2.6300340000000003e-06,-21,0.0051907610031776,True,,4.092065236708088e-15,1e-10,logical Operator.equiv + routed zero/3 random states,"[3, 4]",9,9,0,6,6,0,2.6300340000000003e-06,2.6300340000000003e-06,0.0,tie,tie
00dec25597397b2934fb42740994f65c50571551a5090f8e130104971b3c190f_synthetic_irregular_7q_spread_19,2,1.5,0.2,3,current,00dec25597397b2934fb42740994f65c50571551a5090f8e130104971b3c190f,1c2a0cd100aa0db30812be65110f1d09aab3b7c0b237bef79d992cd34d08c6f5,127,115,91,36,7,1.4285714285714286,1,1.0,1,1,7,8,2.2857142857142856,3,1.809523809523809,3.0,3.0,1,prospective,synthetic_irregular_7q_spread,irregular,spread,SYNTHETIC_TARGET,"{""edges"": [[0, 1], [0, 3], [1, 0], [1, 2], [2, 1], [2, 3], [2, 6], [3, 0], [3, 2], [3, 4], [4, 3], [4, 5], [5, 4], [5, 6], [6, 2], [6, 5]], ""seed"": 7, ""basis"": [""id"", ""rz"", ""sx"", ""x"", ""ecr""], ""nodes"": 7}",c8b003a1553d070cddc2acc63823ce20487791b575f8614922ec632ce2dbf9e1,"[0, 5]",,identity proxy before selection when layout is transpiler,00dec25597397b2934fb42740994f65c50571551a5090f8e130104971b3c190f_synthetic_irregular_7q_spread,basic,19,v0.4.0,9,6,40,2.6300340000000003e-06,-21,0.0050270979991182,True,,4.092065236708088e-15,1e-10,logical Operator.equiv + routed zero/3 random states,"[3, 4]",9,9,0,6,6,0,2.6300340000000003e-06,2.6300340000000003e-06,0.0,tie,tie
00dec25597397b2934fb42740994f65c50571551a5090f8e130104971b3c190f_synthetic_irregular_7q_spread_29,2,1.5,0.2,3,current,00dec25597397b2934fb42740994f65c50571551a5090f8e130104971b3c190f,1c2a0cd100aa0db30812be65110f1d09aab3b7c0b237bef79d992cd34d08c6f5,127,115,91,36,7,1.4285714285714286,1,1.0,1,1,7,8,2.2857142857142856,3,1.809523809523809,3.0,3.0,1,prospective,synthetic_irregular_7q_spread,irregular,spread,SYNTHETIC_TARGET,"{""edges"": [[0, 1], [0, 3], [1, 0], [1, 2], [2, 1], [2, 3], [2, 6], [3, 0], [3, 2], [3, 4], [4, 3], [4, 5], [5, 4], [5, 6], [6, 2], [6, 5]], ""seed"": 7, ""basis"": [""id"", ""rz"", ""sx"", ""x"", ""ecr""], ""nodes"": 7}",c8b003a1553d070cddc2acc63823ce20487791b575f8614922ec632ce2dbf9e1,"[0, 5]",,identity proxy before selection when layout is transpiler,00dec25597397b2934fb42740994f65c50571551a5090f8e130104971b3c190f_synthetic_irregular_7q_spread,basic,29,v0.4.0,9,6,40,2.6300340000000003e-06,-21,0.005021442004363,True,,4.092065236708088e-15,1e-10,logical Operator.equiv + routed zero/3 random states,"[3, 4]",9,9,0,6,6,0,2.6300340000000003e-06,2.6300340000000003e-06,0.0,tie,tie
00dec25597397b2934fb42740994f65c50571551a5090f8e130104971b3c190f_synthetic_irregular_7q_spread_37,2,1.5,0.2,3,current,00dec25597397b2934fb42740994f65c50571551a5090f8e130104971b3c190f,1c2a0cd100aa0db30812be65110f1d09aab3b7c0b237bef79d992cd34d08c6f5,127,115,91,36,7,1.4285714285714286,1,1.0,1,1,7,8,2.2857142857142856,3,1.809523809523809,3.0,3.0,1,prospective,synthetic_irregular_7q_spread,irregular,spread,SYNTHETIC_TARGET,"{""edges"": [[0, 1], [0, 3], [1, 0], [1, 2], [2, 1], [2, 3], [2, 6], [3, 0], [3, 2], [3, 4], [4, 3], [4, 5], [5, 4], [5, 6], [6, 2], [6, 5]], ""seed"": 7, ""basis"": [""id"", ""rz"", ""sx"", ""x"", ""ecr""], ""nodes"": 7}",c8b003a1553d070cddc2acc63823ce20487791b575f8614922ec632ce2dbf9e1,"[0, 5]",,identity proxy before selection when layout is transpiler,00dec25597397b2934fb42740994f65c50571551a5090f8e130104971b3c190f_synthetic_irregular_7q_spread,basic,37,v0.4.0,9,6,40,2.6300340000000003e-06,-21,0.005522931998712,True,,4.092065236708088e-15,1e-10,logical Operator.equiv + routed zero/3 random states,"[3, 4]",9,9,0,6,6,0,2.6300340000000003e-06,2.6300340000000003e-06,0.0,tie,tie
00dec25597397b2934fb42740994f65c50571551a5090f8e130104971b3c190f_synthetic_irregular_7q_spread_47,2,1.5,0.2,3,current,00dec25597397b2934fb42740994f65c50571551a5090f8e130104971b3c190f,1c2a0cd100aa0db30812be65110f1d09aab3b7c0b237bef79d992cd34d08c6f5,127,115,91,36,7,1.4285714285714286,1,1.0,1,1,7,8,2.2857142857142856,3,1.809523809523809,3.0,3.0,1,prospective,synthetic_irregular_7q_spread,irregular,spread,SYNTHETIC_TARGET,"{""edges"": [[0, 1], [0, 3], [1, 0], [1, 2], [2, 1], [2, 3], [2, 6], [3, 0], [3, 2], [3, 4], [4, 3], [4, 5], [5, 4], [5, 6], [6, 2], [6, 5]], ""seed"": 7, ""basis"": [""id"", ""rz"", ""sx"", ""x"", ""ecr""], ""nodes"": 7}",c8b003a1553d070cddc2acc63823ce20487791b575f8614922ec632ce2dbf9e1,"[0, 5]",,identity proxy before selection when layout is transpiler,00dec25597397b2934fb42740994f65c50571551a5090f8e130104971b3c190f_synthetic_irregular_7q_spread,basic,47,v0.4.0,9,6,40,2.6300340000000003e-06,-21,0.0052110780015937,True,,4.092065236708088e-15,1e-10,logical Operator.equiv + routed zero/3 random states,"[3, 4]",9,9,0,6,6,0,2.6300340000000003e-06,2.6300340000000003e-06,0.0,tie,tie
49f9e42949fe44e9cacc4cb550ad5cc71ba965632af7f9c8a4fd8e3384156438_synthetic_line_6q_favorable_11,2,1.5,0.2,3,reversed,49f9e42949fe44e9cacc4cb550ad5cc71ba965632af7f9c8a4fd8e3384156438,eb77ef94d7f09284f2e4b0e598070c808cbfe6c61103c8d011722859d4be54fd,127,115,91,36,7,1.4285714285714286,1,1.0,1,1,6,5,1.6666666666666667,5,2.333333333333333,1.0,1.0,1,prospective,synthetic_line_6q_favorable,line,favorable,SYNTHETIC_TARGET,"{""edges"": [[0, 1], [1, 0], [1, 2], [2, 1], [2, 3], [3, 2], [3, 4], [4, 3], [4, 5], [5, 4]], ""seed"": 7, ""basis"": [""id"", ""rz"", ""sx"", ""x"", ""ecr""], ""nodes"": 6}",ccfecec17e274607ed29176fa4c2a758de445cb0e2e85ddcc1bbcb36bd80dcb3,"[0, 1]",,identity proxy before selection when layout is transpiler,49f9e42949fe44e9cacc4cb550ad5cc71ba965632af7f9c8a4fd8e3384156438_synthetic_line_6q_favorable,basic,11,v0.4.0,3,3,23,1.39305e-06,-29,0.004712970003311,True,,3.5060027491513885e-15,1e-10,logical Operator.equiv + routed zero/3 random states,"[0, 1]",3,3,0,3,3,0,1.39305e-06,1.39305e-06,0.0,tie,tie
49f9e42949fe44e9cacc4cb550ad5cc71ba965632af7f9c8a4fd8e3384156438_synthetic_line_6q_favorable_19,2,1.5,0.2,3,reversed,49f9e42949fe44e9cacc4cb550ad5cc71ba965632af7f9c8a4fd8e3384156438,eb77ef94d7f09284f2e4b0e598070c808cbfe6c61103c8d011722859d4be54fd,127,115,91,36,7,1.4285714285714286,1,1.0,1,1,6,5,1.6666666666666667,5,2.333333333333333,1.0,1.0,1,prospective,synthetic_line_6q_favorable,line,favorable,SYNTHETIC_TARGET,"{""edges"": [[0, 1], [1, 0], [1, 2], [2, 1], [2, 3], [3, 2], [3, 4], [4, 3], [4, 5], [5, 4]], ""seed"": 7, ""basis"": [""id"", ""rz"", ""sx"", ""x"", ""ecr""], ""nodes"": 6}",ccfecec17e274607ed29176fa4c2a758de445cb0e2e85ddcc1bbcb36bd80dcb3,"[0, 1]",,identity proxy before selection when layout is transpiler,49f9e42949fe44e9cacc4cb550ad5cc71ba965632af7f9c8a4fd8e3384156438_synthetic_line_6q_favorable,basic,19,v0.4.0,3,3,23,1.39305e-06,-29,0.0042274139996152,True,,3.5060027491513885e-15,1e-10,logical Operator.equiv + routed zero/3 random states,"[0, 1]",3,3,0,3,3,0,1.39305e-06,1.39305e-06,0.0,tie,tie
49f9e42949fe44e9cacc4cb550ad5cc71ba965632af7f9c8a4fd8e3384156438_synthetic_line_6q_favorable_29,2,1.5,0.2,3,reversed,49f9e42949fe44e9cacc4cb550ad5cc71ba965632af7f9c8a4fd8e3384156438,eb77ef94d7f09284f2e4b0e598070c808cbfe6c61103c8d011722859d4be54fd,127,115,91,36,7,1.4285714285714286,1,1.0,1,1,6,5,1.6666666666666667,5,2.333333333333333,1.0,1.0,1,prospective,synthetic_line_6q_favorable,line,favorable,SYNTHETIC_TARGET,"{""edges"": [[0, 1], [1, 0], [1, 2], [2, 1], [2, 3], [3, 2], [3, 4], [4, 3], [4, 5], [5, 4]], ""seed"": 7, ""basis"": [""id"", ""rz"", ""sx"", ""x"", ""ecr""], ""nodes"": 6}",ccfecec17e274607ed29176fa4c2a758de445cb0e2e85ddcc1bbcb36bd80dcb3,"[0, 1]",,identity proxy before selection when layout is transpiler,49f9e42949fe44e9cacc4cb550ad5cc71ba965632af7f9c8a4fd8e3384156438_synthetic_line_6q_favorable,basic,29,v0.4.0,3,3,23,1.39305e-06,-29,0.0048159349971683,True,,3.5060027491513885e-15,1e-10,logical Operator.equiv + routed zero/3 random states,"[0, 1]",3,3,0,3,3,0,1.39305e-06,1.39305e-06,0.0,tie,tie
49f9e42949fe44e9cacc4cb550ad5cc71ba965632af7f9c8a4fd8e3384156438_synthetic_line_6q_favorable_37,2,1.5,0.2,3,reversed,49f9e42949fe44e9cacc4cb550ad5cc71ba965632af7f9c8a4fd8e3384156438,eb77ef94d7f09284f2e4b0e598070c808cbfe6c61103c8d011722859d4be54fd,127,115,91,36,7,1.4285714285714286,1,1.0,1,1,6,5,1.6666666666666667,5,2.333333333333333,1.0,1.0,1,prospective,synthetic_line_6q_favorable,line,favorable,SYNTHETIC_TARGET,"{""edges"": [[0, 1], [1, 0], [1, 2], [2, 1], [2, 3], [3, 2], [3, 4], [4, 3], [4, 5], [5, 4]], ""seed"": 7, ""basis"": [""id"", ""rz"", ""sx"", ""x"", ""ecr""], ""nodes"": 6}",ccfecec17e274607ed29176fa4c2a758de445cb0e2e85ddcc1bbcb36bd80dcb3,"[0, 1]",,identity proxy before selection when layout is transpiler,49f9e42949fe44e9cacc4cb550ad5cc71ba965632af7f9c8a4fd8e3384156438_synthetic_line_6q_favorable,basic,37,v0.4.0,3,3,23,1.39305e-06,-29,0.0042514190063229,True,,3.5060027491513885e-15,1e-10,logical Operator.equiv + routed zero/3 random states,"[0, 1]",3,3,0,3,3,0,1.39305e-06,1.39305e-06,0.0,tie,tie
49f9e42949fe44e9cacc4cb550ad5cc71ba965632af7f9c8a4fd8e3384156438_synthetic_line_6q_favorable_47,2,1.5,0.2,3,reversed,49f9e42949fe44e9cacc4cb550ad5cc71ba965632af7f9c8a4fd8e3384156438,eb77ef94d7f09284f2e4b0e598070c808cbfe6c61103c8d011722859d4be54fd,127,115,91,36,7,1.4285714285714286,1,1.0,1,1,6,5,1.6666666666666667,5,2.333333333333333,1.0,1.0,1,prospective,synthetic_line_6q_favorable,line,favorable,SYNTHETIC_TARGET,"{""edges"": [[0, 1], [1, 0], [1, 2], [2, 1], [2, 3], [3, 2], [3, 4], [4, 3], [4, 5], [5, 4]], ""seed"": 7, ""basis"": [""id"", ""rz"", ""sx"", ""x"", ""ecr""], ""nodes"": 6}",ccfecec17e274607ed29176fa4c2a758de445cb0e2e85ddcc1bbcb36bd80dcb3,"[0, 1]",,identity proxy before selection when layout is transpiler,49f9e42949fe44e9cacc4cb550ad5cc71ba965632af7f9c8a4fd8e3384156438_synthetic_line_6q_favorable,basic,47,v0.4.0,3,3,23,1.39305e-06,-29,0.0041386719967704,True,,3.5060027491513885e-15,1e-10,logical Operator.equiv + routed zero/3 random states,"[0, 1]",3,3,0,3,3,0,1.39305e-06,1.39305e-06,0.0,tie,tie
49f9e42949fe44e9cacc4cb550ad5cc71ba965632af7f9c8a4fd8e3384156438_synthetic_line_6q_spread_11,2,1.5,0.2,3,reversed,49f9e42949fe44e9cacc4cb550ad5cc71ba965632af7f9c8a4fd8e3384156438,eb77ef94d7f09284f2e4b0e598070c808cbfe6c61103c8d011722859d4be54fd,127,115,91,36,7,1.4285714285714286,1,1.0,1,1,6,5,1.6666666666666667,5,2.333333333333333,5.0,5.0,1,prospective,synthetic_line_6q_spread,line,spread,SYNTHETIC_TARGET,"{""edges"": [[0, 1], [1, 0], [1, 2], [2, 1], [2, 3], [3, 2], [3, 4], [4, 3], [4, 5], [5, 4]], ""seed"": 7, ""basis"": [""id"", ""rz"", ""sx"", ""x"", ""ecr""], ""nodes"": 6}",ccfecec17e274607ed29176fa4c2a758de445cb0e2e85ddcc1bbcb36bd80dcb3,"[0, 5]",,identity proxy before selection when layout is transpiler,49f9e42949fe44e9cacc4cb550ad5cc71ba965632af7f9c8a4fd8e3384156438_synthetic_line_6q_spread,basic,11,v0.4.0,15,12,55,6.693744000000001e-06,-17,0.0053632199997082,True,,3.747825005307077e-15,1e-10,logical Operator.equiv + routed zero/3 random states,"[3, 4]",15,15,0,12,12,0,6.693744000000001e-06,6.693744000000001e-06,0.0,tie,tie
49f9e42949fe44e9cacc4cb550ad5cc71ba965632af7f9c8a4fd8e3384156438_synthetic_line_6q_spread_19,2,1.5,0.2,3,reversed,49f9e42949fe44e9cacc4cb550ad5cc71ba965632af7f9c8a4fd8e3384156438,eb77ef94d7f09284f2e4b0e598070c808cbfe6c61103c8d011722859d4be54fd,127,115,91,36,7,1.4285714285714286,1,1.0,1,1,6,5,1.6666666666666667,5,2.333333333333333,5.0,5.0,1,prospective,synthetic_line_6q_spread,line,spread,SYNTHETIC_TARGET,"{""edges"": [[0, 1], [1, 0], [1, 2], [2, 1], [2, 3], [3, 2], [3, 4], [4, 3], [4, 5], [5, 4]], ""seed"": 7, ""basis"": [""id"", ""rz"", ""sx"", ""x"", ""ecr""], ""nodes"": 6}",ccfecec17e274607ed29176fa4c2a758de445cb0e2e85ddcc1bbcb36bd80dcb3,"[0, 5]",,identity proxy before selection when layout is transpiler,49f9e42949fe44e9cacc4cb550ad5cc71ba965632af7f9c8a4fd8e3384156438_synthetic_line_6q_spread,basic,19,v0.4.0,15,9,49,5.6740979999999966e-06,-17,0.0055298430015682,True,,3.925231146709438e-15,1e-10,logical Operator.equiv + routed zero/3 random states,"[2, 3]",15,15,0,9,9,0,5.6740979999999966e-06,5.6740979999999966e-06,0.0,tie,tie
49f9e42949fe44e9cacc4cb550ad5cc71ba965632af7f9c8a4fd8e3384156438_synthetic_line_6q_spread_29,2,1.5,0.2,3,reversed,49f9e42949fe44e9cacc4cb550ad5cc71ba965632af7f9c8a4fd8e3384156438,eb77ef94d7f09284f2e4b0e598070c808cbfe6c61103c8d011722859d4be54fd,127,115,91,36,7,1.4285714285714286,1,1.0,1,1,6,5,1.6666666666666667,5,2.333333333333333,5.0,5.0,1,prospective,synthetic_line_6q_spread,line,spread,SYNTHETIC_TARGET,"{""edges"": [[0, 1], [1, 0], [1, 2], [2, 1], [2, 3], [3, 2], [3, 4], [4, 3], [4, 5], [5, 4]], ""seed"": 7, ""basis"": [""id"", ""rz"", ""sx"", ""x"", ""ecr""], ""nodes"": 6}",ccfecec17e274607ed29176fa4c2a758de445cb0e2e85ddcc1bbcb36bd80dcb3,"[0, 5]",,identity proxy before selection when layout is transpiler,49f9e42949fe44e9cacc4cb550ad5cc71ba965632af7f9c8a4fd8e3384156438_synthetic_line_6q_spread,basic,29,v0.4.0,15,9,49,5.6740979999999966e-06,-17,0.0052849130006507,True,,3.925231146709438e-15,1e-10,logical Operator.equiv + routed zero/3 random states,"[2, 3]",15,15,0,9,9,0,5.6740979999999966e-06,5.6740979999999966e-06,0.0,tie,tie
49f9e42949fe44e9cacc4cb550ad5cc71ba965632af7f9c8a4fd8e3384156438_synthetic_line_6q_spread_37,2,1.5,0.2,3,reversed,49f9e42949fe44e9cacc4cb550ad5cc71ba965632af7f9c8a4fd8e3384156438,eb77ef94d7f09284f2e4b0e598070c808cbfe6c61103c8d011722859d4be54fd,127,115,91,36,7,1.4285714285714286,1,1.0,1,1,6,5,1.6666666666666667,5,2.333333333333333,5.0,5.0,1,prospective,synthetic_line_6q_spread,line,spread,SYNTHETIC_TARGET,"{""edges"": [[0, 1], [1, 0], [1, 2], [2, 1], [2, 3], [3, 2], [3, 4], [4, 3], [4, 5], [5, 4]], ""seed"": 7, ""basis"": [""id"", ""rz"", ""sx"", ""x"", ""ecr""], ""nodes"": 6}",ccfecec17e274607ed29176fa4c2a758de445cb0e2e85ddcc1bbcb36bd80dcb3,"[0, 5]",,identity proxy before selection when layout is transpiler,49f9e42949fe44e9cacc4cb550ad5cc71ba965632af7f9c8a4fd8e3384156438_synthetic_line_6q_spread,basic,37,v0.4.0,15,9,49,5.6740979999999966e-06,-17,0.0051748000041698,True,,3.925231146709438e-15,1e-10,logical Operator.equiv + routed zero/3 random states,"[2, 3]",15,15,0,9,9,0,5.6740979999999966e-06,5.6740979999999966e-06,0.0,tie,tie
49f9e42949fe44e9cacc4cb550ad5cc71ba965632af7f9c8a4fd8e3384156438_synthetic_line_6q_spread_47,2,1.5,0.2,3,reversed,49f9e42949fe44e9cacc4cb550ad5cc71ba965632af7f9c8a4fd8e3384156438,eb77ef94d7f09284f2e4b0e598070c808cbfe6c61103c8d011722859d4be54fd,127,115,91,36,7,1.4285714285714286,1,1.0,1,1,6,5,1.6666666666666667,5,2.333333333333333,5.0,5.0,1,prospective,synthetic_line_6q_spread,line,spread,SYNTHETIC_TARGET,"{""edges"": [[0, 1], [1, 0], [1, 2], [2, 1], [2, 3], [3, 2], [3, 4], [4, 3], [4, 5], [5, 4]], ""seed"": 7, ""basis"": [""id"", ""rz"", ""sx"", ""x"", ""ecr""], ""nodes"": 6}",ccfecec17e274607ed29176fa4c2a758de445cb0e2e85ddcc1bbcb36bd80dcb3,"[0, 5]",,identity proxy before selection when layout is transpiler,49f9e42949fe44e9cacc4cb550ad5cc71ba965632af7f9c8a4fd8e3384156438_synthetic_line_6q_spread,basic,47,v0.4.0,15,12,55,6.693744000000001e-06,-17,0.0049481490059406,True,,3.747825005307077e-15,1e-10,logical Operator.equiv + routed zero/3 random states,"[3, 4]",15,15,0,12,12,0,6.693744000000001e-06,6.693744000000001e-06,0.0,tie,tie
49f9e42949fe44e9cacc4cb550ad5cc71ba965632af7f9c8a4fd8e3384156438_synthetic_ring_6q_transpiler_11,2,1.5,0.2,3,reversed,49f9e42949fe44e9cacc4cb550ad5cc71ba965632af7f9c8a4fd8e3384156438,eb77ef94d7f09284f2e4b0e598070c808cbfe6c61103c8d011722859d4be54fd,127,115,91,36,7,1.4285714285714286,1,1.0,1,1,6,6,2.0,3,1.8,1.0,1.0,1,prospective,synthetic_ring_6q_transpiler,ring,transpiler,SYNTHETIC_TARGET,"{""edges"": [[0, 1], [0, 5], [1, 0], [1, 2], [2, 1], [2, 3], [3, 2], [3, 4], [4, 3], [4, 5], [5, 0], [5, 4]], ""seed"": 7, ""basis"": [""id"", ""rz"", ""sx"", ""x"", ""ecr""], ""nodes"": 6}",ff4a6017b79ba46163d089d132c4bc654811d5fa5518090a9b65bf0d23d86ee8,,,identity proxy before selection when layout is transpiler,49f9e42949fe44e9cacc4cb550ad5cc71ba965632af7f9c8a4fd8e3384156438_synthetic_ring_6q_transpiler,basic,11,v0.4.0,3,3,23,1.668774e-06,-29,0.0052765429936698,True,,3.495109218788357e-15,1e-10,logical Operator.equiv + routed zero/3 random states,"[3, 4]",3,3,0,3,3,0,1.668774e-06,1.668774e-06,0.0,tie,tie
49f9e42949fe44e9cacc4cb550ad5cc71ba965632af7f9c8a4fd8e3384156438_synthetic_ring_6q_transpiler_19,2,1.5,0.2,3,reversed,49f9e42949fe44e9cacc4cb550ad5cc71ba965632af7f9c8a4fd8e3384156438,eb77ef94d7f09284f2e4b0e598070c808cbfe6c61103c8d011722859d4be54fd,127,115,91,36,7,1.4285714285714286,1,1.0,1,1,6,6,2.0,3,1.8,1.0,1.0,1,prospective,synthetic_ring_6q_transpiler,ring,transpiler,SYNTHETIC_TARGET,"{""edges"": [[0, 1], [0, 5], [1, 0], [1, 2], [2, 1], [2, 3], [3, 2], [3, 4], [4, 3], [4, 5], [5, 0], [5, 4]], ""seed"": 7, ""basis"": [""id"", ""rz"", ""sx"", ""x"", ""ecr""], ""nodes"": 6}",ff4a6017b79ba46163d089d132c4bc654811d5fa5518090a9b65bf0d23d86ee8,,,identity proxy before selection when layout is transpiler,49f9e42949fe44e9cacc4cb550ad5cc71ba965632af7f9c8a4fd8e3384156438_synthetic_ring_6q_transpiler,basic,19,v0.4.0,3,3,23,2.133198e-06,-29,0.0045318289994611,True,,4.2700309096659745e-15,1e-10,logical Operator.equiv + routed zero/3 random states,"[1, 2]",3,3,0,3,3,0,2.133198e-06,2.133198e-06,0.0,tie,tie
49f9e42949fe44e9cacc4cb550ad5cc71ba965632af7f9c8a4fd8e3384156438_synthetic_ring_6q_transpiler_29,2,1.5,0.2,3,reversed,49f9e42949fe44e9cacc4cb550ad5cc71ba965632af7f9c8a4fd8e3384156438,eb77ef94d7f09284f2e4b0e598070c808cbfe6c61103c8d011722859d4be54fd,127,115,91,36,7,1.4285714285714286,1,1.0,1,1,6,6,2.0,3,1.8,1.0,1.0,1,prospective,synthetic_ring_6q_transpiler,ring,transpiler,SYNTHETIC_TARGET,"{""edges"": [[0, 1], [0, 5], [1, 0], [1, 2], [2, 1], [2, 3], [3, 2], [3, 4], [4, 3], [4, 5], [5, 0], [5, 4]], ""seed"": 7, ""basis"": [""id"", ""rz"", ""sx"", ""x"", ""ecr""], ""nodes"": 6}",ff4a6017b79ba46163d089d132c4bc654811d5fa5518090a9b65bf0d23d86ee8,,,identity proxy before selection when layout is transpiler,49f9e42949fe44e9cacc4cb550ad5cc71ba965632af7f9c8a4fd8e3384156438_synthetic_ring_6q_transpiler,basic,29,v0.4.0,3,3,23,2.133198e-06,-29,0.0045096800022292,True,,4.2700309096659745e-15,1e-10,logical Operator.equiv + routed zero/3 random states,"[1, 2]",3,3,0,3,3,0,2.133198e-06,2.133198e-06,0.0,tie,tie
49f9e42949fe44e9cacc4cb550ad5cc71ba965632af7f9c8a4fd8e3384156438_synthetic_ring_6q_transpiler_37,2,1.5,0.2,3,reversed,49f9e42949fe44e9cacc4cb550ad5cc71ba965632af7f9c8a4fd8e3384156438,eb77ef94d7f09284f2e4b0e598070c808cbfe6c61103c8d011722859d4be54fd,127,115,91,36,7,1.4285714285714286,1,1.0,1,1,6,6,2.0,3,1.8,1.0,1.0,1,prospective,synthetic_ring_6q_transpiler,ring,transpiler,SYNTHETIC_TARGET,"{""edges"": [[0, 1], [0, 5], [1, 0], [1, 2], [2, 1], [2, 3], [3, 2], [3, 4], [4, 3], [4, 5], [5, 0], [5, 4]], ""seed"": 7, ""basis"": [""id"", ""rz"", ""sx"", ""x"", ""ecr""], ""nodes"": 6}",ff4a6017b79ba46163d089d132c4bc654811d5fa5518090a9b65bf0d23d86ee8,,,identity proxy before selection when layout is transpiler,49f9e42949fe44e9cacc4cb550ad5cc71ba965632af7f9c8a4fd8e3384156438_synthetic_ring_6q_transpiler,basic,37,v0.4.0,3,3,23,1.39305e-06,-29,0.0044843400028184,True,,3.7735335743599086e-15,1e-10,logical Operator.equiv + routed zero/3 random states,"[1, 0]",3,3,0,3,3,0,1.39305e-06,1.39305e-06,0.0,tie,tie
49f9e42949fe44e9cacc4cb550ad5cc71ba965632af7f9c8a4fd8e3384156438_synthetic_ring_6q_transpiler_47,2,1.5,0.2,3,reversed,49f9e42949fe44e9cacc4cb550ad5cc71ba965632af7f9c8a4fd8e3384156438,eb77ef94d7f09284f2e4b0e598070c808cbfe6c61103c8d011722859d4be54fd,127,115,91,36,7,1.4285714285714286,1,1.0,1,1,6,6,2.0,3,1.8,1.0,1.0,1,prospective,synthetic_ring_6q_transpiler,ring,transpiler,SYNTHETIC_TARGET,"{""edges"": [[0, 1], [0, 5], [1, 0], [1, 2], [2, 1], [2, 3], [3, 2], [3, 4], [4, 3], [4, 5], [5, 0], [5, 4]], ""seed"": 7, ""basis"": [""id"", ""rz"", ""sx"", ""x"", ""ecr""], ""nodes"": 6}",ff4a6017b79ba46163d089d132c4bc654811d5fa5518090a9b65bf0d23d86ee8,,,identity proxy before selection when layout is transpiler,49f9e42949fe44e9cacc4cb550ad5cc71ba965632af7f9c8a4fd8e3384156438_synthetic_ring_6q_transpiler,basic,47,v0.4.0,3,3,23,2.133198e-06,-29,0.0045769339994876,True,,4.899153941134274e-15,1e-10,logical Operator.equiv + routed zero/3 random states,"[2, 1]",3,3,0,3,3,0,2.133198e-06,2.133198e-06,0.0,tie,tie
49f9e42949fe44e9cacc4cb550ad5cc71ba965632af7f9c8a4fd8e3384156438_synthetic_grid_6q_transpiler_11,2,1.5,0.2,3,reversed,49f9e42949fe44e9cacc4cb550ad5cc71ba965632af7f9c8a4fd8e3384156438,eb77ef94d7f09284f2e4b0e598070c808cbfe6c61103c8d011722859d4be54fd,127,115,91,36,7,1.4285714285714286,1,1.0,1,1,6,7,2.333333333333333,3,1.6666666666666667,1.0,1.0,1,prospective,synthetic_grid_6q_transpiler,grid,transpiler,SYNTHETIC_TARGET,"{""edges"": [[0, 1], [0, 3], [1, 0], [1, 2], [1, 4], [2, 1], [2, 5], [3, 0], [3, 4], [4, 1], [4, 3], [4, 5], [5, 2], [5, 4]], ""seed"": 7, ""basis"": [""id"", ""rz"", ""sx"", ""x"", ""ecr""], ""nodes"": 6}",1dc9d7c7422ee8d9e756c16f45c753640fd9bb0d83eb6013019055e1f800f374,,,identity proxy before selection when layout is transpiler,49f9e42949fe44e9cacc4cb550ad5cc71ba965632af7f9c8a4fd8e3384156438_synthetic_grid_6q_transpiler,basic,11,v0.4.0,3,3,23,2.2977e-06,-29,0.004835160994844,True,,3.495109218788357e-15,1e-10,logical Operator.equiv + routed zero/3 random states,"[2, 5]",3,3,0,3,3,0,2.2977e-06,2.2977e-06,0.0,tie,tie
49f9e42949fe44e9cacc4cb550ad5cc71ba965632af7f9c8a4fd8e3384156438_synthetic_grid_6q_transpiler_19,2,1.5,0.2,3,reversed,49f9e42949fe44e9cacc4cb550ad5cc71ba965632af7f9c8a4fd8e3384156438,eb77ef94d7f09284f2e4b0e598070c808cbfe6c61103c8d011722859d4be54fd,127,115,91,36,7,1.4285714285714286,1,1.0,1,1,6,7,2.333333333333333,3,1.6666666666666667,1.0,1.0,1,prospective,synthetic_grid_6q_transpiler,grid,transpiler,SYNTHETIC_TARGET,"{""edges"": [[0, 1], [0, 3], [1, 0], [1, 2], [1, 4], [2, 1], [2, 5], [3, 0], [3, 4], [4, 1], [4, 3], [4, 5], [5, 2], [5, 4]], ""seed"": 7, ""basis"": [""id"", ""rz"", ""sx"", ""x"", ""ecr""], ""nodes"": 6}",1dc9d7c7422ee8d9e756c16f45c753640fd9bb0d83eb6013019055e1f800f374,,,identity proxy before selection when layout is transpiler,49f9e42949fe44e9cacc4cb550ad5cc71ba965632af7f9c8a4fd8e3384156438_synthetic_grid_6q_transpiler,basic,19,v0.4.0,3,3,23,1.762014e-06,-29,0.0052079679953749,True,,4.2700309096659745e-15,1e-10,logical Operator.equiv + routed zero/3 random states,"[1, 4]",3,3,0,3,3,0,1.762014e-06,1.762014e-06,0.0,tie,tie
49f9e42949fe44e9cacc4cb550ad5cc71ba965632af7f9c8a4fd8e3384156438_synthetic_grid_6q_transpiler_29,2,1.5,0.2,3,reversed,49f9e42949fe44e9cacc4cb550ad5cc71ba965632af7f9c8a4fd8e3384156438,eb77ef94d7f09284f2e4b0e598070c808cbfe6c61103c8d011722859d4be54fd,127,115,91,36,7,1.4285714285714286,1,1.0,1,1,6,7,2.333333333333333,3,1.6666666666666667,1.0,1.0,1,prospective,synthetic_grid_6q_transpiler,grid,transpiler,SYNTHETIC_TARGET,"{""edges"": [[0, 1], [0, 3], [1, 0], [1, 2], [1, 4], [2, 1], [2, 5], [3, 0], [3, 4], [4, 1], [4, 3], [4, 5], [5, 2], [5, 4]], ""seed"": 7, ""basis"": [""id"", ""rz"", ""sx"", ""x"", ""ecr""], ""nodes"": 6}",1dc9d7c7422ee8d9e756c16f45c753640fd9bb0d83eb6013019055e1f800f374,,,identity proxy before selection when layout is transpiler,49f9e42949fe44e9cacc4cb550ad5cc71ba965632af7f9c8a4fd8e3384156438_synthetic_grid_6q_transpiler,basic,29,v0.4.0,3,3,23,1.63503e-06,-29,0.0043617349947453,True,,5.097683802142159e-15,1e-10,logical Operator.equiv + routed zero/3 random states,"[1, 2]",3,3,0,3,3,0,1.63503e-06,1.63503e-06,0.0,tie,tie
49f9e42949fe44e9cacc4cb550ad5cc71ba965632af7f9c8a4fd8e3384156438_synthetic_grid_6q_transpiler_37,2,1.5,0.2,3,reversed,49f9e42949fe44e9cacc4cb550ad5cc71ba965632af7f9c8a4fd8e3384156438,eb77ef94d7f09284f2e4b0e598070c808cbfe6c61103c8d011722859d4be54fd,127,115,91,36,7,1.4285714285714286,1,1.0,1,1,6,7,2.333333333333333,3,1.6666666666666667,1.0,1.0,1,prospective,synthetic_grid_6q_transpiler,grid,transpiler,SYNTHETIC_TARGET,"{""edges"": [[0, 1], [0, 3], [1, 0], [1, 2], [1, 4], [2, 1], [2, 5], [3, 0], [3, 4], [4, 1], [4, 3], [4, 5], [5, 2], [5, 4]], ""seed"": 7, ""basis"": [""id"", ""rz"", ""sx"", ""x"", ""ecr""], ""nodes"": 6}",1dc9d7c7422ee8d9e756c16f45c753640fd9bb0d83eb6013019055e1f800f374,,,identity proxy before selection when layout is transpiler,49f9e42949fe44e9cacc4cb550ad5cc71ba965632af7f9c8a4fd8e3384156438_synthetic_grid_6q_transpiler,basic,37,v0.4.0,3,3,23,2.2977e-06,-29,0.0049989960025413,True,,3.495109218788357e-15,1e-10,logical Operator.equiv + routed zero/3 random states,"[2, 5]",3,3,0,3,3,0,2.2977e-06,2.2977e-06,0.0,tie,tie
49f9e42949fe44e9cacc4cb550ad5cc71ba965632af7f9c8a4fd8e3384156438_synthetic_grid_6q_transpiler_47,2,1.5,0.2,3,reversed,49f9e42949fe44e9cacc4cb550ad5cc71ba965632af7f9c8a4fd8e3384156438,eb77ef94d7f09284f2e4b0e598070c808cbfe6c61103c8d011722859d4be54fd,127,115,91,36,7,1.4285714285714286,1,1.0,1,1,6,7,2.333333333333333,3,1.6666666666666667,1.0,1.0,1,prospective,synthetic_grid_6q_transpiler,grid,transpiler,SYNTHETIC_TARGET,"{""edges"": [[0, 1], [0, 3], [1, 0], [1, 2], [1, 4], [2, 1], [2, 5], [3, 0], [3, 4], [4, 1], [4, 3], [4, 5], [5, 2], [5, 4]], ""seed"": 7, ""basis"": [""id"", ""rz"", ""sx"", ""x"", ""ecr""], ""nodes"": 6}",1dc9d7c7422ee8d9e756c16f45c753640fd9bb0d83eb6013019055e1f800f374,,,identity proxy before selection when layout is transpiler,49f9e42949fe44e9cacc4cb550ad5cc71ba965632af7f9c8a4fd8e3384156438_synthetic_grid_6q_transpiler,basic,47,v0.4.0,3,3,23,2.087022e-06,-29,0.0048132000010809,True,,3.326966272203901e-15,1e-10,logical Operator.equiv + routed zero/3 random states,"[0, 1]",3,3,0,3,3,0,2.087022e-06,2.087022e-06,0.0,tie,tie
49f9e42949fe44e9cacc4cb550ad5cc71ba965632af7f9c8a4fd8e3384156438_synthetic_heavy_hex_like_7q_transpiler_11,2,1.5,0.2,3,reversed,49f9e42949fe44e9cacc4cb550ad5cc71ba965632af7f9c8a4fd8e3384156438,eb77ef94d7f09284f2e4b0e598070c808cbfe6c61103c8d011722859d4be54fd,127,115,91,36,7,1.4285714285714286,1,1.0,1,1,7,7,2.0,5,2.2857142857142856,1.0,1.0,1,prospective,synthetic_heavy_hex_like_7q_transpiler,heavy_hex_like,transpiler,SYNTHETIC_TARGET,"{""edges"": [[0, 1], [0, 3], [1, 0], [1, 2], [2, 1], [2, 3], [3, 0], [3, 2], [3, 4], [4, 3], [4, 5], [5, 4], [5, 6], [6, 5]], ""seed"": 7, ""basis"": [""id"", ""rz"", ""sx"", ""x"", ""ecr""], ""nodes"": 7}",a56c42c5929ac738475a61ad56ac38f9ce297f29f090779c0473725bc68476b5,,,identity proxy before selection when layout is transpiler,49f9e42949fe44e9cacc4cb550ad5cc71ba965632af7f9c8a4fd8e3384156438_synthetic_heavy_hex_like_7q_transpiler,basic,11,v0.4.0,3,3,23,1.126206e-06,-29,0.0047670639978605,True,,5.094943980303309e-15,1e-10,logical Operator.equiv + routed zero/3 random states,"[4, 5]",3,3,0,3,3,0,1.126206e-06,1.126206e-06,0.0,tie,tie
49f9e42949fe44e9cacc4cb550ad5cc71ba965632af7f9c8a4fd8e3384156438_synthetic_heavy_hex_like_7q_transpiler_19,2,1.5,0.2,3,reversed,49f9e42949fe44e9cacc4cb550ad5cc71ba965632af7f9c8a4fd8e3384156438,eb77ef94d7f09284f2e4b0e598070c808cbfe6c61103c8d011722859d4be54fd,127,115,91,36,7,1.4285714285714286,1,1.0,1,1,7,7,2.0,5,2.2857142857142856,1.0,1.0,1,prospective,synthetic_heavy_hex_like_7q_transpiler,heavy_hex_like,transpiler,SYNTHETIC_TARGET,"{""edges"": [[0, 1], [0, 3], [1, 0], [1, 2], [2, 1], [2, 3], [3, 0], [3, 2], [3, 4], [4, 3], [4, 5], [5, 4], [5, 6], [6, 5]], ""seed"": 7, ""basis"": [""id"", ""rz"", ""sx"", ""x"", ""ecr""], ""nodes"": 7}",a56c42c5929ac738475a61ad56ac38f9ce297f29f090779c0473725bc68476b5,,,identity proxy before selection when layout is transpiler,49f9e42949fe44e9cacc4cb550ad5cc71ba965632af7f9c8a4fd8e3384156438_synthetic_heavy_hex_like_7q_transpiler,basic,19,v0.4.0,3,3,23,1.126206e-06,-29,0.0077898899980937,True,,4.082240392577816e-15,1e-10,logical Operator.equiv + routed zero/3 random states,"[5, 4]",3,3,0,3,3,0,1.126206e-06,1.126206e-06,0.0,tie,tie
49f9e42949fe44e9cacc4cb550ad5cc71ba965632af7f9c8a4fd8e3384156438_synthetic_heavy_hex_like_7q_transpiler_29,2,1.5,0.2,3,reversed,49f9e42949fe44e9cacc4cb550ad5cc71ba965632af7f9c8a4fd8e3384156438,eb77ef94d7f09284f2e4b0e598070c808cbfe6c61103c8d011722859d4be54fd,127,115,91,36,7,1.4285714285714286,1,1.0,1,1,7,7,2.0,5,2.2857142857142856,1.0,1.0,1,prospective,synthetic_heavy_hex_like_7q_transpiler,heavy_hex_like,transpiler,SYNTHETIC_TARGET,"{""edges"": [[0, 1], [0, 3], [1, 0], [1, 2], [2, 1], [2, 3], [3, 0], [3, 2], [3, 4], [4, 3], [4, 5], [5, 4], [5, 6], [6, 5]], ""seed"": 7, ""basis"": [""id"", ""rz"", ""sx"", ""x"", ""ecr""], ""nodes"": 7}",a56c42c5929ac738475a61ad56ac38f9ce297f29f090779c0473725bc68476b5,,,identity proxy before selection when layout is transpiler,49f9e42949fe44e9cacc4cb550ad5cc71ba965632af7f9c8a4fd8e3384156438_synthetic_heavy_hex_like_7q_transpiler,basic,29,v0.4.0,3,3,23,1.0456200000000003e-06,-29,0.0046016810010769,True,,3.495109218788357e-15,1e-10,logical Operator.equiv + routed zero/3 random states,"[1, 2]",3,3,0,3,3,0,1.0456200000000003e-06,1.0456200000000003e-06,0.0,tie,tie
49f9e42949fe44e9cacc4cb550ad5cc71ba965632af7f9c8a4fd8e3384156438_synthetic_heavy_hex_like_7q_transpiler_37,2,1.5,0.2,3,reversed,49f9e42949fe44e9cacc4cb550ad5cc71ba965632af7f9c8a4fd8e3384156438,eb77ef94d7f09284f2e4b0e598070c808cbfe6c61103c8d011722859d4be54fd,127,115,91,36,7,1.4285714285714286,1,1.0,1,1,7,7,2.0,5,2.2857142857142856,1.0,1.0,1,prospective,synthetic_heavy_hex_like_7q_transpiler,heavy_hex_like,transpiler,SYNTHETIC_TARGET,"{""edges"": [[0, 1], [0, 3], [1, 0], [1, 2], [2, 1], [2, 3], [3, 0], [3, 2], [3, 4], [4, 3], [4, 5], [5, 4], [5, 6], [6, 5]], ""seed"": 7, ""basis"": [""id"", ""rz"", ""sx"", ""x"", ""ecr""], ""nodes"": 7}",a56c42c5929ac738475a61ad56ac38f9ce297f29f090779c0473725bc68476b5,,,identity proxy before selection when layout is transpiler,49f9e42949fe44e9cacc4cb550ad5cc71ba965632af7f9c8a4fd8e3384156438_synthetic_heavy_hex_like_7q_transpiler,basic,37,v0.4.0,3,3,23,1.0485060000000002e-06,-29,0.0049159729969687,True,,3.495109218788357e-15,1e-10,logical Operator.equiv + routed zero/3 random states,"[3, 4]",3,3,0,3,3,0,1.0485060000000002e-06,1.0485060000000002e-06,0.0,tie,tie
49f9e42949fe44e9cacc4cb550ad5cc71ba965632af7f9c8a4fd8e3384156438_synthetic_heavy_hex_like_7q_transpiler_47,2,1.5,0.2,3,reversed,49f9e42949fe44e9cacc4cb550ad5cc71ba965632af7f9c8a4fd8e3384156438,eb77ef94d7f09284f2e4b0e598070c808cbfe6c61103c8d011722859d4be54fd,127,115,91,36,7,1.4285714285714286,1,1.0,1,1,7,7,2.0,5,2.2857142857142856,1.0,1.0,1,prospective,synthetic_heavy_hex_like_7q_transpiler,heavy_hex_like,transpiler,SYNTHETIC_TARGET,"{""edges"": [[0, 1], [0, 3], [1, 0], [1, 2], [2, 1], [2, 3], [3, 0], [3, 2], [3, 4], [4, 3], [4, 5], [5, 4], [5, 6], [6, 5]], ""seed"": 7, ""basis"": [""id"", ""rz"", ""sx"", ""x"", ""ecr""], ""nodes"": 7}",a56c42c5929ac738475a61ad56ac38f9ce297f29f090779c0473725bc68476b5,,,identity proxy before selection when layout is transpiler,49f9e42949fe44e9cacc4cb550ad5cc71ba965632af7f9c8a4fd8e3384156438_synthetic_heavy_hex_like_7q_transpiler,basic,47,v0.4.0,3,3,23,1.2802740000000002e-06,-29,0.0045633390036528,True,,4.082240392577816e-15,1e-10,logical Operator.equiv + routed zero/3 random states,"[3, 0]",3,3,0,3,3,0,1.2802740000000002e-06,1.2802740000000002e-06,0.0,tie,tie
49f9e42949fe44e9cacc4cb550ad5cc71ba965632af7f9c8a4fd8e3384156438_synthetic_irregular_7q_favorable_11,2,1.5,0.2,3,reversed,49f9e42949fe44e9cacc4cb550ad5cc71ba965632af7f9c8a4fd8e3384156438,eb77ef94d7f09284f2e4b0e598070c808cbfe6c61103c8d011722859d4be54fd,127,115,91,36,7,1.4285714285714286,1,1.0,1,1,7,8,2.2857142857142856,3,1.809523809523809,1.0,1.0,1,prospective,synthetic_irregular_7q_favorable,irregular,favorable,SYNTHETIC_TARGET,"{""edges"": [[0, 1], [0, 3], [1, 0], [1, 2], [2, 1], [2, 3], [2, 6], [3, 0], [3, 2], [3, 4], [4, 3], [4, 5], [5, 4], [5, 6], [6, 2], [6, 5]], ""seed"": 7, ""basis"": [""id"", ""rz"", ""sx"", ""x"", ""ecr""], ""nodes"": 7}",c8b003a1553d070cddc2acc63823ce20487791b575f8614922ec632ce2dbf9e1,"[0, 1]",,identity proxy before selection when layout is transpiler,49f9e42949fe44e9cacc4cb550ad5cc71ba965632af7f9c8a4fd8e3384156438_synthetic_irregular_7q_favorable,basic,11,v0.4.0,3,3,23,7.652340000000001e-07,-29,0.0043806100002257,True,,4.2700309096659745e-15,1e-10,logical Operator.equiv + routed zero/3 random states,"[0, 1]",3,3,0,3,3,0,7.652340000000001e-07,7.652340000000001e-07,0.0,tie,tie
49f9e42949fe44e9cacc4cb550ad5cc71ba965632af7f9c8a4fd8e3384156438_synthetic_irregular_7q_favorable_19,2,1.5,0.2,3,reversed,49f9e42949fe44e9cacc4cb550ad5cc71ba965632af7f9c8a4fd8e3384156438,eb77ef94d7f09284f2e4b0e598070c808cbfe6c61103c8d011722859d4be54fd,127,115,91,36,7,1.4285714285714286,1,1.0,1,1,7,8,2.2857142857142856,3,1.809523809523809,1.0,1.0,1,prospective,synthetic_irregular_7q_favorable,irregular,favorable,SYNTHETIC_TARGET,"{""edges"": [[0, 1], [0, 3], [1, 0], [1, 2], [2, 1], [2, 3], [2, 6], [3, 0], [3, 2], [3, 4], [4, 3], [4, 5], [5, 4], [5, 6], [6, 2], [6, 5]], ""seed"": 7, ""basis"": [""id"", ""rz"", ""sx"", ""x"", ""ecr""], ""nodes"": 7}",c8b003a1553d070cddc2acc63823ce20487791b575f8614922ec632ce2dbf9e1,"[0, 1]",,identity proxy before selection when layout is transpiler,49f9e42949fe44e9cacc4cb550ad5cc71ba965632af7f9c8a4fd8e3384156438_synthetic_irregular_7q_favorable,basic,19,v0.4.0,3,3,23,7.652340000000001e-07,-29,0.0043342700009816,True,,4.2700309096659745e-15,1e-10,logical Operator.equiv + routed zero/3 random states,"[0, 1]",3,3,0,3,3,0,7.652340000000001e-07,7.652340000000001e-07,0.0,tie,tie
49f9e42949fe44e9cacc4cb550ad5cc71ba965632af7f9c8a4fd8e3384156438_synthetic_irregular_7q_favorable_29,2,1.5,0.2,3,reversed,49f9e42949fe44e9cacc4cb550ad5cc71ba965632af7f9c8a4fd8e3384156438,eb77ef94d7f09284f2e4b0e598070c808cbfe6c61103c8d011722859d4be54fd,127,115,91,36,7,1.4285714285714286,1,1.0,1,1,7,8,2.2857142857142856,3,1.809523809523809,1.0,1.0,1,prospective,synthetic_irregular_7q_favorable,irregular,favorable,SYNTHETIC_TARGET,"{""edges"": [[0, 1], [0, 3], [1, 0], [1, 2], [2, 1], [2, 3], [2, 6], [3, 0], [3, 2], [3, 4], [4, 3], [4, 5], [5, 4], [5, 6], [6, 2], [6, 5]], ""seed"": 7, ""basis"": [""id"", ""rz"", ""sx"", ""x"", ""ecr""], ""nodes"": 7}",c8b003a1553d070cddc2acc63823ce20487791b575f8614922ec632ce2dbf9e1,"[0, 1]",,identity proxy before selection when layout is transpiler,49f9e42949fe44e9cacc4cb550ad5cc71ba965632af7f9c8a4fd8e3384156438_synthetic_irregular_7q_favorable,basic,29,v0.4.0,3,3,23,7.652340000000001e-07,-29,0.0042568139979266,True,,4.2700309096659745e-15,1e-10,logical Operator.equiv + routed zero/3 random states,"[0, 1]",3,3,0,3,3,0,7.652340000000001e-07,7.652340000000001e-07,0.0,tie,tie
49f9e42949fe44e9cacc4cb550ad5cc71ba965632af7f9c8a4fd8e3384156438_synthetic_irregular_7q_favorable_37,2,1.5,0.2,3,reversed,49f9e42949fe44e9cacc4cb550ad5cc71ba965632af7f9c8a4fd8e3384156438,eb77ef94d7f09284f2e4b0e598070c808cbfe6c61103c8d011722859d4be54fd,127,115,91,36,7,1.4285714285714286,1,1.0,1,1,7,8,2.2857142857142856,3,1.809523809523809,1.0,1.0,1,prospective,synthetic_irregular_7q_favorable,irregular,favorable,SYNTHETIC_TARGET,"{""edges"": [[0, 1], [0, 3], [1, 0], [1, 2], [2, 1], [2, 3], [2, 6], [3, 0], [3, 2], [3, 4], [4, 3], [4, 5], [5, 4], [5, 6], [6, 2], [6, 5]], ""seed"": 7, ""basis"": [""id"", ""rz"", ""sx"", ""x"", ""ecr""], ""nodes"": 7}",c8b003a1553d070cddc2acc63823ce20487791b575f8614922ec632ce2dbf9e1,"[0, 1]",,identity proxy before selection when layout is transpiler,49f9e42949fe44e9cacc4cb550ad5cc71ba965632af7f9c8a4fd8e3384156438_synthetic_irregular_7q_favorable,basic,37,v0.4.0,3,3,23,7.652340000000001e-07,-29,0.0043791069983853,True,,4.2700309096659745e-15,1e-10,logical Operator.equiv + routed zero/3 random states,"[0, 1]",3,3,0,3,3,0,7.652340000000001e-07,7.652340000000001e-07,0.0,tie,tie
49f9e42949fe44e9cacc4cb550ad5cc71ba965632af7f9c8a4fd8e3384156438_synthetic_irregular_7q_favorable_47,2,1.5,0.2,3,reversed,49f9e42949fe44e9cacc4cb550ad5cc71ba965632af7f9c8a4fd8e3384156438,eb77ef94d7f09284f2e4b0e598070c808cbfe6c61103c8d011722859d4be54fd,127,115,91,36,7,1.4285714285714286,1,1.0,1,1,7,8,2.2857142857142856,3,1.809523809523809,1.0,1.0,1,prospective,synthetic_irregular_7q_favorable,irregular,favorable,SYNTHETIC_TARGET,"{""edges"": [[0, 1], [0, 3], [1, 0], [1, 2], [2, 1], [2, 3], [2, 6], [3, 0], [3, 2], [3, 4], [4, 3], [4, 5], [5, 4], [5, 6], [6, 2], [6, 5]], ""seed"": 7, ""basis"": [""id"", ""rz"", ""sx"", ""x"", ""ecr""], ""nodes"": 7}",c8b003a1553d070cddc2acc63823ce20487791b575f8614922ec632ce2dbf9e1,"[0, 1]",,identity proxy before selection when layout is transpiler,49f9e42949fe44e9cacc4cb550ad5cc71ba965632af7f9c8a4fd8e3384156438_synthetic_irregular_7q_favorable,basic,47,v0.4.0,3,3,23,7.652340000000001e-07,-29,0.0045280560007086,True,,4.2700309096659745e-15,1e-10,logical Operator.equiv + routed zero/3 random states,"[0, 1]",3,3,0,3,3,0,7.652340000000001e-07,7.652340000000001e-07,0.0,tie,tie
49f9e42949fe44e9cacc4cb550ad5cc71ba965632af7f9c8a4fd8e3384156438_synthetic_irregular_7q_spread_11,2,1.5,0.2,3,reversed,49f9e42949fe44e9cacc4cb550ad5cc71ba965632af7f9c8a4fd8e3384156438,eb77ef94d7f09284f2e4b0e598070c808cbfe6c61103c8d011722859d4be54fd,127,115,91,36,7,1.4285714285714286,1,1.0,1,1,7,8,2.2857142857142856,3,1.809523809523809,3.0,3.0,1,prospective,synthetic_irregular_7q_spread,irregular,spread,SYNTHETIC_TARGET,"{""edges"": [[0, 1], [0, 3], [1, 0], [1, 2], [2, 1], [2, 3], [2, 6], [3, 0], [3, 2], [3, 4], [4, 3], [4, 5], [5, 4], [5, 6], [6, 2], [6, 5]], ""seed"": 7, ""basis"": [""id"", ""rz"", ""sx"", ""x"", ""ecr""], ""nodes"": 7}",c8b003a1553d070cddc2acc63823ce20487791b575f8614922ec632ce2dbf9e1,"[0, 5]",,identity proxy before selection when layout is transpiler,49f9e42949fe44e9cacc4cb550ad5cc71ba965632af7f9c8a4fd8e3384156438_synthetic_irregular_7q_spread,basic,11,v0.4.0,9,6,40,2.6300340000000003e-06,-23,0.0058710700031952,True,,3.674234415245817e-15,1e-10,logical Operator.equiv + routed zero/3 random states,"[3, 4]",9,9,0,6,6,0,2.6300340000000003e-06,2.6300340000000003e-06,0.0,tie,tie
49f9e42949fe44e9cacc4cb550ad5cc71ba965632af7f9c8a4fd8e3384156438_synthetic_irregular_7q_spread_19,2,1.5,0.2,3,reversed,49f9e42949fe44e9cacc4cb550ad5cc71ba965632af7f9c8a4fd8e3384156438,eb77ef94d7f09284f2e4b0e598070c808cbfe6c61103c8d011722859d4be54fd,127,115,91,36,7,1.4285714285714286,1,1.0,1,1,7,8,2.2857142857142856,3,1.809523809523809,3.0,3.0,1,prospective,synthetic_irregular_7q_spread,irregular,spread,SYNTHETIC_TARGET,"{""edges"": [[0, 1], [0, 3], [1, 0], [1, 2], [2, 1], [2, 3], [2, 6], [3, 0], [3, 2], [3, 4], [4, 3], [4, 5], [5, 4], [5, 6], [6, 2], [6, 5]], ""seed"": 7, ""basis"": [""id"", ""rz"", ""sx"", ""x"", ""ecr""], ""nodes"": 7}",c8b003a1553d070cddc2acc63823ce20487791b575f8614922ec632ce2dbf9e1,"[0, 5]",,identity proxy before selection when layout is transpiler,49f9e42949fe44e9cacc4cb550ad5cc71ba965632af7f9c8a4fd8e3384156438_synthetic_irregular_7q_spread,basic,19,v0.4.0,9,6,40,2.6300340000000003e-06,-23,0.005643869000778,True,,3.674234415245817e-15,1e-10,logical Operator.equiv + routed zero/3 random states,"[3, 4]",9,9,0,6,6,0,2.6300340000000003e-06,2.6300340000000003e-06,0.0,tie,tie
49f9e42949fe44e9cacc4cb550ad5cc71ba965632af7f9c8a4fd8e3384156438_synthetic_irregular_7q_spread_29,2,1.5,0.2,3,reversed,49f9e42949fe44e9cacc4cb550ad5cc71ba965632af7f9c8a4fd8e3384156438,eb77ef94d7f09284f2e4b0e598070c808cbfe6c61103c8d011722859d4be54fd,127,115,91,36,7,1.4285714285714286,1,1.0,1,1,7,8,2.2857142857142856,3,1.809523809523809,3.0,3.0,1,prospective,synthetic_irregular_7q_spread,irregular,spread,SYNTHETIC_TARGET,"{""edges"": [[0, 1], [0, 3], [1, 0], [1, 2], [2, 1], [2, 3], [2, 6], [3, 0], [3, 2], [3, 4], [4, 3], [4, 5], [5, 4], [5, 6], [6, 2], [6, 5]], ""seed"": 7, ""basis"": [""id"", ""rz"", ""sx"", ""x"", ""ecr""], ""nodes"": 7}",c8b003a1553d070cddc2acc63823ce20487791b575f8614922ec632ce2dbf9e1,"[0, 5]",,identity proxy before selection when layout is transpiler,49f9e42949fe44e9cacc4cb550ad5cc71ba965632af7f9c8a4fd8e3384156438_synthetic_irregular_7q_spread,basic,29,v0.4.0,9,6,40,2.6300340000000003e-06,-23,0.0053139750016271,True,,3.674234415245817e-15,1e-10,logical Operator.equiv + routed zero/3 random states,"[3, 4]",9,9,0,6,6,0,2.6300340000000003e-06,2.6300340000000003e-06,0.0,tie,tie
49f9e42949fe44e9cacc4cb550ad5cc71ba965632af7f9c8a4fd8e3384156438_synthetic_irregular_7q_spread_37,2,1.5,0.2,3,reversed,49f9e42949fe44e9cacc4cb550ad5cc71ba965632af7f9c8a4fd8e3384156438,eb77ef94d7f09284f2e4b0e598070c808cbfe6c61103c8d011722859d4be54fd,127,115,91,36,7,1.4285714285714286,1,1.0,1,1,7,8,2.2857142857142856,3,1.809523809523809,3.0,3.0,1,prospective,synthetic_irregular_7q_spread,irregular,spread,SYNTHETIC_TARGET,"{""edges"": [[0, 1], [0, 3], [1, 0], [1, 2], [2, 1], [2, 3], [2, 6], [3, 0], [3, 2], [3, 4], [4, 3], [4, 5], [5, 4], [5, 6], [6, 2], [6, 5]], ""seed"": 7, ""basis"": [""id"", ""rz"", ""sx"", ""x"", ""ecr""], ""nodes"": 7}",c8b003a1553d070cddc2acc63823ce20487791b575f8614922ec632ce2dbf9e1,"[0, 5]",,identity proxy before selection when layout is transpiler,49f9e42949fe44e9cacc4cb550ad5cc71ba965632af7f9c8a4fd8e3384156438_synthetic_irregular_7q_spread,basic,37,v0.4.0,9,6,40,2.6300340000000003e-06,-23,0.0048761770012788,True,,3.674234415245817e-15,1e-10,logical Operator.equiv + routed zero/3 random states,"[3, 4]",9,9,0,6,6,0,2.6300340000000003e-06,2.6300340000000003e-06,0.0,tie,tie
49f9e42949fe44e9cacc4cb550ad5cc71ba965632af7f9c8a4fd8e3384156438_synthetic_irregular_7q_spread_47,2,1.5,0.2,3,reversed,49f9e42949fe44e9cacc4cb550ad5cc71ba965632af7f9c8a4fd8e3384156438,eb77ef94d7f09284f2e4b0e598070c808cbfe6c61103c8d011722859d4be54fd,127,115,91,36,7,1.4285714285714286,1,1.0,1,1,7,8,2.2857142857142856,3,1.809523809523809,3.0,3.0,1,prospective,synthetic_irregular_7q_spread,irregular,spread,SYNTHETIC_TARGET,"{""edges"": [[0, 1], [0, 3], [1, 0], [1, 2], [2, 1], [2, 3], [2, 6], [3, 0], [3, 2], [3, 4], [4, 3], [4, 5], [5, 4], [5, 6], [6, 2], [6, 5]], ""seed"": 7, ""basis"": [""id"", ""rz"", ""sx"", ""x"", ""ecr""], ""nodes"": 7}",c8b003a1553d070cddc2acc63823ce20487791b575f8614922ec632ce2dbf9e1,"[0, 5]",,identity proxy before selection when layout is transpiler,49f9e42949fe44e9cacc4cb550ad5cc71ba965632af7f9c8a4fd8e3384156438_synthetic_irregular_7q_spread,basic,47,v0.4.0,9,6,40,2.6300340000000003e-06,-23,0.0049145159937324,True,,3.674234415245817e-15,1e-10,logical Operator.equiv + routed zero/3 random states,"[3, 4]",9,9,0,6,6,0,2.6300340000000003e-06,2.6300340000000003e-06,0.0,tie,tie
6a9ea95959ada3b9eb58a4396c3fc46af54caed318314ad360db449a01f90c66_synthetic_line_6q_favorable_11,2,1.5,0.2,3,symmetry,6a9ea95959ada3b9eb58a4396c3fc46af54caed318314ad360db449a01f90c66,ca6de5a0c9a094b786fcd8825347e1818fed49cb0f89a759cd0593c9592c8756,127,97,91,36,7,1.4285714285714286,1,1.0,1,1,6,5,1.6666666666666667,5,2.333333333333333,1.0,1.0,1,prospective,synthetic_line_6q_favorable,line,favorable,SYNTHETIC_TARGET,"{""edges"": [[0, 1], [1, 0], [1, 2], [2, 1], [2, 3], [3, 2], [3, 4], [4, 3], [4, 5], [5, 4]], ""seed"": 7, ""basis"": [""id"", ""rz"", ""sx"", ""x"", ""ecr""], ""nodes"": 6}",ccfecec17e274607ed29176fa4c2a758de445cb0e2e85ddcc1bbcb36bd80dcb3,"[0, 1]",,identity proxy before selection when layout is transpiler,6a9ea95959ada3b9eb58a4396c3fc46af54caed318314ad360db449a01f90c66_synthetic_line_6q_favorable,basic,11,v0.4.0,3,3,23,1.39305e-06,-27,0.0042862629998126,True,,4.094511884571402e-15,1e-10,logical Operator.equiv + routed zero/3 random states,"[0, 1]",3,3,0,3,3,0,1.39305e-06,1.39305e-06,0.0,tie,tie
6a9ea95959ada3b9eb58a4396c3fc46af54caed318314ad360db449a01f90c66_synthetic_line_6q_favorable_19,2,1.5,0.2,3,symmetry,6a9ea95959ada3b9eb58a4396c3fc46af54caed318314ad360db449a01f90c66,ca6de5a0c9a094b786fcd8825347e1818fed49cb0f89a759cd0593c9592c8756,127,97,91,36,7,1.4285714285714286,1,1.0,1,1,6,5,1.6666666666666667,5,2.333333333333333,1.0,1.0,1,prospective,synthetic_line_6q_favorable,line,favorable,SYNTHETIC_TARGET,"{""edges"": [[0, 1], [1, 0], [1, 2], [2, 1], [2, 3], [3, 2], [3, 4], [4, 3], [4, 5], [5, 4]], ""seed"": 7, ""basis"": [""id"", ""rz"", ""sx"", ""x"", ""ecr""], ""nodes"": 6}",ccfecec17e274607ed29176fa4c2a758de445cb0e2e85ddcc1bbcb36bd80dcb3,"[0, 1]",,identity proxy before selection when layout is transpiler,6a9ea95959ada3b9eb58a4396c3fc46af54caed318314ad360db449a01f90c66_synthetic_line_6q_favorable,basic,19,v0.4.0,3,3,23,1.39305e-06,-27,0.0062517080004909,True,,4.094511884571402e-15,1e-10,logical Operator.equiv + routed zero/3 random states,"[0, 1]",3,3,0,3,3,0,1.39305e-06,1.39305e-06,0.0,tie,tie
6a9ea95959ada3b9eb58a4396c3fc46af54caed318314ad360db449a01f90c66_synthetic_line_6q_favorable_29,2,1.5,0.2,3,symmetry,6a9ea95959ada3b9eb58a4396c3fc46af54caed318314ad360db449a01f90c66,ca6de5a0c9a094b786fcd8825347e1818fed49cb0f89a759cd0593c9592c8756,127,97,91,36,7,1.4285714285714286,1,1.0,1,1,6,5,1.6666666666666667,5,2.333333333333333,1.0,1.0,1,prospective,synthetic_line_6q_favorable,line,favorable,SYNTHETIC_TARGET,"{""edges"": [[0, 1], [1, 0], [1, 2], [2, 1], [2, 3], [3, 2], [3, 4], [4, 3], [4, 5], [5, 4]], ""seed"": 7, ""basis"": [""id"", ""rz"", ""sx"", ""x"", ""ecr""], ""nodes"": 6}",ccfecec17e274607ed29176fa4c2a758de445cb0e2e85ddcc1bbcb36bd80dcb3,"[0, 1]",,identity proxy before selection when layout is transpiler,6a9ea95959ada3b9eb58a4396c3fc46af54caed318314ad360db449a01f90c66_synthetic_line_6q_favorable,basic,29,v0.4.0,3,3,23,1.39305e-06,-27,0.0054557799958274,True,,4.094511884571402e-15,1e-10,logical Operator.equiv + routed zero/3 random states,"[0, 1]",3,3,0,3,3,0,1.39305e-06,1.39305e-06,0.0,tie,tie
6a9ea95959ada3b9eb58a4396c3fc46af54caed318314ad360db449a01f90c66_synthetic_line_6q_favorable_37,2,1.5,0.2,3,symmetry,6a9ea95959ada3b9eb58a4396c3fc46af54caed318314ad360db449a01f90c66,ca6de5a0c9a094b786fcd8825347e1818fed49cb0f89a759cd0593c9592c8756,127,97,91,36,7,1.4285714285714286,1,1.0,1,1,6,5,1.6666666666666667,5,2.333333333333333,1.0,1.0,1,prospective,synthetic_line_6q_favorable,line,favorable,SYNTHETIC_TARGET,"{""edges"": [[0, 1], [1, 0], [1, 2], [2, 1], [2, 3], [3, 2], [3, 4], [4, 3], [4, 5], [5, 4]], ""seed"": 7, ""basis"": [""id"", ""rz"", ""sx"", ""x"", ""ecr""], ""nodes"": 6}",ccfecec17e274607ed29176fa4c2a758de445cb0e2e85ddcc1bbcb36bd80dcb3,"[0, 1]",,identity proxy before selection when layout is transpiler,6a9ea95959ada3b9eb58a4396c3fc46af54caed318314ad360db449a01f90c66_synthetic_line_6q_favorable,basic,37,v0.4.0,3,3,23,1.39305e-06,-27,0.006670517999737,True,,4.094511884571402e-15,1e-10,logical Operator.equiv + routed zero/3 random states,"[0, 1]",3,3,0,3,3,0,1.39305e-06,1.39305e-06,0.0,tie,tie
6a9ea95959ada3b9eb58a4396c3fc46af54caed318314ad360db449a01f90c66_synthetic_line_6q_favorable_47,2,1.5,0.2,3,symmetry,6a9ea95959ada3b9eb58a4396c3fc46af54caed318314ad360db449a01f90c66,ca6de5a0c9a094b786fcd8825347e1818fed49cb0f89a759cd0593c9592c8756,127,97,91,36,7,1.4285714285714286,1,1.0,1,1,6,5,1.6666666666666667,5,2.333333333333333,1.0,1.0,1,prospective,synthetic_line_6q_favorable,line,favorable,SYNTHETIC_TARGET,"{""edges"": [[0, 1], [1, 0], [1, 2], [2, 1], [2, 3], [3, 2], [3, 4], [4, 3], [4, 5], [5, 4]], ""seed"": 7, ""basis"": [""id"", ""rz"", ""sx"", ""x"", ""ecr""], ""nodes"": 6}",ccfecec17e274607ed29176fa4c2a758de445cb0e2e85ddcc1bbcb36bd80dcb3,"[0, 1]",,identity proxy before selection when layout is transpiler,6a9ea95959ada3b9eb58a4396c3fc46af54caed318314ad360db449a01f90c66_synthetic_line_6q_favorable,basic,47,v0.4.0,3,3,23,1.39305e-06,-27,0.0069712460026494,True,,4.094511884571402e-15,1e-10,logical Operator.equiv + routed zero/3 random states,"[0, 1]",3,3,0,3,3,0,1.39305e-06,1.39305e-06,0.0,tie,tie
6a9ea95959ada3b9eb58a4396c3fc46af54caed318314ad360db449a01f90c66_synthetic_line_6q_spread_11,2,1.5,0.2,3,symmetry,6a9ea95959ada3b9eb58a4396c3fc46af54caed318314ad360db449a01f90c66,ca6de5a0c9a094b786fcd8825347e1818fed49cb0f89a759cd0593c9592c8756,127,97,91,36,7,1.4285714285714286,1,1.0,1,1,6,5,1.6666666666666667,5,2.333333333333333,5.0,5.0,1,prospective,synthetic_line_6q_spread,line,spread,SYNTHETIC_TARGET,"{""edges"": [[0, 1], [1, 0], [1, 2], [2, 1], [2, 3], [3, 2], [3, 4], [4, 3], [4, 5], [5, 4]], ""seed"": 7, ""basis"": [""id"", ""rz"", ""sx"", ""x"", ""ecr""], ""nodes"": 6}",ccfecec17e274607ed29176fa4c2a758de445cb0e2e85ddcc1bbcb36bd80dcb3,"[0, 5]",,identity proxy before selection when layout is transpiler,6a9ea95959ada3b9eb58a4396c3fc46af54caed318314ad360db449a01f90c66_synthetic_line_6q_spread,basic,11,v0.4.0,15,12,55,6.693744000000001e-06,-15,0.0111016809969441,True,,4.915166856007382e-15,1e-10,logical Operator.equiv + routed zero/3 random states,"[3, 4]",15,15,0,12,12,0,6.693744000000001e-06,6.693744000000001e-06,0.0,tie,tie
6a9ea95959ada3b9eb58a4396c3fc46af54caed318314ad360db449a01f90c66_synthetic_line_6q_spread_19,2,1.5,0.2,3,symmetry,6a9ea95959ada3b9eb58a4396c3fc46af54caed318314ad360db449a01f90c66,ca6de5a0c9a094b786fcd8825347e1818fed49cb0f89a759cd0593c9592c8756,127,97,91,36,7,1.4285714285714286,1,1.0,1,1,6,5,1.6666666666666667,5,2.333333333333333,5.0,5.0,1,prospective,synthetic_line_6q_spread,line,spread,SYNTHETIC_TARGET,"{""edges"": [[0, 1], [1, 0], [1, 2], [2, 1], [2, 3], [3, 2], [3, 4], [4, 3], [4, 5], [5, 4]], ""seed"": 7, ""basis"": [""id"", ""rz"", ""sx"", ""x"", ""ecr""], ""nodes"": 6}",ccfecec17e274607ed29176fa4c2a758de445cb0e2e85ddcc1bbcb36bd80dcb3,"[0, 5]",,identity proxy before selection when layout is transpiler,6a9ea95959ada3b9eb58a4396c3fc46af54caed318314ad360db449a01f90c66_synthetic_line_6q_spread,basic,19,v0.4.0,15,9,49,5.6740979999999966e-06,-15,0.0057611590018495,True,,5.4478934835383406e-15,1e-10,logical Operator.equiv + routed zero/3 random states,"[2, 3]",15,15,0,9,9,0,5.6740979999999966e-06,5.6740979999999966e-06,0.0,tie,tie
6a9ea95959ada3b9eb58a4396c3fc46af54caed318314ad360db449a01f90c66_synthetic_line_6q_spread_29,2,1.5,0.2,3,symmetry,6a9ea95959ada3b9eb58a4396c3fc46af54caed318314ad360db449a01f90c66,ca6de5a0c9a094b786fcd8825347e1818fed49cb0f89a759cd0593c9592c8756,127,97,91,36,7,1.4285714285714286,1,1.0,1,1,6,5,1.6666666666666667,5,2.333333333333333,5.0,5.0,1,prospective,synthetic_line_6q_spread,line,spread,SYNTHETIC_TARGET,"{""edges"": [[0, 1], [1, 0], [1, 2], [2, 1], [2, 3], [3, 2], [3, 4], [4, 3], [4, 5], [5, 4]], ""seed"": 7, ""basis"": [""id"", ""rz"", ""sx"", ""x"", ""ecr""], ""nodes"": 6}",ccfecec17e274607ed29176fa4c2a758de445cb0e2e85ddcc1bbcb36bd80dcb3,"[0, 5]",,identity proxy before selection when layout is transpiler,6a9ea95959ada3b9eb58a4396c3fc46af54caed318314ad360db449a01f90c66_synthetic_line_6q_spread,basic,29,v0.4.0,15,9,49,5.6740979999999966e-06,-15,0.0050766060012392,True,,5.4478934835383406e-15,1e-10,logical Operator.equiv + routed zero/3 random states,"[2, 3]",15,15,0,9,9,0,5.6740979999999966e-06,5.6740979999999966e-06,0.0,tie,tie
6a9ea95959ada3b9eb58a4396c3fc46af54caed318314ad360db449a01f90c66_synthetic_line_6q_spread_37,2,1.5,0.2,3,symmetry,6a9ea95959ada3b9eb58a4396c3fc46af54caed318314ad360db449a01f90c66,ca6de5a0c9a094b786fcd8825347e1818fed49cb0f89a759cd0593c9592c8756,127,97,91,36,7,1.4285714285714286,1,1.0,1,1,6,5,1.6666666666666667,5,2.333333333333333,5.0,5.0,1,prospective,synthetic_line_6q_spread,line,spread,SYNTHETIC_TARGET,"{""edges"": [[0, 1], [1, 0], [1, 2], [2, 1], [2, 3], [3, 2], [3, 4], [4, 3], [4, 5], [5, 4]], ""seed"": 7, ""basis"": [""id"", ""rz"", ""sx"", ""x"", ""ecr""], ""nodes"": 6}",ccfecec17e274607ed29176fa4c2a758de445cb0e2e85ddcc1bbcb36bd80dcb3,"[0, 5]",,identity proxy before selection when layout is transpiler,6a9ea95959ada3b9eb58a4396c3fc46af54caed318314ad360db449a01f90c66_synthetic_line_6q_spread,basic,37,v0.4.0,15,9,49,5.6740979999999966e-06,-15,0.0050206380037707,True,,5.4478934835383406e-15,1e-10,logical Operator.equiv + routed zero/3 random states,"[2, 3]",15,15,0,9,9,0,5.6740979999999966e-06,5.6740979999999966e-06,0.0,tie,tie
6a9ea95959ada3b9eb58a4396c3fc46af54caed318314ad360db449a01f90c66_synthetic_line_6q_spread_47,2,1.5,0.2,3,symmetry,6a9ea95959ada3b9eb58a4396c3fc46af54caed318314ad360db449a01f90c66,ca6de5a0c9a094b786fcd8825347e1818fed49cb0f89a759cd0593c9592c8756,127,97,91,36,7,1.4285714285714286,1,1.0,1,1,6,5,1.6666666666666667,5,2.333333333333333,5.0,5.0,1,prospective,synthetic_line_6q_spread,line,spread,SYNTHETIC_TARGET,"{""edges"": [[0, 1], [1, 0], [1, 2], [2, 1], [2, 3], [3, 2], [3, 4], [4, 3], [4, 5], [5, 4]], ""seed"": 7, ""basis"": [""id"", ""rz"", ""sx"", ""x"", ""ecr""], ""nodes"": 6}",ccfecec17e274607ed29176fa4c2a758de445cb0e2e85ddcc1bbcb36bd80dcb3,"[0, 5]",,identity proxy before selection when layout is transpiler,6a9ea95959ada3b9eb58a4396c3fc46af54caed318314ad360db449a01f90c66_synthetic_line_6q_spread,basic,47,v0.4.0,15,12,55,6.693744000000001e-06,-15,0.0051113680019625,True,,4.915166856007382e-15,1e-10,logical Operator.equiv + routed zero/3 random states,"[3, 4]",15,15,0,12,12,0,6.693744000000001e-06,6.693744000000001e-06,0.0,tie,tie
6a9ea95959ada3b9eb58a4396c3fc46af54caed318314ad360db449a01f90c66_synthetic_ring_6q_transpiler_11,2,1.5,0.2,3,symmetry,6a9ea95959ada3b9eb58a4396c3fc46af54caed318314ad360db449a01f90c66,ca6de5a0c9a094b786fcd8825347e1818fed49cb0f89a759cd0593c9592c8756,127,97,91,36,7,1.4285714285714286,1,1.0,1,1,6,6,2.0,3,1.8,1.0,1.0,1,prospective,synthetic_ring_6q_transpiler,ring,transpiler,SYNTHETIC_TARGET,"{""edges"": [[0, 1], [0, 5], [1, 0], [1, 2], [2, 1], [2, 3], [3, 2], [3, 4], [4, 3], [4, 5], [5, 0], [5, 4]], ""seed"": 7, ""basis"": [""id"", ""rz"", ""sx"", ""x"", ""ecr""], ""nodes"": 6}",ff4a6017b79ba46163d089d132c4bc654811d5fa5518090a9b65bf0d23d86ee8,,,identity proxy before selection when layout is transpiler,6a9ea95959ada3b9eb58a4396c3fc46af54caed318314ad360db449a01f90c66_synthetic_ring_6q_transpiler,basic,11,v0.4.0,3,3,23,1.668774e-06,-27,0.004733377994853,True,,4.103345286324977e-15,1e-10,logical Operator.equiv + routed zero/3 random states,"[3, 4]",3,3,0,3,3,0,1.668774e-06,1.668774e-06,0.0,tie,tie
6a9ea95959ada3b9eb58a4396c3fc46af54caed318314ad360db449a01f90c66_synthetic_ring_6q_transpiler_19,2,1.5,0.2,3,symmetry,6a9ea95959ada3b9eb58a4396c3fc46af54caed318314ad360db449a01f90c66,ca6de5a0c9a094b786fcd8825347e1818fed49cb0f89a759cd0593c9592c8756,127,97,91,36,7,1.4285714285714286,1,1.0,1,1,6,6,2.0,3,1.8,1.0,1.0,1,prospective,synthetic_ring_6q_transpiler,ring,transpiler,SYNTHETIC_TARGET,"{""edges"": [[0, 1], [0, 5], [1, 0], [1, 2], [2, 1], [2, 3], [3, 2], [3, 4], [4, 3], [4, 5], [5, 0], [5, 4]], ""seed"": 7, ""basis"": [""id"", ""rz"", ""sx"", ""x"", ""ecr""], ""nodes"": 6}",ff4a6017b79ba46163d089d132c4bc654811d5fa5518090a9b65bf0d23d86ee8,,,identity proxy before selection when layout is transpiler,6a9ea95959ada3b9eb58a4396c3fc46af54caed318314ad360db449a01f90c66_synthetic_ring_6q_transpiler,basic,19,v0.4.0,3,3,23,2.133198e-06,-27,0.0049981359989033,True,,5.766099757109667e-15,1e-10,logical Operator.equiv + routed zero/3 random states,"[1, 2]",3,3,0,3,3,0,2.133198e-06,2.133198e-06,0.0,tie,tie
6a9ea95959ada3b9eb58a4396c3fc46af54caed318314ad360db449a01f90c66_synthetic_ring_6q_transpiler_29,2,1.5,0.2,3,symmetry,6a9ea95959ada3b9eb58a4396c3fc46af54caed318314ad360db449a01f90c66,ca6de5a0c9a094b786fcd8825347e1818fed49cb0f89a759cd0593c9592c8756,127,97,91,36,7,1.4285714285714286,1,1.0,1,1,6,6,2.0,3,1.8,1.0,1.0,1,prospective,synthetic_ring_6q_transpiler,ring,transpiler,SYNTHETIC_TARGET,"{""edges"": [[0, 1], [0, 5], [1, 0], [1, 2], [2, 1], [2, 3], [3, 2], [3, 4], [4, 3], [4, 5], [5, 0], [5, 4]], ""seed"": 7, ""basis"": [""id"", ""rz"", ""sx"", ""x"", ""ecr""], ""nodes"": 6}",ff4a6017b79ba46163d089d132c4bc654811d5fa5518090a9b65bf0d23d86ee8,,,identity proxy before selection when layout is transpiler,6a9ea95959ada3b9eb58a4396c3fc46af54caed318314ad360db449a01f90c66_synthetic_ring_6q_transpiler,basic,29,v0.4.0,3,3,23,2.133198e-06,-27,0.0043923070043092,True,,5.766099757109667e-15,1e-10,logical Operator.equiv + routed zero/3 random states,"[1, 2]",3,3,0,3,3,0,2.133198e-06,2.133198e-06,0.0,tie,tie
6a9ea95959ada3b9eb58a4396c3fc46af54caed318314ad360db449a01f90c66_synthetic_ring_6q_transpiler_37,2,1.5,0.2,3,symmetry,6a9ea95959ada3b9eb58a4396c3fc46af54caed318314ad360db449a01f90c66,ca6de5a0c9a094b786fcd8825347e1818fed49cb0f89a759cd0593c9592c8756,127,97,91,36,7,1.4285714285714286,1,1.0,1,1,6,6,2.0,3,1.8,1.0,1.0,1,prospective,synthetic_ring_6q_transpiler,ring,transpiler,SYNTHETIC_TARGET,"{""edges"": [[0, 1], [0, 5], [1, 0], [1, 2], [2, 1], [2, 3], [3, 2], [3, 4], [4, 3], [4, 5], [5, 0], [5, 4]], ""seed"": 7, ""basis"": [""id"", ""rz"", ""sx"", ""x"", ""ecr""], ""nodes"": 6}",ff4a6017b79ba46163d089d132c4bc654811d5fa5518090a9b65bf0d23d86ee8,,,identity proxy before selection when layout is transpiler,6a9ea95959ada3b9eb58a4396c3fc46af54caed318314ad360db449a01f90c66_synthetic_ring_6q_transpiler,basic,37,v0.4.0,3,3,23,1.39305e-06,-27,0.0047451990030822,True,,4.907951813174212e-15,1e-10,logical Operator.equiv + routed zero/3 random states,"[1, 0]",3,3,0,3,3,0,1.39305e-06,1.39305e-06,0.0,tie,tie
6a9ea95959ada3b9eb58a4396c3fc46af54caed318314ad360db449a01f90c66_synthetic_ring_6q_transpiler_47,2,1.5,0.2,3,symmetry,6a9ea95959ada3b9eb58a4396c3fc46af54caed318314ad360db449a01f90c66,ca6de5a0c9a094b786fcd8825347e1818fed49cb0f89a759cd0593c9592c8756,127,97,91,36,7,1.4285714285714286,1,1.0,1,1,6,6,2.0,3,1.8,1.0,1.0,1,prospective,synthetic_ring_6q_transpiler,ring,transpiler,SYNTHETIC_TARGET,"{""edges"": [[0, 1], [0, 5], [1, 0], [1, 2], [2, 1], [2, 3], [3, 2], [3, 4], [4, 3], [4, 5], [5, 0], [5, 4]], ""seed"": 7, ""basis"": [""id"", ""rz"", ""sx"", ""x"", ""ecr""], ""nodes"": 6}",ff4a6017b79ba46163d089d132c4bc654811d5fa5518090a9b65bf0d23d86ee8,,,identity proxy before selection when layout is transpiler,6a9ea95959ada3b9eb58a4396c3fc46af54caed318314ad360db449a01f90c66_synthetic_ring_6q_transpiler,basic,47,v0.4.0,3,3,23,2.133198e-06,-27,0.0044816980007453,True,,4.997545349350386e-15,1e-10,logical Operator.equiv + routed zero/3 random states,"[2, 1]",3,3,0,3,3,0,2.133198e-06,2.133198e-06,0.0,tie,tie
6a9ea95959ada3b9eb58a4396c3fc46af54caed318314ad360db449a01f90c66_synthetic_grid_6q_transpiler_11,2,1.5,0.2,3,symmetry,6a9ea95959ada3b9eb58a4396c3fc46af54caed318314ad360db449a01f90c66,ca6de5a0c9a094b786fcd8825347e1818fed49cb0f89a759cd0593c9592c8756,127,97,91,36,7,1.4285714285714286,1,1.0,1,1,6,7,2.333333333333333,3,1.6666666666666667,1.0,1.0,1,prospective,synthetic_grid_6q_transpiler,grid,transpiler,SYNTHETIC_TARGET,"{""edges"": [[0, 1], [0, 3], [1, 0], [1, 2], [1, 4], [2, 1], [2, 5], [3, 0], [3, 4], [4, 1], [4, 3], [4, 5], [5, 2], [5, 4]], ""seed"": 7, ""basis"": [""id"", ""rz"", ""sx"", ""x"", ""ecr""], ""nodes"": 6}",1dc9d7c7422ee8d9e756c16f45c753640fd9bb0d83eb6013019055e1f800f374,,,identity proxy before selection when layout is transpiler,6a9ea95959ada3b9eb58a4396c3fc46af54caed318314ad360db449a01f90c66_synthetic_grid_6q_transpiler,basic,11,v0.4.0,3,3,23,2.2977e-06,-27,0.0051535579987103,True,,4.107825191113079e-15,1e-10,logical Operator.equiv + routed zero/3 random states,"[2, 5]",3,3,0,3,3,0,2.2977e-06,2.2977e-06,0.0,tie,tie
6a9ea95959ada3b9eb58a4396c3fc46af54caed318314ad360db449a01f90c66_synthetic_grid_6q_transpiler_19,2,1.5,0.2,3,symmetry,6a9ea95959ada3b9eb58a4396c3fc46af54caed318314ad360db449a01f90c66,ca6de5a0c9a094b786fcd8825347e1818fed49cb0f89a759cd0593c9592c8756,127,97,91,36,7,1.4285714285714286,1,1.0,1,1,6,7,2.333333333333333,3,1.6666666666666667,1.0,1.0,1,prospective,synthetic_grid_6q_transpiler,grid,transpiler,SYNTHETIC_TARGET,"{""edges"": [[0, 1], [0, 3], [1, 0], [1, 2], [1, 4], [2, 1], [2, 5], [3, 0], [3, 4], [4, 1], [4, 3], [4, 5], [5, 2], [5, 4]], ""seed"": 7, ""basis"": [""id"", ""rz"", ""sx"", ""x"", ""ecr""], ""nodes"": 6}",1dc9d7c7422ee8d9e756c16f45c753640fd9bb0d83eb6013019055e1f800f374,,,identity proxy before selection when layout is transpiler,6a9ea95959ada3b9eb58a4396c3fc46af54caed318314ad360db449a01f90c66_synthetic_grid_6q_transpiler,basic,19,v0.4.0,3,3,23,1.762014e-06,-27,0.0052430389987421,True,,5.766099757109667e-15,1e-10,logical Operator.equiv + routed zero/3 random states,"[1, 4]",3,3,0,3,3,0,1.762014e-06,1.762014e-06,0.0,tie,tie
6a9ea95959ada3b9eb58a4396c3fc46af54caed318314ad360db449a01f90c66_synthetic_grid_6q_transpiler_29,2,1.5,0.2,3,symmetry,6a9ea95959ada3b9eb58a4396c3fc46af54caed318314ad360db449a01f90c66,ca6de5a0c9a094b786fcd8825347e1818fed49cb0f89a759cd0593c9592c8756,127,97,91,36,7,1.4285714285714286,1,1.0,1,1,6,7,2.333333333333333,3,1.6666666666666667,1.0,1.0,1,prospective,synthetic_grid_6q_transpiler,grid,transpiler,SYNTHETIC_TARGET,"{""edges"": [[0, 1], [0, 3], [1, 0], [1, 2], [1, 4], [2, 1], [2, 5], [3, 0], [3, 4], [4, 1], [4, 3], [4, 5], [5, 2], [5, 4]], ""seed"": 7, ""basis"": [""id"", ""rz"", ""sx"", ""x"", ""ecr""], ""nodes"": 6}",1dc9d7c7422ee8d9e756c16f45c753640fd9bb0d83eb6013019055e1f800f374,,,identity proxy before selection when layout is transpiler,6a9ea95959ada3b9eb58a4396c3fc46af54caed318314ad360db449a01f90c66_synthetic_grid_6q_transpiler,basic,29,v0.4.0,3,3,23,1.63503e-06,-27,0.0045885180006735,True,,5.020926283894215e-15,1e-10,logical Operator.equiv + routed zero/3 random states,"[1, 2]",3,3,0,3,3,0,1.63503e-06,1.63503e-06,0.0,tie,tie
6a9ea95959ada3b9eb58a4396c3fc46af54caed318314ad360db449a01f90c66_synthetic_grid_6q_transpiler_37,2,1.5,0.2,3,symmetry,6a9ea95959ada3b9eb58a4396c3fc46af54caed318314ad360db449a01f90c66,ca6de5a0c9a094b786fcd8825347e1818fed49cb0f89a759cd0593c9592c8756,127,97,91,36,7,1.4285714285714286,1,1.0,1,1,6,7,2.333333333333333,3,1.6666666666666667,1.0,1.0,1,prospective,synthetic_grid_6q_transpiler,grid,transpiler,SYNTHETIC_TARGET,"{""edges"": [[0, 1], [0, 3], [1, 0], [1, 2], [1, 4], [2, 1], [2, 5], [3, 0], [3, 4], [4, 1], [4, 3], [4, 5], [5, 2], [5, 4]], ""seed"": 7, ""basis"": [""id"", ""rz"", ""sx"", ""x"", ""ecr""], ""nodes"": 6}",1dc9d7c7422ee8d9e756c16f45c753640fd9bb0d83eb6013019055e1f800f374,,,identity proxy before selection when layout is transpiler,6a9ea95959ada3b9eb58a4396c3fc46af54caed318314ad360db449a01f90c66_synthetic_grid_6q_transpiler,basic,37,v0.4.0,3,3,23,2.2977e-06,-27,0.0050929270000779,True,,4.107825191113079e-15,1e-10,logical Operator.equiv + routed zero/3 random states,"[2, 5]",3,3,0,3,3,0,2.2977e-06,2.2977e-06,0.0,tie,tie
6a9ea95959ada3b9eb58a4396c3fc46af54caed318314ad360db449a01f90c66_synthetic_grid_6q_transpiler_47,2,1.5,0.2,3,symmetry,6a9ea95959ada3b9eb58a4396c3fc46af54caed318314ad360db449a01f90c66,ca6de5a0c9a094b786fcd8825347e1818fed49cb0f89a759cd0593c9592c8756,127,97,91,36,7,1.4285714285714286,1,1.0,1,1,6,7,2.333333333333333,3,1.6666666666666667,1.0,1.0,1,prospective,synthetic_grid_6q_transpiler,grid,transpiler,SYNTHETIC_TARGET,"{""edges"": [[0, 1], [0, 3], [1, 0], [1, 2], [1, 4], [2, 1], [2, 5], [3, 0], [3, 4], [4, 1], [4, 3], [4, 5], [5, 2], [5, 4]], ""seed"": 7, ""basis"": [""id"", ""rz"", ""sx"", ""x"", ""ecr""], ""nodes"": 6}",1dc9d7c7422ee8d9e756c16f45c753640fd9bb0d83eb6013019055e1f800f374,,,identity proxy before selection when layout is transpiler,6a9ea95959ada3b9eb58a4396c3fc46af54caed318314ad360db449a01f90c66_synthetic_grid_6q_transpiler,basic,47,v0.4.0,3,3,23,2.087022e-06,-27,0.0047736319975228,True,,4.914226364206316e-15,1e-10,logical Operator.equiv + routed zero/3 random states,"[0, 1]",3,3,0,3,3,0,2.087022e-06,2.087022e-06,0.0,tie,tie
6a9ea95959ada3b9eb58a4396c3fc46af54caed318314ad360db449a01f90c66_synthetic_heavy_hex_like_7q_transpiler_11,2,1.5,0.2,3,symmetry,6a9ea95959ada3b9eb58a4396c3fc46af54caed318314ad360db449a01f90c66,ca6de5a0c9a094b786fcd8825347e1818fed49cb0f89a759cd0593c9592c8756,127,97,91,36,7,1.4285714285714286,1,1.0,1,1,7,7,2.0,5,2.2857142857142856,1.0,1.0,1,prospective,synthetic_heavy_hex_like_7q_transpiler,heavy_hex_like,transpiler,SYNTHETIC_TARGET,"{""edges"": [[0, 1], [0, 3], [1, 0], [1, 2], [2, 1], [2, 3], [3, 0], [3, 2], [3, 4], [4, 3], [4, 5], [5, 4], [5, 6], [6, 5]], ""seed"": 7, ""basis"": [""id"", ""rz"", ""sx"", ""x"", ""ecr""], ""nodes"": 7}",a56c42c5929ac738475a61ad56ac38f9ce297f29f090779c0473725bc68476b5,,,identity proxy before selection when layout is transpiler,6a9ea95959ada3b9eb58a4396c3fc46af54caed318314ad360db449a01f90c66_synthetic_heavy_hex_like_7q_transpiler,basic,11,v0.4.0,3,3,23,1.126206e-06,-27,0.0046953950004535,True,,5.020926283894215e-15,1e-10,logical Operator.equiv + routed zero/3 random states,"[4, 5]",3,3,0,3,3,0,1.126206e-06,1.126206e-06,0.0,tie,tie
6a9ea95959ada3b9eb58a4396c3fc46af54caed318314ad360db449a01f90c66_synthetic_heavy_hex_like_7q_transpiler_19,2,1.5,0.2,3,symmetry,6a9ea95959ada3b9eb58a4396c3fc46af54caed318314ad360db449a01f90c66,ca6de5a0c9a094b786fcd8825347e1818fed49cb0f89a759cd0593c9592c8756,127,97,91,36,7,1.4285714285714286,1,1.0,1,1,7,7,2.0,5,2.2857142857142856,1.0,1.0,1,prospective,synthetic_heavy_hex_like_7q_transpiler,heavy_hex_like,transpiler,SYNTHETIC_TARGET,"{""edges"": [[0, 1], [0, 3], [1, 0], [1, 2], [2, 1], [2, 3], [3, 0], [3, 2], [3, 4], [4, 3], [4, 5], [5, 4], [5, 6], [6, 5]], ""seed"": 7, ""basis"": [""id"", ""rz"", ""sx"", ""x"", ""ecr""], ""nodes"": 7}",a56c42c5929ac738475a61ad56ac38f9ce297f29f090779c0473725bc68476b5,,,identity proxy before selection when layout is transpiler,6a9ea95959ada3b9eb58a4396c3fc46af54caed318314ad360db449a01f90c66_synthetic_heavy_hex_like_7q_transpiler,basic,19,v0.4.0,3,3,23,1.126206e-06,-27,0.005020153002988,True,,5.8890405235118106e-15,1e-10,logical Operator.equiv + routed zero/3 random states,"[5, 4]",3,3,0,3,3,0,1.126206e-06,1.126206e-06,0.0,tie,tie
6a9ea95959ada3b9eb58a4396c3fc46af54caed318314ad360db449a01f90c66_synthetic_heavy_hex_like_7q_transpiler_29,2,1.5,0.2,3,symmetry,6a9ea95959ada3b9eb58a4396c3fc46af54caed318314ad360db449a01f90c66,ca6de5a0c9a094b786fcd8825347e1818fed49cb0f89a759cd0593c9592c8756,127,97,91,36,7,1.4285714285714286,1,1.0,1,1,7,7,2.0,5,2.2857142857142856,1.0,1.0,1,prospective,synthetic_heavy_hex_like_7q_transpiler,heavy_hex_like,transpiler,SYNTHETIC_TARGET,"{""edges"": [[0, 1], [0, 3], [1, 0], [1, 2], [2, 1], [2, 3], [3, 0], [3, 2], [3, 4], [4, 3], [4, 5], [5, 4], [5, 6], [6, 5]], ""seed"": 7, ""basis"": [""id"", ""rz"", ""sx"", ""x"", ""ecr""], ""nodes"": 7}",a56c42c5929ac738475a61ad56ac38f9ce297f29f090779c0473725bc68476b5,,,identity proxy before selection when layout is transpiler,6a9ea95959ada3b9eb58a4396c3fc46af54caed318314ad360db449a01f90c66_synthetic_heavy_hex_like_7q_transpiler,basic,29,v0.4.0,3,3,23,1.0456200000000003e-06,-27,0.0046492330002365,True,,4.103345286324977e-15,1e-10,logical Operator.equiv + routed zero/3 random states,"[1, 2]",3,3,0,3,3,0,1.0456200000000003e-06,1.0456200000000003e-06,0.0,tie,tie
6a9ea95959ada3b9eb58a4396c3fc46af54caed318314ad360db449a01f90c66_synthetic_heavy_hex_like_7q_transpiler_37,2,1.5,0.2,3,symmetry,6a9ea95959ada3b9eb58a4396c3fc46af54caed318314ad360db449a01f90c66,ca6de5a0c9a094b786fcd8825347e1818fed49cb0f89a759cd0593c9592c8756,127,97,91,36,7,1.4285714285714286,1,1.0,1,1,7,7,2.0,5,2.2857142857142856,1.0,1.0,1,prospective,synthetic_heavy_hex_like_7q_transpiler,heavy_hex_like,transpiler,SYNTHETIC_TARGET,"{""edges"": [[0, 1], [0, 3], [1, 0], [1, 2], [2, 1], [2, 3], [3, 0], [3, 2], [3, 4], [4, 3], [4, 5], [5, 4], [5, 6], [6, 5]], ""seed"": 7, ""basis"": [""id"", ""rz"", ""sx"", ""x"", ""ecr""], ""nodes"": 7}",a56c42c5929ac738475a61ad56ac38f9ce297f29f090779c0473725bc68476b5,,,identity proxy before selection when layout is transpiler,6a9ea95959ada3b9eb58a4396c3fc46af54caed318314ad360db449a01f90c66_synthetic_heavy_hex_like_7q_transpiler,basic,37,v0.4.0,3,3,23,1.0485060000000002e-06,-27,0.0044978489968343,True,,4.103345286324977e-15,1e-10,logical Operator.equiv + routed zero/3 random states,"[3, 4]",3,3,0,3,3,0,1.0485060000000002e-06,1.0485060000000002e-06,0.0,tie,tie
6a9ea95959ada3b9eb58a4396c3fc46af54caed318314ad360db449a01f90c66_synthetic_heavy_hex_like_7q_transpiler_47,2,1.5,0.2,3,symmetry,6a9ea95959ada3b9eb58a4396c3fc46af54caed318314ad360db449a01f90c66,ca6de5a0c9a094b786fcd8825347e1818fed49cb0f89a759cd0593c9592c8756,127,97,91,36,7,1.4285714285714286,1,1.0,1,1,7,7,2.0,5,2.2857142857142856,1.0,1.0,1,prospective,synthetic_heavy_hex_like_7q_transpiler,heavy_hex_like,transpiler,SYNTHETIC_TARGET,"{""edges"": [[0, 1], [0, 3], [1, 0], [1, 2], [2, 1], [2, 3], [3, 0], [3, 2], [3, 4], [4, 3], [4, 5], [5, 4], [5, 6], [6, 5]], ""seed"": 7, ""basis"": [""id"", ""rz"", ""sx"", ""x"", ""ecr""], ""nodes"": 7}",a56c42c5929ac738475a61ad56ac38f9ce297f29f090779c0473725bc68476b5,,,identity proxy before selection when layout is transpiler,6a9ea95959ada3b9eb58a4396c3fc46af54caed318314ad360db449a01f90c66_synthetic_heavy_hex_like_7q_transpiler,basic,47,v0.4.0,3,3,23,1.2802740000000002e-06,-27,0.0051983590019517,True,,5.8968025200037576e-15,1e-10,logical Operator.equiv + routed zero/3 random states,"[3, 0]",3,3,0,3,3,0,1.2802740000000002e-06,1.2802740000000002e-06,0.0,tie,tie
6a9ea95959ada3b9eb58a4396c3fc46af54caed318314ad360db449a01f90c66_synthetic_irregular_7q_favorable_11,2,1.5,0.2,3,symmetry,6a9ea95959ada3b9eb58a4396c3fc46af54caed318314ad360db449a01f90c66,ca6de5a0c9a094b786fcd8825347e1818fed49cb0f89a759cd0593c9592c8756,127,97,91,36,7,1.4285714285714286,1,1.0,1,1,7,8,2.2857142857142856,3,1.809523809523809,1.0,1.0,1,prospective,synthetic_irregular_7q_favorable,irregular,favorable,SYNTHETIC_TARGET,"{""edges"": [[0, 1], [0, 3], [1, 0], [1, 2], [2, 1], [2, 3], [2, 6], [3, 0], [3, 2], [3, 4], [4, 3], [4, 5], [5, 4], [5, 6], [6, 2], [6, 5]], ""seed"": 7, ""basis"": [""id"", ""rz"", ""sx"", ""x"", ""ecr""], ""nodes"": 7}",c8b003a1553d070cddc2acc63823ce20487791b575f8614922ec632ce2dbf9e1,"[0, 1]",,identity proxy before selection when layout is transpiler,6a9ea95959ada3b9eb58a4396c3fc46af54caed318314ad360db449a01f90c66_synthetic_irregular_7q_favorable,basic,11,v0.4.0,3,3,23,7.652340000000001e-07,-27,0.004743158002384,True,,5.766099757109667e-15,1e-10,logical Operator.equiv + routed zero/3 random states,"[0, 1]",3,3,0,3,3,0,7.652340000000001e-07,7.652340000000001e-07,0.0,tie,tie
6a9ea95959ada3b9eb58a4396c3fc46af54caed318314ad360db449a01f90c66_synthetic_irregular_7q_favorable_19,2,1.5,0.2,3,symmetry,6a9ea95959ada3b9eb58a4396c3fc46af54caed318314ad360db449a01f90c66,ca6de5a0c9a094b786fcd8825347e1818fed49cb0f89a759cd0593c9592c8756,127,97,91,36,7,1.4285714285714286,1,1.0,1,1,7,8,2.2857142857142856,3,1.809523809523809,1.0,1.0,1,prospective,synthetic_irregular_7q_favorable,irregular,favorable,SYNTHETIC_TARGET,"{""edges"": [[0, 1], [0, 3], [1, 0], [1, 2], [2, 1], [2, 3], [2, 6], [3, 0], [3, 2], [3, 4], [4, 3], [4, 5], [5, 4], [5, 6], [6, 2], [6, 5]], ""seed"": 7, ""basis"": [""id"", ""rz"", ""sx"", ""x"", ""ecr""], ""nodes"": 7}",c8b003a1553d070cddc2acc63823ce20487791b575f8614922ec632ce2dbf9e1,"[0, 1]",,identity proxy before selection when layout is transpiler,6a9ea95959ada3b9eb58a4396c3fc46af54caed318314ad360db449a01f90c66_synthetic_irregular_7q_favorable,basic,19,v0.4.0,3,3,23,7.652340000000001e-07,-27,0.0044193680005264,True,,5.766099757109667e-15,1e-10,logical Operator.equiv + routed zero/3 random states,"[0, 1]",3,3,0,3,3,0,7.652340000000001e-07,7.652340000000001e-07,0.0,tie,tie
6a9ea95959ada3b9eb58a4396c3fc46af54caed318314ad360db449a01f90c66_synthetic_irregular_7q_favorable_29,2,1.5,0.2,3,symmetry,6a9ea95959ada3b9eb58a4396c3fc46af54caed318314ad360db449a01f90c66,ca6de5a0c9a094b786fcd8825347e1818fed49cb0f89a759cd0593c9592c8756,127,97,91,36,7,1.4285714285714286,1,1.0,1,1,7,8,2.2857142857142856,3,1.809523809523809,1.0,1.0,1,prospective,synthetic_irregular_7q_favorable,irregular,favorable,SYNTHETIC_TARGET,"{""edges"": [[0, 1], [0, 3], [1, 0], [1, 2], [2, 1], [2, 3], [2, 6], [3, 0], [3, 2], [3, 4], [4, 3], [4, 5], [5, 4], [5, 6], [6, 2], [6, 5]], ""seed"": 7, ""basis"": [""id"", ""rz"", ""sx"", ""x"", ""ecr""], ""nodes"": 7}",c8b003a1553d070cddc2acc63823ce20487791b575f8614922ec632ce2dbf9e1,"[0, 1]",,identity proxy before selection when layout is transpiler,6a9ea95959ada3b9eb58a4396c3fc46af54caed318314ad360db449a01f90c66_synthetic_irregular_7q_favorable,basic,29,v0.4.0,3,3,23,7.652340000000001e-07,-27,0.0046801390053587,True,,5.766099757109667e-15,1e-10,logical Operator.equiv + routed zero/3 random states,"[0, 1]",3,3,0,3,3,0,7.652340000000001e-07,7.652340000000001e-07,0.0,tie,tie
6a9ea95959ada3b9eb58a4396c3fc46af54caed318314ad360db449a01f90c66_synthetic_irregular_7q_favorable_37,2,1.5,0.2,3,symmetry,6a9ea95959ada3b9eb58a4396c3fc46af54caed318314ad360db449a01f90c66,ca6de5a0c9a094b786fcd8825347e1818fed49cb0f89a759cd0593c9592c8756,127,97,91,36,7,1.4285714285714286,1,1.0,1,1,7,8,2.2857142857142856,3,1.809523809523809,1.0,1.0,1,prospective,synthetic_irregular_7q_favorable,irregular,favorable,SYNTHETIC_TARGET,"{""edges"": [[0, 1], [0, 3], [1, 0], [1, 2], [2, 1], [2, 3], [2, 6], [3, 0], [3, 2], [3, 4], [4, 3], [4, 5], [5, 4], [5, 6], [6, 2], [6, 5]], ""seed"": 7, ""basis"": [""id"", ""rz"", ""sx"", ""x"", ""ecr""], ""nodes"": 7}",c8b003a1553d070cddc2acc63823ce20487791b575f8614922ec632ce2dbf9e1,"[0, 1]",,identity proxy before selection when layout is transpiler,6a9ea95959ada3b9eb58a4396c3fc46af54caed318314ad360db449a01f90c66_synthetic_irregular_7q_favorable,basic,37,v0.4.0,3,3,23,7.652340000000001e-07,-27,0.0042071580028277,True,,5.766099757109667e-15,1e-10,logical Operator.equiv + routed zero/3 random states,"[0, 1]",3,3,0,3,3,0,7.652340000000001e-07,7.652340000000001e-07,0.0,tie,tie
6a9ea95959ada3b9eb58a4396c3fc46af54caed318314ad360db449a01f90c66_synthetic_irregular_7q_favorable_47,2,1.5,0.2,3,symmetry,6a9ea95959ada3b9eb58a4396c3fc46af54caed318314ad360db449a01f90c66,ca6de5a0c9a094b786fcd8825347e1818fed49cb0f89a759cd0593c9592c8756,127,97,91,36,7,1.4285714285714286,1,1.0,1,1,7,8,2.2857142857142856,3,1.809523809523809,1.0,1.0,1,prospective,synthetic_irregular_7q_favorable,irregular,favorable,SYNTHETIC_TARGET,"{""edges"": [[0, 1], [0, 3], [1, 0], [1, 2], [2, 1], [2, 3], [2, 6], [3, 0], [3, 2], [3, 4], [4, 3], [4, 5], [5, 4], [5, 6], [6, 2], [6, 5]], ""seed"": 7, ""basis"": [""id"", ""rz"", ""sx"", ""x"", ""ecr""], ""nodes"": 7}",c8b003a1553d070cddc2acc63823ce20487791b575f8614922ec632ce2dbf9e1,"[0, 1]",,identity proxy before selection when layout is transpiler,6a9ea95959ada3b9eb58a4396c3fc46af54caed318314ad360db449a01f90c66_synthetic_irregular_7q_favorable,basic,47,v0.4.0,3,3,23,7.652340000000001e-07,-27,0.0045326489998842,True,,5.766099757109667e-15,1e-10,logical Operator.equiv + routed zero/3 random states,"[0, 1]",3,3,0,3,3,0,7.652340000000001e-07,7.652340000000001e-07,0.0,tie,tie
6a9ea95959ada3b9eb58a4396c3fc46af54caed318314ad360db449a01f90c66_synthetic_irregular_7q_spread_11,2,1.5,0.2,3,symmetry,6a9ea95959ada3b9eb58a4396c3fc46af54caed318314ad360db449a01f90c66,ca6de5a0c9a094b786fcd8825347e1818fed49cb0f89a759cd0593c9592c8756,127,97,91,36,7,1.4285714285714286,1,1.0,1,1,7,8,2.2857142857142856,3,1.809523809523809,3.0,3.0,1,prospective,synthetic_irregular_7q_spread,irregular,spread,SYNTHETIC_TARGET,"{""edges"": [[0, 1], [0, 3], [1, 0], [1, 2], [2, 1], [2, 3], [2, 6], [3, 0], [3, 2], [3, 4], [4, 3], [4, 5], [5, 4], [5, 6], [6, 2], [6, 5]], ""seed"": 7, ""basis"": [""id"", ""rz"", ""sx"", ""x"", ""ecr""], ""nodes"": 7}",c8b003a1553d070cddc2acc63823ce20487791b575f8614922ec632ce2dbf9e1,"[0, 5]",,identity proxy before selection when layout is transpiler,6a9ea95959ada3b9eb58a4396c3fc46af54caed318314ad360db449a01f90c66_synthetic_irregular_7q_spread,basic,11,v0.4.0,9,6,40,2.6300340000000003e-06,-21,0.005276887997752,True,,4.491946442396235e-15,1e-10,logical Operator.equiv + routed zero/3 random states,"[3, 4]",9,9,0,6,6,0,2.6300340000000003e-06,2.6300340000000003e-06,0.0,tie,tie
6a9ea95959ada3b9eb58a4396c3fc46af54caed318314ad360db449a01f90c66_synthetic_irregular_7q_spread_19,2,1.5,0.2,3,symmetry,6a9ea95959ada3b9eb58a4396c3fc46af54caed318314ad360db449a01f90c66,ca6de5a0c9a094b786fcd8825347e1818fed49cb0f89a759cd0593c9592c8756,127,97,91,36,7,1.4285714285714286,1,1.0,1,1,7,8,2.2857142857142856,3,1.809523809523809,3.0,3.0,1,prospective,synthetic_irregular_7q_spread,irregular,spread,SYNTHETIC_TARGET,"{""edges"": [[0, 1], [0, 3], [1, 0], [1, 2], [2, 1], [2, 3], [2, 6], [3, 0], [3, 2], [3, 4], [4, 3], [4, 5], [5, 4], [5, 6], [6, 2], [6, 5]], ""seed"": 7, ""basis"": [""id"", ""rz"", ""sx"", ""x"", ""ecr""], ""nodes"": 7}",c8b003a1553d070cddc2acc63823ce20487791b575f8614922ec632ce2dbf9e1,"[0, 5]",,identity proxy before selection when layout is transpiler,6a9ea95959ada3b9eb58a4396c3fc46af54caed318314ad360db449a01f90c66_synthetic_irregular_7q_spread,basic,19,v0.4.0,9,6,40,2.6300340000000003e-06,-21,0.0049528879972058,True,,4.491946442396235e-15,1e-10,logical Operator.equiv + routed zero/3 random states,"[3, 4]",9,9,0,6,6,0,2.6300340000000003e-06,2.6300340000000003e-06,0.0,tie,tie
6a9ea95959ada3b9eb58a4396c3fc46af54caed318314ad360db449a01f90c66_synthetic_irregular_7q_spread_29,2,1.5,0.2,3,symmetry,6a9ea95959ada3b9eb58a4396c3fc46af54caed318314ad360db449a01f90c66,ca6de5a0c9a094b786fcd8825347e1818fed49cb0f89a759cd0593c9592c8756,127,97,91,36,7,1.4285714285714286,1,1.0,1,1,7,8,2.2857142857142856,3,1.809523809523809,3.0,3.0,1,prospective,synthetic_irregular_7q_spread,irregular,spread,SYNTHETIC_TARGET,"{""edges"": [[0, 1], [0, 3], [1, 0], [1, 2], [2, 1], [2, 3], [2, 6], [3, 0], [3, 2], [3, 4], [4, 3], [4, 5], [5, 4], [5, 6], [6, 2], [6, 5]], ""seed"": 7, ""basis"": [""id"", ""rz"", ""sx"", ""x"", ""ecr""], ""nodes"": 7}",c8b003a1553d070cddc2acc63823ce20487791b575f8614922ec632ce2dbf9e1,"[0, 5]",,identity proxy before selection when layout is transpiler,6a9ea95959ada3b9eb58a4396c3fc46af54caed318314ad360db449a01f90c66_synthetic_irregular_7q_spread,basic,29,v0.4.0,9,6,40,2.6300340000000003e-06,-21,0.0054977189938654,True,,4.491946442396235e-15,1e-10,logical Operator.equiv + routed zero/3 random states,"[3, 4]",9,9,0,6,6,0,2.6300340000000003e-06,2.6300340000000003e-06,0.0,tie,tie
6a9ea95959ada3b9eb58a4396c3fc46af54caed318314ad360db449a01f90c66_synthetic_irregular_7q_spread_37,2,1.5,0.2,3,symmetry,6a9ea95959ada3b9eb58a4396c3fc46af54caed318314ad360db449a01f90c66,ca6de5a0c9a094b786fcd8825347e1818fed49cb0f89a759cd0593c9592c8756,127,97,91,36,7,1.4285714285714286,1,1.0,1,1,7,8,2.2857142857142856,3,1.809523809523809,3.0,3.0,1,prospective,synthetic_irregular_7q_spread,irregular,spread,SYNTHETIC_TARGET,"{""edges"": [[0, 1], [0, 3], [1, 0], [1, 2], [2, 1], [2, 3], [2, 6], [3, 0], [3, 2], [3, 4], [4, 3], [4, 5], [5, 4], [5, 6], [6, 2], [6, 5]], ""seed"": 7, ""basis"": [""id"", ""rz"", ""sx"", ""x"", ""ecr""], ""nodes"": 7}",c8b003a1553d070cddc2acc63823ce20487791b575f8614922ec632ce2dbf9e1,"[0, 5]",,identity proxy before selection when layout is transpiler,6a9ea95959ada3b9eb58a4396c3fc46af54caed318314ad360db449a01f90c66_synthetic_irregular_7q_spread,basic,37,v0.4.0,9,6,40,2.6300340000000003e-06,-21,0.0055302700056927,True,,4.491946442396235e-15,1e-10,logical Operator.equiv + routed zero/3 random states,"[3, 4]",9,9,0,6,6,0,2.6300340000000003e-06,2.6300340000000003e-06,0.0,tie,tie
6a9ea95959ada3b9eb58a4396c3fc46af54caed318314ad360db449a01f90c66_synthetic_irregular_7q_spread_47,2,1.5,0.2,3,symmetry,6a9ea95959ada3b9eb58a4396c3fc46af54caed318314ad360db449a01f90c66,ca6de5a0c9a094b786fcd8825347e1818fed49cb0f89a759cd0593c9592c8756,127,97,91,36,7,1.4285714285714286,1,1.0,1,1,7,8,2.2857142857142856,3,1.809523809523809,3.0,3.0,1,prospective,synthetic_irregular_7q_spread,irregular,spread,SYNTHETIC_TARGET,"{""edges"": [[0, 1], [0, 3], [1, 0], [1, 2], [2, 1], [2, 3], [2, 6], [3, 0], [3, 2], [3, 4], [4, 3], [4, 5], [5, 4], [5, 6], [6, 2], [6, 5]], ""seed"": 7, ""basis"": [""id"", ""rz"", ""sx"", ""x"", ""ecr""], ""nodes"": 7}",c8b003a1553d070cddc2acc63823ce20487791b575f8614922ec632ce2dbf9e1,"[0, 5]",,identity proxy before selection when layout is transpiler,6a9ea95959ada3b9eb58a4396c3fc46af54caed318314ad360db449a01f90c66_synthetic_irregular_7q_spread,basic,47,v0.4.0,9,6,40,2.6300340000000003e-06,-21,0.0053092919988557,True,,4.491946442396235e-15,1e-10,logical Operator.equiv + routed zero/3 random states,"[3, 4]",9,9,0,6,6,0,2.6300340000000003e-06,2.6300340000000003e-06,0.0,tie,tie
2b5e0ed483cc3050468f9dbe07ba775d3779a0f5f0b1d9721b5967992a9fa793_synthetic_line_6q_favorable_11,4,1.5,0.2,3,current,2b5e0ed483cc3050468f9dbe07ba775d3779a0f5f0b1d9721b5967992a9fa793,7053dcfa4d49723c39c3271f3f1855d8cc4ee612ed86840eb385db0a6e2af18b,415,294,259,156,19,1.6842105263157894,3,1.5,2,1,6,5,1.6666666666666667,5,2.333333333333333,1.0,1.0,1,prospective,synthetic_line_6q_favorable,line,favorable,SYNTHETIC_TARGET,"{""edges"": [[0, 1], [1, 0], [1, 2], [2, 1], [2, 3], [3, 2], [3, 4], [4, 3], [4, 5], [5, 4]], ""seed"": 7, ""basis"": [""id"", ""rz"", ""sx"", ""x"", ""ecr""], ""nodes"": 6}",ccfecec17e274607ed29176fa4c2a758de445cb0e2e85ddcc1bbcb36bd80dcb3,"[0, 1, 2, 3]",,identity proxy before selection when layout is transpiler,2b5e0ed483cc3050468f9dbe07ba775d3779a0f5f0b1d9721b5967992a9fa793_synthetic_line_6q_favorable,basic,11,v0.4.0,98,86,339,5.926445399999994e-05,-34,0.0077406310010701,True,,3.561701459081009e-14,1e-10,logical Operator.equiv + routed zero/3 random states,"[0, 1, 2, 3]",98,96,-2,86,84,-2,5.926445399999994e-05,6.148978199999996e-05,2.2253280000000174e-06,teleport,teleport
2b5e0ed483cc3050468f9dbe07ba775d3779a0f5f0b1d9721b5967992a9fa793_synthetic_line_6q_favorable_19,4,1.5,0.2,3,current,2b5e0ed483cc3050468f9dbe07ba775d3779a0f5f0b1d9721b5967992a9fa793,7053dcfa4d49723c39c3271f3f1855d8cc4ee612ed86840eb385db0a6e2af18b,415,294,259,156,19,1.6842105263157894,3,1.5,2,1,6,5,1.6666666666666667,5,2.333333333333333,1.0,1.0,1,prospective,synthetic_line_6q_favorable,line,favorable,SYNTHETIC_TARGET,"{""edges"": [[0, 1], [1, 0], [1, 2], [2, 1], [2, 3], [3, 2], [3, 4], [4, 3], [4, 5], [5, 4]], ""seed"": 7, ""basis"": [""id"", ""rz"", ""sx"", ""x"", ""ecr""], ""nodes"": 6}",ccfecec17e274607ed29176fa4c2a758de445cb0e2e85ddcc1bbcb36bd80dcb3,"[0, 1, 2, 3]",,identity proxy before selection when layout is transpiler,2b5e0ed483cc3050468f9dbe07ba775d3779a0f5f0b1d9721b5967992a9fa793_synthetic_line_6q_favorable,basic,19,v0.4.0,98,86,339,5.926445399999994e-05,-34,0.0069170399947324,True,,3.561701459081009e-14,1e-10,logical Operator.equiv + routed zero/3 random states,"[0, 1, 2, 3]",98,96,-2,86,84,-2,5.926445399999994e-05,6.148978199999996e-05,2.2253280000000174e-06,teleport,teleport
2b5e0ed483cc3050468f9dbe07ba775d3779a0f5f0b1d9721b5967992a9fa793_synthetic_line_6q_favorable_29,4,1.5,0.2,3,current,2b5e0ed483cc3050468f9dbe07ba775d3779a0f5f0b1d9721b5967992a9fa793,7053dcfa4d49723c39c3271f3f1855d8cc4ee612ed86840eb385db0a6e2af18b,415,294,259,156,19,1.6842105263157894,3,1.5,2,1,6,5,1.6666666666666667,5,2.333333333333333,1.0,1.0,1,prospective,synthetic_line_6q_favorable,line,favorable,SYNTHETIC_TARGET,"{""edges"": [[0, 1], [1, 0], [1, 2], [2, 1], [2, 3], [3, 2], [3, 4], [4, 3], [4, 5], [5, 4]], ""seed"": 7, ""basis"": [""id"", ""rz"", ""sx"", ""x"", ""ecr""], ""nodes"": 6}",ccfecec17e274607ed29176fa4c2a758de445cb0e2e85ddcc1bbcb36bd80dcb3,"[0, 1, 2, 3]",,identity proxy before selection when layout is transpiler,2b5e0ed483cc3050468f9dbe07ba775d3779a0f5f0b1d9721b5967992a9fa793_synthetic_line_6q_favorable,basic,29,v0.4.0,98,86,339,5.926445399999994e-05,-34,0.0075171400021645,True,,3.561701459081009e-14,1e-10,logical Operator.equiv + routed zero/3 random states,"[0, 1, 2, 3]",98,96,-2,86,84,-2,5.926445399999994e-05,6.148978199999996e-05,2.2253280000000174e-06,teleport,teleport
2b5e0ed483cc3050468f9dbe07ba775d3779a0f5f0b1d9721b5967992a9fa793_synthetic_line_6q_favorable_37,4,1.5,0.2,3,current,2b5e0ed483cc3050468f9dbe07ba775d3779a0f5f0b1d9721b5967992a9fa793,7053dcfa4d49723c39c3271f3f1855d8cc4ee612ed86840eb385db0a6e2af18b,415,294,259,156,19,1.6842105263157894,3,1.5,2,1,6,5,1.6666666666666667,5,2.333333333333333,1.0,1.0,1,prospective,synthetic_line_6q_favorable,line,favorable,SYNTHETIC_TARGET,"{""edges"": [[0, 1], [1, 0], [1, 2], [2, 1], [2, 3], [3, 2], [3, 4], [4, 3], [4, 5], [5, 4]], ""seed"": 7, ""basis"": [""id"", ""rz"", ""sx"", ""x"", ""ecr""], ""nodes"": 6}",ccfecec17e274607ed29176fa4c2a758de445cb0e2e85ddcc1bbcb36bd80dcb3,"[0, 1, 2, 3]",,identity proxy before selection when layout is transpiler,2b5e0ed483cc3050468f9dbe07ba775d3779a0f5f0b1d9721b5967992a9fa793_synthetic_line_6q_favorable,basic,37,v0.4.0,98,86,339,5.926445399999994e-05,-34,0.0074603030006983,True,,3.561701459081009e-14,1e-10,logical Operator.equiv + routed zero/3 random states,"[0, 1, 2, 3]",98,96,-2,86,84,-2,5.926445399999994e-05,6.148978199999996e-05,2.2253280000000174e-06,teleport,teleport
2b5e0ed483cc3050468f9dbe07ba775d3779a0f5f0b1d9721b5967992a9fa793_synthetic_line_6q_favorable_47,4,1.5,0.2,3,current,2b5e0ed483cc3050468f9dbe07ba775d3779a0f5f0b1d9721b5967992a9fa793,7053dcfa4d49723c39c3271f3f1855d8cc4ee612ed86840eb385db0a6e2af18b,415,294,259,156,19,1.6842105263157894,3,1.5,2,1,6,5,1.6666666666666667,5,2.333333333333333,1.0,1.0,1,prospective,synthetic_line_6q_favorable,line,favorable,SYNTHETIC_TARGET,"{""edges"": [[0, 1], [1, 0], [1, 2], [2, 1], [2, 3], [3, 2], [3, 4], [4, 3], [4, 5], [5, 4]], ""seed"": 7, ""basis"": [""id"", ""rz"", ""sx"", ""x"", ""ecr""], ""nodes"": 6}",ccfecec17e274607ed29176fa4c2a758de445cb0e2e85ddcc1bbcb36bd80dcb3,"[0, 1, 2, 3]",,identity proxy before selection when layout is transpiler,2b5e0ed483cc3050468f9dbe07ba775d3779a0f5f0b1d9721b5967992a9fa793_synthetic_line_6q_favorable,basic,47,v0.4.0,98,86,339,5.926445399999994e-05,-34,0.0074634189950302,True,,3.561701459081009e-14,1e-10,logical Operator.equiv + routed zero/3 random states,"[0, 1, 2, 3]",98,96,-2,86,84,-2,5.926445399999994e-05,6.148978199999996e-05,2.2253280000000174e-06,teleport,teleport
2b5e0ed483cc3050468f9dbe07ba775d3779a0f5f0b1d9721b5967992a9fa793_synthetic_line_6q_spread_11,4,1.5,0.2,3,current,2b5e0ed483cc3050468f9dbe07ba775d3779a0f5f0b1d9721b5967992a9fa793,7053dcfa4d49723c39c3271f3f1855d8cc4ee612ed86840eb385db0a6e2af18b,415,294,259,156,19,1.6842105263157894,3,1.5,2,1,6,5,1.6666666666666667,5,2.333333333333333,1.6153846153846154,2.0,1,prospective,synthetic_line_6q_spread,line,spread,SYNTHETIC_TARGET,"{""edges"": [[0, 1], [1, 0], [1, 2], [2, 1], [2, 3], [3, 2], [3, 4], [4, 3], [4, 5], [5, 4]], ""seed"": 7, ""basis"": [""id"", ""rz"", ""sx"", ""x"", ""ecr""], ""nodes"": 6}",ccfecec17e274607ed29176fa4c2a758de445cb0e2e85ddcc1bbcb36bd80dcb3,"[0, 2, 3, 5]",,identity proxy before selection when layout is transpiler,2b5e0ed483cc3050468f9dbe07ba775d3779a0f5f0b1d9721b5967992a9fa793_synthetic_line_6q_spread,basic,11,v0.4.0,104,89,356,5.557570199999996e-05,-28,0.0077411300007952,True,,5.3624260539329326e-14,1e-10,logical Operator.equiv + routed zero/3 random states,"[1, 2, 3, 4]",104,102,-2,89,87,-2,5.557570199999996e-05,5.925268799999992e-05,3.67698599999996e-06,teleport,teleport
2b5e0ed483cc3050468f9dbe07ba775d3779a0f5f0b1d9721b5967992a9fa793_synthetic_line_6q_spread_19,4,1.5,0.2,3,current,2b5e0ed483cc3050468f9dbe07ba775d3779a0f5f0b1d9721b5967992a9fa793,7053dcfa4d49723c39c3271f3f1855d8cc4ee612ed86840eb385db0a6e2af18b,415,294,259,156,19,1.6842105263157894,3,1.5,2,1,6,5,1.6666666666666667,5,2.333333333333333,1.6153846153846154,2.0,1,prospective,synthetic_line_6q_spread,line,spread,SYNTHETIC_TARGET,"{""edges"": [[0, 1], [1, 0], [1, 2], [2, 1], [2, 3], [3, 2], [3, 4], [4, 3], [4, 5], [5, 4]], ""seed"": 7, ""basis"": [""id"", ""rz"", ""sx"", ""x"", ""ecr""], ""nodes"": 6}",ccfecec17e274607ed29176fa4c2a758de445cb0e2e85ddcc1bbcb36bd80dcb3,"[0, 2, 3, 5]",,identity proxy before selection when layout is transpiler,2b5e0ed483cc3050468f9dbe07ba775d3779a0f5f0b1d9721b5967992a9fa793_synthetic_line_6q_spread,basic,19,v0.4.0,104,89,356,5.557570199999996e-05,-28,0.0085637170050176,True,,5.3624260539329326e-14,1e-10,logical Operator.equiv + routed zero/3 random states,"[1, 2, 3, 4]",104,102,-2,89,87,-2,5.557570199999996e-05,5.925268799999992e-05,3.67698599999996e-06,teleport,teleport
2b5e0ed483cc3050468f9dbe07ba775d3779a0f5f0b1d9721b5967992a9fa793_synthetic_line_6q_spread_29,4,1.5,0.2,3,current,2b5e0ed483cc3050468f9dbe07ba775d3779a0f5f0b1d9721b5967992a9fa793,7053dcfa4d49723c39c3271f3f1855d8cc4ee612ed86840eb385db0a6e2af18b,415,294,259,156,19,1.6842105263157894,3,1.5,2,1,6,5,1.6666666666666667,5,2.333333333333333,1.6153846153846154,2.0,1,prospective,synthetic_line_6q_spread,line,spread,SYNTHETIC_TARGET,"{""edges"": [[0, 1], [1, 0], [1, 2], [2, 1], [2, 3], [3, 2], [3, 4], [4, 3], [4, 5], [5, 4]], ""seed"": 7, ""basis"": [""id"", ""rz"", ""sx"", ""x"", ""ecr""], ""nodes"": 6}",ccfecec17e274607ed29176fa4c2a758de445cb0e2e85ddcc1bbcb36bd80dcb3,"[0, 2, 3, 5]",,identity proxy before selection when layout is transpiler,2b5e0ed483cc3050468f9dbe07ba775d3779a0f5f0b1d9721b5967992a9fa793_synthetic_line_6q_spread,basic,29,v0.4.0,104,89,356,5.557570199999996e-05,-28,0.0078274659972521,True,,5.3624260539329326e-14,1e-10,logical Operator.equiv + routed zero/3 random states,"[1, 2, 3, 4]",104,102,-2,89,87,-2,5.557570199999996e-05,5.925268799999992e-05,3.67698599999996e-06,teleport,teleport
2b5e0ed483cc3050468f9dbe07ba775d3779a0f5f0b1d9721b5967992a9fa793_synthetic_line_6q_spread_37,4,1.5,0.2,3,current,2b5e0ed483cc3050468f9dbe07ba775d3779a0f5f0b1d9721b5967992a9fa793,7053dcfa4d49723c39c3271f3f1855d8cc4ee612ed86840eb385db0a6e2af18b,415,294,259,156,19,1.6842105263157894,3,1.5,2,1,6,5,1.6666666666666667,5,2.333333333333333,1.6153846153846154,2.0,1,prospective,synthetic_line_6q_spread,line,spread,SYNTHETIC_TARGET,"{""edges"": [[0, 1], [1, 0], [1, 2], [2, 1], [2, 3], [3, 2], [3, 4], [4, 3], [4, 5], [5, 4]], ""seed"": 7, ""basis"": [""id"", ""rz"", ""sx"", ""x"", ""ecr""], ""nodes"": 6}",ccfecec17e274607ed29176fa4c2a758de445cb0e2e85ddcc1bbcb36bd80dcb3,"[0, 2, 3, 5]",,identity proxy before selection when layout is transpiler,2b5e0ed483cc3050468f9dbe07ba775d3779a0f5f0b1d9721b5967992a9fa793_synthetic_line_6q_spread,basic,37,v0.4.0,104,89,356,5.557570199999996e-05,-28,0.0076946240005781,True,,5.3624260539329326e-14,1e-10,logical Operator.equiv + routed zero/3 random states,"[1, 2, 3, 4]",104,102,-2,89,87,-2,5.557570199999996e-05,5.925268799999992e-05,3.67698599999996e-06,teleport,teleport
2b5e0ed483cc3050468f9dbe07ba775d3779a0f5f0b1d9721b5967992a9fa793_synthetic_line_6q_spread_47,4,1.5,0.2,3,current,2b5e0ed483cc3050468f9dbe07ba775d3779a0f5f0b1d9721b5967992a9fa793,7053dcfa4d49723c39c3271f3f1855d8cc4ee612ed86840eb385db0a6e2af18b,415,294,259,156,19,1.6842105263157894,3,1.5,2,1,6,5,1.6666666666666667,5,2.333333333333333,1.6153846153846154,2.0,1,prospective,synthetic_line_6q_spread,line,spread,SYNTHETIC_TARGET,"{""edges"": [[0, 1], [1, 0], [1, 2], [2, 1], [2, 3], [3, 2], [3, 4], [4, 3], [4, 5], [5, 4]], ""seed"": 7, ""basis"": [""id"", ""rz"", ""sx"", ""x"", ""ecr""], ""nodes"": 6}",ccfecec17e274607ed29176fa4c2a758de445cb0e2e85ddcc1bbcb36bd80dcb3,"[0, 2, 3, 5]",,identity proxy before selection when layout is transpiler,2b5e0ed483cc3050468f9dbe07ba775d3779a0f5f0b1d9721b5967992a9fa793_synthetic_line_6q_spread,basic,47,v0.4.0,104,89,356,5.557570199999996e-05,-28,0.0081937569993897,True,,5.3624260539329326e-14,1e-10,logical Operator.equiv + routed zero/3 random states,"[1, 2, 3, 4]",104,102,-2,89,87,-2,5.557570199999996e-05,5.925268799999992e-05,3.67698599999996e-06,teleport,teleport
2b5e0ed483cc3050468f9dbe07ba775d3779a0f5f0b1d9721b5967992a9fa793_synthetic_ring_6q_transpiler_11,4,1.5,0.2,3,current,2b5e0ed483cc3050468f9dbe07ba775d3779a0f5f0b1d9721b5967992a9fa793,7053dcfa4d49723c39c3271f3f1855d8cc4ee612ed86840eb385db0a6e2af18b,415,294,259,156,19,1.6842105263157894,3,1.5,2,1,6,6,2.0,3,1.8,1.0,1.0,1,prospective,synthetic_ring_6q_transpiler,ring,transpiler,SYNTHETIC_TARGET,"{""edges"": [[0, 1], [0, 5], [1, 0], [1, 2], [2, 1], [2, 3], [3, 2], [3, 4], [4, 3], [4, 5], [5, 0], [5, 4]], ""seed"": 7, ""basis"": [""id"", ""rz"", ""sx"", ""x"", ""ecr""], ""nodes"": 6}",ff4a6017b79ba46163d089d132c4bc654811d5fa5518090a9b65bf0d23d86ee8,,,identity proxy before selection when layout is transpiler,2b5e0ed483cc3050468f9dbe07ba775d3779a0f5f0b1d9721b5967992a9fa793_synthetic_ring_6q_transpiler,basic,11,v0.4.0,98,86,390,4.6335395999999925e-05,-34,0.0083659200026886,True,,5.4259163505061606e-14,1e-10,logical Operator.equiv + routed zero/3 random states,"[3, 4, 5, 0]",98,96,-2,86,84,-2,4.6335395999999925e-05,4.5974423999999936e-05,-3.6097199999998866e-07,teleport,teleport
2b5e0ed483cc3050468f9dbe07ba775d3779a0f5f0b1d9721b5967992a9fa793_synthetic_ring_6q_transpiler_19,4,1.5,0.2,3,current,2b5e0ed483cc3050468f9dbe07ba775d3779a0f5f0b1d9721b5967992a9fa793,7053dcfa4d49723c39c3271f3f1855d8cc4ee612ed86840eb385db0a6e2af18b,415,294,259,156,19,1.6842105263157894,3,1.5,2,1,6,6,2.0,3,1.8,1.0,1.0,1,prospective,synthetic_ring_6q_transpiler,ring,transpiler,SYNTHETIC_TARGET,"{""edges"": [[0, 1], [0, 5], [1, 0], [1, 2], [2, 1], [2, 3], [3, 2], [3, 4], [4, 3], [4, 5], [5, 0], [5, 4]], ""seed"": 7, ""basis"": [""id"", ""rz"", ""sx"", ""x"", ""ecr""], ""nodes"": 6}",ff4a6017b79ba46163d089d132c4bc654811d5fa5518090a9b65bf0d23d86ee8,,,identity proxy before selection when layout is transpiler,2b5e0ed483cc3050468f9dbe07ba775d3779a0f5f0b1d9721b5967992a9fa793_synthetic_ring_6q_transpiler,basic,19,v0.4.0,98,86,342,4.8762299999999945e-05,-34,0.0083489340031519,True,,5.407686721923975e-14,1e-10,logical Operator.equiv + routed zero/3 random states,"[2, 3, 4, 5]",98,96,-2,86,84,-2,4.8762299999999945e-05,4.7291993999999936e-05,-1.4703060000000083e-06,teleport,teleport
2b5e0ed483cc3050468f9dbe07ba775d3779a0f5f0b1d9721b5967992a9fa793_synthetic_ring_6q_transpiler_29,4,1.5,0.2,3,current,2b5e0ed483cc3050468f9dbe07ba775d3779a0f5f0b1d9721b5967992a9fa793,7053dcfa4d49723c39c3271f3f1855d8cc4ee612ed86840eb385db0a6e2af18b,415,294,259,156,19,1.6842105263157894,3,1.5,2,1,6,6,2.0,3,1.8,1.0,1.0,1,prospective,synthetic_ring_6q_transpiler,ring,transpiler,SYNTHETIC_TARGET,"{""edges"": [[0, 1], [0, 5], [1, 0], [1, 2], [2, 1], [2, 3], [3, 2], [3, 4], [4, 3], [4, 5], [5, 0], [5, 4]], ""seed"": 7, ""basis"": [""id"", ""rz"", ""sx"", ""x"", ""ecr""], ""nodes"": 6}",ff4a6017b79ba46163d089d132c4bc654811d5fa5518090a9b65bf0d23d86ee8,,,identity proxy before selection when layout is transpiler,2b5e0ed483cc3050468f9dbe07ba775d3779a0f5f0b1d9721b5967992a9fa793_synthetic_ring_6q_transpiler,basic,29,v0.4.0,98,86,478,3.836870399999995e-05,-34,0.008925263005949,True,,4.290612640156503e-14,1e-10,logical Operator.equiv + routed zero/3 random states,"[2, 1, 0, 5]",98,96,-2,86,84,-2,3.836870399999995e-05,3.878029199999995e-05,4.115880000000018e-07,teleport,teleport
2b5e0ed483cc3050468f9dbe07ba775d3779a0f5f0b1d9721b5967992a9fa793_synthetic_ring_6q_transpiler_37,4,1.5,0.2,3,current,2b5e0ed483cc3050468f9dbe07ba775d3779a0f5f0b1d9721b5967992a9fa793,7053dcfa4d49723c39c3271f3f1855d8cc4ee612ed86840eb385db0a6e2af18b,415,294,259,156,19,1.6842105263157894,3,1.5,2,1,6,6,2.0,3,1.8,1.0,1.0,1,prospective,synthetic_ring_6q_transpiler,ring,transpiler,SYNTHETIC_TARGET,"{""edges"": [[0, 1], [0, 5], [1, 0], [1, 2], [2, 1], [2, 3], [3, 2], [3, 4], [4, 3], [4, 5], [5, 0], [5, 4]], ""seed"": 7, ""basis"": [""id"", ""rz"", ""sx"", ""x"", ""ecr""], ""nodes"": 6}",ff4a6017b79ba46163d089d132c4bc654811d5fa5518090a9b65bf0d23d86ee8,,,identity proxy before selection when layout is transpiler,2b5e0ed483cc3050468f9dbe07ba775d3779a0f5f0b1d9721b5967992a9fa793_synthetic_ring_6q_transpiler,basic,37,v0.4.0,98,86,483,4.89523319999999e-05,-34,0.008551268998417,True,,9.059746836402384e-14,1e-10,logical Operator.equiv + routed zero/3 random states,"[0, 5, 4, 3]",98,96,-2,86,84,-2,4.89523319999999e-05,4.703913599999992e-05,-1.9131959999999827e-06,teleport,teleport
2b5e0ed483cc3050468f9dbe07ba775d3779a0f5f0b1d9721b5967992a9fa793_synthetic_ring_6q_transpiler_47,4,1.5,0.2,3,current,2b5e0ed483cc3050468f9dbe07ba775d3779a0f5f0b1d9721b5967992a9fa793,7053dcfa4d49723c39c3271f3f1855d8cc4ee612ed86840eb385db0a6e2af18b,415,294,259,156,19,1.6842105263157894,3,1.5,2,1,6,6,2.0,3,1.8,1.0,1.0,1,prospective,synthetic_ring_6q_transpiler,ring,transpiler,SYNTHETIC_TARGET,"{""edges"": [[0, 1], [0, 5], [1, 0], [1, 2], [2, 1], [2, 3], [3, 2], [3, 4], [4, 3], [4, 5], [5, 0], [5, 4]], ""seed"": 7, ""basis"": [""id"", ""rz"", ""sx"", ""x"", ""ecr""], ""nodes"": 6}",ff4a6017b79ba46163d089d132c4bc654811d5fa5518090a9b65bf0d23d86ee8,,,identity proxy before selection when layout is transpiler,2b5e0ed483cc3050468f9dbe07ba775d3779a0f5f0b1d9721b5967992a9fa793_synthetic_ring_6q_transpiler,basic,47,v0.4.0,98,86,423,4.734105599999997e-05,-34,0.0074148170024272,True,,1.1192602347595631e-13,1e-10,logical Operator.equiv + routed zero/3 random states,"[3, 2, 1, 0]",98,96,-2,86,84,-2,4.734105599999997e-05,4.655784e-05,-7.832159999999729e-07,teleport,teleport
2b5e0ed483cc3050468f9dbe07ba775d3779a0f5f0b1d9721b5967992a9fa793_synthetic_grid_6q_transpiler_11,4,1.5,0.2,3,current,2b5e0ed483cc3050468f9dbe07ba775d3779a0f5f0b1d9721b5967992a9fa793,7053dcfa4d49723c39c3271f3f1855d8cc4ee612ed86840eb385db0a6e2af18b,415,294,259,156,19,1.6842105263157894,3,1.5,2,1,6,7,2.333333333333333,3,1.6666666666666667,1.6153846153846154,3.0,1,prospective,synthetic_grid_6q_transpiler,grid,transpiler,SYNTHETIC_TARGET,"{""edges"": [[0, 1], [0, 3], [1, 0], [1, 2], [1, 4], [2, 1], [2, 5], [3, 0], [3, 4], [4, 1], [4, 3], [4, 5], [5, 2], [5, 4]], ""seed"": 7, ""basis"": [""id"", ""rz"", ""sx"", ""x"", ""ecr""], ""nodes"": 6}",1dc9d7c7422ee8d9e756c16f45c753640fd9bb0d83eb6013019055e1f800f374,,,identity proxy before selection when layout is transpiler,2b5e0ed483cc3050468f9dbe07ba775d3779a0f5f0b1d9721b5967992a9fa793_synthetic_grid_6q_transpiler,basic,11,v0.4.0,98,86,387,3.957549600000001e-05,-34,0.0078562530034105,True,,1.2465172081320964e-13,1e-10,logical Operator.equiv + routed zero/3 random states,"[2, 5, 4, 1]",98,96,-2,86,84,-2,3.957549600000001e-05,3.794801400000001e-05,-1.6274820000000017e-06,teleport,teleport
2b5e0ed483cc3050468f9dbe07ba775d3779a0f5f0b1d9721b5967992a9fa793_synthetic_grid_6q_transpiler_19,4,1.5,0.2,3,current,2b5e0ed483cc3050468f9dbe07ba775d3779a0f5f0b1d9721b5967992a9fa793,7053dcfa4d49723c39c3271f3f1855d8cc4ee612ed86840eb385db0a6e2af18b,415,294,259,156,19,1.6842105263157894,3,1.5,2,1,6,7,2.333333333333333,3,1.6666666666666667,1.6153846153846154,3.0,1,prospective,synthetic_grid_6q_transpiler,grid,transpiler,SYNTHETIC_TARGET,"{""edges"": [[0, 1], [0, 3], [1, 0], [1, 2], [1, 4], [2, 1], [2, 5], [3, 0], [3, 4], [4, 1], [4, 3], [4, 5], [5, 2], [5, 4]], ""seed"": 7, ""basis"": [""id"", ""rz"", ""sx"", ""x"", ""ecr""], ""nodes"": 6}",1dc9d7c7422ee8d9e756c16f45c753640fd9bb0d83eb6013019055e1f800f374,,,identity proxy before selection when layout is transpiler,2b5e0ed483cc3050468f9dbe07ba775d3779a0f5f0b1d9721b5967992a9fa793_synthetic_grid_6q_transpiler,basic,19,v0.4.0,98,86,360,3.173068200000003e-05,-34,0.0083364629972493,True,,3.293245832093082e-14,1e-10,logical Operator.equiv + routed zero/3 random states,"[0, 3, 4, 5]",98,96,-2,86,84,-2,3.173068200000003e-05,2.9827254000000053e-05,-1.9034279999999756e-06,teleport,teleport
2b5e0ed483cc3050468f9dbe07ba775d3779a0f5f0b1d9721b5967992a9fa793_synthetic_grid_6q_transpiler_29,4,1.5,0.2,3,current,2b5e0ed483cc3050468f9dbe07ba775d3779a0f5f0b1d9721b5967992a9fa793,7053dcfa4d49723c39c3271f3f1855d8cc4ee612ed86840eb385db0a6e2af18b,415,294,259,156,19,1.6842105263157894,3,1.5,2,1,6,7,2.333333333333333,3,1.6666666666666667,1.6153846153846154,3.0,1,prospective,synthetic_grid_6q_transpiler,grid,transpiler,SYNTHETIC_TARGET,"{""edges"": [[0, 1], [0, 3], [1, 0], [1, 2], [1, 4], [2, 1], [2, 5], [3, 0], [3, 4], [4, 1], [4, 3], [4, 5], [5, 2], [5, 4]], ""seed"": 7, ""basis"": [""id"", ""rz"", ""sx"", ""x"", ""ecr""], ""nodes"": 6}",1dc9d7c7422ee8d9e756c16f45c753640fd9bb0d83eb6013019055e1f800f374,,,identity proxy before selection when layout is transpiler,2b5e0ed483cc3050468f9dbe07ba775d3779a0f5f0b1d9721b5967992a9fa793_synthetic_grid_6q_transpiler,basic,29,v0.4.0,98,86,390,4.710085199999996e-05,-34,0.0078945280038169,True,,5.410827024281209e-14,1e-10,logical Operator.equiv + routed zero/3 random states,"[1, 2, 5, 4]",98,96,-2,86,84,-2,4.710085199999996e-05,4.6427525999999966e-05,-6.733259999999969e-07,teleport,teleport
2b5e0ed483cc3050468f9dbe07ba775d3779a0f5f0b1d9721b5967992a9fa793_synthetic_grid_6q_transpiler_37,4,1.5,0.2,3,current,2b5e0ed483cc3050468f9dbe07ba775d3779a0f5f0b1d9721b5967992a9fa793,7053dcfa4d49723c39c3271f3f1855d8cc4ee612ed86840eb385db0a6e2af18b,415,294,259,156,19,1.6842105263157894,3,1.5,2,1,6,7,2.333333333333333,3,1.6666666666666667,1.6153846153846154,3.0,1,prospective,synthetic_grid_6q_transpiler,grid,transpiler,SYNTHETIC_TARGET,"{""edges"": [[0, 1], [0, 3], [1, 0], [1, 2], [1, 4], [2, 1], [2, 5], [3, 0], [3, 4], [4, 1], [4, 3], [4, 5], [5, 2], [5, 4]], ""seed"": 7, ""basis"": [""id"", ""rz"", ""sx"", ""x"", ""ecr""], ""nodes"": 6}",1dc9d7c7422ee8d9e756c16f45c753640fd9bb0d83eb6013019055e1f800f374,,,identity proxy before selection when layout is transpiler,2b5e0ed483cc3050468f9dbe07ba775d3779a0f5f0b1d9721b5967992a9fa793_synthetic_grid_6q_transpiler,basic,37,v0.4.0,98,86,387,3.957549600000001e-05,-34,0.008144983999955,True,,1.2465172081320964e-13,1e-10,logical Operator.equiv + routed zero/3 random states,"[2, 5, 4, 1]",98,96,-2,86,84,-2,3.957549600000001e-05,3.794801400000001e-05,-1.6274820000000017e-06,teleport,teleport
2b5e0ed483cc3050468f9dbe07ba775d3779a0f5f0b1d9721b5967992a9fa793_synthetic_grid_6q_transpiler_47,4,1.5,0.2,3,current,2b5e0ed483cc3050468f9dbe07ba775d3779a0f5f0b1d9721b5967992a9fa793,7053dcfa4d49723c39c3271f3f1855d8cc4ee612ed86840eb385db0a6e2af18b,415,294,259,156,19,1.6842105263157894,3,1.5,2,1,6,7,2.333333333333333,3,1.6666666666666667,1.6153846153846154,3.0,1,prospective,synthetic_grid_6q_transpiler,grid,transpiler,SYNTHETIC_TARGET,"{""edges"": [[0, 1], [0, 3], [1, 0], [1, 2], [1, 4], [2, 1], [2, 5], [3, 0], [3, 4], [4, 1], [4, 3], [4, 5], [5, 2], [5, 4]], ""seed"": 7, ""basis"": [""id"", ""rz"", ""sx"", ""x"", ""ecr""], ""nodes"": 6}",1dc9d7c7422ee8d9e756c16f45c753640fd9bb0d83eb6013019055e1f800f374,,,identity proxy before selection when layout is transpiler,2b5e0ed483cc3050468f9dbe07ba775d3779a0f5f0b1d9721b5967992a9fa793_synthetic_grid_6q_transpiler,basic,47,v0.4.0,98,86,342,5.143184999999993e-05,-34,0.0081195199963985,True,,5.341292988219284e-14,1e-10,logical Operator.equiv + routed zero/3 random states,"[0, 1, 2, 5]",98,96,-2,86,84,-2,5.143184999999993e-05,5.889393599999989e-05,7.462085999999965e-06,teleport,teleport
2b5e0ed483cc3050468f9dbe07ba775d3779a0f5f0b1d9721b5967992a9fa793_synthetic_heavy_hex_like_7q_transpiler_11,4,1.5,0.2,3,current,2b5e0ed483cc3050468f9dbe07ba775d3779a0f5f0b1d9721b5967992a9fa793,7053dcfa4d49723c39c3271f3f1855d8cc4ee612ed86840eb385db0a6e2af18b,415,294,259,156,19,1.6842105263157894,3,1.5,2,1,7,7,2.0,5,2.2857142857142856,1.0,1.0,1,prospective,synthetic_heavy_hex_like_7q_transpiler,heavy_hex_like,transpiler,SYNTHETIC_TARGET,"{""edges"": [[0, 1], [0, 3], [1, 0], [1, 2], [2, 1], [2, 3], [3, 0], [3, 2], [3, 4], [4, 3], [4, 5], [5, 4], [5, 6], [6, 5]], ""seed"": 7, ""basis"": [""id"", ""rz"", ""sx"", ""x"", ""ecr""], ""nodes"": 7}",a56c42c5929ac738475a61ad56ac38f9ce297f29f090779c0473725bc68476b5,,,identity proxy before selection when layout is transpiler,2b5e0ed483cc3050468f9dbe07ba775d3779a0f5f0b1d9721b5967992a9fa793_synthetic_heavy_hex_like_7q_transpiler,basic,11,v0.4.0,98,86,478,3.22759139999999e-05,-34,0.0077844350016675,True,,7.352919273647564e-14,1e-10,logical Operator.equiv + routed zero/3 random states,"[5, 4, 3, 0]",98,96,-2,86,84,-2,3.22759139999999e-05,4.254518999999997e-05,1.0269276000000076e-05,teleport,teleport
2b5e0ed483cc3050468f9dbe07ba775d3779a0f5f0b1d9721b5967992a9fa793_synthetic_heavy_hex_like_7q_transpiler_19,4,1.5,0.2,3,current,2b5e0ed483cc3050468f9dbe07ba775d3779a0f5f0b1d9721b5967992a9fa793,7053dcfa4d49723c39c3271f3f1855d8cc4ee612ed86840eb385db0a6e2af18b,415,294,259,156,19,1.6842105263157894,3,1.5,2,1,7,7,2.0,5,2.2857142857142856,1.0,1.0,1,prospective,synthetic_heavy_hex_like_7q_transpiler,heavy_hex_like,transpiler,SYNTHETIC_TARGET,"{""edges"": [[0, 1], [0, 3], [1, 0], [1, 2], [2, 1], [2, 3], [3, 0], [3, 2], [3, 4], [4, 3], [4, 5], [5, 4], [5, 6], [6, 5]], ""seed"": 7, ""basis"": [""id"", ""rz"", ""sx"", ""x"", ""ecr""], ""nodes"": 7}",a56c42c5929ac738475a61ad56ac38f9ce297f29f090779c0473725bc68476b5,,,identity proxy before selection when layout is transpiler,2b5e0ed483cc3050468f9dbe07ba775d3779a0f5f0b1d9721b5967992a9fa793_synthetic_heavy_hex_like_7q_transpiler,basic,19,v0.4.0,98,86,478,4.267217400000001e-05,-34,0.0094621870011906,True,,7.352919273647564e-14,1e-10,logical Operator.equiv + routed zero/3 random states,"[5, 4, 3, 2]",98,96,-2,86,84,-2,4.267217400000001e-05,4.198441799999998e-05,-6.877560000000306e-07,teleport,teleport
2b5e0ed483cc3050468f9dbe07ba775d3779a0f5f0b1d9721b5967992a9fa793_synthetic_heavy_hex_like_7q_transpiler_29,4,1.5,0.2,3,current,2b5e0ed483cc3050468f9dbe07ba775d3779a0f5f0b1d9721b5967992a9fa793,7053dcfa4d49723c39c3271f3f1855d8cc4ee612ed86840eb385db0a6e2af18b,415,294,259,156,19,1.6842105263157894,3,1.5,2,1,7,7,2.0,5,2.2857142857142856,1.0,1.0,1,prospective,synthetic_heavy_hex_like_7q_transpiler,heavy_hex_like,transpiler,SYNTHETIC_TARGET,"{""edges"": [[0, 1], [0, 3], [1, 0], [1, 2], [2, 1], [2, 3], [3, 0], [3, 2], [3, 4], [4, 3], [4, 5], [5, 4], [5, 6], [6, 5]], ""seed"": 7, ""basis"": [""id"", ""rz"", ""sx"", ""x"", ""ecr""], ""nodes"": 7}",a56c42c5929ac738475a61ad56ac38f9ce297f29f090779c0473725bc68476b5,,,identity proxy before selection when layout is transpiler,2b5e0ed483cc3050468f9dbe07ba775d3779a0f5f0b1d9721b5967992a9fa793_synthetic_heavy_hex_like_7q_transpiler,basic,29,v0.4.0,98,86,390,3.520453799999997e-05,-34,0.007987586002855,True,,5.3762766695524325e-14,1e-10,logical Operator.equiv + routed zero/3 random states,"[2, 3, 4, 5]",98,96,-2,86,84,-2,3.520453799999997e-05,3.4541867999999974e-05,-6.626699999999941e-07,teleport,teleport
2b5e0ed483cc3050468f9dbe07ba775d3779a0f5f0b1d9721b5967992a9fa793_synthetic_heavy_hex_like_7q_transpiler_37,4,1.5,0.2,3,current,2b5e0ed483cc3050468f9dbe07ba775d3779a0f5f0b1d9721b5967992a9fa793,7053dcfa4d49723c39c3271f3f1855d8cc4ee612ed86840eb385db0a6e2af18b,415,294,259,156,19,1.6842105263157894,3,1.5,2,1,7,7,2.0,5,2.2857142857142856,1.0,1.0,1,prospective,synthetic_heavy_hex_like_7q_transpiler,heavy_hex_like,transpiler,SYNTHETIC_TARGET,"{""edges"": [[0, 1], [0, 3], [1, 0], [1, 2], [2, 1], [2, 3], [3, 0], [3, 2], [3, 4], [4, 3], [4, 5], [5, 4], [5, 6], [6, 5]], ""seed"": 7, ""basis"": [""id"", ""rz"", ""sx"", ""x"", ""ecr""], ""nodes"": 7}",a56c42c5929ac738475a61ad56ac38f9ce297f29f090779c0473725bc68476b5,,,identity proxy before selection when layout is transpiler,2b5e0ed483cc3050468f9dbe07ba775d3779a0f5f0b1d9721b5967992a9fa793_synthetic_heavy_hex_like_7q_transpiler,basic,37,v0.4.0,98,86,429,3.9074885999999976e-05,-34,0.0088450210023438,True,,3.615336126699272e-14,1e-10,logical Operator.equiv + routed zero/3 random states,"[6, 5, 4, 3]",98,96,-2,86,84,-2,3.9074885999999976e-05,4.254518999999997e-05,3.470303999999997e-06,teleport,teleport
2b5e0ed483cc3050468f9dbe07ba775d3779a0f5f0b1d9721b5967992a9fa793_synthetic_heavy_hex_like_7q_transpiler_47,4,1.5,0.2,3,current,2b5e0ed483cc3050468f9dbe07ba775d3779a0f5f0b1d9721b5967992a9fa793,7053dcfa4d49723c39c3271f3f1855d8cc4ee612ed86840eb385db0a6e2af18b,415,294,259,156,19,1.6842105263157894,3,1.5,2,1,7,7,2.0,5,2.2857142857142856,1.0,1.0,1,prospective,synthetic_heavy_hex_like_7q_transpiler,heavy_hex_like,transpiler,SYNTHETIC_TARGET,"{""edges"": [[0, 1], [0, 3], [1, 0], [1, 2], [2, 1], [2, 3], [3, 0], [3, 2], [3, 4], [4, 3], [4, 5], [5, 4], [5, 6], [6, 5]], ""seed"": 7, ""basis"": [""id"", ""rz"", ""sx"", ""x"", ""ecr""], ""nodes"": 7}",a56c42c5929ac738475a61ad56ac38f9ce297f29f090779c0473725bc68476b5,,,identity proxy before selection when layout is transpiler,2b5e0ed483cc3050468f9dbe07ba775d3779a0f5f0b1d9721b5967992a9fa793_synthetic_heavy_hex_like_7q_transpiler,basic,47,v0.4.0,98,86,451,3.522917999999997e-05,-34,0.0085355900009744,True,,6.374782788917556e-14,1e-10,logical Operator.equiv + routed zero/3 random states,"[3, 2, 1, 0]",98,96,-2,86,84,-2,3.522917999999997e-05,3.553243199999998e-05,3.032520000000098e-07,teleport,teleport
2b5e0ed483cc3050468f9dbe07ba775d3779a0f5f0b1d9721b5967992a9fa793_synthetic_irregular_7q_favorable_11,4,1.5,0.2,3,current,2b5e0ed483cc3050468f9dbe07ba775d3779a0f5f0b1d9721b5967992a9fa793,7053dcfa4d49723c39c3271f3f1855d8cc4ee612ed86840eb385db0a6e2af18b,415,294,259,156,19,1.6842105263157894,3,1.5,2,1,7,8,2.2857142857142856,3,1.809523809523809,1.0,1.0,1,prospective,synthetic_irregular_7q_favorable,irregular,favorable,SYNTHETIC_TARGET,"{""edges"": [[0, 1], [0, 3], [1, 0], [1, 2], [2, 1], [2, 3], [2, 6], [3, 0], [3, 2], [3, 4], [4, 3], [4, 5], [5, 4], [5, 6], [6, 2], [6, 5]], ""seed"": 7, ""basis"": [""id"", ""rz"", ""sx"", ""x"", ""ecr""], ""nodes"": 7}",c8b003a1553d070cddc2acc63823ce20487791b575f8614922ec632ce2dbf9e1,"[0, 1, 2, 3]",,identity proxy before selection when layout is transpiler,2b5e0ed483cc3050468f9dbe07ba775d3779a0f5f0b1d9721b5967992a9fa793_synthetic_irregular_7q_favorable,basic,11,v0.4.0,98,86,342,3.093592199999996e-05,-34,0.0073285780017613,True,,1.0676664796480873e-13,1e-10,logical Operator.equiv + routed zero/3 random states,"[0, 1, 2, 3]",98,96,-2,86,84,-2,3.093592199999996e-05,2.9318873999999987e-05,-1.6170479999999758e-06,teleport,teleport
2b5e0ed483cc3050468f9dbe07ba775d3779a0f5f0b1d9721b5967992a9fa793_synthetic_irregular_7q_favorable_19,4,1.5,0.2,3,current,2b5e0ed483cc3050468f9dbe07ba775d3779a0f5f0b1d9721b5967992a9fa793,7053dcfa4d49723c39c3271f3f1855d8cc4ee612ed86840eb385db0a6e2af18b,415,294,259,156,19,1.6842105263157894,3,1.5,2,1,7,8,2.2857142857142856,3,1.809523809523809,1.0,1.0,1,prospective,synthetic_irregular_7q_favorable,irregular,favorable,SYNTHETIC_TARGET,"{""edges"": [[0, 1], [0, 3], [1, 0], [1, 2], [2, 1], [2, 3], [2, 6], [3, 0], [3, 2], [3, 4], [4, 3], [4, 5], [5, 4], [5, 6], [6, 2], [6, 5]], ""seed"": 7, ""basis"": [""id"", ""rz"", ""sx"", ""x"", ""ecr""], ""nodes"": 7}",c8b003a1553d070cddc2acc63823ce20487791b575f8614922ec632ce2dbf9e1,"[0, 1, 2, 3]",,identity proxy before selection when layout is transpiler,2b5e0ed483cc3050468f9dbe07ba775d3779a0f5f0b1d9721b5967992a9fa793_synthetic_irregular_7q_favorable,basic,19,v0.4.0,98,86,342,3.093592199999996e-05,-34,0.0100385250043473,True,,1.0676664796480873e-13,1e-10,logical Operator.equiv + routed zero/3 random states,"[0, 1, 2, 3]",98,96,-2,86,84,-2,3.093592199999996e-05,2.9318873999999987e-05,-1.6170479999999758e-06,teleport,teleport
2b5e0ed483cc3050468f9dbe07ba775d3779a0f5f0b1d9721b5967992a9fa793_synthetic_irregular_7q_favorable_29,4,1.5,0.2,3,current,2b5e0ed483cc3050468f9dbe07ba775d3779a0f5f0b1d9721b5967992a9fa793,7053dcfa4d49723c39c3271f3f1855d8cc4ee612ed86840eb385db0a6e2af18b,415,294,259,156,19,1.6842105263157894,3,1.5,2,1,7,8,2.2857142857142856,3,1.809523809523809,1.0,1.0,1,prospective,synthetic_irregular_7q_favorable,irregular,favorable,SYNTHETIC_TARGET,"{""edges"": [[0, 1], [0, 3], [1, 0], [1, 2], [2, 1], [2, 3], [2, 6], [3, 0], [3, 2], [3, 4], [4, 3], [4, 5], [5, 4], [5, 6], [6, 2], [6, 5]], ""seed"": 7, ""basis"": [""id"", ""rz"", ""sx"", ""x"", ""ecr""], ""nodes"": 7}",c8b003a1553d070cddc2acc63823ce20487791b575f8614922ec632ce2dbf9e1,"[0, 1, 2, 3]",,identity proxy before selection when layout is transpiler,2b5e0ed483cc3050468f9dbe07ba775d3779a0f5f0b1d9721b5967992a9fa793_synthetic_irregular_7q_favorable,basic,29,v0.4.0,98,86,342,3.093592199999996e-05,-34,0.007257520002895,True,,1.0676664796480873e-13,1e-10,logical Operator.equiv + routed zero/3 random states,"[0, 1, 2, 3]",98,96,-2,86,84,-2,3.093592199999996e-05,2.9318873999999987e-05,-1.6170479999999758e-06,teleport,teleport
2b5e0ed483cc3050468f9dbe07ba775d3779a0f5f0b1d9721b5967992a9fa793_synthetic_irregular_7q_favorable_37,4,1.5,0.2,3,current,2b5e0ed483cc3050468f9dbe07ba775d3779a0f5f0b1d9721b5967992a9fa793,7053dcfa4d49723c39c3271f3f1855d8cc4ee612ed86840eb385db0a6e2af18b,415,294,259,156,19,1.6842105263157894,3,1.5,2,1,7,8,2.2857142857142856,3,1.809523809523809,1.0,1.0,1,prospective,synthetic_irregular_7q_favorable,irregular,favorable,SYNTHETIC_TARGET,"{""edges"": [[0, 1], [0, 3], [1, 0], [1, 2], [2, 1], [2, 3], [2, 6], [3, 0], [3, 2], [3, 4], [4, 3], [4, 5], [5, 4], [5, 6], [6, 2], [6, 5]], ""seed"": 7, ""basis"": [""id"", ""rz"", ""sx"", ""x"", ""ecr""], ""nodes"": 7}",c8b003a1553d070cddc2acc63823ce20487791b575f8614922ec632ce2dbf9e1,"[0, 1, 2, 3]",,identity proxy before selection when layout is transpiler,2b5e0ed483cc3050468f9dbe07ba775d3779a0f5f0b1d9721b5967992a9fa793_synthetic_irregular_7q_favorable,basic,37,v0.4.0,98,86,342,3.093592199999996e-05,-34,0.0074667459994088,True,,1.0676664796480873e-13,1e-10,logical Operator.equiv + routed zero/3 random states,"[0, 1, 2, 3]",98,96,-2,86,84,-2,3.093592199999996e-05,2.9318873999999987e-05,-1.6170479999999758e-06,teleport,teleport
2b5e0ed483cc3050468f9dbe07ba775d3779a0f5f0b1d9721b5967992a9fa793_synthetic_irregular_7q_favorable_47,4,1.5,0.2,3,current,2b5e0ed483cc3050468f9dbe07ba775d3779a0f5f0b1d9721b5967992a9fa793,7053dcfa4d49723c39c3271f3f1855d8cc4ee612ed86840eb385db0a6e2af18b,415,294,259,156,19,1.6842105263157894,3,1.5,2,1,7,8,2.2857142857142856,3,1.809523809523809,1.0,1.0,1,prospective,synthetic_irregular_7q_favorable,irregular,favorable,SYNTHETIC_TARGET,"{""edges"": [[0, 1], [0, 3], [1, 0], [1, 2], [2, 1], [2, 3], [2, 6], [3, 0], [3, 2], [3, 4], [4, 3], [4, 5], [5, 4], [5, 6], [6, 2], [6, 5]], ""seed"": 7, ""basis"": [""id"", ""rz"", ""sx"", ""x"", ""ecr""], ""nodes"": 7}",c8b003a1553d070cddc2acc63823ce20487791b575f8614922ec632ce2dbf9e1,"[0, 1, 2, 3]",,identity proxy before selection when layout is transpiler,2b5e0ed483cc3050468f9dbe07ba775d3779a0f5f0b1d9721b5967992a9fa793_synthetic_irregular_7q_favorable,basic,47,v0.4.0,98,86,342,3.093592199999996e-05,-34,0.0082928629999514,True,,1.0676664796480873e-13,1e-10,logical Operator.equiv + routed zero/3 random states,"[0, 1, 2, 3]",98,96,-2,86,84,-2,3.093592199999996e-05,2.9318873999999987e-05,-1.6170479999999758e-06,teleport,teleport
2b5e0ed483cc3050468f9dbe07ba775d3779a0f5f0b1d9721b5967992a9fa793_synthetic_irregular_7q_spread_11,4,1.5,0.2,3,current,2b5e0ed483cc3050468f9dbe07ba775d3779a0f5f0b1d9721b5967992a9fa793,7053dcfa4d49723c39c3271f3f1855d8cc4ee612ed86840eb385db0a6e2af18b,415,294,259,156,19,1.6842105263157894,3,1.5,2,1,7,8,2.2857142857142856,3,1.809523809523809,1.6153846153846154,2.0,1,prospective,synthetic_irregular_7q_spread,irregular,spread,SYNTHETIC_TARGET,"{""edges"": [[0, 1], [0, 3], [1, 0], [1, 2], [2, 1], [2, 3], [2, 6], [3, 0], [3, 2], [3, 4], [4, 3], [4, 5], [5, 4], [5, 6], [6, 2], [6, 5]], ""seed"": 7, ""basis"": [""id"", ""rz"", ""sx"", ""x"", ""ecr""], ""nodes"": 7}",c8b003a1553d070cddc2acc63823ce20487791b575f8614922ec632ce2dbf9e1,"[0, 2, 3, 5]",,identity proxy before selection when layout is transpiler,2b5e0ed483cc3050468f9dbe07ba775d3779a0f5f0b1d9721b5967992a9fa793_synthetic_irregular_7q_spread,basic,11,v0.4.0,104,89,376,4.110907200000002e-05,-28,0.0080721670019556,True,,1.0813243120447349e-13,1e-10,logical Operator.equiv + routed zero/3 random states,"[0, 3, 2, 6]",104,102,-2,89,87,-2,4.110907200000002e-05,3.641399399999999e-05,-4.695078000000029e-06,teleport,teleport
2b5e0ed483cc3050468f9dbe07ba775d3779a0f5f0b1d9721b5967992a9fa793_synthetic_irregular_7q_spread_19,4,1.5,0.2,3,current,2b5e0ed483cc3050468f9dbe07ba775d3779a0f5f0b1d9721b5967992a9fa793,7053dcfa4d49723c39c3271f3f1855d8cc4ee612ed86840eb385db0a6e2af18b,415,294,259,156,19,1.6842105263157894,3,1.5,2,1,7,8,2.2857142857142856,3,1.809523809523809,1.6153846153846154,2.0,1,prospective,synthetic_irregular_7q_spread,irregular,spread,SYNTHETIC_TARGET,"{""edges"": [[0, 1], [0, 3], [1, 0], [1, 2], [2, 1], [2, 3], [2, 6], [3, 0], [3, 2], [3, 4], [4, 3], [4, 5], [5, 4], [5, 6], [6, 2], [6, 5]], ""seed"": 7, ""basis"": [""id"", ""rz"", ""sx"", ""x"", ""ecr""], ""nodes"": 7}",c8b003a1553d070cddc2acc63823ce20487791b575f8614922ec632ce2dbf9e1,"[0, 2, 3, 5]",,identity proxy before selection when layout is transpiler,2b5e0ed483cc3050468f9dbe07ba775d3779a0f5f0b1d9721b5967992a9fa793_synthetic_irregular_7q_spread,basic,19,v0.4.0,104,89,376,4.110907200000002e-05,-28,0.007339577001403,True,,1.0813243120447349e-13,1e-10,logical Operator.equiv + routed zero/3 random states,"[0, 3, 2, 6]",104,102,-2,89,87,-2,4.110907200000002e-05,3.641399399999999e-05,-4.695078000000029e-06,teleport,teleport
2b5e0ed483cc3050468f9dbe07ba775d3779a0f5f0b1d9721b5967992a9fa793_synthetic_irregular_7q_spread_29,4,1.5,0.2,3,current,2b5e0ed483cc3050468f9dbe07ba775d3779a0f5f0b1d9721b5967992a9fa793,7053dcfa4d49723c39c3271f3f1855d8cc4ee612ed86840eb385db0a6e2af18b,415,294,259,156,19,1.6842105263157894,3,1.5,2,1,7,8,2.2857142857142856,3,1.809523809523809,1.6153846153846154,2.0,1,prospective,synthetic_irregular_7q_spread,irregular,spread,SYNTHETIC_TARGET,"{""edges"": [[0, 1], [0, 3], [1, 0], [1, 2], [2, 1], [2, 3], [2, 6], [3, 0], [3, 2], [3, 4], [4, 3], [4, 5], [5, 4], [5, 6], [6, 2], [6, 5]], ""seed"": 7, ""basis"": [""id"", ""rz"", ""sx"", ""x"", ""ecr""], ""nodes"": 7}",c8b003a1553d070cddc2acc63823ce20487791b575f8614922ec632ce2dbf9e1,"[0, 2, 3, 5]",,identity proxy before selection when layout is transpiler,2b5e0ed483cc3050468f9dbe07ba775d3779a0f5f0b1d9721b5967992a9fa793_synthetic_irregular_7q_spread,basic,29,v0.4.0,104,89,376,4.110907200000002e-05,-28,0.0079028719992493,True,,1.0813243120447349e-13,1e-10,logical Operator.equiv + routed zero/3 random states,"[0, 3, 2, 6]",104,102,-2,89,87,-2,4.110907200000002e-05,3.641399399999999e-05,-4.695078000000029e-06,teleport,teleport
2b5e0ed483cc3050468f9dbe07ba775d3779a0f5f0b1d9721b5967992a9fa793_synthetic_irregular_7q_spread_37,4,1.5,0.2,3,current,2b5e0ed483cc3050468f9dbe07ba775d3779a0f5f0b1d9721b5967992a9fa793,7053dcfa4d49723c39c3271f3f1855d8cc4ee612ed86840eb385db0a6e2af18b,415,294,259,156,19,1.6842105263157894,3,1.5,2,1,7,8,2.2857142857142856,3,1.809523809523809,1.6153846153846154,2.0,1,prospective,synthetic_irregular_7q_spread,irregular,spread,SYNTHETIC_TARGET,"{""edges"": [[0, 1], [0, 3], [1, 0], [1, 2], [2, 1], [2, 3], [2, 6], [3, 0], [3, 2], [3, 4], [4, 3], [4, 5], [5, 4], [5, 6], [6, 2], [6, 5]], ""seed"": 7, ""basis"": [""id"", ""rz"", ""sx"", ""x"", ""ecr""], ""nodes"": 7}",c8b003a1553d070cddc2acc63823ce20487791b575f8614922ec632ce2dbf9e1,"[0, 2, 3, 5]",,identity proxy before selection when layout is transpiler,2b5e0ed483cc3050468f9dbe07ba775d3779a0f5f0b1d9721b5967992a9fa793_synthetic_irregular_7q_spread,basic,37,v0.4.0,104,89,376,4.110907200000002e-05,-28,0.0082276890025241,True,,1.0813243120447349e-13,1e-10,logical Operator.equiv + routed zero/3 random states,"[0, 3, 2, 6]",104,102,-2,89,87,-2,4.110907200000002e-05,3.641399399999999e-05,-4.695078000000029e-06,teleport,teleport
2b5e0ed483cc3050468f9dbe07ba775d3779a0f5f0b1d9721b5967992a9fa793_synthetic_irregular_7q_spread_47,4,1.5,0.2,3,current,2b5e0ed483cc3050468f9dbe07ba775d3779a0f5f0b1d9721b5967992a9fa793,7053dcfa4d49723c39c3271f3f1855d8cc4ee612ed86840eb385db0a6e2af18b,415,294,259,156,19,1.6842105263157894,3,1.5,2,1,7,8,2.2857142857142856,3,1.809523809523809,1.6153846153846154,2.0,1,prospective,synthetic_irregular_7q_spread,irregular,spread,SYNTHETIC_TARGET,"{""edges"": [[0, 1], [0, 3], [1, 0], [1, 2], [2, 1], [2, 3], [2, 6], [3, 0], [3, 2], [3, 4], [4, 3], [4, 5], [5, 4], [5, 6], [6, 2], [6, 5]], ""seed"": 7, ""basis"": [""id"", ""rz"", ""sx"", ""x"", ""ecr""], ""nodes"": 7}",c8b003a1553d070cddc2acc63823ce20487791b575f8614922ec632ce2dbf9e1,"[0, 2, 3, 5]",,identity proxy before selection when layout is transpiler,2b5e0ed483cc3050468f9dbe07ba775d3779a0f5f0b1d9721b5967992a9fa793_synthetic_irregular_7q_spread,basic,47,v0.4.0,104,89,376,4.110907200000002e-05,-28,0.0080259649985237,True,,1.0813243120447349e-13,1e-10,logical Operator.equiv + routed zero/3 random states,"[0, 3, 2, 6]",104,102,-2,89,87,-2,4.110907200000002e-05,3.641399399999999e-05,-4.695078000000029e-06,teleport,teleport
8e4246a80f37dc867d0cfe5b703c5e97fe1bd50168e294b8649e2eadb63771f1_synthetic_line_6q_favorable_11,4,1.5,0.2,3,reversed,8e4246a80f37dc867d0cfe5b703c5e97fe1bd50168e294b8649e2eadb63771f1,ac9e11c5e0ad6cf029dbb306c1c1878bd17bda5d9f0f07da06929dd1ce826be0,415,295,259,156,19,1.6842105263157894,3,1.5,2,1,6,5,1.6666666666666667,5,2.333333333333333,1.0,1.0,1,prospective,synthetic_line_6q_favorable,line,favorable,SYNTHETIC_TARGET,"{""edges"": [[0, 1], [1, 0], [1, 2], [2, 1], [2, 3], [3, 2], [3, 4], [4, 3], [4, 5], [5, 4]], ""seed"": 7, ""basis"": [""id"", ""rz"", ""sx"", ""x"", ""ecr""], ""nodes"": 6}",ccfecec17e274607ed29176fa4c2a758de445cb0e2e85ddcc1bbcb36bd80dcb3,"[0, 1, 2, 3]",,identity proxy before selection when layout is transpiler,8e4246a80f37dc867d0cfe5b703c5e97fe1bd50168e294b8649e2eadb63771f1_synthetic_line_6q_favorable,basic,11,v0.4.0,104,92,364,6.492833999999994e-05,-34,0.0072709800006123,True,,6.208832930579575e-14,1e-10,logical Operator.equiv + routed zero/3 random states,"[0, 1, 2, 3]",104,98,-6,92,86,-6,6.492833999999994e-05,6.462686399999996e-05,-3.0147599999997773e-07,teleport,teleport
8e4246a80f37dc867d0cfe5b703c5e97fe1bd50168e294b8649e2eadb63771f1_synthetic_line_6q_favorable_19,4,1.5,0.2,3,reversed,8e4246a80f37dc867d0cfe5b703c5e97fe1bd50168e294b8649e2eadb63771f1,ac9e11c5e0ad6cf029dbb306c1c1878bd17bda5d9f0f07da06929dd1ce826be0,415,295,259,156,19,1.6842105263157894,3,1.5,2,1,6,5,1.6666666666666667,5,2.333333333333333,1.0,1.0,1,prospective,synthetic_line_6q_favorable,line,favorable,SYNTHETIC_TARGET,"{""edges"": [[0, 1], [1, 0], [1, 2], [2, 1], [2, 3], [3, 2], [3, 4], [4, 3], [4, 5], [5, 4]], ""seed"": 7, ""basis"": [""id"", ""rz"", ""sx"", ""x"", ""ecr""], ""nodes"": 6}",ccfecec17e274607ed29176fa4c2a758de445cb0e2e85ddcc1bbcb36bd80dcb3,"[0, 1, 2, 3]",,identity proxy before selection when layout is transpiler,8e4246a80f37dc867d0cfe5b703c5e97fe1bd50168e294b8649e2eadb63771f1_synthetic_line_6q_favorable,basic,19,v0.4.0,104,92,364,6.492833999999994e-05,-34,0.0083212190002086,True,,6.208832930579575e-14,1e-10,logical Operator.equiv + routed zero/3 random states,"[0, 1, 2, 3]",104,98,-6,92,86,-6,6.492833999999994e-05,6.462686399999996e-05,-3.0147599999997773e-07,teleport,teleport
8e4246a80f37dc867d0cfe5b703c5e97fe1bd50168e294b8649e2eadb63771f1_synthetic_line_6q_favorable_29,4,1.5,0.2,3,reversed,8e4246a80f37dc867d0cfe5b703c5e97fe1bd50168e294b8649e2eadb63771f1,ac9e11c5e0ad6cf029dbb306c1c1878bd17bda5d9f0f07da06929dd1ce826be0,415,295,259,156,19,1.6842105263157894,3,1.5,2,1,6,5,1.6666666666666667,5,2.333333333333333,1.0,1.0,1,prospective,synthetic_line_6q_favorable,line,favorable,SYNTHETIC_TARGET,"{""edges"": [[0, 1], [1, 0], [1, 2], [2, 1], [2, 3], [3, 2], [3, 4], [4, 3], [4, 5], [5, 4]], ""seed"": 7, ""basis"": [""id"", ""rz"", ""sx"", ""x"", ""ecr""], ""nodes"": 6}",ccfecec17e274607ed29176fa4c2a758de445cb0e2e85ddcc1bbcb36bd80dcb3,"[0, 1, 2, 3]",,identity proxy before selection when layout is transpiler,8e4246a80f37dc867d0cfe5b703c5e97fe1bd50168e294b8649e2eadb63771f1_synthetic_line_6q_favorable,basic,29,v0.4.0,104,92,364,6.492833999999994e-05,-34,0.0075471950040082,True,,6.208832930579575e-14,1e-10,logical Operator.equiv + routed zero/3 random states,"[0, 1, 2, 3]",104,98,-6,92,86,-6,6.492833999999994e-05,6.462686399999996e-05,-3.0147599999997773e-07,teleport,teleport
8e4246a80f37dc867d0cfe5b703c5e97fe1bd50168e294b8649e2eadb63771f1_synthetic_line_6q_favorable_37,4,1.5,0.2,3,reversed,8e4246a80f37dc867d0cfe5b703c5e97fe1bd50168e294b8649e2eadb63771f1,ac9e11c5e0ad6cf029dbb306c1c1878bd17bda5d9f0f07da06929dd1ce826be0,415,295,259,156,19,1.6842105263157894,3,1.5,2,1,6,5,1.6666666666666667,5,2.333333333333333,1.0,1.0,1,prospective,synthetic_line_6q_favorable,line,favorable,SYNTHETIC_TARGET,"{""edges"": [[0, 1], [1, 0], [1, 2], [2, 1], [2, 3], [3, 2], [3, 4], [4, 3], [4, 5], [5, 4]], ""seed"": 7, ""basis"": [""id"", ""rz"", ""sx"", ""x"", ""ecr""], ""nodes"": 6}",ccfecec17e274607ed29176fa4c2a758de445cb0e2e85ddcc1bbcb36bd80dcb3,"[0, 1, 2, 3]",,identity proxy before selection when layout is transpiler,8e4246a80f37dc867d0cfe5b703c5e97fe1bd50168e294b8649e2eadb63771f1_synthetic_line_6q_favorable,basic,37,v0.4.0,104,92,364,6.492833999999994e-05,-34,0.0078318460000446,True,,6.208832930579575e-14,1e-10,logical Operator.equiv + routed zero/3 random states,"[0, 1, 2, 3]",104,98,-6,92,86,-6,6.492833999999994e-05,6.462686399999996e-05,-3.0147599999997773e-07,teleport,teleport
8e4246a80f37dc867d0cfe5b703c5e97fe1bd50168e294b8649e2eadb63771f1_synthetic_line_6q_favorable_47,4,1.5,0.2,3,reversed,8e4246a80f37dc867d0cfe5b703c5e97fe1bd50168e294b8649e2eadb63771f1,ac9e11c5e0ad6cf029dbb306c1c1878bd17bda5d9f0f07da06929dd1ce826be0,415,295,259,156,19,1.6842105263157894,3,1.5,2,1,6,5,1.6666666666666667,5,2.333333333333333,1.0,1.0,1,prospective,synthetic_line_6q_favorable,line,favorable,SYNTHETIC_TARGET,"{""edges"": [[0, 1], [1, 0], [1, 2], [2, 1], [2, 3], [3, 2], [3, 4], [4, 3], [4, 5], [5, 4]], ""seed"": 7, ""basis"": [""id"", ""rz"", ""sx"", ""x"", ""ecr""], ""nodes"": 6}",ccfecec17e274607ed29176fa4c2a758de445cb0e2e85ddcc1bbcb36bd80dcb3,"[0, 1, 2, 3]",,identity proxy before selection when layout is transpiler,8e4246a80f37dc867d0cfe5b703c5e97fe1bd50168e294b8649e2eadb63771f1_synthetic_line_6q_favorable,basic,47,v0.4.0,104,92,364,6.492833999999994e-05,-34,0.0073103820031974,True,,6.208832930579575e-14,1e-10,logical Operator.equiv + routed zero/3 random states,"[0, 1, 2, 3]",104,98,-6,92,86,-6,6.492833999999994e-05,6.462686399999996e-05,-3.0147599999997773e-07,teleport,teleport
8e4246a80f37dc867d0cfe5b703c5e97fe1bd50168e294b8649e2eadb63771f1_synthetic_line_6q_spread_11,4,1.5,0.2,3,reversed,8e4246a80f37dc867d0cfe5b703c5e97fe1bd50168e294b8649e2eadb63771f1,ac9e11c5e0ad6cf029dbb306c1c1878bd17bda5d9f0f07da06929dd1ce826be0,415,295,259,156,19,1.6842105263157894,3,1.5,2,1,6,5,1.6666666666666667,5,2.333333333333333,1.6153846153846154,2.0,1,prospective,synthetic_line_6q_spread,line,spread,SYNTHETIC_TARGET,"{""edges"": [[0, 1], [1, 0], [1, 2], [2, 1], [2, 3], [3, 2], [3, 4], [4, 3], [4, 5], [5, 4]], ""seed"": 7, ""basis"": [""id"", ""rz"", ""sx"", ""x"", ""ecr""], ""nodes"": 6}",ccfecec17e274607ed29176fa4c2a758de445cb0e2e85ddcc1bbcb36bd80dcb3,"[0, 2, 3, 5]",,identity proxy before selection when layout is transpiler,8e4246a80f37dc867d0cfe5b703c5e97fe1bd50168e294b8649e2eadb63771f1_synthetic_line_6q_spread,basic,11,v0.4.0,110,95,369,5.8720553999999935e-05,-28,0.0086571900028502,True,,4.9370296443161287e-14,1e-10,logical Operator.equiv + routed zero/3 random states,"[1, 2, 3, 4]",110,104,-6,95,88,-7,5.8720553999999935e-05,5.895387599999991e-05,2.3332199999997642e-07,teleport,teleport
8e4246a80f37dc867d0cfe5b703c5e97fe1bd50168e294b8649e2eadb63771f1_synthetic_line_6q_spread_19,4,1.5,0.2,3,reversed,8e4246a80f37dc867d0cfe5b703c5e97fe1bd50168e294b8649e2eadb63771f1,ac9e11c5e0ad6cf029dbb306c1c1878bd17bda5d9f0f07da06929dd1ce826be0,415,295,259,156,19,1.6842105263157894,3,1.5,2,1,6,5,1.6666666666666667,5,2.333333333333333,1.6153846153846154,2.0,1,prospective,synthetic_line_6q_spread,line,spread,SYNTHETIC_TARGET,"{""edges"": [[0, 1], [1, 0], [1, 2], [2, 1], [2, 3], [3, 2], [3, 4], [4, 3], [4, 5], [5, 4]], ""seed"": 7, ""basis"": [""id"", ""rz"", ""sx"", ""x"", ""ecr""], ""nodes"": 6}",ccfecec17e274607ed29176fa4c2a758de445cb0e2e85ddcc1bbcb36bd80dcb3,"[0, 2, 3, 5]",,identity proxy before selection when layout is transpiler,8e4246a80f37dc867d0cfe5b703c5e97fe1bd50168e294b8649e2eadb63771f1_synthetic_line_6q_spread,basic,19,v0.4.0,110,95,369,5.8720553999999935e-05,-28,0.0079132950049825,True,,4.9370296443161287e-14,1e-10,logical Operator.equiv + routed zero/3 random states,"[1, 2, 3, 4]",110,104,-6,95,88,-7,5.8720553999999935e-05,5.895387599999991e-05,2.3332199999997642e-07,teleport,teleport
8e4246a80f37dc867d0cfe5b703c5e97fe1bd50168e294b8649e2eadb63771f1_synthetic_line_6q_spread_29,4,1.5,0.2,3,reversed,8e4246a80f37dc867d0cfe5b703c5e97fe1bd50168e294b8649e2eadb63771f1,ac9e11c5e0ad6cf029dbb306c1c1878bd17bda5d9f0f07da06929dd1ce826be0,415,295,259,156,19,1.6842105263157894,3,1.5,2,1,6,5,1.6666666666666667,5,2.333333333333333,1.6153846153846154,2.0,1,prospective,synthetic_line_6q_spread,line,spread,SYNTHETIC_TARGET,"{""edges"": [[0, 1], [1, 0], [1, 2], [2, 1], [2, 3], [3, 2], [3, 4], [4, 3], [4, 5], [5, 4]], ""seed"": 7, ""basis"": [""id"", ""rz"", ""sx"", ""x"", ""ecr""], ""nodes"": 6}",ccfecec17e274607ed29176fa4c2a758de445cb0e2e85ddcc1bbcb36bd80dcb3,"[0, 2, 3, 5]",,identity proxy before selection when layout is transpiler,8e4246a80f37dc867d0cfe5b703c5e97fe1bd50168e294b8649e2eadb63771f1_synthetic_line_6q_spread,basic,29,v0.4.0,110,95,369,5.8720553999999935e-05,-28,0.0081160300032934,True,,4.9370296443161287e-14,1e-10,logical Operator.equiv + routed zero/3 random states,"[1, 2, 3, 4]",110,104,-6,95,88,-7,5.8720553999999935e-05,5.895387599999991e-05,2.3332199999997642e-07,teleport,teleport
8e4246a80f37dc867d0cfe5b703c5e97fe1bd50168e294b8649e2eadb63771f1_synthetic_line_6q_spread_37,4,1.5,0.2,3,reversed,8e4246a80f37dc867d0cfe5b703c5e97fe1bd50168e294b8649e2eadb63771f1,ac9e11c5e0ad6cf029dbb306c1c1878bd17bda5d9f0f07da06929dd1ce826be0,415,295,259,156,19,1.6842105263157894,3,1.5,2,1,6,5,1.6666666666666667,5,2.333333333333333,1.6153846153846154,2.0,1,prospective,synthetic_line_6q_spread,line,spread,SYNTHETIC_TARGET,"{""edges"": [[0, 1], [1, 0], [1, 2], [2, 1], [2, 3], [3, 2], [3, 4], [4, 3], [4, 5], [5, 4]], ""seed"": 7, ""basis"": [""id"", ""rz"", ""sx"", ""x"", ""ecr""], ""nodes"": 6}",ccfecec17e274607ed29176fa4c2a758de445cb0e2e85ddcc1bbcb36bd80dcb3,"[0, 2, 3, 5]",,identity proxy before selection when layout is transpiler,8e4246a80f37dc867d0cfe5b703c5e97fe1bd50168e294b8649e2eadb63771f1_synthetic_line_6q_spread,basic,37,v0.4.0,110,95,369,5.8720553999999935e-05,-28,0.0086480760000995,True,,4.9370296443161287e-14,1e-10,logical Operator.equiv + routed zero/3 random states,"[1, 2, 3, 4]",110,104,-6,95,88,-7,5.8720553999999935e-05,5.895387599999991e-05,2.3332199999997642e-07,teleport,teleport
8e4246a80f37dc867d0cfe5b703c5e97fe1bd50168e294b8649e2eadb63771f1_synthetic_line_6q_spread_47,4,1.5,0.2,3,reversed,8e4246a80f37dc867d0cfe5b703c5e97fe1bd50168e294b8649e2eadb63771f1,ac9e11c5e0ad6cf029dbb306c1c1878bd17bda5d9f0f07da06929dd1ce826be0,415,295,259,156,19,1.6842105263157894,3,1.5,2,1,6,5,1.6666666666666667,5,2.333333333333333,1.6153846153846154,2.0,1,prospective,synthetic_line_6q_spread,line,spread,SYNTHETIC_TARGET,"{""edges"": [[0, 1], [1, 0], [1, 2], [2, 1], [2, 3], [3, 2], [3, 4], [4, 3], [4, 5], [5, 4]], ""seed"": 7, ""basis"": [""id"", ""rz"", ""sx"", ""x"", ""ecr""], ""nodes"": 6}",ccfecec17e274607ed29176fa4c2a758de445cb0e2e85ddcc1bbcb36bd80dcb3,"[0, 2, 3, 5]",,identity proxy before selection when layout is transpiler,8e4246a80f37dc867d0cfe5b703c5e97fe1bd50168e294b8649e2eadb63771f1_synthetic_line_6q_spread,basic,47,v0.4.0,110,95,369,5.8720553999999935e-05,-28,0.0078036980048636,True,,4.9370296443161287e-14,1e-10,logical Operator.equiv + routed zero/3 random states,"[1, 2, 3, 4]",110,104,-6,95,88,-7,5.8720553999999935e-05,5.895387599999991e-05,2.3332199999997642e-07,teleport,teleport
8e4246a80f37dc867d0cfe5b703c5e97fe1bd50168e294b8649e2eadb63771f1_synthetic_ring_6q_transpiler_11,4,1.5,0.2,3,reversed,8e4246a80f37dc867d0cfe5b703c5e97fe1bd50168e294b8649e2eadb63771f1,ac9e11c5e0ad6cf029dbb306c1c1878bd17bda5d9f0f07da06929dd1ce826be0,415,295,259,156,19,1.6842105263157894,3,1.5,2,1,6,6,2.0,3,1.8,1.0,1.0,1,prospective,synthetic_ring_6q_transpiler,ring,transpiler,SYNTHETIC_TARGET,"{""edges"": [[0, 1], [0, 5], [1, 0], [1, 2], [2, 1], [2, 3], [3, 2], [3, 4], [4, 3], [4, 5], [5, 0], [5, 4]], ""seed"": 7, ""basis"": [""id"", ""rz"", ""sx"", ""x"", ""ecr""], ""nodes"": 6}",ff4a6017b79ba46163d089d132c4bc654811d5fa5518090a9b65bf0d23d86ee8,,,identity proxy before selection when layout is transpiler,8e4246a80f37dc867d0cfe5b703c5e97fe1bd50168e294b8649e2eadb63771f1_synthetic_ring_6q_transpiler,basic,11,v0.4.0,104,92,414,4.951776599999991e-05,-34,0.0091670140027417,True,,4.8200146335246584e-14,1e-10,logical Operator.equiv + routed zero/3 random states,"[3, 4, 5, 0]",104,98,-6,92,86,-6,4.951776599999991e-05,4.643640599999994e-05,-3.0813599999999708e-06,teleport,teleport
8e4246a80f37dc867d0cfe5b703c5e97fe1bd50168e294b8649e2eadb63771f1_synthetic_ring_6q_transpiler_19,4,1.5,0.2,3,reversed,8e4246a80f37dc867d0cfe5b703c5e97fe1bd50168e294b8649e2eadb63771f1,ac9e11c5e0ad6cf029dbb306c1c1878bd17bda5d9f0f07da06929dd1ce826be0,415,295,259,156,19,1.6842105263157894,3,1.5,2,1,6,6,2.0,3,1.8,1.0,1.0,1,prospective,synthetic_ring_6q_transpiler,ring,transpiler,SYNTHETIC_TARGET,"{""edges"": [[0, 1], [0, 5], [1, 0], [1, 2], [2, 1], [2, 3], [3, 2], [3, 4], [4, 3], [4, 5], [5, 0], [5, 4]], ""seed"": 7, ""basis"": [""id"", ""rz"", ""sx"", ""x"", ""ecr""], ""nodes"": 6}",ff4a6017b79ba46163d089d132c4bc654811d5fa5518090a9b65bf0d23d86ee8,,,identity proxy before selection when layout is transpiler,8e4246a80f37dc867d0cfe5b703c5e97fe1bd50168e294b8649e2eadb63771f1_synthetic_ring_6q_transpiler,basic,19,v0.4.0,104,92,367,5.161832999999992e-05,-34,0.0075629569982993,True,,5.3743775942629714e-14,1e-10,logical Operator.equiv + routed zero/3 random states,"[2, 3, 4, 5]",104,98,-6,92,86,-6,5.161832999999992e-05,4.643640599999994e-05,-5.181923999999984e-06,teleport,teleport
8e4246a80f37dc867d0cfe5b703c5e97fe1bd50168e294b8649e2eadb63771f1_synthetic_ring_6q_transpiler_29,4,1.5,0.2,3,reversed,8e4246a80f37dc867d0cfe5b703c5e97fe1bd50168e294b8649e2eadb63771f1,ac9e11c5e0ad6cf029dbb306c1c1878bd17bda5d9f0f07da06929dd1ce826be0,415,295,259,156,19,1.6842105263157894,3,1.5,2,1,6,6,2.0,3,1.8,1.0,1.0,1,prospective,synthetic_ring_6q_transpiler,ring,transpiler,SYNTHETIC_TARGET,"{""edges"": [[0, 1], [0, 5], [1, 0], [1, 2], [2, 1], [2, 3], [3, 2], [3, 4], [4, 3], [4, 5], [5, 0], [5, 4]], ""seed"": 7, ""basis"": [""id"", ""rz"", ""sx"", ""x"", ""ecr""], ""nodes"": 6}",ff4a6017b79ba46163d089d132c4bc654811d5fa5518090a9b65bf0d23d86ee8,,,identity proxy before selection when layout is transpiler,8e4246a80f37dc867d0cfe5b703c5e97fe1bd50168e294b8649e2eadb63771f1_synthetic_ring_6q_transpiler,basic,29,v0.4.0,104,92,502,4.021019399999994e-05,-34,0.0081900239965762,True,,1.2046022141451084e-13,1e-10,logical Operator.equiv + routed zero/3 random states,"[1, 0, 5, 4]",104,98,-6,92,86,-6,4.021019399999994e-05,3.6225072e-05,-3.985121999999936e-06,teleport,teleport
8e4246a80f37dc867d0cfe5b703c5e97fe1bd50168e294b8649e2eadb63771f1_synthetic_ring_6q_transpiler_37,4,1.5,0.2,3,reversed,8e4246a80f37dc867d0cfe5b703c5e97fe1bd50168e294b8649e2eadb63771f1,ac9e11c5e0ad6cf029dbb306c1c1878bd17bda5d9f0f07da06929dd1ce826be0,415,295,259,156,19,1.6842105263157894,3,1.5,2,1,6,6,2.0,3,1.8,1.0,1.0,1,prospective,synthetic_ring_6q_transpiler,ring,transpiler,SYNTHETIC_TARGET,"{""edges"": [[0, 1], [0, 5], [1, 0], [1, 2], [2, 1], [2, 3], [3, 2], [3, 4], [4, 3], [4, 5], [5, 0], [5, 4]], ""seed"": 7, ""basis"": [""id"", ""rz"", ""sx"", ""x"", ""ecr""], ""nodes"": 6}",ff4a6017b79ba46163d089d132c4bc654811d5fa5518090a9b65bf0d23d86ee8,,,identity proxy before selection when layout is transpiler,8e4246a80f37dc867d0cfe5b703c5e97fe1bd50168e294b8649e2eadb63771f1_synthetic_ring_6q_transpiler,basic,37,v0.4.0,104,92,505,5.248812599999988e-05,-34,0.0108664630024577,True,,1.05157026668461e-13,1e-10,logical Operator.equiv + routed zero/3 random states,"[0, 5, 4, 3]",104,98,-6,92,86,-6,5.248812599999988e-05,4.643640599999994e-05,-6.051719999999942e-06,teleport,teleport
8e4246a80f37dc867d0cfe5b703c5e97fe1bd50168e294b8649e2eadb63771f1_synthetic_ring_6q_transpiler_47,4,1.5,0.2,3,reversed,8e4246a80f37dc867d0cfe5b703c5e97fe1bd50168e294b8649e2eadb63771f1,ac9e11c5e0ad6cf029dbb306c1c1878bd17bda5d9f0f07da06929dd1ce826be0,415,295,259,156,19,1.6842105263157894,3,1.5,2,1,6,6,2.0,3,1.8,1.0,1.0,1,prospective,synthetic_ring_6q_transpiler,ring,transpiler,SYNTHETIC_TARGET,"{""edges"": [[0, 1], [0, 5], [1, 0], [1, 2], [2, 1], [2, 3], [3, 2], [3, 4], [4, 3], [4, 5], [5, 0], [5, 4]], ""seed"": 7, ""basis"": [""id"", ""rz"", ""sx"", ""x"", ""ecr""], ""nodes"": 6}",ff4a6017b79ba46163d089d132c4bc654811d5fa5518090a9b65bf0d23d86ee8,,,identity proxy before selection when layout is transpiler,8e4246a80f37dc867d0cfe5b703c5e97fe1bd50168e294b8649e2eadb63771f1_synthetic_ring_6q_transpiler,basic,47,v0.4.0,104,92,461,5.0766515999999925e-05,-34,0.0086441010062117,True,,8.375880398714374e-14,1e-10,logical Operator.equiv + routed zero/3 random states,"[3, 2, 1, 0]",104,98,-6,92,86,-6,5.0766515999999925e-05,4.7452499999999946e-05,-3.3140159999999792e-06,teleport,teleport
8e4246a80f37dc867d0cfe5b703c5e97fe1bd50168e294b8649e2eadb63771f1_synthetic_grid_6q_transpiler_11,4,1.5,0.2,3,reversed,8e4246a80f37dc867d0cfe5b703c5e97fe1bd50168e294b8649e2eadb63771f1,ac9e11c5e0ad6cf029dbb306c1c1878bd17bda5d9f0f07da06929dd1ce826be0,415,295,259,156,19,1.6842105263157894,3,1.5,2,1,6,7,2.333333333333333,3,1.6666666666666667,1.6153846153846154,3.0,1,prospective,synthetic_grid_6q_transpiler,grid,transpiler,SYNTHETIC_TARGET,"{""edges"": [[0, 1], [0, 3], [1, 0], [1, 2], [1, 4], [2, 1], [2, 5], [3, 0], [3, 4], [4, 1], [4, 3], [4, 5], [5, 2], [5, 4]], ""seed"": 7, ""basis"": [""id"", ""rz"", ""sx"", ""x"", ""ecr""], ""nodes"": 6}",1dc9d7c7422ee8d9e756c16f45c753640fd9bb0d83eb6013019055e1f800f374,,,identity proxy before selection when layout is transpiler,8e4246a80f37dc867d0cfe5b703c5e97fe1bd50168e294b8649e2eadb63771f1_synthetic_grid_6q_transpiler,basic,11,v0.4.0,104,92,413,4.176530400000001e-05,-34,0.0075226129993097,True,,8.939060497487827e-14,1e-10,logical Operator.equiv + routed zero/3 random states,"[2, 5, 4, 1]",104,98,-6,92,86,-6,4.176530400000001e-05,3.7788840000000016e-05,-3.976463999999993e-06,teleport,teleport
8e4246a80f37dc867d0cfe5b703c5e97fe1bd50168e294b8649e2eadb63771f1_synthetic_grid_6q_transpiler_19,4,1.5,0.2,3,reversed,8e4246a80f37dc867d0cfe5b703c5e97fe1bd50168e294b8649e2eadb63771f1,ac9e11c5e0ad6cf029dbb306c1c1878bd17bda5d9f0f07da06929dd1ce826be0,415,295,259,156,19,1.6842105263157894,3,1.5,2,1,6,7,2.333333333333333,3,1.6666666666666667,1.6153846153846154,3.0,1,prospective,synthetic_grid_6q_transpiler,grid,transpiler,SYNTHETIC_TARGET,"{""edges"": [[0, 1], [0, 3], [1, 0], [1, 2], [1, 4], [2, 1], [2, 5], [3, 0], [3, 4], [4, 1], [4, 3], [4, 5], [5, 2], [5, 4]], ""seed"": 7, ""basis"": [""id"", ""rz"", ""sx"", ""x"", ""ecr""], ""nodes"": 6}",1dc9d7c7422ee8d9e756c16f45c753640fd9bb0d83eb6013019055e1f800f374,,,identity proxy before selection when layout is transpiler,8e4246a80f37dc867d0cfe5b703c5e97fe1bd50168e294b8649e2eadb63771f1_synthetic_grid_6q_transpiler,basic,19,v0.4.0,104,92,390,3.3988200000000035e-05,-34,0.0081727629949455,True,,4.7259679088706916e-14,1e-10,logical Operator.equiv + routed zero/3 random states,"[0, 3, 4, 5]",104,98,-6,92,86,-6,3.3988200000000035e-05,3.126559200000004e-05,-2.722607999999995e-06,teleport,teleport
8e4246a80f37dc867d0cfe5b703c5e97fe1bd50168e294b8649e2eadb63771f1_synthetic_grid_6q_transpiler_29,4,1.5,0.2,3,reversed,8e4246a80f37dc867d0cfe5b703c5e97fe1bd50168e294b8649e2eadb63771f1,ac9e11c5e0ad6cf029dbb306c1c1878bd17bda5d9f0f07da06929dd1ce826be0,415,295,259,156,19,1.6842105263157894,3,1.5,2,1,6,7,2.333333333333333,3,1.6666666666666667,1.6153846153846154,3.0,1,prospective,synthetic_grid_6q_transpiler,grid,transpiler,SYNTHETIC_TARGET,"{""edges"": [[0, 1], [0, 3], [1, 0], [1, 2], [1, 4], [2, 1], [2, 5], [3, 0], [3, 4], [4, 1], [4, 3], [4, 5], [5, 2], [5, 4]], ""seed"": 7, ""basis"": [""id"", ""rz"", ""sx"", ""x"", ""ecr""], ""nodes"": 6}",1dc9d7c7422ee8d9e756c16f45c753640fd9bb0d83eb6013019055e1f800f374,,,identity proxy before selection when layout is transpiler,8e4246a80f37dc867d0cfe5b703c5e97fe1bd50168e294b8649e2eadb63771f1_synthetic_grid_6q_transpiler,basic,29,v0.4.0,104,92,414,5.036092199999995e-05,-34,0.0087240819993894,True,,4.793837288613253e-14,1e-10,logical Operator.equiv + routed zero/3 random states,"[1, 2, 5, 4]",104,98,-6,92,86,-6,5.036092199999995e-05,4.7128157999999965e-05,-3.232763999999982e-06,teleport,teleport
8e4246a80f37dc867d0cfe5b703c5e97fe1bd50168e294b8649e2eadb63771f1_synthetic_grid_6q_transpiler_37,4,1.5,0.2,3,reversed,8e4246a80f37dc867d0cfe5b703c5e97fe1bd50168e294b8649e2eadb63771f1,ac9e11c5e0ad6cf029dbb306c1c1878bd17bda5d9f0f07da06929dd1ce826be0,415,295,259,156,19,1.6842105263157894,3,1.5,2,1,6,7,2.333333333333333,3,1.6666666666666667,1.6153846153846154,3.0,1,prospective,synthetic_grid_6q_transpiler,grid,transpiler,SYNTHETIC_TARGET,"{""edges"": [[0, 1], [0, 3], [1, 0], [1, 2], [1, 4], [2, 1], [2, 5], [3, 0], [3, 4], [4, 1], [4, 3], [4, 5], [5, 2], [5, 4]], ""seed"": 7, ""basis"": [""id"", ""rz"", ""sx"", ""x"", ""ecr""], ""nodes"": 6}",1dc9d7c7422ee8d9e756c16f45c753640fd9bb0d83eb6013019055e1f800f374,,,identity proxy before selection when layout is transpiler,8e4246a80f37dc867d0cfe5b703c5e97fe1bd50168e294b8649e2eadb63771f1_synthetic_grid_6q_transpiler,basic,37,v0.4.0,104,92,413,4.176530400000001e-05,-34,0.0074952319992007,True,,8.939060497487827e-14,1e-10,logical Operator.equiv + routed zero/3 random states,"[2, 5, 4, 1]",104,98,-6,92,86,-6,4.176530400000001e-05,3.7788840000000016e-05,-3.976463999999993e-06,teleport,teleport
8e4246a80f37dc867d0cfe5b703c5e97fe1bd50168e294b8649e2eadb63771f1_synthetic_grid_6q_transpiler_47,4,1.5,0.2,3,reversed,8e4246a80f37dc867d0cfe5b703c5e97fe1bd50168e294b8649e2eadb63771f1,ac9e11c5e0ad6cf029dbb306c1c1878bd17bda5d9f0f07da06929dd1ce826be0,415,295,259,156,19,1.6842105263157894,3,1.5,2,1,6,7,2.333333333333333,3,1.6666666666666667,1.6153846153846154,3.0,1,prospective,synthetic_grid_6q_transpiler,grid,transpiler,SYNTHETIC_TARGET,"{""edges"": [[0, 1], [0, 3], [1, 0], [1, 2], [1, 4], [2, 1], [2, 5], [3, 0], [3, 4], [4, 1], [4, 3], [4, 5], [5, 2], [5, 4]], ""seed"": 7, ""basis"": [""id"", ""rz"", ""sx"", ""x"", ""ecr""], ""nodes"": 6}",1dc9d7c7422ee8d9e756c16f45c753640fd9bb0d83eb6013019055e1f800f374,,,identity proxy before selection when layout is transpiler,8e4246a80f37dc867d0cfe5b703c5e97fe1bd50168e294b8649e2eadb63771f1_synthetic_grid_6q_transpiler,basic,47,v0.4.0,104,92,341,5.972554799999993e-05,-34,0.0076860889967065,True,,5.2067115243831297e-14,1e-10,logical Operator.equiv + routed zero/3 random states,"[0, 1, 4, 5]",104,98,-6,92,86,-6,5.972554799999993e-05,5.088683999999993e-05,-8.838708000000003e-06,teleport,teleport
8e4246a80f37dc867d0cfe5b703c5e97fe1bd50168e294b8649e2eadb63771f1_synthetic_heavy_hex_like_7q_transpiler_11,4,1.5,0.2,3,reversed,8e4246a80f37dc867d0cfe5b703c5e97fe1bd50168e294b8649e2eadb63771f1,ac9e11c5e0ad6cf029dbb306c1c1878bd17bda5d9f0f07da06929dd1ce826be0,415,295,259,156,19,1.6842105263157894,3,1.5,2,1,7,7,2.0,5,2.2857142857142856,1.0,1.0,1,prospective,synthetic_heavy_hex_like_7q_transpiler,heavy_hex_like,transpiler,SYNTHETIC_TARGET,"{""edges"": [[0, 1], [0, 3], [1, 0], [1, 2], [2, 1], [2, 3], [3, 0], [3, 2], [3, 4], [4, 3], [4, 5], [5, 4], [5, 6], [6, 5]], ""seed"": 7, ""basis"": [""id"", ""rz"", ""sx"", ""x"", ""ecr""], ""nodes"": 7}",a56c42c5929ac738475a61ad56ac38f9ce297f29f090779c0473725bc68476b5,,,identity proxy before selection when layout is transpiler,8e4246a80f37dc867d0cfe5b703c5e97fe1bd50168e294b8649e2eadb63771f1_synthetic_heavy_hex_like_7q_transpiler,basic,11,v0.4.0,104,92,416,2.786499599999994e-05,-34,0.0081595510055194,True,,4.415312914175199e-14,1e-10,logical Operator.equiv + routed zero/3 random states,"[0, 3, 4, 5]",104,98,-6,92,86,-6,2.786499599999994e-05,3.347915399999998e-05,5.614158000000037e-06,teleport,teleport
8e4246a80f37dc867d0cfe5b703c5e97fe1bd50168e294b8649e2eadb63771f1_synthetic_heavy_hex_like_7q_transpiler_19,4,1.5,0.2,3,reversed,8e4246a80f37dc867d0cfe5b703c5e97fe1bd50168e294b8649e2eadb63771f1,ac9e11c5e0ad6cf029dbb306c1c1878bd17bda5d9f0f07da06929dd1ce826be0,415,295,259,156,19,1.6842105263157894,3,1.5,2,1,7,7,2.0,5,2.2857142857142856,1.0,1.0,1,prospective,synthetic_heavy_hex_like_7q_transpiler,heavy_hex_like,transpiler,SYNTHETIC_TARGET,"{""edges"": [[0, 1], [0, 3], [1, 0], [1, 2], [2, 1], [2, 3], [3, 0], [3, 2], [3, 4], [4, 3], [4, 5], [5, 4], [5, 6], [6, 5]], ""seed"": 7, ""basis"": [""id"", ""rz"", ""sx"", ""x"", ""ecr""], ""nodes"": 7}",a56c42c5929ac738475a61ad56ac38f9ce297f29f090779c0473725bc68476b5,,,identity proxy before selection when layout is transpiler,8e4246a80f37dc867d0cfe5b703c5e97fe1bd50168e294b8649e2eadb63771f1_synthetic_heavy_hex_like_7q_transpiler,basic,19,v0.4.0,104,92,514,4.462533e-05,-34,0.0077070039988029,True,,8.274073027978097e-14,1e-10,logical Operator.equiv + routed zero/3 random states,"[5, 4, 3, 2]",104,98,-6,92,86,-6,4.462533e-05,4.2633546e-05,-1.9917840000000065e-06,teleport,teleport
8e4246a80f37dc867d0cfe5b703c5e97fe1bd50168e294b8649e2eadb63771f1_synthetic_heavy_hex_like_7q_transpiler_29,4,1.5,0.2,3,reversed,8e4246a80f37dc867d0cfe5b703c5e97fe1bd50168e294b8649e2eadb63771f1,ac9e11c5e0ad6cf029dbb306c1c1878bd17bda5d9f0f07da06929dd1ce826be0,415,295,259,156,19,1.6842105263157894,3,1.5,2,1,7,7,2.0,5,2.2857142857142856,1.0,1.0,1,prospective,synthetic_heavy_hex_like_7q_transpiler,heavy_hex_like,transpiler,SYNTHETIC_TARGET,"{""edges"": [[0, 1], [0, 3], [1, 0], [1, 2], [2, 1], [2, 3], [3, 0], [3, 2], [3, 4], [4, 3], [4, 5], [5, 4], [5, 6], [6, 5]], ""seed"": 7, ""basis"": [""id"", ""rz"", ""sx"", ""x"", ""ecr""], ""nodes"": 7}",a56c42c5929ac738475a61ad56ac38f9ce297f29f090779c0473725bc68476b5,,,identity proxy before selection when layout is transpiler,8e4246a80f37dc867d0cfe5b703c5e97fe1bd50168e294b8649e2eadb63771f1_synthetic_heavy_hex_like_7q_transpiler,basic,29,v0.4.0,104,92,416,3.687508799999999e-05,-34,0.0076318919964251,True,,4.415312914175199e-14,1e-10,logical Operator.equiv + routed zero/3 random states,"[2, 3, 4, 5]",104,98,-6,92,86,-6,3.687508799999999e-05,3.347915399999998e-05,-3.3959340000000123e-06,teleport,teleport
8e4246a80f37dc867d0cfe5b703c5e97fe1bd50168e294b8649e2eadb63771f1_synthetic_heavy_hex_like_7q_transpiler_37,4,1.5,0.2,3,reversed,8e4246a80f37dc867d0cfe5b703c5e97fe1bd50168e294b8649e2eadb63771f1,ac9e11c5e0ad6cf029dbb306c1c1878bd17bda5d9f0f07da06929dd1ce826be0,415,295,259,156,19,1.6842105263157894,3,1.5,2,1,7,7,2.0,5,2.2857142857142856,1.0,1.0,1,prospective,synthetic_heavy_hex_like_7q_transpiler,heavy_hex_like,transpiler,SYNTHETIC_TARGET,"{""edges"": [[0, 1], [0, 3], [1, 0], [1, 2], [2, 1], [2, 3], [3, 0], [3, 2], [3, 4], [4, 3], [4, 5], [5, 4], [5, 6], [6, 5]], ""seed"": 7, ""basis"": [""id"", ""rz"", ""sx"", ""x"", ""ecr""], ""nodes"": 7}",a56c42c5929ac738475a61ad56ac38f9ce297f29f090779c0473725bc68476b5,,,identity proxy before selection when layout is transpiler,8e4246a80f37dc867d0cfe5b703c5e97fe1bd50168e294b8649e2eadb63771f1_synthetic_heavy_hex_like_7q_transpiler,basic,37,v0.4.0,104,92,463,4.325225999999992e-05,-34,0.0086856260022614,True,,6.332137579607458e-14,1e-10,logical Operator.equiv + routed zero/3 random states,"[6, 5, 4, 3]",104,98,-6,92,86,-6,4.325225999999992e-05,4.401660599999994e-05,7.643460000000149e-07,teleport,teleport
8e4246a80f37dc867d0cfe5b703c5e97fe1bd50168e294b8649e2eadb63771f1_synthetic_heavy_hex_like_7q_transpiler_47,4,1.5,0.2,3,reversed,8e4246a80f37dc867d0cfe5b703c5e97fe1bd50168e294b8649e2eadb63771f1,ac9e11c5e0ad6cf029dbb306c1c1878bd17bda5d9f0f07da06929dd1ce826be0,415,295,259,156,19,1.6842105263157894,3,1.5,2,1,7,7,2.0,5,2.2857142857142856,1.0,1.0,1,prospective,synthetic_heavy_hex_like_7q_transpiler,heavy_hex_like,transpiler,SYNTHETIC_TARGET,"{""edges"": [[0, 1], [0, 3], [1, 0], [1, 2], [2, 1], [2, 3], [3, 0], [3, 2], [3, 4], [4, 3], [4, 5], [5, 4], [5, 6], [6, 5]], ""seed"": 7, ""basis"": [""id"", ""rz"", ""sx"", ""x"", ""ecr""], ""nodes"": 7}",a56c42c5929ac738475a61ad56ac38f9ce297f29f090779c0473725bc68476b5,,,identity proxy before selection when layout is transpiler,8e4246a80f37dc867d0cfe5b703c5e97fe1bd50168e294b8649e2eadb63771f1_synthetic_heavy_hex_like_7q_transpiler,basic,47,v0.4.0,104,92,470,3.661978799999998e-05,-34,0.0074704910002765,True,,6.983896852785578e-14,1e-10,logical Operator.equiv + routed zero/3 random states,"[3, 2, 1, 0]",104,98,-6,92,86,-6,3.661978799999998e-05,3.396511199999997e-05,-2.654676000000008e-06,teleport,teleport
8e4246a80f37dc867d0cfe5b703c5e97fe1bd50168e294b8649e2eadb63771f1_synthetic_irregular_7q_favorable_11,4,1.5,0.2,3,reversed,8e4246a80f37dc867d0cfe5b703c5e97fe1bd50168e294b8649e2eadb63771f1,ac9e11c5e0ad6cf029dbb306c1c1878bd17bda5d9f0f07da06929dd1ce826be0,415,295,259,156,19,1.6842105263157894,3,1.5,2,1,7,8,2.2857142857142856,3,1.809523809523809,1.0,1.0,1,prospective,synthetic_irregular_7q_favorable,irregular,favorable,SYNTHETIC_TARGET,"{""edges"": [[0, 1], [0, 3], [1, 0], [1, 2], [2, 1], [2, 3], [2, 6], [3, 0], [3, 2], [3, 4], [4, 3], [4, 5], [5, 4], [5, 6], [6, 2], [6, 5]], ""seed"": 7, ""basis"": [""id"", ""rz"", ""sx"", ""x"", ""ecr""], ""nodes"": 7}",c8b003a1553d070cddc2acc63823ce20487791b575f8614922ec632ce2dbf9e1,"[0, 1, 2, 3]",,identity proxy before selection when layout is transpiler,8e4246a80f37dc867d0cfe5b703c5e97fe1bd50168e294b8649e2eadb63771f1_synthetic_irregular_7q_favorable,basic,11,v0.4.0,104,92,362,3.3286235999999944e-05,-34,0.0079134019979392,True,,8.114921523114833e-14,1e-10,logical Operator.equiv + routed zero/3 random states,"[0, 1, 2, 3]",104,98,-6,92,86,-6,3.3286235999999944e-05,3.237115199999998e-05,-9.150839999999631e-07,teleport,teleport
8e4246a80f37dc867d0cfe5b703c5e97fe1bd50168e294b8649e2eadb63771f1_synthetic_irregular_7q_favorable_19,4,1.5,0.2,3,reversed,8e4246a80f37dc867d0cfe5b703c5e97fe1bd50168e294b8649e2eadb63771f1,ac9e11c5e0ad6cf029dbb306c1c1878bd17bda5d9f0f07da06929dd1ce826be0,415,295,259,156,19,1.6842105263157894,3,1.5,2,1,7,8,2.2857142857142856,3,1.809523809523809,1.0,1.0,1,prospective,synthetic_irregular_7q_favorable,irregular,favorable,SYNTHETIC_TARGET,"{""edges"": [[0, 1], [0, 3], [1, 0], [1, 2], [2, 1], [2, 3], [2, 6], [3, 0], [3, 2], [3, 4], [4, 3], [4, 5], [5, 4], [5, 6], [6, 2], [6, 5]], ""seed"": 7, ""basis"": [""id"", ""rz"", ""sx"", ""x"", ""ecr""], ""nodes"": 7}",c8b003a1553d070cddc2acc63823ce20487791b575f8614922ec632ce2dbf9e1,"[0, 1, 2, 3]",,identity proxy before selection when layout is transpiler,8e4246a80f37dc867d0cfe5b703c5e97fe1bd50168e294b8649e2eadb63771f1_synthetic_irregular_7q_favorable,basic,19,v0.4.0,104,92,362,3.3286235999999944e-05,-34,0.0076466139944386,True,,8.114921523114833e-14,1e-10,logical Operator.equiv + routed zero/3 random states,"[0, 1, 2, 3]",104,98,-6,92,86,-6,3.3286235999999944e-05,3.237115199999998e-05,-9.150839999999631e-07,teleport,teleport
8e4246a80f37dc867d0cfe5b703c5e97fe1bd50168e294b8649e2eadb63771f1_synthetic_irregular_7q_favorable_29,4,1.5,0.2,3,reversed,8e4246a80f37dc867d0cfe5b703c5e97fe1bd50168e294b8649e2eadb63771f1,ac9e11c5e0ad6cf029dbb306c1c1878bd17bda5d9f0f07da06929dd1ce826be0,415,295,259,156,19,1.6842105263157894,3,1.5,2,1,7,8,2.2857142857142856,3,1.809523809523809,1.0,1.0,1,prospective,synthetic_irregular_7q_favorable,irregular,favorable,SYNTHETIC_TARGET,"{""edges"": [[0, 1], [0, 3], [1, 0], [1, 2], [2, 1], [2, 3], [2, 6], [3, 0], [3, 2], [3, 4], [4, 3], [4, 5], [5, 4], [5, 6], [6, 2], [6, 5]], ""seed"": 7, ""basis"": [""id"", ""rz"", ""sx"", ""x"", ""ecr""], ""nodes"": 7}",c8b003a1553d070cddc2acc63823ce20487791b575f8614922ec632ce2dbf9e1,"[0, 1, 2, 3]",,identity proxy before selection when layout is transpiler,8e4246a80f37dc867d0cfe5b703c5e97fe1bd50168e294b8649e2eadb63771f1_synthetic_irregular_7q_favorable,basic,29,v0.4.0,104,92,362,3.3286235999999944e-05,-34,0.0078715559939155,True,,8.114921523114833e-14,1e-10,logical Operator.equiv + routed zero/3 random states,"[0, 1, 2, 3]",104,98,-6,92,86,-6,3.3286235999999944e-05,3.237115199999998e-05,-9.150839999999631e-07,teleport,teleport
8e4246a80f37dc867d0cfe5b703c5e97fe1bd50168e294b8649e2eadb63771f1_synthetic_irregular_7q_favorable_37,4,1.5,0.2,3,reversed,8e4246a80f37dc867d0cfe5b703c5e97fe1bd50168e294b8649e2eadb63771f1,ac9e11c5e0ad6cf029dbb306c1c1878bd17bda5d9f0f07da06929dd1ce826be0,415,295,259,156,19,1.6842105263157894,3,1.5,2,1,7,8,2.2857142857142856,3,1.809523809523809,1.0,1.0,1,prospective,synthetic_irregular_7q_favorable,irregular,favorable,SYNTHETIC_TARGET,"{""edges"": [[0, 1], [0, 3], [1, 0], [1, 2], [2, 1], [2, 3], [2, 6], [3, 0], [3, 2], [3, 4], [4, 3], [4, 5], [5, 4], [5, 6], [6, 2], [6, 5]], ""seed"": 7, ""basis"": [""id"", ""rz"", ""sx"", ""x"", ""ecr""], ""nodes"": 7}",c8b003a1553d070cddc2acc63823ce20487791b575f8614922ec632ce2dbf9e1,"[0, 1, 2, 3]",,identity proxy before selection when layout is transpiler,8e4246a80f37dc867d0cfe5b703c5e97fe1bd50168e294b8649e2eadb63771f1_synthetic_irregular_7q_favorable,basic,37,v0.4.0,104,92,362,3.3286235999999944e-05,-34,0.0074422870020498,True,,8.114921523114833e-14,1e-10,logical Operator.equiv + routed zero/3 random states,"[0, 1, 2, 3]",104,98,-6,92,86,-6,3.3286235999999944e-05,3.237115199999998e-05,-9.150839999999631e-07,teleport,teleport
8e4246a80f37dc867d0cfe5b703c5e97fe1bd50168e294b8649e2eadb63771f1_synthetic_irregular_7q_favorable_47,4,1.5,0.2,3,reversed,8e4246a80f37dc867d0cfe5b703c5e97fe1bd50168e294b8649e2eadb63771f1,ac9e11c5e0ad6cf029dbb306c1c1878bd17bda5d9f0f07da06929dd1ce826be0,415,295,259,156,19,1.6842105263157894,3,1.5,2,1,7,8,2.2857142857142856,3,1.809523809523809,1.0,1.0,1,prospective,synthetic_irregular_7q_favorable,irregular,favorable,SYNTHETIC_TARGET,"{""edges"": [[0, 1], [0, 3], [1, 0], [1, 2], [2, 1], [2, 3], [2, 6], [3, 0], [3, 2], [3, 4], [4, 3], [4, 5], [5, 4], [5, 6], [6, 2], [6, 5]], ""seed"": 7, ""basis"": [""id"", ""rz"", ""sx"", ""x"", ""ecr""], ""nodes"": 7}",c8b003a1553d070cddc2acc63823ce20487791b575f8614922ec632ce2dbf9e1,"[0, 1, 2, 3]",,identity proxy before selection when layout is transpiler,8e4246a80f37dc867d0cfe5b703c5e97fe1bd50168e294b8649e2eadb63771f1_synthetic_irregular_7q_favorable,basic,47,v0.4.0,104,92,362,3.3286235999999944e-05,-34,0.0071593310058233,True,,8.114921523114833e-14,1e-10,logical Operator.equiv + routed zero/3 random states,"[0, 1, 2, 3]",104,98,-6,92,86,-6,3.3286235999999944e-05,3.237115199999998e-05,-9.150839999999631e-07,teleport,teleport
8e4246a80f37dc867d0cfe5b703c5e97fe1bd50168e294b8649e2eadb63771f1_synthetic_irregular_7q_spread_11,4,1.5,0.2,3,reversed,8e4246a80f37dc867d0cfe5b703c5e97fe1bd50168e294b8649e2eadb63771f1,ac9e11c5e0ad6cf029dbb306c1c1878bd17bda5d9f0f07da06929dd1ce826be0,415,295,259,156,19,1.6842105263157894,3,1.5,2,1,7,8,2.2857142857142856,3,1.809523809523809,1.6153846153846154,2.0,1,prospective,synthetic_irregular_7q_spread,irregular,spread,SYNTHETIC_TARGET,"{""edges"": [[0, 1], [0, 3], [1, 0], [1, 2], [2, 1], [2, 3], [2, 6], [3, 0], [3, 2], [3, 4], [4, 3], [4, 5], [5, 4], [5, 6], [6, 2], [6, 5]], ""seed"": 7, ""basis"": [""id"", ""rz"", ""sx"", ""x"", ""ecr""], ""nodes"": 7}",c8b003a1553d070cddc2acc63823ce20487791b575f8614922ec632ce2dbf9e1,"[0, 2, 3, 5]",,identity proxy before selection when layout is transpiler,8e4246a80f37dc867d0cfe5b703c5e97fe1bd50168e294b8649e2eadb63771f1_synthetic_irregular_7q_spread,basic,11,v0.4.0,110,95,410,4.378861200000006e-05,-28,0.0081660789946909,True,,7.677543416630449e-14,1e-10,logical Operator.equiv + routed zero/3 random states,"[0, 3, 2, 6]",110,104,-6,95,88,-7,4.378861200000006e-05,5.6473026e-05,1.2684413999999934e-05,teleport,teleport
8e4246a80f37dc867d0cfe5b703c5e97fe1bd50168e294b8649e2eadb63771f1_synthetic_irregular_7q_spread_19,4,1.5,0.2,3,reversed,8e4246a80f37dc867d0cfe5b703c5e97fe1bd50168e294b8649e2eadb63771f1,ac9e11c5e0ad6cf029dbb306c1c1878bd17bda5d9f0f07da06929dd1ce826be0,415,295,259,156,19,1.6842105263157894,3,1.5,2,1,7,8,2.2857142857142856,3,1.809523809523809,1.6153846153846154,2.0,1,prospective,synthetic_irregular_7q_spread,irregular,spread,SYNTHETIC_TARGET,"{""edges"": [[0, 1], [0, 3], [1, 0], [1, 2], [2, 1], [2, 3], [2, 6], [3, 0], [3, 2], [3, 4], [4, 3], [4, 5], [5, 4], [5, 6], [6, 2], [6, 5]], ""seed"": 7, ""basis"": [""id"", ""rz"", ""sx"", ""x"", ""ecr""], ""nodes"": 7}",c8b003a1553d070cddc2acc63823ce20487791b575f8614922ec632ce2dbf9e1,"[0, 2, 3, 5]",,identity proxy before selection when layout is transpiler,8e4246a80f37dc867d0cfe5b703c5e97fe1bd50168e294b8649e2eadb63771f1_synthetic_irregular_7q_spread,basic,19,v0.4.0,110,95,410,4.378861200000006e-05,-28,0.0091937309989589,True,,7.677543416630449e-14,1e-10,logical Operator.equiv + routed zero/3 random states,"[0, 3, 2, 6]",110,104,-6,95,88,-7,4.378861200000006e-05,5.6473026e-05,1.2684413999999934e-05,teleport,teleport
8e4246a80f37dc867d0cfe5b703c5e97fe1bd50168e294b8649e2eadb63771f1_synthetic_irregular_7q_spread_29,4,1.5,0.2,3,reversed,8e4246a80f37dc867d0cfe5b703c5e97fe1bd50168e294b8649e2eadb63771f1,ac9e11c5e0ad6cf029dbb306c1c1878bd17bda5d9f0f07da06929dd1ce826be0,415,295,259,156,19,1.6842105263157894,3,1.5,2,1,7,8,2.2857142857142856,3,1.809523809523809,1.6153846153846154,2.0,1,prospective,synthetic_irregular_7q_spread,irregular,spread,SYNTHETIC_TARGET,"{""edges"": [[0, 1], [0, 3], [1, 0], [1, 2], [2, 1], [2, 3], [2, 6], [3, 0], [3, 2], [3, 4], [4, 3], [4, 5], [5, 4], [5, 6], [6, 2], [6, 5]], ""seed"": 7, ""basis"": [""id"", ""rz"", ""sx"", ""x"", ""ecr""], ""nodes"": 7}",c8b003a1553d070cddc2acc63823ce20487791b575f8614922ec632ce2dbf9e1,"[0, 2, 3, 5]",,identity proxy before selection when layout is transpiler,8e4246a80f37dc867d0cfe5b703c5e97fe1bd50168e294b8649e2eadb63771f1_synthetic_irregular_7q_spread,basic,29,v0.4.0,110,95,410,4.378861200000006e-05,-28,0.0076430729968706,True,,7.677543416630449e-14,1e-10,logical Operator.equiv + routed zero/3 random states,"[0, 3, 2, 6]",110,104,-6,95,88,-7,4.378861200000006e-05,5.6473026e-05,1.2684413999999934e-05,teleport,teleport
8e4246a80f37dc867d0cfe5b703c5e97fe1bd50168e294b8649e2eadb63771f1_synthetic_irregular_7q_spread_37,4,1.5,0.2,3,reversed,8e4246a80f37dc867d0cfe5b703c5e97fe1bd50168e294b8649e2eadb63771f1,ac9e11c5e0ad6cf029dbb306c1c1878bd17bda5d9f0f07da06929dd1ce826be0,415,295,259,156,19,1.6842105263157894,3,1.5,2,1,7,8,2.2857142857142856,3,1.809523809523809,1.6153846153846154,2.0,1,prospective,synthetic_irregular_7q_spread,irregular,spread,SYNTHETIC_TARGET,"{""edges"": [[0, 1], [0, 3], [1, 0], [1, 2], [2, 1], [2, 3], [2, 6], [3, 0], [3, 2], [3, 4], [4, 3], [4, 5], [5, 4], [5, 6], [6, 2], [6, 5]], ""seed"": 7, ""basis"": [""id"", ""rz"", ""sx"", ""x"", ""ecr""], ""nodes"": 7}",c8b003a1553d070cddc2acc63823ce20487791b575f8614922ec632ce2dbf9e1,"[0, 2, 3, 5]",,identity proxy before selection when layout is transpiler,8e4246a80f37dc867d0cfe5b703c5e97fe1bd50168e294b8649e2eadb63771f1_synthetic_irregular_7q_spread,basic,37,v0.4.0,110,95,410,4.378861200000006e-05,-28,0.0082924149974132,True,,7.677543416630449e-14,1e-10,logical Operator.equiv + routed zero/3 random states,"[0, 3, 2, 6]",110,104,-6,95,88,-7,4.378861200000006e-05,5.6473026e-05,1.2684413999999934e-05,teleport,teleport
8e4246a80f37dc867d0cfe5b703c5e97fe1bd50168e294b8649e2eadb63771f1_synthetic_irregular_7q_spread_47,4,1.5,0.2,3,reversed,8e4246a80f37dc867d0cfe5b703c5e97fe1bd50168e294b8649e2eadb63771f1,ac9e11c5e0ad6cf029dbb306c1c1878bd17bda5d9f0f07da06929dd1ce826be0,415,295,259,156,19,1.6842105263157894,3,1.5,2,1,7,8,2.2857142857142856,3,1.809523809523809,1.6153846153846154,2.0,1,prospective,synthetic_irregular_7q_spread,irregular,spread,SYNTHETIC_TARGET,"{""edges"": [[0, 1], [0, 3], [1, 0], [1, 2], [2, 1], [2, 3], [2, 6], [3, 0], [3, 2], [3, 4], [4, 3], [4, 5], [5, 4], [5, 6], [6, 2], [6, 5]], ""seed"": 7, ""basis"": [""id"", ""rz"", ""sx"", ""x"", ""ecr""], ""nodes"": 7}",c8b003a1553d070cddc2acc63823ce20487791b575f8614922ec632ce2dbf9e1,"[0, 2, 3, 5]",,identity proxy before selection when layout is transpiler,8e4246a80f37dc867d0cfe5b703c5e97fe1bd50168e294b8649e2eadb63771f1_synthetic_irregular_7q_spread,basic,47,v0.4.0,110,95,376,5.3443614000000016e-05,-28,0.0076822440023534,True,,5.778504247412778e-14,1e-10,logical Operator.equiv + routed zero/3 random states,"[1, 2, 3, 4]",110,104,-6,95,88,-7,5.3443614000000016e-05,5.6473026e-05,3.029411999999981e-06,teleport,teleport
4578146e16dfcf0a3a55a1b3fea16f778ac944886bf5b33e90f7dc227bfcd90d_synthetic_line_6q_favorable_11,4,1.5,0.2,3,symmetry,4578146e16dfcf0a3a55a1b3fea16f778ac944886bf5b33e90f7dc227bfcd90d,5d660df1811b06d2a855b494e5485abcab84c6d43e60a7ab268ab6b05a0fe264,415,247,259,156,19,1.6842105263157894,3,1.5,2,1,6,5,1.6666666666666667,5,2.333333333333333,1.0,1.0,1,prospective,synthetic_line_6q_favorable,line,favorable,SYNTHETIC_TARGET,"{""edges"": [[0, 1], [1, 0], [1, 2], [2, 1], [2, 3], [3, 2], [3, 4], [4, 3], [4, 5], [5, 4]], ""seed"": 7, ""basis"": [""id"", ""rz"", ""sx"", ""x"", ""ecr""], ""nodes"": 6}",ccfecec17e274607ed29176fa4c2a758de445cb0e2e85ddcc1bbcb36bd80dcb3,"[0, 1, 2, 3]",,identity proxy before selection when layout is transpiler,4578146e16dfcf0a3a55a1b3fea16f778ac944886bf5b33e90f7dc227bfcd90d_synthetic_line_6q_favorable,basic,11,v0.4.0,63,54,257,3.459758999999999e-05,-69,0.0069624930038116,True,,2.4885160599000553e-14,1e-10,logical Operator.equiv + routed zero/3 random states,"[0, 1, 2, 3]",63,80,17,54,70,16,3.459758999999999e-05,4.6361147999999977e-05,1.1763557999999989e-05,basic,basic
4578146e16dfcf0a3a55a1b3fea16f778ac944886bf5b33e90f7dc227bfcd90d_synthetic_line_6q_favorable_19,4,1.5,0.2,3,symmetry,4578146e16dfcf0a3a55a1b3fea16f778ac944886bf5b33e90f7dc227bfcd90d,5d660df1811b06d2a855b494e5485abcab84c6d43e60a7ab268ab6b05a0fe264,415,247,259,156,19,1.6842105263157894,3,1.5,2,1,6,5,1.6666666666666667,5,2.333333333333333,1.0,1.0,1,prospective,synthetic_line_6q_favorable,line,favorable,SYNTHETIC_TARGET,"{""edges"": [[0, 1], [1, 0], [1, 2], [2, 1], [2, 3], [3, 2], [3, 4], [4, 3], [4, 5], [5, 4]], ""seed"": 7, ""basis"": [""id"", ""rz"", ""sx"", ""x"", ""ecr""], ""nodes"": 6}",ccfecec17e274607ed29176fa4c2a758de445cb0e2e85ddcc1bbcb36bd80dcb3,"[0, 1, 2, 3]",,identity proxy before selection when layout is transpiler,4578146e16dfcf0a3a55a1b3fea16f778ac944886bf5b33e90f7dc227bfcd90d_synthetic_line_6q_favorable,basic,19,v0.4.0,63,54,257,3.459758999999999e-05,-69,0.0065870659964275,True,,2.4885160599000553e-14,1e-10,logical Operator.equiv + routed zero/3 random states,"[0, 1, 2, 3]",63,80,17,54,70,16,3.459758999999999e-05,4.6361147999999977e-05,1.1763557999999989e-05,basic,basic
4578146e16dfcf0a3a55a1b3fea16f778ac944886bf5b33e90f7dc227bfcd90d_synthetic_line_6q_favorable_29,4,1.5,0.2,3,symmetry,4578146e16dfcf0a3a55a1b3fea16f778ac944886bf5b33e90f7dc227bfcd90d,5d660df1811b06d2a855b494e5485abcab84c6d43e60a7ab268ab6b05a0fe264,415,247,259,156,19,1.6842105263157894,3,1.5,2,1,6,5,1.6666666666666667,5,2.333333333333333,1.0,1.0,1,prospective,synthetic_line_6q_favorable,line,favorable,SYNTHETIC_TARGET,"{""edges"": [[0, 1], [1, 0], [1, 2], [2, 1], [2, 3], [3, 2], [3, 4], [4, 3], [4, 5], [5, 4]], ""seed"": 7, ""basis"": [""id"", ""rz"", ""sx"", ""x"", ""ecr""], ""nodes"": 6}",ccfecec17e274607ed29176fa4c2a758de445cb0e2e85ddcc1bbcb36bd80dcb3,"[0, 1, 2, 3]",,identity proxy before selection when layout is transpiler,4578146e16dfcf0a3a55a1b3fea16f778ac944886bf5b33e90f7dc227bfcd90d_synthetic_line_6q_favorable,basic,29,v0.4.0,63,54,257,3.459758999999999e-05,-69,0.0074477360030869,True,,2.4885160599000553e-14,1e-10,logical Operator.equiv + routed zero/3 random states,"[0, 1, 2, 3]",63,80,17,54,70,16,3.459758999999999e-05,4.6361147999999977e-05,1.1763557999999989e-05,basic,basic
4578146e16dfcf0a3a55a1b3fea16f778ac944886bf5b33e90f7dc227bfcd90d_synthetic_line_6q_favorable_37,4,1.5,0.2,3,symmetry,4578146e16dfcf0a3a55a1b3fea16f778ac944886bf5b33e90f7dc227bfcd90d,5d660df1811b06d2a855b494e5485abcab84c6d43e60a7ab268ab6b05a0fe264,415,247,259,156,19,1.6842105263157894,3,1.5,2,1,6,5,1.6666666666666667,5,2.333333333333333,1.0,1.0,1,prospective,synthetic_line_6q_favorable,line,favorable,SYNTHETIC_TARGET,"{""edges"": [[0, 1], [1, 0], [1, 2], [2, 1], [2, 3], [3, 2], [3, 4], [4, 3], [4, 5], [5, 4]], ""seed"": 7, ""basis"": [""id"", ""rz"", ""sx"", ""x"", ""ecr""], ""nodes"": 6}",ccfecec17e274607ed29176fa4c2a758de445cb0e2e85ddcc1bbcb36bd80dcb3,"[0, 1, 2, 3]",,identity proxy before selection when layout is transpiler,4578146e16dfcf0a3a55a1b3fea16f778ac944886bf5b33e90f7dc227bfcd90d_synthetic_line_6q_favorable,basic,37,v0.4.0,63,54,257,3.459758999999999e-05,-69,0.0082006809971062,True,,2.4885160599000553e-14,1e-10,logical Operator.equiv + routed zero/3 random states,"[0, 1, 2, 3]",63,80,17,54,70,16,3.459758999999999e-05,4.6361147999999977e-05,1.1763557999999989e-05,basic,basic
4578146e16dfcf0a3a55a1b3fea16f778ac944886bf5b33e90f7dc227bfcd90d_synthetic_line_6q_favorable_47,4,1.5,0.2,3,symmetry,4578146e16dfcf0a3a55a1b3fea16f778ac944886bf5b33e90f7dc227bfcd90d,5d660df1811b06d2a855b494e5485abcab84c6d43e60a7ab268ab6b05a0fe264,415,247,259,156,19,1.6842105263157894,3,1.5,2,1,6,5,1.6666666666666667,5,2.333333333333333,1.0,1.0,1,prospective,synthetic_line_6q_favorable,line,favorable,SYNTHETIC_TARGET,"{""edges"": [[0, 1], [1, 0], [1, 2], [2, 1], [2, 3], [3, 2], [3, 4], [4, 3], [4, 5], [5, 4]], ""seed"": 7, ""basis"": [""id"", ""rz"", ""sx"", ""x"", ""ecr""], ""nodes"": 6}",ccfecec17e274607ed29176fa4c2a758de445cb0e2e85ddcc1bbcb36bd80dcb3,"[0, 1, 2, 3]",,identity proxy before selection when layout is transpiler,4578146e16dfcf0a3a55a1b3fea16f778ac944886bf5b33e90f7dc227bfcd90d_synthetic_line_6q_favorable,basic,47,v0.4.0,63,54,257,3.459758999999999e-05,-69,0.0071491299968329,True,,2.4885160599000553e-14,1e-10,logical Operator.equiv + routed zero/3 random states,"[0, 1, 2, 3]",63,80,17,54,70,16,3.459758999999999e-05,4.6361147999999977e-05,1.1763557999999989e-05,basic,basic
4578146e16dfcf0a3a55a1b3fea16f778ac944886bf5b33e90f7dc227bfcd90d_synthetic_line_6q_spread_11,4,1.5,0.2,3,symmetry,4578146e16dfcf0a3a55a1b3fea16f778ac944886bf5b33e90f7dc227bfcd90d,5d660df1811b06d2a855b494e5485abcab84c6d43e60a7ab268ab6b05a0fe264,415,247,259,156,19,1.6842105263157894,3,1.5,2,1,6,5,1.6666666666666667,5,2.333333333333333,1.6153846153846154,2.0,1,prospective,synthetic_line_6q_spread,line,spread,SYNTHETIC_TARGET,"{""edges"": [[0, 1], [1, 0], [1, 2], [2, 1], [2, 3], [3, 2], [3, 4], [4, 3], [4, 5], [5, 4]], ""seed"": 7, ""basis"": [""id"", ""rz"", ""sx"", ""x"", ""ecr""], ""nodes"": 6}",ccfecec17e274607ed29176fa4c2a758de445cb0e2e85ddcc1bbcb36bd80dcb3,"[0, 2, 3, 5]",,identity proxy before selection when layout is transpiler,4578146e16dfcf0a3a55a1b3fea16f778ac944886bf5b33e90f7dc227bfcd90d_synthetic_line_6q_spread,basic,11,v0.4.0,69,57,288,3.424882800000001e-05,-63,0.0076448839972727,True,,3.1821074454218573e-14,1e-10,logical Operator.equiv + routed zero/3 random states,"[1, 2, 3, 4]",69,86,17,57,73,16,3.424882800000001e-05,4.7238713999999984e-05,1.298988599999997e-05,basic,basic
4578146e16dfcf0a3a55a1b3fea16f778ac944886bf5b33e90f7dc227bfcd90d_synthetic_line_6q_spread_19,4,1.5,0.2,3,symmetry,4578146e16dfcf0a3a55a1b3fea16f778ac944886bf5b33e90f7dc227bfcd90d,5d660df1811b06d2a855b494e5485abcab84c6d43e60a7ab268ab6b05a0fe264,415,247,259,156,19,1.6842105263157894,3,1.5,2,1,6,5,1.6666666666666667,5,2.333333333333333,1.6153846153846154,2.0,1,prospective,synthetic_line_6q_spread,line,spread,SYNTHETIC_TARGET,"{""edges"": [[0, 1], [1, 0], [1, 2], [2, 1], [2, 3], [3, 2], [3, 4], [4, 3], [4, 5], [5, 4]], ""seed"": 7, ""basis"": [""id"", ""rz"", ""sx"", ""x"", ""ecr""], ""nodes"": 6}",ccfecec17e274607ed29176fa4c2a758de445cb0e2e85ddcc1bbcb36bd80dcb3,"[0, 2, 3, 5]",,identity proxy before selection when layout is transpiler,4578146e16dfcf0a3a55a1b3fea16f778ac944886bf5b33e90f7dc227bfcd90d_synthetic_line_6q_spread,basic,19,v0.4.0,69,57,288,3.424882800000001e-05,-63,0.0075376419990789,True,,3.1821074454218573e-14,1e-10,logical Operator.equiv + routed zero/3 random states,"[1, 2, 3, 4]",69,86,17,57,73,16,3.424882800000001e-05,4.7238713999999984e-05,1.298988599999997e-05,basic,basic
4578146e16dfcf0a3a55a1b3fea16f778ac944886bf5b33e90f7dc227bfcd90d_synthetic_line_6q_spread_29,4,1.5,0.2,3,symmetry,4578146e16dfcf0a3a55a1b3fea16f778ac944886bf5b33e90f7dc227bfcd90d,5d660df1811b06d2a855b494e5485abcab84c6d43e60a7ab268ab6b05a0fe264,415,247,259,156,19,1.6842105263157894,3,1.5,2,1,6,5,1.6666666666666667,5,2.333333333333333,1.6153846153846154,2.0,1,prospective,synthetic_line_6q_spread,line,spread,SYNTHETIC_TARGET,"{""edges"": [[0, 1], [1, 0], [1, 2], [2, 1], [2, 3], [3, 2], [3, 4], [4, 3], [4, 5], [5, 4]], ""seed"": 7, ""basis"": [""id"", ""rz"", ""sx"", ""x"", ""ecr""], ""nodes"": 6}",ccfecec17e274607ed29176fa4c2a758de445cb0e2e85ddcc1bbcb36bd80dcb3,"[0, 2, 3, 5]",,identity proxy before selection when layout is transpiler,4578146e16dfcf0a3a55a1b3fea16f778ac944886bf5b33e90f7dc227bfcd90d_synthetic_line_6q_spread,basic,29,v0.4.0,69,57,288,3.424882800000001e-05,-63,0.0081722530012484,True,,3.1821074454218573e-14,1e-10,logical Operator.equiv + routed zero/3 random states,"[1, 2, 3, 4]",69,86,17,57,73,16,3.424882800000001e-05,4.7238713999999984e-05,1.298988599999997e-05,basic,basic
4578146e16dfcf0a3a55a1b3fea16f778ac944886bf5b33e90f7dc227bfcd90d_synthetic_line_6q_spread_37,4,1.5,0.2,3,symmetry,4578146e16dfcf0a3a55a1b3fea16f778ac944886bf5b33e90f7dc227bfcd90d,5d660df1811b06d2a855b494e5485abcab84c6d43e60a7ab268ab6b05a0fe264,415,247,259,156,19,1.6842105263157894,3,1.5,2,1,6,5,1.6666666666666667,5,2.333333333333333,1.6153846153846154,2.0,1,prospective,synthetic_line_6q_spread,line,spread,SYNTHETIC_TARGET,"{""edges"": [[0, 1], [1, 0], [1, 2], [2, 1], [2, 3], [3, 2], [3, 4], [4, 3], [4, 5], [5, 4]], ""seed"": 7, ""basis"": [""id"", ""rz"", ""sx"", ""x"", ""ecr""], ""nodes"": 6}",ccfecec17e274607ed29176fa4c2a758de445cb0e2e85ddcc1bbcb36bd80dcb3,"[0, 2, 3, 5]",,identity proxy before selection when layout is transpiler,4578146e16dfcf0a3a55a1b3fea16f778ac944886bf5b33e90f7dc227bfcd90d_synthetic_line_6q_spread,basic,37,v0.4.0,69,57,288,3.424882800000001e-05,-63,0.0075515579956118,True,,3.1821074454218573e-14,1e-10,logical Operator.equiv + routed zero/3 random states,"[1, 2, 3, 4]",69,86,17,57,73,16,3.424882800000001e-05,4.7238713999999984e-05,1.298988599999997e-05,basic,basic
4578146e16dfcf0a3a55a1b3fea16f778ac944886bf5b33e90f7dc227bfcd90d_synthetic_line_6q_spread_47,4,1.5,0.2,3,symmetry,4578146e16dfcf0a3a55a1b3fea16f778ac944886bf5b33e90f7dc227bfcd90d,5d660df1811b06d2a855b494e5485abcab84c6d43e60a7ab268ab6b05a0fe264,415,247,259,156,19,1.6842105263157894,3,1.5,2,1,6,5,1.6666666666666667,5,2.333333333333333,1.6153846153846154,2.0,1,prospective,synthetic_line_6q_spread,line,spread,SYNTHETIC_TARGET,"{""edges"": [[0, 1], [1, 0], [1, 2], [2, 1], [2, 3], [3, 2], [3, 4], [4, 3], [4, 5], [5, 4]], ""seed"": 7, ""basis"": [""id"", ""rz"", ""sx"", ""x"", ""ecr""], ""nodes"": 6}",ccfecec17e274607ed29176fa4c2a758de445cb0e2e85ddcc1bbcb36bd80dcb3,"[0, 2, 3, 5]",,identity proxy before selection when layout is transpiler,4578146e16dfcf0a3a55a1b3fea16f778ac944886bf5b33e90f7dc227bfcd90d_synthetic_line_6q_spread,basic,47,v0.4.0,69,57,288,3.424882800000001e-05,-63,0.0082731319998856,True,,3.1821074454218573e-14,1e-10,logical Operator.equiv + routed zero/3 random states,"[1, 2, 3, 4]",69,86,17,57,73,16,3.424882800000001e-05,4.7238713999999984e-05,1.298988599999997e-05,basic,basic
4578146e16dfcf0a3a55a1b3fea16f778ac944886bf5b33e90f7dc227bfcd90d_synthetic_ring_6q_transpiler_11,4,1.5,0.2,3,symmetry,4578146e16dfcf0a3a55a1b3fea16f778ac944886bf5b33e90f7dc227bfcd90d,5d660df1811b06d2a855b494e5485abcab84c6d43e60a7ab268ab6b05a0fe264,415,247,259,156,19,1.6842105263157894,3,1.5,2,1,6,6,2.0,3,1.8,1.0,1.0,1,prospective,synthetic_ring_6q_transpiler,ring,transpiler,SYNTHETIC_TARGET,"{""edges"": [[0, 1], [0, 5], [1, 0], [1, 2], [2, 1], [2, 3], [3, 2], [3, 4], [4, 3], [4, 5], [5, 0], [5, 4]], ""seed"": 7, ""basis"": [""id"", ""rz"", ""sx"", ""x"", ""ecr""], ""nodes"": 6}",ff4a6017b79ba46163d089d132c4bc654811d5fa5518090a9b65bf0d23d86ee8,,,identity proxy before selection when layout is transpiler,4578146e16dfcf0a3a55a1b3fea16f778ac944886bf5b33e90f7dc227bfcd90d_synthetic_ring_6q_transpiler,basic,11,v0.4.0,63,54,276,2.843820000000005e-05,-69,0.0077173739991849,True,,6.631845734138619e-14,1e-10,logical Operator.equiv + routed zero/3 random states,"[3, 4, 5, 0]",63,80,17,54,70,16,2.843820000000005e-05,3.870658799999997e-05,1.0268387999999924e-05,basic,basic
4578146e16dfcf0a3a55a1b3fea16f778ac944886bf5b33e90f7dc227bfcd90d_synthetic_ring_6q_transpiler_19,4,1.5,0.2,3,symmetry,4578146e16dfcf0a3a55a1b3fea16f778ac944886bf5b33e90f7dc227bfcd90d,5d660df1811b06d2a855b494e5485abcab84c6d43e60a7ab268ab6b05a0fe264,415,247,259,156,19,1.6842105263157894,3,1.5,2,1,6,6,2.0,3,1.8,1.0,1.0,1,prospective,synthetic_ring_6q_transpiler,ring,transpiler,SYNTHETIC_TARGET,"{""edges"": [[0, 1], [0, 5], [1, 0], [1, 2], [2, 1], [2, 3], [3, 2], [3, 4], [4, 3], [4, 5], [5, 0], [5, 4]], ""seed"": 7, ""basis"": [""id"", ""rz"", ""sx"", ""x"", ""ecr""], ""nodes"": 6}",ff4a6017b79ba46163d089d132c4bc654811d5fa5518090a9b65bf0d23d86ee8,,,identity proxy before selection when layout is transpiler,4578146e16dfcf0a3a55a1b3fea16f778ac944886bf5b33e90f7dc227bfcd90d_synthetic_ring_6q_transpiler,basic,19,v0.4.0,63,54,271,3.2982318000000014e-05,-69,0.0072386020037811,True,,3.3950004708772486e-14,1e-10,logical Operator.equiv + routed zero/3 random states,"[1, 2, 3, 4]",63,80,17,54,70,16,3.2982318000000014e-05,4.545250199999998e-05,1.2470183999999964e-05,basic,basic
4578146e16dfcf0a3a55a1b3fea16f778ac944886bf5b33e90f7dc227bfcd90d_synthetic_ring_6q_transpiler_29,4,1.5,0.2,3,symmetry,4578146e16dfcf0a3a55a1b3fea16f778ac944886bf5b33e90f7dc227bfcd90d,5d660df1811b06d2a855b494e5485abcab84c6d43e60a7ab268ab6b05a0fe264,415,247,259,156,19,1.6842105263157894,3,1.5,2,1,6,6,2.0,3,1.8,1.0,1.0,1,prospective,synthetic_ring_6q_transpiler,ring,transpiler,SYNTHETIC_TARGET,"{""edges"": [[0, 1], [0, 5], [1, 0], [1, 2], [2, 1], [2, 3], [3, 2], [3, 4], [4, 3], [4, 5], [5, 0], [5, 4]], ""seed"": 7, ""basis"": [""id"", ""rz"", ""sx"", ""x"", ""ecr""], ""nodes"": 6}",ff4a6017b79ba46163d089d132c4bc654811d5fa5518090a9b65bf0d23d86ee8,,,identity proxy before selection when layout is transpiler,4578146e16dfcf0a3a55a1b3fea16f778ac944886bf5b33e90f7dc227bfcd90d_synthetic_ring_6q_transpiler,basic,29,v0.4.0,63,54,285,2.4936816000000043e-05,-69,0.0093642430001636,True,,8.842136257969019e-14,1e-10,logical Operator.equiv + routed zero/3 random states,"[1, 0, 5, 4]",63,80,17,54,70,16,2.4936816000000043e-05,3.213583200000006e-05,7.199016000000017e-06,basic,basic
4578146e16dfcf0a3a55a1b3fea16f778ac944886bf5b33e90f7dc227bfcd90d_synthetic_ring_6q_transpiler_37,4,1.5,0.2,3,symmetry,4578146e16dfcf0a3a55a1b3fea16f778ac944886bf5b33e90f7dc227bfcd90d,5d660df1811b06d2a855b494e5485abcab84c6d43e60a7ab268ab6b05a0fe264,415,247,259,156,19,1.6842105263157894,3,1.5,2,1,6,6,2.0,3,1.8,1.0,1.0,1,prospective,synthetic_ring_6q_transpiler,ring,transpiler,SYNTHETIC_TARGET,"{""edges"": [[0, 1], [0, 5], [1, 0], [1, 2], [2, 1], [2, 3], [3, 2], [3, 4], [4, 3], [4, 5], [5, 0], [5, 4]], ""seed"": 7, ""basis"": [""id"", ""rz"", ""sx"", ""x"", ""ecr""], ""nodes"": 6}",ff4a6017b79ba46163d089d132c4bc654811d5fa5518090a9b65bf0d23d86ee8,,,identity proxy before selection when layout is transpiler,4578146e16dfcf0a3a55a1b3fea16f778ac944886bf5b33e90f7dc227bfcd90d_synthetic_ring_6q_transpiler,basic,37,v0.4.0,63,54,276,2.843820000000005e-05,-69,0.0092220310034463,True,,6.631845734138619e-14,1e-10,logical Operator.equiv + routed zero/3 random states,"[3, 4, 5, 0]",63,80,17,54,70,16,2.843820000000005e-05,3.870658799999997e-05,1.0268387999999924e-05,basic,basic
4578146e16dfcf0a3a55a1b3fea16f778ac944886bf5b33e90f7dc227bfcd90d_synthetic_ring_6q_transpiler_47,4,1.5,0.2,3,symmetry,4578146e16dfcf0a3a55a1b3fea16f778ac944886bf5b33e90f7dc227bfcd90d,5d660df1811b06d2a855b494e5485abcab84c6d43e60a7ab268ab6b05a0fe264,415,247,259,156,19,1.6842105263157894,3,1.5,2,1,6,6,2.0,3,1.8,1.0,1.0,1,prospective,synthetic_ring_6q_transpiler,ring,transpiler,SYNTHETIC_TARGET,"{""edges"": [[0, 1], [0, 5], [1, 0], [1, 2], [2, 1], [2, 3], [3, 2], [3, 4], [4, 3], [4, 5], [5, 0], [5, 4]], ""seed"": 7, ""basis"": [""id"", ""rz"", ""sx"", ""x"", ""ecr""], ""nodes"": 6}",ff4a6017b79ba46163d089d132c4bc654811d5fa5518090a9b65bf0d23d86ee8,,,identity proxy before selection when layout is transpiler,4578146e16dfcf0a3a55a1b3fea16f778ac944886bf5b33e90f7dc227bfcd90d_synthetic_ring_6q_transpiler,basic,47,v0.4.0,63,54,287,2.936704799999999e-05,-69,0.0084668220006278,True,,6.700816372381765e-14,1e-10,logical Operator.equiv + routed zero/3 random states,"[3, 2, 1, 0]",63,80,17,54,70,16,2.936704799999999e-05,3.920297999999996e-05,9.835931999999972e-06,basic,basic
4578146e16dfcf0a3a55a1b3fea16f778ac944886bf5b33e90f7dc227bfcd90d_synthetic_grid_6q_transpiler_11,4,1.5,0.2,3,symmetry,4578146e16dfcf0a3a55a1b3fea16f778ac944886bf5b33e90f7dc227bfcd90d,5d660df1811b06d2a855b494e5485abcab84c6d43e60a7ab268ab6b05a0fe264,415,247,259,156,19,1.6842105263157894,3,1.5,2,1,6,7,2.333333333333333,3,1.6666666666666667,1.6153846153846154,3.0,1,prospective,synthetic_grid_6q_transpiler,grid,transpiler,SYNTHETIC_TARGET,"{""edges"": [[0, 1], [0, 3], [1, 0], [1, 2], [1, 4], [2, 1], [2, 5], [3, 0], [3, 4], [4, 1], [4, 3], [4, 5], [5, 2], [5, 4]], ""seed"": 7, ""basis"": [""id"", ""rz"", ""sx"", ""x"", ""ecr""], ""nodes"": 6}",1dc9d7c7422ee8d9e756c16f45c753640fd9bb0d83eb6013019055e1f800f374,,,identity proxy before selection when layout is transpiler,4578146e16dfcf0a3a55a1b3fea16f778ac944886bf5b33e90f7dc227bfcd90d_synthetic_grid_6q_transpiler,basic,11,v0.4.0,63,54,285,2.6038380000000017e-05,-69,0.0081318820011802,True,,6.663576721375734e-14,1e-10,logical Operator.equiv + routed zero/3 random states,"[2, 5, 4, 1]",63,80,17,54,70,16,2.6038380000000017e-05,3.275543400000003e-05,6.7170540000000115e-06,basic,basic
4578146e16dfcf0a3a55a1b3fea16f778ac944886bf5b33e90f7dc227bfcd90d_synthetic_grid_6q_transpiler_19,4,1.5,0.2,3,symmetry,4578146e16dfcf0a3a55a1b3fea16f778ac944886bf5b33e90f7dc227bfcd90d,5d660df1811b06d2a855b494e5485abcab84c6d43e60a7ab268ab6b05a0fe264,415,247,259,156,19,1.6842105263157894,3,1.5,2,1,6,7,2.333333333333333,3,1.6666666666666667,1.6153846153846154,3.0,1,prospective,synthetic_grid_6q_transpiler,grid,transpiler,SYNTHETIC_TARGET,"{""edges"": [[0, 1], [0, 3], [1, 0], [1, 2], [1, 4], [2, 1], [2, 5], [3, 0], [3, 4], [4, 1], [4, 3], [4, 5], [5, 2], [5, 4]], ""seed"": 7, ""basis"": [""id"", ""rz"", ""sx"", ""x"", ""ecr""], ""nodes"": 6}",1dc9d7c7422ee8d9e756c16f45c753640fd9bb0d83eb6013019055e1f800f374,,,identity proxy before selection when layout is transpiler,4578146e16dfcf0a3a55a1b3fea16f778ac944886bf5b33e90f7dc227bfcd90d_synthetic_grid_6q_transpiler,basic,19,v0.4.0,63,54,285,2.4922164000000025e-05,-69,0.0076039939958718,True,,6.597013970307183e-14,1e-10,logical Operator.equiv + routed zero/3 random states,"[3, 4, 1, 2]",63,80,17,54,70,16,2.4922164000000025e-05,3.5467385999999994e-05,1.0545221999999968e-05,basic,basic
4578146e16dfcf0a3a55a1b3fea16f778ac944886bf5b33e90f7dc227bfcd90d_synthetic_grid_6q_transpiler_29,4,1.5,0.2,3,symmetry,4578146e16dfcf0a3a55a1b3fea16f778ac944886bf5b33e90f7dc227bfcd90d,5d660df1811b06d2a855b494e5485abcab84c6d43e60a7ab268ab6b05a0fe264,415,247,259,156,19,1.6842105263157894,3,1.5,2,1,6,7,2.333333333333333,3,1.6666666666666667,1.6153846153846154,3.0,1,prospective,synthetic_grid_6q_transpiler,grid,transpiler,SYNTHETIC_TARGET,"{""edges"": [[0, 1], [0, 3], [1, 0], [1, 2], [1, 4], [2, 1], [2, 5], [3, 0], [3, 4], [4, 1], [4, 3], [4, 5], [5, 2], [5, 4]], ""seed"": 7, ""basis"": [""id"", ""rz"", ""sx"", ""x"", ""ecr""], ""nodes"": 6}",1dc9d7c7422ee8d9e756c16f45c753640fd9bb0d83eb6013019055e1f800f374,,,identity proxy before selection when layout is transpiler,4578146e16dfcf0a3a55a1b3fea16f778ac944886bf5b33e90f7dc227bfcd90d_synthetic_grid_6q_transpiler,basic,29,v0.4.0,63,54,276,2.907045600000001e-05,-69,0.0076626459995168,True,,6.587906903576086e-14,1e-10,logical Operator.equiv + routed zero/3 random states,"[1, 2, 5, 4]",63,80,17,54,70,16,2.907045600000001e-05,3.9151919999999975e-05,1.0081463999999966e-05,basic,basic
4578146e16dfcf0a3a55a1b3fea16f778ac944886bf5b33e90f7dc227bfcd90d_synthetic_grid_6q_transpiler_37,4,1.5,0.2,3,symmetry,4578146e16dfcf0a3a55a1b3fea16f778ac944886bf5b33e90f7dc227bfcd90d,5d660df1811b06d2a855b494e5485abcab84c6d43e60a7ab268ab6b05a0fe264,415,247,259,156,19,1.6842105263157894,3,1.5,2,1,6,7,2.333333333333333,3,1.6666666666666667,1.6153846153846154,3.0,1,prospective,synthetic_grid_6q_transpiler,grid,transpiler,SYNTHETIC_TARGET,"{""edges"": [[0, 1], [0, 3], [1, 0], [1, 2], [1, 4], [2, 1], [2, 5], [3, 0], [3, 4], [4, 1], [4, 3], [4, 5], [5, 2], [5, 4]], ""seed"": 7, ""basis"": [""id"", ""rz"", ""sx"", ""x"", ""ecr""], ""nodes"": 6}",1dc9d7c7422ee8d9e756c16f45c753640fd9bb0d83eb6013019055e1f800f374,,,identity proxy before selection when layout is transpiler,4578146e16dfcf0a3a55a1b3fea16f778ac944886bf5b33e90f7dc227bfcd90d_synthetic_grid_6q_transpiler,basic,37,v0.4.0,63,54,285,2.6038380000000017e-05,-69,0.0080651259995647,True,,6.663576721375734e-14,1e-10,logical Operator.equiv + routed zero/3 random states,"[2, 5, 4, 1]",63,80,17,54,70,16,2.6038380000000017e-05,3.275543400000003e-05,6.7170540000000115e-06,basic,basic
4578146e16dfcf0a3a55a1b3fea16f778ac944886bf5b33e90f7dc227bfcd90d_synthetic_grid_6q_transpiler_47,4,1.5,0.2,3,symmetry,4578146e16dfcf0a3a55a1b3fea16f778ac944886bf5b33e90f7dc227bfcd90d,5d660df1811b06d2a855b494e5485abcab84c6d43e60a7ab268ab6b05a0fe264,415,247,259,156,19,1.6842105263157894,3,1.5,2,1,6,7,2.333333333333333,3,1.6666666666666667,1.6153846153846154,3.0,1,prospective,synthetic_grid_6q_transpiler,grid,transpiler,SYNTHETIC_TARGET,"{""edges"": [[0, 1], [0, 3], [1, 0], [1, 2], [1, 4], [2, 1], [2, 5], [3, 0], [3, 4], [4, 1], [4, 3], [4, 5], [5, 2], [5, 4]], ""seed"": 7, ""basis"": [""id"", ""rz"", ""sx"", ""x"", ""ecr""], ""nodes"": 6}",1dc9d7c7422ee8d9e756c16f45c753640fd9bb0d83eb6013019055e1f800f374,,,identity proxy before selection when layout is transpiler,4578146e16dfcf0a3a55a1b3fea16f778ac944886bf5b33e90f7dc227bfcd90d_synthetic_grid_6q_transpiler,basic,47,v0.4.0,63,54,268,3.1261818000000016e-05,-69,0.007108939003956,True,,3.4773294627629184e-14,1e-10,logical Operator.equiv + routed zero/3 random states,"[3, 0, 1, 2]",63,80,17,54,70,16,3.1261818000000016e-05,4.362410999999995e-05,1.2362291999999932e-05,basic,basic
4578146e16dfcf0a3a55a1b3fea16f778ac944886bf5b33e90f7dc227bfcd90d_synthetic_heavy_hex_like_7q_transpiler_11,4,1.5,0.2,3,symmetry,4578146e16dfcf0a3a55a1b3fea16f778ac944886bf5b33e90f7dc227bfcd90d,5d660df1811b06d2a855b494e5485abcab84c6d43e60a7ab268ab6b05a0fe264,415,247,259,156,19,1.6842105263157894,3,1.5,2,1,7,7,2.0,5,2.2857142857142856,1.0,1.0,1,prospective,synthetic_heavy_hex_like_7q_transpiler,heavy_hex_like,transpiler,SYNTHETIC_TARGET,"{""edges"": [[0, 1], [0, 3], [1, 0], [1, 2], [2, 1], [2, 3], [3, 0], [3, 2], [3, 4], [4, 3], [4, 5], [5, 4], [5, 6], [6, 5]], ""seed"": 7, ""basis"": [""id"", ""rz"", ""sx"", ""x"", ""ecr""], ""nodes"": 7}",a56c42c5929ac738475a61ad56ac38f9ce297f29f090779c0473725bc68476b5,,,identity proxy before selection when layout is transpiler,4578146e16dfcf0a3a55a1b3fea16f778ac944886bf5b33e90f7dc227bfcd90d_synthetic_heavy_hex_like_7q_transpiler,basic,11,v0.4.0,63,54,288,2.0106539999999984e-05,-69,0.0079108749996521,True,,8.855009013850558e-14,1e-10,logical Operator.equiv + routed zero/3 random states,"[5, 4, 3, 0]",63,80,17,54,70,16,2.0106539999999984e-05,2.7779303999999947e-05,7.672763999999963e-06,basic,basic
4578146e16dfcf0a3a55a1b3fea16f778ac944886bf5b33e90f7dc227bfcd90d_synthetic_heavy_hex_like_7q_transpiler_19,4,1.5,0.2,3,symmetry,4578146e16dfcf0a3a55a1b3fea16f778ac944886bf5b33e90f7dc227bfcd90d,5d660df1811b06d2a855b494e5485abcab84c6d43e60a7ab268ab6b05a0fe264,415,247,259,156,19,1.6842105263157894,3,1.5,2,1,7,7,2.0,5,2.2857142857142856,1.0,1.0,1,prospective,synthetic_heavy_hex_like_7q_transpiler,heavy_hex_like,transpiler,SYNTHETIC_TARGET,"{""edges"": [[0, 1], [0, 3], [1, 0], [1, 2], [2, 1], [2, 3], [3, 0], [3, 2], [3, 4], [4, 3], [4, 5], [5, 4], [5, 6], [6, 5]], ""seed"": 7, ""basis"": [""id"", ""rz"", ""sx"", ""x"", ""ecr""], ""nodes"": 7}",a56c42c5929ac738475a61ad56ac38f9ce297f29f090779c0473725bc68476b5,,,identity proxy before selection when layout is transpiler,4578146e16dfcf0a3a55a1b3fea16f778ac944886bf5b33e90f7dc227bfcd90d_synthetic_heavy_hex_like_7q_transpiler,basic,19,v0.4.0,63,54,288,2.779129199999997e-05,-69,0.0075021730008302,True,,8.855009013850558e-14,1e-10,logical Operator.equiv + routed zero/3 random states,"[5, 4, 3, 2]",63,80,17,54,70,16,2.779129199999997e-05,3.540322799999998e-05,7.611936000000013e-06,basic,basic
4578146e16dfcf0a3a55a1b3fea16f778ac944886bf5b33e90f7dc227bfcd90d_synthetic_heavy_hex_like_7q_transpiler_29,4,1.5,0.2,3,symmetry,4578146e16dfcf0a3a55a1b3fea16f778ac944886bf5b33e90f7dc227bfcd90d,5d660df1811b06d2a855b494e5485abcab84c6d43e60a7ab268ab6b05a0fe264,415,247,259,156,19,1.6842105263157894,3,1.5,2,1,7,7,2.0,5,2.2857142857142856,1.0,1.0,1,prospective,synthetic_heavy_hex_like_7q_transpiler,heavy_hex_like,transpiler,SYNTHETIC_TARGET,"{""edges"": [[0, 1], [0, 3], [1, 0], [1, 2], [2, 1], [2, 3], [3, 0], [3, 2], [3, 4], [4, 3], [4, 5], [5, 4], [5, 6], [6, 5]], ""seed"": 7, ""basis"": [""id"", ""rz"", ""sx"", ""x"", ""ecr""], ""nodes"": 7}",a56c42c5929ac738475a61ad56ac38f9ce297f29f090779c0473725bc68476b5,,,identity proxy before selection when layout is transpiler,4578146e16dfcf0a3a55a1b3fea16f778ac944886bf5b33e90f7dc227bfcd90d_synthetic_heavy_hex_like_7q_transpiler,basic,29,v0.4.0,63,54,285,2.2811165999999983e-05,-69,0.0078125729996827,True,,6.579605410990224e-14,1e-10,logical Operator.equiv + routed zero/3 random states,"[2, 3, 4, 5]",63,80,17,54,70,16,2.2811165999999983e-05,3.496610999999999e-05,1.2154944000000008e-05,basic,basic
4578146e16dfcf0a3a55a1b3fea16f778ac944886bf5b33e90f7dc227bfcd90d_synthetic_heavy_hex_like_7q_transpiler_37,4,1.5,0.2,3,symmetry,4578146e16dfcf0a3a55a1b3fea16f778ac944886bf5b33e90f7dc227bfcd90d,5d660df1811b06d2a855b494e5485abcab84c6d43e60a7ab268ab6b05a0fe264,415,247,259,156,19,1.6842105263157894,3,1.5,2,1,7,7,2.0,5,2.2857142857142856,1.0,1.0,1,prospective,synthetic_heavy_hex_like_7q_transpiler,heavy_hex_like,transpiler,SYNTHETIC_TARGET,"{""edges"": [[0, 1], [0, 3], [1, 0], [1, 2], [2, 1], [2, 3], [3, 0], [3, 2], [3, 4], [4, 3], [4, 5], [5, 4], [5, 6], [6, 5]], ""seed"": 7, ""basis"": [""id"", ""rz"", ""sx"", ""x"", ""ecr""], ""nodes"": 7}",a56c42c5929ac738475a61ad56ac38f9ce297f29f090779c0473725bc68476b5,,,identity proxy before selection when layout is transpiler,4578146e16dfcf0a3a55a1b3fea16f778ac944886bf5b33e90f7dc227bfcd90d_synthetic_heavy_hex_like_7q_transpiler,basic,37,v0.4.0,63,54,285,2.0271042000000008e-05,-69,0.0084212729998398,True,,8.957017279977388e-14,1e-10,logical Operator.equiv + routed zero/3 random states,"[6, 5, 4, 3]",63,80,17,54,70,16,2.0271042000000008e-05,2.9162364000000005e-05,8.891321999999998e-06,basic,basic
4578146e16dfcf0a3a55a1b3fea16f778ac944886bf5b33e90f7dc227bfcd90d_synthetic_heavy_hex_like_7q_transpiler_47,4,1.5,0.2,3,symmetry,4578146e16dfcf0a3a55a1b3fea16f778ac944886bf5b33e90f7dc227bfcd90d,5d660df1811b06d2a855b494e5485abcab84c6d43e60a7ab268ab6b05a0fe264,415,247,259,156,19,1.6842105263157894,3,1.5,2,1,7,7,2.0,5,2.2857142857142856,1.0,1.0,1,prospective,synthetic_heavy_hex_like_7q_transpiler,heavy_hex_like,transpiler,SYNTHETIC_TARGET,"{""edges"": [[0, 1], [0, 3], [1, 0], [1, 2], [2, 1], [2, 3], [3, 0], [3, 2], [3, 4], [4, 3], [4, 5], [5, 4], [5, 6], [6, 5]], ""seed"": 7, ""basis"": [""id"", ""rz"", ""sx"", ""x"", ""ecr""], ""nodes"": 7}",a56c42c5929ac738475a61ad56ac38f9ce297f29f090779c0473725bc68476b5,,,identity proxy before selection when layout is transpiler,4578146e16dfcf0a3a55a1b3fea16f778ac944886bf5b33e90f7dc227bfcd90d_synthetic_heavy_hex_like_7q_transpiler,basic,47,v0.4.0,63,54,271,2.1578843999999977e-05,-69,0.0078633770026499,True,,3.728135901038931e-14,1e-10,logical Operator.equiv + routed zero/3 random states,"[3, 2, 1, 0]",63,80,17,54,70,16,2.1578843999999977e-05,2.8779191999999965e-05,7.200347999999987e-06,basic,basic
4578146e16dfcf0a3a55a1b3fea16f778ac944886bf5b33e90f7dc227bfcd90d_synthetic_irregular_7q_favorable_11,4,1.5,0.2,3,symmetry,4578146e16dfcf0a3a55a1b3fea16f778ac944886bf5b33e90f7dc227bfcd90d,5d660df1811b06d2a855b494e5485abcab84c6d43e60a7ab268ab6b05a0fe264,415,247,259,156,19,1.6842105263157894,3,1.5,2,1,7,8,2.2857142857142856,3,1.809523809523809,1.0,1.0,1,prospective,synthetic_irregular_7q_favorable,irregular,favorable,SYNTHETIC_TARGET,"{""edges"": [[0, 1], [0, 3], [1, 0], [1, 2], [2, 1], [2, 3], [2, 6], [3, 0], [3, 2], [3, 4], [4, 3], [4, 5], [5, 4], [5, 6], [6, 2], [6, 5]], ""seed"": 7, ""basis"": [""id"", ""rz"", ""sx"", ""x"", ""ecr""], ""nodes"": 7}",c8b003a1553d070cddc2acc63823ce20487791b575f8614922ec632ce2dbf9e1,"[0, 1, 2, 3]",,identity proxy before selection when layout is transpiler,4578146e16dfcf0a3a55a1b3fea16f778ac944886bf5b33e90f7dc227bfcd90d_synthetic_irregular_7q_favorable,basic,11,v0.4.0,63,54,252,2.100963599999999e-05,-69,0.0066377289986121,True,,4.590863661710379e-14,1e-10,logical Operator.equiv + routed zero/3 random states,"[0, 1, 2, 3]",63,80,17,54,70,16,2.100963599999999e-05,2.4919499999999964e-05,3.909863999999972e-06,basic,basic
4578146e16dfcf0a3a55a1b3fea16f778ac944886bf5b33e90f7dc227bfcd90d_synthetic_irregular_7q_favorable_19,4,1.5,0.2,3,symmetry,4578146e16dfcf0a3a55a1b3fea16f778ac944886bf5b33e90f7dc227bfcd90d,5d660df1811b06d2a855b494e5485abcab84c6d43e60a7ab268ab6b05a0fe264,415,247,259,156,19,1.6842105263157894,3,1.5,2,1,7,8,2.2857142857142856,3,1.809523809523809,1.0,1.0,1,prospective,synthetic_irregular_7q_favorable,irregular,favorable,SYNTHETIC_TARGET,"{""edges"": [[0, 1], [0, 3], [1, 0], [1, 2], [2, 1], [2, 3], [2, 6], [3, 0], [3, 2], [3, 4], [4, 3], [4, 5], [5, 4], [5, 6], [6, 2], [6, 5]], ""seed"": 7, ""basis"": [""id"", ""rz"", ""sx"", ""x"", ""ecr""], ""nodes"": 7}",c8b003a1553d070cddc2acc63823ce20487791b575f8614922ec632ce2dbf9e1,"[0, 1, 2, 3]",,identity proxy before selection when layout is transpiler,4578146e16dfcf0a3a55a1b3fea16f778ac944886bf5b33e90f7dc227bfcd90d_synthetic_irregular_7q_favorable,basic,19,v0.4.0,63,54,252,2.100963599999999e-05,-69,0.0071229440000024,True,,4.590863661710379e-14,1e-10,logical Operator.equiv + routed zero/3 random states,"[0, 1, 2, 3]",63,80,17,54,70,16,2.100963599999999e-05,2.4919499999999964e-05,3.909863999999972e-06,basic,basic
4578146e16dfcf0a3a55a1b3fea16f778ac944886bf5b33e90f7dc227bfcd90d_synthetic_irregular_7q_favorable_29,4,1.5,0.2,3,symmetry,4578146e16dfcf0a3a55a1b3fea16f778ac944886bf5b33e90f7dc227bfcd90d,5d660df1811b06d2a855b494e5485abcab84c6d43e60a7ab268ab6b05a0fe264,415,247,259,156,19,1.6842105263157894,3,1.5,2,1,7,8,2.2857142857142856,3,1.809523809523809,1.0,1.0,1,prospective,synthetic_irregular_7q_favorable,irregular,favorable,SYNTHETIC_TARGET,"{""edges"": [[0, 1], [0, 3], [1, 0], [1, 2], [2, 1], [2, 3], [2, 6], [3, 0], [3, 2], [3, 4], [4, 3], [4, 5], [5, 4], [5, 6], [6, 2], [6, 5]], ""seed"": 7, ""basis"": [""id"", ""rz"", ""sx"", ""x"", ""ecr""], ""nodes"": 7}",c8b003a1553d070cddc2acc63823ce20487791b575f8614922ec632ce2dbf9e1,"[0, 1, 2, 3]",,identity proxy before selection when layout is transpiler,4578146e16dfcf0a3a55a1b3fea16f778ac944886bf5b33e90f7dc227bfcd90d_synthetic_irregular_7q_favorable,basic,29,v0.4.0,63,54,252,2.100963599999999e-05,-69,0.0072049900045385,True,,4.590863661710379e-14,1e-10,logical Operator.equiv + routed zero/3 random states,"[0, 1, 2, 3]",63,80,17,54,70,16,2.100963599999999e-05,2.4919499999999964e-05,3.909863999999972e-06,basic,basic
4578146e16dfcf0a3a55a1b3fea16f778ac944886bf5b33e90f7dc227bfcd90d_synthetic_irregular_7q_favorable_37,4,1.5,0.2,3,symmetry,4578146e16dfcf0a3a55a1b3fea16f778ac944886bf5b33e90f7dc227bfcd90d,5d660df1811b06d2a855b494e5485abcab84c6d43e60a7ab268ab6b05a0fe264,415,247,259,156,19,1.6842105263157894,3,1.5,2,1,7,8,2.2857142857142856,3,1.809523809523809,1.0,1.0,1,prospective,synthetic_irregular_7q_favorable,irregular,favorable,SYNTHETIC_TARGET,"{""edges"": [[0, 1], [0, 3], [1, 0], [1, 2], [2, 1], [2, 3], [2, 6], [3, 0], [3, 2], [3, 4], [4, 3], [4, 5], [5, 4], [5, 6], [6, 2], [6, 5]], ""seed"": 7, ""basis"": [""id"", ""rz"", ""sx"", ""x"", ""ecr""], ""nodes"": 7}",c8b003a1553d070cddc2acc63823ce20487791b575f8614922ec632ce2dbf9e1,"[0, 1, 2, 3]",,identity proxy before selection when layout is transpiler,4578146e16dfcf0a3a55a1b3fea16f778ac944886bf5b33e90f7dc227bfcd90d_synthetic_irregular_7q_favorable,basic,37,v0.4.0,63,54,252,2.100963599999999e-05,-69,0.0075742570043075,True,,4.590863661710379e-14,1e-10,logical Operator.equiv + routed zero/3 random states,"[0, 1, 2, 3]",63,80,17,54,70,16,2.100963599999999e-05,2.4919499999999964e-05,3.909863999999972e-06,basic,basic
4578146e16dfcf0a3a55a1b3fea16f778ac944886bf5b33e90f7dc227bfcd90d_synthetic_irregular_7q_favorable_47,4,1.5,0.2,3,symmetry,4578146e16dfcf0a3a55a1b3fea16f778ac944886bf5b33e90f7dc227bfcd90d,5d660df1811b06d2a855b494e5485abcab84c6d43e60a7ab268ab6b05a0fe264,415,247,259,156,19,1.6842105263157894,3,1.5,2,1,7,8,2.2857142857142856,3,1.809523809523809,1.0,1.0,1,prospective,synthetic_irregular_7q_favorable,irregular,favorable,SYNTHETIC_TARGET,"{""edges"": [[0, 1], [0, 3], [1, 0], [1, 2], [2, 1], [2, 3], [2, 6], [3, 0], [3, 2], [3, 4], [4, 3], [4, 5], [5, 4], [5, 6], [6, 2], [6, 5]], ""seed"": 7, ""basis"": [""id"", ""rz"", ""sx"", ""x"", ""ecr""], ""nodes"": 7}",c8b003a1553d070cddc2acc63823ce20487791b575f8614922ec632ce2dbf9e1,"[0, 1, 2, 3]",,identity proxy before selection when layout is transpiler,4578146e16dfcf0a3a55a1b3fea16f778ac944886bf5b33e90f7dc227bfcd90d_synthetic_irregular_7q_favorable,basic,47,v0.4.0,63,54,252,2.100963599999999e-05,-69,0.0081095970017486,True,,4.590863661710379e-14,1e-10,logical Operator.equiv + routed zero/3 random states,"[0, 1, 2, 3]",63,80,17,54,70,16,2.100963599999999e-05,2.4919499999999964e-05,3.909863999999972e-06,basic,basic
4578146e16dfcf0a3a55a1b3fea16f778ac944886bf5b33e90f7dc227bfcd90d_synthetic_irregular_7q_spread_11,4,1.5,0.2,3,symmetry,4578146e16dfcf0a3a55a1b3fea16f778ac944886bf5b33e90f7dc227bfcd90d,5d660df1811b06d2a855b494e5485abcab84c6d43e60a7ab268ab6b05a0fe264,415,247,259,156,19,1.6842105263157894,3,1.5,2,1,7,8,2.2857142857142856,3,1.809523809523809,1.6153846153846154,2.0,1,prospective,synthetic_irregular_7q_spread,irregular,spread,SYNTHETIC_TARGET,"{""edges"": [[0, 1], [0, 3], [1, 0], [1, 2], [2, 1], [2, 3], [2, 6], [3, 0], [3, 2], [3, 4], [4, 3], [4, 5], [5, 4], [5, 6], [6, 2], [6, 5]], ""seed"": 7, ""basis"": [""id"", ""rz"", ""sx"", ""x"", ""ecr""], ""nodes"": 7}",c8b003a1553d070cddc2acc63823ce20487791b575f8614922ec632ce2dbf9e1,"[0, 2, 3, 5]",,identity proxy before selection when layout is transpiler,4578146e16dfcf0a3a55a1b3fea16f778ac944886bf5b33e90f7dc227bfcd90d_synthetic_irregular_7q_spread,basic,11,v0.4.0,69,57,288,2.891683199999996e-05,-63,0.0073797479999484,True,,5.145337261584299e-14,1e-10,logical Operator.equiv + routed zero/3 random states,"[0, 3, 2, 6]",69,86,17,57,73,16,2.891683199999996e-05,3.302249999999996e-05,4.105667999999996e-06,basic,basic
4578146e16dfcf0a3a55a1b3fea16f778ac944886bf5b33e90f7dc227bfcd90d_synthetic_irregular_7q_spread_19,4,1.5,0.2,3,symmetry,4578146e16dfcf0a3a55a1b3fea16f778ac944886bf5b33e90f7dc227bfcd90d,5d660df1811b06d2a855b494e5485abcab84c6d43e60a7ab268ab6b05a0fe264,415,247,259,156,19,1.6842105263157894,3,1.5,2,1,7,8,2.2857142857142856,3,1.809523809523809,1.6153846153846154,2.0,1,prospective,synthetic_irregular_7q_spread,irregular,spread,SYNTHETIC_TARGET,"{""edges"": [[0, 1], [0, 3], [1, 0], [1, 2], [2, 1], [2, 3], [2, 6], [3, 0], [3, 2], [3, 4], [4, 3], [4, 5], [5, 4], [5, 6], [6, 2], [6, 5]], ""seed"": 7, ""basis"": [""id"", ""rz"", ""sx"", ""x"", ""ecr""], ""nodes"": 7}",c8b003a1553d070cddc2acc63823ce20487791b575f8614922ec632ce2dbf9e1,"[0, 2, 3, 5]",,identity proxy before selection when layout is transpiler,4578146e16dfcf0a3a55a1b3fea16f778ac944886bf5b33e90f7dc227bfcd90d_synthetic_irregular_7q_spread,basic,19,v0.4.0,69,57,288,2.891683199999996e-05,-63,0.0079905829989002,True,,5.145337261584299e-14,1e-10,logical Operator.equiv + routed zero/3 random states,"[0, 3, 2, 6]",69,86,17,57,73,16,2.891683199999996e-05,3.302249999999996e-05,4.105667999999996e-06,basic,basic
4578146e16dfcf0a3a55a1b3fea16f778ac944886bf5b33e90f7dc227bfcd90d_synthetic_irregular_7q_spread_29,4,1.5,0.2,3,symmetry,4578146e16dfcf0a3a55a1b3fea16f778ac944886bf5b33e90f7dc227bfcd90d,5d660df1811b06d2a855b494e5485abcab84c6d43e60a7ab268ab6b05a0fe264,415,247,259,156,19,1.6842105263157894,3,1.5,2,1,7,8,2.2857142857142856,3,1.809523809523809,1.6153846153846154,2.0,1,prospective,synthetic_irregular_7q_spread,irregular,spread,SYNTHETIC_TARGET,"{""edges"": [[0, 1], [0, 3], [1, 0], [1, 2], [2, 1], [2, 3], [2, 6], [3, 0], [3, 2], [3, 4], [4, 3], [4, 5], [5, 4], [5, 6], [6, 2], [6, 5]], ""seed"": 7, ""basis"": [""id"", ""rz"", ""sx"", ""x"", ""ecr""], ""nodes"": 7}",c8b003a1553d070cddc2acc63823ce20487791b575f8614922ec632ce2dbf9e1,"[0, 2, 3, 5]",,identity proxy before selection when layout is transpiler,4578146e16dfcf0a3a55a1b3fea16f778ac944886bf5b33e90f7dc227bfcd90d_synthetic_irregular_7q_spread,basic,29,v0.4.0,69,57,268,2.848903799999995e-05,-63,0.00725460400281,True,,2.5229009065686086e-14,1e-10,logical Operator.equiv + routed zero/3 random states,"[1, 2, 3, 4]",69,86,17,57,73,16,2.848903799999995e-05,3.6209532e-05,7.72049400000005e-06,basic,basic
4578146e16dfcf0a3a55a1b3fea16f778ac944886bf5b33e90f7dc227bfcd90d_synthetic_irregular_7q_spread_37,4,1.5,0.2,3,symmetry,4578146e16dfcf0a3a55a1b3fea16f778ac944886bf5b33e90f7dc227bfcd90d,5d660df1811b06d2a855b494e5485abcab84c6d43e60a7ab268ab6b05a0fe264,415,247,259,156,19,1.6842105263157894,3,1.5,2,1,7,8,2.2857142857142856,3,1.809523809523809,1.6153846153846154,2.0,1,prospective,synthetic_irregular_7q_spread,irregular,spread,SYNTHETIC_TARGET,"{""edges"": [[0, 1], [0, 3], [1, 0], [1, 2], [2, 1], [2, 3], [2, 6], [3, 0], [3, 2], [3, 4], [4, 3], [4, 5], [5, 4], [5, 6], [6, 2], [6, 5]], ""seed"": 7, ""basis"": [""id"", ""rz"", ""sx"", ""x"", ""ecr""], ""nodes"": 7}",c8b003a1553d070cddc2acc63823ce20487791b575f8614922ec632ce2dbf9e1,"[0, 2, 3, 5]",,identity proxy before selection when layout is transpiler,4578146e16dfcf0a3a55a1b3fea16f778ac944886bf5b33e90f7dc227bfcd90d_synthetic_irregular_7q_spread,basic,37,v0.4.0,69,57,268,2.848903799999995e-05,-63,0.0093661680002696,True,,2.5229009065686086e-14,1e-10,logical Operator.equiv + routed zero/3 random states,"[1, 2, 3, 4]",69,86,17,57,73,16,2.848903799999995e-05,3.6209532e-05,7.72049400000005e-06,basic,basic
4578146e16dfcf0a3a55a1b3fea16f778ac944886bf5b33e90f7dc227bfcd90d_synthetic_irregular_7q_spread_47,4,1.5,0.2,3,symmetry,4578146e16dfcf0a3a55a1b3fea16f778ac944886bf5b33e90f7dc227bfcd90d,5d660df1811b06d2a855b494e5485abcab84c6d43e60a7ab268ab6b05a0fe264,415,247,259,156,19,1.6842105263157894,3,1.5,2,1,7,8,2.2857142857142856,3,1.809523809523809,1.6153846153846154,2.0,1,prospective,synthetic_irregular_7q_spread,irregular,spread,SYNTHETIC_TARGET,"{""edges"": [[0, 1], [0, 3], [1, 0], [1, 2], [2, 1], [2, 3], [2, 6], [3, 0], [3, 2], [3, 4], [4, 3], [4, 5], [5, 4], [5, 6], [6, 2], [6, 5]], ""seed"": 7, ""basis"": [""id"", ""rz"", ""sx"", ""x"", ""ecr""], ""nodes"": 7}",c8b003a1553d070cddc2acc63823ce20487791b575f8614922ec632ce2dbf9e1,"[0, 2, 3, 5]",,identity proxy before selection when layout is transpiler,4578146e16dfcf0a3a55a1b3fea16f778ac944886bf5b33e90f7dc227bfcd90d_synthetic_irregular_7q_spread,basic,47,v0.4.0,69,57,288,2.891683199999996e-05,-63,0.0076538729990716,True,,5.145337261584299e-14,1e-10,logical Operator.equiv + routed zero/3 random states,"[0, 3, 2, 6]",69,86,17,57,73,16,2.891683199999996e-05,3.302249999999996e-05,4.105667999999996e-06,basic,basic
b75cbf89649a5d40ee4400d372e6cf3e16e5c828229f394ddf0f65442c3f44a5_synthetic_line_8q_favorable_11,6,1.5,0.2,3,current,b75cbf89649a5d40ee4400d372e6cf3e16e5c828229f394ddf0f65442c3f44a5,3d69e26737c19bf3e2d6b9dda6f38e4ad0254fb23cf7fb6c99dd7280a09a7e63,703,510,427,276,31,1.7419354838709675,5,1.6666666666666667,2,1,8,7,1.75,7,3.0,1.0,1.0,1,prospective,synthetic_line_8q_favorable,line,favorable,SYNTHETIC_TARGET,"{""edges"": [[0, 1], [1, 0], [1, 2], [2, 1], [2, 3], [3, 2], [3, 4], [4, 3], [4, 5], [5, 4], [5, 6], [6, 5], [6, 7], [7, 6]], ""seed"": 7, ""basis"": [""id"", ""rz"", ""sx"", ""x"", ""ecr""], ""nodes"": 8}",801945da6501ad7b48137221aea8d7e8e5603ff1e572732c6d3f24a3be410b79,"[0, 1, 2, 3, 4, 5]",,identity proxy before selection when layout is transpiler,b75cbf89649a5d40ee4400d372e6cf3e16e5c828229f394ddf0f65442c3f44a5_synthetic_line_8q_favorable,basic,11,v0.4.0,182,146,708,7.432804200000021e-05,-58,0.009822116997384,True,,9.600881488936197e-14,1e-10,logical Operator.equiv + routed zero/3 random states,"[0, 1, 2, 3, 4, 5]",182,208,26,146,180,34,7.432804200000021e-05,9.316318800000032e-05,1.8835146000000113e-05,basic,basic
b75cbf89649a5d40ee4400d372e6cf3e16e5c828229f394ddf0f65442c3f44a5_synthetic_line_8q_favorable_19,6,1.5,0.2,3,current,b75cbf89649a5d40ee4400d372e6cf3e16e5c828229f394ddf0f65442c3f44a5,3d69e26737c19bf3e2d6b9dda6f38e4ad0254fb23cf7fb6c99dd7280a09a7e63,703,510,427,276,31,1.7419354838709675,5,1.6666666666666667,2,1,8,7,1.75,7,3.0,1.0,1.0,1,prospective,synthetic_line_8q_favorable,line,favorable,SYNTHETIC_TARGET,"{""edges"": [[0, 1], [1, 0], [1, 2], [2, 1], [2, 3], [3, 2], [3, 4], [4, 3], [4, 5], [5, 4], [5, 6], [6, 5], [6, 7], [7, 6]], ""seed"": 7, ""basis"": [""id"", ""rz"", ""sx"", ""x"", ""ecr""], ""nodes"": 8}",801945da6501ad7b48137221aea8d7e8e5603ff1e572732c6d3f24a3be410b79,"[0, 1, 2, 3, 4, 5]",,identity proxy before selection when layout is transpiler,b75cbf89649a5d40ee4400d372e6cf3e16e5c828229f394ddf0f65442c3f44a5_synthetic_line_8q_favorable,basic,19,v0.4.0,182,146,708,7.432804200000021e-05,-58,0.009052489993337,True,,9.600881488936197e-14,1e-10,logical Operator.equiv + routed zero/3 random states,"[0, 1, 2, 3, 4, 5]",182,208,26,146,180,34,7.432804200000021e-05,9.316318800000032e-05,1.8835146000000113e-05,basic,basic
b75cbf89649a5d40ee4400d372e6cf3e16e5c828229f394ddf0f65442c3f44a5_synthetic_line_8q_favorable_29,6,1.5,0.2,3,current,b75cbf89649a5d40ee4400d372e6cf3e16e5c828229f394ddf0f65442c3f44a5,3d69e26737c19bf3e2d6b9dda6f38e4ad0254fb23cf7fb6c99dd7280a09a7e63,703,510,427,276,31,1.7419354838709675,5,1.6666666666666667,2,1,8,7,1.75,7,3.0,1.0,1.0,1,prospective,synthetic_line_8q_favorable,line,favorable,SYNTHETIC_TARGET,"{""edges"": [[0, 1], [1, 0], [1, 2], [2, 1], [2, 3], [3, 2], [3, 4], [4, 3], [4, 5], [5, 4], [5, 6], [6, 5], [6, 7], [7, 6]], ""seed"": 7, ""basis"": [""id"", ""rz"", ""sx"", ""x"", ""ecr""], ""nodes"": 8}",801945da6501ad7b48137221aea8d7e8e5603ff1e572732c6d3f24a3be410b79,"[0, 1, 2, 3, 4, 5]",,identity proxy before selection when layout is transpiler,b75cbf89649a5d40ee4400d372e6cf3e16e5c828229f394ddf0f65442c3f44a5_synthetic_line_8q_favorable,basic,29,v0.4.0,182,146,708,7.432804200000021e-05,-58,0.0083936270020785,True,,9.600881488936197e-14,1e-10,logical Operator.equiv + routed zero/3 random states,"[0, 1, 2, 3, 4, 5]",182,208,26,146,180,34,7.432804200000021e-05,9.316318800000032e-05,1.8835146000000113e-05,basic,basic
b75cbf89649a5d40ee4400d372e6cf3e16e5c828229f394ddf0f65442c3f44a5_synthetic_line_8q_favorable_37,6,1.5,0.2,3,current,b75cbf89649a5d40ee4400d372e6cf3e16e5c828229f394ddf0f65442c3f44a5,3d69e26737c19bf3e2d6b9dda6f38e4ad0254fb23cf7fb6c99dd7280a09a7e63,703,510,427,276,31,1.7419354838709675,5,1.6666666666666667,2,1,8,7,1.75,7,3.0,1.0,1.0,1,prospective,synthetic_line_8q_favorable,line,favorable,SYNTHETIC_TARGET,"{""edges"": [[0, 1], [1, 0], [1, 2], [2, 1], [2, 3], [3, 2], [3, 4], [4, 3], [4, 5], [5, 4], [5, 6], [6, 5], [6, 7], [7, 6]], ""seed"": 7, ""basis"": [""id"", ""rz"", ""sx"", ""x"", ""ecr""], ""nodes"": 8}",801945da6501ad7b48137221aea8d7e8e5603ff1e572732c6d3f24a3be410b79,"[0, 1, 2, 3, 4, 5]",,identity proxy before selection when layout is transpiler,b75cbf89649a5d40ee4400d372e6cf3e16e5c828229f394ddf0f65442c3f44a5_synthetic_line_8q_favorable,basic,37,v0.4.0,182,146,708,7.432804200000021e-05,-58,0.0085400730022229,True,,9.600881488936197e-14,1e-10,logical Operator.equiv + routed zero/3 random states,"[0, 1, 2, 3, 4, 5]",182,208,26,146,180,34,7.432804200000021e-05,9.316318800000032e-05,1.8835146000000113e-05,basic,basic
b75cbf89649a5d40ee4400d372e6cf3e16e5c828229f394ddf0f65442c3f44a5_synthetic_line_8q_favorable_47,6,1.5,0.2,3,current,b75cbf89649a5d40ee4400d372e6cf3e16e5c828229f394ddf0f65442c3f44a5,3d69e26737c19bf3e2d6b9dda6f38e4ad0254fb23cf7fb6c99dd7280a09a7e63,703,510,427,276,31,1.7419354838709675,5,1.6666666666666667,2,1,8,7,1.75,7,3.0,1.0,1.0,1,prospective,synthetic_line_8q_favorable,line,favorable,SYNTHETIC_TARGET,"{""edges"": [[0, 1], [1, 0], [1, 2], [2, 1], [2, 3], [3, 2], [3, 4], [4, 3], [4, 5], [5, 4], [5, 6], [6, 5], [6, 7], [7, 6]], ""seed"": 7, ""basis"": [""id"", ""rz"", ""sx"", ""x"", ""ecr""], ""nodes"": 8}",801945da6501ad7b48137221aea8d7e8e5603ff1e572732c6d3f24a3be410b79,"[0, 1, 2, 3, 4, 5]",,identity proxy before selection when layout is transpiler,b75cbf89649a5d40ee4400d372e6cf3e16e5c828229f394ddf0f65442c3f44a5_synthetic_line_8q_favorable,basic,47,v0.4.0,182,146,708,7.432804200000021e-05,-58,0.0093342510008369,True,,9.600881488936197e-14,1e-10,logical Operator.equiv + routed zero/3 random states,"[0, 1, 2, 3, 4, 5]",182,208,26,146,180,34,7.432804200000021e-05,9.316318800000032e-05,1.8835146000000113e-05,basic,basic
b75cbf89649a5d40ee4400d372e6cf3e16e5c828229f394ddf0f65442c3f44a5_synthetic_line_8q_spread_11,6,1.5,0.2,3,current,b75cbf89649a5d40ee4400d372e6cf3e16e5c828229f394ddf0f65442c3f44a5,3d69e26737c19bf3e2d6b9dda6f38e4ad0254fb23cf7fb6c99dd7280a09a7e63,703,510,427,276,31,1.7419354838709675,5,1.6666666666666667,2,1,8,7,1.75,7,3.0,1.434782608695652,2.0,1,prospective,synthetic_line_8q_spread,line,spread,SYNTHETIC_TARGET,"{""edges"": [[0, 1], [1, 0], [1, 2], [2, 1], [2, 3], [3, 2], [3, 4], [4, 3], [4, 5], [5, 4], [5, 6], [6, 5], [6, 7], [7, 6]], ""seed"": 7, ""basis"": [""id"", ""rz"", ""sx"", ""x"", ""ecr""], ""nodes"": 8}",801945da6501ad7b48137221aea8d7e8e5603ff1e572732c6d3f24a3be410b79,"[0, 1, 3, 4, 6, 7]",,identity proxy before selection when layout is transpiler,b75cbf89649a5d40ee4400d372e6cf3e16e5c828229f394ddf0f65442c3f44a5_synthetic_line_8q_spread,basic,11,v0.4.0,200,152,656,6.865438800000014e-05,-40,0.0103950240008998,True,,1.1811556819557464e-13,1e-10,logical Operator.equiv + routed zero/3 random states,"[1, 2, 3, 4, 5, 6]",200,226,26,152,184,32,6.865438800000014e-05,8.743936200000042e-05,1.8784974000000284e-05,basic,basic
b75cbf89649a5d40ee4400d372e6cf3e16e5c828229f394ddf0f65442c3f44a5_synthetic_line_8q_spread_19,6,1.5,0.2,3,current,b75cbf89649a5d40ee4400d372e6cf3e16e5c828229f394ddf0f65442c3f44a5,3d69e26737c19bf3e2d6b9dda6f38e4ad0254fb23cf7fb6c99dd7280a09a7e63,703,510,427,276,31,1.7419354838709675,5,1.6666666666666667,2,1,8,7,1.75,7,3.0,1.434782608695652,2.0,1,prospective,synthetic_line_8q_spread,line,spread,SYNTHETIC_TARGET,"{""edges"": [[0, 1], [1, 0], [1, 2], [2, 1], [2, 3], [3, 2], [3, 4], [4, 3], [4, 5], [5, 4], [5, 6], [6, 5], [6, 7], [7, 6]], ""seed"": 7, ""basis"": [""id"", ""rz"", ""sx"", ""x"", ""ecr""], ""nodes"": 8}",801945da6501ad7b48137221aea8d7e8e5603ff1e572732c6d3f24a3be410b79,"[0, 1, 3, 4, 6, 7]",,identity proxy before selection when layout is transpiler,b75cbf89649a5d40ee4400d372e6cf3e16e5c828229f394ddf0f65442c3f44a5_synthetic_line_8q_spread,basic,19,v0.4.0,200,152,656,6.865438800000014e-05,-40,0.009905376995448,True,,1.1811556819557464e-13,1e-10,logical Operator.equiv + routed zero/3 random states,"[1, 2, 3, 4, 5, 6]",200,226,26,152,184,32,6.865438800000014e-05,8.743936200000042e-05,1.8784974000000284e-05,basic,basic
b75cbf89649a5d40ee4400d372e6cf3e16e5c828229f394ddf0f65442c3f44a5_synthetic_line_8q_spread_29,6,1.5,0.2,3,current,b75cbf89649a5d40ee4400d372e6cf3e16e5c828229f394ddf0f65442c3f44a5,3d69e26737c19bf3e2d6b9dda6f38e4ad0254fb23cf7fb6c99dd7280a09a7e63,703,510,427,276,31,1.7419354838709675,5,1.6666666666666667,2,1,8,7,1.75,7,3.0,1.434782608695652,2.0,1,prospective,synthetic_line_8q_spread,line,spread,SYNTHETIC_TARGET,"{""edges"": [[0, 1], [1, 0], [1, 2], [2, 1], [2, 3], [3, 2], [3, 4], [4, 3], [4, 5], [5, 4], [5, 6], [6, 5], [6, 7], [7, 6]], ""seed"": 7, ""basis"": [""id"", ""rz"", ""sx"", ""x"", ""ecr""], ""nodes"": 8}",801945da6501ad7b48137221aea8d7e8e5603ff1e572732c6d3f24a3be410b79,"[0, 1, 3, 4, 6, 7]",,identity proxy before selection when layout is transpiler,b75cbf89649a5d40ee4400d372e6cf3e16e5c828229f394ddf0f65442c3f44a5_synthetic_line_8q_spread,basic,29,v0.4.0,200,152,656,6.865438800000014e-05,-40,0.0099260790011612,True,,1.1811556819557464e-13,1e-10,logical Operator.equiv + routed zero/3 random states,"[1, 2, 3, 4, 5, 6]",200,226,26,152,184,32,6.865438800000014e-05,8.743936200000042e-05,1.8784974000000284e-05,basic,basic
b75cbf89649a5d40ee4400d372e6cf3e16e5c828229f394ddf0f65442c3f44a5_synthetic_line_8q_spread_37,6,1.5,0.2,3,current,b75cbf89649a5d40ee4400d372e6cf3e16e5c828229f394ddf0f65442c3f44a5,3d69e26737c19bf3e2d6b9dda6f38e4ad0254fb23cf7fb6c99dd7280a09a7e63,703,510,427,276,31,1.7419354838709675,5,1.6666666666666667,2,1,8,7,1.75,7,3.0,1.434782608695652,2.0,1,prospective,synthetic_line_8q_spread,line,spread,SYNTHETIC_TARGET,"{""edges"": [[0, 1], [1, 0], [1, 2], [2, 1], [2, 3], [3, 2], [3, 4], [4, 3], [4, 5], [5, 4], [5, 6], [6, 5], [6, 7], [7, 6]], ""seed"": 7, ""basis"": [""id"", ""rz"", ""sx"", ""x"", ""ecr""], ""nodes"": 8}",801945da6501ad7b48137221aea8d7e8e5603ff1e572732c6d3f24a3be410b79,"[0, 1, 3, 4, 6, 7]",,identity proxy before selection when layout is transpiler,b75cbf89649a5d40ee4400d372e6cf3e16e5c828229f394ddf0f65442c3f44a5_synthetic_line_8q_spread,basic,37,v0.4.0,200,152,656,6.865438800000014e-05,-40,0.0102893379953457,True,,1.1811556819557464e-13,1e-10,logical Operator.equiv + routed zero/3 random states,"[1, 2, 3, 4, 5, 6]",200,226,26,152,184,32,6.865438800000014e-05,8.743936200000042e-05,1.8784974000000284e-05,basic,basic
b75cbf89649a5d40ee4400d372e6cf3e16e5c828229f394ddf0f65442c3f44a5_synthetic_line_8q_spread_47,6,1.5,0.2,3,current,b75cbf89649a5d40ee4400d372e6cf3e16e5c828229f394ddf0f65442c3f44a5,3d69e26737c19bf3e2d6b9dda6f38e4ad0254fb23cf7fb6c99dd7280a09a7e63,703,510,427,276,31,1.7419354838709675,5,1.6666666666666667,2,1,8,7,1.75,7,3.0,1.434782608695652,2.0,1,prospective,synthetic_line_8q_spread,line,spread,SYNTHETIC_TARGET,"{""edges"": [[0, 1], [1, 0], [1, 2], [2, 1], [2, 3], [3, 2], [3, 4], [4, 3], [4, 5], [5, 4], [5, 6], [6, 5], [6, 7], [7, 6]], ""seed"": 7, ""basis"": [""id"", ""rz"", ""sx"", ""x"", ""ecr""], ""nodes"": 8}",801945da6501ad7b48137221aea8d7e8e5603ff1e572732c6d3f24a3be410b79,"[0, 1, 3, 4, 6, 7]",,identity proxy before selection when layout is transpiler,b75cbf89649a5d40ee4400d372e6cf3e16e5c828229f394ddf0f65442c3f44a5_synthetic_line_8q_spread,basic,47,v0.4.0,200,152,656,6.865438800000014e-05,-40,0.0093001470013405,True,,1.1811556819557464e-13,1e-10,logical Operator.equiv + routed zero/3 random states,"[1, 2, 3, 4, 5, 6]",200,226,26,152,184,32,6.865438800000014e-05,8.743936200000042e-05,1.8784974000000284e-05,basic,basic
b75cbf89649a5d40ee4400d372e6cf3e16e5c828229f394ddf0f65442c3f44a5_synthetic_ring_8q_transpiler_11,6,1.5,0.2,3,current,b75cbf89649a5d40ee4400d372e6cf3e16e5c828229f394ddf0f65442c3f44a5,3d69e26737c19bf3e2d6b9dda6f38e4ad0254fb23cf7fb6c99dd7280a09a7e63,703,510,427,276,31,1.7419354838709675,5,1.6666666666666667,2,1,8,8,2.0,4,2.2857142857142856,1.0,1.0,1,prospective,synthetic_ring_8q_transpiler,ring,transpiler,SYNTHETIC_TARGET,"{""edges"": [[0, 1], [0, 7], [1, 0], [1, 2], [2, 1], [2, 3], [3, 2], [3, 4], [4, 3], [4, 5], [5, 4], [5, 6], [6, 5], [6, 7], [7, 0], [7, 6]], ""seed"": 7, ""basis"": [""id"", ""rz"", ""sx"", ""x"", ""ecr""], ""nodes"": 8}",0153e862e72b462af51b55ef2b6c107f2f40d86c748b745e313c1ca148c454ca,,,identity proxy before selection when layout is transpiler,b75cbf89649a5d40ee4400d372e6cf3e16e5c828229f394ddf0f65442c3f44a5_synthetic_ring_8q_transpiler,basic,11,v0.4.0,182,146,643,5.927910600000009e-05,-58,0.0099175419964012,True,,1.151093065799472e-13,1e-10,logical Operator.equiv + routed zero/3 random states,"[3, 4, 5, 6, 7, 0]",182,208,26,146,180,34,5.927910600000009e-05,7.768135200000016e-05,1.8402246000000065e-05,basic,basic
b75cbf89649a5d40ee4400d372e6cf3e16e5c828229f394ddf0f65442c3f44a5_synthetic_ring_8q_transpiler_19,6,1.5,0.2,3,current,b75cbf89649a5d40ee4400d372e6cf3e16e5c828229f394ddf0f65442c3f44a5,3d69e26737c19bf3e2d6b9dda6f38e4ad0254fb23cf7fb6c99dd7280a09a7e63,703,510,427,276,31,1.7419354838709675,5,1.6666666666666667,2,1,8,8,2.0,4,2.2857142857142856,1.0,1.0,1,prospective,synthetic_ring_8q_transpiler,ring,transpiler,SYNTHETIC_TARGET,"{""edges"": [[0, 1], [0, 7], [1, 0], [1, 2], [2, 1], [2, 3], [3, 2], [3, 4], [4, 3], [4, 5], [5, 4], [5, 6], [6, 5], [6, 7], [7, 0], [7, 6]], ""seed"": 7, ""basis"": [""id"", ""rz"", ""sx"", ""x"", ""ecr""], ""nodes"": 8}",0153e862e72b462af51b55ef2b6c107f2f40d86c748b745e313c1ca148c454ca,,,identity proxy before selection when layout is transpiler,b75cbf89649a5d40ee4400d372e6cf3e16e5c828229f394ddf0f65442c3f44a5_synthetic_ring_8q_transpiler,basic,19,v0.4.0,182,146,724,7.516831200000005e-05,-58,0.009900135002681,True,,4.820375630882031e-14,1e-10,logical Operator.equiv + routed zero/3 random states,"[6, 7, 0, 1, 2, 3]",182,208,26,146,180,34,7.516831200000005e-05,0.00010476402,2.9595707999999953e-05,basic,basic
b75cbf89649a5d40ee4400d372e6cf3e16e5c828229f394ddf0f65442c3f44a5_synthetic_ring_8q_transpiler_29,6,1.5,0.2,3,current,b75cbf89649a5d40ee4400d372e6cf3e16e5c828229f394ddf0f65442c3f44a5,3d69e26737c19bf3e2d6b9dda6f38e4ad0254fb23cf7fb6c99dd7280a09a7e63,703,510,427,276,31,1.7419354838709675,5,1.6666666666666667,2,1,8,8,2.0,4,2.2857142857142856,1.0,1.0,1,prospective,synthetic_ring_8q_transpiler,ring,transpiler,SYNTHETIC_TARGET,"{""edges"": [[0, 1], [0, 7], [1, 0], [1, 2], [2, 1], [2, 3], [3, 2], [3, 4], [4, 3], [4, 5], [5, 4], [5, 6], [6, 5], [6, 7], [7, 0], [7, 6]], ""seed"": 7, ""basis"": [""id"", ""rz"", ""sx"", ""x"", ""ecr""], ""nodes"": 8}",0153e862e72b462af51b55ef2b6c107f2f40d86c748b745e313c1ca148c454ca,,,identity proxy before selection when layout is transpiler,b75cbf89649a5d40ee4400d372e6cf3e16e5c828229f394ddf0f65442c3f44a5_synthetic_ring_8q_transpiler,basic,29,v0.4.0,182,146,643,6.538011000000014e-05,-58,0.009791985998163,True,,1.1822573690805905e-13,1e-10,logical Operator.equiv + routed zero/3 random states,"[1, 2, 3, 4, 5, 6]",182,208,26,146,180,34,6.538011000000014e-05,8.438220000000041e-05,1.900209000000027e-05,basic,basic
b75cbf89649a5d40ee4400d372e6cf3e16e5c828229f394ddf0f65442c3f44a5_synthetic_ring_8q_transpiler_37,6,1.5,0.2,3,current,b75cbf89649a5d40ee4400d372e6cf3e16e5c828229f394ddf0f65442c3f44a5,3d69e26737c19bf3e2d6b9dda6f38e4ad0254fb23cf7fb6c99dd7280a09a7e63,703,510,427,276,31,1.7419354838709675,5,1.6666666666666667,2,1,8,8,2.0,4,2.2857142857142856,1.0,1.0,1,prospective,synthetic_ring_8q_transpiler,ring,transpiler,SYNTHETIC_TARGET,"{""edges"": [[0, 1], [0, 7], [1, 0], [1, 2], [2, 1], [2, 3], [3, 2], [3, 4], [4, 3], [4, 5], [5, 4], [5, 6], [6, 5], [6, 7], [7, 0], [7, 6]], ""seed"": 7, ""basis"": [""id"", ""rz"", ""sx"", ""x"", ""ecr""], ""nodes"": 8}",0153e862e72b462af51b55ef2b6c107f2f40d86c748b745e313c1ca148c454ca,,,identity proxy before selection when layout is transpiler,b75cbf89649a5d40ee4400d372e6cf3e16e5c828229f394ddf0f65442c3f44a5_synthetic_ring_8q_transpiler,basic,37,v0.4.0,182,146,606,6.160344600000006e-05,-58,0.00942840299831,True,,9.266520968978657e-14,1e-10,logical Operator.equiv + routed zero/3 random states,"[4, 5, 6, 7, 0, 1]",182,208,26,146,180,34,6.160344600000006e-05,7.266037800000014e-05,1.1056932000000081e-05,basic,basic
b75cbf89649a5d40ee4400d372e6cf3e16e5c828229f394ddf0f65442c3f44a5_synthetic_ring_8q_transpiler_47,6,1.5,0.2,3,current,b75cbf89649a5d40ee4400d372e6cf3e16e5c828229f394ddf0f65442c3f44a5,3d69e26737c19bf3e2d6b9dda6f38e4ad0254fb23cf7fb6c99dd7280a09a7e63,703,510,427,276,31,1.7419354838709675,5,1.6666666666666667,2,1,8,8,2.0,4,2.2857142857142856,1.0,1.0,1,prospective,synthetic_ring_8q_transpiler,ring,transpiler,SYNTHETIC_TARGET,"{""edges"": [[0, 1], [0, 7], [1, 0], [1, 2], [2, 1], [2, 3], [3, 2], [3, 4], [4, 3], [4, 5], [5, 4], [5, 6], [6, 5], [6, 7], [7, 0], [7, 6]], ""seed"": 7, ""basis"": [""id"", ""rz"", ""sx"", ""x"", ""ecr""], ""nodes"": 8}",0153e862e72b462af51b55ef2b6c107f2f40d86c748b745e313c1ca148c454ca,,,identity proxy before selection when layout is transpiler,b75cbf89649a5d40ee4400d372e6cf3e16e5c828229f394ddf0f65442c3f44a5_synthetic_ring_8q_transpiler,basic,47,v0.4.0,182,146,621,5.2548288000000014e-05,-58,0.0088485809974372,True,,8.232804857929503e-14,1e-10,logical Operator.equiv + routed zero/3 random states,"[2, 1, 0, 7, 6, 5]",182,208,26,146,180,34,5.2548288000000014e-05,6.22794360000001e-05,9.731148000000092e-06,basic,basic
b75cbf89649a5d40ee4400d372e6cf3e16e5c828229f394ddf0f65442c3f44a5_synthetic_grid_8q_transpiler_11,6,1.5,0.2,3,current,b75cbf89649a5d40ee4400d372e6cf3e16e5c828229f394ddf0f65442c3f44a5,3d69e26737c19bf3e2d6b9dda6f38e4ad0254fb23cf7fb6c99dd7280a09a7e63,703,510,427,276,31,1.7419354838709675,5,1.6666666666666667,2,1,8,10,2.5,4,2.0,1.6521739130434785,4.0,1,prospective,synthetic_grid_8q_transpiler,grid,transpiler,SYNTHETIC_TARGET,"{""edges"": [[0, 1], [0, 4], [1, 0], [1, 2], [1, 5], [2, 1], [2, 3], [2, 6], [3, 2], [3, 7], [4, 0], [4, 5], [5, 1], [5, 4], [5, 6], [6, 2], [6, 5], [6, 7], [7, 3], [7, 6]], ""seed"": 7, ""basis"": [""id"", ""rz"", ""sx"", ""x"", ""ecr""], ""nodes"": 8}",1c54af58f98ce04f3c64adbffe8dbe5ec26492bca016b2595a08e9c2b5021db4,,,identity proxy before selection when layout is transpiler,b75cbf89649a5d40ee4400d372e6cf3e16e5c828229f394ddf0f65442c3f44a5_synthetic_grid_8q_transpiler,basic,11,v0.4.0,182,146,600,6.556548000000011e-05,-58,0.0095375009987037,True,,8.124294162811152e-14,1e-10,logical Operator.equiv + routed zero/3 random states,"[1, 5, 6, 7, 3, 2]",182,208,26,146,180,34,6.556548000000011e-05,8.452605600000007e-05,1.8960575999999956e-05,basic,basic
b75cbf89649a5d40ee4400d372e6cf3e16e5c828229f394ddf0f65442c3f44a5_synthetic_grid_8q_transpiler_19,6,1.5,0.2,3,current,b75cbf89649a5d40ee4400d372e6cf3e16e5c828229f394ddf0f65442c3f44a5,3d69e26737c19bf3e2d6b9dda6f38e4ad0254fb23cf7fb6c99dd7280a09a7e63,703,510,427,276,31,1.7419354838709675,5,1.6666666666666667,2,1,8,10,2.5,4,2.0,1.6521739130434785,4.0,1,prospective,synthetic_grid_8q_transpiler,grid,transpiler,SYNTHETIC_TARGET,"{""edges"": [[0, 1], [0, 4], [1, 0], [1, 2], [1, 5], [2, 1], [2, 3], [2, 6], [3, 2], [3, 7], [4, 0], [4, 5], [5, 1], [5, 4], [5, 6], [6, 2], [6, 5], [6, 7], [7, 3], [7, 6]], ""seed"": 7, ""basis"": [""id"", ""rz"", ""sx"", ""x"", ""ecr""], ""nodes"": 8}",1c54af58f98ce04f3c64adbffe8dbe5ec26492bca016b2595a08e9c2b5021db4,,,identity proxy before selection when layout is transpiler,b75cbf89649a5d40ee4400d372e6cf3e16e5c828229f394ddf0f65442c3f44a5_synthetic_grid_8q_transpiler,basic,19,v0.4.0,182,146,615,5.865040200000009e-05,-58,0.009588860993972,True,,3.2198477537909295e-14,1e-10,logical Operator.equiv + routed zero/3 random states,"[6, 7, 3, 2, 1, 0]",182,208,26,146,180,34,5.865040200000009e-05,6.630252000000011e-05,7.652118000000017e-06,basic,basic
b75cbf89649a5d40ee4400d372e6cf3e16e5c828229f394ddf0f65442c3f44a5_synthetic_grid_8q_transpiler_29,6,1.5,0.2,3,current,b75cbf89649a5d40ee4400d372e6cf3e16e5c828229f394ddf0f65442c3f44a5,3d69e26737c19bf3e2d6b9dda6f38e4ad0254fb23cf7fb6c99dd7280a09a7e63,703,510,427,276,31,1.7419354838709675,5,1.6666666666666667,2,1,8,10,2.5,4,2.0,1.6521739130434785,4.0,1,prospective,synthetic_grid_8q_transpiler,grid,transpiler,SYNTHETIC_TARGET,"{""edges"": [[0, 1], [0, 4], [1, 0], [1, 2], [1, 5], [2, 1], [2, 3], [2, 6], [3, 2], [3, 7], [4, 0], [4, 5], [5, 1], [5, 4], [5, 6], [6, 2], [6, 5], [6, 7], [7, 3], [7, 6]], ""seed"": 7, ""basis"": [""id"", ""rz"", ""sx"", ""x"", ""ecr""], ""nodes"": 8}",1c54af58f98ce04f3c64adbffe8dbe5ec26492bca016b2595a08e9c2b5021db4,,,identity proxy before selection when layout is transpiler,b75cbf89649a5d40ee4400d372e6cf3e16e5c828229f394ddf0f65442c3f44a5_synthetic_grid_8q_transpiler,basic,29,v0.4.0,182,146,640,8.048765400000022e-05,-58,0.0098891620000358,True,,7.440862562261177e-14,1e-10,logical Operator.equiv + routed zero/3 random states,"[7, 6, 5, 1, 2, 3]",182,208,26,146,180,34,8.048765400000022e-05,0.000103430688,2.2943033999999783e-05,basic,basic
b75cbf89649a5d40ee4400d372e6cf3e16e5c828229f394ddf0f65442c3f44a5_synthetic_grid_8q_transpiler_37,6,1.5,0.2,3,current,b75cbf89649a5d40ee4400d372e6cf3e16e5c828229f394ddf0f65442c3f44a5,3d69e26737c19bf3e2d6b9dda6f38e4ad0254fb23cf7fb6c99dd7280a09a7e63,703,510,427,276,31,1.7419354838709675,5,1.6666666666666667,2,1,8,10,2.5,4,2.0,1.6521739130434785,4.0,1,prospective,synthetic_grid_8q_transpiler,grid,transpiler,SYNTHETIC_TARGET,"{""edges"": [[0, 1], [0, 4], [1, 0], [1, 2], [1, 5], [2, 1], [2, 3], [2, 6], [3, 2], [3, 7], [4, 0], [4, 5], [5, 1], [5, 4], [5, 6], [6, 2], [6, 5], [6, 7], [7, 3], [7, 6]], ""seed"": 7, ""basis"": [""id"", ""rz"", ""sx"", ""x"", ""ecr""], ""nodes"": 8}",1c54af58f98ce04f3c64adbffe8dbe5ec26492bca016b2595a08e9c2b5021db4,,,identity proxy before selection when layout is transpiler,b75cbf89649a5d40ee4400d372e6cf3e16e5c828229f394ddf0f65442c3f44a5_synthetic_grid_8q_transpiler,basic,37,v0.4.0,182,146,612,6.229808400000008e-05,-58,0.0088843949997681,True,,3.602336911556669e-14,1e-10,logical Operator.equiv + routed zero/3 random states,"[1, 5, 6, 2, 3, 7]",182,208,26,146,180,34,6.229808400000008e-05,8.18795939999999e-05,1.958150999999982e-05,basic,basic
b75cbf89649a5d40ee4400d372e6cf3e16e5c828229f394ddf0f65442c3f44a5_synthetic_grid_8q_transpiler_47,6,1.5,0.2,3,current,b75cbf89649a5d40ee4400d372e6cf3e16e5c828229f394ddf0f65442c3f44a5,3d69e26737c19bf3e2d6b9dda6f38e4ad0254fb23cf7fb6c99dd7280a09a7e63,703,510,427,276,31,1.7419354838709675,5,1.6666666666666667,2,1,8,10,2.5,4,2.0,1.6521739130434785,4.0,1,prospective,synthetic_grid_8q_transpiler,grid,transpiler,SYNTHETIC_TARGET,"{""edges"": [[0, 1], [0, 4], [1, 0], [1, 2], [1, 5], [2, 1], [2, 3], [2, 6], [3, 2], [3, 7], [4, 0], [4, 5], [5, 1], [5, 4], [5, 6], [6, 2], [6, 5], [6, 7], [7, 3], [7, 6]], ""seed"": 7, ""basis"": [""id"", ""rz"", ""sx"", ""x"", ""ecr""], ""nodes"": 8}",1c54af58f98ce04f3c64adbffe8dbe5ec26492bca016b2595a08e9c2b5021db4,,,identity proxy before selection when layout is transpiler,b75cbf89649a5d40ee4400d372e6cf3e16e5c828229f394ddf0f65442c3f44a5_synthetic_grid_8q_transpiler,basic,47,v0.4.0,182,146,610,5.550066600000009e-05,-58,0.0089417600029264,True,,1.0710419181948405e-13,1e-10,logical Operator.equiv + routed zero/3 random states,"[7, 6, 2, 1, 5, 4]",182,208,26,146,180,34,5.550066600000009e-05,6.564273600000002e-05,1.0142069999999929e-05,basic,basic
b75cbf89649a5d40ee4400d372e6cf3e16e5c828229f394ddf0f65442c3f44a5_synthetic_heavy_hex_like_8q_transpiler_11,6,1.5,0.2,3,current,b75cbf89649a5d40ee4400d372e6cf3e16e5c828229f394ddf0f65442c3f44a5,3d69e26737c19bf3e2d6b9dda6f38e4ad0254fb23cf7fb6c99dd7280a09a7e63,703,510,427,276,31,1.7419354838709675,5,1.6666666666666667,2,1,8,9,2.25,5,2.2857142857142856,1.0,1.0,1,prospective,synthetic_heavy_hex_like_8q_transpiler,heavy_hex_like,transpiler,SYNTHETIC_TARGET,"{""edges"": [[0, 1], [0, 3], [1, 0], [1, 2], [2, 1], [2, 3], [3, 0], [3, 2], [3, 4], [4, 3], [4, 5], [4, 7], [5, 4], [5, 6], [6, 5], [6, 7], [7, 4], [7, 6]], ""seed"": 7, ""basis"": [""id"", ""rz"", ""sx"", ""x"", ""ecr""], ""nodes"": 8}",f911f56297274ab5855fabda92273b130893a8a55e6a11c5c1f619fbe1db12bc,,,identity proxy before selection when layout is transpiler,b75cbf89649a5d40ee4400d372e6cf3e16e5c828229f394ddf0f65442c3f44a5_synthetic_heavy_hex_like_8q_transpiler,basic,11,v0.4.0,182,146,649,4.086820200000009e-05,-58,0.0113227250039926,True,,8.507956846327787e-14,1e-10,logical Operator.equiv + routed zero/3 random states,"[6, 5, 4, 3, 2, 1]",182,208,26,146,180,34,4.086820200000009e-05,4.172179200000006e-05,8.535899999999736e-07,basic,basic
b75cbf89649a5d40ee4400d372e6cf3e16e5c828229f394ddf0f65442c3f44a5_synthetic_heavy_hex_like_8q_transpiler_19,6,1.5,0.2,3,current,b75cbf89649a5d40ee4400d372e6cf3e16e5c828229f394ddf0f65442c3f44a5,3d69e26737c19bf3e2d6b9dda6f38e4ad0254fb23cf7fb6c99dd7280a09a7e63,703,510,427,276,31,1.7419354838709675,5,1.6666666666666667,2,1,8,9,2.25,5,2.2857142857142856,1.0,1.0,1,prospective,synthetic_heavy_hex_like_8q_transpiler,heavy_hex_like,transpiler,SYNTHETIC_TARGET,"{""edges"": [[0, 1], [0, 3], [1, 0], [1, 2], [2, 1], [2, 3], [3, 0], [3, 2], [3, 4], [4, 3], [4, 5], [4, 7], [5, 4], [5, 6], [6, 5], [6, 7], [7, 4], [7, 6]], ""seed"": 7, ""basis"": [""id"", ""rz"", ""sx"", ""x"", ""ecr""], ""nodes"": 8}",f911f56297274ab5855fabda92273b130893a8a55e6a11c5c1f619fbe1db12bc,,,identity proxy before selection when layout is transpiler,b75cbf89649a5d40ee4400d372e6cf3e16e5c828229f394ddf0f65442c3f44a5_synthetic_heavy_hex_like_8q_transpiler,basic,19,v0.4.0,182,146,684,4.087841400000004e-05,-58,0.0110959000012371,True,,1.2571986631245284e-13,1e-10,logical Operator.equiv + routed zero/3 random states,"[0, 3, 4, 5, 6, 7]",182,208,26,146,180,34,4.087841400000004e-05,5.179659600000002e-05,1.0918181999999984e-05,basic,basic
b75cbf89649a5d40ee4400d372e6cf3e16e5c828229f394ddf0f65442c3f44a5_synthetic_heavy_hex_like_8q_transpiler_29,6,1.5,0.2,3,current,b75cbf89649a5d40ee4400d372e6cf3e16e5c828229f394ddf0f65442c3f44a5,3d69e26737c19bf3e2d6b9dda6f38e4ad0254fb23cf7fb6c99dd7280a09a7e63,703,510,427,276,31,1.7419354838709675,5,1.6666666666666667,2,1,8,9,2.25,5,2.2857142857142856,1.0,1.0,1,prospective,synthetic_heavy_hex_like_8q_transpiler,heavy_hex_like,transpiler,SYNTHETIC_TARGET,"{""edges"": [[0, 1], [0, 3], [1, 0], [1, 2], [2, 1], [2, 3], [3, 0], [3, 2], [3, 4], [4, 3], [4, 5], [4, 7], [5, 4], [5, 6], [6, 5], [6, 7], [7, 4], [7, 6]], ""seed"": 7, ""basis"": [""id"", ""rz"", ""sx"", ""x"", ""ecr""], ""nodes"": 8}",f911f56297274ab5855fabda92273b130893a8a55e6a11c5c1f619fbe1db12bc,,,identity proxy before selection when layout is transpiler,b75cbf89649a5d40ee4400d372e6cf3e16e5c828229f394ddf0f65442c3f44a5_synthetic_heavy_hex_like_8q_transpiler,basic,29,v0.4.0,182,146,633,6.836800800000025e-05,-58,0.0151876480013015,True,,1.0301703991777425e-13,1e-10,logical Operator.equiv + routed zero/3 random states,"[1, 2, 3, 4, 7, 6]",182,208,26,146,180,34,6.836800800000025e-05,8.85651240000001e-05,2.0197115999999858e-05,basic,basic
b75cbf89649a5d40ee4400d372e6cf3e16e5c828229f394ddf0f65442c3f44a5_synthetic_heavy_hex_like_8q_transpiler_37,6,1.5,0.2,3,current,b75cbf89649a5d40ee4400d372e6cf3e16e5c828229f394ddf0f65442c3f44a5,3d69e26737c19bf3e2d6b9dda6f38e4ad0254fb23cf7fb6c99dd7280a09a7e63,703,510,427,276,31,1.7419354838709675,5,1.6666666666666667,2,1,8,9,2.25,5,2.2857142857142856,1.0,1.0,1,prospective,synthetic_heavy_hex_like_8q_transpiler,heavy_hex_like,transpiler,SYNTHETIC_TARGET,"{""edges"": [[0, 1], [0, 3], [1, 0], [1, 2], [2, 1], [2, 3], [3, 0], [3, 2], [3, 4], [4, 3], [4, 5], [4, 7], [5, 4], [5, 6], [6, 5], [6, 7], [7, 4], [7, 6]], ""seed"": 7, ""basis"": [""id"", ""rz"", ""sx"", ""x"", ""ecr""], ""nodes"": 8}",f911f56297274ab5855fabda92273b130893a8a55e6a11c5c1f619fbe1db12bc,,,identity proxy before selection when layout is transpiler,b75cbf89649a5d40ee4400d372e6cf3e16e5c828229f394ddf0f65442c3f44a5_synthetic_heavy_hex_like_8q_transpiler,basic,37,v0.4.0,182,146,740,4.00916460000001e-05,-58,0.0130421860012575,True,,1.0884640225062953e-13,1e-10,logical Operator.equiv + routed zero/3 random states,"[7, 6, 5, 4, 3, 2]",182,208,26,146,180,34,4.00916460000001e-05,4.172179200000006e-05,1.6301459999999617e-06,basic,basic
b75cbf89649a5d40ee4400d372e6cf3e16e5c828229f394ddf0f65442c3f44a5_synthetic_heavy_hex_like_8q_transpiler_47,6,1.5,0.2,3,current,b75cbf89649a5d40ee4400d372e6cf3e16e5c828229f394ddf0f65442c3f44a5,3d69e26737c19bf3e2d6b9dda6f38e4ad0254fb23cf7fb6c99dd7280a09a7e63,703,510,427,276,31,1.7419354838709675,5,1.6666666666666667,2,1,8,9,2.25,5,2.2857142857142856,1.0,1.0,1,prospective,synthetic_heavy_hex_like_8q_transpiler,heavy_hex_like,transpiler,SYNTHETIC_TARGET,"{""edges"": [[0, 1], [0, 3], [1, 0], [1, 2], [2, 1], [2, 3], [3, 0], [3, 2], [3, 4], [4, 3], [4, 5], [4, 7], [5, 4], [5, 6], [6, 5], [6, 7], [7, 4], [7, 6]], ""seed"": 7, ""basis"": [""id"", ""rz"", ""sx"", ""x"", ""ecr""], ""nodes"": 8}",f911f56297274ab5855fabda92273b130893a8a55e6a11c5c1f619fbe1db12bc,,,identity proxy before selection when layout is transpiler,b75cbf89649a5d40ee4400d372e6cf3e16e5c828229f394ddf0f65442c3f44a5_synthetic_heavy_hex_like_8q_transpiler,basic,47,v0.4.0,182,146,651,7.089969600000017e-05,-58,0.009579591001966,True,,9.224768203361945e-14,1e-10,logical Operator.equiv + routed zero/3 random states,"[6, 7, 4, 3, 2, 1]",182,208,26,146,180,34,7.089969600000017e-05,9.1251102e-05,2.0351405999999823e-05,basic,basic
b75cbf89649a5d40ee4400d372e6cf3e16e5c828229f394ddf0f65442c3f44a5_synthetic_irregular_8q_favorable_11,6,1.5,0.2,3,current,b75cbf89649a5d40ee4400d372e6cf3e16e5c828229f394ddf0f65442c3f44a5,3d69e26737c19bf3e2d6b9dda6f38e4ad0254fb23cf7fb6c99dd7280a09a7e63,703,510,427,276,31,1.7419354838709675,5,1.6666666666666667,2,1,8,9,2.25,4,2.071428571428572,1.0,1.0,1,prospective,synthetic_irregular_8q_favorable,irregular,favorable,SYNTHETIC_TARGET,"{""edges"": [[0, 1], [0, 3], [1, 0], [1, 2], [2, 1], [2, 3], [2, 7], [3, 0], [3, 2], [3, 4], [4, 3], [4, 5], [5, 4], [5, 6], [6, 5], [6, 7], [7, 2], [7, 6]], ""seed"": 7, ""basis"": [""id"", ""rz"", ""sx"", ""x"", ""ecr""], ""nodes"": 8}",6b6ce92b7572d9aab18041c2ed891a6915103a840fb0577e497bbcb3d6fc0831,"[0, 1, 2, 3, 4, 5]",,identity proxy before selection when layout is transpiler,b75cbf89649a5d40ee4400d372e6cf3e16e5c828229f394ddf0f65442c3f44a5_synthetic_irregular_8q_favorable,basic,11,v0.4.0,182,146,648,6.877559999999999e-05,-58,0.0098442870003054,True,,3.3259495952911906e-14,1e-10,logical Operator.equiv + routed zero/3 random states,"[0, 1, 2, 3, 4, 5]",182,208,26,146,180,34,6.877559999999999e-05,9.22674180000001e-05,2.3491818000000102e-05,basic,basic
b75cbf89649a5d40ee4400d372e6cf3e16e5c828229f394ddf0f65442c3f44a5_synthetic_irregular_8q_favorable_19,6,1.5,0.2,3,current,b75cbf89649a5d40ee4400d372e6cf3e16e5c828229f394ddf0f65442c3f44a5,3d69e26737c19bf3e2d6b9dda6f38e4ad0254fb23cf7fb6c99dd7280a09a7e63,703,510,427,276,31,1.7419354838709675,5,1.6666666666666667,2,1,8,9,2.25,4,2.071428571428572,1.0,1.0,1,prospective,synthetic_irregular_8q_favorable,irregular,favorable,SYNTHETIC_TARGET,"{""edges"": [[0, 1], [0, 3], [1, 0], [1, 2], [2, 1], [2, 3], [2, 7], [3, 0], [3, 2], [3, 4], [4, 3], [4, 5], [5, 4], [5, 6], [6, 5], [6, 7], [7, 2], [7, 6]], ""seed"": 7, ""basis"": [""id"", ""rz"", ""sx"", ""x"", ""ecr""], ""nodes"": 8}",6b6ce92b7572d9aab18041c2ed891a6915103a840fb0577e497bbcb3d6fc0831,"[0, 1, 2, 3, 4, 5]",,identity proxy before selection when layout is transpiler,b75cbf89649a5d40ee4400d372e6cf3e16e5c828229f394ddf0f65442c3f44a5_synthetic_irregular_8q_favorable,basic,19,v0.4.0,182,146,648,6.877559999999999e-05,-58,0.0087553750054212,True,,3.3259495952911906e-14,1e-10,logical Operator.equiv + routed zero/3 random states,"[0, 1, 2, 3, 4, 5]",182,208,26,146,180,34,6.877559999999999e-05,9.22674180000001e-05,2.3491818000000102e-05,basic,basic
b75cbf89649a5d40ee4400d372e6cf3e16e5c828229f394ddf0f65442c3f44a5_synthetic_irregular_8q_favorable_29,6,1.5,0.2,3,current,b75cbf89649a5d40ee4400d372e6cf3e16e5c828229f394ddf0f65442c3f44a5,3d69e26737c19bf3e2d6b9dda6f38e4ad0254fb23cf7fb6c99dd7280a09a7e63,703,510,427,276,31,1.7419354838709675,5,1.6666666666666667,2,1,8,9,2.25,4,2.071428571428572,1.0,1.0,1,prospective,synthetic_irregular_8q_favorable,irregular,favorable,SYNTHETIC_TARGET,"{""edges"": [[0, 1], [0, 3], [1, 0], [1, 2], [2, 1], [2, 3], [2, 7], [3, 0], [3, 2], [3, 4], [4, 3], [4, 5], [5, 4], [5, 6], [6, 5], [6, 7], [7, 2], [7, 6]], ""seed"": 7, ""basis"": [""id"", ""rz"", ""sx"", ""x"", ""ecr""], ""nodes"": 8}",6b6ce92b7572d9aab18041c2ed891a6915103a840fb0577e497bbcb3d6fc0831,"[0, 1, 2, 3, 4, 5]",,identity proxy before selection when layout is transpiler,b75cbf89649a5d40ee4400d372e6cf3e16e5c828229f394ddf0f65442c3f44a5_synthetic_irregular_8q_favorable,basic,29,v0.4.0,182,146,648,6.877559999999999e-05,-58,0.0094224710046546,True,,3.3259495952911906e-14,1e-10,logical Operator.equiv + routed zero/3 random states,"[0, 1, 2, 3, 4, 5]",182,208,26,146,180,34,6.877559999999999e-05,9.22674180000001e-05,2.3491818000000102e-05,basic,basic
b75cbf89649a5d40ee4400d372e6cf3e16e5c828229f394ddf0f65442c3f44a5_synthetic_irregular_8q_favorable_37,6,1.5,0.2,3,current,b75cbf89649a5d40ee4400d372e6cf3e16e5c828229f394ddf0f65442c3f44a5,3d69e26737c19bf3e2d6b9dda6f38e4ad0254fb23cf7fb6c99dd7280a09a7e63,703,510,427,276,31,1.7419354838709675,5,1.6666666666666667,2,1,8,9,2.25,4,2.071428571428572,1.0,1.0,1,prospective,synthetic_irregular_8q_favorable,irregular,favorable,SYNTHETIC_TARGET,"{""edges"": [[0, 1], [0, 3], [1, 0], [1, 2], [2, 1], [2, 3], [2, 7], [3, 0], [3, 2], [3, 4], [4, 3], [4, 5], [5, 4], [5, 6], [6, 5], [6, 7], [7, 2], [7, 6]], ""seed"": 7, ""basis"": [""id"", ""rz"", ""sx"", ""x"", ""ecr""], ""nodes"": 8}",6b6ce92b7572d9aab18041c2ed891a6915103a840fb0577e497bbcb3d6fc0831,"[0, 1, 2, 3, 4, 5]",,identity proxy before selection when layout is transpiler,b75cbf89649a5d40ee4400d372e6cf3e16e5c828229f394ddf0f65442c3f44a5_synthetic_irregular_8q_favorable,basic,37,v0.4.0,182,146,648,6.877559999999999e-05,-58,0.0103411899981438,True,,3.3259495952911906e-14,1e-10,logical Operator.equiv + routed zero/3 random states,"[0, 1, 2, 3, 4, 5]",182,208,26,146,180,34,6.877559999999999e-05,9.22674180000001e-05,2.3491818000000102e-05,basic,basic
b75cbf89649a5d40ee4400d372e6cf3e16e5c828229f394ddf0f65442c3f44a5_synthetic_irregular_8q_favorable_47,6,1.5,0.2,3,current,b75cbf89649a5d40ee4400d372e6cf3e16e5c828229f394ddf0f65442c3f44a5,3d69e26737c19bf3e2d6b9dda6f38e4ad0254fb23cf7fb6c99dd7280a09a7e63,703,510,427,276,31,1.7419354838709675,5,1.6666666666666667,2,1,8,9,2.25,4,2.071428571428572,1.0,1.0,1,prospective,synthetic_irregular_8q_favorable,irregular,favorable,SYNTHETIC_TARGET,"{""edges"": [[0, 1], [0, 3], [1, 0], [1, 2], [2, 1], [2, 3], [2, 7], [3, 0], [3, 2], [3, 4], [4, 3], [4, 5], [5, 4], [5, 6], [6, 5], [6, 7], [7, 2], [7, 6]], ""seed"": 7, ""basis"": [""id"", ""rz"", ""sx"", ""x"", ""ecr""], ""nodes"": 8}",6b6ce92b7572d9aab18041c2ed891a6915103a840fb0577e497bbcb3d6fc0831,"[0, 1, 2, 3, 4, 5]",,identity proxy before selection when layout is transpiler,b75cbf89649a5d40ee4400d372e6cf3e16e5c828229f394ddf0f65442c3f44a5_synthetic_irregular_8q_favorable,basic,47,v0.4.0,182,146,648,6.877559999999999e-05,-58,0.0084279600050649,True,,3.3259495952911906e-14,1e-10,logical Operator.equiv + routed zero/3 random states,"[0, 1, 2, 3, 4, 5]",182,208,26,146,180,34,6.877559999999999e-05,9.22674180000001e-05,2.3491818000000102e-05,basic,basic
b75cbf89649a5d40ee4400d372e6cf3e16e5c828229f394ddf0f65442c3f44a5_synthetic_irregular_8q_spread_11,6,1.5,0.2,3,current,b75cbf89649a5d40ee4400d372e6cf3e16e5c828229f394ddf0f65442c3f44a5,3d69e26737c19bf3e2d6b9dda6f38e4ad0254fb23cf7fb6c99dd7280a09a7e63,703,510,427,276,31,1.7419354838709675,5,1.6666666666666667,2,1,8,9,2.25,4,2.071428571428572,1.434782608695652,2.0,1,prospective,synthetic_irregular_8q_spread,irregular,spread,SYNTHETIC_TARGET,"{""edges"": [[0, 1], [0, 3], [1, 0], [1, 2], [2, 1], [2, 3], [2, 7], [3, 0], [3, 2], [3, 4], [4, 3], [4, 5], [5, 4], [5, 6], [6, 5], [6, 7], [7, 2], [7, 6]], ""seed"": 7, ""basis"": [""id"", ""rz"", ""sx"", ""x"", ""ecr""], ""nodes"": 8}",6b6ce92b7572d9aab18041c2ed891a6915103a840fb0577e497bbcb3d6fc0831,"[0, 1, 3, 4, 6, 7]",,identity proxy before selection when layout is transpiler,b75cbf89649a5d40ee4400d372e6cf3e16e5c828229f394ddf0f65442c3f44a5_synthetic_irregular_8q_spread,basic,11,v0.4.0,195,150,675,4.596287999999993e-05,-45,0.0105257570030516,True,,9.792389323824605e-14,1e-10,logical Operator.equiv + routed zero/3 random states,"[1, 0, 3, 4, 5, 6]",195,221,26,150,181,31,4.596287999999993e-05,5.369602799999987e-05,7.73314799999994e-06,basic,basic
b75cbf89649a5d40ee4400d372e6cf3e16e5c828229f394ddf0f65442c3f44a5_synthetic_irregular_8q_spread_19,6,1.5,0.2,3,current,b75cbf89649a5d40ee4400d372e6cf3e16e5c828229f394ddf0f65442c3f44a5,3d69e26737c19bf3e2d6b9dda6f38e4ad0254fb23cf7fb6c99dd7280a09a7e63,703,510,427,276,31,1.7419354838709675,5,1.6666666666666667,2,1,8,9,2.25,4,2.071428571428572,1.434782608695652,2.0,1,prospective,synthetic_irregular_8q_spread,irregular,spread,SYNTHETIC_TARGET,"{""edges"": [[0, 1], [0, 3], [1, 0], [1, 2], [2, 1], [2, 3], [2, 7], [3, 0], [3, 2], [3, 4], [4, 3], [4, 5], [5, 4], [5, 6], [6, 5], [6, 7], [7, 2], [7, 6]], ""seed"": 7, ""basis"": [""id"", ""rz"", ""sx"", ""x"", ""ecr""], ""nodes"": 8}",6b6ce92b7572d9aab18041c2ed891a6915103a840fb0577e497bbcb3d6fc0831,"[0, 1, 3, 4, 6, 7]",,identity proxy before selection when layout is transpiler,b75cbf89649a5d40ee4400d372e6cf3e16e5c828229f394ddf0f65442c3f44a5_synthetic_irregular_8q_spread,basic,19,v0.4.0,195,150,675,4.596287999999993e-05,-45,0.0089510420002625,True,,9.792389323824605e-14,1e-10,logical Operator.equiv + routed zero/3 random states,"[1, 0, 3, 4, 5, 6]",195,221,26,150,181,31,4.596287999999993e-05,5.369602799999987e-05,7.73314799999994e-06,basic,basic
b75cbf89649a5d40ee4400d372e6cf3e16e5c828229f394ddf0f65442c3f44a5_synthetic_irregular_8q_spread_29,6,1.5,0.2,3,current,b75cbf89649a5d40ee4400d372e6cf3e16e5c828229f394ddf0f65442c3f44a5,3d69e26737c19bf3e2d6b9dda6f38e4ad0254fb23cf7fb6c99dd7280a09a7e63,703,510,427,276,31,1.7419354838709675,5,1.6666666666666667,2,1,8,9,2.25,4,2.071428571428572,1.434782608695652,2.0,1,prospective,synthetic_irregular_8q_spread,irregular,spread,SYNTHETIC_TARGET,"{""edges"": [[0, 1], [0, 3], [1, 0], [1, 2], [2, 1], [2, 3], [2, 7], [3, 0], [3, 2], [3, 4], [4, 3], [4, 5], [5, 4], [5, 6], [6, 5], [6, 7], [7, 2], [7, 6]], ""seed"": 7, ""basis"": [""id"", ""rz"", ""sx"", ""x"", ""ecr""], ""nodes"": 8}",6b6ce92b7572d9aab18041c2ed891a6915103a840fb0577e497bbcb3d6fc0831,"[0, 1, 3, 4, 6, 7]",,identity proxy before selection when layout is transpiler,b75cbf89649a5d40ee4400d372e6cf3e16e5c828229f394ddf0f65442c3f44a5_synthetic_irregular_8q_spread,basic,29,v0.4.0,195,150,675,4.596287999999993e-05,-45,0.0119518479987164,True,,9.792389323824605e-14,1e-10,logical Operator.equiv + routed zero/3 random states,"[1, 0, 3, 4, 5, 6]",195,221,26,150,181,31,4.596287999999993e-05,5.369602799999987e-05,7.73314799999994e-06,basic,basic
b75cbf89649a5d40ee4400d372e6cf3e16e5c828229f394ddf0f65442c3f44a5_synthetic_irregular_8q_spread_37,6,1.5,0.2,3,current,b75cbf89649a5d40ee4400d372e6cf3e16e5c828229f394ddf0f65442c3f44a5,3d69e26737c19bf3e2d6b9dda6f38e4ad0254fb23cf7fb6c99dd7280a09a7e63,703,510,427,276,31,1.7419354838709675,5,1.6666666666666667,2,1,8,9,2.25,4,2.071428571428572,1.434782608695652,2.0,1,prospective,synthetic_irregular_8q_spread,irregular,spread,SYNTHETIC_TARGET,"{""edges"": [[0, 1], [0, 3], [1, 0], [1, 2], [2, 1], [2, 3], [2, 7], [3, 0], [3, 2], [3, 4], [4, 3], [4, 5], [5, 4], [5, 6], [6, 5], [6, 7], [7, 2], [7, 6]], ""seed"": 7, ""basis"": [""id"", ""rz"", ""sx"", ""x"", ""ecr""], ""nodes"": 8}",6b6ce92b7572d9aab18041c2ed891a6915103a840fb0577e497bbcb3d6fc0831,"[0, 1, 3, 4, 6, 7]",,identity proxy before selection when layout is transpiler,b75cbf89649a5d40ee4400d372e6cf3e16e5c828229f394ddf0f65442c3f44a5_synthetic_irregular_8q_spread,basic,37,v0.4.0,195,150,675,4.596287999999993e-05,-45,0.0108951500005787,True,,9.792389323824605e-14,1e-10,logical Operator.equiv + routed zero/3 random states,"[1, 0, 3, 4, 5, 6]",195,221,26,150,181,31,4.596287999999993e-05,5.369602799999987e-05,7.73314799999994e-06,basic,basic
b75cbf89649a5d40ee4400d372e6cf3e16e5c828229f394ddf0f65442c3f44a5_synthetic_irregular_8q_spread_47,6,1.5,0.2,3,current,b75cbf89649a5d40ee4400d372e6cf3e16e5c828229f394ddf0f65442c3f44a5,3d69e26737c19bf3e2d6b9dda6f38e4ad0254fb23cf7fb6c99dd7280a09a7e63,703,510,427,276,31,1.7419354838709675,5,1.6666666666666667,2,1,8,9,2.25,4,2.071428571428572,1.434782608695652,2.0,1,prospective,synthetic_irregular_8q_spread,irregular,spread,SYNTHETIC_TARGET,"{""edges"": [[0, 1], [0, 3], [1, 0], [1, 2], [2, 1], [2, 3], [2, 7], [3, 0], [3, 2], [3, 4], [4, 3], [4, 5], [5, 4], [5, 6], [6, 5], [6, 7], [7, 2], [7, 6]], ""seed"": 7, ""basis"": [""id"", ""rz"", ""sx"", ""x"", ""ecr""], ""nodes"": 8}",6b6ce92b7572d9aab18041c2ed891a6915103a840fb0577e497bbcb3d6fc0831,"[0, 1, 3, 4, 6, 7]",,identity proxy before selection when layout is transpiler,b75cbf89649a5d40ee4400d372e6cf3e16e5c828229f394ddf0f65442c3f44a5_synthetic_irregular_8q_spread,basic,47,v0.4.0,195,150,675,4.596287999999993e-05,-45,0.0102549549992545,True,,9.792389323824605e-14,1e-10,logical Operator.equiv + routed zero/3 random states,"[1, 0, 3, 4, 5, 6]",195,221,26,150,181,31,4.596287999999993e-05,5.369602799999987e-05,7.73314799999994e-06,basic,basic
d338eb773a8d9b65affd729028e23e9f24e361c2bc1272505190220bc634f90b_synthetic_line_8q_favorable_11,6,1.5,0.2,3,reversed,d338eb773a8d9b65affd729028e23e9f24e361c2bc1272505190220bc634f90b,b900105fd332fb167e8c3241bb160ee549828e89691222f9cd8180d5e3225235,703,510,427,276,31,1.7419354838709675,5,1.6666666666666667,2,1,8,7,1.75,7,3.0,1.0,1.0,1,prospective,synthetic_line_8q_favorable,line,favorable,SYNTHETIC_TARGET,"{""edges"": [[0, 1], [1, 0], [1, 2], [2, 1], [2, 3], [3, 2], [3, 4], [4, 3], [4, 5], [5, 4], [5, 6], [6, 5], [6, 7], [7, 6]], ""seed"": 7, ""basis"": [""id"", ""rz"", ""sx"", ""x"", ""ecr""], ""nodes"": 8}",801945da6501ad7b48137221aea8d7e8e5603ff1e572732c6d3f24a3be410b79,"[0, 1, 2, 3, 4, 5]",,identity proxy before selection when layout is transpiler,d338eb773a8d9b65affd729028e23e9f24e361c2bc1272505190220bc634f90b_synthetic_line_8q_favorable,basic,11,v0.4.0,196,160,780,8.016375600000023e-05,-54,0.0096303960017394,True,,7.541226159785339e-14,1e-10,logical Operator.equiv + routed zero/3 random states,"[0, 1, 2, 3, 4, 5]",196,206,10,160,182,22,8.016375600000023e-05,9.272695800000038e-05,1.256320200000015e-05,basic,basic
d338eb773a8d9b65affd729028e23e9f24e361c2bc1272505190220bc634f90b_synthetic_line_8q_favorable_19,6,1.5,0.2,3,reversed,d338eb773a8d9b65affd729028e23e9f24e361c2bc1272505190220bc634f90b,b900105fd332fb167e8c3241bb160ee549828e89691222f9cd8180d5e3225235,703,510,427,276,31,1.7419354838709675,5,1.6666666666666667,2,1,8,7,1.75,7,3.0,1.0,1.0,1,prospective,synthetic_line_8q_favorable,line,favorable,SYNTHETIC_TARGET,"{""edges"": [[0, 1], [1, 0], [1, 2], [2, 1], [2, 3], [3, 2], [3, 4], [4, 3], [4, 5], [5, 4], [5, 6], [6, 5], [6, 7], [7, 6]], ""seed"": 7, ""basis"": [""id"", ""rz"", ""sx"", ""x"", ""ecr""], ""nodes"": 8}",801945da6501ad7b48137221aea8d7e8e5603ff1e572732c6d3f24a3be410b79,"[0, 1, 2, 3, 4, 5]",,identity proxy before selection when layout is transpiler,d338eb773a8d9b65affd729028e23e9f24e361c2bc1272505190220bc634f90b_synthetic_line_8q_favorable,basic,19,v0.4.0,196,160,780,8.016375600000023e-05,-54,0.0095592960060457,True,,7.541226159785339e-14,1e-10,logical Operator.equiv + routed zero/3 random states,"[0, 1, 2, 3, 4, 5]",196,206,10,160,182,22,8.016375600000023e-05,9.272695800000038e-05,1.256320200000015e-05,basic,basic
d338eb773a8d9b65affd729028e23e9f24e361c2bc1272505190220bc634f90b_synthetic_line_8q_favorable_29,6,1.5,0.2,3,reversed,d338eb773a8d9b65affd729028e23e9f24e361c2bc1272505190220bc634f90b,b900105fd332fb167e8c3241bb160ee549828e89691222f9cd8180d5e3225235,703,510,427,276,31,1.7419354838709675,5,1.6666666666666667,2,1,8,7,1.75,7,3.0,1.0,1.0,1,prospective,synthetic_line_8q_favorable,line,favorable,SYNTHETIC_TARGET,"{""edges"": [[0, 1], [1, 0], [1, 2], [2, 1], [2, 3], [3, 2], [3, 4], [4, 3], [4, 5], [5, 4], [5, 6], [6, 5], [6, 7], [7, 6]], ""seed"": 7, ""basis"": [""id"", ""rz"", ""sx"", ""x"", ""ecr""], ""nodes"": 8}",801945da6501ad7b48137221aea8d7e8e5603ff1e572732c6d3f24a3be410b79,"[0, 1, 2, 3, 4, 5]",,identity proxy before selection when layout is transpiler,d338eb773a8d9b65affd729028e23e9f24e361c2bc1272505190220bc634f90b_synthetic_line_8q_favorable,basic,29,v0.4.0,196,160,780,8.016375600000023e-05,-54,0.0103885809949133,True,,7.541226159785339e-14,1e-10,logical Operator.equiv + routed zero/3 random states,"[0, 1, 2, 3, 4, 5]",196,206,10,160,182,22,8.016375600000023e-05,9.272695800000038e-05,1.256320200000015e-05,basic,basic
d338eb773a8d9b65affd729028e23e9f24e361c2bc1272505190220bc634f90b_synthetic_line_8q_favorable_37,6,1.5,0.2,3,reversed,d338eb773a8d9b65affd729028e23e9f24e361c2bc1272505190220bc634f90b,b900105fd332fb167e8c3241bb160ee549828e89691222f9cd8180d5e3225235,703,510,427,276,31,1.7419354838709675,5,1.6666666666666667,2,1,8,7,1.75,7,3.0,1.0,1.0,1,prospective,synthetic_line_8q_favorable,line,favorable,SYNTHETIC_TARGET,"{""edges"": [[0, 1], [1, 0], [1, 2], [2, 1], [2, 3], [3, 2], [3, 4], [4, 3], [4, 5], [5, 4], [5, 6], [6, 5], [6, 7], [7, 6]], ""seed"": 7, ""basis"": [""id"", ""rz"", ""sx"", ""x"", ""ecr""], ""nodes"": 8}",801945da6501ad7b48137221aea8d7e8e5603ff1e572732c6d3f24a3be410b79,"[0, 1, 2, 3, 4, 5]",,identity proxy before selection when layout is transpiler,d338eb773a8d9b65affd729028e23e9f24e361c2bc1272505190220bc634f90b_synthetic_line_8q_favorable,basic,37,v0.4.0,196,160,780,8.016375600000023e-05,-54,0.0096624790021451,True,,7.541226159785339e-14,1e-10,logical Operator.equiv + routed zero/3 random states,"[0, 1, 2, 3, 4, 5]",196,206,10,160,182,22,8.016375600000023e-05,9.272695800000038e-05,1.256320200000015e-05,basic,basic
d338eb773a8d9b65affd729028e23e9f24e361c2bc1272505190220bc634f90b_synthetic_line_8q_favorable_47,6,1.5,0.2,3,reversed,d338eb773a8d9b65affd729028e23e9f24e361c2bc1272505190220bc634f90b,b900105fd332fb167e8c3241bb160ee549828e89691222f9cd8180d5e3225235,703,510,427,276,31,1.7419354838709675,5,1.6666666666666667,2,1,8,7,1.75,7,3.0,1.0,1.0,1,prospective,synthetic_line_8q_favorable,line,favorable,SYNTHETIC_TARGET,"{""edges"": [[0, 1], [1, 0], [1, 2], [2, 1], [2, 3], [3, 2], [3, 4], [4, 3], [4, 5], [5, 4], [5, 6], [6, 5], [6, 7], [7, 6]], ""seed"": 7, ""basis"": [""id"", ""rz"", ""sx"", ""x"", ""ecr""], ""nodes"": 8}",801945da6501ad7b48137221aea8d7e8e5603ff1e572732c6d3f24a3be410b79,"[0, 1, 2, 3, 4, 5]",,identity proxy before selection when layout is transpiler,d338eb773a8d9b65affd729028e23e9f24e361c2bc1272505190220bc634f90b_synthetic_line_8q_favorable,basic,47,v0.4.0,196,160,780,8.016375600000023e-05,-54,0.0093598230014322,True,,7.541226159785339e-14,1e-10,logical Operator.equiv + routed zero/3 random states,"[0, 1, 2, 3, 4, 5]",196,206,10,160,182,22,8.016375600000023e-05,9.272695800000038e-05,1.256320200000015e-05,basic,basic
d338eb773a8d9b65affd729028e23e9f24e361c2bc1272505190220bc634f90b_synthetic_line_8q_spread_11,6,1.5,0.2,3,reversed,d338eb773a8d9b65affd729028e23e9f24e361c2bc1272505190220bc634f90b,b900105fd332fb167e8c3241bb160ee549828e89691222f9cd8180d5e3225235,703,510,427,276,31,1.7419354838709675,5,1.6666666666666667,2,1,8,7,1.75,7,3.0,1.434782608695652,2.0,1,prospective,synthetic_line_8q_spread,line,spread,SYNTHETIC_TARGET,"{""edges"": [[0, 1], [1, 0], [1, 2], [2, 1], [2, 3], [3, 2], [3, 4], [4, 3], [4, 5], [5, 4], [5, 6], [6, 5], [6, 7], [7, 6]], ""seed"": 7, ""basis"": [""id"", ""rz"", ""sx"", ""x"", ""ecr""], ""nodes"": 8}",801945da6501ad7b48137221aea8d7e8e5603ff1e572732c6d3f24a3be410b79,"[0, 1, 3, 4, 6, 7]",,identity proxy before selection when layout is transpiler,d338eb773a8d9b65affd729028e23e9f24e361c2bc1272505190220bc634f90b_synthetic_line_8q_spread,basic,11,v0.4.0,214,166,721,7.158723000000026e-05,-36,0.0096814760036068,True,,4.390024912263757e-14,1e-10,logical Operator.equiv + routed zero/3 random states,"[2, 3, 4, 5, 6, 7]",214,224,10,166,185,19,7.158723000000026e-05,8.505264000000034e-05,1.3465410000000077e-05,basic,basic
d338eb773a8d9b65affd729028e23e9f24e361c2bc1272505190220bc634f90b_synthetic_line_8q_spread_19,6,1.5,0.2,3,reversed,d338eb773a8d9b65affd729028e23e9f24e361c2bc1272505190220bc634f90b,b900105fd332fb167e8c3241bb160ee549828e89691222f9cd8180d5e3225235,703,510,427,276,31,1.7419354838709675,5,1.6666666666666667,2,1,8,7,1.75,7,3.0,1.434782608695652,2.0,1,prospective,synthetic_line_8q_spread,line,spread,SYNTHETIC_TARGET,"{""edges"": [[0, 1], [1, 0], [1, 2], [2, 1], [2, 3], [3, 2], [3, 4], [4, 3], [4, 5], [5, 4], [5, 6], [6, 5], [6, 7], [7, 6]], ""seed"": 7, ""basis"": [""id"", ""rz"", ""sx"", ""x"", ""ecr""], ""nodes"": 8}",801945da6501ad7b48137221aea8d7e8e5603ff1e572732c6d3f24a3be410b79,"[0, 1, 3, 4, 6, 7]",,identity proxy before selection when layout is transpiler,d338eb773a8d9b65affd729028e23e9f24e361c2bc1272505190220bc634f90b_synthetic_line_8q_spread,basic,19,v0.4.0,214,166,721,7.158723000000026e-05,-36,0.0097388909998699,True,,4.390024912263757e-14,1e-10,logical Operator.equiv + routed zero/3 random states,"[2, 3, 4, 5, 6, 7]",214,224,10,166,185,19,7.158723000000026e-05,8.505264000000034e-05,1.3465410000000077e-05,basic,basic
d338eb773a8d9b65affd729028e23e9f24e361c2bc1272505190220bc634f90b_synthetic_line_8q_spread_29,6,1.5,0.2,3,reversed,d338eb773a8d9b65affd729028e23e9f24e361c2bc1272505190220bc634f90b,b900105fd332fb167e8c3241bb160ee549828e89691222f9cd8180d5e3225235,703,510,427,276,31,1.7419354838709675,5,1.6666666666666667,2,1,8,7,1.75,7,3.0,1.434782608695652,2.0,1,prospective,synthetic_line_8q_spread,line,spread,SYNTHETIC_TARGET,"{""edges"": [[0, 1], [1, 0], [1, 2], [2, 1], [2, 3], [3, 2], [3, 4], [4, 3], [4, 5], [5, 4], [5, 6], [6, 5], [6, 7], [7, 6]], ""seed"": 7, ""basis"": [""id"", ""rz"", ""sx"", ""x"", ""ecr""], ""nodes"": 8}",801945da6501ad7b48137221aea8d7e8e5603ff1e572732c6d3f24a3be410b79,"[0, 1, 3, 4, 6, 7]",,identity proxy before selection when layout is transpiler,d338eb773a8d9b65affd729028e23e9f24e361c2bc1272505190220bc634f90b_synthetic_line_8q_spread,basic,29,v0.4.0,214,166,721,7.158723000000026e-05,-36,0.0122402439956204,True,,4.390024912263757e-14,1e-10,logical Operator.equiv + routed zero/3 random states,"[2, 3, 4, 5, 6, 7]",214,224,10,166,185,19,7.158723000000026e-05,8.505264000000034e-05,1.3465410000000077e-05,basic,basic
d338eb773a8d9b65affd729028e23e9f24e361c2bc1272505190220bc634f90b_synthetic_line_8q_spread_37,6,1.5,0.2,3,reversed,d338eb773a8d9b65affd729028e23e9f24e361c2bc1272505190220bc634f90b,b900105fd332fb167e8c3241bb160ee549828e89691222f9cd8180d5e3225235,703,510,427,276,31,1.7419354838709675,5,1.6666666666666667,2,1,8,7,1.75,7,3.0,1.434782608695652,2.0,1,prospective,synthetic_line_8q_spread,line,spread,SYNTHETIC_TARGET,"{""edges"": [[0, 1], [1, 0], [1, 2], [2, 1], [2, 3], [3, 2], [3, 4], [4, 3], [4, 5], [5, 4], [5, 6], [6, 5], [6, 7], [7, 6]], ""seed"": 7, ""basis"": [""id"", ""rz"", ""sx"", ""x"", ""ecr""], ""nodes"": 8}",801945da6501ad7b48137221aea8d7e8e5603ff1e572732c6d3f24a3be410b79,"[0, 1, 3, 4, 6, 7]",,identity proxy before selection when layout is transpiler,d338eb773a8d9b65affd729028e23e9f24e361c2bc1272505190220bc634f90b_synthetic_line_8q_spread,basic,37,v0.4.0,214,166,721,7.158723000000026e-05,-36,0.0098187249968759,True,,4.390024912263757e-14,1e-10,logical Operator.equiv + routed zero/3 random states,"[2, 3, 4, 5, 6, 7]",214,224,10,166,185,19,7.158723000000026e-05,8.505264000000034e-05,1.3465410000000077e-05,basic,basic
d338eb773a8d9b65affd729028e23e9f24e361c2bc1272505190220bc634f90b_synthetic_line_8q_spread_47,6,1.5,0.2,3,reversed,d338eb773a8d9b65affd729028e23e9f24e361c2bc1272505190220bc634f90b,b900105fd332fb167e8c3241bb160ee549828e89691222f9cd8180d5e3225235,703,510,427,276,31,1.7419354838709675,5,1.6666666666666667,2,1,8,7,1.75,7,3.0,1.434782608695652,2.0,1,prospective,synthetic_line_8q_spread,line,spread,SYNTHETIC_TARGET,"{""edges"": [[0, 1], [1, 0], [1, 2], [2, 1], [2, 3], [3, 2], [3, 4], [4, 3], [4, 5], [5, 4], [5, 6], [6, 5], [6, 7], [7, 6]], ""seed"": 7, ""basis"": [""id"", ""rz"", ""sx"", ""x"", ""ecr""], ""nodes"": 8}",801945da6501ad7b48137221aea8d7e8e5603ff1e572732c6d3f24a3be410b79,"[0, 1, 3, 4, 6, 7]",,identity proxy before selection when layout is transpiler,d338eb773a8d9b65affd729028e23e9f24e361c2bc1272505190220bc634f90b_synthetic_line_8q_spread,basic,47,v0.4.0,214,166,721,7.158723000000026e-05,-36,0.0098026259947801,True,,4.390024912263757e-14,1e-10,logical Operator.equiv + routed zero/3 random states,"[2, 3, 4, 5, 6, 7]",214,224,10,166,185,19,7.158723000000026e-05,8.505264000000034e-05,1.3465410000000077e-05,basic,basic
d338eb773a8d9b65affd729028e23e9f24e361c2bc1272505190220bc634f90b_synthetic_ring_8q_transpiler_11,6,1.5,0.2,3,reversed,d338eb773a8d9b65affd729028e23e9f24e361c2bc1272505190220bc634f90b,b900105fd332fb167e8c3241bb160ee549828e89691222f9cd8180d5e3225235,703,510,427,276,31,1.7419354838709675,5,1.6666666666666667,2,1,8,8,2.0,4,2.2857142857142856,1.0,1.0,1,prospective,synthetic_ring_8q_transpiler,ring,transpiler,SYNTHETIC_TARGET,"{""edges"": [[0, 1], [0, 7], [1, 0], [1, 2], [2, 1], [2, 3], [3, 2], [3, 4], [4, 3], [4, 5], [5, 4], [5, 6], [6, 5], [6, 7], [7, 0], [7, 6]], ""seed"": 7, ""basis"": [""id"", ""rz"", ""sx"", ""x"", ""ecr""], ""nodes"": 8}",0153e862e72b462af51b55ef2b6c107f2f40d86c748b745e313c1ca148c454ca,,,identity proxy before selection when layout is transpiler,d338eb773a8d9b65affd729028e23e9f24e361c2bc1272505190220bc634f90b_synthetic_ring_8q_transpiler,basic,11,v0.4.0,196,160,790,7.493499000000016e-05,-54,0.0102716249966761,True,,8.445066738346866e-14,1e-10,logical Operator.equiv + routed zero/3 random states,"[5, 6, 7, 0, 1, 2]",196,206,10,160,182,22,7.493499000000016e-05,9.212533800000016e-05,1.7190347999999995e-05,basic,basic
d338eb773a8d9b65affd729028e23e9f24e361c2bc1272505190220bc634f90b_synthetic_ring_8q_transpiler_19,6,1.5,0.2,3,reversed,d338eb773a8d9b65affd729028e23e9f24e361c2bc1272505190220bc634f90b,b900105fd332fb167e8c3241bb160ee549828e89691222f9cd8180d5e3225235,703,510,427,276,31,1.7419354838709675,5,1.6666666666666667,2,1,8,8,2.0,4,2.2857142857142856,1.0,1.0,1,prospective,synthetic_ring_8q_transpiler,ring,transpiler,SYNTHETIC_TARGET,"{""edges"": [[0, 1], [0, 7], [1, 0], [1, 2], [2, 1], [2, 3], [3, 2], [3, 4], [4, 3], [4, 5], [5, 4], [5, 6], [6, 5], [6, 7], [7, 0], [7, 6]], ""seed"": 7, ""basis"": [""id"", ""rz"", ""sx"", ""x"", ""ecr""], ""nodes"": 8}",0153e862e72b462af51b55ef2b6c107f2f40d86c748b745e313c1ca148c454ca,,,identity proxy before selection when layout is transpiler,d338eb773a8d9b65affd729028e23e9f24e361c2bc1272505190220bc634f90b_synthetic_ring_8q_transpiler,basic,19,v0.4.0,196,160,780,8.016375600000023e-05,-54,0.0103764840023359,True,,7.541226159785339e-14,1e-10,logical Operator.equiv + routed zero/3 random states,"[0, 1, 2, 3, 4, 5]",196,206,10,160,182,22,8.016375600000023e-05,5.582944800000015e-05,-2.4334308000000078e-05,basic,basic
d338eb773a8d9b65affd729028e23e9f24e361c2bc1272505190220bc634f90b_synthetic_ring_8q_transpiler_29,6,1.5,0.2,3,reversed,d338eb773a8d9b65affd729028e23e9f24e361c2bc1272505190220bc634f90b,b900105fd332fb167e8c3241bb160ee549828e89691222f9cd8180d5e3225235,703,510,427,276,31,1.7419354838709675,5,1.6666666666666667,2,1,8,8,2.0,4,2.2857142857142856,1.0,1.0,1,prospective,synthetic_ring_8q_transpiler,ring,transpiler,SYNTHETIC_TARGET,"{""edges"": [[0, 1], [0, 7], [1, 0], [1, 2], [2, 1], [2, 3], [3, 2], [3, 4], [4, 3], [4, 5], [5, 4], [5, 6], [6, 5], [6, 7], [7, 0], [7, 6]], ""seed"": 7, ""basis"": [""id"", ""rz"", ""sx"", ""x"", ""ecr""], ""nodes"": 8}",0153e862e72b462af51b55ef2b6c107f2f40d86c748b745e313c1ca148c454ca,,,identity proxy before selection when layout is transpiler,d338eb773a8d9b65affd729028e23e9f24e361c2bc1272505190220bc634f90b_synthetic_ring_8q_transpiler,basic,29,v0.4.0,196,160,692,7.210582200000031e-05,-54,0.0096699239948065,True,,8.976070011427705e-14,1e-10,logical Operator.equiv + routed zero/3 random states,"[1, 2, 3, 4, 5, 6]",196,206,10,160,182,22,7.210582200000031e-05,8.527108800000029e-05,1.316526599999998e-05,basic,basic
d338eb773a8d9b65affd729028e23e9f24e361c2bc1272505190220bc634f90b_synthetic_ring_8q_transpiler_37,6,1.5,0.2,3,reversed,d338eb773a8d9b65affd729028e23e9f24e361c2bc1272505190220bc634f90b,b900105fd332fb167e8c3241bb160ee549828e89691222f9cd8180d5e3225235,703,510,427,276,31,1.7419354838709675,5,1.6666666666666667,2,1,8,8,2.0,4,2.2857142857142856,1.0,1.0,1,prospective,synthetic_ring_8q_transpiler,ring,transpiler,SYNTHETIC_TARGET,"{""edges"": [[0, 1], [0, 7], [1, 0], [1, 2], [2, 1], [2, 3], [3, 2], [3, 4], [4, 3], [4, 5], [5, 4], [5, 6], [6, 5], [6, 7], [7, 0], [7, 6]], ""seed"": 7, ""basis"": [""id"", ""rz"", ""sx"", ""x"", ""ecr""], ""nodes"": 8}",0153e862e72b462af51b55ef2b6c107f2f40d86c748b745e313c1ca148c454ca,,,identity proxy before selection when layout is transpiler,d338eb773a8d9b65affd729028e23e9f24e361c2bc1272505190220bc634f90b_synthetic_ring_8q_transpiler,basic,37,v0.4.0,196,160,660,6.742606200000005e-05,-54,0.0098403209995012,True,,8.087178889356393e-14,1e-10,logical Operator.equiv + routed zero/3 random states,"[4, 5, 6, 7, 0, 1]",196,206,10,160,182,22,6.742606200000005e-05,8.772840600000015e-05,2.03023440000001e-05,basic,basic
d338eb773a8d9b65affd729028e23e9f24e361c2bc1272505190220bc634f90b_synthetic_ring_8q_transpiler_47,6,1.5,0.2,3,reversed,d338eb773a8d9b65affd729028e23e9f24e361c2bc1272505190220bc634f90b,b900105fd332fb167e8c3241bb160ee549828e89691222f9cd8180d5e3225235,703,510,427,276,31,1.7419354838709675,5,1.6666666666666667,2,1,8,8,2.0,4,2.2857142857142856,1.0,1.0,1,prospective,synthetic_ring_8q_transpiler,ring,transpiler,SYNTHETIC_TARGET,"{""edges"": [[0, 1], [0, 7], [1, 0], [1, 2], [2, 1], [2, 3], [3, 2], [3, 4], [4, 3], [4, 5], [5, 4], [5, 6], [6, 5], [6, 7], [7, 0], [7, 6]], ""seed"": 7, ""basis"": [""id"", ""rz"", ""sx"", ""x"", ""ecr""], ""nodes"": 8}",0153e862e72b462af51b55ef2b6c107f2f40d86c748b745e313c1ca148c454ca,,,identity proxy before selection when layout is transpiler,d338eb773a8d9b65affd729028e23e9f24e361c2bc1272505190220bc634f90b_synthetic_ring_8q_transpiler,basic,47,v0.4.0,196,160,663,5.026723800000006e-05,-54,0.00934144200437,True,,5.712912167304871e-14,1e-10,logical Operator.equiv + routed zero/3 random states,"[1, 0, 7, 6, 5, 4]",196,206,10,160,182,22,5.026723800000006e-05,5.582944800000015e-05,5.562210000000095e-06,basic,basic
d338eb773a8d9b65affd729028e23e9f24e361c2bc1272505190220bc634f90b_synthetic_grid_8q_transpiler_11,6,1.5,0.2,3,reversed,d338eb773a8d9b65affd729028e23e9f24e361c2bc1272505190220bc634f90b,b900105fd332fb167e8c3241bb160ee549828e89691222f9cd8180d5e3225235,703,510,427,276,31,1.7419354838709675,5,1.6666666666666667,2,1,8,10,2.5,4,2.0,1.6521739130434785,4.0,1,prospective,synthetic_grid_8q_transpiler,grid,transpiler,SYNTHETIC_TARGET,"{""edges"": [[0, 1], [0, 4], [1, 0], [1, 2], [1, 5], [2, 1], [2, 3], [2, 6], [3, 2], [3, 7], [4, 0], [4, 5], [5, 1], [5, 4], [5, 6], [6, 2], [6, 5], [6, 7], [7, 3], [7, 6]], ""seed"": 7, ""basis"": [""id"", ""rz"", ""sx"", ""x"", ""ecr""], ""nodes"": 8}",1c54af58f98ce04f3c64adbffe8dbe5ec26492bca016b2595a08e9c2b5021db4,,,identity proxy before selection when layout is transpiler,d338eb773a8d9b65affd729028e23e9f24e361c2bc1272505190220bc634f90b_synthetic_grid_8q_transpiler,basic,11,v0.4.0,196,160,644,7.221970800000005e-05,-54,0.009542940002575,True,,5.497650389355735e-14,1e-10,logical Operator.equiv + routed zero/3 random states,"[1, 5, 6, 7, 3, 2]",196,206,10,160,182,22,7.221970800000005e-05,8.371731000000009e-05,1.1497602000000036e-05,basic,basic
d338eb773a8d9b65affd729028e23e9f24e361c2bc1272505190220bc634f90b_synthetic_grid_8q_transpiler_19,6,1.5,0.2,3,reversed,d338eb773a8d9b65affd729028e23e9f24e361c2bc1272505190220bc634f90b,b900105fd332fb167e8c3241bb160ee549828e89691222f9cd8180d5e3225235,703,510,427,276,31,1.7419354838709675,5,1.6666666666666667,2,1,8,10,2.5,4,2.0,1.6521739130434785,4.0,1,prospective,synthetic_grid_8q_transpiler,grid,transpiler,SYNTHETIC_TARGET,"{""edges"": [[0, 1], [0, 4], [1, 0], [1, 2], [1, 5], [2, 1], [2, 3], [2, 6], [3, 2], [3, 7], [4, 0], [4, 5], [5, 1], [5, 4], [5, 6], [6, 2], [6, 5], [6, 7], [7, 3], [7, 6]], ""seed"": 7, ""basis"": [""id"", ""rz"", ""sx"", ""x"", ""ecr""], ""nodes"": 8}",1c54af58f98ce04f3c64adbffe8dbe5ec26492bca016b2595a08e9c2b5021db4,,,identity proxy before selection when layout is transpiler,d338eb773a8d9b65affd729028e23e9f24e361c2bc1272505190220bc634f90b_synthetic_grid_8q_transpiler,basic,19,v0.4.0,196,160,663,6.418419600000015e-05,-54,0.0095647179987281,True,,3.6154980006826994e-14,1e-10,logical Operator.equiv + routed zero/3 random states,"[6, 7, 3, 2, 1, 0]",196,206,10,160,182,22,6.418419600000015e-05,6.791845800000014e-05,3.7342619999999985e-06,basic,basic
d338eb773a8d9b65affd729028e23e9f24e361c2bc1272505190220bc634f90b_synthetic_grid_8q_transpiler_29,6,1.5,0.2,3,reversed,d338eb773a8d9b65affd729028e23e9f24e361c2bc1272505190220bc634f90b,b900105fd332fb167e8c3241bb160ee549828e89691222f9cd8180d5e3225235,703,510,427,276,31,1.7419354838709675,5,1.6666666666666667,2,1,8,10,2.5,4,2.0,1.6521739130434785,4.0,1,prospective,synthetic_grid_8q_transpiler,grid,transpiler,SYNTHETIC_TARGET,"{""edges"": [[0, 1], [0, 4], [1, 0], [1, 2], [1, 5], [2, 1], [2, 3], [2, 6], [3, 2], [3, 7], [4, 0], [4, 5], [5, 1], [5, 4], [5, 6], [6, 2], [6, 5], [6, 7], [7, 3], [7, 6]], ""seed"": 7, ""basis"": [""id"", ""rz"", ""sx"", ""x"", ""ecr""], ""nodes"": 8}",1c54af58f98ce04f3c64adbffe8dbe5ec26492bca016b2595a08e9c2b5021db4,,,identity proxy before selection when layout is transpiler,d338eb773a8d9b65affd729028e23e9f24e361c2bc1272505190220bc634f90b_synthetic_grid_8q_transpiler,basic,29,v0.4.0,196,160,687,8.911257600000035e-05,-54,0.0127773359999991,True,,6.268087183460453e-14,1e-10,logical Operator.equiv + routed zero/3 random states,"[7, 6, 5, 1, 2, 3]",196,206,10,160,182,22,8.911257600000035e-05,9.509836200000003e-05,5.985785999999683e-06,basic,basic
d338eb773a8d9b65affd729028e23e9f24e361c2bc1272505190220bc634f90b_synthetic_grid_8q_transpiler_37,6,1.5,0.2,3,reversed,d338eb773a8d9b65affd729028e23e9f24e361c2bc1272505190220bc634f90b,b900105fd332fb167e8c3241bb160ee549828e89691222f9cd8180d5e3225235,703,510,427,276,31,1.7419354838709675,5,1.6666666666666667,2,1,8,10,2.5,4,2.0,1.6521739130434785,4.0,1,prospective,synthetic_grid_8q_transpiler,grid,transpiler,SYNTHETIC_TARGET,"{""edges"": [[0, 1], [0, 4], [1, 0], [1, 2], [1, 5], [2, 1], [2, 3], [2, 6], [3, 2], [3, 7], [4, 0], [4, 5], [5, 1], [5, 4], [5, 6], [6, 2], [6, 5], [6, 7], [7, 3], [7, 6]], ""seed"": 7, ""basis"": [""id"", ""rz"", ""sx"", ""x"", ""ecr""], ""nodes"": 8}",1c54af58f98ce04f3c64adbffe8dbe5ec26492bca016b2595a08e9c2b5021db4,,,identity proxy before selection when layout is transpiler,d338eb773a8d9b65affd729028e23e9f24e361c2bc1272505190220bc634f90b_synthetic_grid_8q_transpiler,basic,37,v0.4.0,196,160,652,6.901558200000001e-05,-54,0.0102109889994608,True,,2.9401422426517057e-14,1e-10,logical Operator.equiv + routed zero/3 random states,"[1, 5, 6, 2, 3, 7]",196,206,10,160,182,22,6.901558200000001e-05,8.162229600000002e-05,1.2606714000000014e-05,basic,basic
d338eb773a8d9b65affd729028e23e9f24e361c2bc1272505190220bc634f90b_synthetic_grid_8q_transpiler_47,6,1.5,0.2,3,reversed,d338eb773a8d9b65affd729028e23e9f24e361c2bc1272505190220bc634f90b,b900105fd332fb167e8c3241bb160ee549828e89691222f9cd8180d5e3225235,703,510,427,276,31,1.7419354838709675,5,1.6666666666666667,2,1,8,10,2.5,4,2.0,1.6521739130434785,4.0,1,prospective,synthetic_grid_8q_transpiler,grid,transpiler,SYNTHETIC_TARGET,"{""edges"": [[0, 1], [0, 4], [1, 0], [1, 2], [1, 5], [2, 1], [2, 3], [2, 6], [3, 2], [3, 7], [4, 0], [4, 5], [5, 1], [5, 4], [5, 6], [6, 2], [6, 5], [6, 7], [7, 3], [7, 6]], ""seed"": 7, ""basis"": [""id"", ""rz"", ""sx"", ""x"", ""ecr""], ""nodes"": 8}",1c54af58f98ce04f3c64adbffe8dbe5ec26492bca016b2595a08e9c2b5021db4,,,identity proxy before selection when layout is transpiler,d338eb773a8d9b65affd729028e23e9f24e361c2bc1272505190220bc634f90b_synthetic_grid_8q_transpiler,basic,47,v0.4.0,196,160,644,6.706264800000012e-05,-54,0.0099925289978273,True,,7.695415412854073e-14,1e-10,logical Operator.equiv + routed zero/3 random states,"[7, 3, 2, 1, 5, 4]",196,206,10,160,182,22,6.706264800000012e-05,7.386961200000019e-05,6.806964000000067e-06,basic,basic
d338eb773a8d9b65affd729028e23e9f24e361c2bc1272505190220bc634f90b_synthetic_heavy_hex_like_8q_transpiler_11,6,1.5,0.2,3,reversed,d338eb773a8d9b65affd729028e23e9f24e361c2bc1272505190220bc634f90b,b900105fd332fb167e8c3241bb160ee549828e89691222f9cd8180d5e3225235,703,510,427,276,31,1.7419354838709675,5,1.6666666666666667,2,1,8,9,2.25,5,2.2857142857142856,1.0,1.0,1,prospective,synthetic_heavy_hex_like_8q_transpiler,heavy_hex_like,transpiler,SYNTHETIC_TARGET,"{""edges"": [[0, 1], [0, 3], [1, 0], [1, 2], [2, 1], [2, 3], [3, 0], [3, 2], [3, 4], [4, 3], [4, 5], [4, 7], [5, 4], [5, 6], [6, 5], [6, 7], [7, 4], [7, 6]], ""seed"": 7, ""basis"": [""id"", ""rz"", ""sx"", ""x"", ""ecr""], ""nodes"": 8}",f911f56297274ab5855fabda92273b130893a8a55e6a11c5c1f619fbe1db12bc,,,identity proxy before selection when layout is transpiler,d338eb773a8d9b65affd729028e23e9f24e361c2bc1272505190220bc634f90b_synthetic_heavy_hex_like_8q_transpiler,basic,11,v0.4.0,196,160,713,7.871187600000013e-05,-54,0.0099706159962806,True,,9.053977677293033e-14,1e-10,logical Operator.equiv + routed zero/3 random states,"[6, 7, 4, 3, 2, 1]",196,206,10,160,182,22,7.871187600000013e-05,9.244457400000008e-05,1.3732697999999945e-05,basic,basic
d338eb773a8d9b65affd729028e23e9f24e361c2bc1272505190220bc634f90b_synthetic_heavy_hex_like_8q_transpiler_19,6,1.5,0.2,3,reversed,d338eb773a8d9b65affd729028e23e9f24e361c2bc1272505190220bc634f90b,b900105fd332fb167e8c3241bb160ee549828e89691222f9cd8180d5e3225235,703,510,427,276,31,1.7419354838709675,5,1.6666666666666667,2,1,8,9,2.25,5,2.2857142857142856,1.0,1.0,1,prospective,synthetic_heavy_hex_like_8q_transpiler,heavy_hex_like,transpiler,SYNTHETIC_TARGET,"{""edges"": [[0, 1], [0, 3], [1, 0], [1, 2], [2, 1], [2, 3], [3, 0], [3, 2], [3, 4], [4, 3], [4, 5], [4, 7], [5, 4], [5, 6], [6, 5], [6, 7], [7, 4], [7, 6]], ""seed"": 7, ""basis"": [""id"", ""rz"", ""sx"", ""x"", ""ecr""], ""nodes"": 8}",f911f56297274ab5855fabda92273b130893a8a55e6a11c5c1f619fbe1db12bc,,,identity proxy before selection when layout is transpiler,d338eb773a8d9b65affd729028e23e9f24e361c2bc1272505190220bc634f90b_synthetic_heavy_hex_like_8q_transpiler,basic,19,v0.4.0,196,160,745,4.556305800000003e-05,-54,0.009445322000829,True,,8.540468304224359e-14,1e-10,logical Operator.equiv + routed zero/3 random states,"[0, 3, 4, 5, 6, 7]",196,206,10,160,182,22,4.556305800000003e-05,9.244457400000008e-05,4.6881516000000046e-05,basic,basic
d338eb773a8d9b65affd729028e23e9f24e361c2bc1272505190220bc634f90b_synthetic_heavy_hex_like_8q_transpiler_29,6,1.5,0.2,3,reversed,d338eb773a8d9b65affd729028e23e9f24e361c2bc1272505190220bc634f90b,b900105fd332fb167e8c3241bb160ee549828e89691222f9cd8180d5e3225235,703,510,427,276,31,1.7419354838709675,5,1.6666666666666667,2,1,8,9,2.25,5,2.2857142857142856,1.0,1.0,1,prospective,synthetic_heavy_hex_like_8q_transpiler,heavy_hex_like,transpiler,SYNTHETIC_TARGET,"{""edges"": [[0, 1], [0, 3], [1, 0], [1, 2], [2, 1], [2, 3], [3, 0], [3, 2], [3, 4], [4, 3], [4, 5], [4, 7], [5, 4], [5, 6], [6, 5], [6, 7], [7, 4], [7, 6]], ""seed"": 7, ""basis"": [""id"", ""rz"", ""sx"", ""x"", ""ecr""], ""nodes"": 8}",f911f56297274ab5855fabda92273b130893a8a55e6a11c5c1f619fbe1db12bc,,,identity proxy before selection when layout is transpiler,d338eb773a8d9b65affd729028e23e9f24e361c2bc1272505190220bc634f90b_synthetic_heavy_hex_like_8q_transpiler,basic,29,v0.4.0,196,160,788,4.2800268000000125e-05,-54,0.0103038140005082,True,,9.973654725803122e-14,1e-10,logical Operator.equiv + routed zero/3 random states,"[7, 6, 5, 4, 3, 2]",196,206,10,160,182,22,4.2800268000000125e-05,0.0001106152739999,6.781500599989986e-05,basic,basic
d338eb773a8d9b65affd729028e23e9f24e361c2bc1272505190220bc634f90b_synthetic_heavy_hex_like_8q_transpiler_37,6,1.5,0.2,3,reversed,d338eb773a8d9b65affd729028e23e9f24e361c2bc1272505190220bc634f90b,b900105fd332fb167e8c3241bb160ee549828e89691222f9cd8180d5e3225235,703,510,427,276,31,1.7419354838709675,5,1.6666666666666667,2,1,8,9,2.25,5,2.2857142857142856,1.0,1.0,1,prospective,synthetic_heavy_hex_like_8q_transpiler,heavy_hex_like,transpiler,SYNTHETIC_TARGET,"{""edges"": [[0, 1], [0, 3], [1, 0], [1, 2], [2, 1], [2, 3], [3, 0], [3, 2], [3, 4], [4, 3], [4, 5], [4, 7], [5, 4], [5, 6], [6, 5], [6, 7], [7, 4], [7, 6]], ""seed"": 7, ""basis"": [""id"", ""rz"", ""sx"", ""x"", ""ecr""], ""nodes"": 8}",f911f56297274ab5855fabda92273b130893a8a55e6a11c5c1f619fbe1db12bc,,,identity proxy before selection when layout is transpiler,d338eb773a8d9b65affd729028e23e9f24e361c2bc1272505190220bc634f90b_synthetic_heavy_hex_like_8q_transpiler,basic,37,v0.4.0,196,160,715,4.744006800000005e-05,-54,0.0101013419989612,True,,7.61500216873198e-14,1e-10,logical Operator.equiv + routed zero/3 random states,"[7, 6, 5, 4, 3, 0]",196,206,10,160,182,22,4.744006800000005e-05,9.244457400000008e-05,4.500450600000002e-05,basic,basic
d338eb773a8d9b65affd729028e23e9f24e361c2bc1272505190220bc634f90b_synthetic_heavy_hex_like_8q_transpiler_47,6,1.5,0.2,3,reversed,d338eb773a8d9b65affd729028e23e9f24e361c2bc1272505190220bc634f90b,b900105fd332fb167e8c3241bb160ee549828e89691222f9cd8180d5e3225235,703,510,427,276,31,1.7419354838709675,5,1.6666666666666667,2,1,8,9,2.25,5,2.2857142857142856,1.0,1.0,1,prospective,synthetic_heavy_hex_like_8q_transpiler,heavy_hex_like,transpiler,SYNTHETIC_TARGET,"{""edges"": [[0, 1], [0, 3], [1, 0], [1, 2], [2, 1], [2, 3], [3, 0], [3, 2], [3, 4], [4, 3], [4, 5], [4, 7], [5, 4], [5, 6], [6, 5], [6, 7], [7, 4], [7, 6]], ""seed"": 7, ""basis"": [""id"", ""rz"", ""sx"", ""x"", ""ecr""], ""nodes"": 8}",f911f56297274ab5855fabda92273b130893a8a55e6a11c5c1f619fbe1db12bc,,,identity proxy before selection when layout is transpiler,d338eb773a8d9b65affd729028e23e9f24e361c2bc1272505190220bc634f90b_synthetic_heavy_hex_like_8q_transpiler,basic,47,v0.4.0,196,160,647,8.039419200000006e-05,-54,0.0101878389978082,True,,7.404712265569597e-14,1e-10,logical Operator.equiv + routed zero/3 random states,"[5, 6, 7, 4, 3, 0]",196,206,10,160,182,22,8.039419200000006e-05,8.888014200000009e-05,8.485950000000023e-06,basic,basic
d338eb773a8d9b65affd729028e23e9f24e361c2bc1272505190220bc634f90b_synthetic_irregular_8q_favorable_11,6,1.5,0.2,3,reversed,d338eb773a8d9b65affd729028e23e9f24e361c2bc1272505190220bc634f90b,b900105fd332fb167e8c3241bb160ee549828e89691222f9cd8180d5e3225235,703,510,427,276,31,1.7419354838709675,5,1.6666666666666667,2,1,8,9,2.25,4,2.071428571428572,1.0,1.0,1,prospective,synthetic_irregular_8q_favorable,irregular,favorable,SYNTHETIC_TARGET,"{""edges"": [[0, 1], [0, 3], [1, 0], [1, 2], [2, 1], [2, 3], [2, 7], [3, 0], [3, 2], [3, 4], [4, 3], [4, 5], [5, 4], [5, 6], [6, 5], [6, 7], [7, 2], [7, 6]], ""seed"": 7, ""basis"": [""id"", ""rz"", ""sx"", ""x"", ""ecr""], ""nodes"": 8}",6b6ce92b7572d9aab18041c2ed891a6915103a840fb0577e497bbcb3d6fc0831,"[0, 1, 2, 3, 4, 5]",,identity proxy before selection when layout is transpiler,d338eb773a8d9b65affd729028e23e9f24e361c2bc1272505190220bc634f90b_synthetic_irregular_8q_favorable,basic,11,v0.4.0,196,160,699,7.530528600000003e-05,-54,0.0098859650024678,True,,3.4007026316954414e-14,1e-10,logical Operator.equiv + routed zero/3 random states,"[0, 1, 2, 3, 4, 5]",196,206,10,160,182,22,7.530528600000003e-05,8.92997220000001e-05,1.3994436000000062e-05,basic,basic
d338eb773a8d9b65affd729028e23e9f24e361c2bc1272505190220bc634f90b_synthetic_irregular_8q_favorable_19,6,1.5,0.2,3,reversed,d338eb773a8d9b65affd729028e23e9f24e361c2bc1272505190220bc634f90b,b900105fd332fb167e8c3241bb160ee549828e89691222f9cd8180d5e3225235,703,510,427,276,31,1.7419354838709675,5,1.6666666666666667,2,1,8,9,2.25,4,2.071428571428572,1.0,1.0,1,prospective,synthetic_irregular_8q_favorable,irregular,favorable,SYNTHETIC_TARGET,"{""edges"": [[0, 1], [0, 3], [1, 0], [1, 2], [2, 1], [2, 3], [2, 7], [3, 0], [3, 2], [3, 4], [4, 3], [4, 5], [5, 4], [5, 6], [6, 5], [6, 7], [7, 2], [7, 6]], ""seed"": 7, ""basis"": [""id"", ""rz"", ""sx"", ""x"", ""ecr""], ""nodes"": 8}",6b6ce92b7572d9aab18041c2ed891a6915103a840fb0577e497bbcb3d6fc0831,"[0, 1, 2, 3, 4, 5]",,identity proxy before selection when layout is transpiler,d338eb773a8d9b65affd729028e23e9f24e361c2bc1272505190220bc634f90b_synthetic_irregular_8q_favorable,basic,19,v0.4.0,196,160,699,7.530528600000003e-05,-54,0.0090638600013335,True,,3.4007026316954414e-14,1e-10,logical Operator.equiv + routed zero/3 random states,"[0, 1, 2, 3, 4, 5]",196,206,10,160,182,22,7.530528600000003e-05,8.92997220000001e-05,1.3994436000000062e-05,basic,basic
d338eb773a8d9b65affd729028e23e9f24e361c2bc1272505190220bc634f90b_synthetic_irregular_8q_favorable_29,6,1.5,0.2,3,reversed,d338eb773a8d9b65affd729028e23e9f24e361c2bc1272505190220bc634f90b,b900105fd332fb167e8c3241bb160ee549828e89691222f9cd8180d5e3225235,703,510,427,276,31,1.7419354838709675,5,1.6666666666666667,2,1,8,9,2.25,4,2.071428571428572,1.0,1.0,1,prospective,synthetic_irregular_8q_favorable,irregular,favorable,SYNTHETIC_TARGET,"{""edges"": [[0, 1], [0, 3], [1, 0], [1, 2], [2, 1], [2, 3], [2, 7], [3, 0], [3, 2], [3, 4], [4, 3], [4, 5], [5, 4], [5, 6], [6, 5], [6, 7], [7, 2], [7, 6]], ""seed"": 7, ""basis"": [""id"", ""rz"", ""sx"", ""x"", ""ecr""], ""nodes"": 8}",6b6ce92b7572d9aab18041c2ed891a6915103a840fb0577e497bbcb3d6fc0831,"[0, 1, 2, 3, 4, 5]",,identity proxy before selection when layout is transpiler,d338eb773a8d9b65affd729028e23e9f24e361c2bc1272505190220bc634f90b_synthetic_irregular_8q_favorable,basic,29,v0.4.0,196,160,699,7.530528600000003e-05,-54,0.0097050990007119,True,,3.4007026316954414e-14,1e-10,logical Operator.equiv + routed zero/3 random states,"[0, 1, 2, 3, 4, 5]",196,206,10,160,182,22,7.530528600000003e-05,8.92997220000001e-05,1.3994436000000062e-05,basic,basic
d338eb773a8d9b65affd729028e23e9f24e361c2bc1272505190220bc634f90b_synthetic_irregular_8q_favorable_37,6,1.5,0.2,3,reversed,d338eb773a8d9b65affd729028e23e9f24e361c2bc1272505190220bc634f90b,b900105fd332fb167e8c3241bb160ee549828e89691222f9cd8180d5e3225235,703,510,427,276,31,1.7419354838709675,5,1.6666666666666667,2,1,8,9,2.25,4,2.071428571428572,1.0,1.0,1,prospective,synthetic_irregular_8q_favorable,irregular,favorable,SYNTHETIC_TARGET,"{""edges"": [[0, 1], [0, 3], [1, 0], [1, 2], [2, 1], [2, 3], [2, 7], [3, 0], [3, 2], [3, 4], [4, 3], [4, 5], [5, 4], [5, 6], [6, 5], [6, 7], [7, 2], [7, 6]], ""seed"": 7, ""basis"": [""id"", ""rz"", ""sx"", ""x"", ""ecr""], ""nodes"": 8}",6b6ce92b7572d9aab18041c2ed891a6915103a840fb0577e497bbcb3d6fc0831,"[0, 1, 2, 3, 4, 5]",,identity proxy before selection when layout is transpiler,d338eb773a8d9b65affd729028e23e9f24e361c2bc1272505190220bc634f90b_synthetic_irregular_8q_favorable,basic,37,v0.4.0,196,160,699,7.530528600000003e-05,-54,0.0089332029965589,True,,3.4007026316954414e-14,1e-10,logical Operator.equiv + routed zero/3 random states,"[0, 1, 2, 3, 4, 5]",196,206,10,160,182,22,7.530528600000003e-05,8.92997220000001e-05,1.3994436000000062e-05,basic,basic
d338eb773a8d9b65affd729028e23e9f24e361c2bc1272505190220bc634f90b_synthetic_irregular_8q_favorable_47,6,1.5,0.2,3,reversed,d338eb773a8d9b65affd729028e23e9f24e361c2bc1272505190220bc634f90b,b900105fd332fb167e8c3241bb160ee549828e89691222f9cd8180d5e3225235,703,510,427,276,31,1.7419354838709675,5,1.6666666666666667,2,1,8,9,2.25,4,2.071428571428572,1.0,1.0,1,prospective,synthetic_irregular_8q_favorable,irregular,favorable,SYNTHETIC_TARGET,"{""edges"": [[0, 1], [0, 3], [1, 0], [1, 2], [2, 1], [2, 3], [2, 7], [3, 0], [3, 2], [3, 4], [4, 3], [4, 5], [5, 4], [5, 6], [6, 5], [6, 7], [7, 2], [7, 6]], ""seed"": 7, ""basis"": [""id"", ""rz"", ""sx"", ""x"", ""ecr""], ""nodes"": 8}",6b6ce92b7572d9aab18041c2ed891a6915103a840fb0577e497bbcb3d6fc0831,"[0, 1, 2, 3, 4, 5]",,identity proxy before selection when layout is transpiler,d338eb773a8d9b65affd729028e23e9f24e361c2bc1272505190220bc634f90b_synthetic_irregular_8q_favorable,basic,47,v0.4.0,196,160,699,7.530528600000003e-05,-54,0.0098408310004742,True,,3.4007026316954414e-14,1e-10,logical Operator.equiv + routed zero/3 random states,"[0, 1, 2, 3, 4, 5]",196,206,10,160,182,22,7.530528600000003e-05,8.92997220000001e-05,1.3994436000000062e-05,basic,basic
d338eb773a8d9b65affd729028e23e9f24e361c2bc1272505190220bc634f90b_synthetic_irregular_8q_spread_11,6,1.5,0.2,3,reversed,d338eb773a8d9b65affd729028e23e9f24e361c2bc1272505190220bc634f90b,b900105fd332fb167e8c3241bb160ee549828e89691222f9cd8180d5e3225235,703,510,427,276,31,1.7419354838709675,5,1.6666666666666667,2,1,8,9,2.25,4,2.071428571428572,1.434782608695652,2.0,1,prospective,synthetic_irregular_8q_spread,irregular,spread,SYNTHETIC_TARGET,"{""edges"": [[0, 1], [0, 3], [1, 0], [1, 2], [2, 1], [2, 3], [2, 7], [3, 0], [3, 2], [3, 4], [4, 3], [4, 5], [5, 4], [5, 6], [6, 5], [6, 7], [7, 2], [7, 6]], ""seed"": 7, ""basis"": [""id"", ""rz"", ""sx"", ""x"", ""ecr""], ""nodes"": 8}",6b6ce92b7572d9aab18041c2ed891a6915103a840fb0577e497bbcb3d6fc0831,"[0, 1, 3, 4, 6, 7]",,identity proxy before selection when layout is transpiler,d338eb773a8d9b65affd729028e23e9f24e361c2bc1272505190220bc634f90b_synthetic_irregular_8q_spread,basic,11,v0.4.0,208,166,765,3.724960200000004e-05,-42,0.0106658229997265,True,,8.784920851035885e-14,1e-10,logical Operator.equiv + routed zero/3 random states,"[0, 3, 4, 5, 6, 7]",208,218,10,166,185,19,3.724960200000004e-05,3.661734600000008e-05,-6.322559999999631e-07,basic,basic
d338eb773a8d9b65affd729028e23e9f24e361c2bc1272505190220bc634f90b_synthetic_irregular_8q_spread_19,6,1.5,0.2,3,reversed,d338eb773a8d9b65affd729028e23e9f24e361c2bc1272505190220bc634f90b,b900105fd332fb167e8c3241bb160ee549828e89691222f9cd8180d5e3225235,703,510,427,276,31,1.7419354838709675,5,1.6666666666666667,2,1,8,9,2.25,4,2.071428571428572,1.434782608695652,2.0,1,prospective,synthetic_irregular_8q_spread,irregular,spread,SYNTHETIC_TARGET,"{""edges"": [[0, 1], [0, 3], [1, 0], [1, 2], [2, 1], [2, 3], [2, 7], [3, 0], [3, 2], [3, 4], [4, 3], [4, 5], [5, 4], [5, 6], [6, 5], [6, 7], [7, 2], [7, 6]], ""seed"": 7, ""basis"": [""id"", ""rz"", ""sx"", ""x"", ""ecr""], ""nodes"": 8}",6b6ce92b7572d9aab18041c2ed891a6915103a840fb0577e497bbcb3d6fc0831,"[0, 1, 3, 4, 6, 7]",,identity proxy before selection when layout is transpiler,d338eb773a8d9b65affd729028e23e9f24e361c2bc1272505190220bc634f90b_synthetic_irregular_8q_spread,basic,19,v0.4.0,208,166,765,3.724960200000004e-05,-42,0.0106366359977982,True,,8.784920851035885e-14,1e-10,logical Operator.equiv + routed zero/3 random states,"[0, 3, 4, 5, 6, 7]",208,218,10,166,185,19,3.724960200000004e-05,3.661734600000008e-05,-6.322559999999631e-07,basic,basic
d338eb773a8d9b65affd729028e23e9f24e361c2bc1272505190220bc634f90b_synthetic_irregular_8q_spread_29,6,1.5,0.2,3,reversed,d338eb773a8d9b65affd729028e23e9f24e361c2bc1272505190220bc634f90b,b900105fd332fb167e8c3241bb160ee549828e89691222f9cd8180d5e3225235,703,510,427,276,31,1.7419354838709675,5,1.6666666666666667,2,1,8,9,2.25,4,2.071428571428572,1.434782608695652,2.0,1,prospective,synthetic_irregular_8q_spread,irregular,spread,SYNTHETIC_TARGET,"{""edges"": [[0, 1], [0, 3], [1, 0], [1, 2], [2, 1], [2, 3], [2, 7], [3, 0], [3, 2], [3, 4], [4, 3], [4, 5], [5, 4], [5, 6], [6, 5], [6, 7], [7, 2], [7, 6]], ""seed"": 7, ""basis"": [""id"", ""rz"", ""sx"", ""x"", ""ecr""], ""nodes"": 8}",6b6ce92b7572d9aab18041c2ed891a6915103a840fb0577e497bbcb3d6fc0831,"[0, 1, 3, 4, 6, 7]",,identity proxy before selection when layout is transpiler,d338eb773a8d9b65affd729028e23e9f24e361c2bc1272505190220bc634f90b_synthetic_irregular_8q_spread,basic,29,v0.4.0,208,166,765,3.724960200000004e-05,-42,0.0091054210060974,True,,8.784920851035885e-14,1e-10,logical Operator.equiv + routed zero/3 random states,"[0, 3, 4, 5, 6, 7]",208,218,10,166,185,19,3.724960200000004e-05,3.661734600000008e-05,-6.322559999999631e-07,basic,basic
d338eb773a8d9b65affd729028e23e9f24e361c2bc1272505190220bc634f90b_synthetic_irregular_8q_spread_37,6,1.5,0.2,3,reversed,d338eb773a8d9b65affd729028e23e9f24e361c2bc1272505190220bc634f90b,b900105fd332fb167e8c3241bb160ee549828e89691222f9cd8180d5e3225235,703,510,427,276,31,1.7419354838709675,5,1.6666666666666667,2,1,8,9,2.25,4,2.071428571428572,1.434782608695652,2.0,1,prospective,synthetic_irregular_8q_spread,irregular,spread,SYNTHETIC_TARGET,"{""edges"": [[0, 1], [0, 3], [1, 0], [1, 2], [2, 1], [2, 3], [2, 7], [3, 0], [3, 2], [3, 4], [4, 3], [4, 5], [5, 4], [5, 6], [6, 5], [6, 7], [7, 2], [7, 6]], ""seed"": 7, ""basis"": [""id"", ""rz"", ""sx"", ""x"", ""ecr""], ""nodes"": 8}",6b6ce92b7572d9aab18041c2ed891a6915103a840fb0577e497bbcb3d6fc0831,"[0, 1, 3, 4, 6, 7]",,identity proxy before selection when layout is transpiler,d338eb773a8d9b65affd729028e23e9f24e361c2bc1272505190220bc634f90b_synthetic_irregular_8q_spread,basic,37,v0.4.0,208,166,765,3.724960200000004e-05,-42,0.0099160039972048,True,,8.784920851035885e-14,1e-10,logical Operator.equiv + routed zero/3 random states,"[0, 3, 4, 5, 6, 7]",208,218,10,166,185,19,3.724960200000004e-05,3.661734600000008e-05,-6.322559999999631e-07,basic,basic
d338eb773a8d9b65affd729028e23e9f24e361c2bc1272505190220bc634f90b_synthetic_irregular_8q_spread_47,6,1.5,0.2,3,reversed,d338eb773a8d9b65affd729028e23e9f24e361c2bc1272505190220bc634f90b,b900105fd332fb167e8c3241bb160ee549828e89691222f9cd8180d5e3225235,703,510,427,276,31,1.7419354838709675,5,1.6666666666666667,2,1,8,9,2.25,4,2.071428571428572,1.434782608695652,2.0,1,prospective,synthetic_irregular_8q_spread,irregular,spread,SYNTHETIC_TARGET,"{""edges"": [[0, 1], [0, 3], [1, 0], [1, 2], [2, 1], [2, 3], [2, 7], [3, 0], [3, 2], [3, 4], [4, 3], [4, 5], [5, 4], [5, 6], [6, 5], [6, 7], [7, 2], [7, 6]], ""seed"": 7, ""basis"": [""id"", ""rz"", ""sx"", ""x"", ""ecr""], ""nodes"": 8}",6b6ce92b7572d9aab18041c2ed891a6915103a840fb0577e497bbcb3d6fc0831,"[0, 1, 3, 4, 6, 7]",,identity proxy before selection when layout is transpiler,d338eb773a8d9b65affd729028e23e9f24e361c2bc1272505190220bc634f90b_synthetic_irregular_8q_spread,basic,47,v0.4.0,208,166,765,3.724960200000004e-05,-42,0.0110153639980126,True,,8.784920851035885e-14,1e-10,logical Operator.equiv + routed zero/3 random states,"[0, 3, 4, 5, 6, 7]",208,218,10,166,185,19,3.724960200000004e-05,3.661734600000008e-05,-6.322559999999631e-07,basic,basic
7e51cc13b595a2c405f4e95cc42eb66be8187f7e9b2846e1655f0c93c77108c8_synthetic_line_8q_favorable_11,6,1.5,0.2,3,symmetry,7e51cc13b595a2c405f4e95cc42eb66be8187f7e9b2846e1655f0c93c77108c8,a30a7e40cfad5385e27071eb6d6b962f4f2302f27e94404d5f75b0ca0d8b87f9,703,360,427,276,31,1.7419354838709675,5,1.6666666666666667,2,1,8,7,1.75,7,3.0,1.0,1.0,1,prospective,synthetic_line_8q_favorable,line,favorable,SYNTHETIC_TARGET,"{""edges"": [[0, 1], [1, 0], [1, 2], [2, 1], [2, 3], [3, 2], [3, 4], [4, 3], [4, 5], [5, 4], [5, 6], [6, 5], [6, 7], [7, 6]], ""seed"": 7, ""basis"": [""id"", ""rz"", ""sx"", ""x"", ""ecr""], ""nodes"": 8}",801945da6501ad7b48137221aea8d7e8e5603ff1e572732c6d3f24a3be410b79,"[0, 1, 2, 3, 4, 5]",,identity proxy before selection when layout is transpiler,7e51cc13b595a2c405f4e95cc42eb66be8187f7e9b2846e1655f0c93c77108c8_synthetic_line_8q_favorable,basic,11,v0.4.0,122,84,437,4.2381132000000055e-05,-106,0.0083864860062021,True,,3.753001334676532e-14,1e-10,logical Operator.equiv + routed zero/3 random states,"[0, 1, 2, 3, 4, 5]",122,158,36,84,118,34,4.2381132000000055e-05,6.109218000000012e-05,1.871104800000007e-05,basic,basic
7e51cc13b595a2c405f4e95cc42eb66be8187f7e9b2846e1655f0c93c77108c8_synthetic_line_8q_favorable_19,6,1.5,0.2,3,symmetry,7e51cc13b595a2c405f4e95cc42eb66be8187f7e9b2846e1655f0c93c77108c8,a30a7e40cfad5385e27071eb6d6b962f4f2302f27e94404d5f75b0ca0d8b87f9,703,360,427,276,31,1.7419354838709675,5,1.6666666666666667,2,1,8,7,1.75,7,3.0,1.0,1.0,1,prospective,synthetic_line_8q_favorable,line,favorable,SYNTHETIC_TARGET,"{""edges"": [[0, 1], [1, 0], [1, 2], [2, 1], [2, 3], [3, 2], [3, 4], [4, 3], [4, 5], [5, 4], [5, 6], [6, 5], [6, 7], [7, 6]], ""seed"": 7, ""basis"": [""id"", ""rz"", ""sx"", ""x"", ""ecr""], ""nodes"": 8}",801945da6501ad7b48137221aea8d7e8e5603ff1e572732c6d3f24a3be410b79,"[0, 1, 2, 3, 4, 5]",,identity proxy before selection when layout is transpiler,7e51cc13b595a2c405f4e95cc42eb66be8187f7e9b2846e1655f0c93c77108c8_synthetic_line_8q_favorable,basic,19,v0.4.0,122,84,437,4.2381132000000055e-05,-106,0.0084259110008133,True,,3.753001334676532e-14,1e-10,logical Operator.equiv + routed zero/3 random states,"[0, 1, 2, 3, 4, 5]",122,158,36,84,118,34,4.2381132000000055e-05,6.109218000000012e-05,1.871104800000007e-05,basic,basic
7e51cc13b595a2c405f4e95cc42eb66be8187f7e9b2846e1655f0c93c77108c8_synthetic_line_8q_favorable_29,6,1.5,0.2,3,symmetry,7e51cc13b595a2c405f4e95cc42eb66be8187f7e9b2846e1655f0c93c77108c8,a30a7e40cfad5385e27071eb6d6b962f4f2302f27e94404d5f75b0ca0d8b87f9,703,360,427,276,31,1.7419354838709675,5,1.6666666666666667,2,1,8,7,1.75,7,3.0,1.0,1.0,1,prospective,synthetic_line_8q_favorable,line,favorable,SYNTHETIC_TARGET,"{""edges"": [[0, 1], [1, 0], [1, 2], [2, 1], [2, 3], [3, 2], [3, 4], [4, 3], [4, 5], [5, 4], [5, 6], [6, 5], [6, 7], [7, 6]], ""seed"": 7, ""basis"": [""id"", ""rz"", ""sx"", ""x"", ""ecr""], ""nodes"": 8}",801945da6501ad7b48137221aea8d7e8e5603ff1e572732c6d3f24a3be410b79,"[0, 1, 2, 3, 4, 5]",,identity proxy before selection when layout is transpiler,7e51cc13b595a2c405f4e95cc42eb66be8187f7e9b2846e1655f0c93c77108c8_synthetic_line_8q_favorable,basic,29,v0.4.0,122,84,437,4.2381132000000055e-05,-106,0.0095060439998633,True,,3.753001334676532e-14,1e-10,logical Operator.equiv + routed zero/3 random states,"[0, 1, 2, 3, 4, 5]",122,158,36,84,118,34,4.2381132000000055e-05,6.109218000000012e-05,1.871104800000007e-05,basic,basic
7e51cc13b595a2c405f4e95cc42eb66be8187f7e9b2846e1655f0c93c77108c8_synthetic_line_8q_favorable_37,6,1.5,0.2,3,symmetry,7e51cc13b595a2c405f4e95cc42eb66be8187f7e9b2846e1655f0c93c77108c8,a30a7e40cfad5385e27071eb6d6b962f4f2302f27e94404d5f75b0ca0d8b87f9,703,360,427,276,31,1.7419354838709675,5,1.6666666666666667,2,1,8,7,1.75,7,3.0,1.0,1.0,1,prospective,synthetic_line_8q_favorable,line,favorable,SYNTHETIC_TARGET,"{""edges"": [[0, 1], [1, 0], [1, 2], [2, 1], [2, 3], [3, 2], [3, 4], [4, 3], [4, 5], [5, 4], [5, 6], [6, 5], [6, 7], [7, 6]], ""seed"": 7, ""basis"": [""id"", ""rz"", ""sx"", ""x"", ""ecr""], ""nodes"": 8}",801945da6501ad7b48137221aea8d7e8e5603ff1e572732c6d3f24a3be410b79,"[0, 1, 2, 3, 4, 5]",,identity proxy before selection when layout is transpiler,7e51cc13b595a2c405f4e95cc42eb66be8187f7e9b2846e1655f0c93c77108c8_synthetic_line_8q_favorable,basic,37,v0.4.0,122,84,437,4.2381132000000055e-05,-106,0.0088738019985612,True,,3.753001334676532e-14,1e-10,logical Operator.equiv + routed zero/3 random states,"[0, 1, 2, 3, 4, 5]",122,158,36,84,118,34,4.2381132000000055e-05,6.109218000000012e-05,1.871104800000007e-05,basic,basic
7e51cc13b595a2c405f4e95cc42eb66be8187f7e9b2846e1655f0c93c77108c8_synthetic_line_8q_favorable_47,6,1.5,0.2,3,symmetry,7e51cc13b595a2c405f4e95cc42eb66be8187f7e9b2846e1655f0c93c77108c8,a30a7e40cfad5385e27071eb6d6b962f4f2302f27e94404d5f75b0ca0d8b87f9,703,360,427,276,31,1.7419354838709675,5,1.6666666666666667,2,1,8,7,1.75,7,3.0,1.0,1.0,1,prospective,synthetic_line_8q_favorable,line,favorable,SYNTHETIC_TARGET,"{""edges"": [[0, 1], [1, 0], [1, 2], [2, 1], [2, 3], [3, 2], [3, 4], [4, 3], [4, 5], [5, 4], [5, 6], [6, 5], [6, 7], [7, 6]], ""seed"": 7, ""basis"": [""id"", ""rz"", ""sx"", ""x"", ""ecr""], ""nodes"": 8}",801945da6501ad7b48137221aea8d7e8e5603ff1e572732c6d3f24a3be410b79,"[0, 1, 2, 3, 4, 5]",,identity proxy before selection when layout is transpiler,7e51cc13b595a2c405f4e95cc42eb66be8187f7e9b2846e1655f0c93c77108c8_synthetic_line_8q_favorable,basic,47,v0.4.0,122,84,437,4.2381132000000055e-05,-106,0.0091679010001826,True,,3.753001334676532e-14,1e-10,logical Operator.equiv + routed zero/3 random states,"[0, 1, 2, 3, 4, 5]",122,158,36,84,118,34,4.2381132000000055e-05,6.109218000000012e-05,1.871104800000007e-05,basic,basic
7e51cc13b595a2c405f4e95cc42eb66be8187f7e9b2846e1655f0c93c77108c8_synthetic_line_8q_spread_11,6,1.5,0.2,3,symmetry,7e51cc13b595a2c405f4e95cc42eb66be8187f7e9b2846e1655f0c93c77108c8,a30a7e40cfad5385e27071eb6d6b962f4f2302f27e94404d5f75b0ca0d8b87f9,703,360,427,276,31,1.7419354838709675,5,1.6666666666666667,2,1,8,7,1.75,7,3.0,1.434782608695652,2.0,1,prospective,synthetic_line_8q_spread,line,spread,SYNTHETIC_TARGET,"{""edges"": [[0, 1], [1, 0], [1, 2], [2, 1], [2, 3], [3, 2], [3, 4], [4, 3], [4, 5], [5, 4], [5, 6], [6, 5], [6, 7], [7, 6]], ""seed"": 7, ""basis"": [""id"", ""rz"", ""sx"", ""x"", ""ecr""], ""nodes"": 8}",801945da6501ad7b48137221aea8d7e8e5603ff1e572732c6d3f24a3be410b79,"[0, 1, 3, 4, 6, 7]",,identity proxy before selection when layout is transpiler,7e51cc13b595a2c405f4e95cc42eb66be8187f7e9b2846e1655f0c93c77108c8_synthetic_line_8q_spread,basic,11,v0.4.0,146,91,437,4.102138200000002e-05,-82,0.011007225002686,True,,1.4163674587910988e-14,1e-10,logical Operator.equiv + routed zero/3 random states,"[2, 3, 4, 5, 6, 7]",146,182,36,91,122,31,4.102138200000002e-05,6.161654400000016e-05,2.059516200000014e-05,basic,basic
7e51cc13b595a2c405f4e95cc42eb66be8187f7e9b2846e1655f0c93c77108c8_synthetic_line_8q_spread_19,6,1.5,0.2,3,symmetry,7e51cc13b595a2c405f4e95cc42eb66be8187f7e9b2846e1655f0c93c77108c8,a30a7e40cfad5385e27071eb6d6b962f4f2302f27e94404d5f75b0ca0d8b87f9,703,360,427,276,31,1.7419354838709675,5,1.6666666666666667,2,1,8,7,1.75,7,3.0,1.434782608695652,2.0,1,prospective,synthetic_line_8q_spread,line,spread,SYNTHETIC_TARGET,"{""edges"": [[0, 1], [1, 0], [1, 2], [2, 1], [2, 3], [3, 2], [3, 4], [4, 3], [4, 5], [5, 4], [5, 6], [6, 5], [6, 7], [7, 6]], ""seed"": 7, ""basis"": [""id"", ""rz"", ""sx"", ""x"", ""ecr""], ""nodes"": 8}",801945da6501ad7b48137221aea8d7e8e5603ff1e572732c6d3f24a3be410b79,"[0, 1, 3, 4, 6, 7]",,identity proxy before selection when layout is transpiler,7e51cc13b595a2c405f4e95cc42eb66be8187f7e9b2846e1655f0c93c77108c8_synthetic_line_8q_spread,basic,19,v0.4.0,146,91,437,4.102138200000002e-05,-82,0.0096714479950605,True,,1.4163674587910988e-14,1e-10,logical Operator.equiv + routed zero/3 random states,"[2, 3, 4, 5, 6, 7]",146,182,36,91,122,31,4.102138200000002e-05,6.161654400000016e-05,2.059516200000014e-05,basic,basic
7e51cc13b595a2c405f4e95cc42eb66be8187f7e9b2846e1655f0c93c77108c8_synthetic_line_8q_spread_29,6,1.5,0.2,3,symmetry,7e51cc13b595a2c405f4e95cc42eb66be8187f7e9b2846e1655f0c93c77108c8,a30a7e40cfad5385e27071eb6d6b962f4f2302f27e94404d5f75b0ca0d8b87f9,703,360,427,276,31,1.7419354838709675,5,1.6666666666666667,2,1,8,7,1.75,7,3.0,1.434782608695652,2.0,1,prospective,synthetic_line_8q_spread,line,spread,SYNTHETIC_TARGET,"{""edges"": [[0, 1], [1, 0], [1, 2], [2, 1], [2, 3], [3, 2], [3, 4], [4, 3], [4, 5], [5, 4], [5, 6], [6, 5], [6, 7], [7, 6]], ""seed"": 7, ""basis"": [""id"", ""rz"", ""sx"", ""x"", ""ecr""], ""nodes"": 8}",801945da6501ad7b48137221aea8d7e8e5603ff1e572732c6d3f24a3be410b79,"[0, 1, 3, 4, 6, 7]",,identity proxy before selection when layout is transpiler,7e51cc13b595a2c405f4e95cc42eb66be8187f7e9b2846e1655f0c93c77108c8_synthetic_line_8q_spread,basic,29,v0.4.0,146,91,437,4.102138200000002e-05,-82,0.0099548819998744,True,,1.4163674587910988e-14,1e-10,logical Operator.equiv + routed zero/3 random states,"[2, 3, 4, 5, 6, 7]",146,182,36,91,122,31,4.102138200000002e-05,6.161654400000016e-05,2.059516200000014e-05,basic,basic
7e51cc13b595a2c405f4e95cc42eb66be8187f7e9b2846e1655f0c93c77108c8_synthetic_line_8q_spread_37,6,1.5,0.2,3,symmetry,7e51cc13b595a2c405f4e95cc42eb66be8187f7e9b2846e1655f0c93c77108c8,a30a7e40cfad5385e27071eb6d6b962f4f2302f27e94404d5f75b0ca0d8b87f9,703,360,427,276,31,1.7419354838709675,5,1.6666666666666667,2,1,8,7,1.75,7,3.0,1.434782608695652,2.0,1,prospective,synthetic_line_8q_spread,line,spread,SYNTHETIC_TARGET,"{""edges"": [[0, 1], [1, 0], [1, 2], [2, 1], [2, 3], [3, 2], [3, 4], [4, 3], [4, 5], [5, 4], [5, 6], [6, 5], [6, 7], [7, 6]], ""seed"": 7, ""basis"": [""id"", ""rz"", ""sx"", ""x"", ""ecr""], ""nodes"": 8}",801945da6501ad7b48137221aea8d7e8e5603ff1e572732c6d3f24a3be410b79,"[0, 1, 3, 4, 6, 7]",,identity proxy before selection when layout is transpiler,7e51cc13b595a2c405f4e95cc42eb66be8187f7e9b2846e1655f0c93c77108c8_synthetic_line_8q_spread,basic,37,v0.4.0,146,91,437,4.102138200000002e-05,-82,0.0091111119982087,True,,1.4163674587910988e-14,1e-10,logical Operator.equiv + routed zero/3 random states,"[2, 3, 4, 5, 6, 7]",146,182,36,91,122,31,4.102138200000002e-05,6.161654400000016e-05,2.059516200000014e-05,basic,basic
7e51cc13b595a2c405f4e95cc42eb66be8187f7e9b2846e1655f0c93c77108c8_synthetic_line_8q_spread_47,6,1.5,0.2,3,symmetry,7e51cc13b595a2c405f4e95cc42eb66be8187f7e9b2846e1655f0c93c77108c8,a30a7e40cfad5385e27071eb6d6b962f4f2302f27e94404d5f75b0ca0d8b87f9,703,360,427,276,31,1.7419354838709675,5,1.6666666666666667,2,1,8,7,1.75,7,3.0,1.434782608695652,2.0,1,prospective,synthetic_line_8q_spread,line,spread,SYNTHETIC_TARGET,"{""edges"": [[0, 1], [1, 0], [1, 2], [2, 1], [2, 3], [3, 2], [3, 4], [4, 3], [4, 5], [5, 4], [5, 6], [6, 5], [6, 7], [7, 6]], ""seed"": 7, ""basis"": [""id"", ""rz"", ""sx"", ""x"", ""ecr""], ""nodes"": 8}",801945da6501ad7b48137221aea8d7e8e5603ff1e572732c6d3f24a3be410b79,"[0, 1, 3, 4, 6, 7]",,identity proxy before selection when layout is transpiler,7e51cc13b595a2c405f4e95cc42eb66be8187f7e9b2846e1655f0c93c77108c8_synthetic_line_8q_spread,basic,47,v0.4.0,146,91,437,4.102138200000002e-05,-82,0.0099451780042727,True,,1.4163674587910988e-14,1e-10,logical Operator.equiv + routed zero/3 random states,"[2, 3, 4, 5, 6, 7]",146,182,36,91,122,31,4.102138200000002e-05,6.161654400000016e-05,2.059516200000014e-05,basic,basic
7e51cc13b595a2c405f4e95cc42eb66be8187f7e9b2846e1655f0c93c77108c8_synthetic_ring_8q_transpiler_11,6,1.5,0.2,3,symmetry,7e51cc13b595a2c405f4e95cc42eb66be8187f7e9b2846e1655f0c93c77108c8,a30a7e40cfad5385e27071eb6d6b962f4f2302f27e94404d5f75b0ca0d8b87f9,703,360,427,276,31,1.7419354838709675,5,1.6666666666666667,2,1,8,8,2.0,4,2.2857142857142856,1.0,1.0,1,prospective,synthetic_ring_8q_transpiler,ring,transpiler,SYNTHETIC_TARGET,"{""edges"": [[0, 1], [0, 7], [1, 0], [1, 2], [2, 1], [2, 3], [3, 2], [3, 4], [4, 3], [4, 5], [5, 4], [5, 6], [6, 5], [6, 7], [7, 0], [7, 6]], ""seed"": 7, ""basis"": [""id"", ""rz"", ""sx"", ""x"", ""ecr""], ""nodes"": 8}",0153e862e72b462af51b55ef2b6c107f2f40d86c748b745e313c1ca148c454ca,,,identity proxy before selection when layout is transpiler,7e51cc13b595a2c405f4e95cc42eb66be8187f7e9b2846e1655f0c93c77108c8_synthetic_ring_8q_transpiler,basic,11,v0.4.0,122,84,415,4.840465800000003e-05,-106,0.0086088690004544,True,,6.719083709942208e-14,1e-10,logical Operator.equiv + routed zero/3 random states,"[5, 6, 7, 0, 1, 2]",122,158,36,84,118,34,4.840465800000003e-05,5.0750754e-05,2.3460959999999697e-06,basic,basic
7e51cc13b595a2c405f4e95cc42eb66be8187f7e9b2846e1655f0c93c77108c8_synthetic_ring_8q_transpiler_19,6,1.5,0.2,3,symmetry,7e51cc13b595a2c405f4e95cc42eb66be8187f7e9b2846e1655f0c93c77108c8,a30a7e40cfad5385e27071eb6d6b962f4f2302f27e94404d5f75b0ca0d8b87f9,703,360,427,276,31,1.7419354838709675,5,1.6666666666666667,2,1,8,8,2.0,4,2.2857142857142856,1.0,1.0,1,prospective,synthetic_ring_8q_transpiler,ring,transpiler,SYNTHETIC_TARGET,"{""edges"": [[0, 1], [0, 7], [1, 0], [1, 2], [2, 1], [2, 3], [3, 2], [3, 4], [4, 3], [4, 5], [5, 4], [5, 6], [6, 5], [6, 7], [7, 0], [7, 6]], ""seed"": 7, ""basis"": [""id"", ""rz"", ""sx"", ""x"", ""ecr""], ""nodes"": 8}",0153e862e72b462af51b55ef2b6c107f2f40d86c748b745e313c1ca148c454ca,,,identity proxy before selection when layout is transpiler,7e51cc13b595a2c405f4e95cc42eb66be8187f7e9b2846e1655f0c93c77108c8_synthetic_ring_8q_transpiler,basic,19,v0.4.0,122,84,415,4.840465800000003e-05,-106,0.0090457499973126,True,,6.719083709942208e-14,1e-10,logical Operator.equiv + routed zero/3 random states,"[5, 6, 7, 0, 1, 2]",122,158,36,84,118,34,4.840465800000003e-05,4.234361400000002e-05,-6.061044000000016e-06,basic,basic
7e51cc13b595a2c405f4e95cc42eb66be8187f7e9b2846e1655f0c93c77108c8_synthetic_ring_8q_transpiler_29,6,1.5,0.2,3,symmetry,7e51cc13b595a2c405f4e95cc42eb66be8187f7e9b2846e1655f0c93c77108c8,a30a7e40cfad5385e27071eb6d6b962f4f2302f27e94404d5f75b0ca0d8b87f9,703,360,427,276,31,1.7419354838709675,5,1.6666666666666667,2,1,8,8,2.0,4,2.2857142857142856,1.0,1.0,1,prospective,synthetic_ring_8q_transpiler,ring,transpiler,SYNTHETIC_TARGET,"{""edges"": [[0, 1], [0, 7], [1, 0], [1, 2], [2, 1], [2, 3], [3, 2], [3, 4], [4, 3], [4, 5], [5, 4], [5, 6], [6, 5], [6, 7], [7, 0], [7, 6]], ""seed"": 7, ""basis"": [""id"", ""rz"", ""sx"", ""x"", ""ecr""], ""nodes"": 8}",0153e862e72b462af51b55ef2b6c107f2f40d86c748b745e313c1ca148c454ca,,,identity proxy before selection when layout is transpiler,7e51cc13b595a2c405f4e95cc42eb66be8187f7e9b2846e1655f0c93c77108c8_synthetic_ring_8q_transpiler,basic,29,v0.4.0,122,84,423,4.062999600000002e-05,-106,0.0095807739999145,True,,3.9561082948566217e-14,1e-10,logical Operator.equiv + routed zero/3 random states,"[1, 2, 3, 4, 5, 6]",122,158,36,84,118,34,4.062999600000002e-05,5.561033400000019e-05,1.498033800000017e-05,basic,basic
7e51cc13b595a2c405f4e95cc42eb66be8187f7e9b2846e1655f0c93c77108c8_synthetic_ring_8q_transpiler_37,6,1.5,0.2,3,symmetry,7e51cc13b595a2c405f4e95cc42eb66be8187f7e9b2846e1655f0c93c77108c8,a30a7e40cfad5385e27071eb6d6b962f4f2302f27e94404d5f75b0ca0d8b87f9,703,360,427,276,31,1.7419354838709675,5,1.6666666666666667,2,1,8,8,2.0,4,2.2857142857142856,1.0,1.0,1,prospective,synthetic_ring_8q_transpiler,ring,transpiler,SYNTHETIC_TARGET,"{""edges"": [[0, 1], [0, 7], [1, 0], [1, 2], [2, 1], [2, 3], [3, 2], [3, 4], [4, 3], [4, 5], [5, 4], [5, 6], [6, 5], [6, 7], [7, 0], [7, 6]], ""seed"": 7, ""basis"": [""id"", ""rz"", ""sx"", ""x"", ""ecr""], ""nodes"": 8}",0153e862e72b462af51b55ef2b6c107f2f40d86c748b745e313c1ca148c454ca,,,identity proxy before selection when layout is transpiler,7e51cc13b595a2c405f4e95cc42eb66be8187f7e9b2846e1655f0c93c77108c8_synthetic_ring_8q_transpiler,basic,37,v0.4.0,122,84,415,4.840465800000003e-05,-106,0.0099257050023879,True,,6.719083709942208e-14,1e-10,logical Operator.equiv + routed zero/3 random states,"[5, 6, 7, 0, 1, 2]",122,158,36,84,118,34,4.840465800000003e-05,4.234361400000002e-05,-6.061044000000016e-06,basic,basic
7e51cc13b595a2c405f4e95cc42eb66be8187f7e9b2846e1655f0c93c77108c8_synthetic_ring_8q_transpiler_47,6,1.5,0.2,3,symmetry,7e51cc13b595a2c405f4e95cc42eb66be8187f7e9b2846e1655f0c93c77108c8,a30a7e40cfad5385e27071eb6d6b962f4f2302f27e94404d5f75b0ca0d8b87f9,703,360,427,276,31,1.7419354838709675,5,1.6666666666666667,2,1,8,8,2.0,4,2.2857142857142856,1.0,1.0,1,prospective,synthetic_ring_8q_transpiler,ring,transpiler,SYNTHETIC_TARGET,"{""edges"": [[0, 1], [0, 7], [1, 0], [1, 2], [2, 1], [2, 3], [3, 2], [3, 4], [4, 3], [4, 5], [5, 4], [5, 6], [6, 5], [6, 7], [7, 0], [7, 6]], ""seed"": 7, ""basis"": [""id"", ""rz"", ""sx"", ""x"", ""ecr""], ""nodes"": 8}",0153e862e72b462af51b55ef2b6c107f2f40d86c748b745e313c1ca148c454ca,,,identity proxy before selection when layout is transpiler,7e51cc13b595a2c405f4e95cc42eb66be8187f7e9b2846e1655f0c93c77108c8_synthetic_ring_8q_transpiler,basic,47,v0.4.0,122,84,409,2.8542984e-05,-106,0.0094038090028334,True,,2.4120792917972152e-14,1e-10,logical Operator.equiv + routed zero/3 random states,"[1, 0, 7, 6, 5, 4]",122,158,36,84,118,34,2.8542984e-05,4.443108000000002e-05,1.588809600000002e-05,basic,basic
7e51cc13b595a2c405f4e95cc42eb66be8187f7e9b2846e1655f0c93c77108c8_synthetic_grid_8q_transpiler_11,6,1.5,0.2,3,symmetry,7e51cc13b595a2c405f4e95cc42eb66be8187f7e9b2846e1655f0c93c77108c8,a30a7e40cfad5385e27071eb6d6b962f4f2302f27e94404d5f75b0ca0d8b87f9,703,360,427,276,31,1.7419354838709675,5,1.6666666666666667,2,1,8,10,2.5,4,2.0,1.6521739130434785,4.0,1,prospective,synthetic_grid_8q_transpiler,grid,transpiler,SYNTHETIC_TARGET,"{""edges"": [[0, 1], [0, 4], [1, 0], [1, 2], [1, 5], [2, 1], [2, 3], [2, 6], [3, 2], [3, 7], [4, 0], [4, 5], [5, 1], [5, 4], [5, 6], [6, 2], [6, 5], [6, 7], [7, 3], [7, 6]], ""seed"": 7, ""basis"": [""id"", ""rz"", ""sx"", ""x"", ""ecr""], ""nodes"": 8}",1c54af58f98ce04f3c64adbffe8dbe5ec26492bca016b2595a08e9c2b5021db4,,,identity proxy before selection when layout is transpiler,7e51cc13b595a2c405f4e95cc42eb66be8187f7e9b2846e1655f0c93c77108c8_synthetic_grid_8q_transpiler,basic,11,v0.4.0,122,84,424,3.8093202e-05,-106,0.0096334429981652,True,,2.904549708648822e-14,1e-10,logical Operator.equiv + routed zero/3 random states,"[1, 5, 6, 7, 3, 2]",122,158,36,84,118,34,3.8093202e-05,6.15943440000001e-05,2.3501142000000094e-05,basic,basic
7e51cc13b595a2c405f4e95cc42eb66be8187f7e9b2846e1655f0c93c77108c8_synthetic_grid_8q_transpiler_19,6,1.5,0.2,3,symmetry,7e51cc13b595a2c405f4e95cc42eb66be8187f7e9b2846e1655f0c93c77108c8,a30a7e40cfad5385e27071eb6d6b962f4f2302f27e94404d5f75b0ca0d8b87f9,703,360,427,276,31,1.7419354838709675,5,1.6666666666666667,2,1,8,10,2.5,4,2.0,1.6521739130434785,4.0,1,prospective,synthetic_grid_8q_transpiler,grid,transpiler,SYNTHETIC_TARGET,"{""edges"": [[0, 1], [0, 4], [1, 0], [1, 2], [1, 5], [2, 1], [2, 3], [2, 6], [3, 2], [3, 7], [4, 0], [4, 5], [5, 1], [5, 4], [5, 6], [6, 2], [6, 5], [6, 7], [7, 3], [7, 6]], ""seed"": 7, ""basis"": [""id"", ""rz"", ""sx"", ""x"", ""ecr""], ""nodes"": 8}",1c54af58f98ce04f3c64adbffe8dbe5ec26492bca016b2595a08e9c2b5021db4,,,identity proxy before selection when layout is transpiler,7e51cc13b595a2c405f4e95cc42eb66be8187f7e9b2846e1655f0c93c77108c8_synthetic_grid_8q_transpiler,basic,19,v0.4.0,122,84,423,4.281136800000003e-05,-106,0.0088472290008212,True,,3.1383938265165785e-14,1e-10,logical Operator.equiv + routed zero/3 random states,"[6, 7, 3, 2, 1, 0]",122,158,36,84,118,34,4.281136800000003e-05,4.8479916000000034e-05,5.6685480000000064e-06,basic,basic
7e51cc13b595a2c405f4e95cc42eb66be8187f7e9b2846e1655f0c93c77108c8_synthetic_grid_8q_transpiler_29,6,1.5,0.2,3,symmetry,7e51cc13b595a2c405f4e95cc42eb66be8187f7e9b2846e1655f0c93c77108c8,a30a7e40cfad5385e27071eb6d6b962f4f2302f27e94404d5f75b0ca0d8b87f9,703,360,427,276,31,1.7419354838709675,5,1.6666666666666667,2,1,8,10,2.5,4,2.0,1.6521739130434785,4.0,1,prospective,synthetic_grid_8q_transpiler,grid,transpiler,SYNTHETIC_TARGET,"{""edges"": [[0, 1], [0, 4], [1, 0], [1, 2], [1, 5], [2, 1], [2, 3], [2, 6], [3, 2], [3, 7], [4, 0], [4, 5], [5, 1], [5, 4], [5, 6], [6, 2], [6, 5], [6, 7], [7, 3], [7, 6]], ""seed"": 7, ""basis"": [""id"", ""rz"", ""sx"", ""x"", ""ecr""], ""nodes"": 8}",1c54af58f98ce04f3c64adbffe8dbe5ec26492bca016b2595a08e9c2b5021db4,,,identity proxy before selection when layout is transpiler,7e51cc13b595a2c405f4e95cc42eb66be8187f7e9b2846e1655f0c93c77108c8_synthetic_grid_8q_transpiler,basic,29,v0.4.0,122,84,440,4.414536600000002e-05,-106,0.0119934480026131,True,,3.9647537943967546e-14,1e-10,logical Operator.equiv + routed zero/3 random states,"[7, 6, 5, 1, 2, 3]",122,158,36,84,118,34,4.414536600000002e-05,6.247213200000006e-05,1.8326766000000043e-05,basic,basic
7e51cc13b595a2c405f4e95cc42eb66be8187f7e9b2846e1655f0c93c77108c8_synthetic_grid_8q_transpiler_37,6,1.5,0.2,3,symmetry,7e51cc13b595a2c405f4e95cc42eb66be8187f7e9b2846e1655f0c93c77108c8,a30a7e40cfad5385e27071eb6d6b962f4f2302f27e94404d5f75b0ca0d8b87f9,703,360,427,276,31,1.7419354838709675,5,1.6666666666666667,2,1,8,10,2.5,4,2.0,1.6521739130434785,4.0,1,prospective,synthetic_grid_8q_transpiler,grid,transpiler,SYNTHETIC_TARGET,"{""edges"": [[0, 1], [0, 4], [1, 0], [1, 2], [1, 5], [2, 1], [2, 3], [2, 6], [3, 2], [3, 7], [4, 0], [4, 5], [5, 1], [5, 4], [5, 6], [6, 2], [6, 5], [6, 7], [7, 3], [7, 6]], ""seed"": 7, ""basis"": [""id"", ""rz"", ""sx"", ""x"", ""ecr""], ""nodes"": 8}",1c54af58f98ce04f3c64adbffe8dbe5ec26492bca016b2595a08e9c2b5021db4,,,identity proxy before selection when layout is transpiler,7e51cc13b595a2c405f4e95cc42eb66be8187f7e9b2846e1655f0c93c77108c8_synthetic_grid_8q_transpiler,basic,37,v0.4.0,122,84,409,3.6937913999999975e-05,-106,0.0097206129939877,True,,1.8656294745489173e-14,1e-10,logical Operator.equiv + routed zero/3 random states,"[1, 5, 6, 2, 3, 7]",122,158,36,84,118,34,3.6937913999999975e-05,5.640953400000005e-05,1.9471620000000074e-05,basic,basic
7e51cc13b595a2c405f4e95cc42eb66be8187f7e9b2846e1655f0c93c77108c8_synthetic_grid_8q_transpiler_47,6,1.5,0.2,3,symmetry,7e51cc13b595a2c405f4e95cc42eb66be8187f7e9b2846e1655f0c93c77108c8,a30a7e40cfad5385e27071eb6d6b962f4f2302f27e94404d5f75b0ca0d8b87f9,703,360,427,276,31,1.7419354838709675,5,1.6666666666666667,2,1,8,10,2.5,4,2.0,1.6521739130434785,4.0,1,prospective,synthetic_grid_8q_transpiler,grid,transpiler,SYNTHETIC_TARGET,"{""edges"": [[0, 1], [0, 4], [1, 0], [1, 2], [1, 5], [2, 1], [2, 3], [2, 6], [3, 2], [3, 7], [4, 0], [4, 5], [5, 1], [5, 4], [5, 6], [6, 2], [6, 5], [6, 7], [7, 3], [7, 6]], ""seed"": 7, ""basis"": [""id"", ""rz"", ""sx"", ""x"", ""ecr""], ""nodes"": 8}",1c54af58f98ce04f3c64adbffe8dbe5ec26492bca016b2595a08e9c2b5021db4,,,identity proxy before selection when layout is transpiler,7e51cc13b595a2c405f4e95cc42eb66be8187f7e9b2846e1655f0c93c77108c8_synthetic_grid_8q_transpiler,basic,47,v0.4.0,122,84,428,3.5973989999999984e-05,-106,0.0089718360031838,True,,5.0641388787757537e-14,1e-10,logical Operator.equiv + routed zero/3 random states,"[7, 6, 2, 1, 5, 4]",122,158,36,84,118,34,3.5973989999999984e-05,4.3874304e-05,7.900314000000015e-06,basic,basic
7e51cc13b595a2c405f4e95cc42eb66be8187f7e9b2846e1655f0c93c77108c8_synthetic_heavy_hex_like_8q_transpiler_11,6,1.5,0.2,3,symmetry,7e51cc13b595a2c405f4e95cc42eb66be8187f7e9b2846e1655f0c93c77108c8,a30a7e40cfad5385e27071eb6d6b962f4f2302f27e94404d5f75b0ca0d8b87f9,703,360,427,276,31,1.7419354838709675,5,1.6666666666666667,2,1,8,9,2.25,5,2.2857142857142856,1.0,1.0,1,prospective,synthetic_heavy_hex_like_8q_transpiler,heavy_hex_like,transpiler,SYNTHETIC_TARGET,"{""edges"": [[0, 1], [0, 3], [1, 0], [1, 2], [2, 1], [2, 3], [3, 0], [3, 2], [3, 4], [4, 3], [4, 5], [4, 7], [5, 4], [5, 6], [6, 5], [6, 7], [7, 4], [7, 6]], ""seed"": 7, ""basis"": [""id"", ""rz"", ""sx"", ""x"", ""ecr""], ""nodes"": 8}",f911f56297274ab5855fabda92273b130893a8a55e6a11c5c1f619fbe1db12bc,,,identity proxy before selection when layout is transpiler,7e51cc13b595a2c405f4e95cc42eb66be8187f7e9b2846e1655f0c93c77108c8_synthetic_heavy_hex_like_8q_transpiler,basic,11,v0.4.0,122,84,428,3.553132200000005e-05,-106,0.010421442995721,True,,3.28298129631858e-14,1e-10,logical Operator.equiv + routed zero/3 random states,"[6, 7, 4, 3, 2, 1]",122,158,36,84,118,34,3.553132200000005e-05,5.888572200000011e-05,2.3354400000000062e-05,basic,basic
7e51cc13b595a2c405f4e95cc42eb66be8187f7e9b2846e1655f0c93c77108c8_synthetic_heavy_hex_like_8q_transpiler_19,6,1.5,0.2,3,symmetry,7e51cc13b595a2c405f4e95cc42eb66be8187f7e9b2846e1655f0c93c77108c8,a30a7e40cfad5385e27071eb6d6b962f4f2302f27e94404d5f75b0ca0d8b87f9,703,360,427,276,31,1.7419354838709675,5,1.6666666666666667,2,1,8,9,2.25,5,2.2857142857142856,1.0,1.0,1,prospective,synthetic_heavy_hex_like_8q_transpiler,heavy_hex_like,transpiler,SYNTHETIC_TARGET,"{""edges"": [[0, 1], [0, 3], [1, 0], [1, 2], [2, 1], [2, 3], [3, 0], [3, 2], [3, 4], [4, 3], [4, 5], [4, 7], [5, 4], [5, 6], [6, 5], [6, 7], [7, 4], [7, 6]], ""seed"": 7, ""basis"": [""id"", ""rz"", ""sx"", ""x"", ""ecr""], ""nodes"": 8}",f911f56297274ab5855fabda92273b130893a8a55e6a11c5c1f619fbe1db12bc,,,identity proxy before selection when layout is transpiler,7e51cc13b595a2c405f4e95cc42eb66be8187f7e9b2846e1655f0c93c77108c8_synthetic_heavy_hex_like_8q_transpiler,basic,19,v0.4.0,122,84,428,3.553132200000005e-05,-106,0.008698726996954,True,,3.28298129631858e-14,1e-10,logical Operator.equiv + routed zero/3 random states,"[6, 7, 4, 3, 2, 1]",122,158,36,84,118,34,3.553132200000005e-05,5.888572200000011e-05,2.3354400000000062e-05,basic,basic
7e51cc13b595a2c405f4e95cc42eb66be8187f7e9b2846e1655f0c93c77108c8_synthetic_heavy_hex_like_8q_transpiler_29,6,1.5,0.2,3,symmetry,7e51cc13b595a2c405f4e95cc42eb66be8187f7e9b2846e1655f0c93c77108c8,a30a7e40cfad5385e27071eb6d6b962f4f2302f27e94404d5f75b0ca0d8b87f9,703,360,427,276,31,1.7419354838709675,5,1.6666666666666667,2,1,8,9,2.25,5,2.2857142857142856,1.0,1.0,1,prospective,synthetic_heavy_hex_like_8q_transpiler,heavy_hex_like,transpiler,SYNTHETIC_TARGET,"{""edges"": [[0, 1], [0, 3], [1, 0], [1, 2], [2, 1], [2, 3], [3, 0], [3, 2], [3, 4], [4, 3], [4, 5], [4, 7], [5, 4], [5, 6], [6, 5], [6, 7], [7, 4], [7, 6]], ""seed"": 7, ""basis"": [""id"", ""rz"", ""sx"", ""x"", ""ecr""], ""nodes"": 8}",f911f56297274ab5855fabda92273b130893a8a55e6a11c5c1f619fbe1db12bc,,,identity proxy before selection when layout is transpiler,7e51cc13b595a2c405f4e95cc42eb66be8187f7e9b2846e1655f0c93c77108c8_synthetic_heavy_hex_like_8q_transpiler,basic,29,v0.4.0,122,84,434,2.3280030000000016e-05,-106,0.0093687019980279,True,,2.9557935337875634e-14,1e-10,logical Operator.equiv + routed zero/3 random states,"[2, 3, 4, 5, 6, 7]",122,158,36,84,118,34,2.3280030000000016e-05,4.093080600000001e-05,1.765077599999999e-05,basic,basic
7e51cc13b595a2c405f4e95cc42eb66be8187f7e9b2846e1655f0c93c77108c8_synthetic_heavy_hex_like_8q_transpiler_37,6,1.5,0.2,3,symmetry,7e51cc13b595a2c405f4e95cc42eb66be8187f7e9b2846e1655f0c93c77108c8,a30a7e40cfad5385e27071eb6d6b962f4f2302f27e94404d5f75b0ca0d8b87f9,703,360,427,276,31,1.7419354838709675,5,1.6666666666666667,2,1,8,9,2.25,5,2.2857142857142856,1.0,1.0,1,prospective,synthetic_heavy_hex_like_8q_transpiler,heavy_hex_like,transpiler,SYNTHETIC_TARGET,"{""edges"": [[0, 1], [0, 3], [1, 0], [1, 2], [2, 1], [2, 3], [3, 0], [3, 2], [3, 4], [4, 3], [4, 5], [4, 7], [5, 4], [5, 6], [6, 5], [6, 7], [7, 4], [7, 6]], ""seed"": 7, ""basis"": [""id"", ""rz"", ""sx"", ""x"", ""ecr""], ""nodes"": 8}",f911f56297274ab5855fabda92273b130893a8a55e6a11c5c1f619fbe1db12bc,,,identity proxy before selection when layout is transpiler,7e51cc13b595a2c405f4e95cc42eb66be8187f7e9b2846e1655f0c93c77108c8_synthetic_heavy_hex_like_8q_transpiler,basic,37,v0.4.0,122,84,428,3.553132200000005e-05,-106,0.0094009449967416,True,,3.28298129631858e-14,1e-10,logical Operator.equiv + routed zero/3 random states,"[6, 7, 4, 3, 2, 1]",122,158,36,84,118,34,3.553132200000005e-05,2.573823600000001e-05,-9.793086000000042e-06,basic,basic
7e51cc13b595a2c405f4e95cc42eb66be8187f7e9b2846e1655f0c93c77108c8_synthetic_heavy_hex_like_8q_transpiler_47,6,1.5,0.2,3,symmetry,7e51cc13b595a2c405f4e95cc42eb66be8187f7e9b2846e1655f0c93c77108c8,a30a7e40cfad5385e27071eb6d6b962f4f2302f27e94404d5f75b0ca0d8b87f9,703,360,427,276,31,1.7419354838709675,5,1.6666666666666667,2,1,8,9,2.25,5,2.2857142857142856,1.0,1.0,1,prospective,synthetic_heavy_hex_like_8q_transpiler,heavy_hex_like,transpiler,SYNTHETIC_TARGET,"{""edges"": [[0, 1], [0, 3], [1, 0], [1, 2], [2, 1], [2, 3], [3, 0], [3, 2], [3, 4], [4, 3], [4, 5], [4, 7], [5, 4], [5, 6], [6, 5], [6, 7], [7, 4], [7, 6]], ""seed"": 7, ""basis"": [""id"", ""rz"", ""sx"", ""x"", ""ecr""], ""nodes"": 8}",f911f56297274ab5855fabda92273b130893a8a55e6a11c5c1f619fbe1db12bc,,,identity proxy before selection when layout is transpiler,7e51cc13b595a2c405f4e95cc42eb66be8187f7e9b2846e1655f0c93c77108c8_synthetic_heavy_hex_like_8q_transpiler,basic,47,v0.4.0,122,84,421,2.2514796000000023e-05,-106,0.0098666419944493,True,,3.306439373300853e-14,1e-10,logical Operator.equiv + routed zero/3 random states,"[7, 6, 5, 4, 3, 0]",122,158,36,84,118,34,2.2514796000000023e-05,2.573823600000001e-05,3.223439999999986e-06,basic,basic
7e51cc13b595a2c405f4e95cc42eb66be8187f7e9b2846e1655f0c93c77108c8_synthetic_irregular_8q_favorable_11,6,1.5,0.2,3,symmetry,7e51cc13b595a2c405f4e95cc42eb66be8187f7e9b2846e1655f0c93c77108c8,a30a7e40cfad5385e27071eb6d6b962f4f2302f27e94404d5f75b0ca0d8b87f9,703,360,427,276,31,1.7419354838709675,5,1.6666666666666667,2,1,8,9,2.25,4,2.071428571428572,1.0,1.0,1,prospective,synthetic_irregular_8q_favorable,irregular,favorable,SYNTHETIC_TARGET,"{""edges"": [[0, 1], [0, 3], [1, 0], [1, 2], [2, 1], [2, 3], [2, 7], [3, 0], [3, 2], [3, 4], [4, 3], [4, 5], [5, 4], [5, 6], [6, 5], [6, 7], [7, 2], [7, 6]], ""seed"": 7, ""basis"": [""id"", ""rz"", ""sx"", ""x"", ""ecr""], ""nodes"": 8}",6b6ce92b7572d9aab18041c2ed891a6915103a840fb0577e497bbcb3d6fc0831,"[0, 1, 2, 3, 4, 5]",,identity proxy before selection when layout is transpiler,7e51cc13b595a2c405f4e95cc42eb66be8187f7e9b2846e1655f0c93c77108c8_synthetic_irregular_8q_favorable,basic,11,v0.4.0,122,84,424,4.043308200000003e-05,-106,0.0087307510038954,True,,2.84925820981855e-14,1e-10,logical Operator.equiv + routed zero/3 random states,"[0, 1, 2, 3, 4, 5]",122,158,36,84,118,34,4.043308200000003e-05,6.582100200000015e-05,2.5387920000000118e-05,basic,basic
7e51cc13b595a2c405f4e95cc42eb66be8187f7e9b2846e1655f0c93c77108c8_synthetic_irregular_8q_favorable_19,6,1.5,0.2,3,symmetry,7e51cc13b595a2c405f4e95cc42eb66be8187f7e9b2846e1655f0c93c77108c8,a30a7e40cfad5385e27071eb6d6b962f4f2302f27e94404d5f75b0ca0d8b87f9,703,360,427,276,31,1.7419354838709675,5,1.6666666666666667,2,1,8,9,2.25,4,2.071428571428572,1.0,1.0,1,prospective,synthetic_irregular_8q_favorable,irregular,favorable,SYNTHETIC_TARGET,"{""edges"": [[0, 1], [0, 3], [1, 0], [1, 2], [2, 1], [2, 3], [2, 7], [3, 0], [3, 2], [3, 4], [4, 3], [4, 5], [5, 4], [5, 6], [6, 5], [6, 7], [7, 2], [7, 6]], ""seed"": 7, ""basis"": [""id"", ""rz"", ""sx"", ""x"", ""ecr""], ""nodes"": 8}",6b6ce92b7572d9aab18041c2ed891a6915103a840fb0577e497bbcb3d6fc0831,"[0, 1, 2, 3, 4, 5]",,identity proxy before selection when layout is transpiler,7e51cc13b595a2c405f4e95cc42eb66be8187f7e9b2846e1655f0c93c77108c8_synthetic_irregular_8q_favorable,basic,19,v0.4.0,122,84,424,4.043308200000003e-05,-106,0.0095885970004019,True,,2.84925820981855e-14,1e-10,logical Operator.equiv + routed zero/3 random states,"[0, 1, 2, 3, 4, 5]",122,158,36,84,118,34,4.043308200000003e-05,6.582100200000015e-05,2.5387920000000118e-05,basic,basic
7e51cc13b595a2c405f4e95cc42eb66be8187f7e9b2846e1655f0c93c77108c8_synthetic_irregular_8q_favorable_29,6,1.5,0.2,3,symmetry,7e51cc13b595a2c405f4e95cc42eb66be8187f7e9b2846e1655f0c93c77108c8,a30a7e40cfad5385e27071eb6d6b962f4f2302f27e94404d5f75b0ca0d8b87f9,703,360,427,276,31,1.7419354838709675,5,1.6666666666666667,2,1,8,9,2.25,4,2.071428571428572,1.0,1.0,1,prospective,synthetic_irregular_8q_favorable,irregular,favorable,SYNTHETIC_TARGET,"{""edges"": [[0, 1], [0, 3], [1, 0], [1, 2], [2, 1], [2, 3], [2, 7], [3, 0], [3, 2], [3, 4], [4, 3], [4, 5], [5, 4], [5, 6], [6, 5], [6, 7], [7, 2], [7, 6]], ""seed"": 7, ""basis"": [""id"", ""rz"", ""sx"", ""x"", ""ecr""], ""nodes"": 8}",6b6ce92b7572d9aab18041c2ed891a6915103a840fb0577e497bbcb3d6fc0831,"[0, 1, 2, 3, 4, 5]",,identity proxy before selection when layout is transpiler,7e51cc13b595a2c405f4e95cc42eb66be8187f7e9b2846e1655f0c93c77108c8_synthetic_irregular_8q_favorable,basic,29,v0.4.0,122,84,424,4.043308200000003e-05,-106,0.0083448290024534,True,,2.84925820981855e-14,1e-10,logical Operator.equiv + routed zero/3 random states,"[0, 1, 2, 3, 4, 5]",122,158,36,84,118,34,4.043308200000003e-05,6.582100200000015e-05,2.5387920000000118e-05,basic,basic
7e51cc13b595a2c405f4e95cc42eb66be8187f7e9b2846e1655f0c93c77108c8_synthetic_irregular_8q_favorable_37,6,1.5,0.2,3,symmetry,7e51cc13b595a2c405f4e95cc42eb66be8187f7e9b2846e1655f0c93c77108c8,a30a7e40cfad5385e27071eb6d6b962f4f2302f27e94404d5f75b0ca0d8b87f9,703,360,427,276,31,1.7419354838709675,5,1.6666666666666667,2,1,8,9,2.25,4,2.071428571428572,1.0,1.0,1,prospective,synthetic_irregular_8q_favorable,irregular,favorable,SYNTHETIC_TARGET,"{""edges"": [[0, 1], [0, 3], [1, 0], [1, 2], [2, 1], [2, 3], [2, 7], [3, 0], [3, 2], [3, 4], [4, 3], [4, 5], [5, 4], [5, 6], [6, 5], [6, 7], [7, 2], [7, 6]], ""seed"": 7, ""basis"": [""id"", ""rz"", ""sx"", ""x"", ""ecr""], ""nodes"": 8}",6b6ce92b7572d9aab18041c2ed891a6915103a840fb0577e497bbcb3d6fc0831,"[0, 1, 2, 3, 4, 5]",,identity proxy before selection when layout is transpiler,7e51cc13b595a2c405f4e95cc42eb66be8187f7e9b2846e1655f0c93c77108c8_synthetic_irregular_8q_favorable,basic,37,v0.4.0,122,84,424,4.043308200000003e-05,-106,0.0087132820044644,True,,2.84925820981855e-14,1e-10,logical Operator.equiv + routed zero/3 random states,"[0, 1, 2, 3, 4, 5]",122,158,36,84,118,34,4.043308200000003e-05,6.582100200000015e-05,2.5387920000000118e-05,basic,basic
7e51cc13b595a2c405f4e95cc42eb66be8187f7e9b2846e1655f0c93c77108c8_synthetic_irregular_8q_favorable_47,6,1.5,0.2,3,symmetry,7e51cc13b595a2c405f4e95cc42eb66be8187f7e9b2846e1655f0c93c77108c8,a30a7e40cfad5385e27071eb6d6b962f4f2302f27e94404d5f75b0ca0d8b87f9,703,360,427,276,31,1.7419354838709675,5,1.6666666666666667,2,1,8,9,2.25,4,2.071428571428572,1.0,1.0,1,prospective,synthetic_irregular_8q_favorable,irregular,favorable,SYNTHETIC_TARGET,"{""edges"": [[0, 1], [0, 3], [1, 0], [1, 2], [2, 1], [2, 3], [2, 7], [3, 0], [3, 2], [3, 4], [4, 3], [4, 5], [5, 4], [5, 6], [6, 5], [6, 7], [7, 2], [7, 6]], ""seed"": 7, ""basis"": [""id"", ""rz"", ""sx"", ""x"", ""ecr""], ""nodes"": 8}",6b6ce92b7572d9aab18041c2ed891a6915103a840fb0577e497bbcb3d6fc0831,"[0, 1, 2, 3, 4, 5]",,identity proxy before selection when layout is transpiler,7e51cc13b595a2c405f4e95cc42eb66be8187f7e9b2846e1655f0c93c77108c8_synthetic_irregular_8q_favorable,basic,47,v0.4.0,122,84,424,4.043308200000003e-05,-106,0.008825806005916,True,,2.84925820981855e-14,1e-10,logical Operator.equiv + routed zero/3 random states,"[0, 1, 2, 3, 4, 5]",122,158,36,84,118,34,4.043308200000003e-05,6.582100200000015e-05,2.5387920000000118e-05,basic,basic
7e51cc13b595a2c405f4e95cc42eb66be8187f7e9b2846e1655f0c93c77108c8_synthetic_irregular_8q_spread_11,6,1.5,0.2,3,symmetry,7e51cc13b595a2c405f4e95cc42eb66be8187f7e9b2846e1655f0c93c77108c8,a30a7e40cfad5385e27071eb6d6b962f4f2302f27e94404d5f75b0ca0d8b87f9,703,360,427,276,31,1.7419354838709675,5,1.6666666666666667,2,1,8,9,2.25,4,2.071428571428572,1.434782608695652,2.0,1,prospective,synthetic_irregular_8q_spread,irregular,spread,SYNTHETIC_TARGET,"{""edges"": [[0, 1], [0, 3], [1, 0], [1, 2], [2, 1], [2, 3], [2, 7], [3, 0], [3, 2], [3, 4], [4, 3], [4, 5], [5, 4], [5, 6], [6, 5], [6, 7], [7, 2], [7, 6]], ""seed"": 7, ""basis"": [""id"", ""rz"", ""sx"", ""x"", ""ecr""], ""nodes"": 8}",6b6ce92b7572d9aab18041c2ed891a6915103a840fb0577e497bbcb3d6fc0831,"[0, 1, 3, 4, 6, 7]",,identity proxy before selection when layout is transpiler,7e51cc13b595a2c405f4e95cc42eb66be8187f7e9b2846e1655f0c93c77108c8_synthetic_irregular_8q_spread,basic,11,v0.4.0,135,88,431,2.477298000000001e-05,-93,0.0098184539965586,True,,5.139805041163608e-14,1e-10,logical Operator.equiv + routed zero/3 random states,"[2, 3, 4, 5, 6, 7]",135,171,36,88,119,31,2.477298000000001e-05,3.917989199999998e-05,1.4406911999999968e-05,basic,basic
7e51cc13b595a2c405f4e95cc42eb66be8187f7e9b2846e1655f0c93c77108c8_synthetic_irregular_8q_spread_19,6,1.5,0.2,3,symmetry,7e51cc13b595a2c405f4e95cc42eb66be8187f7e9b2846e1655f0c93c77108c8,a30a7e40cfad5385e27071eb6d6b962f4f2302f27e94404d5f75b0ca0d8b87f9,703,360,427,276,31,1.7419354838709675,5,1.6666666666666667,2,1,8,9,2.25,4,2.071428571428572,1.434782608695652,2.0,1,prospective,synthetic_irregular_8q_spread,irregular,spread,SYNTHETIC_TARGET,"{""edges"": [[0, 1], [0, 3], [1, 0], [1, 2], [2, 1], [2, 3], [2, 7], [3, 0], [3, 2], [3, 4], [4, 3], [4, 5], [5, 4], [5, 6], [6, 5], [6, 7], [7, 2], [7, 6]], ""seed"": 7, ""basis"": [""id"", ""rz"", ""sx"", ""x"", ""ecr""], ""nodes"": 8}",6b6ce92b7572d9aab18041c2ed891a6915103a840fb0577e497bbcb3d6fc0831,"[0, 1, 3, 4, 6, 7]",,identity proxy before selection when layout is transpiler,7e51cc13b595a2c405f4e95cc42eb66be8187f7e9b2846e1655f0c93c77108c8_synthetic_irregular_8q_spread,basic,19,v0.4.0,135,88,431,2.477298000000001e-05,-93,0.0092607460028375,True,,5.139805041163608e-14,1e-10,logical Operator.equiv + routed zero/3 random states,"[2, 3, 4, 5, 6, 7]",135,171,36,88,120,32,2.477298000000001e-05,8.292321599999985e-05,5.8150235999999833e-05,basic,basic
7e51cc13b595a2c405f4e95cc42eb66be8187f7e9b2846e1655f0c93c77108c8_synthetic_irregular_8q_spread_29,6,1.5,0.2,3,symmetry,7e51cc13b595a2c405f4e95cc42eb66be8187f7e9b2846e1655f0c93c77108c8,a30a7e40cfad5385e27071eb6d6b962f4f2302f27e94404d5f75b0ca0d8b87f9,703,360,427,276,31,1.7419354838709675,5,1.6666666666666667,2,1,8,9,2.25,4,2.071428571428572,1.434782608695652,2.0,1,prospective,synthetic_irregular_8q_spread,irregular,spread,SYNTHETIC_TARGET,"{""edges"": [[0, 1], [0, 3], [1, 0], [1, 2], [2, 1], [2, 3], [2, 7], [3, 0], [3, 2], [3, 4], [4, 3], [4, 5], [5, 4], [5, 6], [6, 5], [6, 7], [7, 2], [7, 6]], ""seed"": 7, ""basis"": [""id"", ""rz"", ""sx"", ""x"", ""ecr""], ""nodes"": 8}",6b6ce92b7572d9aab18041c2ed891a6915103a840fb0577e497bbcb3d6fc0831,"[0, 1, 3, 4, 6, 7]",,identity proxy before selection when layout is transpiler,7e51cc13b595a2c405f4e95cc42eb66be8187f7e9b2846e1655f0c93c77108c8_synthetic_irregular_8q_spread,basic,29,v0.4.0,135,88,431,2.477298000000001e-05,-93,0.0096184239955618,True,,3.257842537177882e-14,1e-10,logical Operator.equiv + routed zero/3 random states,"[0, 3, 4, 5, 6, 7]",135,171,36,88,119,31,2.477298000000001e-05,3.917989199999998e-05,1.4406911999999968e-05,basic,basic
7e51cc13b595a2c405f4e95cc42eb66be8187f7e9b2846e1655f0c93c77108c8_synthetic_irregular_8q_spread_37,6,1.5,0.2,3,symmetry,7e51cc13b595a2c405f4e95cc42eb66be8187f7e9b2846e1655f0c93c77108c8,a30a7e40cfad5385e27071eb6d6b962f4f2302f27e94404d5f75b0ca0d8b87f9,703,360,427,276,31,1.7419354838709675,5,1.6666666666666667,2,1,8,9,2.25,4,2.071428571428572,1.434782608695652,2.0,1,prospective,synthetic_irregular_8q_spread,irregular,spread,SYNTHETIC_TARGET,"{""edges"": [[0, 1], [0, 3], [1, 0], [1, 2], [2, 1], [2, 3], [2, 7], [3, 0], [3, 2], [3, 4], [4, 3], [4, 5], [5, 4], [5, 6], [6, 5], [6, 7], [7, 2], [7, 6]], ""seed"": 7, ""basis"": [""id"", ""rz"", ""sx"", ""x"", ""ecr""], ""nodes"": 8}",6b6ce92b7572d9aab18041c2ed891a6915103a840fb0577e497bbcb3d6fc0831,"[0, 1, 3, 4, 6, 7]",,identity proxy before selection when layout is transpiler,7e51cc13b595a2c405f4e95cc42eb66be8187f7e9b2846e1655f0c93c77108c8_synthetic_irregular_8q_spread,basic,37,v0.4.0,135,88,431,2.477298000000001e-05,-93,0.0105159280064981,True,,5.139805041163608e-14,1e-10,logical Operator.equiv + routed zero/3 random states,"[2, 3, 4, 5, 6, 7]",135,171,36,88,119,31,2.477298000000001e-05,3.917989199999998e-05,1.4406911999999968e-05,basic,basic
7e51cc13b595a2c405f4e95cc42eb66be8187f7e9b2846e1655f0c93c77108c8_synthetic_irregular_8q_spread_47,6,1.5,0.2,3,symmetry,7e51cc13b595a2c405f4e95cc42eb66be8187f7e9b2846e1655f0c93c77108c8,a30a7e40cfad5385e27071eb6d6b962f4f2302f27e94404d5f75b0ca0d8b87f9,703,360,427,276,31,1.7419354838709675,5,1.6666666666666667,2,1,8,9,2.25,4,2.071428571428572,1.434782608695652,2.0,1,prospective,synthetic_irregular_8q_spread,irregular,spread,SYNTHETIC_TARGET,"{""edges"": [[0, 1], [0, 3], [1, 0], [1, 2], [2, 1], [2, 3], [2, 7], [3, 0], [3, 2], [3, 4], [4, 3], [4, 5], [5, 4], [5, 6], [6, 5], [6, 7], [7, 2], [7, 6]], ""seed"": 7, ""basis"": [""id"", ""rz"", ""sx"", ""x"", ""ecr""], ""nodes"": 8}",6b6ce92b7572d9aab18041c2ed891a6915103a840fb0577e497bbcb3d6fc0831,"[0, 1, 3, 4, 6, 7]",,identity proxy before selection when layout is transpiler,7e51cc13b595a2c405f4e95cc42eb66be8187f7e9b2846e1655f0c93c77108c8_synthetic_irregular_8q_spread,basic,47,v0.4.0,135,88,431,2.477298000000001e-05,-93,0.0101006979966769,True,,3.257842537177882e-14,1e-10,logical Operator.equiv + routed zero/3 random states,"[0, 3, 4, 5, 6, 7]",135,171,36,88,120,32,2.477298000000001e-05,8.292321599999985e-05,5.8150235999999833e-05,basic,basic
