version,source_key,circuit_hash,circuit_structure_hash,structural_family,num_plaquettes,logical_qubits,x,time,repetitions,term_ordering,source_gate_count,source_depth,source_1q_count,source_2q_count,pauli_term_count,mean_pauli_weight,interaction_edge_count,interaction_mean_degree,interaction_max_degree,interaction_range,case_id,circuit_key,target_name,target_topology,target_is_synthetic,basis_gates,layout_name,initial_layout,transpiler_seed,optimization_level,cost_function_name,target_node_count,target_edge_count,target_average_degree,target_diameter,target_mean_shortest_path,mapping_mean_interaction_distance,mapping_max_interaction_distance,target_connected,strategy,verification_method,verification_tolerance,verification_result,verification_status,logical_gate_count,logical_1q_count,logical_2q_count,native_gate_count,native_depth,native_1q_count,native_2q_count,native_two_qubit,native_2q_depth,native_two_qubit_depth,routing_2q_overhead,routing_two_qubit_overhead,routing_penalty_ratio,estimated_duration,native_duration_seconds,estimated_2q_error_cost,estimated_total_error_cost,calibration_error_budget,compile_time_seconds,failure,cost,winner_strategy,winner_cost
v0.3.0,N2_x2_t0.24_r1_current,392c35d86474ab49a583405e508bd7ed972402e060f729797061666b3d9b473b,35020745cbf315956a25dd89ce4cee9e5cbb9ea64d68560011a94cb992a049cd,N2_r1_current,2,2,2.0,0.24,1,current,43,39,31,12,7,1.4285714285714286,1,1.0,1,1,N2_x2_t0.24_r1_current__synthetic_line_6q_favorable__seed7,N2_x2_t0.24_r1_current__synthetic_line_6q_favorable__seed7,synthetic_line_6q_favorable,line,True,"id,rz,sx,x,ecr",favorable,"0,1",7,2,lexicographic_native_2q_depth_duration,6,5,1.6666666666666667,5,2.3333333333333335,1.0,1.0,1,qiskit,qiskit.Operator.equiv_global_phase,1e-10,True,VERIFIED,43,31,12,40,23,37,3,3,3,3,-9,-9,0.25,1.39305e-06,1.39305e-06,0.002279355635276365,0.002279355635276365,0.002279355635276365,0.491570548000027,,3003000.0000013933,qiskit,3003000.0000013933
v0.3.0,N2_x2_t0.24_r1_current,392c35d86474ab49a583405e508bd7ed972402e060f729797061666b3d9b473b,35020745cbf315956a25dd89ce4cee9e5cbb9ea64d68560011a94cb992a049cd,N2_r1_current,2,2,2.0,0.24,1,current,43,39,31,12,7,1.4285714285714286,1,1.0,1,1,N2_x2_t0.24_r1_current__synthetic_line_6q_favorable__seed7,N2_x2_t0.24_r1_current__synthetic_line_6q_favorable__seed7,synthetic_line_6q_favorable,line,True,"id,rz,sx,x,ecr",favorable,"0,1",7,2,lexicographic_native_2q_depth_duration,6,5,1.6666666666666667,5,2.3333333333333335,1.0,1.0,1,basic,qiskit.Operator.equiv_global_phase,1e-10,True,VERIFIED,29,19,10,40,23,37,3,3,3,3,-7,-7,0.3,1.39305e-06,1.39305e-06,0.002279355635276365,0.002279355635276365,0.002279355635276365,0.11530621099996097,,3003000.0000013933,qiskit,3003000.0000013933
v0.3.0,N2_x2_t0.24_r1_current,392c35d86474ab49a583405e508bd7ed972402e060f729797061666b3d9b473b,35020745cbf315956a25dd89ce4cee9e5cbb9ea64d68560011a94cb992a049cd,N2_r1_current,2,2,2.0,0.24,1,current,43,39,31,12,7,1.4285714285714286,1,1.0,1,1,N2_x2_t0.24_r1_current__synthetic_line_6q_favorable__seed7,N2_x2_t0.24_r1_current__synthetic_line_6q_favorable__seed7,synthetic_line_6q_favorable,line,True,"id,rz,sx,x,ecr",favorable,"0,1",7,2,lexicographic_native_2q_depth_duration,6,5,1.6666666666666667,5,2.3333333333333335,1.0,1.0,1,basic_swaps,qiskit.Operator.equiv_global_phase,1e-10,True,VERIFIED,29,19,10,40,23,37,3,3,3,3,-7,-7,0.3,1.39305e-06,1.39305e-06,0.002279355635276365,0.002279355635276365,0.002279355635276365,0.014051744999960647,,3003000.0000013933,qiskit,3003000.0000013933
v0.3.0,N2_x2_t0.24_r1_current,392c35d86474ab49a583405e508bd7ed972402e060f729797061666b3d9b473b,35020745cbf315956a25dd89ce4cee9e5cbb9ea64d68560011a94cb992a049cd,N2_r1_current,2,2,2.0,0.24,1,current,43,39,31,12,7,1.4285714285714286,1,1.0,1,1,N2_x2_t0.24_r1_current__synthetic_line_6q_favorable__seed7,N2_x2_t0.24_r1_current__synthetic_line_6q_favorable__seed7,synthetic_line_6q_favorable,line,True,"id,rz,sx,x,ecr",favorable,"0,1",7,2,lexicographic_native_2q_depth_duration,6,5,1.6666666666666667,5,2.3333333333333335,1.0,1.0,1,teleport,qiskit.Operator.equiv_global_phase,1e-10,True,VERIFIED,41,29,12,40,23,37,3,3,3,3,-9,-9,0.25,1.39305e-06,1.39305e-06,0.002279355635276365,0.002279355635276365,0.002279355635276365,0.02219306000006327,,3003000.0000013933,qiskit,3003000.0000013933
v0.3.0,N2_x2_t0.24_r1_current,392c35d86474ab49a583405e508bd7ed972402e060f729797061666b3d9b473b,35020745cbf315956a25dd89ce4cee9e5cbb9ea64d68560011a94cb992a049cd,N2_r1_current,2,2,2.0,0.24,1,current,43,39,31,12,7,1.4285714285714286,1,1.0,1,1,N2_x2_t0.24_r1_current__synthetic_line_6q_favorable__seed7,N2_x2_t0.24_r1_current__synthetic_line_6q_favorable__seed7,synthetic_line_6q_favorable,line,True,"id,rz,sx,x,ecr",favorable,"0,1",7,2,lexicographic_native_2q_depth_duration,6,5,1.6666666666666667,5,2.3333333333333335,1.0,1.0,1,full_reduce,qiskit.Operator.equiv_global_phase,1e-10,True,VERIFIED,45,33,12,40,23,37,3,3,3,3,-9,-9,0.25,1.39305e-06,1.39305e-06,0.002279355635276365,0.002279355635276365,0.002279355635276365,0.022067190999905506,,3003000.0000013933,qiskit,3003000.0000013933
v0.3.0,N2_x2_t0.24_r1_current,392c35d86474ab49a583405e508bd7ed972402e060f729797061666b3d9b473b,35020745cbf315956a25dd89ce4cee9e5cbb9ea64d68560011a94cb992a049cd,N2_r1_current,2,2,2.0,0.24,1,current,43,39,31,12,7,1.4285714285714286,1,1.0,1,1,N2_x2_t0.24_r1_current__synthetic_line_6q_favorable__seed7,N2_x2_t0.24_r1_current__synthetic_line_6q_favorable__seed7,synthetic_line_6q_favorable,line,True,"id,rz,sx,x,ecr",favorable,"0,1",7,2,lexicographic_native_2q_depth_duration,6,5,1.6666666666666667,5,2.3333333333333335,1.0,1.0,1,full_reduce_depth,qiskit.Operator.equiv_global_phase,1e-10,True,VERIFIED,45,33,12,40,23,37,3,3,3,3,-9,-9,0.25,1.39305e-06,1.39305e-06,0.002279355635276365,0.002279355635276365,0.002279355635276365,0.02294725600017955,,3003000.0000013933,qiskit,3003000.0000013933
v0.3.0,N2_x2_t0.24_r1_current,392c35d86474ab49a583405e508bd7ed972402e060f729797061666b3d9b473b,35020745cbf315956a25dd89ce4cee9e5cbb9ea64d68560011a94cb992a049cd,N2_r1_current,2,2,2.0,0.24,1,current,43,39,31,12,7,1.4285714285714286,1,1.0,1,1,N2_x2_t0.24_r1_current__synthetic_line_6q_spread__seed7,N2_x2_t0.24_r1_current__synthetic_line_6q_spread__seed7,synthetic_line_6q_spread,line,True,"id,rz,sx,x,ecr",spread,"0,5",7,2,lexicographic_native_2q_depth_duration,6,5,1.6666666666666667,5,2.3333333333333335,5.0,5.0,1,qiskit,qiskit.Operator.equiv_global_phase,1e-10,True,VERIFIED,43,31,12,117,55,102,15,15,12,12,3,3,1.25,6.693744000000001e-06,6.693744000000001e-06,0.020818970775600274,0.020818970775600274,0.020818970775600274,0.0048866659999475814,,15012000.000006694,qiskit,15012000.000006694
v0.3.0,N2_x2_t0.24_r1_current,392c35d86474ab49a583405e508bd7ed972402e060f729797061666b3d9b473b,35020745cbf315956a25dd89ce4cee9e5cbb9ea64d68560011a94cb992a049cd,N2_r1_current,2,2,2.0,0.24,1,current,43,39,31,12,7,1.4285714285714286,1,1.0,1,1,N2_x2_t0.24_r1_current__synthetic_line_6q_spread__seed7,N2_x2_t0.24_r1_current__synthetic_line_6q_spread__seed7,synthetic_line_6q_spread,line,True,"id,rz,sx,x,ecr",spread,"0,5",7,2,lexicographic_native_2q_depth_duration,6,5,1.6666666666666667,5,2.3333333333333335,5.0,5.0,1,basic,qiskit.Operator.equiv_global_phase,1e-10,True,VERIFIED,29,19,10,117,55,102,15,15,12,12,5,5,1.5,6.693744000000001e-06,6.693744000000001e-06,0.020818970775600274,0.020818970775600274,0.020818970775600274,0.01423684500014133,,15012000.000006694,qiskit,15012000.000006694
v0.3.0,N2_x2_t0.24_r1_current,392c35d86474ab49a583405e508bd7ed972402e060f729797061666b3d9b473b,35020745cbf315956a25dd89ce4cee9e5cbb9ea64d68560011a94cb992a049cd,N2_r1_current,2,2,2.0,0.24,1,current,43,39,31,12,7,1.4285714285714286,1,1.0,1,1,N2_x2_t0.24_r1_current__synthetic_line_6q_spread__seed7,N2_x2_t0.24_r1_current__synthetic_line_6q_spread__seed7,synthetic_line_6q_spread,line,True,"id,rz,sx,x,ecr",spread,"0,5",7,2,lexicographic_native_2q_depth_duration,6,5,1.6666666666666667,5,2.3333333333333335,5.0,5.0,1,basic_swaps,qiskit.Operator.equiv_global_phase,1e-10,True,VERIFIED,29,19,10,117,55,102,15,15,12,12,5,5,1.5,6.693744000000001e-06,6.693744000000001e-06,0.020818970775600274,0.020818970775600274,0.020818970775600274,0.014410178999924028,,15012000.000006694,qiskit,15012000.000006694
v0.3.0,N2_x2_t0.24_r1_current,392c35d86474ab49a583405e508bd7ed972402e060f729797061666b3d9b473b,35020745cbf315956a25dd89ce4cee9e5cbb9ea64d68560011a94cb992a049cd,N2_r1_current,2,2,2.0,0.24,1,current,43,39,31,12,7,1.4285714285714286,1,1.0,1,1,N2_x2_t0.24_r1_current__synthetic_line_6q_spread__seed7,N2_x2_t0.24_r1_current__synthetic_line_6q_spread__seed7,synthetic_line_6q_spread,line,True,"id,rz,sx,x,ecr",spread,"0,5",7,2,lexicographic_native_2q_depth_duration,6,5,1.6666666666666667,5,2.3333333333333335,5.0,5.0,1,teleport,qiskit.Operator.equiv_global_phase,1e-10,True,VERIFIED,41,29,12,117,55,102,15,15,12,12,3,3,1.25,6.693744000000001e-06,6.693744000000001e-06,0.020818970775600274,0.020818970775600274,0.020818970775600274,0.022198868999794286,,15012000.000006694,qiskit,15012000.000006694
v0.3.0,N2_x2_t0.24_r1_current,392c35d86474ab49a583405e508bd7ed972402e060f729797061666b3d9b473b,35020745cbf315956a25dd89ce4cee9e5cbb9ea64d68560011a94cb992a049cd,N2_r1_current,2,2,2.0,0.24,1,current,43,39,31,12,7,1.4285714285714286,1,1.0,1,1,N2_x2_t0.24_r1_current__synthetic_line_6q_spread__seed7,N2_x2_t0.24_r1_current__synthetic_line_6q_spread__seed7,synthetic_line_6q_spread,line,True,"id,rz,sx,x,ecr",spread,"0,5",7,2,lexicographic_native_2q_depth_duration,6,5,1.6666666666666667,5,2.3333333333333335,5.0,5.0,1,full_reduce,qiskit.Operator.equiv_global_phase,1e-10,True,VERIFIED,45,33,12,117,55,102,15,15,12,12,3,3,1.25,6.693744000000001e-06,6.693744000000001e-06,0.020818970775600274,0.020818970775600274,0.020818970775600274,0.021066354999902615,,15012000.000006694,qiskit,15012000.000006694
v0.3.0,N2_x2_t0.24_r1_current,392c35d86474ab49a583405e508bd7ed972402e060f729797061666b3d9b473b,35020745cbf315956a25dd89ce4cee9e5cbb9ea64d68560011a94cb992a049cd,N2_r1_current,2,2,2.0,0.24,1,current,43,39,31,12,7,1.4285714285714286,1,1.0,1,1,N2_x2_t0.24_r1_current__synthetic_line_6q_spread__seed7,N2_x2_t0.24_r1_current__synthetic_line_6q_spread__seed7,synthetic_line_6q_spread,line,True,"id,rz,sx,x,ecr",spread,"0,5",7,2,lexicographic_native_2q_depth_duration,6,5,1.6666666666666667,5,2.3333333333333335,5.0,5.0,1,full_reduce_depth,qiskit.Operator.equiv_global_phase,1e-10,True,VERIFIED,45,33,12,117,55,102,15,15,12,12,3,3,1.25,6.693744000000001e-06,6.693744000000001e-06,0.020818970775600274,0.020818970775600274,0.020818970775600274,0.024250984999980574,,15012000.000006694,qiskit,15012000.000006694
v0.3.0,N2_x2_t0.24_r1_current,392c35d86474ab49a583405e508bd7ed972402e060f729797061666b3d9b473b,35020745cbf315956a25dd89ce4cee9e5cbb9ea64d68560011a94cb992a049cd,N2_r1_current,2,2,2.0,0.24,1,current,43,39,31,12,7,1.4285714285714286,1,1.0,1,1,N2_x2_t0.24_r1_current__synthetic_ring_6q_transpiler__seed7,N2_x2_t0.24_r1_current__synthetic_ring_6q_transpiler__seed7,synthetic_ring_6q_transpiler,ring,True,"id,rz,sx,x,ecr",transpiler,transpiler,7,2,lexicographic_native_2q_depth_duration,6,6,2.0,3,1.8,1.0,1.0,1,qiskit,qiskit.Operator.equiv_global_phase,1e-10,True,VERIFIED,43,31,12,40,23,37,3,3,3,3,-9,-9,0.25,2.133198e-06,2.133198e-06,0.009596140114081952,0.009596140114081952,0.009596140114081952,0.004331975000013699,,3003000.000002133,qiskit,3003000.000002133
v0.3.0,N2_x2_t0.24_r1_current,392c35d86474ab49a583405e508bd7ed972402e060f729797061666b3d9b473b,35020745cbf315956a25dd89ce4cee9e5cbb9ea64d68560011a94cb992a049cd,N2_r1_current,2,2,2.0,0.24,1,current,43,39,31,12,7,1.4285714285714286,1,1.0,1,1,N2_x2_t0.24_r1_current__synthetic_ring_6q_transpiler__seed7,N2_x2_t0.24_r1_current__synthetic_ring_6q_transpiler__seed7,synthetic_ring_6q_transpiler,ring,True,"id,rz,sx,x,ecr",transpiler,transpiler,7,2,lexicographic_native_2q_depth_duration,6,6,2.0,3,1.8,1.0,1.0,1,basic,qiskit.Operator.equiv_global_phase,1e-10,True,VERIFIED,29,19,10,40,23,37,3,3,3,3,-7,-7,0.3,2.133198e-06,2.133198e-06,0.009596140114081952,0.009596140114081952,0.009596140114081952,0.013730050000049232,,3003000.000002133,qiskit,3003000.000002133
v0.3.0,N2_x2_t0.24_r1_current,392c35d86474ab49a583405e508bd7ed972402e060f729797061666b3d9b473b,35020745cbf315956a25dd89ce4cee9e5cbb9ea64d68560011a94cb992a049cd,N2_r1_current,2,2,2.0,0.24,1,current,43,39,31,12,7,1.4285714285714286,1,1.0,1,1,N2_x2_t0.24_r1_current__synthetic_ring_6q_transpiler__seed7,N2_x2_t0.24_r1_current__synthetic_ring_6q_transpiler__seed7,synthetic_ring_6q_transpiler,ring,True,"id,rz,sx,x,ecr",transpiler,transpiler,7,2,lexicographic_native_2q_depth_duration,6,6,2.0,3,1.8,1.0,1.0,1,basic_swaps,qiskit.Operator.equiv_global_phase,1e-10,True,VERIFIED,29,19,10,40,23,37,3,3,3,3,-7,-7,0.3,2.133198e-06,2.133198e-06,0.009596140114081952,0.009596140114081952,0.009596140114081952,0.013848115999962829,,3003000.000002133,qiskit,3003000.000002133
v0.3.0,N2_x2_t0.24_r1_current,392c35d86474ab49a583405e508bd7ed972402e060f729797061666b3d9b473b,35020745cbf315956a25dd89ce4cee9e5cbb9ea64d68560011a94cb992a049cd,N2_r1_current,2,2,2.0,0.24,1,current,43,39,31,12,7,1.4285714285714286,1,1.0,1,1,N2_x2_t0.24_r1_current__synthetic_ring_6q_transpiler__seed7,N2_x2_t0.24_r1_current__synthetic_ring_6q_transpiler__seed7,synthetic_ring_6q_transpiler,ring,True,"id,rz,sx,x,ecr",transpiler,transpiler,7,2,lexicographic_native_2q_depth_duration,6,6,2.0,3,1.8,1.0,1.0,1,teleport,qiskit.Operator.equiv_global_phase,1e-10,True,VERIFIED,41,29,12,40,23,37,3,3,3,3,-9,-9,0.25,2.133198e-06,2.133198e-06,0.009596140114081952,0.009596140114081952,0.009596140114081952,0.02072954100003699,,3003000.000002133,qiskit,3003000.000002133
v0.3.0,N2_x2_t0.24_r1_current,392c35d86474ab49a583405e508bd7ed972402e060f729797061666b3d9b473b,35020745cbf315956a25dd89ce4cee9e5cbb9ea64d68560011a94cb992a049cd,N2_r1_current,2,2,2.0,0.24,1,current,43,39,31,12,7,1.4285714285714286,1,1.0,1,1,N2_x2_t0.24_r1_current__synthetic_ring_6q_transpiler__seed7,N2_x2_t0.24_r1_current__synthetic_ring_6q_transpiler__seed7,synthetic_ring_6q_transpiler,ring,True,"id,rz,sx,x,ecr",transpiler,transpiler,7,2,lexicographic_native_2q_depth_duration,6,6,2.0,3,1.8,1.0,1.0,1,full_reduce,qiskit.Operator.equiv_global_phase,1e-10,True,VERIFIED,45,33,12,40,23,37,3,3,3,3,-9,-9,0.25,2.133198e-06,2.133198e-06,0.009596140114081952,0.009596140114081952,0.009596140114081952,0.020296207000001232,,3003000.000002133,qiskit,3003000.000002133
v0.3.0,N2_x2_t0.24_r1_current,392c35d86474ab49a583405e508bd7ed972402e060f729797061666b3d9b473b,35020745cbf315956a25dd89ce4cee9e5cbb9ea64d68560011a94cb992a049cd,N2_r1_current,2,2,2.0,0.24,1,current,43,39,31,12,7,1.4285714285714286,1,1.0,1,1,N2_x2_t0.24_r1_current__synthetic_ring_6q_transpiler__seed7,N2_x2_t0.24_r1_current__synthetic_ring_6q_transpiler__seed7,synthetic_ring_6q_transpiler,ring,True,"id,rz,sx,x,ecr",transpiler,transpiler,7,2,lexicographic_native_2q_depth_duration,6,6,2.0,3,1.8,1.0,1.0,1,full_reduce_depth,qiskit.Operator.equiv_global_phase,1e-10,True,VERIFIED,45,33,12,40,23,37,3,3,3,3,-9,-9,0.25,2.133198e-06,2.133198e-06,0.009596140114081952,0.009596140114081952,0.009596140114081952,0.023755652000090777,,3003000.000002133,qiskit,3003000.000002133
v0.3.0,N2_x2_t0.24_r1_current,392c35d86474ab49a583405e508bd7ed972402e060f729797061666b3d9b473b,35020745cbf315956a25dd89ce4cee9e5cbb9ea64d68560011a94cb992a049cd,N2_r1_current,2,2,2.0,0.24,1,current,43,39,31,12,7,1.4285714285714286,1,1.0,1,1,N2_x2_t0.24_r1_current__synthetic_grid_6q_transpiler__seed7,N2_x2_t0.24_r1_current__synthetic_grid_6q_transpiler__seed7,synthetic_grid_6q_transpiler,grid,True,"id,rz,sx,x,ecr",transpiler,transpiler,7,2,lexicographic_native_2q_depth_duration,6,7,2.3333333333333335,3,1.6666666666666667,1.0,1.0,1,qiskit,qiskit.Operator.equiv_global_phase,1e-10,True,VERIFIED,43,31,12,40,23,37,3,3,3,3,-9,-9,0.25,1.39305e-06,1.39305e-06,0.002279355635276365,0.002279355635276365,0.002279355635276365,0.004347882000047321,,3003000.0000013933,qiskit,3003000.0000013933
v0.3.0,N2_x2_t0.24_r1_current,392c35d86474ab49a583405e508bd7ed972402e060f729797061666b3d9b473b,35020745cbf315956a25dd89ce4cee9e5cbb9ea64d68560011a94cb992a049cd,N2_r1_current,2,2,2.0,0.24,1,current,43,39,31,12,7,1.4285714285714286,1,1.0,1,1,N2_x2_t0.24_r1_current__synthetic_grid_6q_transpiler__seed7,N2_x2_t0.24_r1_current__synthetic_grid_6q_transpiler__seed7,synthetic_grid_6q_transpiler,grid,True,"id,rz,sx,x,ecr",transpiler,transpiler,7,2,lexicographic_native_2q_depth_duration,6,7,2.3333333333333335,3,1.6666666666666667,1.0,1.0,1,basic,qiskit.Operator.equiv_global_phase,1e-10,True,VERIFIED,29,19,10,40,23,37,3,3,3,3,-7,-7,0.3,1.39305e-06,1.39305e-06,0.002279355635276365,0.002279355635276365,0.002279355635276365,0.013545157999942603,,3003000.0000013933,qiskit,3003000.0000013933
v0.3.0,N2_x2_t0.24_r1_current,392c35d86474ab49a583405e508bd7ed972402e060f729797061666b3d9b473b,35020745cbf315956a25dd89ce4cee9e5cbb9ea64d68560011a94cb992a049cd,N2_r1_current,2,2,2.0,0.24,1,current,43,39,31,12,7,1.4285714285714286,1,1.0,1,1,N2_x2_t0.24_r1_current__synthetic_grid_6q_transpiler__seed7,N2_x2_t0.24_r1_current__synthetic_grid_6q_transpiler__seed7,synthetic_grid_6q_transpiler,grid,True,"id,rz,sx,x,ecr",transpiler,transpiler,7,2,lexicographic_native_2q_depth_duration,6,7,2.3333333333333335,3,1.6666666666666667,1.0,1.0,1,basic_swaps,qiskit.Operator.equiv_global_phase,1e-10,True,VERIFIED,29,19,10,40,23,37,3,3,3,3,-7,-7,0.3,1.39305e-06,1.39305e-06,0.002279355635276365,0.002279355635276365,0.002279355635276365,0.013511749999906897,,3003000.0000013933,qiskit,3003000.0000013933
v0.3.0,N2_x2_t0.24_r1_current,392c35d86474ab49a583405e508bd7ed972402e060f729797061666b3d9b473b,35020745cbf315956a25dd89ce4cee9e5cbb9ea64d68560011a94cb992a049cd,N2_r1_current,2,2,2.0,0.24,1,current,43,39,31,12,7,1.4285714285714286,1,1.0,1,1,N2_x2_t0.24_r1_current__synthetic_grid_6q_transpiler__seed7,N2_x2_t0.24_r1_current__synthetic_grid_6q_transpiler__seed7,synthetic_grid_6q_transpiler,grid,True,"id,rz,sx,x,ecr",transpiler,transpiler,7,2,lexicographic_native_2q_depth_duration,6,7,2.3333333333333335,3,1.6666666666666667,1.0,1.0,1,teleport,qiskit.Operator.equiv_global_phase,1e-10,True,VERIFIED,41,29,12,40,23,37,3,3,3,3,-9,-9,0.25,1.39305e-06,1.39305e-06,0.002279355635276365,0.002279355635276365,0.002279355635276365,0.020785853000006682,,3003000.0000013933,qiskit,3003000.0000013933
v0.3.0,N2_x2_t0.24_r1_current,392c35d86474ab49a583405e508bd7ed972402e060f729797061666b3d9b473b,35020745cbf315956a25dd89ce4cee9e5cbb9ea64d68560011a94cb992a049cd,N2_r1_current,2,2,2.0,0.24,1,current,43,39,31,12,7,1.4285714285714286,1,1.0,1,1,N2_x2_t0.24_r1_current__synthetic_grid_6q_transpiler__seed7,N2_x2_t0.24_r1_current__synthetic_grid_6q_transpiler__seed7,synthetic_grid_6q_transpiler,grid,True,"id,rz,sx,x,ecr",transpiler,transpiler,7,2,lexicographic_native_2q_depth_duration,6,7,2.3333333333333335,3,1.6666666666666667,1.0,1.0,1,full_reduce,qiskit.Operator.equiv_global_phase,1e-10,True,VERIFIED,45,33,12,40,23,37,3,3,3,3,-9,-9,0.25,1.39305e-06,1.39305e-06,0.002279355635276365,0.002279355635276365,0.002279355635276365,0.020275393000019903,,3003000.0000013933,qiskit,3003000.0000013933
v0.3.0,N2_x2_t0.24_r1_current,392c35d86474ab49a583405e508bd7ed972402e060f729797061666b3d9b473b,35020745cbf315956a25dd89ce4cee9e5cbb9ea64d68560011a94cb992a049cd,N2_r1_current,2,2,2.0,0.24,1,current,43,39,31,12,7,1.4285714285714286,1,1.0,1,1,N2_x2_t0.24_r1_current__synthetic_grid_6q_transpiler__seed7,N2_x2_t0.24_r1_current__synthetic_grid_6q_transpiler__seed7,synthetic_grid_6q_transpiler,grid,True,"id,rz,sx,x,ecr",transpiler,transpiler,7,2,lexicographic_native_2q_depth_duration,6,7,2.3333333333333335,3,1.6666666666666667,1.0,1.0,1,full_reduce_depth,qiskit.Operator.equiv_global_phase,1e-10,True,VERIFIED,45,33,12,40,23,37,3,3,3,3,-9,-9,0.25,1.39305e-06,1.39305e-06,0.002279355635276365,0.002279355635276365,0.002279355635276365,0.02293912699997236,,3003000.0000013933,qiskit,3003000.0000013933
v0.3.0,N2_x2_t0.24_r1_current,392c35d86474ab49a583405e508bd7ed972402e060f729797061666b3d9b473b,35020745cbf315956a25dd89ce4cee9e5cbb9ea64d68560011a94cb992a049cd,N2_r1_current,2,2,2.0,0.24,1,current,43,39,31,12,7,1.4285714285714286,1,1.0,1,1,N2_x2_t0.24_r1_current__synthetic_heavy_hex_like_7q_transpiler__seed7,N2_x2_t0.24_r1_current__synthetic_heavy_hex_like_7q_transpiler__seed7,synthetic_heavy_hex_like_7q_transpiler,heavy_hex_like,True,"id,rz,sx,x,ecr",transpiler,transpiler,7,2,lexicographic_native_2q_depth_duration,7,7,2.0,5,2.2857142857142856,1.0,1.0,1,qiskit,qiskit.Operator.equiv_global_phase,1e-10,True,VERIFIED,43,31,12,40,23,37,3,3,3,3,-9,-9,0.25,1.2802740000000002e-06,1.2802740000000002e-06,0.006061519069299658,0.006061519069299658,0.006061519069299658,0.004632958999991388,,3003000.00000128,qiskit,3003000.00000128
v0.3.0,N2_x2_t0.24_r1_current,392c35d86474ab49a583405e508bd7ed972402e060f729797061666b3d9b473b,35020745cbf315956a25dd89ce4cee9e5cbb9ea64d68560011a94cb992a049cd,N2_r1_current,2,2,2.0,0.24,1,current,43,39,31,12,7,1.4285714285714286,1,1.0,1,1,N2_x2_t0.24_r1_current__synthetic_heavy_hex_like_7q_transpiler__seed7,N2_x2_t0.24_r1_current__synthetic_heavy_hex_like_7q_transpiler__seed7,synthetic_heavy_hex_like_7q_transpiler,heavy_hex_like,True,"id,rz,sx,x,ecr",transpiler,transpiler,7,2,lexicographic_native_2q_depth_duration,7,7,2.0,5,2.2857142857142856,1.0,1.0,1,basic,qiskit.Operator.equiv_global_phase,1e-10,True,VERIFIED,29,19,10,40,23,37,3,3,3,3,-7,-7,0.3,1.2802740000000002e-06,1.2802740000000002e-06,0.006061519069299658,0.006061519069299658,0.006061519069299658,0.017203290999987075,,3003000.00000128,qiskit,3003000.00000128
v0.3.0,N2_x2_t0.24_r1_current,392c35d86474ab49a583405e508bd7ed972402e060f729797061666b3d9b473b,35020745cbf315956a25dd89ce4cee9e5cbb9ea64d68560011a94cb992a049cd,N2_r1_current,2,2,2.0,0.24,1,current,43,39,31,12,7,1.4285714285714286,1,1.0,1,1,N2_x2_t0.24_r1_current__synthetic_heavy_hex_like_7q_transpiler__seed7,N2_x2_t0.24_r1_current__synthetic_heavy_hex_like_7q_transpiler__seed7,synthetic_heavy_hex_like_7q_transpiler,heavy_hex_like,True,"id,rz,sx,x,ecr",transpiler,transpiler,7,2,lexicographic_native_2q_depth_duration,7,7,2.0,5,2.2857142857142856,1.0,1.0,1,basic_swaps,qiskit.Operator.equiv_global_phase,1e-10,True,VERIFIED,29,19,10,40,23,37,3,3,3,3,-7,-7,0.3,1.2802740000000002e-06,1.2802740000000002e-06,0.006061519069299658,0.006061519069299658,0.006061519069299658,0.01380704500002139,,3003000.00000128,qiskit,3003000.00000128
v0.3.0,N2_x2_t0.24_r1_current,392c35d86474ab49a583405e508bd7ed972402e060f729797061666b3d9b473b,35020745cbf315956a25dd89ce4cee9e5cbb9ea64d68560011a94cb992a049cd,N2_r1_current,2,2,2.0,0.24,1,current,43,39,31,12,7,1.4285714285714286,1,1.0,1,1,N2_x2_t0.24_r1_current__synthetic_heavy_hex_like_7q_transpiler__seed7,N2_x2_t0.24_r1_current__synthetic_heavy_hex_like_7q_transpiler__seed7,synthetic_heavy_hex_like_7q_transpiler,heavy_hex_like,True,"id,rz,sx,x,ecr",transpiler,transpiler,7,2,lexicographic_native_2q_depth_duration,7,7,2.0,5,2.2857142857142856,1.0,1.0,1,teleport,qiskit.Operator.equiv_global_phase,1e-10,True,VERIFIED,41,29,12,40,23,37,3,3,3,3,-9,-9,0.25,1.2802740000000002e-06,1.2802740000000002e-06,0.006061519069299658,0.006061519069299658,0.006061519069299658,0.020537590999992972,,3003000.00000128,qiskit,3003000.00000128
v0.3.0,N2_x2_t0.24_r1_current,392c35d86474ab49a583405e508bd7ed972402e060f729797061666b3d9b473b,35020745cbf315956a25dd89ce4cee9e5cbb9ea64d68560011a94cb992a049cd,N2_r1_current,2,2,2.0,0.24,1,current,43,39,31,12,7,1.4285714285714286,1,1.0,1,1,N2_x2_t0.24_r1_current__synthetic_heavy_hex_like_7q_transpiler__seed7,N2_x2_t0.24_r1_current__synthetic_heavy_hex_like_7q_transpiler__seed7,synthetic_heavy_hex_like_7q_transpiler,heavy_hex_like,True,"id,rz,sx,x,ecr",transpiler,transpiler,7,2,lexicographic_native_2q_depth_duration,7,7,2.0,5,2.2857142857142856,1.0,1.0,1,full_reduce,qiskit.Operator.equiv_global_phase,1e-10,True,VERIFIED,45,33,12,40,23,37,3,3,3,3,-9,-9,0.25,1.2802740000000002e-06,1.2802740000000002e-06,0.006061519069299658,0.006061519069299658,0.006061519069299658,0.02018438300001435,,3003000.00000128,qiskit,3003000.00000128
v0.3.0,N2_x2_t0.24_r1_current,392c35d86474ab49a583405e508bd7ed972402e060f729797061666b3d9b473b,35020745cbf315956a25dd89ce4cee9e5cbb9ea64d68560011a94cb992a049cd,N2_r1_current,2,2,2.0,0.24,1,current,43,39,31,12,7,1.4285714285714286,1,1.0,1,1,N2_x2_t0.24_r1_current__synthetic_heavy_hex_like_7q_transpiler__seed7,N2_x2_t0.24_r1_current__synthetic_heavy_hex_like_7q_transpiler__seed7,synthetic_heavy_hex_like_7q_transpiler,heavy_hex_like,True,"id,rz,sx,x,ecr",transpiler,transpiler,7,2,lexicographic_native_2q_depth_duration,7,7,2.0,5,2.2857142857142856,1.0,1.0,1,full_reduce_depth,qiskit.Operator.equiv_global_phase,1e-10,True,VERIFIED,45,33,12,40,23,37,3,3,3,3,-9,-9,0.25,1.2802740000000002e-06,1.2802740000000002e-06,0.006061519069299658,0.006061519069299658,0.006061519069299658,0.023375750000013795,,3003000.00000128,qiskit,3003000.00000128
v0.3.0,N2_x2_t0.24_r1_current,392c35d86474ab49a583405e508bd7ed972402e060f729797061666b3d9b473b,35020745cbf315956a25dd89ce4cee9e5cbb9ea64d68560011a94cb992a049cd,N2_r1_current,2,2,2.0,0.24,1,current,43,39,31,12,7,1.4285714285714286,1,1.0,1,1,N2_x2_t0.24_r1_current__synthetic_irregular_7q_favorable__seed7,N2_x2_t0.24_r1_current__synthetic_irregular_7q_favorable__seed7,synthetic_irregular_7q_favorable,irregular,True,"id,rz,sx,x,ecr",favorable,"0,1",7,2,lexicographic_native_2q_depth_duration,7,8,2.2857142857142856,3,1.8095238095238095,1.0,1.0,1,qiskit,qiskit.Operator.equiv_global_phase,1e-10,True,VERIFIED,43,31,12,40,23,37,3,3,3,3,-9,-9,0.25,7.652340000000001e-07,7.652340000000001e-07,0.014553630267590944,0.014553630267590944,0.014553630267590944,0.0039051129999734258,,3003000.000000765,qiskit,3003000.000000765
v0.3.0,N2_x2_t0.24_r1_current,392c35d86474ab49a583405e508bd7ed972402e060f729797061666b3d9b473b,35020745cbf315956a25dd89ce4cee9e5cbb9ea64d68560011a94cb992a049cd,N2_r1_current,2,2,2.0,0.24,1,current,43,39,31,12,7,1.4285714285714286,1,1.0,1,1,N2_x2_t0.24_r1_current__synthetic_irregular_7q_favorable__seed7,N2_x2_t0.24_r1_current__synthetic_irregular_7q_favorable__seed7,synthetic_irregular_7q_favorable,irregular,True,"id,rz,sx,x,ecr",favorable,"0,1",7,2,lexicographic_native_2q_depth_duration,7,8,2.2857142857142856,3,1.8095238095238095,1.0,1.0,1,basic,qiskit.Operator.equiv_global_phase,1e-10,True,VERIFIED,29,19,10,40,23,37,3,3,3,3,-7,-7,0.3,7.652340000000001e-07,7.652340000000001e-07,0.014553630267590944,0.014553630267590944,0.014553630267590944,0.013259267999956137,,3003000.000000765,qiskit,3003000.000000765
v0.3.0,N2_x2_t0.24_r1_current,392c35d86474ab49a583405e508bd7ed972402e060f729797061666b3d9b473b,35020745cbf315956a25dd89ce4cee9e5cbb9ea64d68560011a94cb992a049cd,N2_r1_current,2,2,2.0,0.24,1,current,43,39,31,12,7,1.4285714285714286,1,1.0,1,1,N2_x2_t0.24_r1_current__synthetic_irregular_7q_favorable__seed7,N2_x2_t0.24_r1_current__synthetic_irregular_7q_favorable__seed7,synthetic_irregular_7q_favorable,irregular,True,"id,rz,sx,x,ecr",favorable,"0,1",7,2,lexicographic_native_2q_depth_duration,7,8,2.2857142857142856,3,1.8095238095238095,1.0,1.0,1,basic_swaps,qiskit.Operator.equiv_global_phase,1e-10,True,VERIFIED,29,19,10,40,23,37,3,3,3,3,-7,-7,0.3,7.652340000000001e-07,7.652340000000001e-07,0.014553630267590944,0.014553630267590944,0.014553630267590944,0.013332198999933098,,3003000.000000765,qiskit,3003000.000000765
v0.3.0,N2_x2_t0.24_r1_current,392c35d86474ab49a583405e508bd7ed972402e060f729797061666b3d9b473b,35020745cbf315956a25dd89ce4cee9e5cbb9ea64d68560011a94cb992a049cd,N2_r1_current,2,2,2.0,0.24,1,current,43,39,31,12,7,1.4285714285714286,1,1.0,1,1,N2_x2_t0.24_r1_current__synthetic_irregular_7q_favorable__seed7,N2_x2_t0.24_r1_current__synthetic_irregular_7q_favorable__seed7,synthetic_irregular_7q_favorable,irregular,True,"id,rz,sx,x,ecr",favorable,"0,1",7,2,lexicographic_native_2q_depth_duration,7,8,2.2857142857142856,3,1.8095238095238095,1.0,1.0,1,teleport,qiskit.Operator.equiv_global_phase,1e-10,True,VERIFIED,41,29,12,40,23,37,3,3,3,3,-9,-9,0.25,7.652340000000001e-07,7.652340000000001e-07,0.014553630267590944,0.014553630267590944,0.014553630267590944,0.020475634999911563,,3003000.000000765,qiskit,3003000.000000765
v0.3.0,N2_x2_t0.24_r1_current,392c35d86474ab49a583405e508bd7ed972402e060f729797061666b3d9b473b,35020745cbf315956a25dd89ce4cee9e5cbb9ea64d68560011a94cb992a049cd,N2_r1_current,2,2,2.0,0.24,1,current,43,39,31,12,7,1.4285714285714286,1,1.0,1,1,N2_x2_t0.24_r1_current__synthetic_irregular_7q_favorable__seed7,N2_x2_t0.24_r1_current__synthetic_irregular_7q_favorable__seed7,synthetic_irregular_7q_favorable,irregular,True,"id,rz,sx,x,ecr",favorable,"0,1",7,2,lexicographic_native_2q_depth_duration,7,8,2.2857142857142856,3,1.8095238095238095,1.0,1.0,1,full_reduce,qiskit.Operator.equiv_global_phase,1e-10,True,VERIFIED,45,33,12,40,23,37,3,3,3,3,-9,-9,0.25,7.652340000000001e-07,7.652340000000001e-07,0.014553630267590944,0.014553630267590944,0.014553630267590944,0.020016682999994373,,3003000.000000765,qiskit,3003000.000000765
v0.3.0,N2_x2_t0.24_r1_current,392c35d86474ab49a583405e508bd7ed972402e060f729797061666b3d9b473b,35020745cbf315956a25dd89ce4cee9e5cbb9ea64d68560011a94cb992a049cd,N2_r1_current,2,2,2.0,0.24,1,current,43,39,31,12,7,1.4285714285714286,1,1.0,1,1,N2_x2_t0.24_r1_current__synthetic_irregular_7q_favorable__seed7,N2_x2_t0.24_r1_current__synthetic_irregular_7q_favorable__seed7,synthetic_irregular_7q_favorable,irregular,True,"id,rz,sx,x,ecr",favorable,"0,1",7,2,lexicographic_native_2q_depth_duration,7,8,2.2857142857142856,3,1.8095238095238095,1.0,1.0,1,full_reduce_depth,qiskit.Operator.equiv_global_phase,1e-10,True,VERIFIED,45,33,12,40,23,37,3,3,3,3,-9,-9,0.25,7.652340000000001e-07,7.652340000000001e-07,0.014553630267590944,0.014553630267590944,0.014553630267590944,0.02337886200007233,,3003000.000000765,qiskit,3003000.000000765
v0.3.0,N2_x2_t0.24_r1_current,392c35d86474ab49a583405e508bd7ed972402e060f729797061666b3d9b473b,35020745cbf315956a25dd89ce4cee9e5cbb9ea64d68560011a94cb992a049cd,N2_r1_current,2,2,2.0,0.24,1,current,43,39,31,12,7,1.4285714285714286,1,1.0,1,1,N2_x2_t0.24_r1_current__synthetic_irregular_7q_spread__seed7,N2_x2_t0.24_r1_current__synthetic_irregular_7q_spread__seed7,synthetic_irregular_7q_spread,irregular,True,"id,rz,sx,x,ecr",spread,"0,5",7,2,lexicographic_native_2q_depth_duration,7,8,2.2857142857142856,3,1.8095238095238095,3.0,3.0,1,qiskit,qiskit.Operator.equiv_global_phase,1e-10,True,VERIFIED,43,31,12,96,40,87,9,9,6,6,-3,-3,0.75,2.6300340000000003e-06,2.6300340000000003e-06,0.02554364010747158,0.02554364010747158,0.02554364010747158,0.004508702000066478,,9006000.00000263,qiskit,9006000.00000263
v0.3.0,N2_x2_t0.24_r1_current,392c35d86474ab49a583405e508bd7ed972402e060f729797061666b3d9b473b,35020745cbf315956a25dd89ce4cee9e5cbb9ea64d68560011a94cb992a049cd,N2_r1_current,2,2,2.0,0.24,1,current,43,39,31,12,7,1.4285714285714286,1,1.0,1,1,N2_x2_t0.24_r1_current__synthetic_irregular_7q_spread__seed7,N2_x2_t0.24_r1_current__synthetic_irregular_7q_spread__seed7,synthetic_irregular_7q_spread,irregular,True,"id,rz,sx,x,ecr",spread,"0,5",7,2,lexicographic_native_2q_depth_duration,7,8,2.2857142857142856,3,1.8095238095238095,3.0,3.0,1,basic,qiskit.Operator.equiv_global_phase,1e-10,True,VERIFIED,29,19,10,96,40,87,9,9,6,6,-1,-1,0.9,2.6300340000000003e-06,2.6300340000000003e-06,0.02554364010747158,0.02554364010747158,0.02554364010747158,0.013717352000185201,,9006000.00000263,qiskit,9006000.00000263
v0.3.0,N2_x2_t0.24_r1_current,392c35d86474ab49a583405e508bd7ed972402e060f729797061666b3d9b473b,35020745cbf315956a25dd89ce4cee9e5cbb9ea64d68560011a94cb992a049cd,N2_r1_current,2,2,2.0,0.24,1,current,43,39,31,12,7,1.4285714285714286,1,1.0,1,1,N2_x2_t0.24_r1_current__synthetic_irregular_7q_spread__seed7,N2_x2_t0.24_r1_current__synthetic_irregular_7q_spread__seed7,synthetic_irregular_7q_spread,irregular,True,"id,rz,sx,x,ecr",spread,"0,5",7,2,lexicographic_native_2q_depth_duration,7,8,2.2857142857142856,3,1.8095238095238095,3.0,3.0,1,basic_swaps,qiskit.Operator.equiv_global_phase,1e-10,True,VERIFIED,29,19,10,96,40,87,9,9,6,6,-1,-1,0.9,2.6300340000000003e-06,2.6300340000000003e-06,0.02554364010747158,0.02554364010747158,0.02554364010747158,0.014085361000070407,,9006000.00000263,qiskit,9006000.00000263
v0.3.0,N2_x2_t0.24_r1_current,392c35d86474ab49a583405e508bd7ed972402e060f729797061666b3d9b473b,35020745cbf315956a25dd89ce4cee9e5cbb9ea64d68560011a94cb992a049cd,N2_r1_current,2,2,2.0,0.24,1,current,43,39,31,12,7,1.4285714285714286,1,1.0,1,1,N2_x2_t0.24_r1_current__synthetic_irregular_7q_spread__seed7,N2_x2_t0.24_r1_current__synthetic_irregular_7q_spread__seed7,synthetic_irregular_7q_spread,irregular,True,"id,rz,sx,x,ecr",spread,"0,5",7,2,lexicographic_native_2q_depth_duration,7,8,2.2857142857142856,3,1.8095238095238095,3.0,3.0,1,teleport,qiskit.Operator.equiv_global_phase,1e-10,True,VERIFIED,41,29,12,96,40,87,9,9,6,6,-3,-3,0.75,2.6300340000000003e-06,2.6300340000000003e-06,0.02554364010747158,0.02554364010747158,0.02554364010747158,0.02240045500002452,,9006000.00000263,qiskit,9006000.00000263
v0.3.0,N2_x2_t0.24_r1_current,392c35d86474ab49a583405e508bd7ed972402e060f729797061666b3d9b473b,35020745cbf315956a25dd89ce4cee9e5cbb9ea64d68560011a94cb992a049cd,N2_r1_current,2,2,2.0,0.24,1,current,43,39,31,12,7,1.4285714285714286,1,1.0,1,1,N2_x2_t0.24_r1_current__synthetic_irregular_7q_spread__seed7,N2_x2_t0.24_r1_current__synthetic_irregular_7q_spread__seed7,synthetic_irregular_7q_spread,irregular,True,"id,rz,sx,x,ecr",spread,"0,5",7,2,lexicographic_native_2q_depth_duration,7,8,2.2857142857142856,3,1.8095238095238095,3.0,3.0,1,full_reduce,qiskit.Operator.equiv_global_phase,1e-10,True,VERIFIED,45,33,12,96,40,87,9,9,6,6,-3,-3,0.75,2.6300340000000003e-06,2.6300340000000003e-06,0.02554364010747158,0.02554364010747158,0.02554364010747158,0.02099087600004168,,9006000.00000263,qiskit,9006000.00000263
v0.3.0,N2_x2_t0.24_r1_current,392c35d86474ab49a583405e508bd7ed972402e060f729797061666b3d9b473b,35020745cbf315956a25dd89ce4cee9e5cbb9ea64d68560011a94cb992a049cd,N2_r1_current,2,2,2.0,0.24,1,current,43,39,31,12,7,1.4285714285714286,1,1.0,1,1,N2_x2_t0.24_r1_current__synthetic_irregular_7q_spread__seed7,N2_x2_t0.24_r1_current__synthetic_irregular_7q_spread__seed7,synthetic_irregular_7q_spread,irregular,True,"id,rz,sx,x,ecr",spread,"0,5",7,2,lexicographic_native_2q_depth_duration,7,8,2.2857142857142856,3,1.8095238095238095,3.0,3.0,1,full_reduce_depth,qiskit.Operator.equiv_global_phase,1e-10,True,VERIFIED,45,33,12,96,40,87,9,9,6,6,-3,-3,0.75,2.6300340000000003e-06,2.6300340000000003e-06,0.02554364010747158,0.02554364010747158,0.02554364010747158,0.02381967699989218,,9006000.00000263,qiskit,9006000.00000263
v0.3.0,N2_x2_t0.24_r2_current,254af865584303bbe92bab297134d26be78281d3f38fd759c4bab9a4f2727801,ea9fd4755a15f06dce28cd5aa229180e11dd3f9164c2862f20878fd6099a34ea,N2_r2_current,2,2,2.0,0.24,2,current,85,77,61,24,7,1.4285714285714286,1,1.0,1,1,N2_x2_t0.24_r2_current__synthetic_line_6q_spread__seed7,N2_x2_t0.24_r2_current__synthetic_line_6q_spread__seed7,synthetic_line_6q_spread,line,True,"id,rz,sx,x,ecr",spread,"0,5",7,2,lexicographic_native_2q_depth_duration,6,5,1.6666666666666667,5,2.3333333333333335,5.0,5.0,1,qiskit,qiskit.Operator.equiv_global_phase,1e-10,True,VERIFIED,85,61,24,117,55,102,15,15,12,12,-9,-9,0.625,6.693744000000001e-06,6.693744000000001e-06,0.020818970775600274,0.020818970775600274,0.020818970775600274,0.00525721799999701,,15012000.000006694,qiskit,15012000.000006694
v0.3.0,N2_x2_t0.24_r2_current,254af865584303bbe92bab297134d26be78281d3f38fd759c4bab9a4f2727801,ea9fd4755a15f06dce28cd5aa229180e11dd3f9164c2862f20878fd6099a34ea,N2_r2_current,2,2,2.0,0.24,2,current,85,77,61,24,7,1.4285714285714286,1,1.0,1,1,N2_x2_t0.24_r2_current__synthetic_line_6q_spread__seed7,N2_x2_t0.24_r2_current__synthetic_line_6q_spread__seed7,synthetic_line_6q_spread,line,True,"id,rz,sx,x,ecr",spread,"0,5",7,2,lexicographic_native_2q_depth_duration,6,5,1.6666666666666667,5,2.3333333333333335,5.0,5.0,1,basic,qiskit.Operator.equiv_global_phase,1e-10,True,VERIFIED,56,36,20,117,55,102,15,15,12,12,-5,-5,0.75,6.693744000000001e-06,6.693744000000001e-06,0.020818970775600274,0.020818970775600274,0.020818970775600274,0.022072365999974863,,15012000.000006694,qiskit,15012000.000006694
v0.3.0,N2_x2_t0.24_r2_current,254af865584303bbe92bab297134d26be78281d3f38fd759c4bab9a4f2727801,ea9fd4755a15f06dce28cd5aa229180e11dd3f9164c2862f20878fd6099a34ea,N2_r2_current,2,2,2.0,0.24,2,current,85,77,61,24,7,1.4285714285714286,1,1.0,1,1,N2_x2_t0.24_r2_current__synthetic_line_6q_spread__seed7,N2_x2_t0.24_r2_current__synthetic_line_6q_spread__seed7,synthetic_line_6q_spread,line,True,"id,rz,sx,x,ecr",spread,"0,5",7,2,lexicographic_native_2q_depth_duration,6,5,1.6666666666666667,5,2.3333333333333335,5.0,5.0,1,basic_swaps,qiskit.Operator.equiv_global_phase,1e-10,True,VERIFIED,56,36,20,117,55,102,15,15,12,12,-5,-5,0.75,6.693744000000001e-06,6.693744000000001e-06,0.020818970775600274,0.020818970775600274,0.020818970775600274,0.02262492799991378,,15012000.000006694,qiskit,15012000.000006694
v0.3.0,N2_x2_t0.24_r2_current,254af865584303bbe92bab297134d26be78281d3f38fd759c4bab9a4f2727801,ea9fd4755a15f06dce28cd5aa229180e11dd3f9164c2862f20878fd6099a34ea,N2_r2_current,2,2,2.0,0.24,2,current,85,77,61,24,7,1.4285714285714286,1,1.0,1,1,N2_x2_t0.24_r2_current__synthetic_line_6q_spread__seed7,N2_x2_t0.24_r2_current__synthetic_line_6q_spread__seed7,synthetic_line_6q_spread,line,True,"id,rz,sx,x,ecr",spread,"0,5",7,2,lexicographic_native_2q_depth_duration,6,5,1.6666666666666667,5,2.3333333333333335,5.0,5.0,1,teleport,qiskit.Operator.equiv_global_phase,1e-10,True,VERIFIED,78,54,24,117,55,102,15,15,12,12,-9,-9,0.625,6.693744000000001e-06,6.693744000000001e-06,0.020818970775600274,0.020818970775600274,0.020818970775600274,0.03941703800001051,,15012000.000006694,qiskit,15012000.000006694
v0.3.0,N2_x2_t0.24_r2_current,254af865584303bbe92bab297134d26be78281d3f38fd759c4bab9a4f2727801,ea9fd4755a15f06dce28cd5aa229180e11dd3f9164c2862f20878fd6099a34ea,N2_r2_current,2,2,2.0,0.24,2,current,85,77,61,24,7,1.4285714285714286,1,1.0,1,1,N2_x2_t0.24_r2_current__synthetic_line_6q_spread__seed7,N2_x2_t0.24_r2_current__synthetic_line_6q_spread__seed7,synthetic_line_6q_spread,line,True,"id,rz,sx,x,ecr",spread,"0,5",7,2,lexicographic_native_2q_depth_duration,6,5,1.6666666666666667,5,2.3333333333333335,5.0,5.0,1,full_reduce,qiskit.Operator.equiv_global_phase,1e-10,True,VERIFIED,68,54,14,117,55,102,15,15,12,12,1,1,1.0714285714285714,6.693744000000001e-06,6.693744000000001e-06,0.020818970775600274,0.020818970775600274,0.020818970775600274,0.03682355799992365,,15012000.000006694,qiskit,15012000.000006694
v0.3.0,N2_x2_t0.24_r2_current,254af865584303bbe92bab297134d26be78281d3f38fd759c4bab9a4f2727801,ea9fd4755a15f06dce28cd5aa229180e11dd3f9164c2862f20878fd6099a34ea,N2_r2_current,2,2,2.0,0.24,2,current,85,77,61,24,7,1.4285714285714286,1,1.0,1,1,N2_x2_t0.24_r2_current__synthetic_line_6q_spread__seed7,N2_x2_t0.24_r2_current__synthetic_line_6q_spread__seed7,synthetic_line_6q_spread,line,True,"id,rz,sx,x,ecr",spread,"0,5",7,2,lexicographic_native_2q_depth_duration,6,5,1.6666666666666667,5,2.3333333333333335,5.0,5.0,1,full_reduce_depth,qiskit.Operator.equiv_global_phase,1e-10,True,VERIFIED,68,54,14,117,55,102,15,15,12,12,1,1,1.0714285714285714,6.693744000000001e-06,6.693744000000001e-06,0.020818970775600274,0.020818970775600274,0.020818970775600274,0.04239621400006399,,15012000.000006694,qiskit,15012000.000006694
v0.3.0,N2_x2_t0.24_r4_current,3e37d9f0a3c9ff058071ca6e0cb46b4ae397c5ad1e84b4ad0945cccea379fed1,9ecbc4c70bcf0e70de31553ecd92e6eaf26a4895d6ac4b94054793f40db38e6f,N2_r4_current,2,2,2.0,0.24,4,current,169,153,121,48,7,1.4285714285714286,1,1.0,1,1,N2_x2_t0.24_r4_current__synthetic_ring_6q_transpiler__seed7,N2_x2_t0.24_r4_current__synthetic_ring_6q_transpiler__seed7,synthetic_ring_6q_transpiler,ring,True,"id,rz,sx,x,ecr",transpiler,transpiler,7,2,lexicographic_native_2q_depth_duration,6,6,2.0,3,1.8,1.0,1.0,1,qiskit,qiskit.Operator.equiv_global_phase,1e-10,True,VERIFIED,169,121,48,40,23,37,3,3,3,3,-45,-45,0.0625,2.133198e-06,2.133198e-06,0.009596140114081952,0.009596140114081952,0.009596140114081952,0.004849981999996089,,3003000.000002133,qiskit,3003000.000002133
v0.3.0,N2_x2_t0.24_r4_current,3e37d9f0a3c9ff058071ca6e0cb46b4ae397c5ad1e84b4ad0945cccea379fed1,9ecbc4c70bcf0e70de31553ecd92e6eaf26a4895d6ac4b94054793f40db38e6f,N2_r4_current,2,2,2.0,0.24,4,current,169,153,121,48,7,1.4285714285714286,1,1.0,1,1,N2_x2_t0.24_r4_current__synthetic_ring_6q_transpiler__seed7,N2_x2_t0.24_r4_current__synthetic_ring_6q_transpiler__seed7,synthetic_ring_6q_transpiler,ring,True,"id,rz,sx,x,ecr",transpiler,transpiler,7,2,lexicographic_native_2q_depth_duration,6,6,2.0,3,1.8,1.0,1.0,1,basic,qiskit.Operator.equiv_global_phase,1e-10,True,VERIFIED,110,70,40,40,23,37,3,3,3,3,-37,-37,0.075,2.133198e-06,2.133198e-06,0.009596140114081952,0.009596140114081952,0.009596140114081952,0.03740929299988238,,3003000.000002133,qiskit,3003000.000002133
v0.3.0,N2_x2_t0.24_r4_current,3e37d9f0a3c9ff058071ca6e0cb46b4ae397c5ad1e84b4ad0945cccea379fed1,9ecbc4c70bcf0e70de31553ecd92e6eaf26a4895d6ac4b94054793f40db38e6f,N2_r4_current,2,2,2.0,0.24,4,current,169,153,121,48,7,1.4285714285714286,1,1.0,1,1,N2_x2_t0.24_r4_current__synthetic_ring_6q_transpiler__seed7,N2_x2_t0.24_r4_current__synthetic_ring_6q_transpiler__seed7,synthetic_ring_6q_transpiler,ring,True,"id,rz,sx,x,ecr",transpiler,transpiler,7,2,lexicographic_native_2q_depth_duration,6,6,2.0,3,1.8,1.0,1.0,1,basic_swaps,qiskit.Operator.equiv_global_phase,1e-10,True,VERIFIED,110,70,40,40,23,37,3,3,3,3,-37,-37,0.075,2.133198e-06,2.133198e-06,0.009596140114081952,0.009596140114081952,0.009596140114081952,0.038726190000033966,,3003000.000002133,qiskit,3003000.000002133
v0.3.0,N2_x2_t0.24_r4_current,3e37d9f0a3c9ff058071ca6e0cb46b4ae397c5ad1e84b4ad0945cccea379fed1,9ecbc4c70bcf0e70de31553ecd92e6eaf26a4895d6ac4b94054793f40db38e6f,N2_r4_current,2,2,2.0,0.24,4,current,169,153,121,48,7,1.4285714285714286,1,1.0,1,1,N2_x2_t0.24_r4_current__synthetic_ring_6q_transpiler__seed7,N2_x2_t0.24_r4_current__synthetic_ring_6q_transpiler__seed7,synthetic_ring_6q_transpiler,ring,True,"id,rz,sx,x,ecr",transpiler,transpiler,7,2,lexicographic_native_2q_depth_duration,6,6,2.0,3,1.8,1.0,1.0,1,teleport,qiskit.Operator.equiv_global_phase,1e-10,True,VERIFIED,152,104,48,40,23,37,3,3,3,3,-45,-45,0.0625,2.133198e-06,2.133198e-06,0.009596140114081952,0.009596140114081952,0.009596140114081952,0.07485184099982689,,3003000.000002133,qiskit,3003000.000002133
v0.3.0,N2_x2_t0.24_r4_current,3e37d9f0a3c9ff058071ca6e0cb46b4ae397c5ad1e84b4ad0945cccea379fed1,9ecbc4c70bcf0e70de31553ecd92e6eaf26a4895d6ac4b94054793f40db38e6f,N2_r4_current,2,2,2.0,0.24,4,current,169,153,121,48,7,1.4285714285714286,1,1.0,1,1,N2_x2_t0.24_r4_current__synthetic_ring_6q_transpiler__seed7,N2_x2_t0.24_r4_current__synthetic_ring_6q_transpiler__seed7,synthetic_ring_6q_transpiler,ring,True,"id,rz,sx,x,ecr",transpiler,transpiler,7,2,lexicographic_native_2q_depth_duration,6,6,2.0,3,1.8,1.0,1.0,1,full_reduce,qiskit.Operator.equiv_global_phase,1e-10,True,VERIFIED,124,96,28,40,23,37,3,3,3,3,-25,-25,0.10714285714285714,2.133198e-06,2.133198e-06,0.009596140114081952,0.009596140114081952,0.009596140114081952,0.07059060899996439,,3003000.000002133,qiskit,3003000.000002133
v0.3.0,N2_x2_t0.24_r4_current,3e37d9f0a3c9ff058071ca6e0cb46b4ae397c5ad1e84b4ad0945cccea379fed1,9ecbc4c70bcf0e70de31553ecd92e6eaf26a4895d6ac4b94054793f40db38e6f,N2_r4_current,2,2,2.0,0.24,4,current,169,153,121,48,7,1.4285714285714286,1,1.0,1,1,N2_x2_t0.24_r4_current__synthetic_ring_6q_transpiler__seed7,N2_x2_t0.24_r4_current__synthetic_ring_6q_transpiler__seed7,synthetic_ring_6q_transpiler,ring,True,"id,rz,sx,x,ecr",transpiler,transpiler,7,2,lexicographic_native_2q_depth_duration,6,6,2.0,3,1.8,1.0,1.0,1,full_reduce_depth,qiskit.Operator.equiv_global_phase,1e-10,True,VERIFIED,124,96,28,40,23,37,3,3,3,3,-25,-25,0.10714285714285714,2.133198e-06,2.133198e-06,0.009596140114081952,0.009596140114081952,0.009596140114081952,0.07995498700006465,,3003000.000002133,qiskit,3003000.000002133
v0.3.0,N2_x2_t0.24_r8_current,0e6a972bb61ee92dca3739b765772c8176c860f155d415aa2a34710b1c8c94bb,5292a2a2bb1015f0074752bd9aaa660e2117a2f209faf3a68314679e6f2d4205,N2_r8_current,2,2,2.0,0.24,8,current,337,305,241,96,7,1.4285714285714286,1,1.0,1,1,N2_x2_t0.24_r8_current__synthetic_grid_6q_transpiler__seed7,N2_x2_t0.24_r8_current__synthetic_grid_6q_transpiler__seed7,synthetic_grid_6q_transpiler,grid,True,"id,rz,sx,x,ecr",transpiler,transpiler,7,2,lexicographic_native_2q_depth_duration,6,7,2.3333333333333335,3,1.6666666666666667,1.0,1.0,1,qiskit,qiskit.Operator.equiv_global_phase,1e-10,True,VERIFIED,337,241,96,40,23,37,3,3,3,3,-93,-93,0.03125,1.39305e-06,1.39305e-06,0.002279355635276365,0.002279355635276365,0.002279355635276365,0.005021552000016527,,3003000.0000013933,qiskit,3003000.0000013933
v0.3.0,N2_x2_t0.24_r8_current,0e6a972bb61ee92dca3739b765772c8176c860f155d415aa2a34710b1c8c94bb,5292a2a2bb1015f0074752bd9aaa660e2117a2f209faf3a68314679e6f2d4205,N2_r8_current,2,2,2.0,0.24,8,current,337,305,241,96,7,1.4285714285714286,1,1.0,1,1,N2_x2_t0.24_r8_current__synthetic_grid_6q_transpiler__seed7,N2_x2_t0.24_r8_current__synthetic_grid_6q_transpiler__seed7,synthetic_grid_6q_transpiler,grid,True,"id,rz,sx,x,ecr",transpiler,transpiler,7,2,lexicographic_native_2q_depth_duration,6,7,2.3333333333333335,3,1.6666666666666667,1.0,1.0,1,basic,qiskit.Operator.equiv_global_phase,1e-10,True,VERIFIED,218,138,80,40,23,37,3,3,3,3,-77,-77,0.0375,1.39305e-06,1.39305e-06,0.002279355635276365,0.002279355635276365,0.002279355635276365,0.07200501499983147,,3003000.0000013933,qiskit,3003000.0000013933
v0.3.0,N2_x2_t0.24_r8_current,0e6a972bb61ee92dca3739b765772c8176c860f155d415aa2a34710b1c8c94bb,5292a2a2bb1015f0074752bd9aaa660e2117a2f209faf3a68314679e6f2d4205,N2_r8_current,2,2,2.0,0.24,8,current,337,305,241,96,7,1.4285714285714286,1,1.0,1,1,N2_x2_t0.24_r8_current__synthetic_grid_6q_transpiler__seed7,N2_x2_t0.24_r8_current__synthetic_grid_6q_transpiler__seed7,synthetic_grid_6q_transpiler,grid,True,"id,rz,sx,x,ecr",transpiler,transpiler,7,2,lexicographic_native_2q_depth_duration,6,7,2.3333333333333335,3,1.6666666666666667,1.0,1.0,1,basic_swaps,qiskit.Operator.equiv_global_phase,1e-10,True,VERIFIED,218,138,80,40,23,37,3,3,3,3,-77,-77,0.0375,1.39305e-06,1.39305e-06,0.002279355635276365,0.002279355635276365,0.002279355635276365,0.07134764299985363,,3003000.0000013933,qiskit,3003000.0000013933
v0.3.0,N2_x2_t0.24_r8_current,0e6a972bb61ee92dca3739b765772c8176c860f155d415aa2a34710b1c8c94bb,5292a2a2bb1015f0074752bd9aaa660e2117a2f209faf3a68314679e6f2d4205,N2_r8_current,2,2,2.0,0.24,8,current,337,305,241,96,7,1.4285714285714286,1,1.0,1,1,N2_x2_t0.24_r8_current__synthetic_grid_6q_transpiler__seed7,N2_x2_t0.24_r8_current__synthetic_grid_6q_transpiler__seed7,synthetic_grid_6q_transpiler,grid,True,"id,rz,sx,x,ecr",transpiler,transpiler,7,2,lexicographic_native_2q_depth_duration,6,7,2.3333333333333335,3,1.6666666666666667,1.0,1.0,1,teleport,qiskit.Operator.equiv_global_phase,1e-10,True,VERIFIED,300,204,96,40,23,37,3,3,3,3,-93,-93,0.03125,1.39305e-06,1.39305e-06,0.002279355635276365,0.002279355635276365,0.002279355635276365,0.15294751900000847,,3003000.0000013933,qiskit,3003000.0000013933
v0.3.0,N2_x2_t0.24_r8_current,0e6a972bb61ee92dca3739b765772c8176c860f155d415aa2a34710b1c8c94bb,5292a2a2bb1015f0074752bd9aaa660e2117a2f209faf3a68314679e6f2d4205,N2_r8_current,2,2,2.0,0.24,8,current,337,305,241,96,7,1.4285714285714286,1,1.0,1,1,N2_x2_t0.24_r8_current__synthetic_grid_6q_transpiler__seed7,N2_x2_t0.24_r8_current__synthetic_grid_6q_transpiler__seed7,synthetic_grid_6q_transpiler,grid,True,"id,rz,sx,x,ecr",transpiler,transpiler,7,2,lexicographic_native_2q_depth_duration,6,7,2.3333333333333335,3,1.6666666666666667,1.0,1.0,1,full_reduce,qiskit.Operator.equiv_global_phase,1e-10,True,VERIFIED,228,180,48,40,23,37,3,3,3,3,-45,-45,0.0625,1.39305e-06,1.39305e-06,0.002279355635276365,0.002279355635276365,0.002279355635276365,0.1407905729997765,,3003000.0000013933,qiskit,3003000.0000013933
v0.3.0,N2_x2_t0.24_r8_current,0e6a972bb61ee92dca3739b765772c8176c860f155d415aa2a34710b1c8c94bb,5292a2a2bb1015f0074752bd9aaa660e2117a2f209faf3a68314679e6f2d4205,N2_r8_current,2,2,2.0,0.24,8,current,337,305,241,96,7,1.4285714285714286,1,1.0,1,1,N2_x2_t0.24_r8_current__synthetic_grid_6q_transpiler__seed7,N2_x2_t0.24_r8_current__synthetic_grid_6q_transpiler__seed7,synthetic_grid_6q_transpiler,grid,True,"id,rz,sx,x,ecr",transpiler,transpiler,7,2,lexicographic_native_2q_depth_duration,6,7,2.3333333333333335,3,1.6666666666666667,1.0,1.0,1,full_reduce_depth,qiskit.Operator.equiv_global_phase,1e-10,True,VERIFIED,228,180,48,40,23,37,3,3,3,3,-45,-45,0.0625,1.39305e-06,1.39305e-06,0.002279355635276365,0.002279355635276365,0.002279355635276365,0.16836760699993647,,3003000.0000013933,qiskit,3003000.0000013933
v0.3.0,N2_x1_t0.16_r2_reversed,06389d43f87365ba3f7ee353f897304c7a26c584745a3d7224987afd2e7a63c4,6a8f2381109966d6c07f9bfa84cc7fc27a66a98aabd4280928f074e18c61a924,N2_r2_reversed,2,2,1.0,0.16,2,reversed,85,77,61,24,7,1.4285714285714286,1,1.0,1,1,N2_x1_t0.16_r2_reversed__synthetic_heavy_hex_like_7q_transpiler__seed7,N2_x1_t0.16_r2_reversed__synthetic_heavy_hex_like_7q_transpiler__seed7,synthetic_heavy_hex_like_7q_transpiler,heavy_hex_like,True,"id,rz,sx,x,ecr",transpiler,transpiler,7,2,lexicographic_native_2q_depth_duration,7,7,2.0,5,2.2857142857142856,1.0,1.0,1,qiskit,qiskit.Operator.equiv_global_phase,1e-10,True,VERIFIED,85,61,24,40,23,37,3,3,3,3,-21,-21,0.125,1.2802740000000002e-06,1.2802740000000002e-06,0.006061519069299658,0.006061519069299658,0.006061519069299658,0.004339028000003964,,3003000.00000128,qiskit,3003000.00000128
v0.3.0,N2_x1_t0.16_r2_reversed,06389d43f87365ba3f7ee353f897304c7a26c584745a3d7224987afd2e7a63c4,6a8f2381109966d6c07f9bfa84cc7fc27a66a98aabd4280928f074e18c61a924,N2_r2_reversed,2,2,1.0,0.16,2,reversed,85,77,61,24,7,1.4285714285714286,1,1.0,1,1,N2_x1_t0.16_r2_reversed__synthetic_heavy_hex_like_7q_transpiler__seed7,N2_x1_t0.16_r2_reversed__synthetic_heavy_hex_like_7q_transpiler__seed7,synthetic_heavy_hex_like_7q_transpiler,heavy_hex_like,True,"id,rz,sx,x,ecr",transpiler,transpiler,7,2,lexicographic_native_2q_depth_duration,7,7,2.0,5,2.2857142857142856,1.0,1.0,1,basic,qiskit.Operator.equiv_global_phase,1e-10,True,VERIFIED,59,37,22,40,23,37,3,3,3,3,-19,-19,0.13636363636363635,1.2802740000000002e-06,1.2802740000000002e-06,0.006061519069299658,0.006061519069299658,0.006061519069299658,0.022210546999986036,,3003000.00000128,qiskit,3003000.00000128
v0.3.0,N2_x1_t0.16_r2_reversed,06389d43f87365ba3f7ee353f897304c7a26c584745a3d7224987afd2e7a63c4,6a8f2381109966d6c07f9bfa84cc7fc27a66a98aabd4280928f074e18c61a924,N2_r2_reversed,2,2,1.0,0.16,2,reversed,85,77,61,24,7,1.4285714285714286,1,1.0,1,1,N2_x1_t0.16_r2_reversed__synthetic_heavy_hex_like_7q_transpiler__seed7,N2_x1_t0.16_r2_reversed__synthetic_heavy_hex_like_7q_transpiler__seed7,synthetic_heavy_hex_like_7q_transpiler,heavy_hex_like,True,"id,rz,sx,x,ecr",transpiler,transpiler,7,2,lexicographic_native_2q_depth_duration,7,7,2.0,5,2.2857142857142856,1.0,1.0,1,basic_swaps,qiskit.Operator.equiv_global_phase,1e-10,True,VERIFIED,59,37,22,40,23,37,3,3,3,3,-19,-19,0.13636363636363635,1.2802740000000002e-06,1.2802740000000002e-06,0.006061519069299658,0.006061519069299658,0.006061519069299658,0.02512717799982056,,3003000.00000128,qiskit,3003000.00000128
v0.3.0,N2_x1_t0.16_r2_reversed,06389d43f87365ba3f7ee353f897304c7a26c584745a3d7224987afd2e7a63c4,6a8f2381109966d6c07f9bfa84cc7fc27a66a98aabd4280928f074e18c61a924,N2_r2_reversed,2,2,1.0,0.16,2,reversed,85,77,61,24,7,1.4285714285714286,1,1.0,1,1,N2_x1_t0.16_r2_reversed__synthetic_heavy_hex_like_7q_transpiler__seed7,N2_x1_t0.16_r2_reversed__synthetic_heavy_hex_like_7q_transpiler__seed7,synthetic_heavy_hex_like_7q_transpiler,heavy_hex_like,True,"id,rz,sx,x,ecr",transpiler,transpiler,7,2,lexicographic_native_2q_depth_duration,7,7,2.0,5,2.2857142857142856,1.0,1.0,1,teleport,qiskit.Operator.equiv_global_phase,1e-10,True,VERIFIED,77,53,24,40,23,37,3,3,3,3,-21,-21,0.125,1.2802740000000002e-06,1.2802740000000002e-06,0.006061519069299658,0.006061519069299658,0.006061519069299658,0.03706781999994746,,3003000.00000128,qiskit,3003000.00000128
v0.3.0,N2_x1_t0.16_r2_reversed,06389d43f87365ba3f7ee353f897304c7a26c584745a3d7224987afd2e7a63c4,6a8f2381109966d6c07f9bfa84cc7fc27a66a98aabd4280928f074e18c61a924,N2_r2_reversed,2,2,1.0,0.16,2,reversed,85,77,61,24,7,1.4285714285714286,1,1.0,1,1,N2_x1_t0.16_r2_reversed__synthetic_heavy_hex_like_7q_transpiler__seed7,N2_x1_t0.16_r2_reversed__synthetic_heavy_hex_like_7q_transpiler__seed7,synthetic_heavy_hex_like_7q_transpiler,heavy_hex_like,True,"id,rz,sx,x,ecr",transpiler,transpiler,7,2,lexicographic_native_2q_depth_duration,7,7,2.0,5,2.2857142857142856,1.0,1.0,1,full_reduce,qiskit.Operator.equiv_global_phase,1e-10,True,VERIFIED,62,50,12,40,23,37,3,3,3,3,-9,-9,0.25,1.2802740000000002e-06,1.2802740000000002e-06,0.006061519069299658,0.006061519069299658,0.006061519069299658,0.03501918500001011,,3003000.00000128,qiskit,3003000.00000128
v0.3.0,N2_x1_t0.16_r2_reversed,06389d43f87365ba3f7ee353f897304c7a26c584745a3d7224987afd2e7a63c4,6a8f2381109966d6c07f9bfa84cc7fc27a66a98aabd4280928f074e18c61a924,N2_r2_reversed,2,2,1.0,0.16,2,reversed,85,77,61,24,7,1.4285714285714286,1,1.0,1,1,N2_x1_t0.16_r2_reversed__synthetic_heavy_hex_like_7q_transpiler__seed7,N2_x1_t0.16_r2_reversed__synthetic_heavy_hex_like_7q_transpiler__seed7,synthetic_heavy_hex_like_7q_transpiler,heavy_hex_like,True,"id,rz,sx,x,ecr",transpiler,transpiler,7,2,lexicographic_native_2q_depth_duration,7,7,2.0,5,2.2857142857142856,1.0,1.0,1,full_reduce_depth,qiskit.Operator.equiv_global_phase,1e-10,True,VERIFIED,62,50,12,40,23,37,3,3,3,3,-9,-9,0.25,1.2802740000000002e-06,1.2802740000000002e-06,0.006061519069299658,0.006061519069299658,0.006061519069299658,0.04079099099999439,,3003000.00000128,qiskit,3003000.00000128
v0.3.0,N2_x4_t0.32_r2_symmetry,b78471db9ebf553bcd56c0fe834d7ff4c07d7489448273f9337e3273adccc705,d7e156d9abf60a9a236245a817a665649a60487f1f7949726086ebb0a11eda90,N2_r2_symmetry,2,2,4.0,0.32,2,symmetry,85,65,61,24,7,1.4285714285714286,1,1.0,1,1,N2_x4_t0.32_r2_symmetry__synthetic_irregular_7q_favorable__seed7,N2_x4_t0.32_r2_symmetry__synthetic_irregular_7q_favorable__seed7,synthetic_irregular_7q_favorable,irregular,True,"id,rz,sx,x,ecr",favorable,"0,1",7,2,lexicographic_native_2q_depth_duration,7,8,2.2857142857142856,3,1.8095238095238095,1.0,1.0,1,qiskit,qiskit.Operator.equiv_global_phase,1e-10,True,VERIFIED,85,61,24,40,23,37,3,3,3,3,-21,-21,0.125,7.652340000000001e-07,7.652340000000001e-07,0.014553630267590944,0.014553630267590944,0.014553630267590944,0.003994628999862471,,3003000.000000765,qiskit,3003000.000000765
v0.3.0,N2_x4_t0.32_r2_symmetry,b78471db9ebf553bcd56c0fe834d7ff4c07d7489448273f9337e3273adccc705,d7e156d9abf60a9a236245a817a665649a60487f1f7949726086ebb0a11eda90,N2_r2_symmetry,2,2,4.0,0.32,2,symmetry,85,65,61,24,7,1.4285714285714286,1,1.0,1,1,N2_x4_t0.32_r2_symmetry__synthetic_irregular_7q_favorable__seed7,N2_x4_t0.32_r2_symmetry__synthetic_irregular_7q_favorable__seed7,synthetic_irregular_7q_favorable,irregular,True,"id,rz,sx,x,ecr",favorable,"0,1",7,2,lexicographic_native_2q_depth_duration,7,8,2.2857142857142856,3,1.8095238095238095,1.0,1.0,1,basic,qiskit.Operator.equiv_global_phase,1e-10,True,VERIFIED,72,52,20,40,23,37,3,3,3,3,-17,-17,0.15,7.652340000000001e-07,7.652340000000001e-07,0.014553630267590944,0.014553630267590944,0.014553630267590944,0.022383374999890293,,3003000.000000765,qiskit,3003000.000000765
v0.3.0,N2_x4_t0.32_r2_symmetry,b78471db9ebf553bcd56c0fe834d7ff4c07d7489448273f9337e3273adccc705,d7e156d9abf60a9a236245a817a665649a60487f1f7949726086ebb0a11eda90,N2_r2_symmetry,2,2,4.0,0.32,2,symmetry,85,65,61,24,7,1.4285714285714286,1,1.0,1,1,N2_x4_t0.32_r2_symmetry__synthetic_irregular_7q_favorable__seed7,N2_x4_t0.32_r2_symmetry__synthetic_irregular_7q_favorable__seed7,synthetic_irregular_7q_favorable,irregular,True,"id,rz,sx,x,ecr",favorable,"0,1",7,2,lexicographic_native_2q_depth_duration,7,8,2.2857142857142856,3,1.8095238095238095,1.0,1.0,1,basic_swaps,qiskit.Operator.equiv_global_phase,1e-10,True,VERIFIED,68,52,16,40,23,37,3,3,3,3,-13,-13,0.1875,7.652340000000001e-07,7.652340000000001e-07,0.014553630267590944,0.014553630267590944,0.014553630267590944,0.0222225200000139,,3003000.000000765,qiskit,3003000.000000765
v0.3.0,N2_x4_t0.32_r2_symmetry,b78471db9ebf553bcd56c0fe834d7ff4c07d7489448273f9337e3273adccc705,d7e156d9abf60a9a236245a817a665649a60487f1f7949726086ebb0a11eda90,N2_r2_symmetry,2,2,4.0,0.32,2,symmetry,85,65,61,24,7,1.4285714285714286,1,1.0,1,1,N2_x4_t0.32_r2_symmetry__synthetic_irregular_7q_favorable__seed7,N2_x4_t0.32_r2_symmetry__synthetic_irregular_7q_favorable__seed7,synthetic_irregular_7q_favorable,irregular,True,"id,rz,sx,x,ecr",favorable,"0,1",7,2,lexicographic_native_2q_depth_duration,7,8,2.2857142857142856,3,1.8095238095238095,1.0,1.0,1,teleport,qiskit.Operator.equiv_global_phase,1e-10,True,VERIFIED,81,57,24,40,23,37,3,3,3,3,-21,-21,0.125,7.652340000000001e-07,7.652340000000001e-07,0.014553630267590944,0.014553630267590944,0.014553630267590944,0.03206659399984346,,3003000.000000765,qiskit,3003000.000000765
v0.3.0,N2_x4_t0.32_r2_symmetry,b78471db9ebf553bcd56c0fe834d7ff4c07d7489448273f9337e3273adccc705,d7e156d9abf60a9a236245a817a665649a60487f1f7949726086ebb0a11eda90,N2_r2_symmetry,2,2,4.0,0.32,2,symmetry,85,65,61,24,7,1.4285714285714286,1,1.0,1,1,N2_x4_t0.32_r2_symmetry__synthetic_irregular_7q_favorable__seed7,N2_x4_t0.32_r2_symmetry__synthetic_irregular_7q_favorable__seed7,synthetic_irregular_7q_favorable,irregular,True,"id,rz,sx,x,ecr",favorable,"0,1",7,2,lexicographic_native_2q_depth_duration,7,8,2.2857142857142856,3,1.8095238095238095,1.0,1.0,1,full_reduce,qiskit.Operator.equiv_global_phase,1e-10,True,VERIFIED,62,52,10,40,23,37,3,3,3,3,-7,-7,0.3,7.652340000000001e-07,7.652340000000001e-07,0.014553630267590944,0.014553630267590944,0.014553630267590944,0.028275999000015872,,3003000.000000765,qiskit,3003000.000000765
v0.3.0,N2_x4_t0.32_r2_symmetry,b78471db9ebf553bcd56c0fe834d7ff4c07d7489448273f9337e3273adccc705,d7e156d9abf60a9a236245a817a665649a60487f1f7949726086ebb0a11eda90,N2_r2_symmetry,2,2,4.0,0.32,2,symmetry,85,65,61,24,7,1.4285714285714286,1,1.0,1,1,N2_x4_t0.32_r2_symmetry__synthetic_irregular_7q_favorable__seed7,N2_x4_t0.32_r2_symmetry__synthetic_irregular_7q_favorable__seed7,synthetic_irregular_7q_favorable,irregular,True,"id,rz,sx,x,ecr",favorable,"0,1",7,2,lexicographic_native_2q_depth_duration,7,8,2.2857142857142856,3,1.8095238095238095,1.0,1.0,1,full_reduce_depth,qiskit.Operator.equiv_global_phase,1e-10,True,VERIFIED,62,52,10,40,23,37,3,3,3,3,-7,-7,0.3,7.652340000000001e-07,7.652340000000001e-07,0.014553630267590944,0.014553630267590944,0.014553630267590944,0.03177969100011069,,3003000.000000765,qiskit,3003000.000000765
v0.3.0,N2_x0.5_t0.08_r2_current,b014363a78ee7dfe0c824b9bc5c2fdca5a10eff0ae21be4b4750352e2d90350a,ea9fd4755a15f06dce28cd5aa229180e11dd3f9164c2862f20878fd6099a34ea,N2_r2_current,2,2,0.5,0.08,2,current,85,77,61,24,7,1.4285714285714286,1,1.0,1,1,N2_x0.5_t0.08_r2_current__synthetic_line_6q_favorable__seed7,N2_x0.5_t0.08_r2_current__synthetic_line_6q_favorable__seed7,synthetic_line_6q_favorable,line,True,"id,rz,sx,x,ecr",favorable,"0,1",7,2,lexicographic_native_2q_depth_duration,6,5,1.6666666666666667,5,2.3333333333333335,1.0,1.0,1,qiskit,qiskit.Operator.equiv_global_phase,1e-10,True,VERIFIED,85,61,24,38,23,35,3,3,3,3,-21,-21,0.125,1.36419e-06,1.36419e-06,0.002279355635276365,0.002279355635276365,0.002279355635276365,0.004195277000007991,,3003000.0000013644,qiskit,3003000.0000013644
v0.3.0,N2_x0.5_t0.08_r2_current,b014363a78ee7dfe0c824b9bc5c2fdca5a10eff0ae21be4b4750352e2d90350a,ea9fd4755a15f06dce28cd5aa229180e11dd3f9164c2862f20878fd6099a34ea,N2_r2_current,2,2,0.5,0.08,2,current,85,77,61,24,7,1.4285714285714286,1,1.0,1,1,N2_x0.5_t0.08_r2_current__synthetic_line_6q_favorable__seed7,N2_x0.5_t0.08_r2_current__synthetic_line_6q_favorable__seed7,synthetic_line_6q_favorable,line,True,"id,rz,sx,x,ecr",favorable,"0,1",7,2,lexicographic_native_2q_depth_duration,6,5,1.6666666666666667,5,2.3333333333333335,1.0,1.0,1,basic,qiskit.Operator.equiv_global_phase,1e-10,True,VERIFIED,56,36,20,38,23,35,3,3,3,3,-17,-17,0.15,1.36419e-06,1.36419e-06,0.002279355635276365,0.002279355635276365,0.002279355635276365,0.02283410100017136,,3003000.0000013644,qiskit,3003000.0000013644
v0.3.0,N2_x0.5_t0.08_r2_current,b014363a78ee7dfe0c824b9bc5c2fdca5a10eff0ae21be4b4750352e2d90350a,ea9fd4755a15f06dce28cd5aa229180e11dd3f9164c2862f20878fd6099a34ea,N2_r2_current,2,2,0.5,0.08,2,current,85,77,61,24,7,1.4285714285714286,1,1.0,1,1,N2_x0.5_t0.08_r2_current__synthetic_line_6q_favorable__seed7,N2_x0.5_t0.08_r2_current__synthetic_line_6q_favorable__seed7,synthetic_line_6q_favorable,line,True,"id,rz,sx,x,ecr",favorable,"0,1",7,2,lexicographic_native_2q_depth_duration,6,5,1.6666666666666667,5,2.3333333333333335,1.0,1.0,1,basic_swaps,qiskit.Operator.equiv_global_phase,1e-10,True,VERIFIED,56,36,20,38,23,35,3,3,3,3,-17,-17,0.15,1.36419e-06,1.36419e-06,0.002279355635276365,0.002279355635276365,0.002279355635276365,0.023911808000093515,,3003000.0000013644,qiskit,3003000.0000013644
v0.3.0,N2_x0.5_t0.08_r2_current,b014363a78ee7dfe0c824b9bc5c2fdca5a10eff0ae21be4b4750352e2d90350a,ea9fd4755a15f06dce28cd5aa229180e11dd3f9164c2862f20878fd6099a34ea,N2_r2_current,2,2,0.5,0.08,2,current,85,77,61,24,7,1.4285714285714286,1,1.0,1,1,N2_x0.5_t0.08_r2_current__synthetic_line_6q_favorable__seed7,N2_x0.5_t0.08_r2_current__synthetic_line_6q_favorable__seed7,synthetic_line_6q_favorable,line,True,"id,rz,sx,x,ecr",favorable,"0,1",7,2,lexicographic_native_2q_depth_duration,6,5,1.6666666666666667,5,2.3333333333333335,1.0,1.0,1,teleport,qiskit.Operator.equiv_global_phase,1e-10,True,VERIFIED,78,54,24,38,23,35,3,3,3,3,-21,-21,0.125,1.36419e-06,1.36419e-06,0.002279355635276365,0.002279355635276365,0.002279355635276365,0.03874598400011564,,3003000.0000013644,qiskit,3003000.0000013644
v0.3.0,N2_x0.5_t0.08_r2_current,b014363a78ee7dfe0c824b9bc5c2fdca5a10eff0ae21be4b4750352e2d90350a,ea9fd4755a15f06dce28cd5aa229180e11dd3f9164c2862f20878fd6099a34ea,N2_r2_current,2,2,0.5,0.08,2,current,85,77,61,24,7,1.4285714285714286,1,1.0,1,1,N2_x0.5_t0.08_r2_current__synthetic_line_6q_favorable__seed7,N2_x0.5_t0.08_r2_current__synthetic_line_6q_favorable__seed7,synthetic_line_6q_favorable,line,True,"id,rz,sx,x,ecr",favorable,"0,1",7,2,lexicographic_native_2q_depth_duration,6,5,1.6666666666666667,5,2.3333333333333335,1.0,1.0,1,full_reduce,qiskit.Operator.equiv_global_phase,1e-10,True,VERIFIED,68,54,14,38,23,35,3,3,3,3,-11,-11,0.21428571428571427,1.36419e-06,1.36419e-06,0.002279355635276365,0.002279355635276365,0.002279355635276365,0.03761182199991708,,3003000.0000013644,qiskit,3003000.0000013644
v0.3.0,N2_x0.5_t0.08_r2_current,b014363a78ee7dfe0c824b9bc5c2fdca5a10eff0ae21be4b4750352e2d90350a,ea9fd4755a15f06dce28cd5aa229180e11dd3f9164c2862f20878fd6099a34ea,N2_r2_current,2,2,0.5,0.08,2,current,85,77,61,24,7,1.4285714285714286,1,1.0,1,1,N2_x0.5_t0.08_r2_current__synthetic_line_6q_favorable__seed7,N2_x0.5_t0.08_r2_current__synthetic_line_6q_favorable__seed7,synthetic_line_6q_favorable,line,True,"id,rz,sx,x,ecr",favorable,"0,1",7,2,lexicographic_native_2q_depth_duration,6,5,1.6666666666666667,5,2.3333333333333335,1.0,1.0,1,full_reduce_depth,qiskit.Operator.equiv_global_phase,1e-10,True,VERIFIED,68,54,14,38,23,35,3,3,3,3,-11,-11,0.21428571428571427,1.36419e-06,1.36419e-06,0.002279355635276365,0.002279355635276365,0.002279355635276365,0.04075790699994286,,3003000.0000013644,qiskit,3003000.0000013644
v0.3.0,N2_x0.5_t0.08_r2_current,b014363a78ee7dfe0c824b9bc5c2fdca5a10eff0ae21be4b4750352e2d90350a,ea9fd4755a15f06dce28cd5aa229180e11dd3f9164c2862f20878fd6099a34ea,N2_r2_current,2,2,0.5,0.08,2,current,85,77,61,24,7,1.4285714285714286,1,1.0,1,1,N2_x0.5_t0.08_r2_current__synthetic_line_6q_spread__seed7,N2_x0.5_t0.08_r2_current__synthetic_line_6q_spread__seed7,synthetic_line_6q_spread,line,True,"id,rz,sx,x,ecr",spread,"0,5",7,2,lexicographic_native_2q_depth_duration,6,5,1.6666666666666667,5,2.3333333333333335,5.0,5.0,1,qiskit,qiskit.Operator.equiv_global_phase,1e-10,True,VERIFIED,85,61,24,115,55,100,15,15,12,12,-9,-9,0.625,6.693744000000001e-06,6.693744000000001e-06,0.020818970775600274,0.020818970775600274,0.020818970775600274,0.004990357999986372,,15012000.000006694,qiskit,15012000.000006694
v0.3.0,N2_x0.5_t0.08_r2_current,b014363a78ee7dfe0c824b9bc5c2fdca5a10eff0ae21be4b4750352e2d90350a,ea9fd4755a15f06dce28cd5aa229180e11dd3f9164c2862f20878fd6099a34ea,N2_r2_current,2,2,0.5,0.08,2,current,85,77,61,24,7,1.4285714285714286,1,1.0,1,1,N2_x0.5_t0.08_r2_current__synthetic_line_6q_spread__seed7,N2_x0.5_t0.08_r2_current__synthetic_line_6q_spread__seed7,synthetic_line_6q_spread,line,True,"id,rz,sx,x,ecr",spread,"0,5",7,2,lexicographic_native_2q_depth_duration,6,5,1.6666666666666667,5,2.3333333333333335,5.0,5.0,1,basic,qiskit.Operator.equiv_global_phase,1e-10,True,VERIFIED,56,36,20,115,55,100,15,15,12,12,-5,-5,0.75,6.693744000000001e-06,6.693744000000001e-06,0.020818970775600274,0.020818970775600274,0.020818970775600274,0.022115417999884812,,15012000.000006694,qiskit,15012000.000006694
v0.3.0,N2_x0.5_t0.08_r2_current,b014363a78ee7dfe0c824b9bc5c2fdca5a10eff0ae21be4b4750352e2d90350a,ea9fd4755a15f06dce28cd5aa229180e11dd3f9164c2862f20878fd6099a34ea,N2_r2_current,2,2,0.5,0.08,2,current,85,77,61,24,7,1.4285714285714286,1,1.0,1,1,N2_x0.5_t0.08_r2_current__synthetic_line_6q_spread__seed7,N2_x0.5_t0.08_r2_current__synthetic_line_6q_spread__seed7,synthetic_line_6q_spread,line,True,"id,rz,sx,x,ecr",spread,"0,5",7,2,lexicographic_native_2q_depth_duration,6,5,1.6666666666666667,5,2.3333333333333335,5.0,5.0,1,basic_swaps,qiskit.Operator.equiv_global_phase,1e-10,True,VERIFIED,56,36,20,115,55,100,15,15,12,12,-5,-5,0.75,6.693744000000001e-06,6.693744000000001e-06,0.020818970775600274,0.020818970775600274,0.020818970775600274,0.02364716700003555,,15012000.000006694,qiskit,15012000.000006694
v0.3.0,N2_x0.5_t0.08_r2_current,b014363a78ee7dfe0c824b9bc5c2fdca5a10eff0ae21be4b4750352e2d90350a,ea9fd4755a15f06dce28cd5aa229180e11dd3f9164c2862f20878fd6099a34ea,N2_r2_current,2,2,0.5,0.08,2,current,85,77,61,24,7,1.4285714285714286,1,1.0,1,1,N2_x0.5_t0.08_r2_current__synthetic_line_6q_spread__seed7,N2_x0.5_t0.08_r2_current__synthetic_line_6q_spread__seed7,synthetic_line_6q_spread,line,True,"id,rz,sx,x,ecr",spread,"0,5",7,2,lexicographic_native_2q_depth_duration,6,5,1.6666666666666667,5,2.3333333333333335,5.0,5.0,1,teleport,qiskit.Operator.equiv_global_phase,1e-10,True,VERIFIED,78,54,24,115,55,100,15,15,12,12,-9,-9,0.625,6.693744000000001e-06,6.693744000000001e-06,0.020818970775600274,0.020818970775600274,0.020818970775600274,0.03975424099985503,,15012000.000006694,qiskit,15012000.000006694
v0.3.0,N2_x0.5_t0.08_r2_current,b014363a78ee7dfe0c824b9bc5c2fdca5a10eff0ae21be4b4750352e2d90350a,ea9fd4755a15f06dce28cd5aa229180e11dd3f9164c2862f20878fd6099a34ea,N2_r2_current,2,2,0.5,0.08,2,current,85,77,61,24,7,1.4285714285714286,1,1.0,1,1,N2_x0.5_t0.08_r2_current__synthetic_line_6q_spread__seed7,N2_x0.5_t0.08_r2_current__synthetic_line_6q_spread__seed7,synthetic_line_6q_spread,line,True,"id,rz,sx,x,ecr",spread,"0,5",7,2,lexicographic_native_2q_depth_duration,6,5,1.6666666666666667,5,2.3333333333333335,5.0,5.0,1,full_reduce,qiskit.Operator.equiv_global_phase,1e-10,True,VERIFIED,68,54,14,115,55,100,15,15,12,12,1,1,1.0714285714285714,6.693744000000001e-06,6.693744000000001e-06,0.020818970775600274,0.020818970775600274,0.020818970775600274,0.03812335800012079,,15012000.000006694,qiskit,15012000.000006694
v0.3.0,N2_x0.5_t0.08_r2_current,b014363a78ee7dfe0c824b9bc5c2fdca5a10eff0ae21be4b4750352e2d90350a,ea9fd4755a15f06dce28cd5aa229180e11dd3f9164c2862f20878fd6099a34ea,N2_r2_current,2,2,0.5,0.08,2,current,85,77,61,24,7,1.4285714285714286,1,1.0,1,1,N2_x0.5_t0.08_r2_current__synthetic_line_6q_spread__seed7,N2_x0.5_t0.08_r2_current__synthetic_line_6q_spread__seed7,synthetic_line_6q_spread,line,True,"id,rz,sx,x,ecr",spread,"0,5",7,2,lexicographic_native_2q_depth_duration,6,5,1.6666666666666667,5,2.3333333333333335,5.0,5.0,1,full_reduce_depth,qiskit.Operator.equiv_global_phase,1e-10,True,VERIFIED,68,54,14,115,55,100,15,15,12,12,1,1,1.0714285714285714,6.693744000000001e-06,6.693744000000001e-06,0.020818970775600274,0.020818970775600274,0.020818970775600274,0.04208101199992598,,15012000.000006694,qiskit,15012000.000006694
v0.3.0,N2_x0.5_t0.08_r2_current,b014363a78ee7dfe0c824b9bc5c2fdca5a10eff0ae21be4b4750352e2d90350a,ea9fd4755a15f06dce28cd5aa229180e11dd3f9164c2862f20878fd6099a34ea,N2_r2_current,2,2,0.5,0.08,2,current,85,77,61,24,7,1.4285714285714286,1,1.0,1,1,N2_x0.5_t0.08_r2_current__synthetic_ring_6q_transpiler__seed7,N2_x0.5_t0.08_r2_current__synthetic_ring_6q_transpiler__seed7,synthetic_ring_6q_transpiler,ring,True,"id,rz,sx,x,ecr",transpiler,transpiler,7,2,lexicographic_native_2q_depth_duration,6,6,2.0,3,1.8,1.0,1.0,1,qiskit,qiskit.Operator.equiv_global_phase,1e-10,True,VERIFIED,85,61,24,38,23,35,3,3,3,3,-21,-21,0.125,2.092794e-06,2.092794e-06,0.009596140114081952,0.009596140114081952,0.009596140114081952,0.004427602999840019,,3003000.0000020927,qiskit,3003000.0000020927
v0.3.0,N2_x0.5_t0.08_r2_current,b014363a78ee7dfe0c824b9bc5c2fdca5a10eff0ae21be4b4750352e2d90350a,ea9fd4755a15f06dce28cd5aa229180e11dd3f9164c2862f20878fd6099a34ea,N2_r2_current,2,2,0.5,0.08,2,current,85,77,61,24,7,1.4285714285714286,1,1.0,1,1,N2_x0.5_t0.08_r2_current__synthetic_ring_6q_transpiler__seed7,N2_x0.5_t0.08_r2_current__synthetic_ring_6q_transpiler__seed7,synthetic_ring_6q_transpiler,ring,True,"id,rz,sx,x,ecr",transpiler,transpiler,7,2,lexicographic_native_2q_depth_duration,6,6,2.0,3,1.8,1.0,1.0,1,basic,qiskit.Operator.equiv_global_phase,1e-10,True,VERIFIED,56,36,20,38,23,35,3,3,3,3,-17,-17,0.15,2.092794e-06,2.092794e-06,0.009596140114081952,0.009596140114081952,0.009596140114081952,0.021421007000071768,,3003000.0000020927,qiskit,3003000.0000020927
v0.3.0,N2_x0.5_t0.08_r2_current,b014363a78ee7dfe0c824b9bc5c2fdca5a10eff0ae21be4b4750352e2d90350a,ea9fd4755a15f06dce28cd5aa229180e11dd3f9164c2862f20878fd6099a34ea,N2_r2_current,2,2,0.5,0.08,2,current,85,77,61,24,7,1.4285714285714286,1,1.0,1,1,N2_x0.5_t0.08_r2_current__synthetic_ring_6q_transpiler__seed7,N2_x0.5_t0.08_r2_current__synthetic_ring_6q_transpiler__seed7,synthetic_ring_6q_transpiler,ring,True,"id,rz,sx,x,ecr",transpiler,transpiler,7,2,lexicographic_native_2q_depth_duration,6,6,2.0,3,1.8,1.0,1.0,1,basic_swaps,qiskit.Operator.equiv_global_phase,1e-10,True,VERIFIED,56,36,20,38,23,35,3,3,3,3,-17,-17,0.15,2.092794e-06,2.092794e-06,0.009596140114081952,0.009596140114081952,0.009596140114081952,0.021468289000040386,,3003000.0000020927,qiskit,3003000.0000020927
v0.3.0,N2_x0.5_t0.08_r2_current,b014363a78ee7dfe0c824b9bc5c2fdca5a10eff0ae21be4b4750352e2d90350a,ea9fd4755a15f06dce28cd5aa229180e11dd3f9164c2862f20878fd6099a34ea,N2_r2_current,2,2,0.5,0.08,2,current,85,77,61,24,7,1.4285714285714286,1,1.0,1,1,N2_x0.5_t0.08_r2_current__synthetic_ring_6q_transpiler__seed7,N2_x0.5_t0.08_r2_current__synthetic_ring_6q_transpiler__seed7,synthetic_ring_6q_transpiler,ring,True,"id,rz,sx,x,ecr",transpiler,transpiler,7,2,lexicographic_native_2q_depth_duration,6,6,2.0,3,1.8,1.0,1.0,1,teleport,qiskit.Operator.equiv_global_phase,1e-10,True,VERIFIED,78,54,24,38,23,35,3,3,3,3,-21,-21,0.125,2.092794e-06,2.092794e-06,0.009596140114081952,0.009596140114081952,0.009596140114081952,0.039585891000115225,,3003000.0000020927,qiskit,3003000.0000020927
v0.3.0,N2_x0.5_t0.08_r2_current,b014363a78ee7dfe0c824b9bc5c2fdca5a10eff0ae21be4b4750352e2d90350a,ea9fd4755a15f06dce28cd5aa229180e11dd3f9164c2862f20878fd6099a34ea,N2_r2_current,2,2,0.5,0.08,2,current,85,77,61,24,7,1.4285714285714286,1,1.0,1,1,N2_x0.5_t0.08_r2_current__synthetic_ring_6q_transpiler__seed7,N2_x0.5_t0.08_r2_current__synthetic_ring_6q_transpiler__seed7,synthetic_ring_6q_transpiler,ring,True,"id,rz,sx,x,ecr",transpiler,transpiler,7,2,lexicographic_native_2q_depth_duration,6,6,2.0,3,1.8,1.0,1.0,1,full_reduce,qiskit.Operator.equiv_global_phase,1e-10,True,VERIFIED,68,54,14,38,23,35,3,3,3,3,-11,-11,0.21428571428571427,2.092794e-06,2.092794e-06,0.009596140114081952,0.009596140114081952,0.009596140114081952,0.03699768799992853,,3003000.0000020927,qiskit,3003000.0000020927
v0.3.0,N2_x0.5_t0.08_r2_current,b014363a78ee7dfe0c824b9bc5c2fdca5a10eff0ae21be4b4750352e2d90350a,ea9fd4755a15f06dce28cd5aa229180e11dd3f9164c2862f20878fd6099a34ea,N2_r2_current,2,2,0.5,0.08,2,current,85,77,61,24,7,1.4285714285714286,1,1.0,1,1,N2_x0.5_t0.08_r2_current__synthetic_ring_6q_transpiler__seed7,N2_x0.5_t0.08_r2_current__synthetic_ring_6q_transpiler__seed7,synthetic_ring_6q_transpiler,ring,True,"id,rz,sx,x,ecr",transpiler,transpiler,7,2,lexicographic_native_2q_depth_duration,6,6,2.0,3,1.8,1.0,1.0,1,full_reduce_depth,qiskit.Operator.equiv_global_phase,1e-10,True,VERIFIED,68,54,14,38,23,35,3,3,3,3,-11,-11,0.21428571428571427,2.092794e-06,2.092794e-06,0.009596140114081952,0.009596140114081952,0.009596140114081952,0.04213253800003258,,3003000.0000020927,qiskit,3003000.0000020927
v0.3.0,N2_x0.5_t0.08_r2_current,b014363a78ee7dfe0c824b9bc5c2fdca5a10eff0ae21be4b4750352e2d90350a,ea9fd4755a15f06dce28cd5aa229180e11dd3f9164c2862f20878fd6099a34ea,N2_r2_current,2,2,0.5,0.08,2,current,85,77,61,24,7,1.4285714285714286,1,1.0,1,1,N2_x0.5_t0.08_r2_current__synthetic_grid_6q_transpiler__seed7,N2_x0.5_t0.08_r2_current__synthetic_grid_6q_transpiler__seed7,synthetic_grid_6q_transpiler,grid,True,"id,rz,sx,x,ecr",transpiler,transpiler,7,2,lexicographic_native_2q_depth_duration,6,7,2.3333333333333335,3,1.6666666666666667,1.0,1.0,1,qiskit,qiskit.Operator.equiv_global_phase,1e-10,True,VERIFIED,85,61,24,38,23,35,3,3,3,3,-21,-21,0.125,1.385502e-06,1.385502e-06,0.002279355635276365,0.002279355635276365,0.002279355635276365,0.005205000000159998,,3003000.0000013853,qiskit,3003000.0000013853
v0.3.0,N2_x0.5_t0.08_r2_current,b014363a78ee7dfe0c824b9bc5c2fdca5a10eff0ae21be4b4750352e2d90350a,ea9fd4755a15f06dce28cd5aa229180e11dd3f9164c2862f20878fd6099a34ea,N2_r2_current,2,2,0.5,0.08,2,current,85,77,61,24,7,1.4285714285714286,1,1.0,1,1,N2_x0.5_t0.08_r2_current__synthetic_grid_6q_transpiler__seed7,N2_x0.5_t0.08_r2_current__synthetic_grid_6q_transpiler__seed7,synthetic_grid_6q_transpiler,grid,True,"id,rz,sx,x,ecr",transpiler,transpiler,7,2,lexicographic_native_2q_depth_duration,6,7,2.3333333333333335,3,1.6666666666666667,1.0,1.0,1,basic,qiskit.Operator.equiv_global_phase,1e-10,True,VERIFIED,56,36,20,38,23,35,3,3,3,3,-17,-17,0.15,1.385502e-06,1.385502e-06,0.002279355635276365,0.002279355635276365,0.002279355635276365,0.021964012999887927,,3003000.0000013853,qiskit,3003000.0000013853
v0.3.0,N2_x0.5_t0.08_r2_current,b014363a78ee7dfe0c824b9bc5c2fdca5a10eff0ae21be4b4750352e2d90350a,ea9fd4755a15f06dce28cd5aa229180e11dd3f9164c2862f20878fd6099a34ea,N2_r2_current,2,2,0.5,0.08,2,current,85,77,61,24,7,1.4285714285714286,1,1.0,1,1,N2_x0.5_t0.08_r2_current__synthetic_grid_6q_transpiler__seed7,N2_x0.5_t0.08_r2_current__synthetic_grid_6q_transpiler__seed7,synthetic_grid_6q_transpiler,grid,True,"id,rz,sx,x,ecr",transpiler,transpiler,7,2,lexicographic_native_2q_depth_duration,6,7,2.3333333333333335,3,1.6666666666666667,1.0,1.0,1,basic_swaps,qiskit.Operator.equiv_global_phase,1e-10,True,VERIFIED,56,36,20,38,23,35,3,3,3,3,-17,-17,0.15,1.385502e-06,1.385502e-06,0.002279355635276365,0.002279355635276365,0.002279355635276365,0.02167423199989571,,3003000.0000013853,qiskit,3003000.0000013853
v0.3.0,N2_x0.5_t0.08_r2_current,b014363a78ee7dfe0c824b9bc5c2fdca5a10eff0ae21be4b4750352e2d90350a,ea9fd4755a15f06dce28cd5aa229180e11dd3f9164c2862f20878fd6099a34ea,N2_r2_current,2,2,0.5,0.08,2,current,85,77,61,24,7,1.4285714285714286,1,1.0,1,1,N2_x0.5_t0.08_r2_current__synthetic_grid_6q_transpiler__seed7,N2_x0.5_t0.08_r2_current__synthetic_grid_6q_transpiler__seed7,synthetic_grid_6q_transpiler,grid,True,"id,rz,sx,x,ecr",transpiler,transpiler,7,2,lexicographic_native_2q_depth_duration,6,7,2.3333333333333335,3,1.6666666666666667,1.0,1.0,1,teleport,qiskit.Operator.equiv_global_phase,1e-10,True,VERIFIED,78,54,24,38,23,35,3,3,3,3,-21,-21,0.125,1.385502e-06,1.385502e-06,0.002279355635276365,0.002279355635276365,0.002279355635276365,0.03937093700005789,,3003000.0000013853,qiskit,3003000.0000013853
v0.3.0,N2_x0.5_t0.08_r2_current,b014363a78ee7dfe0c824b9bc5c2fdca5a10eff0ae21be4b4750352e2d90350a,ea9fd4755a15f06dce28cd5aa229180e11dd3f9164c2862f20878fd6099a34ea,N2_r2_current,2,2,0.5,0.08,2,current,85,77,61,24,7,1.4285714285714286,1,1.0,1,1,N2_x0.5_t0.08_r2_current__synthetic_grid_6q_transpiler__seed7,N2_x0.5_t0.08_r2_current__synthetic_grid_6q_transpiler__seed7,synthetic_grid_6q_transpiler,grid,True,"id,rz,sx,x,ecr",transpiler,transpiler,7,2,lexicographic_native_2q_depth_duration,6,7,2.3333333333333335,3,1.6666666666666667,1.0,1.0,1,full_reduce,qiskit.Operator.equiv_global_phase,1e-10,True,VERIFIED,68,54,14,38,23,35,3,3,3,3,-11,-11,0.21428571428571427,1.385502e-06,1.385502e-06,0.002279355635276365,0.002279355635276365,0.002279355635276365,0.039152533000105905,,3003000.0000013853,qiskit,3003000.0000013853
v0.3.0,N2_x0.5_t0.08_r2_current,b014363a78ee7dfe0c824b9bc5c2fdca5a10eff0ae21be4b4750352e2d90350a,ea9fd4755a15f06dce28cd5aa229180e11dd3f9164c2862f20878fd6099a34ea,N2_r2_current,2,2,0.5,0.08,2,current,85,77,61,24,7,1.4285714285714286,1,1.0,1,1,N2_x0.5_t0.08_r2_current__synthetic_grid_6q_transpiler__seed7,N2_x0.5_t0.08_r2_current__synthetic_grid_6q_transpiler__seed7,synthetic_grid_6q_transpiler,grid,True,"id,rz,sx,x,ecr",transpiler,transpiler,7,2,lexicographic_native_2q_depth_duration,6,7,2.3333333333333335,3,1.6666666666666667,1.0,1.0,1,full_reduce_depth,qiskit.Operator.equiv_global_phase,1e-10,True,VERIFIED,68,54,14,38,23,35,3,3,3,3,-11,-11,0.21428571428571427,1.385502e-06,1.385502e-06,0.002279355635276365,0.002279355635276365,0.002279355635276365,0.041730334000021685,,3003000.0000013853,qiskit,3003000.0000013853
v0.3.0,N2_x0.5_t0.08_r2_current,b014363a78ee7dfe0c824b9bc5c2fdca5a10eff0ae21be4b4750352e2d90350a,ea9fd4755a15f06dce28cd5aa229180e11dd3f9164c2862f20878fd6099a34ea,N2_r2_current,2,2,0.5,0.08,2,current,85,77,61,24,7,1.4285714285714286,1,1.0,1,1,N2_x0.5_t0.08_r2_current__synthetic_heavy_hex_like_7q_transpiler__seed7,N2_x0.5_t0.08_r2_current__synthetic_heavy_hex_like_7q_transpiler__seed7,synthetic_heavy_hex_like_7q_transpiler,heavy_hex_like,True,"id,rz,sx,x,ecr",transpiler,transpiler,7,2,lexicographic_native_2q_depth_duration,7,7,2.0,5,2.2857142857142856,1.0,1.0,1,qiskit,qiskit.Operator.equiv_global_phase,1e-10,True,VERIFIED,85,61,24,38,23,35,3,3,3,3,-21,-21,0.125,1.2802740000000002e-06,1.2802740000000002e-06,0.006061519069299658,0.006061519069299658,0.006061519069299658,0.004935405000196624,,3003000.00000128,qiskit,3003000.00000128
v0.3.0,N2_x0.5_t0.08_r2_current,b014363a78ee7dfe0c824b9bc5c2fdca5a10eff0ae21be4b4750352e2d90350a,ea9fd4755a15f06dce28cd5aa229180e11dd3f9164c2862f20878fd6099a34ea,N2_r2_current,2,2,0.5,0.08,2,current,85,77,61,24,7,1.4285714285714286,1,1.0,1,1,N2_x0.5_t0.08_r2_current__synthetic_heavy_hex_like_7q_transpiler__seed7,N2_x0.5_t0.08_r2_current__synthetic_heavy_hex_like_7q_transpiler__seed7,synthetic_heavy_hex_like_7q_transpiler,heavy_hex_like,True,"id,rz,sx,x,ecr",transpiler,transpiler,7,2,lexicographic_native_2q_depth_duration,7,7,2.0,5,2.2857142857142856,1.0,1.0,1,basic,qiskit.Operator.equiv_global_phase,1e-10,True,VERIFIED,56,36,20,38,23,35,3,3,3,3,-17,-17,0.15,1.2802740000000002e-06,1.2802740000000002e-06,0.006061519069299658,0.006061519069299658,0.006061519069299658,0.022264576999987185,,3003000.00000128,qiskit,3003000.00000128
v0.3.0,N2_x0.5_t0.08_r2_current,b014363a78ee7dfe0c824b9bc5c2fdca5a10eff0ae21be4b4750352e2d90350a,ea9fd4755a15f06dce28cd5aa229180e11dd3f9164c2862f20878fd6099a34ea,N2_r2_current,2,2,0.5,0.08,2,current,85,77,61,24,7,1.4285714285714286,1,1.0,1,1,N2_x0.5_t0.08_r2_current__synthetic_heavy_hex_like_7q_transpiler__seed7,N2_x0.5_t0.08_r2_current__synthetic_heavy_hex_like_7q_transpiler__seed7,synthetic_heavy_hex_like_7q_transpiler,heavy_hex_like,True,"id,rz,sx,x,ecr",transpiler,transpiler,7,2,lexicographic_native_2q_depth_duration,7,7,2.0,5,2.2857142857142856,1.0,1.0,1,basic_swaps,qiskit.Operator.equiv_global_phase,1e-10,True,VERIFIED,56,36,20,38,23,35,3,3,3,3,-17,-17,0.15,1.2802740000000002e-06,1.2802740000000002e-06,0.006061519069299658,0.006061519069299658,0.006061519069299658,0.02325745200005258,,3003000.00000128,qiskit,3003000.00000128
v0.3.0,N2_x0.5_t0.08_r2_current,b014363a78ee7dfe0c824b9bc5c2fdca5a10eff0ae21be4b4750352e2d90350a,ea9fd4755a15f06dce28cd5aa229180e11dd3f9164c2862f20878fd6099a34ea,N2_r2_current,2,2,0.5,0.08,2,current,85,77,61,24,7,1.4285714285714286,1,1.0,1,1,N2_x0.5_t0.08_r2_current__synthetic_heavy_hex_like_7q_transpiler__seed7,N2_x0.5_t0.08_r2_current__synthetic_heavy_hex_like_7q_transpiler__seed7,synthetic_heavy_hex_like_7q_transpiler,heavy_hex_like,True,"id,rz,sx,x,ecr",transpiler,transpiler,7,2,lexicographic_native_2q_depth_duration,7,7,2.0,5,2.2857142857142856,1.0,1.0,1,teleport,qiskit.Operator.equiv_global_phase,1e-10,True,VERIFIED,78,54,24,38,23,35,3,3,3,3,-21,-21,0.125,1.2802740000000002e-06,1.2802740000000002e-06,0.006061519069299658,0.006061519069299658,0.006061519069299658,0.03945882600010009,,3003000.00000128,qiskit,3003000.00000128
v0.3.0,N2_x0.5_t0.08_r2_current,b014363a78ee7dfe0c824b9bc5c2fdca5a10eff0ae21be4b4750352e2d90350a,ea9fd4755a15f06dce28cd5aa229180e11dd3f9164c2862f20878fd6099a34ea,N2_r2_current,2,2,0.5,0.08,2,current,85,77,61,24,7,1.4285714285714286,1,1.0,1,1,N2_x0.5_t0.08_r2_current__synthetic_heavy_hex_like_7q_transpiler__seed7,N2_x0.5_t0.08_r2_current__synthetic_heavy_hex_like_7q_transpiler__seed7,synthetic_heavy_hex_like_7q_transpiler,heavy_hex_like,True,"id,rz,sx,x,ecr",transpiler,transpiler,7,2,lexicographic_native_2q_depth_duration,7,7,2.0,5,2.2857142857142856,1.0,1.0,1,full_reduce,qiskit.Operator.equiv_global_phase,1e-10,True,VERIFIED,68,54,14,38,23,35,3,3,3,3,-11,-11,0.21428571428571427,1.2802740000000002e-06,1.2802740000000002e-06,0.006061519069299658,0.006061519069299658,0.006061519069299658,0.03816004400005113,,3003000.00000128,qiskit,3003000.00000128
v0.3.0,N2_x0.5_t0.08_r2_current,b014363a78ee7dfe0c824b9bc5c2fdca5a10eff0ae21be4b4750352e2d90350a,ea9fd4755a15f06dce28cd5aa229180e11dd3f9164c2862f20878fd6099a34ea,N2_r2_current,2,2,0.5,0.08,2,current,85,77,61,24,7,1.4285714285714286,1,1.0,1,1,N2_x0.5_t0.08_r2_current__synthetic_heavy_hex_like_7q_transpiler__seed7,N2_x0.5_t0.08_r2_current__synthetic_heavy_hex_like_7q_transpiler__seed7,synthetic_heavy_hex_like_7q_transpiler,heavy_hex_like,True,"id,rz,sx,x,ecr",transpiler,transpiler,7,2,lexicographic_native_2q_depth_duration,7,7,2.0,5,2.2857142857142856,1.0,1.0,1,full_reduce_depth,qiskit.Operator.equiv_global_phase,1e-10,True,VERIFIED,68,54,14,38,23,35,3,3,3,3,-11,-11,0.21428571428571427,1.2802740000000002e-06,1.2802740000000002e-06,0.006061519069299658,0.006061519069299658,0.006061519069299658,0.04197601900000336,,3003000.00000128,qiskit,3003000.00000128
v0.3.0,N2_x0.5_t0.08_r2_current,b014363a78ee7dfe0c824b9bc5c2fdca5a10eff0ae21be4b4750352e2d90350a,ea9fd4755a15f06dce28cd5aa229180e11dd3f9164c2862f20878fd6099a34ea,N2_r2_current,2,2,0.5,0.08,2,current,85,77,61,24,7,1.4285714285714286,1,1.0,1,1,N2_x0.5_t0.08_r2_current__synthetic_irregular_7q_favorable__seed7,N2_x0.5_t0.08_r2_current__synthetic_irregular_7q_favorable__seed7,synthetic_irregular_7q_favorable,irregular,True,"id,rz,sx,x,ecr",favorable,"0,1",7,2,lexicographic_native_2q_depth_duration,7,8,2.2857142857142856,3,1.8095238095238095,1.0,1.0,1,qiskit,qiskit.Operator.equiv_global_phase,1e-10,True,VERIFIED,85,61,24,38,23,35,3,3,3,3,-21,-21,0.125,7.652340000000001e-07,7.652340000000001e-07,0.014553630267590944,0.014553630267590944,0.014553630267590944,0.004657530000031329,,3003000.000000765,qiskit,3003000.000000765
v0.3.0,N2_x0.5_t0.08_r2_current,b014363a78ee7dfe0c824b9bc5c2fdca5a10eff0ae21be4b4750352e2d90350a,ea9fd4755a15f06dce28cd5aa229180e11dd3f9164c2862f20878fd6099a34ea,N2_r2_current,2,2,0.5,0.08,2,current,85,77,61,24,7,1.4285714285714286,1,1.0,1,1,N2_x0.5_t0.08_r2_current__synthetic_irregular_7q_favorable__seed7,N2_x0.5_t0.08_r2_current__synthetic_irregular_7q_favorable__seed7,synthetic_irregular_7q_favorable,irregular,True,"id,rz,sx,x,ecr",favorable,"0,1",7,2,lexicographic_native_2q_depth_duration,7,8,2.2857142857142856,3,1.8095238095238095,1.0,1.0,1,basic,qiskit.Operator.equiv_global_phase,1e-10,True,VERIFIED,56,36,20,38,23,35,3,3,3,3,-17,-17,0.15,7.652340000000001e-07,7.652340000000001e-07,0.014553630267590944,0.014553630267590944,0.014553630267590944,0.021108656000023984,,3003000.000000765,qiskit,3003000.000000765
v0.3.0,N2_x0.5_t0.08_r2_current,b014363a78ee7dfe0c824b9bc5c2fdca5a10eff0ae21be4b4750352e2d90350a,ea9fd4755a15f06dce28cd5aa229180e11dd3f9164c2862f20878fd6099a34ea,N2_r2_current,2,2,0.5,0.08,2,current,85,77,61,24,7,1.4285714285714286,1,1.0,1,1,N2_x0.5_t0.08_r2_current__synthetic_irregular_7q_favorable__seed7,N2_x0.5_t0.08_r2_current__synthetic_irregular_7q_favorable__seed7,synthetic_irregular_7q_favorable,irregular,True,"id,rz,sx,x,ecr",favorable,"0,1",7,2,lexicographic_native_2q_depth_duration,7,8,2.2857142857142856,3,1.8095238095238095,1.0,1.0,1,basic_swaps,qiskit.Operator.equiv_global_phase,1e-10,True,VERIFIED,56,36,20,38,23,35,3,3,3,3,-17,-17,0.15,7.652340000000001e-07,7.652340000000001e-07,0.014553630267590944,0.014553630267590944,0.014553630267590944,0.021121315000073082,,3003000.000000765,qiskit,3003000.000000765
v0.3.0,N2_x0.5_t0.08_r2_current,b014363a78ee7dfe0c824b9bc5c2fdca5a10eff0ae21be4b4750352e2d90350a,ea9fd4755a15f06dce28cd5aa229180e11dd3f9164c2862f20878fd6099a34ea,N2_r2_current,2,2,0.5,0.08,2,current,85,77,61,24,7,1.4285714285714286,1,1.0,1,1,N2_x0.5_t0.08_r2_current__synthetic_irregular_7q_favorable__seed7,N2_x0.5_t0.08_r2_current__synthetic_irregular_7q_favorable__seed7,synthetic_irregular_7q_favorable,irregular,True,"id,rz,sx,x,ecr",favorable,"0,1",7,2,lexicographic_native_2q_depth_duration,7,8,2.2857142857142856,3,1.8095238095238095,1.0,1.0,1,teleport,qiskit.Operator.equiv_global_phase,1e-10,True,VERIFIED,78,54,24,38,23,35,3,3,3,3,-21,-21,0.125,7.652340000000001e-07,7.652340000000001e-07,0.014553630267590944,0.014553630267590944,0.014553630267590944,0.04007366400014689,,3003000.000000765,qiskit,3003000.000000765
v0.3.0,N2_x0.5_t0.08_r2_current,b014363a78ee7dfe0c824b9bc5c2fdca5a10eff0ae21be4b4750352e2d90350a,ea9fd4755a15f06dce28cd5aa229180e11dd3f9164c2862f20878fd6099a34ea,N2_r2_current,2,2,0.5,0.08,2,current,85,77,61,24,7,1.4285714285714286,1,1.0,1,1,N2_x0.5_t0.08_r2_current__synthetic_irregular_7q_favorable__seed7,N2_x0.5_t0.08_r2_current__synthetic_irregular_7q_favorable__seed7,synthetic_irregular_7q_favorable,irregular,True,"id,rz,sx,x,ecr",favorable,"0,1",7,2,lexicographic_native_2q_depth_duration,7,8,2.2857142857142856,3,1.8095238095238095,1.0,1.0,1,full_reduce,qiskit.Operator.equiv_global_phase,1e-10,True,VERIFIED,68,54,14,38,23,35,3,3,3,3,-11,-11,0.21428571428571427,7.652340000000001e-07,7.652340000000001e-07,0.014553630267590944,0.014553630267590944,0.014553630267590944,0.03672370599997521,,3003000.000000765,qiskit,3003000.000000765
v0.3.0,N2_x0.5_t0.08_r2_current,b014363a78ee7dfe0c824b9bc5c2fdca5a10eff0ae21be4b4750352e2d90350a,ea9fd4755a15f06dce28cd5aa229180e11dd3f9164c2862f20878fd6099a34ea,N2_r2_current,2,2,0.5,0.08,2,current,85,77,61,24,7,1.4285714285714286,1,1.0,1,1,N2_x0.5_t0.08_r2_current__synthetic_irregular_7q_favorable__seed7,N2_x0.5_t0.08_r2_current__synthetic_irregular_7q_favorable__seed7,synthetic_irregular_7q_favorable,irregular,True,"id,rz,sx,x,ecr",favorable,"0,1",7,2,lexicographic_native_2q_depth_duration,7,8,2.2857142857142856,3,1.8095238095238095,1.0,1.0,1,full_reduce_depth,qiskit.Operator.equiv_global_phase,1e-10,True,VERIFIED,68,54,14,38,23,35,3,3,3,3,-11,-11,0.21428571428571427,7.652340000000001e-07,7.652340000000001e-07,0.014553630267590944,0.014553630267590944,0.014553630267590944,0.0413336670001172,,3003000.000000765,qiskit,3003000.000000765
v0.3.0,N2_x0.5_t0.08_r2_current,b014363a78ee7dfe0c824b9bc5c2fdca5a10eff0ae21be4b4750352e2d90350a,ea9fd4755a15f06dce28cd5aa229180e11dd3f9164c2862f20878fd6099a34ea,N2_r2_current,2,2,0.5,0.08,2,current,85,77,61,24,7,1.4285714285714286,1,1.0,1,1,N2_x0.5_t0.08_r2_current__synthetic_irregular_7q_spread__seed7,N2_x0.5_t0.08_r2_current__synthetic_irregular_7q_spread__seed7,synthetic_irregular_7q_spread,irregular,True,"id,rz,sx,x,ecr",spread,"0,5",7,2,lexicographic_native_2q_depth_duration,7,8,2.2857142857142856,3,1.8095238095238095,3.0,3.0,1,qiskit,qiskit.Operator.equiv_global_phase,1e-10,True,VERIFIED,85,61,24,94,40,85,9,9,6,6,-15,-15,0.375,2.6300340000000003e-06,2.6300340000000003e-06,0.02554364010747158,0.02554364010747158,0.02554364010747158,0.06780887100012478,,9006000.00000263,qiskit,9006000.00000263
v0.3.0,N2_x0.5_t0.08_r2_current,b014363a78ee7dfe0c824b9bc5c2fdca5a10eff0ae21be4b4750352e2d90350a,ea9fd4755a15f06dce28cd5aa229180e11dd3f9164c2862f20878fd6099a34ea,N2_r2_current,2,2,0.5,0.08,2,current,85,77,61,24,7,1.4285714285714286,1,1.0,1,1,N2_x0.5_t0.08_r2_current__synthetic_irregular_7q_spread__seed7,N2_x0.5_t0.08_r2_current__synthetic_irregular_7q_spread__seed7,synthetic_irregular_7q_spread,irregular,True,"id,rz,sx,x,ecr",spread,"0,5",7,2,lexicographic_native_2q_depth_duration,7,8,2.2857142857142856,3,1.8095238095238095,3.0,3.0,1,basic,qiskit.Operator.equiv_global_phase,1e-10,True,VERIFIED,56,36,20,94,40,85,9,9,6,6,-11,-11,0.45,2.6300340000000003e-06,2.6300340000000003e-06,0.02554364010747158,0.02554364010747158,0.02554364010747158,0.022610349000160568,,9006000.00000263,qiskit,9006000.00000263
v0.3.0,N2_x0.5_t0.08_r2_current,b014363a78ee7dfe0c824b9bc5c2fdca5a10eff0ae21be4b4750352e2d90350a,ea9fd4755a15f06dce28cd5aa229180e11dd3f9164c2862f20878fd6099a34ea,N2_r2_current,2,2,0.5,0.08,2,current,85,77,61,24,7,1.4285714285714286,1,1.0,1,1,N2_x0.5_t0.08_r2_current__synthetic_irregular_7q_spread__seed7,N2_x0.5_t0.08_r2_current__synthetic_irregular_7q_spread__seed7,synthetic_irregular_7q_spread,irregular,True,"id,rz,sx,x,ecr",spread,"0,5",7,2,lexicographic_native_2q_depth_duration,7,8,2.2857142857142856,3,1.8095238095238095,3.0,3.0,1,basic_swaps,qiskit.Operator.equiv_global_phase,1e-10,True,VERIFIED,56,36,20,94,40,85,9,9,6,6,-11,-11,0.45,2.6300340000000003e-06,2.6300340000000003e-06,0.02554364010747158,0.02554364010747158,0.02554364010747158,0.022409073000062563,,9006000.00000263,qiskit,9006000.00000263
v0.3.0,N2_x0.5_t0.08_r2_current,b014363a78ee7dfe0c824b9bc5c2fdca5a10eff0ae21be4b4750352e2d90350a,ea9fd4755a15f06dce28cd5aa229180e11dd3f9164c2862f20878fd6099a34ea,N2_r2_current,2,2,0.5,0.08,2,current,85,77,61,24,7,1.4285714285714286,1,1.0,1,1,N2_x0.5_t0.08_r2_current__synthetic_irregular_7q_spread__seed7,N2_x0.5_t0.08_r2_current__synthetic_irregular_7q_spread__seed7,synthetic_irregular_7q_spread,irregular,True,"id,rz,sx,x,ecr",spread,"0,5",7,2,lexicographic_native_2q_depth_duration,7,8,2.2857142857142856,3,1.8095238095238095,3.0,3.0,1,teleport,qiskit.Operator.equiv_global_phase,1e-10,True,VERIFIED,78,54,24,94,40,85,9,9,6,6,-15,-15,0.375,2.6300340000000003e-06,2.6300340000000003e-06,0.02554364010747158,0.02554364010747158,0.02554364010747158,0.03978555300000153,,9006000.00000263,qiskit,9006000.00000263
v0.3.0,N2_x0.5_t0.08_r2_current,b014363a78ee7dfe0c824b9bc5c2fdca5a10eff0ae21be4b4750352e2d90350a,ea9fd4755a15f06dce28cd5aa229180e11dd3f9164c2862f20878fd6099a34ea,N2_r2_current,2,2,0.5,0.08,2,current,85,77,61,24,7,1.4285714285714286,1,1.0,1,1,N2_x0.5_t0.08_r2_current__synthetic_irregular_7q_spread__seed7,N2_x0.5_t0.08_r2_current__synthetic_irregular_7q_spread__seed7,synthetic_irregular_7q_spread,irregular,True,"id,rz,sx,x,ecr",spread,"0,5",7,2,lexicographic_native_2q_depth_duration,7,8,2.2857142857142856,3,1.8095238095238095,3.0,3.0,1,full_reduce,qiskit.Operator.equiv_global_phase,1e-10,True,VERIFIED,68,54,14,94,40,85,9,9,6,6,-5,-5,0.6428571428571429,2.6300340000000003e-06,2.6300340000000003e-06,0.02554364010747158,0.02554364010747158,0.02554364010747158,0.04374809199998708,,9006000.00000263,qiskit,9006000.00000263
v0.3.0,N2_x0.5_t0.08_r2_current,b014363a78ee7dfe0c824b9bc5c2fdca5a10eff0ae21be4b4750352e2d90350a,ea9fd4755a15f06dce28cd5aa229180e11dd3f9164c2862f20878fd6099a34ea,N2_r2_current,2,2,0.5,0.08,2,current,85,77,61,24,7,1.4285714285714286,1,1.0,1,1,N2_x0.5_t0.08_r2_current__synthetic_irregular_7q_spread__seed7,N2_x0.5_t0.08_r2_current__synthetic_irregular_7q_spread__seed7,synthetic_irregular_7q_spread,irregular,True,"id,rz,sx,x,ecr",spread,"0,5",7,2,lexicographic_native_2q_depth_duration,7,8,2.2857142857142856,3,1.8095238095238095,3.0,3.0,1,full_reduce_depth,qiskit.Operator.equiv_global_phase,1e-10,True,VERIFIED,68,54,14,94,40,85,9,9,6,6,-5,-5,0.6428571428571429,2.6300340000000003e-06,2.6300340000000003e-06,0.02554364010747158,0.02554364010747158,0.02554364010747158,0.04190331899985722,,9006000.00000263,qiskit,9006000.00000263
v0.3.0,N3_x2_t0.24_r1_current,2db9eba90ba8cd0954c12783101856a28b9a2dc7771ca234eecefcf2689ef643,765e8cc2c75724fb242ba5e1c778dfd8856fe1c57f25e657cf6892bd9d945ec5,N3_r1_current,3,3,2.0,0.24,1,current,91,69,59,32,13,1.6153846153846154,2,1.3333333333333333,2,1,N3_x2_t0.24_r1_current__synthetic_line_6q_favorable__seed7,N3_x2_t0.24_r1_current__synthetic_line_6q_favorable__seed7,synthetic_line_6q_favorable,line,True,"id,rz,sx,x,ecr",favorable,"0,1,2",7,2,lexicographic_native_2q_depth_duration,6,5,1.6666666666666667,5,2.3333333333333335,1.0,1.0,1,qiskit,qiskit.Operator.equiv_global_phase,1e-10,True,VERIFIED,91,59,32,159,96,131,28,28,28,28,-4,-4,0.875,1.7614812000000016e-05,1.7614812000000016e-05,0.05253558439916633,0.05253558439916633,0.05253558439916633,0.005374747000132629,,28028000.000017613,teleport,24024000.000015575
v0.3.0,N3_x2_t0.24_r1_current,2db9eba90ba8cd0954c12783101856a28b9a2dc7771ca234eecefcf2689ef643,765e8cc2c75724fb242ba5e1c778dfd8856fe1c57f25e657cf6892bd9d945ec5,N3_r1_current,3,3,2.0,0.24,1,current,91,69,59,32,13,1.6153846153846154,2,1.3333333333333333,2,1,N3_x2_t0.24_r1_current__synthetic_line_6q_favorable__seed7,N3_x2_t0.24_r1_current__synthetic_line_6q_favorable__seed7,synthetic_line_6q_favorable,line,True,"id,rz,sx,x,ecr",favorable,"0,1,2",7,2,lexicographic_native_2q_depth_duration,6,5,1.6666666666666667,5,2.3333333333333335,1.0,1.0,1,basic,qiskit.Operator.equiv_global_phase,1e-10,True,VERIFIED,63,35,28,157,91,129,28,28,28,28,0,0,1.0,1.790074800000001e-05,1.790074800000001e-05,0.05229530141879084,0.05229530141879084,0.05229530141879084,0.024545180999894,,28028000.0000179,teleport,24024000.000015575
v0.3.0,N3_x2_t0.24_r1_current,2db9eba90ba8cd0954c12783101856a28b9a2dc7771ca234eecefcf2689ef643,765e8cc2c75724fb242ba5e1c778dfd8856fe1c57f25e657cf6892bd9d945ec5,N3_r1_current,3,3,2.0,0.24,1,current,91,69,59,32,13,1.6153846153846154,2,1.3333333333333333,2,1,N3_x2_t0.24_r1_current__synthetic_line_6q_favorable__seed7,N3_x2_t0.24_r1_current__synthetic_line_6q_favorable__seed7,synthetic_line_6q_favorable,line,True,"id,rz,sx,x,ecr",favorable,"0,1,2",7,2,lexicographic_native_2q_depth_duration,6,5,1.6666666666666667,5,2.3333333333333335,1.0,1.0,1,basic_swaps,qiskit.Operator.equiv_global_phase,1e-10,True,VERIFIED,63,35,28,157,91,129,28,28,28,28,0,0,1.0,1.790074800000001e-05,1.790074800000001e-05,0.05229530141879084,0.05229530141879084,0.05229530141879084,0.02859342200008541,,28028000.0000179,teleport,24024000.000015575
v0.3.0,N3_x2_t0.24_r1_current,2db9eba90ba8cd0954c12783101856a28b9a2dc7771ca234eecefcf2689ef643,765e8cc2c75724fb242ba5e1c778dfd8856fe1c57f25e657cf6892bd9d945ec5,N3_r1_current,3,3,2.0,0.24,1,current,91,69,59,32,13,1.6153846153846154,2,1.3333333333333333,2,1,N3_x2_t0.24_r1_current__synthetic_line_6q_favorable__seed7,N3_x2_t0.24_r1_current__synthetic_line_6q_favorable__seed7,synthetic_line_6q_favorable,line,True,"id,rz,sx,x,ecr",favorable,"0,1,2",7,2,lexicographic_native_2q_depth_duration,6,5,1.6666666666666667,5,2.3333333333333335,1.0,1.0,1,teleport,qiskit.Operator.equiv_global_phase,1e-10,True,VERIFIED,87,55,32,135,77,111,24,24,24,24,-8,-8,0.75,1.557574200000001e-05,1.557574200000001e-05,0.04461858723292744,0.04461858723292744,0.04461858723292744,0.042907335999871066,,24024000.000015575,teleport,24024000.000015575
v0.3.0,N3_x2_t0.24_r1_current,2db9eba90ba8cd0954c12783101856a28b9a2dc7771ca234eecefcf2689ef643,765e8cc2c75724fb242ba5e1c778dfd8856fe1c57f25e657cf6892bd9d945ec5,N3_r1_current,3,3,2.0,0.24,1,current,91,69,59,32,13,1.6153846153846154,2,1.3333333333333333,2,1,N3_x2_t0.24_r1_current__synthetic_line_6q_favorable__seed7,N3_x2_t0.24_r1_current__synthetic_line_6q_favorable__seed7,synthetic_line_6q_favorable,line,True,"id,rz,sx,x,ecr",favorable,"0,1,2",7,2,lexicographic_native_2q_depth_duration,6,5,1.6666666666666667,5,2.3333333333333335,1.0,1.0,1,full_reduce,qiskit.Operator.equiv_global_phase,1e-10,True,VERIFIED,86,61,25,331,212,293,38,38,38,38,13,13,1.52,2.121565200000003e-05,2.121565200000003e-05,0.06353349659785802,0.06353349659785802,0.06353349659785802,0.04937797100001262,,38038000.00002122,teleport,24024000.000015575
v0.3.0,N3_x2_t0.24_r1_current,2db9eba90ba8cd0954c12783101856a28b9a2dc7771ca234eecefcf2689ef643,765e8cc2c75724fb242ba5e1c778dfd8856fe1c57f25e657cf6892bd9d945ec5,N3_r1_current,3,3,2.0,0.24,1,current,91,69,59,32,13,1.6153846153846154,2,1.3333333333333333,2,1,N3_x2_t0.24_r1_current__synthetic_line_6q_favorable__seed7,N3_x2_t0.24_r1_current__synthetic_line_6q_favorable__seed7,synthetic_line_6q_favorable,line,True,"id,rz,sx,x,ecr",favorable,"0,1,2",7,2,lexicographic_native_2q_depth_duration,6,5,1.6666666666666667,5,2.3333333333333335,1.0,1.0,1,full_reduce_depth,qiskit.Operator.equiv_global_phase,1e-10,True,VERIFIED,87,61,26,291,189,254,37,37,37,37,11,11,1.4230769230769231,2.0969010000000023e-05,2.0969010000000023e-05,0.07300998998525766,0.07300998998525766,0.07300998998525766,0.06310357799998201,,37037000.000020966,teleport,24024000.000015575
v0.3.0,N3_x2_t0.24_r2_current,667e3a1f084c4e2a3fcd2b6479ca873f035a167fe6bd3dac4cd548625d204592,895718eee45a850d435c8240f7a9ee014cfb599978558936fe2e71db8b8c0270,N3_r2_current,3,3,2.0,0.24,2,current,181,137,117,64,13,1.6153846153846154,2,1.3333333333333333,2,1,N3_x2_t0.24_r2_current__synthetic_line_6q_spread__seed7,N3_x2_t0.24_r2_current__synthetic_line_6q_spread__seed7,synthetic_line_6q_spread,line,True,"id,rz,sx,x,ecr",spread,"0,2,5",7,2,lexicographic_native_2q_depth_duration,6,5,1.6666666666666667,5,2.3333333333333335,2.5,3.0,1,qiskit,qiskit.Operator.equiv_global_phase,1e-10,True,VERIFIED,181,117,64,379,207,316,63,63,58,58,-1,-1,0.984375,4.3980419999999984e-05,4.3980419999999984e-05,0.10940858376733124,0.10940858376733124,0.10940858376733124,0.00704547200007255,,63058000.00004398,teleport,51046000.0000349
v0.3.0,N3_x2_t0.24_r2_current,667e3a1f084c4e2a3fcd2b6479ca873f035a167fe6bd3dac4cd548625d204592,895718eee45a850d435c8240f7a9ee014cfb599978558936fe2e71db8b8c0270,N3_r2_current,3,3,2.0,0.24,2,current,181,137,117,64,13,1.6153846153846154,2,1.3333333333333333,2,1,N3_x2_t0.24_r2_current__synthetic_line_6q_spread__seed7,N3_x2_t0.24_r2_current__synthetic_line_6q_spread__seed7,synthetic_line_6q_spread,line,True,"id,rz,sx,x,ecr",spread,"0,2,5",7,2,lexicographic_native_2q_depth_duration,6,5,1.6666666666666667,5,2.3333333333333335,2.5,3.0,1,basic,qiskit.Operator.equiv_global_phase,1e-10,True,VERIFIED,123,67,56,375,196,312,63,63,58,58,7,7,1.125,4.412693999999998e-05,4.412693999999998e-05,0.1085217272419173,0.1085217272419173,0.1085217272419173,0.041796906999934436,,63058000.00004413,teleport,51046000.0000349
v0.3.0,N3_x2_t0.24_r2_current,667e3a1f084c4e2a3fcd2b6479ca873f035a167fe6bd3dac4cd548625d204592,895718eee45a850d435c8240f7a9ee014cfb599978558936fe2e71db8b8c0270,N3_r2_current,3,3,2.0,0.24,2,current,181,137,117,64,13,1.6153846153846154,2,1.3333333333333333,2,1,N3_x2_t0.24_r2_current__synthetic_line_6q_spread__seed7,N3_x2_t0.24_r2_current__synthetic_line_6q_spread__seed7,synthetic_line_6q_spread,line,True,"id,rz,sx,x,ecr",spread,"0,2,5",7,2,lexicographic_native_2q_depth_duration,6,5,1.6666666666666667,5,2.3333333333333335,2.5,3.0,1,basic_swaps,qiskit.Operator.equiv_global_phase,1e-10,True,VERIFIED,123,67,56,375,196,312,63,63,58,58,7,7,1.125,4.412693999999998e-05,4.412693999999998e-05,0.1085217272419173,0.1085217272419173,0.1085217272419173,0.041096344000152385,,63058000.00004413,teleport,51046000.0000349
v0.3.0,N3_x2_t0.24_r2_current,667e3a1f084c4e2a3fcd2b6479ca873f035a167fe6bd3dac4cd548625d204592,895718eee45a850d435c8240f7a9ee014cfb599978558936fe2e71db8b8c0270,N3_r2_current,3,3,2.0,0.24,2,current,181,137,117,64,13,1.6153846153846154,2,1.3333333333333333,2,1,N3_x2_t0.24_r2_current__synthetic_line_6q_spread__seed7,N3_x2_t0.24_r2_current__synthetic_line_6q_spread__seed7,synthetic_line_6q_spread,line,True,"id,rz,sx,x,ecr",spread,"0,2,5",7,2,lexicographic_native_2q_depth_duration,6,5,1.6666666666666667,5,2.3333333333333335,2.5,3.0,1,teleport,qiskit.Operator.equiv_global_phase,1e-10,True,VERIFIED,168,104,64,309,157,258,51,51,46,46,-13,-13,0.796875,3.4902173999999995e-05,3.4902173999999995e-05,0.08530795028112576,0.08530795028112576,0.08530795028112576,0.08996661400010453,,51046000.0000349,teleport,51046000.0000349
v0.3.0,N3_x2_t0.24_r2_current,667e3a1f084c4e2a3fcd2b6479ca873f035a167fe6bd3dac4cd548625d204592,895718eee45a850d435c8240f7a9ee014cfb599978558936fe2e71db8b8c0270,N3_r2_current,3,3,2.0,0.24,2,current,181,137,117,64,13,1.6153846153846154,2,1.3333333333333333,2,1,N3_x2_t0.24_r2_current__synthetic_line_6q_spread__seed7,N3_x2_t0.24_r2_current__synthetic_line_6q_spread__seed7,synthetic_line_6q_spread,line,True,"id,rz,sx,x,ecr",spread,"0,2,5",7,2,lexicographic_native_2q_depth_duration,6,5,1.6666666666666667,5,2.3333333333333335,2.5,3.0,1,full_reduce,qiskit.Operator.equiv_global_phase,1e-10,True,VERIFIED,150,104,46,508,293,431,77,77,73,73,31,31,1.673913043478261,4.9361256e-05,4.9361256e-05,0.14862888257204263,0.14862888257204263,0.14862888257204263,0.0871754229999624,,77073000.00004937,teleport,51046000.0000349
v0.3.0,N3_x2_t0.24_r2_current,667e3a1f084c4e2a3fcd2b6479ca873f035a167fe6bd3dac4cd548625d204592,895718eee45a850d435c8240f7a9ee014cfb599978558936fe2e71db8b8c0270,N3_r2_current,3,3,2.0,0.24,2,current,181,137,117,64,13,1.6153846153846154,2,1.3333333333333333,2,1,N3_x2_t0.24_r2_current__synthetic_line_6q_spread__seed7,N3_x2_t0.24_r2_current__synthetic_line_6q_spread__seed7,synthetic_line_6q_spread,line,True,"id,rz,sx,x,ecr",spread,"0,2,5",7,2,lexicographic_native_2q_depth_duration,6,5,1.6666666666666667,5,2.3333333333333335,2.5,3.0,1,full_reduce_depth,qiskit.Operator.equiv_global_phase,1e-10,True,VERIFIED,147,104,43,511,285,430,81,81,77,77,38,38,1.8837209302325582,5.235137399999997e-05,5.235137399999997e-05,0.15826689675990915,0.15826689675990915,0.15826689675990915,0.1737780070000099,,81077000.00005235,teleport,51046000.0000349
v0.3.0,N3_x2_t0.24_r4_current,bc2d5292433dbd57457d4b8e18f32adf5b65f135ba9bc3522cd34066a6aaff03,a8c77d0b2cdabef3b9ba279df496609f76a174ba9474507d77488b124b9a2527,N3_r4_current,3,3,2.0,0.24,4,current,361,273,233,128,13,1.6153846153846154,2,1.3333333333333333,2,1,N3_x2_t0.24_r4_current__synthetic_ring_6q_transpiler__seed7,N3_x2_t0.24_r4_current__synthetic_ring_6q_transpiler__seed7,synthetic_ring_6q_transpiler,ring,True,"id,rz,sx,x,ecr",transpiler,transpiler,7,2,lexicographic_native_2q_depth_duration,6,6,2.0,3,1.8,1.0,1.0,1,qiskit,qiskit.Operator.equiv_global_phase,1e-10,True,VERIFIED,361,233,128,622,427,516,106,106,106,106,-22,-22,0.828125,5.9541510000000054e-05,5.9541510000000054e-05,0.23943551267710056,0.23943551267710056,0.23943551267710056,0.007024107000006552,,106106000.00005955,teleport,70070000.00003967
v0.3.0,N3_x2_t0.24_r4_current,bc2d5292433dbd57457d4b8e18f32adf5b65f135ba9bc3522cd34066a6aaff03,a8c77d0b2cdabef3b9ba279df496609f76a174ba9474507d77488b124b9a2527,N3_r4_current,3,3,2.0,0.24,4,current,361,273,233,128,13,1.6153846153846154,2,1.3333333333333333,2,1,N3_x2_t0.24_r4_current__synthetic_ring_6q_transpiler__seed7,N3_x2_t0.24_r4_current__synthetic_ring_6q_transpiler__seed7,synthetic_ring_6q_transpiler,ring,True,"id,rz,sx,x,ecr",transpiler,transpiler,7,2,lexicographic_native_2q_depth_duration,6,6,2.0,3,1.8,1.0,1.0,1,basic,qiskit.Operator.equiv_global_phase,1e-10,True,VERIFIED,243,131,112,618,383,512,106,106,106,106,-6,-6,0.9464285714285714,6.046725000000006e-05,6.046725000000006e-05,0.23847438075559863,0.23847438075559863,0.23847438075559863,0.08201556500011975,,106106000.00006047,teleport,70070000.00003967
v0.3.0,N3_x2_t0.24_r4_current,bc2d5292433dbd57457d4b8e18f32adf5b65f135ba9bc3522cd34066a6aaff03,a8c77d0b2cdabef3b9ba279df496609f76a174ba9474507d77488b124b9a2527,N3_r4_current,3,3,2.0,0.24,4,current,361,273,233,128,13,1.6153846153846154,2,1.3333333333333333,2,1,N3_x2_t0.24_r4_current__synthetic_ring_6q_transpiler__seed7,N3_x2_t0.24_r4_current__synthetic_ring_6q_transpiler__seed7,synthetic_ring_6q_transpiler,ring,True,"id,rz,sx,x,ecr",transpiler,transpiler,7,2,lexicographic_native_2q_depth_duration,6,6,2.0,3,1.8,1.0,1.0,1,basic_swaps,qiskit.Operator.equiv_global_phase,1e-10,True,VERIFIED,243,131,112,618,383,512,106,106,106,106,-6,-6,0.9464285714285714,6.046725000000006e-05,6.046725000000006e-05,0.23847438075559863,0.23847438075559863,0.23847438075559863,0.08310479100009616,,106106000.00006047,teleport,70070000.00003967
v0.3.0,N3_x2_t0.24_r4_current,bc2d5292433dbd57457d4b8e18f32adf5b65f135ba9bc3522cd34066a6aaff03,a8c77d0b2cdabef3b9ba279df496609f76a174ba9474507d77488b124b9a2527,N3_r4_current,3,3,2.0,0.24,4,current,361,273,233,128,13,1.6153846153846154,2,1.3333333333333333,2,1,N3_x2_t0.24_r4_current__synthetic_ring_6q_transpiler__seed7,N3_x2_t0.24_r4_current__synthetic_ring_6q_transpiler__seed7,synthetic_ring_6q_transpiler,ring,True,"id,rz,sx,x,ecr",transpiler,transpiler,7,2,lexicographic_native_2q_depth_duration,6,6,2.0,3,1.8,1.0,1.0,1,teleport,qiskit.Operator.equiv_global_phase,1e-10,True,VERIFIED,330,202,128,468,292,398,70,70,70,70,-58,-58,0.546875,3.9665184000000004e-05,3.9665184000000004e-05,0.16014794899548326,0.16014794899548326,0.16014794899548326,0.1938844109999991,,70070000.00003967,teleport,70070000.00003967
v0.3.0,N3_x2_t0.24_r4_current,bc2d5292433dbd57457d4b8e18f32adf5b65f135ba9bc3522cd34066a6aaff03,a8c77d0b2cdabef3b9ba279df496609f76a174ba9474507d77488b124b9a2527,N3_r4_current,3,3,2.0,0.24,4,current,361,273,233,128,13,1.6153846153846154,2,1.3333333333333333,2,1,N3_x2_t0.24_r4_current__synthetic_ring_6q_transpiler__seed7,N3_x2_t0.24_r4_current__synthetic_ring_6q_transpiler__seed7,synthetic_ring_6q_transpiler,ring,True,"id,rz,sx,x,ecr",transpiler,transpiler,7,2,lexicographic_native_2q_depth_duration,6,6,2.0,3,1.8,1.0,1.0,1,full_reduce,qiskit.Operator.equiv_global_phase,1e-10,True,VERIFIED,270,184,86,834,503,708,126,126,126,126,40,40,1.4651162790697674,8.39655060000001e-05,8.39655060000001e-05,0.26109740305168094,0.26109740305168094,0.26109740305168094,0.17199702599987177,,126126000.00008397,teleport,70070000.00003967
v0.3.0,N3_x2_t0.24_r4_current,bc2d5292433dbd57457d4b8e18f32adf5b65f135ba9bc3522cd34066a6aaff03,a8c77d0b2cdabef3b9ba279df496609f76a174ba9474507d77488b124b9a2527,N3_r4_current,3,3,2.0,0.24,4,current,361,273,233,128,13,1.6153846153846154,2,1.3333333333333333,2,1,N3_x2_t0.24_r4_current__synthetic_ring_6q_transpiler__seed7,N3_x2_t0.24_r4_current__synthetic_ring_6q_transpiler__seed7,synthetic_ring_6q_transpiler,ring,True,"id,rz,sx,x,ecr",transpiler,transpiler,7,2,lexicographic_native_2q_depth_duration,6,6,2.0,3,1.8,1.0,1.0,1,full_reduce_depth,qiskit.Operator.equiv_global_phase,1e-10,True,VERIFIED,276,184,92,888,536,747,141,141,141,141,49,49,1.5326086956521738,9.503709000000021e-05,9.503709000000021e-05,0.2819305136266381,0.2819305136266381,0.2819305136266381,0.4562982100001136,,141141000.00009504,teleport,70070000.00003967
v0.3.0,N3_x2_t0.24_r8_current,0fc28dc35599b93623d9613d500225976d3b315fe307e512a0db8d51410569b8,6c1d27e17ed1cf182fc54db750bd1543268c42d972721db2752c586c79302655,N3_r8_current,3,3,2.0,0.24,8,current,721,545,465,256,13,1.6153846153846154,2,1.3333333333333333,2,1,N3_x2_t0.24_r8_current__synthetic_grid_6q_transpiler__seed7,N3_x2_t0.24_r8_current__synthetic_grid_6q_transpiler__seed7,synthetic_grid_6q_transpiler,grid,True,"id,rz,sx,x,ecr",transpiler,transpiler,7,2,lexicographic_native_2q_depth_duration,6,7,2.3333333333333335,3,1.6666666666666667,1.0,1.0,1,qiskit,qiskit.Operator.equiv_global_phase,1e-10,True,VERIFIED,721,465,256,1365,865,1155,210,210,210,210,-46,-46,0.8203125,0.0001380999840000002,0.0001380999840000002,0.40964768222870696,0.40964768222870696,0.40964768222870696,0.010000494999985676,,210210000.0001381,teleport,142142000.0000966
v0.3.0,N3_x2_t0.24_r8_current,0fc28dc35599b93623d9613d500225976d3b315fe307e512a0db8d51410569b8,6c1d27e17ed1cf182fc54db750bd1543268c42d972721db2752c586c79302655,N3_r8_current,3,3,2.0,0.24,8,current,721,545,465,256,13,1.6153846153846154,2,1.3333333333333333,2,1,N3_x2_t0.24_r8_current__synthetic_grid_6q_transpiler__seed7,N3_x2_t0.24_r8_current__synthetic_grid_6q_transpiler__seed7,synthetic_grid_6q_transpiler,grid,True,"id,rz,sx,x,ecr",transpiler,transpiler,7,2,lexicographic_native_2q_depth_duration,6,7,2.3333333333333335,3,1.6666666666666667,1.0,1.0,1,basic,qiskit.Operator.equiv_global_phase,1e-10,True,VERIFIED,483,259,224,1362,831,1152,210,210,210,210,-14,-14,0.9375,0.00014032708800000018,0.00014032708800000018,0.40772541838570303,0.40772541838570303,0.40772541838570303,0.14706495399991582,,210210000.00014034,teleport,142142000.0000966
v0.3.0,N3_x2_t0.24_r8_current,0fc28dc35599b93623d9613d500225976d3b315fe307e512a0db8d51410569b8,6c1d27e17ed1cf182fc54db750bd1543268c42d972721db2752c586c79302655,N3_r8_current,3,3,2.0,0.24,8,current,721,545,465,256,13,1.6153846153846154,2,1.3333333333333333,2,1,N3_x2_t0.24_r8_current__synthetic_grid_6q_transpiler__seed7,N3_x2_t0.24_r8_current__synthetic_grid_6q_transpiler__seed7,synthetic_grid_6q_transpiler,grid,True,"id,rz,sx,x,ecr",transpiler,transpiler,7,2,lexicographic_native_2q_depth_duration,6,7,2.3333333333333335,3,1.6666666666666667,1.0,1.0,1,basic_swaps,qiskit.Operator.equiv_global_phase,1e-10,True,VERIFIED,483,259,224,1362,831,1152,210,210,210,210,-14,-14,0.9375,0.00014032708800000018,0.00014032708800000018,0.40772541838570303,0.40772541838570303,0.40772541838570303,0.14412680600003114,,210210000.00014034,teleport,142142000.0000966
v0.3.0,N3_x2_t0.24_r8_current,0fc28dc35599b93623d9613d500225976d3b315fe307e512a0db8d51410569b8,6c1d27e17ed1cf182fc54db750bd1543268c42d972721db2752c586c79302655,N3_r8_current,3,3,2.0,0.24,8,current,721,545,465,256,13,1.6153846153846154,2,1.3333333333333333,2,1,N3_x2_t0.24_r8_current__synthetic_grid_6q_transpiler__seed7,N3_x2_t0.24_r8_current__synthetic_grid_6q_transpiler__seed7,synthetic_grid_6q_transpiler,grid,True,"id,rz,sx,x,ecr",transpiler,transpiler,7,2,lexicographic_native_2q_depth_duration,6,7,2.3333333333333335,3,1.6666666666666667,1.0,1.0,1,teleport,qiskit.Operator.equiv_global_phase,1e-10,True,VERIFIED,654,398,256,911,563,769,142,142,142,142,-114,-114,0.5546875,9.658909200000003e-05,9.658909200000003e-05,0.28034495597090736,0.28034495597090736,0.28034495597090736,0.39133951500002695,,142142000.0000966,teleport,142142000.0000966
v0.3.0,N3_x2_t0.24_r8_current,0fc28dc35599b93623d9613d500225976d3b315fe307e512a0db8d51410569b8,6c1d27e17ed1cf182fc54db750bd1543268c42d972721db2752c586c79302655,N3_r8_current,3,3,2.0,0.24,8,current,721,545,465,256,13,1.6153846153846154,2,1.3333333333333333,2,1,N3_x2_t0.24_r8_current__synthetic_grid_6q_transpiler__seed7,N3_x2_t0.24_r8_current__synthetic_grid_6q_transpiler__seed7,synthetic_grid_6q_transpiler,grid,True,"id,rz,sx,x,ecr",transpiler,transpiler,7,2,lexicographic_native_2q_depth_duration,6,7,2.3333333333333335,3,1.6666666666666667,1.0,1.0,1,full_reduce,qiskit.Operator.equiv_global_phase,1e-10,True,VERIFIED,500,346,154,1773,1024,1519,254,254,237,237,100,100,1.6493506493506493,0.00013209555000000018,0.00013209555000000018,0.5643466763834977,0.5643466763834977,0.5643466763834977,0.36825329699991016,,254237000.00013208,teleport,142142000.0000966
v0.3.0,N3_x2_t0.24_r8_current,0fc28dc35599b93623d9613d500225976d3b315fe307e512a0db8d51410569b8,6c1d27e17ed1cf182fc54db750bd1543268c42d972721db2752c586c79302655,N3_r8_current,3,3,2.0,0.24,8,current,721,545,465,256,13,1.6153846153846154,2,1.3333333333333333,2,1,N3_x2_t0.24_r8_current__synthetic_grid_6q_transpiler__seed7,N3_x2_t0.24_r8_current__synthetic_grid_6q_transpiler__seed7,synthetic_grid_6q_transpiler,grid,True,"id,rz,sx,x,ecr",transpiler,transpiler,7,2,lexicographic_native_2q_depth_duration,6,7,2.3333333333333335,3,1.6666666666666667,1.0,1.0,1,full_reduce_depth,qiskit.Operator.equiv_global_phase,1e-10,True,VERIFIED,494,346,148,1605,924,1362,243,243,235,235,95,95,1.6418918918918919,0.00012582826799999958,0.00012582826799999958,0.5807674956672244,0.5807674956672244,0.5807674956672244,0.9979598420000002,,243235000.00012583,teleport,142142000.0000966
v0.3.0,N3_x1_t0.16_r2_reversed,b4d5502166457832ab5510beca11bf8da7f4721a767e3c0a5898a00a9f9831cd,53c4f0677915c62f9f4a3a2141402bf5759264456ba570678b9a3dd1792b6691,N3_r2_reversed,3,3,1.0,0.16,2,reversed,181,137,117,64,13,1.6153846153846154,2,1.3333333333333333,2,1,N3_x1_t0.16_r2_reversed__synthetic_heavy_hex_like_7q_transpiler__seed7,N3_x1_t0.16_r2_reversed__synthetic_heavy_hex_like_7q_transpiler__seed7,synthetic_heavy_hex_like_7q_transpiler,heavy_hex_like,True,"id,rz,sx,x,ecr",transpiler,transpiler,7,2,lexicographic_native_2q_depth_duration,7,7,2.0,5,2.2857142857142856,1.0,1.0,1,qiskit,qiskit.Operator.equiv_global_phase,1e-10,True,VERIFIED,181,117,64,344,231,288,56,56,56,56,-8,-8,0.875,1.6970790000000006e-05,1.6970790000000006e-05,0.08165908454245761,0.08165908454245761,0.08165908454245761,0.007344613999975991,,56056000.00001697,teleport,40040000.00001214
v0.3.0,N3_x1_t0.16_r2_reversed,b4d5502166457832ab5510beca11bf8da7f4721a767e3c0a5898a00a9f9831cd,53c4f0677915c62f9f4a3a2141402bf5759264456ba570678b9a3dd1792b6691,N3_r2_reversed,3,3,1.0,0.16,2,reversed,181,137,117,64,13,1.6153846153846154,2,1.3333333333333333,2,1,N3_x1_t0.16_r2_reversed__synthetic_heavy_hex_like_7q_transpiler__seed7,N3_x1_t0.16_r2_reversed__synthetic_heavy_hex_like_7q_transpiler__seed7,synthetic_heavy_hex_like_7q_transpiler,heavy_hex_like,True,"id,rz,sx,x,ecr",transpiler,transpiler,7,2,lexicographic_native_2q_depth_duration,7,7,2.0,5,2.2857142857142856,1.0,1.0,1,basic,qiskit.Operator.equiv_global_phase,1e-10,True,VERIFIED,127,67,60,345,233,289,56,56,56,56,-4,-4,0.9333333333333333,1.7046936000000003e-05,1.7046936000000003e-05,0.08165908454245761,0.08165908454245761,0.08165908454245761,0.040385596999840345,,56056000.00001705,teleport,40040000.00001214
v0.3.0,N3_x1_t0.16_r2_reversed,b4d5502166457832ab5510beca11bf8da7f4721a767e3c0a5898a00a9f9831cd,53c4f0677915c62f9f4a3a2141402bf5759264456ba570678b9a3dd1792b6691,N3_r2_reversed,3,3,1.0,0.16,2,reversed,181,137,117,64,13,1.6153846153846154,2,1.3333333333333333,2,1,N3_x1_t0.16_r2_reversed__synthetic_heavy_hex_like_7q_transpiler__seed7,N3_x1_t0.16_r2_reversed__synthetic_heavy_hex_like_7q_transpiler__seed7,synthetic_heavy_hex_like_7q_transpiler,heavy_hex_like,True,"id,rz,sx,x,ecr",transpiler,transpiler,7,2,lexicographic_native_2q_depth_duration,7,7,2.0,5,2.2857142857142856,1.0,1.0,1,basic_swaps,qiskit.Operator.equiv_global_phase,1e-10,True,VERIFIED,127,67,60,345,233,289,56,56,56,56,-4,-4,0.9333333333333333,1.7046936000000003e-05,1.7046936000000003e-05,0.08165908454245761,0.08165908454245761,0.08165908454245761,0.04075603299997965,,56056000.00001705,teleport,40040000.00001214
v0.3.0,N3_x1_t0.16_r2_reversed,b4d5502166457832ab5510beca11bf8da7f4721a767e3c0a5898a00a9f9831cd,53c4f0677915c62f9f4a3a2141402bf5759264456ba570678b9a3dd1792b6691,N3_r2_reversed,3,3,1.0,0.16,2,reversed,181,137,117,64,13,1.6153846153846154,2,1.3333333333333333,2,1,N3_x1_t0.16_r2_reversed__synthetic_heavy_hex_like_7q_transpiler__seed7,N3_x1_t0.16_r2_reversed__synthetic_heavy_hex_like_7q_transpiler__seed7,synthetic_heavy_hex_like_7q_transpiler,heavy_hex_like,True,"id,rz,sx,x,ecr",transpiler,transpiler,7,2,lexicographic_native_2q_depth_duration,7,7,2.0,5,2.2857142857142856,1.0,1.0,1,teleport,qiskit.Operator.equiv_global_phase,1e-10,True,VERIFIED,167,103,64,265,168,225,40,40,40,40,-24,-24,0.625,1.213674000000001e-05,1.213674000000001e-05,0.057728121884273446,0.057728121884273446,0.057728121884273446,0.08643042799985778,,40040000.00001214,teleport,40040000.00001214
v0.3.0,N3_x1_t0.16_r2_reversed,b4d5502166457832ab5510beca11bf8da7f4721a767e3c0a5898a00a9f9831cd,53c4f0677915c62f9f4a3a2141402bf5759264456ba570678b9a3dd1792b6691,N3_r2_reversed,3,3,1.0,0.16,2,reversed,181,137,117,64,13,1.6153846153846154,2,1.3333333333333333,2,1,N3_x1_t0.16_r2_reversed__synthetic_heavy_hex_like_7q_transpiler__seed7,N3_x1_t0.16_r2_reversed__synthetic_heavy_hex_like_7q_transpiler__seed7,synthetic_heavy_hex_like_7q_transpiler,heavy_hex_like,True,"id,rz,sx,x,ecr",transpiler,transpiler,7,2,lexicographic_native_2q_depth_duration,7,7,2.0,5,2.2857142857142856,1.0,1.0,1,full_reduce,qiskit.Operator.equiv_global_phase,1e-10,True,VERIFIED,143,98,45,580,351,513,67,67,67,67,22,22,1.488888888888889,2.2246841999999953e-05,2.2246841999999953e-05,0.09758680017966251,0.09758680017966251,0.09758680017966251,0.08341551900002742,,67067000.00002225,teleport,40040000.00001214
v0.3.0,N3_x1_t0.16_r2_reversed,b4d5502166457832ab5510beca11bf8da7f4721a767e3c0a5898a00a9f9831cd,53c4f0677915c62f9f4a3a2141402bf5759264456ba570678b9a3dd1792b6691,N3_r2_reversed,3,3,1.0,0.16,2,reversed,181,137,117,64,13,1.6153846153846154,2,1.3333333333333333,2,1,N3_x1_t0.16_r2_reversed__synthetic_heavy_hex_like_7q_transpiler__seed7,N3_x1_t0.16_r2_reversed__synthetic_heavy_hex_like_7q_transpiler__seed7,synthetic_heavy_hex_like_7q_transpiler,heavy_hex_like,True,"id,rz,sx,x,ecr",transpiler,transpiler,7,2,lexicographic_native_2q_depth_duration,7,7,2.0,5,2.2857142857142856,1.0,1.0,1,full_reduce_depth,qiskit.Operator.equiv_global_phase,1e-10,True,VERIFIED,138,98,40,548,325,484,64,64,64,64,24,24,1.6,2.091128999999997e-05,2.091128999999997e-05,0.09257492349095627,0.09257492349095627,0.09257492349095627,0.13804722600002606,,64064000.000020914,teleport,40040000.00001214
v0.3.0,N3_x4_t0.32_r2_symmetry,ac6b0ec8a87f8ed094687863df9d6498a8b4b06a1b576afe0276269b349691fe,ba6a68ec18cf628ef593f8bf116adff9beb0c49bfece1e9746db62e3c2b91702,N3_r2_symmetry,3,3,4.0,0.32,2,symmetry,181,133,117,64,13,1.6153846153846154,2,1.3333333333333333,2,1,N3_x4_t0.32_r2_symmetry__synthetic_line_6q_favorable__seed7,N3_x4_t0.32_r2_symmetry__synthetic_line_6q_favorable__seed7,synthetic_line_6q_favorable,line,True,"id,rz,sx,x,ecr",favorable,"0,1,2",7,2,lexicographic_native_2q_depth_duration,6,5,1.6666666666666667,5,2.3333333333333335,1.0,1.0,1,qiskit,qiskit.Operator.equiv_global_phase,1e-10,True,VERIFIED,181,117,64,337,210,283,54,54,54,54,-10,-10,0.84375,3.4766754e-05,3.4766754e-05,0.10355159837481505,0.10355159837481505,0.10355159837481505,0.0061035210001136875,,54054000.000034764,basic,42042000.000025414
v0.3.0,N3_x4_t0.32_r2_symmetry,ac6b0ec8a87f8ed094687863df9d6498a8b4b06a1b576afe0276269b349691fe,ba6a68ec18cf628ef593f8bf116adff9beb0c49bfece1e9746db62e3c2b91702,N3_r2_symmetry,3,3,4.0,0.32,2,symmetry,181,133,117,64,13,1.6153846153846154,2,1.3333333333333333,2,1,N3_x4_t0.32_r2_symmetry__synthetic_line_6q_favorable__seed7,N3_x4_t0.32_r2_symmetry__synthetic_line_6q_favorable__seed7,synthetic_line_6q_favorable,line,True,"id,rz,sx,x,ecr",favorable,"0,1,2",7,2,lexicographic_native_2q_depth_duration,6,5,1.6666666666666667,5,2.3333333333333335,1.0,1.0,1,basic,qiskit.Operator.equiv_global_phase,1e-10,True,VERIFIED,141,89,52,282,176,240,42,42,42,42,-10,-10,0.8076923076923077,2.5416114000000028e-05,2.5416114000000028e-05,0.07732558036064957,0.07732558036064957,0.07732558036064957,0.04429769600005784,,42042000.000025414,basic,42042000.000025414
v0.3.0,N3_x4_t0.32_r2_symmetry,ac6b0ec8a87f8ed094687863df9d6498a8b4b06a1b576afe0276269b349691fe,ba6a68ec18cf628ef593f8bf116adff9beb0c49bfece1e9746db62e3c2b91702,N3_r2_symmetry,3,3,4.0,0.32,2,symmetry,181,133,117,64,13,1.6153846153846154,2,1.3333333333333333,2,1,N3_x4_t0.32_r2_symmetry__synthetic_line_6q_favorable__seed7,N3_x4_t0.32_r2_symmetry__synthetic_line_6q_favorable__seed7,synthetic_line_6q_favorable,line,True,"id,rz,sx,x,ecr",favorable,"0,1,2",7,2,lexicographic_native_2q_depth_duration,6,5,1.6666666666666667,5,2.3333333333333335,1.0,1.0,1,basic_swaps,qiskit.Operator.equiv_global_phase,1e-10,True,VERIFIED,141,89,52,282,176,240,42,42,42,42,-10,-10,0.8076923076923077,2.5416114000000028e-05,2.5416114000000028e-05,0.07732558036064957,0.07732558036064957,0.07732558036064957,0.04589155100006792,,42042000.000025414,basic,42042000.000025414
v0.3.0,N3_x4_t0.32_r2_symmetry,ac6b0ec8a87f8ed094687863df9d6498a8b4b06a1b576afe0276269b349691fe,ba6a68ec18cf628ef593f8bf116adff9beb0c49bfece1e9746db62e3c2b91702,N3_r2_symmetry,3,3,4.0,0.32,2,symmetry,181,133,117,64,13,1.6153846153846154,2,1.3333333333333333,2,1,N3_x4_t0.32_r2_symmetry__synthetic_line_6q_favorable__seed7,N3_x4_t0.32_r2_symmetry__synthetic_line_6q_favorable__seed7,synthetic_line_6q_favorable,line,True,"id,rz,sx,x,ecr",favorable,"0,1,2",7,2,lexicographic_native_2q_depth_duration,6,5,1.6666666666666667,5,2.3333333333333335,1.0,1.0,1,teleport,qiskit.Operator.equiv_global_phase,1e-10,True,VERIFIED,176,112,64,337,204,283,54,54,54,54,-10,-10,0.84375,3.5926482e-05,3.5926482e-05,0.10259046645331309,0.10259046645331309,0.10259046645331309,0.078315683000028,,54054000.00003593,basic,42042000.000025414
v0.3.0,N3_x4_t0.32_r2_symmetry,ac6b0ec8a87f8ed094687863df9d6498a8b4b06a1b576afe0276269b349691fe,ba6a68ec18cf628ef593f8bf116adff9beb0c49bfece1e9746db62e3c2b91702,N3_r2_symmetry,3,3,4.0,0.32,2,symmetry,181,133,117,64,13,1.6153846153846154,2,1.3333333333333333,2,1,N3_x4_t0.32_r2_symmetry__synthetic_line_6q_favorable__seed7,N3_x4_t0.32_r2_symmetry__synthetic_line_6q_favorable__seed7,synthetic_line_6q_favorable,line,True,"id,rz,sx,x,ecr",favorable,"0,1,2",7,2,lexicographic_native_2q_depth_duration,6,5,1.6666666666666667,5,2.3333333333333335,1.0,1.0,1,full_reduce,qiskit.Operator.equiv_global_phase,1e-10,True,VERIFIED,153,109,44,515,339,455,60,60,60,60,16,16,1.3636363636363635,3.395823e-05,3.395823e-05,0.11659241067020389,0.11659241067020389,0.11659241067020389,0.07286728700000822,,60060000.00003396,basic,42042000.000025414
v0.3.0,N3_x4_t0.32_r2_symmetry,ac6b0ec8a87f8ed094687863df9d6498a8b4b06a1b576afe0276269b349691fe,ba6a68ec18cf628ef593f8bf116adff9beb0c49bfece1e9746db62e3c2b91702,N3_r2_symmetry,3,3,4.0,0.32,2,symmetry,181,133,117,64,13,1.6153846153846154,2,1.3333333333333333,2,1,N3_x4_t0.32_r2_symmetry__synthetic_line_6q_favorable__seed7,N3_x4_t0.32_r2_symmetry__synthetic_line_6q_favorable__seed7,synthetic_line_6q_favorable,line,True,"id,rz,sx,x,ecr",favorable,"0,1,2",7,2,lexicographic_native_2q_depth_duration,6,5,1.6666666666666667,5,2.3333333333333335,1.0,1.0,1,full_reduce_depth,qiskit.Operator.equiv_global_phase,1e-10,True,VERIFIED,149,109,40,451,284,396,55,55,55,55,15,15,1.375,3.126892200000003e-05,3.126892200000003e-05,0.10523641715222883,0.10523641715222883,0.10523641715222883,0.13437006800018025,,55055000.00003127,basic,42042000.000025414
v0.3.0,N3_x4_t0.32_r2_symmetry,ac6b0ec8a87f8ed094687863df9d6498a8b4b06a1b576afe0276269b349691fe,ba6a68ec18cf628ef593f8bf116adff9beb0c49bfece1e9746db62e3c2b91702,N3_r2_symmetry,3,3,4.0,0.32,2,symmetry,181,133,117,64,13,1.6153846153846154,2,1.3333333333333333,2,1,N3_x4_t0.32_r2_symmetry__synthetic_line_6q_spread__seed7,N3_x4_t0.32_r2_symmetry__synthetic_line_6q_spread__seed7,synthetic_line_6q_spread,line,True,"id,rz,sx,x,ecr",spread,"0,2,5",7,2,lexicographic_native_2q_depth_duration,6,5,1.6666666666666667,5,2.3333333333333335,2.5,3.0,1,qiskit,qiskit.Operator.equiv_global_phase,1e-10,True,VERIFIED,181,117,64,394,216,331,63,63,58,58,-1,-1,0.984375,4.4093417999999976e-05,4.4093417999999976e-05,0.10940858376733124,0.10940858376733124,0.10940858376733124,0.00637893700013592,,63058000.00004409,basic,51046000.00003482
v0.3.0,N3_x4_t0.32_r2_symmetry,ac6b0ec8a87f8ed094687863df9d6498a8b4b06a1b576afe0276269b349691fe,ba6a68ec18cf628ef593f8bf116adff9beb0c49bfece1e9746db62e3c2b91702,N3_r2_symmetry,3,3,4.0,0.32,2,symmetry,181,133,117,64,13,1.6153846153846154,2,1.3333333333333333,2,1,N3_x4_t0.32_r2_symmetry__synthetic_line_6q_spread__seed7,N3_x4_t0.32_r2_symmetry__synthetic_line_6q_spread__seed7,synthetic_line_6q_spread,line,True,"id,rz,sx,x,ecr",spread,"0,2,5",7,2,lexicographic_native_2q_depth_duration,6,5,1.6666666666666667,5,2.3333333333333335,2.5,3.0,1,basic,qiskit.Operator.equiv_global_phase,1e-10,True,VERIFIED,141,89,52,344,188,293,51,51,46,46,-1,-1,0.9807692307692307,3.4814261999999986e-05,3.4814261999999986e-05,0.09235993460951569,0.09235993460951569,0.09235993460951569,0.04516662900005031,,51046000.00003482,basic,51046000.00003482
v0.3.0,N3_x4_t0.32_r2_symmetry,ac6b0ec8a87f8ed094687863df9d6498a8b4b06a1b576afe0276269b349691fe,ba6a68ec18cf628ef593f8bf116adff9beb0c49bfece1e9746db62e3c2b91702,N3_r2_symmetry,3,3,4.0,0.32,2,symmetry,181,133,117,64,13,1.6153846153846154,2,1.3333333333333333,2,1,N3_x4_t0.32_r2_symmetry__synthetic_line_6q_spread__seed7,N3_x4_t0.32_r2_symmetry__synthetic_line_6q_spread__seed7,synthetic_line_6q_spread,line,True,"id,rz,sx,x,ecr",spread,"0,2,5",7,2,lexicographic_native_2q_depth_duration,6,5,1.6666666666666667,5,2.3333333333333335,2.5,3.0,1,basic_swaps,qiskit.Operator.equiv_global_phase,1e-10,True,VERIFIED,141,89,52,344,188,293,51,51,46,46,-1,-1,0.9807692307692307,3.4814261999999986e-05,3.4814261999999986e-05,0.09235993460951569,0.09235993460951569,0.09235993460951569,0.046560166000062964,,51046000.00003482,basic,51046000.00003482
v0.3.0,N3_x4_t0.32_r2_symmetry,ac6b0ec8a87f8ed094687863df9d6498a8b4b06a1b576afe0276269b349691fe,ba6a68ec18cf628ef593f8bf116adff9beb0c49bfece1e9746db62e3c2b91702,N3_r2_symmetry,3,3,4.0,0.32,2,symmetry,181,133,117,64,13,1.6153846153846154,2,1.3333333333333333,2,1,N3_x4_t0.32_r2_symmetry__synthetic_line_6q_spread__seed7,N3_x4_t0.32_r2_symmetry__synthetic_line_6q_spread__seed7,synthetic_line_6q_spread,line,True,"id,rz,sx,x,ecr",spread,"0,2,5",7,2,lexicographic_native_2q_depth_duration,6,5,1.6666666666666667,5,2.3333333333333335,2.5,3.0,1,teleport,qiskit.Operator.equiv_global_phase,1e-10,True,VERIFIED,176,112,64,388,202,325,63,63,58,58,-1,-1,0.984375,4.454496599999997e-05,4.454496599999997e-05,0.10763487071650335,0.10763487071650335,0.10763487071650335,0.07667134799999076,,63058000.00004455,basic,51046000.00003482
v0.3.0,N3_x4_t0.32_r2_symmetry,ac6b0ec8a87f8ed094687863df9d6498a8b4b06a1b576afe0276269b349691fe,ba6a68ec18cf628ef593f8bf116adff9beb0c49bfece1e9746db62e3c2b91702,N3_r2_symmetry,3,3,4.0,0.32,2,symmetry,181,133,117,64,13,1.6153846153846154,2,1.3333333333333333,2,1,N3_x4_t0.32_r2_symmetry__synthetic_line_6q_spread__seed7,N3_x4_t0.32_r2_symmetry__synthetic_line_6q_spread__seed7,synthetic_line_6q_spread,line,True,"id,rz,sx,x,ecr",spread,"0,2,5",7,2,lexicographic_native_2q_depth_duration,6,5,1.6666666666666667,5,2.3333333333333335,2.5,3.0,1,full_reduce,qiskit.Operator.equiv_global_phase,1e-10,True,VERIFIED,153,109,44,506,289,437,69,69,66,66,25,25,1.5681818181818181,4.3299323999999986e-05,4.3299323999999986e-05,0.13442798019153993,0.13442798019153993,0.13442798019153993,0.07336580200012577,,69066000.0000433,basic,51046000.00003482
v0.3.0,N3_x4_t0.32_r2_symmetry,ac6b0ec8a87f8ed094687863df9d6498a8b4b06a1b576afe0276269b349691fe,ba6a68ec18cf628ef593f8bf116adff9beb0c49bfece1e9746db62e3c2b91702,N3_r2_symmetry,3,3,4.0,0.32,2,symmetry,181,133,117,64,13,1.6153846153846154,2,1.3333333333333333,2,1,N3_x4_t0.32_r2_symmetry__synthetic_line_6q_spread__seed7,N3_x4_t0.32_r2_symmetry__synthetic_line_6q_spread__seed7,synthetic_line_6q_spread,line,True,"id,rz,sx,x,ecr",spread,"0,2,5",7,2,lexicographic_native_2q_depth_duration,6,5,1.6666666666666667,5,2.3333333333333335,2.5,3.0,1,full_reduce_depth,qiskit.Operator.equiv_global_phase,1e-10,True,VERIFIED,149,109,40,450,250,386,64,64,61,61,24,24,1.6,4.163454599999999e-05,4.163454599999999e-05,0.12300753943175544,0.12300753943175544,0.12300753943175544,0.1341726739999558,,64061000.000041634,basic,51046000.00003482
v0.3.0,N3_x4_t0.32_r2_symmetry,ac6b0ec8a87f8ed094687863df9d6498a8b4b06a1b576afe0276269b349691fe,ba6a68ec18cf628ef593f8bf116adff9beb0c49bfece1e9746db62e3c2b91702,N3_r2_symmetry,3,3,4.0,0.32,2,symmetry,181,133,117,64,13,1.6153846153846154,2,1.3333333333333333,2,1,N3_x4_t0.32_r2_symmetry__synthetic_ring_6q_transpiler__seed7,N3_x4_t0.32_r2_symmetry__synthetic_ring_6q_transpiler__seed7,synthetic_ring_6q_transpiler,ring,True,"id,rz,sx,x,ecr",transpiler,transpiler,7,2,lexicographic_native_2q_depth_duration,6,6,2.0,3,1.8,1.0,1.0,1,qiskit,qiskit.Operator.equiv_global_phase,1e-10,True,VERIFIED,181,117,64,345,246,291,54,54,54,54,-10,-10,0.84375,3.075365999999999e-05,3.075365999999999e-05,0.12092390761616818,0.12092390761616818,0.12092390761616818,0.006602537999924607,,54054000.000030756,basic,42042000.00002467
v0.3.0,N3_x4_t0.32_r2_symmetry,ac6b0ec8a87f8ed094687863df9d6498a8b4b06a1b576afe0276269b349691fe,ba6a68ec18cf628ef593f8bf116adff9beb0c49bfece1e9746db62e3c2b91702,N3_r2_symmetry,3,3,4.0,0.32,2,symmetry,181,133,117,64,13,1.6153846153846154,2,1.3333333333333333,2,1,N3_x4_t0.32_r2_symmetry__synthetic_ring_6q_transpiler__seed7,N3_x4_t0.32_r2_symmetry__synthetic_ring_6q_transpiler__seed7,synthetic_ring_6q_transpiler,ring,True,"id,rz,sx,x,ecr",transpiler,transpiler,7,2,lexicographic_native_2q_depth_duration,6,6,2.0,3,1.8,1.0,1.0,1,basic,qiskit.Operator.equiv_global_phase,1e-10,True,VERIFIED,141,89,52,309,201,267,42,42,42,42,-10,-10,0.8076923076923077,2.4669971999999986e-05,2.4669971999999986e-05,0.09002902957405967,0.09002902957405967,0.09002902957405967,0.045377194999900894,,42042000.00002467,basic,42042000.00002467
v0.3.0,N3_x4_t0.32_r2_symmetry,ac6b0ec8a87f8ed094687863df9d6498a8b4b06a1b576afe0276269b349691fe,ba6a68ec18cf628ef593f8bf116adff9beb0c49bfece1e9746db62e3c2b91702,N3_r2_symmetry,3,3,4.0,0.32,2,symmetry,181,133,117,64,13,1.6153846153846154,2,1.3333333333333333,2,1,N3_x4_t0.32_r2_symmetry__synthetic_ring_6q_transpiler__seed7,N3_x4_t0.32_r2_symmetry__synthetic_ring_6q_transpiler__seed7,synthetic_ring_6q_transpiler,ring,True,"id,rz,sx,x,ecr",transpiler,transpiler,7,2,lexicographic_native_2q_depth_duration,6,6,2.0,3,1.8,1.0,1.0,1,basic_swaps,qiskit.Operator.equiv_global_phase,1e-10,True,VERIFIED,141,89,52,309,201,267,42,42,42,42,-10,-10,0.8076923076923077,2.4669971999999986e-05,2.4669971999999986e-05,0.09002902957405967,0.09002902957405967,0.09002902957405967,0.04604494499994871,,42042000.00002467,basic,42042000.00002467
v0.3.0,N3_x4_t0.32_r2_symmetry,ac6b0ec8a87f8ed094687863df9d6498a8b4b06a1b576afe0276269b349691fe,ba6a68ec18cf628ef593f8bf116adff9beb0c49bfece1e9746db62e3c2b91702,N3_r2_symmetry,3,3,4.0,0.32,2,symmetry,181,133,117,64,13,1.6153846153846154,2,1.3333333333333333,2,1,N3_x4_t0.32_r2_symmetry__synthetic_ring_6q_transpiler__seed7,N3_x4_t0.32_r2_symmetry__synthetic_ring_6q_transpiler__seed7,synthetic_ring_6q_transpiler,ring,True,"id,rz,sx,x,ecr",transpiler,transpiler,7,2,lexicographic_native_2q_depth_duration,6,6,2.0,3,1.8,1.0,1.0,1,teleport,qiskit.Operator.equiv_global_phase,1e-10,True,VERIFIED,176,112,64,344,243,290,54,54,54,54,-10,-10,0.84375,3.087731399999998e-05,3.087731399999998e-05,0.12092390761616818,0.12092390761616818,0.12092390761616818,0.07603994700002659,,54054000.000030875,basic,42042000.00002467
v0.3.0,N3_x4_t0.32_r2_symmetry,ac6b0ec8a87f8ed094687863df9d6498a8b4b06a1b576afe0276269b349691fe,ba6a68ec18cf628ef593f8bf116adff9beb0c49bfece1e9746db62e3c2b91702,N3_r2_symmetry,3,3,4.0,0.32,2,symmetry,181,133,117,64,13,1.6153846153846154,2,1.3333333333333333,2,1,N3_x4_t0.32_r2_symmetry__synthetic_ring_6q_transpiler__seed7,N3_x4_t0.32_r2_symmetry__synthetic_ring_6q_transpiler__seed7,synthetic_ring_6q_transpiler,ring,True,"id,rz,sx,x,ecr",transpiler,transpiler,7,2,lexicographic_native_2q_depth_duration,6,6,2.0,3,1.8,1.0,1.0,1,full_reduce,qiskit.Operator.equiv_global_phase,1e-10,True,VERIFIED,153,109,44,447,272,382,65,65,65,65,21,21,1.4772727272727273,4.2731891999999974e-05,4.2731891999999974e-05,0.1364304131824413,0.1364304131824413,0.1364304131824413,0.07370762499999728,,65065000.00004273,basic,42042000.00002467
v0.3.0,N3_x4_t0.32_r2_symmetry,ac6b0ec8a87f8ed094687863df9d6498a8b4b06a1b576afe0276269b349691fe,ba6a68ec18cf628ef593f8bf116adff9beb0c49bfece1e9746db62e3c2b91702,N3_r2_symmetry,3,3,4.0,0.32,2,symmetry,181,133,117,64,13,1.6153846153846154,2,1.3333333333333333,2,1,N3_x4_t0.32_r2_symmetry__synthetic_ring_6q_transpiler__seed7,N3_x4_t0.32_r2_symmetry__synthetic_ring_6q_transpiler__seed7,synthetic_ring_6q_transpiler,ring,True,"id,rz,sx,x,ecr",transpiler,transpiler,7,2,lexicographic_native_2q_depth_duration,6,6,2.0,3,1.8,1.0,1.0,1,full_reduce_depth,qiskit.Operator.equiv_global_phase,1e-10,True,VERIFIED,149,109,40,423,244,368,55,55,55,55,15,15,1.375,3.494612999999998e-05,3.494612999999998e-05,0.1149452275338035,0.1149452275338035,0.1149452275338035,0.1330986230000235,,55055000.00003494,basic,42042000.00002467
v0.3.0,N3_x4_t0.32_r2_symmetry,ac6b0ec8a87f8ed094687863df9d6498a8b4b06a1b576afe0276269b349691fe,ba6a68ec18cf628ef593f8bf116adff9beb0c49bfece1e9746db62e3c2b91702,N3_r2_symmetry,3,3,4.0,0.32,2,symmetry,181,133,117,64,13,1.6153846153846154,2,1.3333333333333333,2,1,N3_x4_t0.32_r2_symmetry__synthetic_grid_6q_transpiler__seed7,N3_x4_t0.32_r2_symmetry__synthetic_grid_6q_transpiler__seed7,synthetic_grid_6q_transpiler,grid,True,"id,rz,sx,x,ecr",transpiler,transpiler,7,2,lexicographic_native_2q_depth_duration,6,7,2.3333333333333335,3,1.6666666666666667,1.0,1.0,1,qiskit,qiskit.Operator.equiv_global_phase,1e-10,True,VERIFIED,181,117,64,355,220,301,54,54,54,54,-10,-10,0.84375,3.5228736000000016e-05,3.5228736000000016e-05,0.10355159837481505,0.10355159837481505,0.10355159837481505,0.0067729039999449014,,54054000.00003523,basic,42042000.00002589
v0.3.0,N3_x4_t0.32_r2_symmetry,ac6b0ec8a87f8ed094687863df9d6498a8b4b06a1b576afe0276269b349691fe,ba6a68ec18cf628ef593f8bf116adff9beb0c49bfece1e9746db62e3c2b91702,N3_r2_symmetry,3,3,4.0,0.32,2,symmetry,181,133,117,64,13,1.6153846153846154,2,1.3333333333333333,2,1,N3_x4_t0.32_r2_symmetry__synthetic_grid_6q_transpiler__seed7,N3_x4_t0.32_r2_symmetry__synthetic_grid_6q_transpiler__seed7,synthetic_grid_6q_transpiler,grid,True,"id,rz,sx,x,ecr",transpiler,transpiler,7,2,lexicographic_native_2q_depth_duration,6,7,2.3333333333333335,3,1.6666666666666667,1.0,1.0,1,basic,qiskit.Operator.equiv_global_phase,1e-10,True,VERIFIED,141,89,52,283,184,241,42,42,42,42,-10,-10,0.8076923076923077,2.5891416000000025e-05,2.5891416000000025e-05,0.07732558036064957,0.07732558036064957,0.07732558036064957,0.04496343699997851,,42042000.00002589,basic,42042000.00002589
v0.3.0,N3_x4_t0.32_r2_symmetry,ac6b0ec8a87f8ed094687863df9d6498a8b4b06a1b576afe0276269b349691fe,ba6a68ec18cf628ef593f8bf116adff9beb0c49bfece1e9746db62e3c2b91702,N3_r2_symmetry,3,3,4.0,0.32,2,symmetry,181,133,117,64,13,1.6153846153846154,2,1.3333333333333333,2,1,N3_x4_t0.32_r2_symmetry__synthetic_grid_6q_transpiler__seed7,N3_x4_t0.32_r2_symmetry__synthetic_grid_6q_transpiler__seed7,synthetic_grid_6q_transpiler,grid,True,"id,rz,sx,x,ecr",transpiler,transpiler,7,2,lexicographic_native_2q_depth_duration,6,7,2.3333333333333335,3,1.6666666666666667,1.0,1.0,1,basic_swaps,qiskit.Operator.equiv_global_phase,1e-10,True,VERIFIED,141,89,52,283,184,241,42,42,42,42,-10,-10,0.8076923076923077,2.5891416000000025e-05,2.5891416000000025e-05,0.07732558036064957,0.07732558036064957,0.07732558036064957,0.04523924800014356,,42042000.00002589,basic,42042000.00002589
v0.3.0,N3_x4_t0.32_r2_symmetry,ac6b0ec8a87f8ed094687863df9d6498a8b4b06a1b576afe0276269b349691fe,ba6a68ec18cf628ef593f8bf116adff9beb0c49bfece1e9746db62e3c2b91702,N3_r2_symmetry,3,3,4.0,0.32,2,symmetry,181,133,117,64,13,1.6153846153846154,2,1.3333333333333333,2,1,N3_x4_t0.32_r2_symmetry__synthetic_grid_6q_transpiler__seed7,N3_x4_t0.32_r2_symmetry__synthetic_grid_6q_transpiler__seed7,synthetic_grid_6q_transpiler,grid,True,"id,rz,sx,x,ecr",transpiler,transpiler,7,2,lexicographic_native_2q_depth_duration,6,7,2.3333333333333335,3,1.6666666666666667,1.0,1.0,1,teleport,qiskit.Operator.equiv_global_phase,1e-10,True,VERIFIED,176,112,64,352,211,298,54,54,54,54,-10,-10,0.84375,3.6186000000000016e-05,3.6186000000000016e-05,0.10259046645331309,0.10259046645331309,0.10259046645331309,0.07883200099990972,,54054000.00003619,basic,42042000.00002589
v0.3.0,N3_x4_t0.32_r2_symmetry,ac6b0ec8a87f8ed094687863df9d6498a8b4b06a1b576afe0276269b349691fe,ba6a68ec18cf628ef593f8bf116adff9beb0c49bfece1e9746db62e3c2b91702,N3_r2_symmetry,3,3,4.0,0.32,2,symmetry,181,133,117,64,13,1.6153846153846154,2,1.3333333333333333,2,1,N3_x4_t0.32_r2_symmetry__synthetic_grid_6q_transpiler__seed7,N3_x4_t0.32_r2_symmetry__synthetic_grid_6q_transpiler__seed7,synthetic_grid_6q_transpiler,grid,True,"id,rz,sx,x,ecr",transpiler,transpiler,7,2,lexicographic_native_2q_depth_duration,6,7,2.3333333333333335,3,1.6666666666666667,1.0,1.0,1,full_reduce,qiskit.Operator.equiv_global_phase,1e-10,True,VERIFIED,153,109,44,549,304,473,76,76,69,69,32,32,1.7272727272727273,3.574089000000001e-05,3.574089000000001e-05,0.1693288255528134,0.1693288255528134,0.1693288255528134,0.07564121299992621,,76069000.00003575,basic,42042000.00002589
v0.3.0,N3_x4_t0.32_r2_symmetry,ac6b0ec8a87f8ed094687863df9d6498a8b4b06a1b576afe0276269b349691fe,ba6a68ec18cf628ef593f8bf116adff9beb0c49bfece1e9746db62e3c2b91702,N3_r2_symmetry,3,3,4.0,0.32,2,symmetry,181,133,117,64,13,1.6153846153846154,2,1.3333333333333333,2,1,N3_x4_t0.32_r2_symmetry__synthetic_grid_6q_transpiler__seed7,N3_x4_t0.32_r2_symmetry__synthetic_grid_6q_transpiler__seed7,synthetic_grid_6q_transpiler,grid,True,"id,rz,sx,x,ecr",transpiler,transpiler,7,2,lexicographic_native_2q_depth_duration,6,7,2.3333333333333335,3,1.6666666666666667,1.0,1.0,1,full_reduce_depth,qiskit.Operator.equiv_global_phase,1e-10,True,VERIFIED,149,109,40,433,235,366,67,67,61,61,27,27,1.675,3.326181600000001e-05,3.326181600000001e-05,0.14910124456054108,0.14910124456054108,0.14910124456054108,0.1383261539999694,,67061000.00003326,basic,42042000.00002589
v0.3.0,N3_x4_t0.32_r2_symmetry,ac6b0ec8a87f8ed094687863df9d6498a8b4b06a1b576afe0276269b349691fe,ba6a68ec18cf628ef593f8bf116adff9beb0c49bfece1e9746db62e3c2b91702,N3_r2_symmetry,3,3,4.0,0.32,2,symmetry,181,133,117,64,13,1.6153846153846154,2,1.3333333333333333,2,1,N3_x4_t0.32_r2_symmetry__synthetic_heavy_hex_like_7q_transpiler__seed7,N3_x4_t0.32_r2_symmetry__synthetic_heavy_hex_like_7q_transpiler__seed7,synthetic_heavy_hex_like_7q_transpiler,heavy_hex_like,True,"id,rz,sx,x,ecr",transpiler,transpiler,7,2,lexicographic_native_2q_depth_duration,7,7,2.0,5,2.2857142857142856,1.0,1.0,1,qiskit,qiskit.Operator.equiv_global_phase,1e-10,True,VERIFIED,181,117,64,345,246,291,54,54,54,54,-10,-10,0.84375,1.6843584000000002e-05,1.6843584000000002e-05,0.07971735659077801,0.07971735659077801,0.07971735659077801,0.00590332000001581,,54054000.000016846,basic,42042000.000013396
v0.3.0,N3_x4_t0.32_r2_symmetry,ac6b0ec8a87f8ed094687863df9d6498a8b4b06a1b576afe0276269b349691fe,ba6a68ec18cf628ef593f8bf116adff9beb0c49bfece1e9746db62e3c2b91702,N3_r2_symmetry,3,3,4.0,0.32,2,symmetry,181,133,117,64,13,1.6153846153846154,2,1.3333333333333333,2,1,N3_x4_t0.32_r2_symmetry__synthetic_heavy_hex_like_7q_transpiler__seed7,N3_x4_t0.32_r2_symmetry__synthetic_heavy_hex_like_7q_transpiler__seed7,synthetic_heavy_hex_like_7q_transpiler,heavy_hex_like,True,"id,rz,sx,x,ecr",transpiler,transpiler,7,2,lexicographic_native_2q_depth_duration,7,7,2.0,5,2.2857142857142856,1.0,1.0,1,basic,qiskit.Operator.equiv_global_phase,1e-10,True,VERIFIED,141,89,52,307,197,265,42,42,42,42,-10,-10,0.8076923076923077,1.339592400000001e-05,1.339592400000001e-05,0.06386841935832674,0.06386841935832674,0.06386841935832674,0.04517466399988734,,42042000.000013396,basic,42042000.000013396
v0.3.0,N3_x4_t0.32_r2_symmetry,ac6b0ec8a87f8ed094687863df9d6498a8b4b06a1b576afe0276269b349691fe,ba6a68ec18cf628ef593f8bf116adff9beb0c49bfece1e9746db62e3c2b91702,N3_r2_symmetry,3,3,4.0,0.32,2,symmetry,181,133,117,64,13,1.6153846153846154,2,1.3333333333333333,2,1,N3_x4_t0.32_r2_symmetry__synthetic_heavy_hex_like_7q_transpiler__seed7,N3_x4_t0.32_r2_symmetry__synthetic_heavy_hex_like_7q_transpiler__seed7,synthetic_heavy_hex_like_7q_transpiler,heavy_hex_like,True,"id,rz,sx,x,ecr",transpiler,transpiler,7,2,lexicographic_native_2q_depth_duration,7,7,2.0,5,2.2857142857142856,1.0,1.0,1,basic_swaps,qiskit.Operator.equiv_global_phase,1e-10,True,VERIFIED,141,89,52,307,197,265,42,42,42,42,-10,-10,0.8076923076923077,1.339592400000001e-05,1.339592400000001e-05,0.06386841935832674,0.06386841935832674,0.06386841935832674,0.04537078299995301,,42042000.000013396,basic,42042000.000013396
v0.3.0,N3_x4_t0.32_r2_symmetry,ac6b0ec8a87f8ed094687863df9d6498a8b4b06a1b576afe0276269b349691fe,ba6a68ec18cf628ef593f8bf116adff9beb0c49bfece1e9746db62e3c2b91702,N3_r2_symmetry,3,3,4.0,0.32,2,symmetry,181,133,117,64,13,1.6153846153846154,2,1.3333333333333333,2,1,N3_x4_t0.32_r2_symmetry__synthetic_heavy_hex_like_7q_transpiler__seed7,N3_x4_t0.32_r2_symmetry__synthetic_heavy_hex_like_7q_transpiler__seed7,synthetic_heavy_hex_like_7q_transpiler,heavy_hex_like,True,"id,rz,sx,x,ecr",transpiler,transpiler,7,2,lexicographic_native_2q_depth_duration,7,7,2.0,5,2.2857142857142856,1.0,1.0,1,teleport,qiskit.Operator.equiv_global_phase,1e-10,True,VERIFIED,176,112,64,340,237,286,54,54,54,54,-10,-10,0.84375,1.6788306000000003e-05,1.6788306000000003e-05,0.07971735659077801,0.07971735659077801,0.07971735659077801,0.0749266660000103,,54054000.000016786,basic,42042000.000013396
v0.3.0,N3_x4_t0.32_r2_symmetry,ac6b0ec8a87f8ed094687863df9d6498a8b4b06a1b576afe0276269b349691fe,ba6a68ec18cf628ef593f8bf116adff9beb0c49bfece1e9746db62e3c2b91702,N3_r2_symmetry,3,3,4.0,0.32,2,symmetry,181,133,117,64,13,1.6153846153846154,2,1.3333333333333333,2,1,N3_x4_t0.32_r2_symmetry__synthetic_heavy_hex_like_7q_transpiler__seed7,N3_x4_t0.32_r2_symmetry__synthetic_heavy_hex_like_7q_transpiler__seed7,synthetic_heavy_hex_like_7q_transpiler,heavy_hex_like,True,"id,rz,sx,x,ecr",transpiler,transpiler,7,2,lexicographic_native_2q_depth_duration,7,7,2.0,5,2.2857142857142856,1.0,1.0,1,full_reduce,qiskit.Operator.equiv_global_phase,1e-10,True,VERIFIED,153,109,44,578,356,513,65,65,65,65,21,21,1.4772727272727273,2.204415599999996e-05,2.204415599999996e-05,0.09774435698916976,0.09774435698916976,0.09774435698916976,0.07293989200002216,,65065000.000022046,basic,42042000.000013396
v0.3.0,N3_x4_t0.32_r2_symmetry,ac6b0ec8a87f8ed094687863df9d6498a8b4b06a1b576afe0276269b349691fe,ba6a68ec18cf628ef593f8bf116adff9beb0c49bfece1e9746db62e3c2b91702,N3_r2_symmetry,3,3,4.0,0.32,2,symmetry,181,133,117,64,13,1.6153846153846154,2,1.3333333333333333,2,1,N3_x4_t0.32_r2_symmetry__synthetic_heavy_hex_like_7q_transpiler__seed7,N3_x4_t0.32_r2_symmetry__synthetic_heavy_hex_like_7q_transpiler__seed7,synthetic_heavy_hex_like_7q_transpiler,heavy_hex_like,True,"id,rz,sx,x,ecr",transpiler,transpiler,7,2,lexicographic_native_2q_depth_duration,7,7,2.0,5,2.2857142857142856,1.0,1.0,1,full_reduce_depth,qiskit.Operator.equiv_global_phase,1e-10,True,VERIFIED,149,109,40,491,291,436,55,55,55,55,15,15,1.375,1.8339641999999995e-05,1.8339641999999995e-05,0.08278750532780467,0.08278750532780467,0.08278750532780467,0.1313868590000311,,55055000.00001834,basic,42042000.000013396
v0.3.0,N3_x4_t0.32_r2_symmetry,ac6b0ec8a87f8ed094687863df9d6498a8b4b06a1b576afe0276269b349691fe,ba6a68ec18cf628ef593f8bf116adff9beb0c49bfece1e9746db62e3c2b91702,N3_r2_symmetry,3,3,4.0,0.32,2,symmetry,181,133,117,64,13,1.6153846153846154,2,1.3333333333333333,2,1,N3_x4_t0.32_r2_symmetry__synthetic_irregular_7q_favorable__seed7,N3_x4_t0.32_r2_symmetry__synthetic_irregular_7q_favorable__seed7,synthetic_irregular_7q_favorable,irregular,True,"id,rz,sx,x,ecr",favorable,"0,1,2",7,2,lexicographic_native_2q_depth_duration,7,8,2.2857142857142856,3,1.8095238095238095,1.0,1.0,1,qiskit,qiskit.Operator.equiv_global_phase,1e-10,True,VERIFIED,181,117,64,335,210,281,54,54,54,54,-10,-10,0.84375,1.4714159999999994e-05,1.4714159999999994e-05,0.15703054297975821,0.15703054297975821,0.15703054297975821,0.006518614000015077,,54054000.000014715,basic,42042000.00001166
v0.3.0,N3_x4_t0.32_r2_symmetry,ac6b0ec8a87f8ed094687863df9d6498a8b4b06a1b576afe0276269b349691fe,ba6a68ec18cf628ef593f8bf116adff9beb0c49bfece1e9746db62e3c2b91702,N3_r2_symmetry,3,3,4.0,0.32,2,symmetry,181,133,117,64,13,1.6153846153846154,2,1.3333333333333333,2,1,N3_x4_t0.32_r2_symmetry__synthetic_irregular_7q_favorable__seed7,N3_x4_t0.32_r2_symmetry__synthetic_irregular_7q_favorable__seed7,synthetic_irregular_7q_favorable,irregular,True,"id,rz,sx,x,ecr",favorable,"0,1,2",7,2,lexicographic_native_2q_depth_duration,7,8,2.2857142857142856,3,1.8095238095238095,1.0,1.0,1,basic,qiskit.Operator.equiv_global_phase,1e-10,True,VERIFIED,141,89,52,290,180,248,42,42,42,42,-10,-10,0.8076923076923077,1.1658551999999992e-05,1.1658551999999992e-05,0.12124994668862378,0.12124994668862378,0.12124994668862378,0.045800838000104704,,42042000.00001166,basic,42042000.00001166
v0.3.0,N3_x4_t0.32_r2_symmetry,ac6b0ec8a87f8ed094687863df9d6498a8b4b06a1b576afe0276269b349691fe,ba6a68ec18cf628ef593f8bf116adff9beb0c49bfece1e9746db62e3c2b91702,N3_r2_symmetry,3,3,4.0,0.32,2,symmetry,181,133,117,64,13,1.6153846153846154,2,1.3333333333333333,2,1,N3_x4_t0.32_r2_symmetry__synthetic_irregular_7q_favorable__seed7,N3_x4_t0.32_r2_symmetry__synthetic_irregular_7q_favorable__seed7,synthetic_irregular_7q_favorable,irregular,True,"id,rz,sx,x,ecr",favorable,"0,1,2",7,2,lexicographic_native_2q_depth_duration,7,8,2.2857142857142856,3,1.8095238095238095,1.0,1.0,1,basic_swaps,qiskit.Operator.equiv_global_phase,1e-10,True,VERIFIED,141,89,52,290,180,248,42,42,42,42,-10,-10,0.8076923076923077,1.1658551999999992e-05,1.1658551999999992e-05,0.12124994668862378,0.12124994668862378,0.12124994668862378,0.04507606300012412,,42042000.00001166,basic,42042000.00001166
v0.3.0,N3_x4_t0.32_r2_symmetry,ac6b0ec8a87f8ed094687863df9d6498a8b4b06a1b576afe0276269b349691fe,ba6a68ec18cf628ef593f8bf116adff9beb0c49bfece1e9746db62e3c2b91702,N3_r2_symmetry,3,3,4.0,0.32,2,symmetry,181,133,117,64,13,1.6153846153846154,2,1.3333333333333333,2,1,N3_x4_t0.32_r2_symmetry__synthetic_irregular_7q_favorable__seed7,N3_x4_t0.32_r2_symmetry__synthetic_irregular_7q_favorable__seed7,synthetic_irregular_7q_favorable,irregular,True,"id,rz,sx,x,ecr",favorable,"0,1,2",7,2,lexicographic_native_2q_depth_duration,7,8,2.2857142857142856,3,1.8095238095238095,1.0,1.0,1,teleport,qiskit.Operator.equiv_global_phase,1e-10,True,VERIFIED,176,112,64,334,196,280,54,54,54,54,-10,-10,0.84375,1.4698175999999994e-05,1.4698175999999994e-05,0.15703054297975821,0.15703054297975821,0.15703054297975821,0.07699320999995507,,54054000.0000147,basic,42042000.00001166
v0.3.0,N3_x4_t0.32_r2_symmetry,ac6b0ec8a87f8ed094687863df9d6498a8b4b06a1b576afe0276269b349691fe,ba6a68ec18cf628ef593f8bf116adff9beb0c49bfece1e9746db62e3c2b91702,N3_r2_symmetry,3,3,4.0,0.32,2,symmetry,181,133,117,64,13,1.6153846153846154,2,1.3333333333333333,2,1,N3_x4_t0.32_r2_symmetry__synthetic_irregular_7q_favorable__seed7,N3_x4_t0.32_r2_symmetry__synthetic_irregular_7q_favorable__seed7,synthetic_irregular_7q_favorable,irregular,True,"id,rz,sx,x,ecr",favorable,"0,1,2",7,2,lexicographic_native_2q_depth_duration,7,8,2.2857142857142856,3,1.8095238095238095,1.0,1.0,1,full_reduce,qiskit.Operator.equiv_global_phase,1e-10,True,VERIFIED,153,109,44,537,307,461,76,76,68,68,32,32,1.7272727272727273,2.3212763999999974e-05,2.3212763999999974e-05,0.19252725768172568,0.19252725768172568,0.19252725768172568,0.07677368400004525,,76068000.00002322,basic,42042000.00001166
v0.3.0,N3_x4_t0.32_r2_symmetry,ac6b0ec8a87f8ed094687863df9d6498a8b4b06a1b576afe0276269b349691fe,ba6a68ec18cf628ef593f8bf116adff9beb0c49bfece1e9746db62e3c2b91702,N3_r2_symmetry,3,3,4.0,0.32,2,symmetry,181,133,117,64,13,1.6153846153846154,2,1.3333333333333333,2,1,N3_x4_t0.32_r2_symmetry__synthetic_irregular_7q_favorable__seed7,N3_x4_t0.32_r2_symmetry__synthetic_irregular_7q_favorable__seed7,synthetic_irregular_7q_favorable,irregular,True,"id,rz,sx,x,ecr",favorable,"0,1,2",7,2,lexicographic_native_2q_depth_duration,7,8,2.2857142857142856,3,1.8095238095238095,1.0,1.0,1,full_reduce_depth,qiskit.Operator.equiv_global_phase,1e-10,True,VERIFIED,149,109,40,457,262,396,61,61,59,59,21,21,1.525,2.029657199999999e-05,2.029657199999999e-05,0.13111287043407444,0.13111287043407444,0.13111287043407444,0.13582583500010514,,61059000.000020295,basic,42042000.00001166
v0.3.0,N3_x4_t0.32_r2_symmetry,ac6b0ec8a87f8ed094687863df9d6498a8b4b06a1b576afe0276269b349691fe,ba6a68ec18cf628ef593f8bf116adff9beb0c49bfece1e9746db62e3c2b91702,N3_r2_symmetry,3,3,4.0,0.32,2,symmetry,181,133,117,64,13,1.6153846153846154,2,1.3333333333333333,2,1,N3_x4_t0.32_r2_symmetry__synthetic_irregular_7q_spread__seed7,N3_x4_t0.32_r2_symmetry__synthetic_irregular_7q_spread__seed7,synthetic_irregular_7q_spread,irregular,True,"id,rz,sx,x,ecr",spread,"0,2,5",7,2,lexicographic_native_2q_depth_duration,7,8,2.2857142857142856,3,1.8095238095238095,2.0,2.0,1,qiskit,qiskit.Operator.equiv_global_phase,1e-10,True,VERIFIED,181,117,64,399,238,339,60,60,57,57,-4,-4,0.9375,3.0583385999999964e-05,3.0583385999999964e-05,0.16452550399212568,0.16452550399212568,0.16452550399212568,0.006337853000104587,,60057000.000030585,basic,48045000.00002355
v0.3.0,N3_x4_t0.32_r2_symmetry,ac6b0ec8a87f8ed094687863df9d6498a8b4b06a1b576afe0276269b349691fe,ba6a68ec18cf628ef593f8bf116adff9beb0c49bfece1e9746db62e3c2b91702,N3_r2_symmetry,3,3,4.0,0.32,2,symmetry,181,133,117,64,13,1.6153846153846154,2,1.3333333333333333,2,1,N3_x4_t0.32_r2_symmetry__synthetic_irregular_7q_spread__seed7,N3_x4_t0.32_r2_symmetry__synthetic_irregular_7q_spread__seed7,synthetic_irregular_7q_spread,irregular,True,"id,rz,sx,x,ecr",spread,"0,2,5",7,2,lexicographic_native_2q_depth_duration,7,8,2.2857142857142856,3,1.8095238095238095,2.0,2.0,1,basic,qiskit.Operator.equiv_global_phase,1e-10,True,VERIFIED,141,89,52,351,212,303,48,48,45,45,-4,-4,0.9230769230769231,2.3549981999999984e-05,2.3549981999999984e-05,0.11797058988855925,0.11797058988855925,0.11797058988855925,0.0459514079998371,,48045000.00002355,basic,48045000.00002355
v0.3.0,N3_x4_t0.32_r2_symmetry,ac6b0ec8a87f8ed094687863df9d6498a8b4b06a1b576afe0276269b349691fe,ba6a68ec18cf628ef593f8bf116adff9beb0c49bfece1e9746db62e3c2b91702,N3_r2_symmetry,3,3,4.0,0.32,2,symmetry,181,133,117,64,13,1.6153846153846154,2,1.3333333333333333,2,1,N3_x4_t0.32_r2_symmetry__synthetic_irregular_7q_spread__seed7,N3_x4_t0.32_r2_symmetry__synthetic_irregular_7q_spread__seed7,synthetic_irregular_7q_spread,irregular,True,"id,rz,sx,x,ecr",spread,"0,2,5",7,2,lexicographic_native_2q_depth_duration,7,8,2.2857142857142856,3,1.8095238095238095,2.0,2.0,1,basic_swaps,qiskit.Operator.equiv_global_phase,1e-10,True,VERIFIED,141,89,52,351,212,303,48,48,45,45,-4,-4,0.9230769230769231,2.3549981999999984e-05,2.3549981999999984e-05,0.11797058988855925,0.11797058988855925,0.11797058988855925,0.0459604479999598,,48045000.00002355,basic,48045000.00002355
v0.3.0,N3_x4_t0.32_r2_symmetry,ac6b0ec8a87f8ed094687863df9d6498a8b4b06a1b576afe0276269b349691fe,ba6a68ec18cf628ef593f8bf116adff9beb0c49bfece1e9746db62e3c2b91702,N3_r2_symmetry,3,3,4.0,0.32,2,symmetry,181,133,117,64,13,1.6153846153846154,2,1.3333333333333333,2,1,N3_x4_t0.32_r2_symmetry__synthetic_irregular_7q_spread__seed7,N3_x4_t0.32_r2_symmetry__synthetic_irregular_7q_spread__seed7,synthetic_irregular_7q_spread,irregular,True,"id,rz,sx,x,ecr",spread,"0,2,5",7,2,lexicographic_native_2q_depth_duration,7,8,2.2857142857142856,3,1.8095238095238095,2.0,2.0,1,teleport,qiskit.Operator.equiv_global_phase,1e-10,True,VERIFIED,176,112,64,396,225,336,60,60,57,57,-4,-4,0.9375,3.0373373999999954e-05,3.0373373999999954e-05,0.16452550399212568,0.16452550399212568,0.16452550399212568,0.07676116300012836,,60057000.000030376,basic,48045000.00002355
v0.3.0,N3_x4_t0.32_r2_symmetry,ac6b0ec8a87f8ed094687863df9d6498a8b4b06a1b576afe0276269b349691fe,ba6a68ec18cf628ef593f8bf116adff9beb0c49bfece1e9746db62e3c2b91702,N3_r2_symmetry,3,3,4.0,0.32,2,symmetry,181,133,117,64,13,1.6153846153846154,2,1.3333333333333333,2,1,N3_x4_t0.32_r2_symmetry__synthetic_irregular_7q_spread__seed7,N3_x4_t0.32_r2_symmetry__synthetic_irregular_7q_spread__seed7,synthetic_irregular_7q_spread,irregular,True,"id,rz,sx,x,ecr",spread,"0,2,5",7,2,lexicographic_native_2q_depth_duration,7,8,2.2857142857142856,3,1.8095238095238095,2.0,2.0,1,full_reduce,qiskit.Operator.equiv_global_phase,1e-10,True,VERIFIED,153,109,44,514,293,445,69,69,66,66,25,25,1.5681818181818181,2.9734679999999926e-05,2.9734679999999926e-05,0.15757398952115914,0.15757398952115914,0.15757398952115914,0.07387827299999117,,69066000.00002973,basic,48045000.00002355
v0.3.0,N3_x4_t0.32_r2_symmetry,ac6b0ec8a87f8ed094687863df9d6498a8b4b06a1b576afe0276269b349691fe,ba6a68ec18cf628ef593f8bf116adff9beb0c49bfece1e9746db62e3c2b91702,N3_r2_symmetry,3,3,4.0,0.32,2,symmetry,181,133,117,64,13,1.6153846153846154,2,1.3333333333333333,2,1,N3_x4_t0.32_r2_symmetry__synthetic_irregular_7q_spread__seed7,N3_x4_t0.32_r2_symmetry__synthetic_irregular_7q_spread__seed7,synthetic_irregular_7q_spread,irregular,True,"id,rz,sx,x,ecr",spread,"0,2,5",7,2,lexicographic_native_2q_depth_duration,7,8,2.2857142857142856,3,1.8095238095238095,2.0,2.0,1,full_reduce_depth,qiskit.Operator.equiv_global_phase,1e-10,True,VERIFIED,149,109,40,518,307,455,63,63,60,60,23,23,1.575,3.327691199999997e-05,3.327691199999997e-05,0.22948140852299698,0.22948140852299698,0.22948140852299698,0.13326884100001735,,63060000.000033274,basic,48045000.00002355
v0.3.0,N3_x0.5_t0.08_r2_current,72b1038facc288285e2702246aec8cb5a5d554250f6dd4647e31f249d53e1c38,895718eee45a850d435c8240f7a9ee014cfb599978558936fe2e71db8b8c0270,N3_r2_current,3,3,0.5,0.08,2,current,181,137,117,64,13,1.6153846153846154,2,1.3333333333333333,2,1,N3_x0.5_t0.08_r2_current__synthetic_irregular_7q_spread__seed7,N3_x0.5_t0.08_r2_current__synthetic_irregular_7q_spread__seed7,synthetic_irregular_7q_spread,irregular,True,"id,rz,sx,x,ecr",spread,"0,2,5",7,2,lexicographic_native_2q_depth_duration,7,8,2.2857142857142856,3,1.8095238095238095,2.0,2.0,1,qiskit,qiskit.Operator.equiv_global_phase,1e-10,True,VERIFIED,181,117,64,365,216,305,60,60,57,57,-4,-4,0.9375,3.014626799999996e-05,3.014626799999996e-05,0.16452550399212568,0.16452550399212568,0.16452550399212568,0.006758011999863811,,60057000.000030145,teleport,48045000.00002378
v0.3.0,N3_x0.5_t0.08_r2_current,72b1038facc288285e2702246aec8cb5a5d554250f6dd4647e31f249d53e1c38,895718eee45a850d435c8240f7a9ee014cfb599978558936fe2e71db8b8c0270,N3_r2_current,3,3,0.5,0.08,2,current,181,137,117,64,13,1.6153846153846154,2,1.3333333333333333,2,1,N3_x0.5_t0.08_r2_current__synthetic_irregular_7q_spread__seed7,N3_x0.5_t0.08_r2_current__synthetic_irregular_7q_spread__seed7,synthetic_irregular_7q_spread,irregular,True,"id,rz,sx,x,ecr",spread,"0,2,5",7,2,lexicographic_native_2q_depth_duration,7,8,2.2857142857142856,3,1.8095238095238095,2.0,2.0,1,basic,qiskit.Operator.equiv_global_phase,1e-10,True,VERIFIED,123,67,56,373,209,313,60,60,57,57,4,4,1.0714285714285714,3.0280355999999965e-05,3.0280355999999965e-05,0.1597459726541195,0.1597459726541195,0.1597459726541195,0.04206762900003014,,60057000.00003028,teleport,48045000.00002378
v0.3.0,N3_x0.5_t0.08_r2_current,72b1038facc288285e2702246aec8cb5a5d554250f6dd4647e31f249d53e1c38,895718eee45a850d435c8240f7a9ee014cfb599978558936fe2e71db8b8c0270,N3_r2_current,3,3,0.5,0.08,2,current,181,137,117,64,13,1.6153846153846154,2,1.3333333333333333,2,1,N3_x0.5_t0.08_r2_current__synthetic_irregular_7q_spread__seed7,N3_x0.5_t0.08_r2_current__synthetic_irregular_7q_spread__seed7,synthetic_irregular_7q_spread,irregular,True,"id,rz,sx,x,ecr",spread,"0,2,5",7,2,lexicographic_native_2q_depth_duration,7,8,2.2857142857142856,3,1.8095238095238095,2.0,2.0,1,basic_swaps,qiskit.Operator.equiv_global_phase,1e-10,True,VERIFIED,123,67,56,373,209,313,60,60,57,57,4,4,1.0714285714285714,3.0280355999999965e-05,3.0280355999999965e-05,0.1597459726541195,0.1597459726541195,0.1597459726541195,0.04129306599998017,,60057000.00003028,teleport,48045000.00002378
v0.3.0,N3_x0.5_t0.08_r2_current,72b1038facc288285e2702246aec8cb5a5d554250f6dd4647e31f249d53e1c38,895718eee45a850d435c8240f7a9ee014cfb599978558936fe2e71db8b8c0270,N3_r2_current,3,3,0.5,0.08,2,current,181,137,117,64,13,1.6153846153846154,2,1.3333333333333333,2,1,N3_x0.5_t0.08_r2_current__synthetic_irregular_7q_spread__seed7,N3_x0.5_t0.08_r2_current__synthetic_irregular_7q_spread__seed7,synthetic_irregular_7q_spread,irregular,True,"id,rz,sx,x,ecr",spread,"0,2,5",7,2,lexicographic_native_2q_depth_duration,7,8,2.2857142857142856,3,1.8095238095238095,2.0,2.0,1,teleport,qiskit.Operator.equiv_global_phase,1e-10,True,VERIFIED,168,104,64,307,163,259,48,48,45,45,-16,-16,0.75,2.378241599999998e-05,2.378241599999998e-05,0.13028137499043613,0.13028137499043613,0.13028137499043613,0.08909742000014376,,48045000.00002378,teleport,48045000.00002378
v0.3.0,N3_x0.5_t0.08_r2_current,72b1038facc288285e2702246aec8cb5a5d554250f6dd4647e31f249d53e1c38,895718eee45a850d435c8240f7a9ee014cfb599978558936fe2e71db8b8c0270,N3_r2_current,3,3,0.5,0.08,2,current,181,137,117,64,13,1.6153846153846154,2,1.3333333333333333,2,1,N3_x0.5_t0.08_r2_current__synthetic_irregular_7q_spread__seed7,N3_x0.5_t0.08_r2_current__synthetic_irregular_7q_spread__seed7,synthetic_irregular_7q_spread,irregular,True,"id,rz,sx,x,ecr",spread,"0,2,5",7,2,lexicographic_native_2q_depth_duration,7,8,2.2857142857142856,3,1.8095238095238095,2.0,2.0,1,full_reduce,qiskit.Operator.equiv_global_phase,1e-10,True,VERIFIED,150,104,46,514,293,439,75,75,72,72,29,29,1.6304347826086956,3.577840799999999e-05,3.577840799999999e-05,0.1677186650158706,0.1677186650158706,0.1677186650158706,0.08813596400000279,,75072000.00003578,teleport,48045000.00002378
v0.3.0,N3_x0.5_t0.08_r2_current,72b1038facc288285e2702246aec8cb5a5d554250f6dd4647e31f249d53e1c38,895718eee45a850d435c8240f7a9ee014cfb599978558936fe2e71db8b8c0270,N3_r2_current,3,3,0.5,0.08,2,current,181,137,117,64,13,1.6153846153846154,2,1.3333333333333333,2,1,N3_x0.5_t0.08_r2_current__synthetic_irregular_7q_spread__seed7,N3_x0.5_t0.08_r2_current__synthetic_irregular_7q_spread__seed7,synthetic_irregular_7q_spread,irregular,True,"id,rz,sx,x,ecr",spread,"0,2,5",7,2,lexicographic_native_2q_depth_duration,7,8,2.2857142857142856,3,1.8095238095238095,2.0,2.0,1,full_reduce_depth,qiskit.Operator.equiv_global_phase,1e-10,True,VERIFIED,147,104,43,501,277,423,78,78,75,75,35,35,1.813953488372093,4.5498678000000046e-05,4.5498678000000046e-05,0.17273530998821374,0.17273530998821374,0.17273530998821374,0.190353327999901,,78075000.0000455,teleport,48045000.00002378
v0.3.0,N4_x2_t0.24_r1_current,abc8d06498ab5b04ffe72865c4e44585f09240a0aea75f61d578c8f242ee1bf6,5e7b6193b40d2957c5e87a2adb552bc2ec50ce7dd4f8c6a534264966f43f22c4,N4_r1_current,4,4,2.0,0.24,1,current,139,98,87,52,19,1.6842105263157894,3,1.5,2,1,N4_x2_t0.24_r1_current__synthetic_line_6q_favorable__seed7,N4_x2_t0.24_r1_current__synthetic_line_6q_favorable__seed7,synthetic_line_6q_favorable,line,True,"id,rz,sx,x,ecr",favorable,"0,1,2,3",7,2,lexicographic_native_2q_depth_duration,6,5,1.6666666666666667,5,2.3333333333333335,1.0,1.0,1,qiskit,qiskit.Operator.equiv_global_phase,1e-10,True,VERIFIED,139,87,52,256,131,216,40,40,36,36,-12,-12,0.7692307692307693,2.5524006000000008e-05,2.5524006000000008e-05,0.07265696930419126,0.07265696930419126,0.07265696930419126,0.005238124000015887,,40036000.000025526,basic,34030000.00002029
v0.3.0,N4_x2_t0.24_r1_current,abc8d06498ab5b04ffe72865c4e44585f09240a0aea75f61d578c8f242ee1bf6,5e7b6193b40d2957c5e87a2adb552bc2ec50ce7dd4f8c6a534264966f43f22c4,N4_r1_current,4,4,2.0,0.24,1,current,139,98,87,52,19,1.6842105263157894,3,1.5,2,1,N4_x2_t0.24_r1_current__synthetic_line_6q_favorable__seed7,N4_x2_t0.24_r1_current__synthetic_line_6q_favorable__seed7,synthetic_line_6q_favorable,line,True,"id,rz,sx,x,ecr",favorable,"0,1,2,3",7,2,lexicographic_native_2q_depth_duration,6,5,1.6666666666666667,5,2.3333333333333335,1.0,1.0,1,basic,qiskit.Operator.equiv_global_phase,1e-10,True,VERIFIED,97,53,44,239,115,205,34,34,30,30,-10,-10,0.7727272727272727,2.0289246000000005e-05,2.0289246000000005e-05,0.05937795271282105,0.05937795271282105,0.05937795271282105,0.035421256000063295,,34030000.00002029,basic,34030000.00002029
v0.3.0,N4_x2_t0.24_r1_current,abc8d06498ab5b04ffe72865c4e44585f09240a0aea75f61d578c8f242ee1bf6,5e7b6193b40d2957c5e87a2adb552bc2ec50ce7dd4f8c6a534264966f43f22c4,N4_r1_current,4,4,2.0,0.24,1,current,139,98,87,52,19,1.6842105263157894,3,1.5,2,1,N4_x2_t0.24_r1_current__synthetic_line_6q_favorable__seed7,N4_x2_t0.24_r1_current__synthetic_line_6q_favorable__seed7,synthetic_line_6q_favorable,line,True,"id,rz,sx,x,ecr",favorable,"0,1,2,3",7,2,lexicographic_native_2q_depth_duration,6,5,1.6666666666666667,5,2.3333333333333335,1.0,1.0,1,basic_swaps,qiskit.Operator.equiv_global_phase,1e-10,True,VERIFIED,97,53,44,239,115,205,34,34,30,30,-10,-10,0.7727272727272727,2.0289246000000005e-05,2.0289246000000005e-05,0.05937795271282105,0.05937795271282105,0.05937795271282105,0.036371260000123584,,34030000.00002029,basic,34030000.00002029
v0.3.0,N4_x2_t0.24_r1_current,abc8d06498ab5b04ffe72865c4e44585f09240a0aea75f61d578c8f242ee1bf6,5e7b6193b40d2957c5e87a2adb552bc2ec50ce7dd4f8c6a534264966f43f22c4,N4_r1_current,4,4,2.0,0.24,1,current,139,98,87,52,19,1.6842105263157894,3,1.5,2,1,N4_x2_t0.24_r1_current__synthetic_line_6q_favorable__seed7,N4_x2_t0.24_r1_current__synthetic_line_6q_favorable__seed7,synthetic_line_6q_favorable,line,True,"id,rz,sx,x,ecr",favorable,"0,1,2,3",7,2,lexicographic_native_2q_depth_duration,6,5,1.6666666666666667,5,2.3333333333333335,1.0,1.0,1,teleport,qiskit.Operator.equiv_global_phase,1e-10,True,VERIFIED,135,83,52,230,112,194,36,36,32,32,-16,-16,0.6923076923076923,2.257318200000001e-05,2.257318200000001e-05,0.0643278059669848,0.0643278059669848,0.0643278059669848,0.09017971699995542,,36032000.000022575,basic,34030000.00002029
v0.3.0,N4_x2_t0.24_r1_current,abc8d06498ab5b04ffe72865c4e44585f09240a0aea75f61d578c8f242ee1bf6,5e7b6193b40d2957c5e87a2adb552bc2ec50ce7dd4f8c6a534264966f43f22c4,N4_r1_current,4,4,2.0,0.24,1,current,139,98,87,52,19,1.6842105263157894,3,1.5,2,1,N4_x2_t0.24_r1_current__synthetic_line_6q_favorable__seed7,N4_x2_t0.24_r1_current__synthetic_line_6q_favorable__seed7,synthetic_line_6q_favorable,line,True,"id,rz,sx,x,ecr",favorable,"0,1,2,3",7,2,lexicographic_native_2q_depth_duration,6,5,1.6666666666666667,5,2.3333333333333335,1.0,1.0,1,full_reduce,qiskit.Operator.equiv_global_phase,1e-10,True,VERIFIED,140,93,47,593,351,505,88,88,79,79,41,41,1.872340425531915,5.043595799999992e-05,5.043595799999992e-05,0.17413579961512887,0.17413579961512887,0.17413579961512887,0.07962180499998794,,88079000.00005044,basic,34030000.00002029
v0.3.0,N4_x2_t0.24_r1_current,abc8d06498ab5b04ffe72865c4e44585f09240a0aea75f61d578c8f242ee1bf6,5e7b6193b40d2957c5e87a2adb552bc2ec50ce7dd4f8c6a534264966f43f22c4,N4_r1_current,4,4,2.0,0.24,1,current,139,98,87,52,19,1.6842105263157894,3,1.5,2,1,N4_x2_t0.24_r1_current__synthetic_line_6q_favorable__seed7,N4_x2_t0.24_r1_current__synthetic_line_6q_favorable__seed7,synthetic_line_6q_favorable,line,True,"id,rz,sx,x,ecr",favorable,"0,1,2,3",7,2,lexicographic_native_2q_depth_duration,6,5,1.6666666666666667,5,2.3333333333333335,1.0,1.0,1,full_reduce_depth,qiskit.Operator.equiv_global_phase,1e-10,True,VERIFIED,136,93,43,488,256,417,71,71,59,59,28,28,1.6511627906976745,3.721141799999997e-05,3.721141799999997e-05,0.11250827286815383,0.11250827286815383,0.11250827286815383,0.2561334770000485,,71059000.00003721,basic,34030000.00002029
v0.3.0,N4_x2_t0.24_r2_current,74fe80c46c6227771bcdd79eb4ff84e0f5408baa5f6bac76dea57ad4cd533a23,722837ca17cf8a26549d515c36b44e659a6fd16bdb027872c8cb7007139f134c,N4_r2_current,4,4,2.0,0.24,2,current,277,196,173,104,19,1.6842105263157894,3,1.5,2,1,N4_x2_t0.24_r2_current__synthetic_line_6q_spread__seed7,N4_x2_t0.24_r2_current__synthetic_line_6q_spread__seed7,synthetic_line_6q_spread,line,True,"id,rz,sx,x,ecr",spread,"0,2,3,5",7,2,lexicographic_native_2q_depth_duration,6,5,1.6666666666666667,5,2.3333333333333335,1.6153846153846154,2.0,1,qiskit,qiskit.Operator.equiv_global_phase,1e-10,True,VERIFIED,277,173,104,534,268,450,84,84,73,73,-20,-20,0.8076923076923077,4.852498199999993e-05,4.852498199999993e-05,0.11160988615509058,0.11160988615509058,0.11160988615509058,0.006774172999939765,,84073000.00004852,basic,72061000.00003819
v0.3.0,N4_x2_t0.24_r2_current,74fe80c46c6227771bcdd79eb4ff84e0f5408baa5f6bac76dea57ad4cd533a23,722837ca17cf8a26549d515c36b44e659a6fd16bdb027872c8cb7007139f134c,N4_r2_current,4,4,2.0,0.24,2,current,277,196,173,104,19,1.6842105263157894,3,1.5,2,1,N4_x2_t0.24_r2_current__synthetic_line_6q_spread__seed7,N4_x2_t0.24_r2_current__synthetic_line_6q_spread__seed7,synthetic_line_6q_spread,line,True,"id,rz,sx,x,ecr",spread,"0,2,3,5",7,2,lexicographic_native_2q_depth_duration,6,5,1.6666666666666667,5,2.3333333333333335,1.6153846153846154,2.0,1,basic,qiskit.Operator.equiv_global_phase,1e-10,True,VERIFIED,190,102,88,496,243,424,72,72,61,61,-16,-16,0.8181818181818182,3.819665400000001e-05,3.819665400000001e-05,0.09722180657351683,0.09722180657351683,0.09722180657351683,0.06562050499996985,,72061000.00003819,basic,72061000.00003819
v0.3.0,N4_x2_t0.24_r2_current,74fe80c46c6227771bcdd79eb4ff84e0f5408baa5f6bac76dea57ad4cd533a23,722837ca17cf8a26549d515c36b44e659a6fd16bdb027872c8cb7007139f134c,N4_r2_current,4,4,2.0,0.24,2,current,277,196,173,104,19,1.6842105263157894,3,1.5,2,1,N4_x2_t0.24_r2_current__synthetic_line_6q_spread__seed7,N4_x2_t0.24_r2_current__synthetic_line_6q_spread__seed7,synthetic_line_6q_spread,line,True,"id,rz,sx,x,ecr",spread,"0,2,3,5",7,2,lexicographic_native_2q_depth_duration,6,5,1.6666666666666667,5,2.3333333333333335,1.6153846153846154,2.0,1,basic_swaps,qiskit.Operator.equiv_global_phase,1e-10,True,VERIFIED,190,102,88,496,243,424,72,72,61,61,-16,-16,0.8181818181818182,3.819665400000001e-05,3.819665400000001e-05,0.09722180657351683,0.09722180657351683,0.09722180657351683,0.06556692899994232,,72061000.00003819,basic,72061000.00003819
v0.3.0,N4_x2_t0.24_r2_current,74fe80c46c6227771bcdd79eb4ff84e0f5408baa5f6bac76dea57ad4cd533a23,722837ca17cf8a26549d515c36b44e659a6fd16bdb027872c8cb7007139f134c,N4_r2_current,4,4,2.0,0.24,2,current,277,196,173,104,19,1.6842105263157894,3,1.5,2,1,N4_x2_t0.24_r2_current__synthetic_line_6q_spread__seed7,N4_x2_t0.24_r2_current__synthetic_line_6q_spread__seed7,synthetic_line_6q_spread,line,True,"id,rz,sx,x,ecr",spread,"0,2,3,5",7,2,lexicographic_native_2q_depth_duration,6,5,1.6666666666666667,5,2.3333333333333335,1.6153846153846154,2.0,1,teleport,qiskit.Operator.equiv_global_phase,1e-10,True,VERIFIED,262,158,104,466,223,394,72,72,61,61,-32,-32,0.6923076923076923,4.149290999999998e-05,4.149290999999998e-05,0.09866542223087539,0.09866542223087539,0.09866542223087539,0.15615116899994064,,72061000.0000415,basic,72061000.00003819
v0.3.0,N4_x2_t0.24_r2_current,74fe80c46c6227771bcdd79eb4ff84e0f5408baa5f6bac76dea57ad4cd533a23,722837ca17cf8a26549d515c36b44e659a6fd16bdb027872c8cb7007139f134c,N4_r2_current,4,4,2.0,0.24,2,current,277,196,173,104,19,1.6842105263157894,3,1.5,2,1,N4_x2_t0.24_r2_current__synthetic_line_6q_spread__seed7,N4_x2_t0.24_r2_current__synthetic_line_6q_spread__seed7,synthetic_line_6q_spread,line,True,"id,rz,sx,x,ecr",spread,"0,2,3,5",7,2,lexicographic_native_2q_depth_duration,6,5,1.6666666666666667,5,2.3333333333333335,1.6153846153846154,2.0,1,full_reduce,qiskit.Operator.equiv_global_phase,1e-10,True,VERIFIED,239,160,79,872,444,742,130,130,112,112,51,51,1.6455696202531647,7.008384599999997e-05,7.008384599999997e-05,0.18733635630088533,0.18733635630088533,0.18733635630088533,0.1546947749998253,,130112000.00007008,basic,72061000.00003819
v0.3.0,N4_x2_t0.24_r2_current,74fe80c46c6227771bcdd79eb4ff84e0f5408baa5f6bac76dea57ad4cd533a23,722837ca17cf8a26549d515c36b44e659a6fd16bdb027872c8cb7007139f134c,N4_r2_current,4,4,2.0,0.24,2,current,277,196,173,104,19,1.6842105263157894,3,1.5,2,1,N4_x2_t0.24_r2_current__synthetic_line_6q_spread__seed7,N4_x2_t0.24_r2_current__synthetic_line_6q_spread__seed7,synthetic_line_6q_spread,line,True,"id,rz,sx,x,ecr",spread,"0,2,3,5",7,2,lexicographic_native_2q_depth_duration,6,5,1.6666666666666667,5,2.3333333333333335,1.6153846153846154,2.0,1,full_reduce_depth,qiskit.Operator.equiv_global_phase,1e-10,True,VERIFIED,240,160,80,921,476,777,144,144,128,128,64,64,1.8,7.763961600000001e-05,7.763961600000001e-05,0.21051204942175702,0.21051204942175702,0.21051204942175702,0.7581130480000411,,144128000.00007764,basic,72061000.00003819
v0.3.0,N4_x2_t0.24_r4_current,458db1b65dc833bd8c659df2b45270528a8cfce8db05e426b8a2f00bff2e84f9,4c02070fde736bde53d19c2818950c4ccec18611744acc48bced18e5d2043a97,N4_r4_current,4,4,2.0,0.24,4,current,553,392,345,208,19,1.6842105263157894,3,1.5,2,1,N4_x2_t0.24_r4_current__synthetic_ring_6q_transpiler__seed7,N4_x2_t0.24_r4_current__synthetic_ring_6q_transpiler__seed7,synthetic_ring_6q_transpiler,ring,True,"id,rz,sx,x,ecr",transpiler,transpiler,7,2,lexicographic_native_2q_depth_duration,6,6,2.0,3,1.8,1.0,1.0,1,qiskit,qiskit.Operator.equiv_global_phase,1e-10,True,VERIFIED,553,345,208,1068,670,914,154,154,138,138,-54,-54,0.7403846153846154,7.631494199999991e-05,7.631494199999991e-05,0.31135712486827766,0.31135712486827766,0.31135712486827766,0.007993372999862913,,154138000.00007632,teleport,126110000.0000609
v0.3.0,N4_x2_t0.24_r4_current,458db1b65dc833bd8c659df2b45270528a8cfce8db05e426b8a2f00bff2e84f9,4c02070fde736bde53d19c2818950c4ccec18611744acc48bced18e5d2043a97,N4_r4_current,4,4,2.0,0.24,4,current,553,392,345,208,19,1.6842105263157894,3,1.5,2,1,N4_x2_t0.24_r4_current__synthetic_ring_6q_transpiler__seed7,N4_x2_t0.24_r4_current__synthetic_ring_6q_transpiler__seed7,synthetic_ring_6q_transpiler,ring,True,"id,rz,sx,x,ecr",transpiler,transpiler,7,2,lexicographic_native_2q_depth_duration,6,6,2.0,3,1.8,1.0,1.0,1,basic,qiskit.Operator.equiv_global_phase,1e-10,True,VERIFIED,376,200,176,973,569,843,130,130,114,114,-46,-46,0.7386363636363636,6.287417399999994e-05,6.287417399999994e-05,0.25052850070556293,0.25052850070556293,0.25052850070556293,0.12510162800003854,,130114000.00006287,teleport,126110000.0000609
v0.3.0,N4_x2_t0.24_r4_current,458db1b65dc833bd8c659df2b45270528a8cfce8db05e426b8a2f00bff2e84f9,4c02070fde736bde53d19c2818950c4ccec18611744acc48bced18e5d2043a97,N4_r4_current,4,4,2.0,0.24,4,current,553,392,345,208,19,1.6842105263157894,3,1.5,2,1,N4_x2_t0.24_r4_current__synthetic_ring_6q_transpiler__seed7,N4_x2_t0.24_r4_current__synthetic_ring_6q_transpiler__seed7,synthetic_ring_6q_transpiler,ring,True,"id,rz,sx,x,ecr",transpiler,transpiler,7,2,lexicographic_native_2q_depth_duration,6,6,2.0,3,1.8,1.0,1.0,1,basic_swaps,qiskit.Operator.equiv_global_phase,1e-10,True,VERIFIED,376,200,176,973,569,843,130,130,114,114,-46,-46,0.7386363636363636,6.287417399999994e-05,6.287417399999994e-05,0.25052850070556293,0.25052850070556293,0.25052850070556293,0.12401759899989884,,130114000.00006287,teleport,126110000.0000609
v0.3.0,N4_x2_t0.24_r4_current,458db1b65dc833bd8c659df2b45270528a8cfce8db05e426b8a2f00bff2e84f9,4c02070fde736bde53d19c2818950c4ccec18611744acc48bced18e5d2043a97,N4_r4_current,4,4,2.0,0.24,4,current,553,392,345,208,19,1.6842105263157894,3,1.5,2,1,N4_x2_t0.24_r4_current__synthetic_ring_6q_transpiler__seed7,N4_x2_t0.24_r4_current__synthetic_ring_6q_transpiler__seed7,synthetic_ring_6q_transpiler,ring,True,"id,rz,sx,x,ecr",transpiler,transpiler,7,2,lexicographic_native_2q_depth_duration,6,6,2.0,3,1.8,1.0,1.0,1,teleport,qiskit.Operator.equiv_global_phase,1e-10,True,VERIFIED,516,308,208,877,505,751,126,126,110,110,-82,-82,0.6057692307692307,6.0901703999999984e-05,6.0901703999999984e-05,0.25325994830945003,0.25325994830945003,0.25325994830945003,0.33302891799985446,,126110000.0000609,teleport,126110000.0000609
v0.3.0,N4_x2_t0.24_r4_current,458db1b65dc833bd8c659df2b45270528a8cfce8db05e426b8a2f00bff2e84f9,4c02070fde736bde53d19c2818950c4ccec18611744acc48bced18e5d2043a97,N4_r4_current,4,4,2.0,0.24,4,current,553,392,345,208,19,1.6842105263157894,3,1.5,2,1,N4_x2_t0.24_r4_current__synthetic_ring_6q_transpiler__seed7,N4_x2_t0.24_r4_current__synthetic_ring_6q_transpiler__seed7,synthetic_ring_6q_transpiler,ring,True,"id,rz,sx,x,ecr",transpiler,transpiler,7,2,lexicographic_native_2q_depth_duration,6,6,2.0,3,1.8,1.0,1.0,1,full_reduce,qiskit.Operator.equiv_global_phase,1e-10,True,VERIFIED,442,296,146,1787,883,1519,268,268,221,221,122,122,1.8356164383561644,0.00013122708600000026,0.00013122708600000026,0.4051810807768772,0.4051810807768772,0.4051810807768772,0.3213770099998783,,268221000.00013122,teleport,126110000.0000609
v0.3.0,N4_x2_t0.24_r4_current,458db1b65dc833bd8c659df2b45270528a8cfce8db05e426b8a2f00bff2e84f9,4c02070fde736bde53d19c2818950c4ccec18611744acc48bced18e5d2043a97,N4_r4_current,4,4,2.0,0.24,4,current,553,392,345,208,19,1.6842105263157894,3,1.5,2,1,N4_x2_t0.24_r4_current__synthetic_ring_6q_transpiler__seed7,N4_x2_t0.24_r4_current__synthetic_ring_6q_transpiler__seed7,synthetic_ring_6q_transpiler,ring,True,"id,rz,sx,x,ecr",transpiler,transpiler,7,2,lexicographic_native_2q_depth_duration,6,6,2.0,3,1.8,1.0,1.0,1,full_reduce_depth,qiskit.Operator.equiv_global_phase,1e-10,True,VERIFIED,436,296,140,1848,1005,1599,249,249,215,215,109,109,1.7785714285714285,0.00011751059400000002,0.00011751059400000002,0.5092194716293594,0.5092194716293594,0.5092194716293594,2.7793982549999328,,249215000.0001175,teleport,126110000.0000609
v0.3.0,N4_x2_t0.24_r8_current,8a9838b475d9bb5d15c2324d44b159fb5c192b8a4ea7b71bf432d0ede311ee02,7982982987e59a949c739e2bae48e48a06af33b8104d2d18d107b51b6d37128a,N4_r8_current,4,4,2.0,0.24,8,current,1105,784,689,416,19,1.6842105263157894,3,1.5,2,1,N4_x2_t0.24_r8_current__synthetic_grid_6q_transpiler__seed7,N4_x2_t0.24_r8_current__synthetic_grid_6q_transpiler__seed7,synthetic_grid_6q_transpiler,grid,True,"id,rz,sx,x,ecr",transpiler,transpiler,7,2,lexicographic_native_2q_depth_duration,6,7,2.3333333333333335,3,1.6666666666666667,1.6153846153846154,3.0,1,qiskit,qiskit.Operator.equiv_global_phase,1e-10,True,VERIFIED,1105,689,416,1991,1101,1685,306,306,274,274,-110,-110,0.7355769230769231,0.00019770054600000067,0.00019770054600000067,0.5706187614689067,0.5706187614689067,0.5706187614689067,0.01130565700009356,,306274000.0001977,teleport,246214000.00015867
v0.3.0,N4_x2_t0.24_r8_current,8a9838b475d9bb5d15c2324d44b159fb5c192b8a4ea7b71bf432d0ede311ee02,7982982987e59a949c739e2bae48e48a06af33b8104d2d18d107b51b6d37128a,N4_r8_current,4,4,2.0,0.24,8,current,1105,784,689,416,19,1.6842105263157894,3,1.5,2,1,N4_x2_t0.24_r8_current__synthetic_grid_6q_transpiler__seed7,N4_x2_t0.24_r8_current__synthetic_grid_6q_transpiler__seed7,synthetic_grid_6q_transpiler,grid,True,"id,rz,sx,x,ecr",transpiler,transpiler,7,2,lexicographic_native_2q_depth_duration,6,7,2.3333333333333335,3,1.6666666666666667,1.6153846153846154,3.0,1,basic,qiskit.Operator.equiv_global_phase,1e-10,True,VERIFIED,748,396,352,1796,914,1538,258,258,226,226,-94,-94,0.7329545454545454,0.00015596676600000039,0.00015596676600000039,0.46438662873794445,0.46438662873794445,0.46438662873794445,0.24426981600004183,,258226000.00015596,teleport,246214000.00015867
v0.3.0,N4_x2_t0.24_r8_current,8a9838b475d9bb5d15c2324d44b159fb5c192b8a4ea7b71bf432d0ede311ee02,7982982987e59a949c739e2bae48e48a06af33b8104d2d18d107b51b6d37128a,N4_r8_current,4,4,2.0,0.24,8,current,1105,784,689,416,19,1.6842105263157894,3,1.5,2,1,N4_x2_t0.24_r8_current__synthetic_grid_6q_transpiler__seed7,N4_x2_t0.24_r8_current__synthetic_grid_6q_transpiler__seed7,synthetic_grid_6q_transpiler,grid,True,"id,rz,sx,x,ecr",transpiler,transpiler,7,2,lexicographic_native_2q_depth_duration,6,7,2.3333333333333335,3,1.6666666666666667,1.6153846153846154,3.0,1,basic_swaps,qiskit.Operator.equiv_global_phase,1e-10,True,VERIFIED,748,396,352,1796,914,1538,258,258,226,226,-94,-94,0.7329545454545454,0.00015596676600000039,0.00015596676600000039,0.46438662873794445,0.46438662873794445,0.46438662873794445,0.24023435200001586,,258226000.00015596,teleport,246214000.00015867
v0.3.0,N4_x2_t0.24_r8_current,8a9838b475d9bb5d15c2324d44b159fb5c192b8a4ea7b71bf432d0ede311ee02,7982982987e59a949c739e2bae48e48a06af33b8104d2d18d107b51b6d37128a,N4_r8_current,4,4,2.0,0.24,8,current,1105,784,689,416,19,1.6842105263157894,3,1.5,2,1,N4_x2_t0.24_r8_current__synthetic_grid_6q_transpiler__seed7,N4_x2_t0.24_r8_current__synthetic_grid_6q_transpiler__seed7,synthetic_grid_6q_transpiler,grid,True,"id,rz,sx,x,ecr",transpiler,transpiler,7,2,lexicographic_native_2q_depth_duration,6,7,2.3333333333333335,3,1.6666666666666667,1.6153846153846154,3.0,1,teleport,qiskit.Operator.equiv_global_phase,1e-10,True,VERIFIED,1024,608,416,1581,819,1335,246,246,214,214,-170,-170,0.5913461538461539,0.0001586753880000002,0.0001586753880000002,0.44572244065494154,0.44572244065494154,0.44572244065494154,0.8320548189999499,,246214000.00015867,teleport,246214000.00015867
v0.3.0,N4_x2_t0.24_r8_current,8a9838b475d9bb5d15c2324d44b159fb5c192b8a4ea7b71bf432d0ede311ee02,7982982987e59a949c739e2bae48e48a06af33b8104d2d18d107b51b6d37128a,N4_r8_current,4,4,2.0,0.24,8,current,1105,784,689,416,19,1.6842105263157894,3,1.5,2,1,N4_x2_t0.24_r8_current__synthetic_grid_6q_transpiler__seed7,N4_x2_t0.24_r8_current__synthetic_grid_6q_transpiler__seed7,synthetic_grid_6q_transpiler,grid,True,"id,rz,sx,x,ecr",transpiler,transpiler,7,2,lexicographic_native_2q_depth_duration,6,7,2.3333333333333335,3,1.6666666666666667,1.6153846153846154,3.0,1,full_reduce,qiskit.Operator.equiv_global_phase,1e-10,True,VERIFIED,838,564,274,2870,1593,2460,410,410,371,371,136,136,1.4963503649635037,0.0001952330160000017,0.0001952330160000017,0.9451677734264539,0.9451677734264539,0.9451677734264539,0.796768314000019,,410371000.0001952,teleport,246214000.00015867
v0.3.0,N4_x2_t0.24_r8_current,8a9838b475d9bb5d15c2324d44b159fb5c192b8a4ea7b71bf432d0ede311ee02,7982982987e59a949c739e2bae48e48a06af33b8104d2d18d107b51b6d37128a,N4_r8_current,4,4,2.0,0.24,8,current,1105,784,689,416,19,1.6842105263157894,3,1.5,2,1,N4_x2_t0.24_r8_current__synthetic_grid_6q_transpiler__seed7,N4_x2_t0.24_r8_current__synthetic_grid_6q_transpiler__seed7,synthetic_grid_6q_transpiler,grid,True,"id,rz,sx,x,ecr",transpiler,transpiler,7,2,lexicographic_native_2q_depth_duration,6,7,2.3333333333333335,3,1.6666666666666667,1.6153846153846154,3.0,1,full_reduce_depth,qiskit.Operator.equiv_global_phase,1e-10,True,VERIFIED,824,564,260,2714,1433,2315,399,399,352,352,139,139,1.5346153846153847,0.00018258834000000135,0.00018258834000000135,0.8920613718615983,0.8920613718615983,0.8920613718615983,5.296530002000054,,399352000.00018257,teleport,246214000.00015867
v0.3.0,N4_x1_t0.16_r2_reversed,dabd84c4a3325ef21b50a394178e913fd5ef5dba3253c4dc929ef5785b340571,63750b2d38357d5cd9f9fb922cc3dfb8e294b61159a2362da953e87c8d5996e0,N4_r2_reversed,4,4,1.0,0.16,2,reversed,277,197,173,104,19,1.6842105263157894,3,1.5,2,1,N4_x1_t0.16_r2_reversed__synthetic_line_6q_favorable__seed7,N4_x1_t0.16_r2_reversed__synthetic_line_6q_favorable__seed7,synthetic_line_6q_favorable,line,True,"id,rz,sx,x,ecr",favorable,"0,1,2,3",7,2,lexicographic_native_2q_depth_duration,6,5,1.6666666666666667,5,2.3333333333333335,1.0,1.0,1,qiskit,qiskit.Operator.equiv_global_phase,1e-10,True,VERIFIED,277,173,104,515,274,435,80,80,72,72,-24,-24,0.7692307692307693,5.3194751999999956e-05,5.3194751999999956e-05,0.14883024804772593,0.14883024804772593,0.14883024804772593,0.0065500089999659394,,80072000.0000532,teleport,68060000.00004523
v0.3.0,N4_x1_t0.16_r2_reversed,dabd84c4a3325ef21b50a394178e913fd5ef5dba3253c4dc929ef5785b340571,63750b2d38357d5cd9f9fb922cc3dfb8e294b61159a2362da953e87c8d5996e0,N4_r2_reversed,4,4,1.0,0.16,2,reversed,277,197,173,104,19,1.6842105263157894,3,1.5,2,1,N4_x1_t0.16_r2_reversed__synthetic_line_6q_favorable__seed7,N4_x1_t0.16_r2_reversed__synthetic_line_6q_favorable__seed7,synthetic_line_6q_favorable,line,True,"id,rz,sx,x,ecr",favorable,"0,1,2,3",7,2,lexicographic_native_2q_depth_duration,6,5,1.6666666666666667,5,2.3333333333333335,1.0,1.0,1,basic,qiskit.Operator.equiv_global_phase,1e-10,True,VERIFIED,195,101,94,492,252,420,72,72,64,64,-22,-22,0.7659574468085106,4.544073599999995e-05,4.544073599999995e-05,0.13011493663513635,0.13011493663513635,0.13011493663513635,0.06403770199995051,,72064000.00004543,teleport,68060000.00004523
v0.3.0,N4_x1_t0.16_r2_reversed,dabd84c4a3325ef21b50a394178e913fd5ef5dba3253c4dc929ef5785b340571,63750b2d38357d5cd9f9fb922cc3dfb8e294b61159a2362da953e87c8d5996e0,N4_r2_reversed,4,4,1.0,0.16,2,reversed,277,197,173,104,19,1.6842105263157894,3,1.5,2,1,N4_x1_t0.16_r2_reversed__synthetic_line_6q_favorable__seed7,N4_x1_t0.16_r2_reversed__synthetic_line_6q_favorable__seed7,synthetic_line_6q_favorable,line,True,"id,rz,sx,x,ecr",favorable,"0,1,2,3",7,2,lexicographic_native_2q_depth_duration,6,5,1.6666666666666667,5,2.3333333333333335,1.0,1.0,1,basic_swaps,qiskit.Operator.equiv_global_phase,1e-10,True,VERIFIED,195,101,94,492,252,420,72,72,64,64,-22,-22,0.7659574468085106,4.544073599999995e-05,4.544073599999995e-05,0.13011493663513635,0.13011493663513635,0.13011493663513635,0.06498042499993062,,72064000.00004543,teleport,68060000.00004523
v0.3.0,N4_x1_t0.16_r2_reversed,dabd84c4a3325ef21b50a394178e913fd5ef5dba3253c4dc929ef5785b340571,63750b2d38357d5cd9f9fb922cc3dfb8e294b61159a2362da953e87c8d5996e0,N4_r2_reversed,4,4,1.0,0.16,2,reversed,277,197,173,104,19,1.6842105263157894,3,1.5,2,1,N4_x1_t0.16_r2_reversed__synthetic_line_6q_favorable__seed7,N4_x1_t0.16_r2_reversed__synthetic_line_6q_favorable__seed7,synthetic_line_6q_favorable,line,True,"id,rz,sx,x,ecr",favorable,"0,1,2,3",7,2,lexicographic_native_2q_depth_duration,6,5,1.6666666666666667,5,2.3333333333333335,1.0,1.0,1,teleport,qiskit.Operator.equiv_global_phase,1e-10,True,VERIFIED,259,155,104,422,211,354,68,68,60,60,-36,-36,0.6538461538461539,4.521917999999998e-05,4.521917999999998e-05,0.12385450924871577,0.12385450924871577,0.12385450924871577,0.15510166099988965,,68060000.00004523,teleport,68060000.00004523
v0.3.0,N4_x1_t0.16_r2_reversed,dabd84c4a3325ef21b50a394178e913fd5ef5dba3253c4dc929ef5785b340571,63750b2d38357d5cd9f9fb922cc3dfb8e294b61159a2362da953e87c8d5996e0,N4_r2_reversed,4,4,1.0,0.16,2,reversed,277,197,173,104,19,1.6842105263157894,3,1.5,2,1,N4_x1_t0.16_r2_reversed__synthetic_line_6q_favorable__seed7,N4_x1_t0.16_r2_reversed__synthetic_line_6q_favorable__seed7,synthetic_line_6q_favorable,line,True,"id,rz,sx,x,ecr",favorable,"0,1,2,3",7,2,lexicographic_native_2q_depth_duration,6,5,1.6666666666666667,5,2.3333333333333335,1.0,1.0,1,full_reduce,qiskit.Operator.equiv_global_phase,1e-10,True,VERIFIED,219,152,67,673,375,574,99,99,86,86,32,32,1.4776119402985075,5.5184981999999965e-05,5.5184981999999965e-05,0.17343409507526886,0.17343409507526886,0.17343409507526886,0.14949229599983482,,99086000.00005518,teleport,68060000.00004523
v0.3.0,N4_x1_t0.16_r2_reversed,dabd84c4a3325ef21b50a394178e913fd5ef5dba3253c4dc929ef5785b340571,63750b2d38357d5cd9f9fb922cc3dfb8e294b61159a2362da953e87c8d5996e0,N4_r2_reversed,4,4,1.0,0.16,2,reversed,277,197,173,104,19,1.6842105263157894,3,1.5,2,1,N4_x1_t0.16_r2_reversed__synthetic_line_6q_favorable__seed7,N4_x1_t0.16_r2_reversed__synthetic_line_6q_favorable__seed7,synthetic_line_6q_favorable,line,True,"id,rz,sx,x,ecr",favorable,"0,1,2,3",7,2,lexicographic_native_2q_depth_duration,6,5,1.6666666666666667,5,2.3333333333333335,1.0,1.0,1,full_reduce_depth,qiskit.Operator.equiv_global_phase,1e-10,True,VERIFIED,219,152,67,675,375,576,99,99,86,86,32,32,1.4776119402985075,5.5184981999999965e-05,5.5184981999999965e-05,0.17343409507526886,0.17343409507526886,0.17343409507526886,0.25052802499999416,,99086000.00005518,teleport,68060000.00004523
v0.3.0,N4_x1_t0.16_r2_reversed,dabd84c4a3325ef21b50a394178e913fd5ef5dba3253c4dc929ef5785b340571,63750b2d38357d5cd9f9fb922cc3dfb8e294b61159a2362da953e87c8d5996e0,N4_r2_reversed,4,4,1.0,0.16,2,reversed,277,197,173,104,19,1.6842105263157894,3,1.5,2,1,N4_x1_t0.16_r2_reversed__synthetic_line_6q_spread__seed7,N4_x1_t0.16_r2_reversed__synthetic_line_6q_spread__seed7,synthetic_line_6q_spread,line,True,"id,rz,sx,x,ecr",spread,"0,2,3,5",7,2,lexicographic_native_2q_depth_duration,6,5,1.6666666666666667,5,2.3333333333333335,1.6153846153846154,2.0,1,qiskit,qiskit.Operator.equiv_global_phase,1e-10,True,VERIFIED,277,173,104,537,269,451,86,86,74,74,-18,-18,0.8269230769230769,4.850722199999997e-05,4.850722199999997e-05,0.1086843869097071,0.1086843869097071,0.1086843869097071,0.0066963299998406,,86074000.0000485,teleport,74062000.00004117
v0.3.0,N4_x1_t0.16_r2_reversed,dabd84c4a3325ef21b50a394178e913fd5ef5dba3253c4dc929ef5785b340571,63750b2d38357d5cd9f9fb922cc3dfb8e294b61159a2362da953e87c8d5996e0,N4_r2_reversed,4,4,1.0,0.16,2,reversed,277,197,173,104,19,1.6842105263157894,3,1.5,2,1,N4_x1_t0.16_r2_reversed__synthetic_line_6q_spread__seed7,N4_x1_t0.16_r2_reversed__synthetic_line_6q_spread__seed7,synthetic_line_6q_spread,line,True,"id,rz,sx,x,ecr",spread,"0,2,3,5",7,2,lexicographic_native_2q_depth_duration,6,5,1.6666666666666667,5,2.3333333333333335,1.6153846153846154,2.0,1,basic,qiskit.Operator.equiv_global_phase,1e-10,True,VERIFIED,195,101,94,520,255,442,78,78,67,67,-16,-16,0.8297872340425532,4.1377247999999965e-05,4.1377247999999965e-05,0.100851757614512,0.100851757614512,0.100851757614512,0.06584157300017068,,78067000.00004138,teleport,74062000.00004117
v0.3.0,N4_x1_t0.16_r2_reversed,dabd84c4a3325ef21b50a394178e913fd5ef5dba3253c4dc929ef5785b340571,63750b2d38357d5cd9f9fb922cc3dfb8e294b61159a2362da953e87c8d5996e0,N4_r2_reversed,4,4,1.0,0.16,2,reversed,277,197,173,104,19,1.6842105263157894,3,1.5,2,1,N4_x1_t0.16_r2_reversed__synthetic_line_6q_spread__seed7,N4_x1_t0.16_r2_reversed__synthetic_line_6q_spread__seed7,synthetic_line_6q_spread,line,True,"id,rz,sx,x,ecr",spread,"0,2,3,5",7,2,lexicographic_native_2q_depth_duration,6,5,1.6666666666666667,5,2.3333333333333335,1.6153846153846154,2.0,1,basic_swaps,qiskit.Operator.equiv_global_phase,1e-10,True,VERIFIED,195,101,94,520,255,442,78,78,67,67,-16,-16,0.8297872340425532,4.1377247999999965e-05,4.1377247999999965e-05,0.100851757614512,0.100851757614512,0.100851757614512,0.06659051199994792,,78067000.00004138,teleport,74062000.00004117
v0.3.0,N4_x1_t0.16_r2_reversed,dabd84c4a3325ef21b50a394178e913fd5ef5dba3253c4dc929ef5785b340571,63750b2d38357d5cd9f9fb922cc3dfb8e294b61159a2362da953e87c8d5996e0,N4_r2_reversed,4,4,1.0,0.16,2,reversed,277,197,173,104,19,1.6842105263157894,3,1.5,2,1,N4_x1_t0.16_r2_reversed__synthetic_line_6q_spread__seed7,N4_x1_t0.16_r2_reversed__synthetic_line_6q_spread__seed7,synthetic_line_6q_spread,line,True,"id,rz,sx,x,ecr",spread,"0,2,3,5",7,2,lexicographic_native_2q_depth_duration,6,5,1.6666666666666667,5,2.3333333333333335,1.6153846153846154,2.0,1,teleport,qiskit.Operator.equiv_global_phase,1e-10,True,VERIFIED,259,155,104,472,226,398,74,74,62,62,-30,-30,0.7115384615384616,4.117189799999997e-05,4.117189799999997e-05,0.09032784578878421,0.09032784578878421,0.09032784578878421,0.1560885189999226,,74062000.00004117,teleport,74062000.00004117
v0.3.0,N4_x1_t0.16_r2_reversed,dabd84c4a3325ef21b50a394178e913fd5ef5dba3253c4dc929ef5785b340571,63750b2d38357d5cd9f9fb922cc3dfb8e294b61159a2362da953e87c8d5996e0,N4_r2_reversed,4,4,1.0,0.16,2,reversed,277,197,173,104,19,1.6842105263157894,3,1.5,2,1,N4_x1_t0.16_r2_reversed__synthetic_line_6q_spread__seed7,N4_x1_t0.16_r2_reversed__synthetic_line_6q_spread__seed7,synthetic_line_6q_spread,line,True,"id,rz,sx,x,ecr",spread,"0,2,3,5",7,2,lexicographic_native_2q_depth_duration,6,5,1.6666666666666667,5,2.3333333333333335,1.6153846153846154,2.0,1,full_reduce,qiskit.Operator.equiv_global_phase,1e-10,True,VERIFIED,219,152,67,660,315,561,99,99,84,84,32,32,1.4776119402985075,5.3049563999999996e-05,5.3049563999999996e-05,0.1503726063068624,0.1503726063068624,0.1503726063068624,0.15053388699993775,,99084000.00005305,teleport,74062000.00004117
v0.3.0,N4_x1_t0.16_r2_reversed,dabd84c4a3325ef21b50a394178e913fd5ef5dba3253c4dc929ef5785b340571,63750b2d38357d5cd9f9fb922cc3dfb8e294b61159a2362da953e87c8d5996e0,N4_r2_reversed,4,4,1.0,0.16,2,reversed,277,197,173,104,19,1.6842105263157894,3,1.5,2,1,N4_x1_t0.16_r2_reversed__synthetic_line_6q_spread__seed7,N4_x1_t0.16_r2_reversed__synthetic_line_6q_spread__seed7,synthetic_line_6q_spread,line,True,"id,rz,sx,x,ecr",spread,"0,2,3,5",7,2,lexicographic_native_2q_depth_duration,6,5,1.6666666666666667,5,2.3333333333333335,1.6153846153846154,2.0,1,full_reduce_depth,qiskit.Operator.equiv_global_phase,1e-10,True,VERIFIED,219,152,67,658,315,559,99,99,84,84,32,32,1.4776119402985075,5.3049563999999996e-05,5.3049563999999996e-05,0.1503726063068624,0.1503726063068624,0.1503726063068624,0.25247396700001445,,99084000.00005305,teleport,74062000.00004117
v0.3.0,N4_x1_t0.16_r2_reversed,dabd84c4a3325ef21b50a394178e913fd5ef5dba3253c4dc929ef5785b340571,63750b2d38357d5cd9f9fb922cc3dfb8e294b61159a2362da953e87c8d5996e0,N4_r2_reversed,4,4,1.0,0.16,2,reversed,277,197,173,104,19,1.6842105263157894,3,1.5,2,1,N4_x1_t0.16_r2_reversed__synthetic_ring_6q_transpiler__seed7,N4_x1_t0.16_r2_reversed__synthetic_ring_6q_transpiler__seed7,synthetic_ring_6q_transpiler,ring,True,"id,rz,sx,x,ecr",transpiler,transpiler,7,2,lexicographic_native_2q_depth_duration,6,6,2.0,3,1.8,1.0,1.0,1,qiskit,qiskit.Operator.equiv_global_phase,1e-10,True,VERIFIED,277,173,104,515,274,435,80,80,72,72,-24,-24,0.7692307692307693,5.3194751999999956e-05,5.3194751999999956e-05,0.14883024804772593,0.14883024804772593,0.14883024804772593,0.00671035599998504,,80072000.0000532,teleport,68060000.00004523
v0.3.0,N4_x1_t0.16_r2_reversed,dabd84c4a3325ef21b50a394178e913fd5ef5dba3253c4dc929ef5785b340571,63750b2d38357d5cd9f9fb922cc3dfb8e294b61159a2362da953e87c8d5996e0,N4_r2_reversed,4,4,1.0,0.16,2,reversed,277,197,173,104,19,1.6842105263157894,3,1.5,2,1,N4_x1_t0.16_r2_reversed__synthetic_ring_6q_transpiler__seed7,N4_x1_t0.16_r2_reversed__synthetic_ring_6q_transpiler__seed7,synthetic_ring_6q_transpiler,ring,True,"id,rz,sx,x,ecr",transpiler,transpiler,7,2,lexicographic_native_2q_depth_duration,6,6,2.0,3,1.8,1.0,1.0,1,basic,qiskit.Operator.equiv_global_phase,1e-10,True,VERIFIED,195,101,94,527,327,455,72,72,64,64,-22,-22,0.7659574468085106,3.535061399999995e-05,3.535061399999995e-05,0.1407848255393596,0.1407848255393596,0.1407848255393596,0.06621849200018914,,72064000.00003535,teleport,68060000.00004523
v0.3.0,N4_x1_t0.16_r2_reversed,dabd84c4a3325ef21b50a394178e913fd5ef5dba3253c4dc929ef5785b340571,63750b2d38357d5cd9f9fb922cc3dfb8e294b61159a2362da953e87c8d5996e0,N4_r2_reversed,4,4,1.0,0.16,2,reversed,277,197,173,104,19,1.6842105263157894,3,1.5,2,1,N4_x1_t0.16_r2_reversed__synthetic_ring_6q_transpiler__seed7,N4_x1_t0.16_r2_reversed__synthetic_ring_6q_transpiler__seed7,synthetic_ring_6q_transpiler,ring,True,"id,rz,sx,x,ecr",transpiler,transpiler,7,2,lexicographic_native_2q_depth_duration,6,6,2.0,3,1.8,1.0,1.0,1,basic_swaps,qiskit.Operator.equiv_global_phase,1e-10,True,VERIFIED,195,101,94,527,327,455,72,72,64,64,-22,-22,0.7659574468085106,3.535061399999995e-05,3.535061399999995e-05,0.1407848255393596,0.1407848255393596,0.1407848255393596,0.0663258899999164,,72064000.00003535,teleport,68060000.00004523
v0.3.0,N4_x1_t0.16_r2_reversed,dabd84c4a3325ef21b50a394178e913fd5ef5dba3253c4dc929ef5785b340571,63750b2d38357d5cd9f9fb922cc3dfb8e294b61159a2362da953e87c8d5996e0,N4_r2_reversed,4,4,1.0,0.16,2,reversed,277,197,173,104,19,1.6842105263157894,3,1.5,2,1,N4_x1_t0.16_r2_reversed__synthetic_ring_6q_transpiler__seed7,N4_x1_t0.16_r2_reversed__synthetic_ring_6q_transpiler__seed7,synthetic_ring_6q_transpiler,ring,True,"id,rz,sx,x,ecr",transpiler,transpiler,7,2,lexicographic_native_2q_depth_duration,6,6,2.0,3,1.8,1.0,1.0,1,teleport,qiskit.Operator.equiv_global_phase,1e-10,True,VERIFIED,259,155,104,422,211,354,68,68,60,60,-36,-36,0.6538461538461539,4.521917999999998e-05,4.521917999999998e-05,0.12385450924871577,0.12385450924871577,0.12385450924871577,0.16006507700012662,,68060000.00004523,teleport,68060000.00004523
v0.3.0,N4_x1_t0.16_r2_reversed,dabd84c4a3325ef21b50a394178e913fd5ef5dba3253c4dc929ef5785b340571,63750b2d38357d5cd9f9fb922cc3dfb8e294b61159a2362da953e87c8d5996e0,N4_r2_reversed,4,4,1.0,0.16,2,reversed,277,197,173,104,19,1.6842105263157894,3,1.5,2,1,N4_x1_t0.16_r2_reversed__synthetic_ring_6q_transpiler__seed7,N4_x1_t0.16_r2_reversed__synthetic_ring_6q_transpiler__seed7,synthetic_ring_6q_transpiler,ring,True,"id,rz,sx,x,ecr",transpiler,transpiler,7,2,lexicographic_native_2q_depth_duration,6,6,2.0,3,1.8,1.0,1.0,1,full_reduce,qiskit.Operator.equiv_global_phase,1e-10,True,VERIFIED,219,152,67,762,410,660,102,102,89,89,35,35,1.5223880597014925,4.533817199999992e-05,4.533817199999992e-05,0.23938998081504637,0.23938998081504637,0.23938998081504637,0.1546702229998118,,102089000.00004534,teleport,68060000.00004523
v0.3.0,N4_x1_t0.16_r2_reversed,dabd84c4a3325ef21b50a394178e913fd5ef5dba3253c4dc929ef5785b340571,63750b2d38357d5cd9f9fb922cc3dfb8e294b61159a2362da953e87c8d5996e0,N4_r2_reversed,4,4,1.0,0.16,2,reversed,277,197,173,104,19,1.6842105263157894,3,1.5,2,1,N4_x1_t0.16_r2_reversed__synthetic_ring_6q_transpiler__seed7,N4_x1_t0.16_r2_reversed__synthetic_ring_6q_transpiler__seed7,synthetic_ring_6q_transpiler,ring,True,"id,rz,sx,x,ecr",transpiler,transpiler,7,2,lexicographic_native_2q_depth_duration,6,6,2.0,3,1.8,1.0,1.0,1,full_reduce_depth,qiskit.Operator.equiv_global_phase,1e-10,True,VERIFIED,219,152,67,758,410,656,102,102,89,89,35,35,1.5223880597014925,4.5463379999999927e-05,4.5463379999999927e-05,0.23938998081504637,0.23938998081504637,0.23938998081504637,0.25413860399999066,,102089000.00004546,teleport,68060000.00004523
v0.3.0,N4_x1_t0.16_r2_reversed,dabd84c4a3325ef21b50a394178e913fd5ef5dba3253c4dc929ef5785b340571,63750b2d38357d5cd9f9fb922cc3dfb8e294b61159a2362da953e87c8d5996e0,N4_r2_reversed,4,4,1.0,0.16,2,reversed,277,197,173,104,19,1.6842105263157894,3,1.5,2,1,N4_x1_t0.16_r2_reversed__synthetic_grid_6q_transpiler__seed7,N4_x1_t0.16_r2_reversed__synthetic_grid_6q_transpiler__seed7,synthetic_grid_6q_transpiler,grid,True,"id,rz,sx,x,ecr",transpiler,transpiler,7,2,lexicographic_native_2q_depth_duration,6,7,2.3333333333333335,3,1.6666666666666667,1.6153846153846154,3.0,1,qiskit,qiskit.Operator.equiv_global_phase,1e-10,True,VERIFIED,277,173,104,506,275,426,80,80,72,72,-24,-24,0.7692307692307693,5.2714343999999944e-05,5.2714343999999944e-05,0.14883024804772593,0.14883024804772593,0.14883024804772593,0.006655549000015526,,80072000.00005272,teleport,68060000.0000452
v0.3.0,N4_x1_t0.16_r2_reversed,dabd84c4a3325ef21b50a394178e913fd5ef5dba3253c4dc929ef5785b340571,63750b2d38357d5cd9f9fb922cc3dfb8e294b61159a2362da953e87c8d5996e0,N4_r2_reversed,4,4,1.0,0.16,2,reversed,277,197,173,104,19,1.6842105263157894,3,1.5,2,1,N4_x1_t0.16_r2_reversed__synthetic_grid_6q_transpiler__seed7,N4_x1_t0.16_r2_reversed__synthetic_grid_6q_transpiler__seed7,synthetic_grid_6q_transpiler,grid,True,"id,rz,sx,x,ecr",transpiler,transpiler,7,2,lexicographic_native_2q_depth_duration,6,7,2.3333333333333335,3,1.6666666666666667,1.6153846153846154,3.0,1,basic,qiskit.Operator.equiv_global_phase,1e-10,True,VERIFIED,195,101,94,485,252,413,72,72,64,64,-22,-22,0.7659574468085106,4.5196757999999965e-05,4.5196757999999965e-05,0.13011493663513635,0.13011493663513635,0.13011493663513635,0.06545079700003953,,72064000.0000452,teleport,68060000.0000452
v0.3.0,N4_x1_t0.16_r2_reversed,dabd84c4a3325ef21b50a394178e913fd5ef5dba3253c4dc929ef5785b340571,63750b2d38357d5cd9f9fb922cc3dfb8e294b61159a2362da953e87c8d5996e0,N4_r2_reversed,4,4,1.0,0.16,2,reversed,277,197,173,104,19,1.6842105263157894,3,1.5,2,1,N4_x1_t0.16_r2_reversed__synthetic_grid_6q_transpiler__seed7,N4_x1_t0.16_r2_reversed__synthetic_grid_6q_transpiler__seed7,synthetic_grid_6q_transpiler,grid,True,"id,rz,sx,x,ecr",transpiler,transpiler,7,2,lexicographic_native_2q_depth_duration,6,7,2.3333333333333335,3,1.6666666666666667,1.6153846153846154,3.0,1,basic_swaps,qiskit.Operator.equiv_global_phase,1e-10,True,VERIFIED,195,101,94,485,252,413,72,72,64,64,-22,-22,0.7659574468085106,4.5196757999999965e-05,4.5196757999999965e-05,0.13011493663513635,0.13011493663513635,0.13011493663513635,0.06809978599994793,,72064000.0000452,teleport,68060000.0000452
v0.3.0,N4_x1_t0.16_r2_reversed,dabd84c4a3325ef21b50a394178e913fd5ef5dba3253c4dc929ef5785b340571,63750b2d38357d5cd9f9fb922cc3dfb8e294b61159a2362da953e87c8d5996e0,N4_r2_reversed,4,4,1.0,0.16,2,reversed,277,197,173,104,19,1.6842105263157894,3,1.5,2,1,N4_x1_t0.16_r2_reversed__synthetic_grid_6q_transpiler__seed7,N4_x1_t0.16_r2_reversed__synthetic_grid_6q_transpiler__seed7,synthetic_grid_6q_transpiler,grid,True,"id,rz,sx,x,ecr",transpiler,transpiler,7,2,lexicographic_native_2q_depth_duration,6,7,2.3333333333333335,3,1.6666666666666667,1.6153846153846154,3.0,1,teleport,qiskit.Operator.equiv_global_phase,1e-10,True,VERIFIED,259,155,104,431,224,363,68,68,60,60,-36,-36,0.6538461538461539,4.5195425999999975e-05,4.5195425999999975e-05,0.12385450924871577,0.12385450924871577,0.12385450924871577,0.15484643199988568,,68060000.0000452,teleport,68060000.0000452
v0.3.0,N4_x1_t0.16_r2_reversed,dabd84c4a3325ef21b50a394178e913fd5ef5dba3253c4dc929ef5785b340571,63750b2d38357d5cd9f9fb922cc3dfb8e294b61159a2362da953e87c8d5996e0,N4_r2_reversed,4,4,1.0,0.16,2,reversed,277,197,173,104,19,1.6842105263157894,3,1.5,2,1,N4_x1_t0.16_r2_reversed__synthetic_grid_6q_transpiler__seed7,N4_x1_t0.16_r2_reversed__synthetic_grid_6q_transpiler__seed7,synthetic_grid_6q_transpiler,grid,True,"id,rz,sx,x,ecr",transpiler,transpiler,7,2,lexicographic_native_2q_depth_duration,6,7,2.3333333333333335,3,1.6666666666666667,1.6153846153846154,3.0,1,full_reduce,qiskit.Operator.equiv_global_phase,1e-10,True,VERIFIED,219,152,67,616,368,526,90,90,89,89,23,23,1.3432835820895523,4.5859427999999986e-05,4.5859427999999986e-05,0.24308256152535287,0.24308256152535287,0.24308256152535287,0.1495637739999438,,90089000.00004587,teleport,68060000.0000452
v0.3.0,N4_x1_t0.16_r2_reversed,dabd84c4a3325ef21b50a394178e913fd5ef5dba3253c4dc929ef5785b340571,63750b2d38357d5cd9f9fb922cc3dfb8e294b61159a2362da953e87c8d5996e0,N4_r2_reversed,4,4,1.0,0.16,2,reversed,277,197,173,104,19,1.6842105263157894,3,1.5,2,1,N4_x1_t0.16_r2_reversed__synthetic_grid_6q_transpiler__seed7,N4_x1_t0.16_r2_reversed__synthetic_grid_6q_transpiler__seed7,synthetic_grid_6q_transpiler,grid,True,"id,rz,sx,x,ecr",transpiler,transpiler,7,2,lexicographic_native_2q_depth_duration,6,7,2.3333333333333335,3,1.6666666666666667,1.6153846153846154,3.0,1,full_reduce_depth,qiskit.Operator.equiv_global_phase,1e-10,True,VERIFIED,219,152,67,642,357,548,94,94,85,85,27,27,1.4029850746268657,4.440932399999999e-05,4.440932399999999e-05,0.24894403133915424,0.24894403133915424,0.24894403133915424,0.25045324400002755,,94085000.0000444,teleport,68060000.0000452
v0.3.0,N4_x1_t0.16_r2_reversed,dabd84c4a3325ef21b50a394178e913fd5ef5dba3253c4dc929ef5785b340571,63750b2d38357d5cd9f9fb922cc3dfb8e294b61159a2362da953e87c8d5996e0,N4_r2_reversed,4,4,1.0,0.16,2,reversed,277,197,173,104,19,1.6842105263157894,3,1.5,2,1,N4_x1_t0.16_r2_reversed__synthetic_heavy_hex_like_7q_transpiler__seed7,N4_x1_t0.16_r2_reversed__synthetic_heavy_hex_like_7q_transpiler__seed7,synthetic_heavy_hex_like_7q_transpiler,heavy_hex_like,True,"id,rz,sx,x,ecr",transpiler,transpiler,7,2,lexicographic_native_2q_depth_duration,7,7,2.0,5,2.2857142857142856,1.0,1.0,1,qiskit,qiskit.Operator.equiv_global_phase,1e-10,True,VERIFIED,277,173,104,510,301,430,80,80,72,72,-24,-24,0.7692307692307693,2.122919399999998e-05,2.122919399999998e-05,0.17479040085346798,0.17479040085346798,0.17479040085346798,0.007487888000014209,,80072000.00002123,teleport,68060000.0000173
v0.3.0,N4_x1_t0.16_r2_reversed,dabd84c4a3325ef21b50a394178e913fd5ef5dba3253c4dc929ef5785b340571,63750b2d38357d5cd9f9fb922cc3dfb8e294b61159a2362da953e87c8d5996e0,N4_r2_reversed,4,4,1.0,0.16,2,reversed,277,197,173,104,19,1.6842105263157894,3,1.5,2,1,N4_x1_t0.16_r2_reversed__synthetic_heavy_hex_like_7q_transpiler__seed7,N4_x1_t0.16_r2_reversed__synthetic_heavy_hex_like_7q_transpiler__seed7,synthetic_heavy_hex_like_7q_transpiler,heavy_hex_like,True,"id,rz,sx,x,ecr",transpiler,transpiler,7,2,lexicographic_native_2q_depth_duration,7,7,2.0,5,2.2857142857142856,1.0,1.0,1,basic,qiskit.Operator.equiv_global_phase,1e-10,True,VERIFIED,195,101,94,490,285,418,72,72,64,64,-22,-22,0.7659574468085106,1.9369722000000002e-05,1.9369722000000002e-05,0.16492420428556276,0.16492420428556276,0.16492420428556276,0.06659853199994359,,72064000.00001937,teleport,68060000.0000173
v0.3.0,N4_x1_t0.16_r2_reversed,dabd84c4a3325ef21b50a394178e913fd5ef5dba3253c4dc929ef5785b340571,63750b2d38357d5cd9f9fb922cc3dfb8e294b61159a2362da953e87c8d5996e0,N4_r2_reversed,4,4,1.0,0.16,2,reversed,277,197,173,104,19,1.6842105263157894,3,1.5,2,1,N4_x1_t0.16_r2_reversed__synthetic_heavy_hex_like_7q_transpiler__seed7,N4_x1_t0.16_r2_reversed__synthetic_heavy_hex_like_7q_transpiler__seed7,synthetic_heavy_hex_like_7q_transpiler,heavy_hex_like,True,"id,rz,sx,x,ecr",transpiler,transpiler,7,2,lexicographic_native_2q_depth_duration,7,7,2.0,5,2.2857142857142856,1.0,1.0,1,basic_swaps,qiskit.Operator.equiv_global_phase,1e-10,True,VERIFIED,195,101,94,490,285,418,72,72,64,64,-22,-22,0.7659574468085106,1.9369722000000002e-05,1.9369722000000002e-05,0.16492420428556276,0.16492420428556276,0.16492420428556276,0.06687510999995538,,72064000.00001937,teleport,68060000.0000173
v0.3.0,N4_x1_t0.16_r2_reversed,dabd84c4a3325ef21b50a394178e913fd5ef5dba3253c4dc929ef5785b340571,63750b2d38357d5cd9f9fb922cc3dfb8e294b61159a2362da953e87c8d5996e0,N4_r2_reversed,4,4,1.0,0.16,2,reversed,277,197,173,104,19,1.6842105263157894,3,1.5,2,1,N4_x1_t0.16_r2_reversed__synthetic_heavy_hex_like_7q_transpiler__seed7,N4_x1_t0.16_r2_reversed__synthetic_heavy_hex_like_7q_transpiler__seed7,synthetic_heavy_hex_like_7q_transpiler,heavy_hex_like,True,"id,rz,sx,x,ecr",transpiler,transpiler,7,2,lexicographic_native_2q_depth_duration,7,7,2.0,5,2.2857142857142856,1.0,1.0,1,teleport,qiskit.Operator.equiv_global_phase,1e-10,True,VERIFIED,259,155,104,431,234,363,68,68,60,60,-36,-36,0.6538461538461539,1.729690800000001e-05,1.729690800000001e-05,0.15202069678697896,0.15202069678697896,0.15202069678697896,0.15276306900000236,,68060000.0000173,teleport,68060000.0000173
v0.3.0,N4_x1_t0.16_r2_reversed,dabd84c4a3325ef21b50a394178e913fd5ef5dba3253c4dc929ef5785b340571,63750b2d38357d5cd9f9fb922cc3dfb8e294b61159a2362da953e87c8d5996e0,N4_r2_reversed,4,4,1.0,0.16,2,reversed,277,197,173,104,19,1.6842105263157894,3,1.5,2,1,N4_x1_t0.16_r2_reversed__synthetic_heavy_hex_like_7q_transpiler__seed7,N4_x1_t0.16_r2_reversed__synthetic_heavy_hex_like_7q_transpiler__seed7,synthetic_heavy_hex_like_7q_transpiler,heavy_hex_like,True,"id,rz,sx,x,ecr",transpiler,transpiler,7,2,lexicographic_native_2q_depth_duration,7,7,2.0,5,2.2857142857142856,1.0,1.0,1,full_reduce,qiskit.Operator.equiv_global_phase,1e-10,True,VERIFIED,219,152,67,790,481,699,91,91,90,90,24,24,1.3582089552238805,3.8509896e-05,3.8509896e-05,0.13413028351259068,0.13413028351259068,0.13413028351259068,0.15081400300005043,,91090000.0000385,teleport,68060000.0000173
v0.3.0,N4_x1_t0.16_r2_reversed,dabd84c4a3325ef21b50a394178e913fd5ef5dba3253c4dc929ef5785b340571,63750b2d38357d5cd9f9fb922cc3dfb8e294b61159a2362da953e87c8d5996e0,N4_r2_reversed,4,4,1.0,0.16,2,reversed,277,197,173,104,19,1.6842105263157894,3,1.5,2,1,N4_x1_t0.16_r2_reversed__synthetic_heavy_hex_like_7q_transpiler__seed7,N4_x1_t0.16_r2_reversed__synthetic_heavy_hex_like_7q_transpiler__seed7,synthetic_heavy_hex_like_7q_transpiler,heavy_hex_like,True,"id,rz,sx,x,ecr",transpiler,transpiler,7,2,lexicographic_native_2q_depth_duration,7,7,2.0,5,2.2857142857142856,1.0,1.0,1,full_reduce_depth,qiskit.Operator.equiv_global_phase,1e-10,True,VERIFIED,219,152,67,808,510,714,94,94,94,94,27,27,1.4029850746268657,4.203103800000003e-05,4.203103800000003e-05,0.12324677877922952,0.12324677877922952,0.12324677877922952,0.31734542799995324,,94094000.00004204,teleport,68060000.0000173
v0.3.0,N4_x1_t0.16_r2_reversed,dabd84c4a3325ef21b50a394178e913fd5ef5dba3253c4dc929ef5785b340571,63750b2d38357d5cd9f9fb922cc3dfb8e294b61159a2362da953e87c8d5996e0,N4_r2_reversed,4,4,1.0,0.16,2,reversed,277,197,173,104,19,1.6842105263157894,3,1.5,2,1,N4_x1_t0.16_r2_reversed__synthetic_irregular_7q_favorable__seed7,N4_x1_t0.16_r2_reversed__synthetic_irregular_7q_favorable__seed7,synthetic_irregular_7q_favorable,irregular,True,"id,rz,sx,x,ecr",favorable,"0,1,2,3",7,2,lexicographic_native_2q_depth_duration,7,8,2.2857142857142856,3,1.8095238095238095,1.0,1.0,1,qiskit,qiskit.Operator.equiv_global_phase,1e-10,True,VERIFIED,277,173,104,518,289,438,80,80,72,72,-24,-24,0.7692307692307693,2.478452399999997e-05,2.478452399999997e-05,0.22157917752466572,0.22157917752466572,0.22157917752466572,0.006442455999831509,,80072000.00002478,teleport,68060000.00002281
v0.3.0,N4_x1_t0.16_r2_reversed,dabd84c4a3325ef21b50a394178e913fd5ef5dba3253c4dc929ef5785b340571,63750b2d38357d5cd9f9fb922cc3dfb8e294b61159a2362da953e87c8d5996e0,N4_r2_reversed,4,4,1.0,0.16,2,reversed,277,197,173,104,19,1.6842105263157894,3,1.5,2,1,N4_x1_t0.16_r2_reversed__synthetic_irregular_7q_favorable__seed7,N4_x1_t0.16_r2_reversed__synthetic_irregular_7q_favorable__seed7,synthetic_irregular_7q_favorable,irregular,True,"id,rz,sx,x,ecr",favorable,"0,1,2,3",7,2,lexicographic_native_2q_depth_duration,7,8,2.2857142857142856,3,1.8095238095238095,1.0,1.0,1,basic,qiskit.Operator.equiv_global_phase,1e-10,True,VERIFIED,195,101,94,479,251,407,72,72,64,64,-22,-22,0.7659574468085106,2.3223863999999974e-05,2.3223863999999974e-05,0.19634557654514959,0.19634557654514959,0.19634557654514959,0.06518245000006573,,72064000.00002323,teleport,68060000.00002281
v0.3.0,N4_x1_t0.16_r2_reversed,dabd84c4a3325ef21b50a394178e913fd5ef5dba3253c4dc929ef5785b340571,63750b2d38357d5cd9f9fb922cc3dfb8e294b61159a2362da953e87c8d5996e0,N4_r2_reversed,4,4,1.0,0.16,2,reversed,277,197,173,104,19,1.6842105263157894,3,1.5,2,1,N4_x1_t0.16_r2_reversed__synthetic_irregular_7q_favorable__seed7,N4_x1_t0.16_r2_reversed__synthetic_irregular_7q_favorable__seed7,synthetic_irregular_7q_favorable,irregular,True,"id,rz,sx,x,ecr",favorable,"0,1,2,3",7,2,lexicographic_native_2q_depth_duration,7,8,2.2857142857142856,3,1.8095238095238095,1.0,1.0,1,basic_swaps,qiskit.Operator.equiv_global_phase,1e-10,True,VERIFIED,195,101,94,479,251,407,72,72,64,64,-22,-22,0.7659574468085106,2.3223863999999974e-05,2.3223863999999974e-05,0.19634557654514959,0.19634557654514959,0.19634557654514959,0.06464506299994355,,72064000.00002323,teleport,68060000.00002281
v0.3.0,N4_x1_t0.16_r2_reversed,dabd84c4a3325ef21b50a394178e913fd5ef5dba3253c4dc929ef5785b340571,63750b2d38357d5cd9f9fb922cc3dfb8e294b61159a2362da953e87c8d5996e0,N4_r2_reversed,4,4,1.0,0.16,2,reversed,277,197,173,104,19,1.6842105263157894,3,1.5,2,1,N4_x1_t0.16_r2_reversed__synthetic_irregular_7q_favorable__seed7,N4_x1_t0.16_r2_reversed__synthetic_irregular_7q_favorable__seed7,synthetic_irregular_7q_favorable,irregular,True,"id,rz,sx,x,ecr",favorable,"0,1,2,3",7,2,lexicographic_native_2q_depth_duration,7,8,2.2857142857142856,3,1.8095238095238095,1.0,1.0,1,teleport,qiskit.Operator.equiv_global_phase,1e-10,True,VERIFIED,259,155,104,419,220,351,68,68,60,60,-36,-36,0.6538461538461539,2.2818935999999994e-05,2.2818935999999994e-05,0.17881045805375614,0.17881045805375614,0.17881045805375614,0.16849914899989926,,68060000.00002281,teleport,68060000.00002281
v0.3.0,N4_x1_t0.16_r2_reversed,dabd84c4a3325ef21b50a394178e913fd5ef5dba3253c4dc929ef5785b340571,63750b2d38357d5cd9f9fb922cc3dfb8e294b61159a2362da953e87c8d5996e0,N4_r2_reversed,4,4,1.0,0.16,2,reversed,277,197,173,104,19,1.6842105263157894,3,1.5,2,1,N4_x1_t0.16_r2_reversed__synthetic_irregular_7q_favorable__seed7,N4_x1_t0.16_r2_reversed__synthetic_irregular_7q_favorable__seed7,synthetic_irregular_7q_favorable,irregular,True,"id,rz,sx,x,ecr",favorable,"0,1,2,3",7,2,lexicographic_native_2q_depth_duration,7,8,2.2857142857142856,3,1.8095238095238095,1.0,1.0,1,full_reduce,qiskit.Operator.equiv_global_phase,1e-10,True,VERIFIED,219,152,67,698,370,600,98,98,86,86,31,31,1.462686567164179,2.8937033999999943e-05,2.8937033999999943e-05,0.23782985073384424,0.23782985073384424,0.23782985073384424,0.15649195199989663,,98086000.00002894,teleport,68060000.00002281
v0.3.0,N4_x1_t0.16_r2_reversed,dabd84c4a3325ef21b50a394178e913fd5ef5dba3253c4dc929ef5785b340571,63750b2d38357d5cd9f9fb922cc3dfb8e294b61159a2362da953e87c8d5996e0,N4_r2_reversed,4,4,1.0,0.16,2,reversed,277,197,173,104,19,1.6842105263157894,3,1.5,2,1,N4_x1_t0.16_r2_reversed__synthetic_irregular_7q_favorable__seed7,N4_x1_t0.16_r2_reversed__synthetic_irregular_7q_favorable__seed7,synthetic_irregular_7q_favorable,irregular,True,"id,rz,sx,x,ecr",favorable,"0,1,2,3",7,2,lexicographic_native_2q_depth_duration,7,8,2.2857142857142856,3,1.8095238095238095,1.0,1.0,1,full_reduce_depth,qiskit.Operator.equiv_global_phase,1e-10,True,VERIFIED,219,152,67,700,367,600,100,100,87,87,33,33,1.492537313432836,3.043819799999995e-05,3.043819799999995e-05,0.23885994267641675,0.23885994267641675,0.23885994267641675,0.25428571699990243,,100087000.00003044,teleport,68060000.00002281
v0.3.0,N4_x1_t0.16_r2_reversed,dabd84c4a3325ef21b50a394178e913fd5ef5dba3253c4dc929ef5785b340571,63750b2d38357d5cd9f9fb922cc3dfb8e294b61159a2362da953e87c8d5996e0,N4_r2_reversed,4,4,1.0,0.16,2,reversed,277,197,173,104,19,1.6842105263157894,3,1.5,2,1,N4_x1_t0.16_r2_reversed__synthetic_irregular_7q_spread__seed7,N4_x1_t0.16_r2_reversed__synthetic_irregular_7q_spread__seed7,synthetic_irregular_7q_spread,irregular,True,"id,rz,sx,x,ecr",spread,"0,2,3,5",7,2,lexicographic_native_2q_depth_duration,7,8,2.2857142857142856,3,1.8095238095238095,1.6153846153846154,2.0,1,qiskit,qiskit.Operator.equiv_global_phase,1e-10,True,VERIFIED,277,173,104,559,294,473,86,86,74,74,-18,-18,0.8269230769230769,4.412738400000002e-05,4.412738400000002e-05,0.18835307619876057,0.18835307619876057,0.18835307619876057,0.007524938999949882,,86074000.00004412,teleport,74062000.00003994
v0.3.0,N4_x1_t0.16_r2_reversed,dabd84c4a3325ef21b50a394178e913fd5ef5dba3253c4dc929ef5785b340571,63750b2d38357d5cd9f9fb922cc3dfb8e294b61159a2362da953e87c8d5996e0,N4_r2_reversed,4,4,1.0,0.16,2,reversed,277,197,173,104,19,1.6842105263157894,3,1.5,2,1,N4_x1_t0.16_r2_reversed__synthetic_irregular_7q_spread__seed7,N4_x1_t0.16_r2_reversed__synthetic_irregular_7q_spread__seed7,synthetic_irregular_7q_spread,irregular,True,"id,rz,sx,x,ecr",spread,"0,2,3,5",7,2,lexicographic_native_2q_depth_duration,7,8,2.2857142857142856,3,1.8095238095238095,1.6153846153846154,2.0,1,basic,qiskit.Operator.equiv_global_phase,1e-10,True,VERIFIED,195,101,94,525,290,447,78,78,67,67,-16,-16,0.8297872340425532,3.0806051999999964e-05,3.0806051999999964e-05,0.17484805130482892,0.17484805130482892,0.17484805130482892,0.06566444300005969,,78067000.0000308,teleport,74062000.00003994
v0.3.0,N4_x1_t0.16_r2_reversed,dabd84c4a3325ef21b50a394178e913fd5ef5dba3253c4dc929ef5785b340571,63750b2d38357d5cd9f9fb922cc3dfb8e294b61159a2362da953e87c8d5996e0,N4_r2_reversed,4,4,1.0,0.16,2,reversed,277,197,173,104,19,1.6842105263157894,3,1.5,2,1,N4_x1_t0.16_r2_reversed__synthetic_irregular_7q_spread__seed7,N4_x1_t0.16_r2_reversed__synthetic_irregular_7q_spread__seed7,synthetic_irregular_7q_spread,irregular,True,"id,rz,sx,x,ecr",spread,"0,2,3,5",7,2,lexicographic_native_2q_depth_duration,7,8,2.2857142857142856,3,1.8095238095238095,1.6153846153846154,2.0,1,basic_swaps,qiskit.Operator.equiv_global_phase,1e-10,True,VERIFIED,195,101,94,525,290,447,78,78,67,67,-16,-16,0.8297872340425532,3.0806051999999964e-05,3.0806051999999964e-05,0.17484805130482892,0.17484805130482892,0.17484805130482892,0.06677282100008597,,78067000.0000308,teleport,74062000.00003994
v0.3.0,N4_x1_t0.16_r2_reversed,dabd84c4a3325ef21b50a394178e913fd5ef5dba3253c4dc929ef5785b340571,63750b2d38357d5cd9f9fb922cc3dfb8e294b61159a2362da953e87c8d5996e0,N4_r2_reversed,4,4,1.0,0.16,2,reversed,277,197,173,104,19,1.6842105263157894,3,1.5,2,1,N4_x1_t0.16_r2_reversed__synthetic_irregular_7q_spread__seed7,N4_x1_t0.16_r2_reversed__synthetic_irregular_7q_spread__seed7,synthetic_irregular_7q_spread,irregular,True,"id,rz,sx,x,ecr",spread,"0,2,3,5",7,2,lexicographic_native_2q_depth_duration,7,8,2.2857142857142856,3,1.8095238095238095,1.6153846153846154,2.0,1,teleport,qiskit.Operator.equiv_global_phase,1e-10,True,VERIFIED,259,155,104,460,227,386,74,74,62,62,-30,-30,0.7115384615384616,3.992803199999999e-05,3.992803199999999e-05,0.15537235670745547,0.15537235670745547,0.15537235670745547,0.1544923880001079,,74062000.00003994,teleport,74062000.00003994
v0.3.0,N4_x1_t0.16_r2_reversed,dabd84c4a3325ef21b50a394178e913fd5ef5dba3253c4dc929ef5785b340571,63750b2d38357d5cd9f9fb922cc3dfb8e294b61159a2362da953e87c8d5996e0,N4_r2_reversed,4,4,1.0,0.16,2,reversed,277,197,173,104,19,1.6842105263157894,3,1.5,2,1,N4_x1_t0.16_r2_reversed__synthetic_irregular_7q_spread__seed7,N4_x1_t0.16_r2_reversed__synthetic_irregular_7q_spread__seed7,synthetic_irregular_7q_spread,irregular,True,"id,rz,sx,x,ecr",spread,"0,2,3,5",7,2,lexicographic_native_2q_depth_duration,7,8,2.2857142857142856,3,1.8095238095238095,1.6153846153846154,2.0,1,full_reduce,qiskit.Operator.equiv_global_phase,1e-10,True,VERIFIED,219,152,67,729,450,633,96,96,96,96,29,29,1.4328358208955223,4.323561000000005e-05,4.323561000000005e-05,0.20472565998744302,0.20472565998744302,0.20472565998744302,0.14950164099991525,,96096000.00004323,teleport,74062000.00003994
v0.3.0,N4_x1_t0.16_r2_reversed,dabd84c4a3325ef21b50a394178e913fd5ef5dba3253c4dc929ef5785b340571,63750b2d38357d5cd9f9fb922cc3dfb8e294b61159a2362da953e87c8d5996e0,N4_r2_reversed,4,4,1.0,0.16,2,reversed,277,197,173,104,19,1.6842105263157894,3,1.5,2,1,N4_x1_t0.16_r2_reversed__synthetic_irregular_7q_spread__seed7,N4_x1_t0.16_r2_reversed__synthetic_irregular_7q_spread__seed7,synthetic_irregular_7q_spread,irregular,True,"id,rz,sx,x,ecr",spread,"0,2,3,5",7,2,lexicographic_native_2q_depth_duration,7,8,2.2857142857142856,3,1.8095238095238095,1.6153846153846154,2.0,1,full_reduce_depth,qiskit.Operator.equiv_global_phase,1e-10,True,VERIFIED,219,152,67,746,437,644,102,102,96,96,35,35,1.5223880597014925,4.176641400000003e-05,4.176641400000003e-05,0.2493252739137792,0.2493252739137792,0.2493252739137792,0.25403692999998384,,102096000.00004177,teleport,74062000.00003994
v0.3.0,N4_x4_t0.32_r2_symmetry,199175ead0c72935d7a99429464f9050e079ef6f760813698618253a465ecf60,840108f27be7018d9523cce50ed0465580fc76086dc4d719c7931a97dc6b3878,N4_r2_symmetry,4,4,4.0,0.32,2,symmetry,277,165,173,104,19,1.6842105263157894,3,1.5,2,1,N4_x4_t0.32_r2_symmetry__synthetic_irregular_7q_favorable__seed7,N4_x4_t0.32_r2_symmetry__synthetic_irregular_7q_favorable__seed7,synthetic_irregular_7q_favorable,irregular,True,"id,rz,sx,x,ecr",favorable,"0,1,2,3",7,2,lexicographic_native_2q_depth_duration,7,8,2.2857142857142856,3,1.8095238095238095,1.0,1.0,1,qiskit,qiskit.Operator.equiv_global_phase,1e-10,True,VERIFIED,277,173,104,438,219,384,54,54,47,47,-50,-50,0.5192307692307693,1.679718599999999e-05,1.679718599999999e-05,0.14459377546480237,0.14459377546480237,0.14459377546480237,0.006406211000012263,,54047000.00001679,basic,43037000.000014536
v0.3.0,N4_x4_t0.32_r2_symmetry,199175ead0c72935d7a99429464f9050e079ef6f760813698618253a465ecf60,840108f27be7018d9523cce50ed0465580fc76086dc4d719c7931a97dc6b3878,N4_r2_symmetry,4,4,4.0,0.32,2,symmetry,277,165,173,104,19,1.6842105263157894,3,1.5,2,1,N4_x4_t0.32_r2_symmetry__synthetic_irregular_7q_favorable__seed7,N4_x4_t0.32_r2_symmetry__synthetic_irregular_7q_favorable__seed7,synthetic_irregular_7q_favorable,irregular,True,"id,rz,sx,x,ecr",favorable,"0,1,2,3",7,2,lexicographic_native_2q_depth_duration,7,8,2.2857142857142856,3,1.8095238095238095,1.0,1.0,1,basic,qiskit.Operator.equiv_global_phase,1e-10,True,VERIFIED,230,142,88,390,174,347,43,43,37,37,-45,-45,0.48863636363636365,1.4536782000000004e-05,1.4536782000000004e-05,0.1091762858101031,0.1091762858101031,0.1091762858101031,0.06744445499998619,,43037000.000014536,basic,43037000.000014536
v0.3.0,N4_x4_t0.32_r2_symmetry,199175ead0c72935d7a99429464f9050e079ef6f760813698618253a465ecf60,840108f27be7018d9523cce50ed0465580fc76086dc4d719c7931a97dc6b3878,N4_r2_symmetry,4,4,4.0,0.32,2,symmetry,277,165,173,104,19,1.6842105263157894,3,1.5,2,1,N4_x4_t0.32_r2_symmetry__synthetic_irregular_7q_favorable__seed7,N4_x4_t0.32_r2_symmetry__synthetic_irregular_7q_favorable__seed7,synthetic_irregular_7q_favorable,irregular,True,"id,rz,sx,x,ecr",favorable,"0,1,2,3",7,2,lexicographic_native_2q_depth_duration,7,8,2.2857142857142856,3,1.8095238095238095,1.0,1.0,1,basic_swaps,qiskit.Operator.equiv_global_phase,1e-10,True,VERIFIED,218,142,76,519,225,455,64,64,49,49,-12,-12,0.8421052631578947,1.8290579999999993e-05,1.8290579999999993e-05,0.17728915639792284,0.17728915639792284,0.17728915639792284,0.06880386600005295,,64049000.00001829,basic,43037000.000014536
v0.3.0,N4_x4_t0.32_r2_symmetry,199175ead0c72935d7a99429464f9050e079ef6f760813698618253a465ecf60,840108f27be7018d9523cce50ed0465580fc76086dc4d719c7931a97dc6b3878,N4_r2_symmetry,4,4,4.0,0.32,2,symmetry,277,165,173,104,19,1.6842105263157894,3,1.5,2,1,N4_x4_t0.32_r2_symmetry__synthetic_irregular_7q_favorable__seed7,N4_x4_t0.32_r2_symmetry__synthetic_irregular_7q_favorable__seed7,synthetic_irregular_7q_favorable,irregular,True,"id,rz,sx,x,ecr",favorable,"0,1,2,3",7,2,lexicographic_native_2q_depth_duration,7,8,2.2857142857142856,3,1.8095238095238095,1.0,1.0,1,teleport,qiskit.Operator.equiv_global_phase,1e-10,True,VERIFIED,271,167,104,434,211,380,54,54,47,47,-50,-50,0.5192307692307693,1.6754561999999986e-05,1.6754561999999986e-05,0.14459377546480237,0.14459377546480237,0.14459377546480237,0.11945550599989474,,54047000.00001676,basic,43037000.000014536
v0.3.0,N4_x4_t0.32_r2_symmetry,199175ead0c72935d7a99429464f9050e079ef6f760813698618253a465ecf60,840108f27be7018d9523cce50ed0465580fc76086dc4d719c7931a97dc6b3878,N4_r2_symmetry,4,4,4.0,0.32,2,symmetry,277,165,173,104,19,1.6842105263157894,3,1.5,2,1,N4_x4_t0.32_r2_symmetry__synthetic_irregular_7q_favorable__seed7,N4_x4_t0.32_r2_symmetry__synthetic_irregular_7q_favorable__seed7,synthetic_irregular_7q_favorable,irregular,True,"id,rz,sx,x,ecr",favorable,"0,1,2,3",7,2,lexicographic_native_2q_depth_duration,7,8,2.2857142857142856,3,1.8095238095238095,1.0,1.0,1,full_reduce,qiskit.Operator.equiv_global_phase,1e-10,True,VERIFIED,238,166,72,655,311,566,89,89,71,71,17,17,1.2361111111111112,2.3768651999999953e-05,2.3768651999999953e-05,0.21046807932727543,0.21046807932727543,0.21046807932727543,0.11440290700011246,,89071000.00002377,basic,43037000.000014536
v0.3.0,N4_x4_t0.32_r2_symmetry,199175ead0c72935d7a99429464f9050e079ef6f760813698618253a465ecf60,840108f27be7018d9523cce50ed0465580fc76086dc4d719c7931a97dc6b3878,N4_r2_symmetry,4,4,4.0,0.32,2,symmetry,277,165,173,104,19,1.6842105263157894,3,1.5,2,1,N4_x4_t0.32_r2_symmetry__synthetic_irregular_7q_favorable__seed7,N4_x4_t0.32_r2_symmetry__synthetic_irregular_7q_favorable__seed7,synthetic_irregular_7q_favorable,irregular,True,"id,rz,sx,x,ecr",favorable,"0,1,2,3",7,2,lexicographic_native_2q_depth_duration,7,8,2.2857142857142856,3,1.8095238095238095,1.0,1.0,1,full_reduce_depth,qiskit.Operator.equiv_global_phase,1e-10,True,VERIFIED,236,166,70,634,317,551,83,83,69,69,13,13,1.1857142857142857,2.464133399999997e-05,2.464133399999997e-05,0.19141786702061794,0.19141786702061794,0.19141786702061794,0.2942275549999067,,83069000.00002465,basic,43037000.000014536
v0.3.0,N4_x0.5_t0.08_r2_current,c275568d512ebcd77269409336c419b7837a74b33346e614ee7c8e1e1a8d6bca,722837ca17cf8a26549d515c36b44e659a6fd16bdb027872c8cb7007139f134c,N4_r2_current,4,4,0.5,0.08,2,current,277,196,173,104,19,1.6842105263157894,3,1.5,2,1,N4_x0.5_t0.08_r2_current__synthetic_irregular_7q_spread__seed7,N4_x0.5_t0.08_r2_current__synthetic_irregular_7q_spread__seed7,synthetic_irregular_7q_spread,irregular,True,"id,rz,sx,x,ecr",spread,"0,2,3,5",7,2,lexicographic_native_2q_depth_duration,7,8,2.2857142857142856,3,1.8095238095238095,1.6153846153846154,2.0,1,qiskit,qiskit.Operator.equiv_global_phase,1e-10,True,VERIFIED,277,173,104,528,289,444,84,84,73,73,-20,-20,0.8076923076923077,3.089773799999995e-05,3.089773799999995e-05,0.17734055091837073,0.17734055091837073,0.17734055091837073,0.006866706999971939,,84073000.0000309,teleport,72061000.00002508
v0.3.0,N4_x0.5_t0.08_r2_current,c275568d512ebcd77269409336c419b7837a74b33346e614ee7c8e1e1a8d6bca,722837ca17cf8a26549d515c36b44e659a6fd16bdb027872c8cb7007139f134c,N4_r2_current,4,4,0.5,0.08,2,current,277,196,173,104,19,1.6842105263157894,3,1.5,2,1,N4_x0.5_t0.08_r2_current__synthetic_irregular_7q_spread__seed7,N4_x0.5_t0.08_r2_current__synthetic_irregular_7q_spread__seed7,synthetic_irregular_7q_spread,irregular,True,"id,rz,sx,x,ecr",spread,"0,2,3,5",7,2,lexicographic_native_2q_depth_duration,7,8,2.2857142857142856,3,1.8095238095238095,1.6153846153846154,2.0,1,basic,qiskit.Operator.equiv_global_phase,1e-10,True,VERIFIED,190,102,88,493,251,421,72,72,61,61,-16,-16,0.8181818181818182,2.7967559999999963e-05,2.7967559999999963e-05,0.1614916136859195,0.1614916136859195,0.1614916136859195,0.06367319000014504,,72061000.00002797,teleport,72061000.00002508
v0.3.0,N4_x0.5_t0.08_r2_current,c275568d512ebcd77269409336c419b7837a74b33346e614ee7c8e1e1a8d6bca,722837ca17cf8a26549d515c36b44e659a6fd16bdb027872c8cb7007139f134c,N4_r2_current,4,4,0.5,0.08,2,current,277,196,173,104,19,1.6842105263157894,3,1.5,2,1,N4_x0.5_t0.08_r2_current__synthetic_irregular_7q_spread__seed7,N4_x0.5_t0.08_r2_current__synthetic_irregular_7q_spread__seed7,synthetic_irregular_7q_spread,irregular,True,"id,rz,sx,x,ecr",spread,"0,2,3,5",7,2,lexicographic_native_2q_depth_duration,7,8,2.2857142857142856,3,1.8095238095238095,1.6153846153846154,2.0,1,basic_swaps,qiskit.Operator.equiv_global_phase,1e-10,True,VERIFIED,190,102,88,493,251,421,72,72,61,61,-16,-16,0.8181818181818182,2.7967559999999963e-05,2.7967559999999963e-05,0.1614916136859195,0.1614916136859195,0.1614916136859195,0.06500556800006052,,72061000.00002797,teleport,72061000.00002508
v0.3.0,N4_x0.5_t0.08_r2_current,c275568d512ebcd77269409336c419b7837a74b33346e614ee7c8e1e1a8d6bca,722837ca17cf8a26549d515c36b44e659a6fd16bdb027872c8cb7007139f134c,N4_r2_current,4,4,0.5,0.08,2,current,277,196,173,104,19,1.6842105263157894,3,1.5,2,1,N4_x0.5_t0.08_r2_current__synthetic_irregular_7q_spread__seed7,N4_x0.5_t0.08_r2_current__synthetic_irregular_7q_spread__seed7,synthetic_irregular_7q_spread,irregular,True,"id,rz,sx,x,ecr",spread,"0,2,3,5",7,2,lexicographic_native_2q_depth_duration,7,8,2.2857142857142856,3,1.8095238095238095,1.6153846153846154,2.0,1,teleport,qiskit.Operator.equiv_global_phase,1e-10,True,VERIFIED,262,158,104,462,221,390,72,72,61,61,-32,-32,0.6923076923076923,2.508488999999997e-05,2.508488999999997e-05,0.14852839091936496,0.14852839091936496,0.14852839091936496,0.16232711400016342,,72061000.00002508,teleport,72061000.00002508
v0.3.0,N4_x0.5_t0.08_r2_current,c275568d512ebcd77269409336c419b7837a74b33346e614ee7c8e1e1a8d6bca,722837ca17cf8a26549d515c36b44e659a6fd16bdb027872c8cb7007139f134c,N4_r2_current,4,4,0.5,0.08,2,current,277,196,173,104,19,1.6842105263157894,3,1.5,2,1,N4_x0.5_t0.08_r2_current__synthetic_irregular_7q_spread__seed7,N4_x0.5_t0.08_r2_current__synthetic_irregular_7q_spread__seed7,synthetic_irregular_7q_spread,irregular,True,"id,rz,sx,x,ecr",spread,"0,2,3,5",7,2,lexicographic_native_2q_depth_duration,7,8,2.2857142857142856,3,1.8095238095238095,1.6153846153846154,2.0,1,full_reduce,qiskit.Operator.equiv_global_phase,1e-10,True,VERIFIED,239,160,79,882,525,752,130,130,123,123,51,51,1.6455696202531647,5.522916000000017e-05,5.522916000000017e-05,0.3059213243518381,0.3059213243518381,0.3059213243518381,0.20887105300016628,,130123000.00005522,teleport,72061000.00002508
v0.3.0,N4_x0.5_t0.08_r2_current,c275568d512ebcd77269409336c419b7837a74b33346e614ee7c8e1e1a8d6bca,722837ca17cf8a26549d515c36b44e659a6fd16bdb027872c8cb7007139f134c,N4_r2_current,4,4,0.5,0.08,2,current,277,196,173,104,19,1.6842105263157894,3,1.5,2,1,N4_x0.5_t0.08_r2_current__synthetic_irregular_7q_spread__seed7,N4_x0.5_t0.08_r2_current__synthetic_irregular_7q_spread__seed7,synthetic_irregular_7q_spread,irregular,True,"id,rz,sx,x,ecr",spread,"0,2,3,5",7,2,lexicographic_native_2q_depth_duration,7,8,2.2857142857142856,3,1.8095238095238095,1.6153846153846154,2.0,1,full_reduce_depth,qiskit.Operator.equiv_global_phase,1e-10,True,VERIFIED,240,160,80,885,489,755,130,130,115,115,50,50,1.625,5.321095800000008e-05,5.321095800000008e-05,0.3197456746490726,0.3197456746490726,0.3197456746490726,0.7969875609999235,,130115000.00005321,teleport,72061000.00002508
v0.3.0,N5_x2_t0.24_r1_current,7f44e5e841faa1bf78266b7eaacf6dbc53564ccefe3aac168f876874287dd583,8e6844338f73e15122efb5508ac939bc137edd6cadbefd075727a5a24c97e8c5,N5_r1_current,5,5,2.0,0.24,1,current,187,134,115,72,25,1.72,4,1.6,2,1,N5_x2_t0.24_r1_current__synthetic_line_7q_favorable__seed7,N5_x2_t0.24_r1_current__synthetic_line_7q_favorable__seed7,synthetic_line_7q_favorable,line,True,"id,rz,sx,x,ecr",favorable,"0,1,2,3,4",7,2,lexicographic_native_2q_depth_duration,7,6,1.7142857142857142,6,2.6666666666666665,1.0,1.0,1,qiskit,qiskit.Operator.equiv_global_phase,1e-10,True,VERIFIED,187,115,72,358,188,298,60,60,52,52,-12,-12,0.8333333333333334,1.7579070000000007e-05,1.7579070000000007e-05,0.24976645619456628,0.24976645619456628,0.24976645619456628,0.006458224999960294,,60052000.000017576,basic,48040000.000016
v0.3.0,N5_x2_t0.24_r1_current,7f44e5e841faa1bf78266b7eaacf6dbc53564ccefe3aac168f876874287dd583,8e6844338f73e15122efb5508ac939bc137edd6cadbefd075727a5a24c97e8c5,N5_r1_current,5,5,2.0,0.24,1,current,187,134,115,72,25,1.72,4,1.6,2,1,N5_x2_t0.24_r1_current__synthetic_line_7q_favorable__seed7,N5_x2_t0.24_r1_current__synthetic_line_7q_favorable__seed7,synthetic_line_7q_favorable,line,True,"id,rz,sx,x,ecr",favorable,"0,1,2,3,4",7,2,lexicographic_native_2q_depth_duration,7,6,1.7142857142857142,6,2.6666666666666665,1.0,1.0,1,basic,qiskit.Operator.equiv_global_phase,1e-10,True,VERIFIED,131,69,62,326,170,278,48,48,40,40,-14,-14,0.7741935483870968,1.5999984000000012e-05,1.5999984000000012e-05,0.19871507674868283,0.19871507674868283,0.19871507674868283,0.047398165000004155,,48040000.000016,basic,48040000.000016
v0.3.0,N5_x2_t0.24_r1_current,7f44e5e841faa1bf78266b7eaacf6dbc53564ccefe3aac168f876874287dd583,8e6844338f73e15122efb5508ac939bc137edd6cadbefd075727a5a24c97e8c5,N5_r1_current,5,5,2.0,0.24,1,current,187,134,115,72,25,1.72,4,1.6,2,1,N5_x2_t0.24_r1_current__synthetic_line_7q_favorable__seed7,N5_x2_t0.24_r1_current__synthetic_line_7q_favorable__seed7,synthetic_line_7q_favorable,line,True,"id,rz,sx,x,ecr",favorable,"0,1,2,3,4",7,2,lexicographic_native_2q_depth_duration,7,6,1.7142857142857142,6,2.6666666666666665,1.0,1.0,1,basic_swaps,qiskit.Operator.equiv_global_phase,1e-10,True,VERIFIED,131,69,62,326,170,278,48,48,40,40,-14,-14,0.7741935483870968,1.5999984000000012e-05,1.5999984000000012e-05,0.19871507674868283,0.19871507674868283,0.19871507674868283,0.04858473400008734,,48040000.000016,basic,48040000.000016
v0.3.0,N5_x2_t0.24_r1_current,7f44e5e841faa1bf78266b7eaacf6dbc53564ccefe3aac168f876874287dd583,8e6844338f73e15122efb5508ac939bc137edd6cadbefd075727a5a24c97e8c5,N5_r1_current,5,5,2.0,0.24,1,current,187,134,115,72,25,1.72,4,1.6,2,1,N5_x2_t0.24_r1_current__synthetic_line_7q_favorable__seed7,N5_x2_t0.24_r1_current__synthetic_line_7q_favorable__seed7,synthetic_line_7q_favorable,line,True,"id,rz,sx,x,ecr",favorable,"0,1,2,3,4",7,2,lexicographic_native_2q_depth_duration,7,6,1.7142857142857142,6,2.6666666666666665,1.0,1.0,1,teleport,qiskit.Operator.equiv_global_phase,1e-10,True,VERIFIED,183,111,72,332,171,276,56,56,48,48,-16,-16,0.7777777777777778,1.515705000000001e-05,1.515705000000001e-05,0.23153101860190461,0.23153101860190461,0.23153101860190461,0.09963305200017203,,56048000.000015154,basic,48040000.000016
v0.3.0,N5_x2_t0.24_r1_current,7f44e5e841faa1bf78266b7eaacf6dbc53564ccefe3aac168f876874287dd583,8e6844338f73e15122efb5508ac939bc137edd6cadbefd075727a5a24c97e8c5,N5_r1_current,5,5,2.0,0.24,1,current,187,134,115,72,25,1.72,4,1.6,2,1,N5_x2_t0.24_r1_current__synthetic_line_7q_favorable__seed7,N5_x2_t0.24_r1_current__synthetic_line_7q_favorable__seed7,synthetic_line_7q_favorable,line,True,"id,rz,sx,x,ecr",favorable,"0,1,2,3,4",7,2,lexicographic_native_2q_depth_duration,7,6,1.7142857142857142,6,2.6666666666666665,1.0,1.0,1,full_reduce,qiskit.Operator.equiv_global_phase,1e-10,True,VERIFIED,201,129,72,695,356,584,111,111,91,91,39,39,1.5416666666666667,3.749735400000003e-05,3.749735400000003e-05,0.3735717479699446,0.3735717479699446,0.3735717479699446,0.09950902299988229,,111091000.00003749,basic,48040000.000016
v0.3.0,N5_x2_t0.24_r1_current,7f44e5e841faa1bf78266b7eaacf6dbc53564ccefe3aac168f876874287dd583,8e6844338f73e15122efb5508ac939bc137edd6cadbefd075727a5a24c97e8c5,N5_r1_current,5,5,2.0,0.24,1,current,187,134,115,72,25,1.72,4,1.6,2,1,N5_x2_t0.24_r1_current__synthetic_line_7q_favorable__seed7,N5_x2_t0.24_r1_current__synthetic_line_7q_favorable__seed7,synthetic_line_7q_favorable,line,True,"id,rz,sx,x,ecr",favorable,"0,1,2,3,4",7,2,lexicographic_native_2q_depth_duration,7,6,1.7142857142857142,6,2.6666666666666665,1.0,1.0,1,full_reduce_depth,qiskit.Operator.equiv_global_phase,1e-10,True,VERIFIED,194,129,65,662,376,545,117,117,104,104,52,52,1.8,4.060468800000005e-05,4.060468800000005e-05,0.3774793127285866,0.3774793127285866,0.3774793127285866,0.32263621899983264,,117104000.0000406,basic,48040000.000016
v0.3.0,N5_x2_t0.24_r2_current,9f5a8ca177c69cd58d9beef8f87834d9d009b4c13fcdc0cc41f95a1d1ba8d934,8fce0abdbcb2e9a8f70c342ce15ae5cbd2d944a42e437502fede0d157c893389,N5_r2_current,5,5,2.0,0.24,2,current,373,268,229,144,25,1.72,4,1.6,2,1,N5_x2_t0.24_r2_current__synthetic_line_7q_spread__seed7,N5_x2_t0.24_r2_current__synthetic_line_7q_spread__seed7,synthetic_line_7q_spread,line,True,"id,rz,sx,x,ecr",spread,"0,2,3,4,6",7,2,lexicographic_native_2q_depth_duration,7,6,1.7142857142857142,6,2.6666666666666665,1.4444444444444444,2.0,1,qiskit,qiskit.Operator.equiv_global_phase,1e-10,True,VERIFIED,373,229,144,715,386,591,124,124,105,105,-20,-20,0.8611111111111112,5.126224199999994e-05,5.126224199999994e-05,0.48987665232421196,0.48987665232421196,0.48987665232421196,0.007734271999879638,,124105000.00005126,basic,100081000.00004032
v0.3.0,N5_x2_t0.24_r2_current,9f5a8ca177c69cd58d9beef8f87834d9d009b4c13fcdc0cc41f95a1d1ba8d934,8fce0abdbcb2e9a8f70c342ce15ae5cbd2d944a42e437502fede0d157c893389,N5_r2_current,5,5,2.0,0.24,2,current,373,268,229,144,25,1.72,4,1.6,2,1,N5_x2_t0.24_r2_current__synthetic_line_7q_spread__seed7,N5_x2_t0.24_r2_current__synthetic_line_7q_spread__seed7,synthetic_line_7q_spread,line,True,"id,rz,sx,x,ecr",spread,"0,2,3,4,6",7,2,lexicographic_native_2q_depth_duration,7,6,1.7142857142857142,6,2.6666666666666665,1.4444444444444444,2.0,1,basic,qiskit.Operator.equiv_global_phase,1e-10,True,VERIFIED,257,133,124,637,349,537,100,100,81,81,-24,-24,0.8064516129032258,4.031542199999995e-05,4.031542199999995e-05,0.38000514984255424,0.38000514984255424,0.38000514984255424,0.0910429440000371,,100081000.00004032,basic,100081000.00004032
v0.3.0,N5_x2_t0.24_r2_current,9f5a8ca177c69cd58d9beef8f87834d9d009b4c13fcdc0cc41f95a1d1ba8d934,8fce0abdbcb2e9a8f70c342ce15ae5cbd2d944a42e437502fede0d157c893389,N5_r2_current,5,5,2.0,0.24,2,current,373,268,229,144,25,1.72,4,1.6,2,1,N5_x2_t0.24_r2_current__synthetic_line_7q_spread__seed7,N5_x2_t0.24_r2_current__synthetic_line_7q_spread__seed7,synthetic_line_7q_spread,line,True,"id,rz,sx,x,ecr",spread,"0,2,3,4,6",7,2,lexicographic_native_2q_depth_duration,7,6,1.7142857142857142,6,2.6666666666666665,1.4444444444444444,2.0,1,basic_swaps,qiskit.Operator.equiv_global_phase,1e-10,True,VERIFIED,257,133,124,637,349,537,100,100,81,81,-24,-24,0.8064516129032258,4.031542199999995e-05,4.031542199999995e-05,0.38000514984255424,0.38000514984255424,0.38000514984255424,0.08901005200004874,,100081000.00004032,basic,100081000.00004032
v0.3.0,N5_x2_t0.24_r2_current,9f5a8ca177c69cd58d9beef8f87834d9d009b4c13fcdc0cc41f95a1d1ba8d934,8fce0abdbcb2e9a8f70c342ce15ae5cbd2d944a42e437502fede0d157c893389,N5_r2_current,5,5,2.0,0.24,2,current,373,268,229,144,25,1.72,4,1.6,2,1,N5_x2_t0.24_r2_current__synthetic_line_7q_spread__seed7,N5_x2_t0.24_r2_current__synthetic_line_7q_spread__seed7,synthetic_line_7q_spread,line,True,"id,rz,sx,x,ecr",spread,"0,2,3,4,6",7,2,lexicographic_native_2q_depth_duration,7,6,1.7142857142857142,6,2.6666666666666665,1.4444444444444444,2.0,1,teleport,qiskit.Operator.equiv_global_phase,1e-10,True,VERIFIED,356,212,144,639,324,529,110,110,93,93,-34,-34,0.7638888888888888,4.4210855999999946e-05,4.4210855999999946e-05,0.4391093752186965,0.4391093752186965,0.4391093752186965,0.26293472500015014,,110093000.00004421,basic,100081000.00004032
v0.3.0,N5_x2_t0.24_r2_current,9f5a8ca177c69cd58d9beef8f87834d9d009b4c13fcdc0cc41f95a1d1ba8d934,8fce0abdbcb2e9a8f70c342ce15ae5cbd2d944a42e437502fede0d157c893389,N5_r2_current,5,5,2.0,0.24,2,current,373,268,229,144,25,1.72,4,1.6,2,1,N5_x2_t0.24_r2_current__synthetic_line_7q_spread__seed7,N5_x2_t0.24_r2_current__synthetic_line_7q_spread__seed7,synthetic_line_7q_spread,line,True,"id,rz,sx,x,ecr",spread,"0,2,3,4,6",7,2,lexicographic_native_2q_depth_duration,7,6,1.7142857142857142,6,2.6666666666666665,1.4444444444444444,2.0,1,full_reduce,qiskit.Operator.equiv_global_phase,1e-10,True,VERIFIED,335,222,113,1298,685,1093,205,205,179,179,92,92,1.8141592920353982,0.00010245188999999991,0.00010245188999999991,0.6388387673948603,0.6388387673948603,0.6388387673948603,0.2534360650001872,,205179000.00010246,basic,100081000.00004032
v0.3.0,N5_x2_t0.24_r2_current,9f5a8ca177c69cd58d9beef8f87834d9d009b4c13fcdc0cc41f95a1d1ba8d934,8fce0abdbcb2e9a8f70c342ce15ae5cbd2d944a42e437502fede0d157c893389,N5_r2_current,5,5,2.0,0.24,2,current,373,268,229,144,25,1.72,4,1.6,2,1,N5_x2_t0.24_r2_current__synthetic_line_7q_spread__seed7,N5_x2_t0.24_r2_current__synthetic_line_7q_spread__seed7,synthetic_line_7q_spread,line,True,"id,rz,sx,x,ecr",spread,"0,2,3,4,6",7,2,lexicographic_native_2q_depth_duration,7,6,1.7142857142857142,6,2.6666666666666665,1.4444444444444444,2.0,1,full_reduce_depth,qiskit.Operator.equiv_global_phase,1e-10,True,VERIFIED,328,222,106,1346,677,1149,197,197,163,163,91,91,1.8584905660377358,8.763472199999998e-05,8.763472199999998e-05,0.5699963173282738,0.5699963173282738,0.5699963173282738,3.2496669969998493,,197163000.00008765,basic,100081000.00004032
v0.3.0,N5_x2_t0.24_r4_current,8580fb15d483edc07ae4f41fe47ab90510e2677e0e7f6e7d8d2402d0f9bd83bc,495a1a0380964ce3d87e9e0df5d5d4a019d919b5ff9cd004d857e037c784d1c0,N5_r4_current,5,5,2.0,0.24,4,current,745,536,457,288,25,1.72,4,1.6,2,1,N5_x2_t0.24_r4_current__synthetic_ring_7q_transpiler__seed7,N5_x2_t0.24_r4_current__synthetic_ring_7q_transpiler__seed7,synthetic_ring_7q_transpiler,ring,True,"id,rz,sx,x,ecr",transpiler,transpiler,7,2,lexicographic_native_2q_depth_duration,7,7,2.0,3,2.0,1.0,1.0,1,qiskit,qiskit.Operator.equiv_global_phase,1e-10,True,VERIFIED,745,457,288,1451,743,1217,234,234,202,202,-54,-54,0.8125,8.705263799999999e-05,8.705263799999999e-05,0.34954332935890053,0.34954332935890053,0.34954332935890053,0.009303766999892105,,234202000.00008705,basic,186154000.00006258
v0.3.0,N5_x2_t0.24_r4_current,8580fb15d483edc07ae4f41fe47ab90510e2677e0e7f6e7d8d2402d0f9bd83bc,495a1a0380964ce3d87e9e0df5d5d4a019d919b5ff9cd004d857e037c784d1c0,N5_r4_current,5,5,2.0,0.24,4,current,745,536,457,288,25,1.72,4,1.6,2,1,N5_x2_t0.24_r4_current__synthetic_ring_7q_transpiler__seed7,N5_x2_t0.24_r4_current__synthetic_ring_7q_transpiler__seed7,synthetic_ring_7q_transpiler,ring,True,"id,rz,sx,x,ecr",transpiler,transpiler,7,2,lexicographic_native_2q_depth_duration,7,7,2.0,3,2.0,1.0,1.0,1,basic,qiskit.Operator.equiv_global_phase,1e-10,True,VERIFIED,509,261,248,1320,699,1134,186,186,154,154,-62,-62,0.75,6.2592678e-05,6.2592678e-05,0.30806177345085384,0.30806177345085384,0.30806177345085384,0.17488365400004113,,186154000.00006258,basic,186154000.00006258
v0.3.0,N5_x2_t0.24_r4_current,8580fb15d483edc07ae4f41fe47ab90510e2677e0e7f6e7d8d2402d0f9bd83bc,495a1a0380964ce3d87e9e0df5d5d4a019d919b5ff9cd004d857e037c784d1c0,N5_r4_current,5,5,2.0,0.24,4,current,745,536,457,288,25,1.72,4,1.6,2,1,N5_x2_t0.24_r4_current__synthetic_ring_7q_transpiler__seed7,N5_x2_t0.24_r4_current__synthetic_ring_7q_transpiler__seed7,synthetic_ring_7q_transpiler,ring,True,"id,rz,sx,x,ecr",transpiler,transpiler,7,2,lexicographic_native_2q_depth_duration,7,7,2.0,3,2.0,1.0,1.0,1,basic_swaps,qiskit.Operator.equiv_global_phase,1e-10,True,VERIFIED,509,261,248,1320,699,1134,186,186,154,154,-62,-62,0.75,6.2592678e-05,6.2592678e-05,0.30806177345085384,0.30806177345085384,0.30806177345085384,0.17394056300008742,,186154000.00006258,basic,186154000.00006258
v0.3.0,N5_x2_t0.24_r4_current,8580fb15d483edc07ae4f41fe47ab90510e2677e0e7f6e7d8d2402d0f9bd83bc,495a1a0380964ce3d87e9e0df5d5d4a019d919b5ff9cd004d857e037c784d1c0,N5_r4_current,5,5,2.0,0.24,4,current,745,536,457,288,25,1.72,4,1.6,2,1,N5_x2_t0.24_r4_current__synthetic_ring_7q_transpiler__seed7,N5_x2_t0.24_r4_current__synthetic_ring_7q_transpiler__seed7,synthetic_ring_7q_transpiler,ring,True,"id,rz,sx,x,ecr",transpiler,transpiler,7,2,lexicographic_native_2q_depth_duration,7,7,2.0,3,2.0,1.0,1.0,1,teleport,qiskit.Operator.equiv_global_phase,1e-10,True,VERIFIED,702,414,288,1249,636,1049,200,200,174,174,-88,-88,0.6944444444444444,7.384674600000005e-05,7.384674600000005e-05,0.2873233221704118,0.2873233221704118,0.2873233221704118,0.5878252210000028,,200174000.00007385,basic,186154000.00006258
v0.3.0,N5_x2_t0.24_r4_current,8580fb15d483edc07ae4f41fe47ab90510e2677e0e7f6e7d8d2402d0f9bd83bc,495a1a0380964ce3d87e9e0df5d5d4a019d919b5ff9cd004d857e037c784d1c0,N5_r4_current,5,5,2.0,0.24,4,current,745,536,457,288,25,1.72,4,1.6,2,1,N5_x2_t0.24_r4_current__synthetic_ring_7q_transpiler__seed7,N5_x2_t0.24_r4_current__synthetic_ring_7q_transpiler__seed7,synthetic_ring_7q_transpiler,ring,True,"id,rz,sx,x,ecr",transpiler,transpiler,7,2,lexicographic_native_2q_depth_duration,7,7,2.0,3,2.0,1.0,1.0,1,full_reduce,qiskit.Operator.equiv_global_phase,1e-10,True,VERIFIED,606,408,198,2734,1474,2364,370,370,315,315,172,172,1.8686868686868687,0.00011891074799999935,0.00011891074799999935,0.7065224518127828,0.7065224518127828,0.7065224518127828,0.5673693720000301,,370315000.0001189,basic,186154000.00006258
v0.3.0,N5_x2_t0.24_r4_current,8580fb15d483edc07ae4f41fe47ab90510e2677e0e7f6e7d8d2402d0f9bd83bc,495a1a0380964ce3d87e9e0df5d5d4a019d919b5ff9cd004d857e037c784d1c0,N5_r4_current,5,5,2.0,0.24,4,current,745,536,457,288,25,1.72,4,1.6,2,1,N5_x2_t0.24_r4_current__synthetic_ring_7q_transpiler__seed7,N5_x2_t0.24_r4_current__synthetic_ring_7q_transpiler__seed7,synthetic_ring_7q_transpiler,ring,True,"id,rz,sx,x,ecr",transpiler,transpiler,7,2,lexicographic_native_2q_depth_duration,7,7,2.0,3,2.0,1.0,1.0,1,full_reduce_depth,qiskit.Operator.equiv_global_phase,1e-10,True,VERIFIED,587,406,181,2215,1161,1870,345,345,288,288,164,164,1.9060773480662982,0.00013063079399999936,0.00013063079399999936,0.8689469862920906,0.8689469862920906,0.8689469862920906,9.517972431999851,,345288000.00013065,basic,186154000.00006258
v0.3.0,N5_x2_t0.24_r8_current,134782768aa9dbe363bb37b80c656c19f10f7861d78d5f3c7d5fc38f0ced12cf,a3c3aa0730f53f43ddad72a4d4519d745a0759d60b4da195300a7d684cae92e5,N5_r8_current,5,5,2.0,0.24,8,current,1489,1072,913,576,25,1.72,4,1.6,2,1,N5_x2_t0.24_r8_current__synthetic_line_7q_favorable__seed7,N5_x2_t0.24_r8_current__synthetic_line_7q_favorable__seed7,synthetic_line_7q_favorable,line,True,"id,rz,sx,x,ecr",favorable,"0,1,2,3,4",7,2,lexicographic_native_2q_depth_duration,7,6,1.7142857142857142,6,2.6666666666666665,1.0,1.0,1,qiskit,qiskit.Operator.equiv_global_phase,1e-10,True,VERIFIED,1489,913,576,2740,1489,2274,466,466,402,402,-110,-110,0.8090277777777778,0.00013744841399999997,0.00013744841399999997,1.9671971994611903,1.9671971994611903,1.9671971994611903,0.012426130999983798,,466402000.00013745,basic,370306000.0001246
v0.3.0,N5_x2_t0.24_r8_current,134782768aa9dbe363bb37b80c656c19f10f7861d78d5f3c7d5fc38f0ced12cf,a3c3aa0730f53f43ddad72a4d4519d745a0759d60b4da195300a7d684cae92e5,N5_r8_current,5,5,2.0,0.24,8,current,1489,1072,913,576,25,1.72,4,1.6,2,1,N5_x2_t0.24_r8_current__synthetic_line_7q_favorable__seed7,N5_x2_t0.24_r8_current__synthetic_line_7q_favorable__seed7,synthetic_line_7q_favorable,line,True,"id,rz,sx,x,ecr",favorable,"0,1,2,3,4",7,2,lexicographic_native_2q_depth_duration,7,6,1.7142857142857142,6,2.6666666666666665,1.0,1.0,1,basic,qiskit.Operator.equiv_global_phase,1e-10,True,VERIFIED,1013,517,496,2471,1352,2101,370,370,306,306,-126,-126,0.7459677419354839,0.00012457485599999966,0.00012457485599999966,1.5587861638941176,1.5587861638941176,1.5587861638941176,0.3463519570000244,,370306000.0001246,basic,370306000.0001246
v0.3.0,N5_x2_t0.24_r8_current,134782768aa9dbe363bb37b80c656c19f10f7861d78d5f3c7d5fc38f0ced12cf,a3c3aa0730f53f43ddad72a4d4519d745a0759d60b4da195300a7d684cae92e5,N5_r8_current,5,5,2.0,0.24,8,current,1489,1072,913,576,25,1.72,4,1.6,2,1,N5_x2_t0.24_r8_current__synthetic_line_7q_favorable__seed7,N5_x2_t0.24_r8_current__synthetic_line_7q_favorable__seed7,synthetic_line_7q_favorable,line,True,"id,rz,sx,x,ecr",favorable,"0,1,2,3,4",7,2,lexicographic_native_2q_depth_duration,7,6,1.7142857142857142,6,2.6666666666666665,1.0,1.0,1,basic_swaps,qiskit.Operator.equiv_global_phase,1e-10,True,VERIFIED,1013,517,496,2471,1352,2101,370,370,306,306,-126,-126,0.7459677419354839,0.00012457485599999966,0.00012457485599999966,1.5587861638941176,1.5587861638941176,1.5587861638941176,0.35333938799999487,,370306000.0001246,basic,370306000.0001246
v0.3.0,N5_x2_t0.24_r8_current,134782768aa9dbe363bb37b80c656c19f10f7861d78d5f3c7d5fc38f0ced12cf,a3c3aa0730f53f43ddad72a4d4519d745a0759d60b4da195300a7d684cae92e5,N5_r8_current,5,5,2.0,0.24,8,current,1489,1072,913,576,25,1.72,4,1.6,2,1,N5_x2_t0.24_r8_current__synthetic_line_7q_favorable__seed7,N5_x2_t0.24_r8_current__synthetic_line_7q_favorable__seed7,synthetic_line_7q_favorable,line,True,"id,rz,sx,x,ecr",favorable,"0,1,2,3,4",7,2,lexicographic_native_2q_depth_duration,7,6,1.7142857142857142,6,2.6666666666666665,1.0,1.0,1,teleport,qiskit.Operator.equiv_global_phase,1e-10,True,VERIFIED,1394,818,576,2344,1211,1952,392,392,342,342,-184,-184,0.6805555555555556,0.00010895560199999996,0.00010895560199999996,1.6611251162360041,1.6611251162360041,1.6611251162360041,1.3982505420001416,,392342000.00010896,basic,370306000.0001246
v0.3.0,N5_x2_t0.24_r8_current,134782768aa9dbe363bb37b80c656c19f10f7861d78d5f3c7d5fc38f0ced12cf,a3c3aa0730f53f43ddad72a4d4519d745a0759d60b4da195300a7d684cae92e5,N5_r8_current,5,5,2.0,0.24,8,current,1489,1072,913,576,25,1.72,4,1.6,2,1,N5_x2_t0.24_r8_current__synthetic_line_7q_favorable__seed7,N5_x2_t0.24_r8_current__synthetic_line_7q_favorable__seed7,synthetic_line_7q_favorable,line,True,"id,rz,sx,x,ecr",favorable,"0,1,2,3,4",7,2,lexicographic_native_2q_depth_duration,7,6,1.7142857142857142,6,2.6666666666666665,1.0,1.0,1,full_reduce,qiskit.Operator.equiv_global_phase,1e-10,True,VERIFIED,1151,782,369,4215,2153,3476,739,739,612,612,370,370,2.002710027100271,0.0002783444880000015,0.0002783444880000015,2.542120786797439,2.542120786797439,2.542120786797439,1.4005357840001125,,739612000.0002784,basic,370306000.0001246
v0.3.0,N5_x2_t0.24_r8_current,134782768aa9dbe363bb37b80c656c19f10f7861d78d5f3c7d5fc38f0ced12cf,a3c3aa0730f53f43ddad72a4d4519d745a0759d60b4da195300a7d684cae92e5,N5_r8_current,5,5,2.0,0.24,8,current,1489,1072,913,576,25,1.72,4,1.6,2,1,N5_x2_t0.24_r8_current__synthetic_line_7q_favorable__seed7,N5_x2_t0.24_r8_current__synthetic_line_7q_favorable__seed7,synthetic_line_7q_favorable,line,True,"id,rz,sx,x,ecr",favorable,"0,1,2,3,4",7,2,lexicographic_native_2q_depth_duration,7,6,1.7142857142857142,6,2.6666666666666665,1.0,1.0,1,full_reduce_depth,qiskit.Operator.equiv_global_phase,1e-10,True,VERIFIED,1149,782,367,4067,2100,3361,706,706,598,598,339,339,1.9237057220708447,0.0002917990200000002,0.0002917990200000002,2.3014395312267704,2.3014395312267704,2.3014395312267704,34.255952019999995,,706598000.0002918,basic,370306000.0001246
v0.3.0,N5_x2_t0.24_r8_current,134782768aa9dbe363bb37b80c656c19f10f7861d78d5f3c7d5fc38f0ced12cf,a3c3aa0730f53f43ddad72a4d4519d745a0759d60b4da195300a7d684cae92e5,N5_r8_current,5,5,2.0,0.24,8,current,1489,1072,913,576,25,1.72,4,1.6,2,1,N5_x2_t0.24_r8_current__synthetic_line_7q_spread__seed7,N5_x2_t0.24_r8_current__synthetic_line_7q_spread__seed7,synthetic_line_7q_spread,line,True,"id,rz,sx,x,ecr",spread,"0,2,3,4,6",7,2,lexicographic_native_2q_depth_duration,7,6,1.7142857142857142,6,2.6666666666666665,1.4444444444444444,2.0,1,qiskit,qiskit.Operator.equiv_global_phase,1e-10,True,VERIFIED,1489,913,576,2752,1486,2280,472,472,405,405,-104,-104,0.8194444444444444,0.0002007219660000006,0.0002007219660000006,1.8764894614928325,1.8764894614928325,1.8764894614928325,0.01287084099999447,,472405000.00020075,basic,376309000.0001577
v0.3.0,N5_x2_t0.24_r8_current,134782768aa9dbe363bb37b80c656c19f10f7861d78d5f3c7d5fc38f0ced12cf,a3c3aa0730f53f43ddad72a4d4519d745a0759d60b4da195300a7d684cae92e5,N5_r8_current,5,5,2.0,0.24,8,current,1489,1072,913,576,25,1.72,4,1.6,2,1,N5_x2_t0.24_r8_current__synthetic_line_7q_spread__seed7,N5_x2_t0.24_r8_current__synthetic_line_7q_spread__seed7,synthetic_line_7q_spread,line,True,"id,rz,sx,x,ecr",spread,"0,2,3,4,6",7,2,lexicographic_native_2q_depth_duration,7,6,1.7142857142857142,6,2.6666666666666665,1.4444444444444444,2.0,1,basic,qiskit.Operator.equiv_global_phase,1e-10,True,VERIFIED,1013,517,496,2490,1365,2114,376,376,309,309,-120,-120,0.7580645161290323,0.00015773211000000027,0.00015773211000000027,1.4370034515661954,1.4370034515661954,1.4370034515661954,0.34167910099995424,,376309000.0001577,basic,376309000.0001577
v0.3.0,N5_x2_t0.24_r8_current,134782768aa9dbe363bb37b80c656c19f10f7861d78d5f3c7d5fc38f0ced12cf,a3c3aa0730f53f43ddad72a4d4519d745a0759d60b4da195300a7d684cae92e5,N5_r8_current,5,5,2.0,0.24,8,current,1489,1072,913,576,25,1.72,4,1.6,2,1,N5_x2_t0.24_r8_current__synthetic_line_7q_spread__seed7,N5_x2_t0.24_r8_current__synthetic_line_7q_spread__seed7,synthetic_line_7q_spread,line,True,"id,rz,sx,x,ecr",spread,"0,2,3,4,6",7,2,lexicographic_native_2q_depth_duration,7,6,1.7142857142857142,6,2.6666666666666665,1.4444444444444444,2.0,1,basic_swaps,qiskit.Operator.equiv_global_phase,1e-10,True,VERIFIED,1013,517,496,2490,1365,2114,376,376,309,309,-120,-120,0.7580645161290323,0.00015773211000000027,0.00015773211000000027,1.4370034515661954,1.4370034515661954,1.4370034515661954,0.34635367800001404,,376309000.0001577,basic,376309000.0001577
v0.3.0,N5_x2_t0.24_r8_current,134782768aa9dbe363bb37b80c656c19f10f7861d78d5f3c7d5fc38f0ced12cf,a3c3aa0730f53f43ddad72a4d4519d745a0759d60b4da195300a7d684cae92e5,N5_r8_current,5,5,2.0,0.24,8,current,1489,1072,913,576,25,1.72,4,1.6,2,1,N5_x2_t0.24_r8_current__synthetic_line_7q_spread__seed7,N5_x2_t0.24_r8_current__synthetic_line_7q_spread__seed7,synthetic_line_7q_spread,line,True,"id,rz,sx,x,ecr",spread,"0,2,3,4,6",7,2,lexicographic_native_2q_depth_duration,7,6,1.7142857142857142,6,2.6666666666666665,1.4444444444444444,2.0,1,teleport,qiskit.Operator.equiv_global_phase,1e-10,True,VERIFIED,1394,818,576,2389,1211,1991,398,398,345,345,-178,-178,0.6909722222222222,0.00016611904800000016,0.00016611904800000016,1.589606779757599,1.589606779757599,1.589606779757599,1.391769836000094,,398345000.0001661,basic,376309000.0001577
v0.3.0,N5_x2_t0.24_r8_current,134782768aa9dbe363bb37b80c656c19f10f7861d78d5f3c7d5fc38f0ced12cf,a3c3aa0730f53f43ddad72a4d4519d745a0759d60b4da195300a7d684cae92e5,N5_r8_current,5,5,2.0,0.24,8,current,1489,1072,913,576,25,1.72,4,1.6,2,1,N5_x2_t0.24_r8_current__synthetic_line_7q_spread__seed7,N5_x2_t0.24_r8_current__synthetic_line_7q_spread__seed7,synthetic_line_7q_spread,line,True,"id,rz,sx,x,ecr",spread,"0,2,3,4,6",7,2,lexicographic_native_2q_depth_duration,7,6,1.7142857142857142,6,2.6666666666666665,1.4444444444444444,2.0,1,full_reduce,qiskit.Operator.equiv_global_phase,1e-10,True,VERIFIED,1151,782,369,4662,2378,3900,762,762,628,628,393,393,2.065040650406504,0.00036254420400000083,0.00036254420400000083,2.3319703546473267,2.3319703546473267,2.3319703546473267,1.345454133999965,,762628000.0003625,basic,376309000.0001577
v0.3.0,N5_x2_t0.24_r8_current,134782768aa9dbe363bb37b80c656c19f10f7861d78d5f3c7d5fc38f0ced12cf,a3c3aa0730f53f43ddad72a4d4519d745a0759d60b4da195300a7d684cae92e5,N5_r8_current,5,5,2.0,0.24,8,current,1489,1072,913,576,25,1.72,4,1.6,2,1,N5_x2_t0.24_r8_current__synthetic_line_7q_spread__seed7,N5_x2_t0.24_r8_current__synthetic_line_7q_spread__seed7,synthetic_line_7q_spread,line,True,"id,rz,sx,x,ecr",spread,"0,2,3,4,6",7,2,lexicographic_native_2q_depth_duration,7,6,1.7142857142857142,6,2.6666666666666665,1.4444444444444444,2.0,1,full_reduce_depth,qiskit.Operator.equiv_global_phase,1e-10,True,VERIFIED,1149,782,367,4449,2209,3744,705,705,584,584,338,338,1.9209809264305178,0.0003422827080000012,0.0003422827080000012,2.202835142575542,2.202835142575542,2.202835142575542,34.16093240500004,,705584000.0003422,basic,376309000.0001577
v0.3.0,N5_x2_t0.24_r8_current,134782768aa9dbe363bb37b80c656c19f10f7861d78d5f3c7d5fc38f0ced12cf,a3c3aa0730f53f43ddad72a4d4519d745a0759d60b4da195300a7d684cae92e5,N5_r8_current,5,5,2.0,0.24,8,current,1489,1072,913,576,25,1.72,4,1.6,2,1,N5_x2_t0.24_r8_current__synthetic_ring_7q_transpiler__seed7,N5_x2_t0.24_r8_current__synthetic_ring_7q_transpiler__seed7,synthetic_ring_7q_transpiler,ring,True,"id,rz,sx,x,ecr",transpiler,transpiler,7,2,lexicographic_native_2q_depth_duration,7,7,2.0,3,2.0,1.0,1.0,1,qiskit,qiskit.Operator.equiv_global_phase,1e-10,True,VERIFIED,1489,913,576,2876,1488,2410,466,466,402,402,-110,-110,0.8090277777777778,0.00017330763000000023,0.00017330763000000023,0.6954238404485511,0.6954238404485511,0.6954238404485511,0.013730571999985841,,466402000.00017333,basic,370306000.0001244
v0.3.0,N5_x2_t0.24_r8_current,134782768aa9dbe363bb37b80c656c19f10f7861d78d5f3c7d5fc38f0ced12cf,a3c3aa0730f53f43ddad72a4d4519d745a0759d60b4da195300a7d684cae92e5,N5_r8_current,5,5,2.0,0.24,8,current,1489,1072,913,576,25,1.72,4,1.6,2,1,N5_x2_t0.24_r8_current__synthetic_ring_7q_transpiler__seed7,N5_x2_t0.24_r8_current__synthetic_ring_7q_transpiler__seed7,synthetic_ring_7q_transpiler,ring,True,"id,rz,sx,x,ecr",transpiler,transpiler,7,2,lexicographic_native_2q_depth_duration,7,7,2.0,3,2.0,1.0,1.0,1,basic,qiskit.Operator.equiv_global_phase,1e-10,True,VERIFIED,1013,517,496,2643,1414,2273,370,370,306,306,-126,-126,0.7459677419354839,0.00012438770999999987,0.00012438770999999987,0.6124607286324557,0.6124607286324557,0.6124607286324557,0.34080713000003016,,370306000.0001244,basic,370306000.0001244
v0.3.0,N5_x2_t0.24_r8_current,134782768aa9dbe363bb37b80c656c19f10f7861d78d5f3c7d5fc38f0ced12cf,a3c3aa0730f53f43ddad72a4d4519d745a0759d60b4da195300a7d684cae92e5,N5_r8_current,5,5,2.0,0.24,8,current,1489,1072,913,576,25,1.72,4,1.6,2,1,N5_x2_t0.24_r8_current__synthetic_ring_7q_transpiler__seed7,N5_x2_t0.24_r8_current__synthetic_ring_7q_transpiler__seed7,synthetic_ring_7q_transpiler,ring,True,"id,rz,sx,x,ecr",transpiler,transpiler,7,2,lexicographic_native_2q_depth_duration,7,7,2.0,3,2.0,1.0,1.0,1,basic_swaps,qiskit.Operator.equiv_global_phase,1e-10,True,VERIFIED,1013,517,496,2643,1414,2273,370,370,306,306,-126,-126,0.7459677419354839,0.00012438770999999987,0.00012438770999999987,0.6124607286324557,0.6124607286324557,0.6124607286324557,0.3509596290000445,,370306000.0001244,basic,370306000.0001244
v0.3.0,N5_x2_t0.24_r8_current,134782768aa9dbe363bb37b80c656c19f10f7861d78d5f3c7d5fc38f0ced12cf,a3c3aa0730f53f43ddad72a4d4519d745a0759d60b4da195300a7d684cae92e5,N5_r8_current,5,5,2.0,0.24,8,current,1489,1072,913,576,25,1.72,4,1.6,2,1,N5_x2_t0.24_r8_current__synthetic_ring_7q_transpiler__seed7,N5_x2_t0.24_r8_current__synthetic_ring_7q_transpiler__seed7,synthetic_ring_7q_transpiler,ring,True,"id,rz,sx,x,ecr",transpiler,transpiler,7,2,lexicographic_native_2q_depth_duration,7,7,2.0,3,2.0,1.0,1.0,1,teleport,qiskit.Operator.equiv_global_phase,1e-10,True,VERIFIED,1394,818,576,2476,1253,2084,392,392,342,342,-184,-184,0.6805555555555556,0.00014485988400000027,0.00014485988400000027,0.5604510645339825,0.5604510645339825,0.5604510645339825,1.3803644459999305,,392342000.00014484,basic,370306000.0001244
v0.3.0,N5_x2_t0.24_r8_current,134782768aa9dbe363bb37b80c656c19f10f7861d78d5f3c7d5fc38f0ced12cf,a3c3aa0730f53f43ddad72a4d4519d745a0759d60b4da195300a7d684cae92e5,N5_r8_current,5,5,2.0,0.24,8,current,1489,1072,913,576,25,1.72,4,1.6,2,1,N5_x2_t0.24_r8_current__synthetic_ring_7q_transpiler__seed7,N5_x2_t0.24_r8_current__synthetic_ring_7q_transpiler__seed7,synthetic_ring_7q_transpiler,ring,True,"id,rz,sx,x,ecr",transpiler,transpiler,7,2,lexicographic_native_2q_depth_duration,7,7,2.0,3,2.0,1.0,1.0,1,full_reduce,qiskit.Operator.equiv_global_phase,1e-10,True,VERIFIED,1151,782,369,4535,2294,3795,740,740,610,610,371,371,2.005420054200542,0.0002616529740000013,0.0002616529740000013,2.102241233337069,2.102241233337069,2.102241233337069,1.345714494000049,,740610000.0002617,basic,370306000.0001244
v0.3.0,N5_x2_t0.24_r8_current,134782768aa9dbe363bb37b80c656c19f10f7861d78d5f3c7d5fc38f0ced12cf,a3c3aa0730f53f43ddad72a4d4519d745a0759d60b4da195300a7d684cae92e5,N5_r8_current,5,5,2.0,0.24,8,current,1489,1072,913,576,25,1.72,4,1.6,2,1,N5_x2_t0.24_r8_current__synthetic_ring_7q_transpiler__seed7,N5_x2_t0.24_r8_current__synthetic_ring_7q_transpiler__seed7,synthetic_ring_7q_transpiler,ring,True,"id,rz,sx,x,ecr",transpiler,transpiler,7,2,lexicographic_native_2q_depth_duration,7,7,2.0,3,2.0,1.0,1.0,1,full_reduce_depth,qiskit.Operator.equiv_global_phase,1e-10,True,VERIFIED,1149,782,367,4453,2278,3782,671,671,560,560,304,304,1.8283378746594006,0.00030727819200000104,0.00030727819200000104,1.8944911440185326,1.8944911440185326,1.8944911440185326,34.82612306300007,,671560000.0003073,basic,370306000.0001244
v0.3.0,N5_x2_t0.24_r8_current,134782768aa9dbe363bb37b80c656c19f10f7861d78d5f3c7d5fc38f0ced12cf,a3c3aa0730f53f43ddad72a4d4519d745a0759d60b4da195300a7d684cae92e5,N5_r8_current,5,5,2.0,0.24,8,current,1489,1072,913,576,25,1.72,4,1.6,2,1,N5_x2_t0.24_r8_current__synthetic_grid_8q_transpiler__seed7,N5_x2_t0.24_r8_current__synthetic_grid_8q_transpiler__seed7,synthetic_grid_8q_transpiler,grid,True,"id,rz,sx,x,ecr",transpiler,transpiler,7,2,lexicographic_native_2q_depth_duration,8,10,2.5,4,2.0,1.6666666666666667,4.0,1,qiskit,qiskit.Operator.equiv_global_phase,1e-10,True,VERIFIED,1489,913,576,2740,1489,2274,466,466,402,402,-110,-110,0.8090277777777778,0.00021448285800000007,0.00021448285800000007,1.3563897433711072,1.3563897433711072,1.3563897433711072,0.013139358999978867,,466402000.00021446,basic,370306000.00016046
v0.3.0,N5_x2_t0.24_r8_current,134782768aa9dbe363bb37b80c656c19f10f7861d78d5f3c7d5fc38f0ced12cf,a3c3aa0730f53f43ddad72a4d4519d745a0759d60b4da195300a7d684cae92e5,N5_r8_current,5,5,2.0,0.24,8,current,1489,1072,913,576,25,1.72,4,1.6,2,1,N5_x2_t0.24_r8_current__synthetic_grid_8q_transpiler__seed7,N5_x2_t0.24_r8_current__synthetic_grid_8q_transpiler__seed7,synthetic_grid_8q_transpiler,grid,True,"id,rz,sx,x,ecr",transpiler,transpiler,7,2,lexicographic_native_2q_depth_duration,8,10,2.5,4,2.0,1.6666666666666667,4.0,1,basic,qiskit.Operator.equiv_global_phase,1e-10,True,VERIFIED,1013,517,496,2471,1312,2101,370,370,306,306,-126,-126,0.7459677419354839,0.00016044273000000013,0.00016044273000000013,1.1019237680492417,1.1019237680492417,1.1019237680492417,0.3482983479998438,,370306000.00016046,basic,370306000.00016046
v0.3.0,N5_x2_t0.24_r8_current,134782768aa9dbe363bb37b80c656c19f10f7861d78d5f3c7d5fc38f0ced12cf,a3c3aa0730f53f43ddad72a4d4519d745a0759d60b4da195300a7d684cae92e5,N5_r8_current,5,5,2.0,0.24,8,current,1489,1072,913,576,25,1.72,4,1.6,2,1,N5_x2_t0.24_r8_current__synthetic_grid_8q_transpiler__seed7,N5_x2_t0.24_r8_current__synthetic_grid_8q_transpiler__seed7,synthetic_grid_8q_transpiler,grid,True,"id,rz,sx,x,ecr",transpiler,transpiler,7,2,lexicographic_native_2q_depth_duration,8,10,2.5,4,2.0,1.6666666666666667,4.0,1,basic_swaps,qiskit.Operator.equiv_global_phase,1e-10,True,VERIFIED,1013,517,496,2471,1312,2101,370,370,306,306,-126,-126,0.7459677419354839,0.00016044273000000013,0.00016044273000000013,1.1019237680492417,1.1019237680492417,1.1019237680492417,0.33831959999997707,,370306000.00016046,basic,370306000.00016046
v0.3.0,N5_x2_t0.24_r8_current,134782768aa9dbe363bb37b80c656c19f10f7861d78d5f3c7d5fc38f0ced12cf,a3c3aa0730f53f43ddad72a4d4519d745a0759d60b4da195300a7d684cae92e5,N5_r8_current,5,5,2.0,0.24,8,current,1489,1072,913,576,25,1.72,4,1.6,2,1,N5_x2_t0.24_r8_current__synthetic_grid_8q_transpiler__seed7,N5_x2_t0.24_r8_current__synthetic_grid_8q_transpiler__seed7,synthetic_grid_8q_transpiler,grid,True,"id,rz,sx,x,ecr",transpiler,transpiler,7,2,lexicographic_native_2q_depth_duration,8,10,2.5,4,2.0,1.6666666666666667,4.0,1,teleport,qiskit.Operator.equiv_global_phase,1e-10,True,VERIFIED,1394,818,576,2668,1626,2276,392,392,342,342,-184,-184,0.6805555555555556,0.00011668253400000028,0.00011668253400000028,1.0084351252311827,1.0084351252311827,1.0084351252311827,1.3844167099998685,,392342000.0001167,basic,370306000.00016046
v0.3.0,N5_x2_t0.24_r8_current,134782768aa9dbe363bb37b80c656c19f10f7861d78d5f3c7d5fc38f0ced12cf,a3c3aa0730f53f43ddad72a4d4519d745a0759d60b4da195300a7d684cae92e5,N5_r8_current,5,5,2.0,0.24,8,current,1489,1072,913,576,25,1.72,4,1.6,2,1,N5_x2_t0.24_r8_current__synthetic_grid_8q_transpiler__seed7,N5_x2_t0.24_r8_current__synthetic_grid_8q_transpiler__seed7,synthetic_grid_8q_transpiler,grid,True,"id,rz,sx,x,ecr",transpiler,transpiler,7,2,lexicographic_native_2q_depth_duration,8,10,2.5,4,2.0,1.6666666666666667,4.0,1,full_reduce,qiskit.Operator.equiv_global_phase,1e-10,True,VERIFIED,1151,782,369,3807,2004,3210,597,597,518,518,228,228,1.6178861788617886,0.00022450438199999955,0.00022450438199999955,1.5689526052668599,1.5689526052668599,1.5689526052668599,1.3245936989999336,,597518000.0002245,basic,370306000.00016046
v0.3.0,N5_x2_t0.24_r8_current,134782768aa9dbe363bb37b80c656c19f10f7861d78d5f3c7d5fc38f0ced12cf,a3c3aa0730f53f43ddad72a4d4519d745a0759d60b4da195300a7d684cae92e5,N5_r8_current,5,5,2.0,0.24,8,current,1489,1072,913,576,25,1.72,4,1.6,2,1,N5_x2_t0.24_r8_current__synthetic_grid_8q_transpiler__seed7,N5_x2_t0.24_r8_current__synthetic_grid_8q_transpiler__seed7,synthetic_grid_8q_transpiler,grid,True,"id,rz,sx,x,ecr",transpiler,transpiler,7,2,lexicographic_native_2q_depth_duration,8,10,2.5,4,2.0,1.6666666666666667,4.0,1,full_reduce_depth,qiskit.Operator.equiv_global_phase,1e-10,True,VERIFIED,1149,782,367,4208,2271,3589,619,619,542,542,252,252,1.6866485013623977,0.00029662352399999827,0.00029662352399999827,1.4541629614857143,1.4541629614857143,1.4541629614857143,35.591931654000064,,619542000.0002966,basic,370306000.00016046
v0.3.0,N5_x2_t0.24_r8_current,134782768aa9dbe363bb37b80c656c19f10f7861d78d5f3c7d5fc38f0ced12cf,a3c3aa0730f53f43ddad72a4d4519d745a0759d60b4da195300a7d684cae92e5,N5_r8_current,5,5,2.0,0.24,8,current,1489,1072,913,576,25,1.72,4,1.6,2,1,N5_x2_t0.24_r8_current__synthetic_heavy_hex_like_7q_transpiler__seed7,N5_x2_t0.24_r8_current__synthetic_heavy_hex_like_7q_transpiler__seed7,synthetic_heavy_hex_like_7q_transpiler,heavy_hex_like,True,"id,rz,sx,x,ecr",transpiler,transpiler,7,2,lexicographic_native_2q_depth_duration,7,7,2.0,5,2.2857142857142856,1.0,1.0,1,qiskit,qiskit.Operator.equiv_global_phase,1e-10,True,VERIFIED,1489,913,576,2732,1481,2266,466,466,402,402,-110,-110,0.8090277777777778,0.00011076601199999955,0.00011076601199999955,1.2153844482930967,1.2153844482930967,1.2153844482930967,0.013129137000078117,,466402000.00011075,basic,370306000.0000885
v0.3.0,N5_x2_t0.24_r8_current,134782768aa9dbe363bb37b80c656c19f10f7861d78d5f3c7d5fc38f0ced12cf,a3c3aa0730f53f43ddad72a4d4519d745a0759d60b4da195300a7d684cae92e5,N5_r8_current,5,5,2.0,0.24,8,current,1489,1072,913,576,25,1.72,4,1.6,2,1,N5_x2_t0.24_r8_current__synthetic_heavy_hex_like_7q_transpiler__seed7,N5_x2_t0.24_r8_current__synthetic_heavy_hex_like_7q_transpiler__seed7,synthetic_heavy_hex_like_7q_transpiler,heavy_hex_like,True,"id,rz,sx,x,ecr",transpiler,transpiler,7,2,lexicographic_native_2q_depth_duration,7,7,2.0,5,2.2857142857142856,1.0,1.0,1,basic,qiskit.Operator.equiv_global_phase,1e-10,True,VERIFIED,1013,517,496,2471,1360,2101,370,370,306,306,-126,-126,0.7459677419354839,8.851628399999974e-05,8.851628399999974e-05,1.0097131345302754,1.0097131345302754,1.0097131345302754,0.4113676629999645,,370306000.0000885,basic,370306000.0000885
v0.3.0,N5_x2_t0.24_r8_current,134782768aa9dbe363bb37b80c656c19f10f7861d78d5f3c7d5fc38f0ced12cf,a3c3aa0730f53f43ddad72a4d4519d745a0759d60b4da195300a7d684cae92e5,N5_r8_current,5,5,2.0,0.24,8,current,1489,1072,913,576,25,1.72,4,1.6,2,1,N5_x2_t0.24_r8_current__synthetic_heavy_hex_like_7q_transpiler__seed7,N5_x2_t0.24_r8_current__synthetic_heavy_hex_like_7q_transpiler__seed7,synthetic_heavy_hex_like_7q_transpiler,heavy_hex_like,True,"id,rz,sx,x,ecr",transpiler,transpiler,7,2,lexicographic_native_2q_depth_duration,7,7,2.0,5,2.2857142857142856,1.0,1.0,1,basic_swaps,qiskit.Operator.equiv_global_phase,1e-10,True,VERIFIED,1013,517,496,2471,1360,2101,370,370,306,306,-126,-126,0.7459677419354839,8.851628399999974e-05,8.851628399999974e-05,1.0097131345302754,1.0097131345302754,1.0097131345302754,0.3443192019999515,,370306000.0000885,basic,370306000.0000885
v0.3.0,N5_x2_t0.24_r8_current,134782768aa9dbe363bb37b80c656c19f10f7861d78d5f3c7d5fc38f0ced12cf,a3c3aa0730f53f43ddad72a4d4519d745a0759d60b4da195300a7d684cae92e5,N5_r8_current,5,5,2.0,0.24,8,current,1489,1072,913,576,25,1.72,4,1.6,2,1,N5_x2_t0.24_r8_current__synthetic_heavy_hex_like_7q_transpiler__seed7,N5_x2_t0.24_r8_current__synthetic_heavy_hex_like_7q_transpiler__seed7,synthetic_heavy_hex_like_7q_transpiler,heavy_hex_like,True,"id,rz,sx,x,ecr",transpiler,transpiler,7,2,lexicographic_native_2q_depth_duration,7,7,2.0,5,2.2857142857142856,1.0,1.0,1,teleport,qiskit.Operator.equiv_global_phase,1e-10,True,VERIFIED,1394,818,576,2367,1206,1975,392,392,342,342,-184,-184,0.6805555555555556,9.37081979999997e-05,9.37081979999997e-05,1.0191545404933393,1.0191545404933393,1.0191545404933393,1.4876842899998337,,392342000.0000937,basic,370306000.0000885
v0.3.0,N5_x2_t0.24_r8_current,134782768aa9dbe363bb37b80c656c19f10f7861d78d5f3c7d5fc38f0ced12cf,a3c3aa0730f53f43ddad72a4d4519d745a0759d60b4da195300a7d684cae92e5,N5_r8_current,5,5,2.0,0.24,8,current,1489,1072,913,576,25,1.72,4,1.6,2,1,N5_x2_t0.24_r8_current__synthetic_heavy_hex_like_7q_transpiler__seed7,N5_x2_t0.24_r8_current__synthetic_heavy_hex_like_7q_transpiler__seed7,synthetic_heavy_hex_like_7q_transpiler,heavy_hex_like,True,"id,rz,sx,x,ecr",transpiler,transpiler,7,2,lexicographic_native_2q_depth_duration,7,7,2.0,5,2.2857142857142856,1.0,1.0,1,full_reduce,qiskit.Operator.equiv_global_phase,1e-10,True,VERIFIED,1151,782,369,4614,2469,4022,592,592,510,510,223,223,1.6043360433604337,0.00021118860000000062,0.00021118860000000062,1.1868972030912752,1.1868972030912752,1.1868972030912752,1.459968058999948,,592510000.0002112,basic,370306000.0000885
v0.3.0,N5_x2_t0.24_r8_current,134782768aa9dbe363bb37b80c656c19f10f7861d78d5f3c7d5fc38f0ced12cf,a3c3aa0730f53f43ddad72a4d4519d745a0759d60b4da195300a7d684cae92e5,N5_r8_current,5,5,2.0,0.24,8,current,1489,1072,913,576,25,1.72,4,1.6,2,1,N5_x2_t0.24_r8_current__synthetic_heavy_hex_like_7q_transpiler__seed7,N5_x2_t0.24_r8_current__synthetic_heavy_hex_like_7q_transpiler__seed7,synthetic_heavy_hex_like_7q_transpiler,heavy_hex_like,True,"id,rz,sx,x,ecr",transpiler,transpiler,7,2,lexicographic_native_2q_depth_duration,7,7,2.0,5,2.2857142857142856,1.0,1.0,1,full_reduce_depth,qiskit.Operator.equiv_global_phase,1e-10,True,VERIFIED,1149,782,367,4795,2568,4200,595,595,509,509,228,228,1.6212534059945505,0.00022109979000000047,0.00022109979000000047,1.1984265381803343,1.1984265381803343,1.1984265381803343,37.34487579500001,,595509000.0002211,basic,370306000.0000885
v0.3.0,N5_x2_t0.24_r8_current,134782768aa9dbe363bb37b80c656c19f10f7861d78d5f3c7d5fc38f0ced12cf,a3c3aa0730f53f43ddad72a4d4519d745a0759d60b4da195300a7d684cae92e5,N5_r8_current,5,5,2.0,0.24,8,current,1489,1072,913,576,25,1.72,4,1.6,2,1,N5_x2_t0.24_r8_current__synthetic_irregular_7q_favorable__seed7,N5_x2_t0.24_r8_current__synthetic_irregular_7q_favorable__seed7,synthetic_irregular_7q_favorable,irregular,True,"id,rz,sx,x,ecr",favorable,"0,1,2,3,4",7,2,lexicographic_native_2q_depth_duration,7,8,2.2857142857142856,3,1.8095238095238095,1.0,1.0,1,qiskit,qiskit.Operator.equiv_global_phase,1e-10,True,VERIFIED,1489,913,576,2802,1368,2336,466,466,402,402,-110,-110,0.8090277777777778,0.0001864669019999999,0.0001864669019999999,1.2389289329583004,1.2389289329583004,1.2389289329583004,0.019446834000063973,,466402000.00018644,basic,370306000.0001446
v0.3.0,N5_x2_t0.24_r8_current,134782768aa9dbe363bb37b80c656c19f10f7861d78d5f3c7d5fc38f0ced12cf,a3c3aa0730f53f43ddad72a4d4519d745a0759d60b4da195300a7d684cae92e5,N5_r8_current,5,5,2.0,0.24,8,current,1489,1072,913,576,25,1.72,4,1.6,2,1,N5_x2_t0.24_r8_current__synthetic_irregular_7q_favorable__seed7,N5_x2_t0.24_r8_current__synthetic_irregular_7q_favorable__seed7,synthetic_irregular_7q_favorable,irregular,True,"id,rz,sx,x,ecr",favorable,"0,1,2,3,4",7,2,lexicographic_native_2q_depth_duration,7,8,2.2857142857142856,3,1.8095238095238095,1.0,1.0,1,basic,qiskit.Operator.equiv_global_phase,1e-10,True,VERIFIED,1013,517,496,2467,1166,2097,370,370,306,306,-126,-126,0.7459677419354839,0.00014460835799999977,0.00014460835799999977,1.0037218839527888,1.0037218839527888,1.0037218839527888,0.4218060969999442,,370306000.0001446,basic,370306000.0001446
v0.3.0,N5_x2_t0.24_r8_current,134782768aa9dbe363bb37b80c656c19f10f7861d78d5f3c7d5fc38f0ced12cf,a3c3aa0730f53f43ddad72a4d4519d745a0759d60b4da195300a7d684cae92e5,N5_r8_current,5,5,2.0,0.24,8,current,1489,1072,913,576,25,1.72,4,1.6,2,1,N5_x2_t0.24_r8_current__synthetic_irregular_7q_favorable__seed7,N5_x2_t0.24_r8_current__synthetic_irregular_7q_favorable__seed7,synthetic_irregular_7q_favorable,irregular,True,"id,rz,sx,x,ecr",favorable,"0,1,2,3,4",7,2,lexicographic_native_2q_depth_duration,7,8,2.2857142857142856,3,1.8095238095238095,1.0,1.0,1,basic_swaps,qiskit.Operator.equiv_global_phase,1e-10,True,VERIFIED,1013,517,496,2467,1166,2097,370,370,306,306,-126,-126,0.7459677419354839,0.00014460835799999977,0.00014460835799999977,1.0037218839527888,1.0037218839527888,1.0037218839527888,0.3420879559998866,,370306000.0001446,basic,370306000.0001446
v0.3.0,N5_x2_t0.24_r8_current,134782768aa9dbe363bb37b80c656c19f10f7861d78d5f3c7d5fc38f0ced12cf,a3c3aa0730f53f43ddad72a4d4519d745a0759d60b4da195300a7d684cae92e5,N5_r8_current,5,5,2.0,0.24,8,current,1489,1072,913,576,25,1.72,4,1.6,2,1,N5_x2_t0.24_r8_current__synthetic_irregular_7q_favorable__seed7,N5_x2_t0.24_r8_current__synthetic_irregular_7q_favorable__seed7,synthetic_irregular_7q_favorable,irregular,True,"id,rz,sx,x,ecr",favorable,"0,1,2,3,4",7,2,lexicographic_native_2q_depth_duration,7,8,2.2857142857142856,3,1.8095238095238095,1.0,1.0,1,teleport,qiskit.Operator.equiv_global_phase,1e-10,True,VERIFIED,1394,818,576,2323,1133,1931,392,392,342,342,-184,-184,0.6805555555555556,0.00015710828999999989,0.00015710828999999989,1.0096953791990098,1.0096953791990098,1.0096953791990098,1.3810243430000355,,392342000.0001571,basic,370306000.0001446
v0.3.0,N5_x2_t0.24_r8_current,134782768aa9dbe363bb37b80c656c19f10f7861d78d5f3c7d5fc38f0ced12cf,a3c3aa0730f53f43ddad72a4d4519d745a0759d60b4da195300a7d684cae92e5,N5_r8_current,5,5,2.0,0.24,8,current,1489,1072,913,576,25,1.72,4,1.6,2,1,N5_x2_t0.24_r8_current__synthetic_irregular_7q_favorable__seed7,N5_x2_t0.24_r8_current__synthetic_irregular_7q_favorable__seed7,synthetic_irregular_7q_favorable,irregular,True,"id,rz,sx,x,ecr",favorable,"0,1,2,3,4",7,2,lexicographic_native_2q_depth_duration,7,8,2.2857142857142856,3,1.8095238095238095,1.0,1.0,1,full_reduce,qiskit.Operator.equiv_global_phase,1e-10,True,VERIFIED,1151,782,369,4266,2302,3630,636,636,553,553,267,267,1.7235772357723578,0.00022907225400000054,0.00022907225400000054,1.6789141224322823,1.6789141224322823,1.6789141224322823,1.3268290290000095,,636553000.0002291,basic,370306000.0001446
v0.3.0,N5_x2_t0.24_r8_current,134782768aa9dbe363bb37b80c656c19f10f7861d78d5f3c7d5fc38f0ced12cf,a3c3aa0730f53f43ddad72a4d4519d745a0759d60b4da195300a7d684cae92e5,N5_r8_current,5,5,2.0,0.24,8,current,1489,1072,913,576,25,1.72,4,1.6,2,1,N5_x2_t0.24_r8_current__synthetic_irregular_7q_favorable__seed7,N5_x2_t0.24_r8_current__synthetic_irregular_7q_favorable__seed7,synthetic_irregular_7q_favorable,irregular,True,"id,rz,sx,x,ecr",favorable,"0,1,2,3,4",7,2,lexicographic_native_2q_depth_duration,7,8,2.2857142857142856,3,1.8095238095238095,1.0,1.0,1,full_reduce_depth,qiskit.Operator.equiv_global_phase,1e-10,True,VERIFIED,1149,782,367,4186,2261,3569,617,617,544,544,250,250,1.681198910081744,0.00023256031800000077,0.00023256031800000077,1.5422801281422729,1.5422801281422729,1.5422801281422729,36.70575303600003,,617544000.0002326,basic,370306000.0001446
v0.3.0,N5_x2_t0.24_r8_current,134782768aa9dbe363bb37b80c656c19f10f7861d78d5f3c7d5fc38f0ced12cf,a3c3aa0730f53f43ddad72a4d4519d745a0759d60b4da195300a7d684cae92e5,N5_r8_current,5,5,2.0,0.24,8,current,1489,1072,913,576,25,1.72,4,1.6,2,1,N5_x2_t0.24_r8_current__synthetic_irregular_7q_spread__seed7,N5_x2_t0.24_r8_current__synthetic_irregular_7q_spread__seed7,synthetic_irregular_7q_spread,irregular,True,"id,rz,sx,x,ecr",spread,"0,2,3,4,6",7,2,lexicographic_native_2q_depth_duration,7,8,2.2857142857142856,3,1.8095238095238095,1.4444444444444444,2.0,1,qiskit,qiskit.Operator.equiv_global_phase,1e-10,True,VERIFIED,1489,913,576,2938,1582,2466,472,472,405,405,-104,-104,0.8194444444444444,0.000274136922,0.000274136922,0.959281888707467,0.959281888707467,0.959281888707467,0.013153276000139158,,472405000.0002741,basic,376309000.0001794
v0.3.0,N5_x2_t0.24_r8_current,134782768aa9dbe363bb37b80c656c19f10f7861d78d5f3c7d5fc38f0ced12cf,a3c3aa0730f53f43ddad72a4d4519d745a0759d60b4da195300a7d684cae92e5,N5_r8_current,5,5,2.0,0.24,8,current,1489,1072,913,576,25,1.72,4,1.6,2,1,N5_x2_t0.24_r8_current__synthetic_irregular_7q_spread__seed7,N5_x2_t0.24_r8_current__synthetic_irregular_7q_spread__seed7,synthetic_irregular_7q_spread,irregular,True,"id,rz,sx,x,ecr",spread,"0,2,3,4,6",7,2,lexicographic_native_2q_depth_duration,7,8,2.2857142857142856,3,1.8095238095238095,1.4444444444444444,2.0,1,basic,qiskit.Operator.equiv_global_phase,1e-10,True,VERIFIED,1013,517,496,2716,1446,2340,376,376,309,309,-120,-120,0.7580645161290323,0.0001793844359999996,0.0001793844359999996,0.8476299809903121,0.8476299809903121,0.8476299809903121,0.4142651619999924,,376309000.0001794,basic,376309000.0001794
v0.3.0,N5_x2_t0.24_r8_current,134782768aa9dbe363bb37b80c656c19f10f7861d78d5f3c7d5fc38f0ced12cf,a3c3aa0730f53f43ddad72a4d4519d745a0759d60b4da195300a7d684cae92e5,N5_r8_current,5,5,2.0,0.24,8,current,1489,1072,913,576,25,1.72,4,1.6,2,1,N5_x2_t0.24_r8_current__synthetic_irregular_7q_spread__seed7,N5_x2_t0.24_r8_current__synthetic_irregular_7q_spread__seed7,synthetic_irregular_7q_spread,irregular,True,"id,rz,sx,x,ecr",spread,"0,2,3,4,6",7,2,lexicographic_native_2q_depth_duration,7,8,2.2857142857142856,3,1.8095238095238095,1.4444444444444444,2.0,1,basic_swaps,qiskit.Operator.equiv_global_phase,1e-10,True,VERIFIED,1013,517,496,2716,1446,2340,376,376,309,309,-120,-120,0.7580645161290323,0.0001793844359999996,0.0001793844359999996,0.8476299809903121,0.8476299809903121,0.8476299809903121,0.34318668799983243,,376309000.0001794,basic,376309000.0001794
v0.3.0,N5_x2_t0.24_r8_current,134782768aa9dbe363bb37b80c656c19f10f7861d78d5f3c7d5fc38f0ced12cf,a3c3aa0730f53f43ddad72a4d4519d745a0759d60b4da195300a7d684cae92e5,N5_r8_current,5,5,2.0,0.24,8,current,1489,1072,913,576,25,1.72,4,1.6,2,1,N5_x2_t0.24_r8_current__synthetic_irregular_7q_spread__seed7,N5_x2_t0.24_r8_current__synthetic_irregular_7q_spread__seed7,synthetic_irregular_7q_spread,irregular,True,"id,rz,sx,x,ecr",spread,"0,2,3,4,6",7,2,lexicographic_native_2q_depth_duration,7,8,2.2857142857142856,3,1.8095238095238095,1.4444444444444444,2.0,1,teleport,qiskit.Operator.equiv_global_phase,1e-10,True,VERIFIED,1394,818,576,2535,1299,2137,398,398,345,345,-178,-178,0.6909722222222222,0.00023000354399999948,0.00023000354399999948,0.7866923310203577,0.7866923310203577,0.7866923310203577,1.391966499000091,,398345000.00023,basic,376309000.0001794
v0.3.0,N5_x2_t0.24_r8_current,134782768aa9dbe363bb37b80c656c19f10f7861d78d5f3c7d5fc38f0ced12cf,a3c3aa0730f53f43ddad72a4d4519d745a0759d60b4da195300a7d684cae92e5,N5_r8_current,5,5,2.0,0.24,8,current,1489,1072,913,576,25,1.72,4,1.6,2,1,N5_x2_t0.24_r8_current__synthetic_irregular_7q_spread__seed7,N5_x2_t0.24_r8_current__synthetic_irregular_7q_spread__seed7,synthetic_irregular_7q_spread,irregular,True,"id,rz,sx,x,ecr",spread,"0,2,3,4,6",7,2,lexicographic_native_2q_depth_duration,7,8,2.2857142857142856,3,1.8095238095238095,1.4444444444444444,2.0,1,full_reduce,qiskit.Operator.equiv_global_phase,1e-10,True,VERIFIED,1151,782,369,4596,2507,3931,665,665,570,570,296,296,1.8021680216802167,0.0002491306200000001,0.0002491306200000001,1.700537693024712,1.700537693024712,1.700537693024712,1.3389272210001764,,665570000.0002491,basic,376309000.0001794
v0.3.0,N5_x2_t0.24_r8_current,134782768aa9dbe363bb37b80c656c19f10f7861d78d5f3c7d5fc38f0ced12cf,a3c3aa0730f53f43ddad72a4d4519d745a0759d60b4da195300a7d684cae92e5,N5_r8_current,5,5,2.0,0.24,8,current,1489,1072,913,576,25,1.72,4,1.6,2,1,N5_x2_t0.24_r8_current__synthetic_irregular_7q_spread__seed7,N5_x2_t0.24_r8_current__synthetic_irregular_7q_spread__seed7,synthetic_irregular_7q_spread,irregular,True,"id,rz,sx,x,ecr",spread,"0,2,3,4,6",7,2,lexicographic_native_2q_depth_duration,7,8,2.2857142857142856,3,1.8095238095238095,1.4444444444444444,2.0,1,full_reduce_depth,qiskit.Operator.equiv_global_phase,1e-10,True,VERIFIED,1149,782,367,4413,2412,3770,643,643,562,562,276,276,1.7520435967302452,0.00027231896399999893,0.00027231896399999893,1.7510313665099422,1.7510313665099422,1.7510313665099422,37.134149035000064,,643562000.0002723,basic,376309000.0001794
v0.3.0,N5_x1_t0.16_r2_reversed,bb5457a2998df62621890360195683720097a586d7829ff135eff6e4487a097d,f6aea3bf3166425d47f6c0e2ca7ee5cce8ec4676267e9d3a9230860146e5617e,N5_r2_reversed,5,5,1.0,0.16,2,reversed,373,268,229,144,25,1.72,4,1.6,2,1,N5_x1_t0.16_r2_reversed__synthetic_heavy_hex_like_7q_transpiler__seed7,N5_x1_t0.16_r2_reversed__synthetic_heavy_hex_like_7q_transpiler__seed7,synthetic_heavy_hex_like_7q_transpiler,heavy_hex_like,True,"id,rz,sx,x,ecr",transpiler,transpiler,7,2,lexicographic_native_2q_depth_duration,7,7,2.0,5,2.2857142857142856,1.0,1.0,1,qiskit,qiskit.Operator.equiv_global_phase,1e-10,True,VERIFIED,373,229,144,719,400,599,120,120,104,104,-24,-24,0.8333333333333334,2.9009405999999922e-05,2.9009405999999922e-05,0.31222472976607163,0.31222472976607163,0.31222472976607163,0.007896182999957091,,120104000.00002901,basic,104088000.00002536
v0.3.0,N5_x1_t0.16_r2_reversed,bb5457a2998df62621890360195683720097a586d7829ff135eff6e4487a097d,f6aea3bf3166425d47f6c0e2ca7ee5cce8ec4676267e9d3a9230860146e5617e,N5_r2_reversed,5,5,1.0,0.16,2,reversed,373,268,229,144,25,1.72,4,1.6,2,1,N5_x1_t0.16_r2_reversed__synthetic_heavy_hex_like_7q_transpiler__seed7,N5_x1_t0.16_r2_reversed__synthetic_heavy_hex_like_7q_transpiler__seed7,synthetic_heavy_hex_like_7q_transpiler,heavy_hex_like,True,"id,rz,sx,x,ecr",transpiler,transpiler,7,2,lexicographic_native_2q_depth_duration,7,7,2.0,5,2.2857142857142856,1.0,1.0,1,basic,qiskit.Operator.equiv_global_phase,1e-10,True,VERIFIED,263,131,132,682,385,578,104,104,88,88,-28,-28,0.7878787878787878,2.535617399999996e-05,2.535617399999996e-05,0.28053307488117335,0.28053307488117335,0.28053307488117335,0.09107374599989271,,104088000.00002536,basic,104088000.00002536
v0.3.0,N5_x1_t0.16_r2_reversed,bb5457a2998df62621890360195683720097a586d7829ff135eff6e4487a097d,f6aea3bf3166425d47f6c0e2ca7ee5cce8ec4676267e9d3a9230860146e5617e,N5_r2_reversed,5,5,1.0,0.16,2,reversed,373,268,229,144,25,1.72,4,1.6,2,1,N5_x1_t0.16_r2_reversed__synthetic_heavy_hex_like_7q_transpiler__seed7,N5_x1_t0.16_r2_reversed__synthetic_heavy_hex_like_7q_transpiler__seed7,synthetic_heavy_hex_like_7q_transpiler,heavy_hex_like,True,"id,rz,sx,x,ecr",transpiler,transpiler,7,2,lexicographic_native_2q_depth_duration,7,7,2.0,5,2.2857142857142856,1.0,1.0,1,basic_swaps,qiskit.Operator.equiv_global_phase,1e-10,True,VERIFIED,263,131,132,682,385,578,104,104,88,88,-28,-28,0.7878787878787878,2.535617399999996e-05,2.535617399999996e-05,0.28053307488117335,0.28053307488117335,0.28053307488117335,0.09001555300005748,,104088000.00002536,basic,104088000.00002536
v0.3.0,N5_x1_t0.16_r2_reversed,bb5457a2998df62621890360195683720097a586d7829ff135eff6e4487a097d,f6aea3bf3166425d47f6c0e2ca7ee5cce8ec4676267e9d3a9230860146e5617e,N5_r2_reversed,5,5,1.0,0.16,2,reversed,373,268,229,144,25,1.72,4,1.6,2,1,N5_x1_t0.16_r2_reversed__synthetic_heavy_hex_like_7q_transpiler__seed7,N5_x1_t0.16_r2_reversed__synthetic_heavy_hex_like_7q_transpiler__seed7,synthetic_heavy_hex_like_7q_transpiler,heavy_hex_like,True,"id,rz,sx,x,ecr",transpiler,transpiler,7,2,lexicographic_native_2q_depth_duration,7,7,2.0,5,2.2857142857142856,1.0,1.0,1,teleport,qiskit.Operator.equiv_global_phase,1e-10,True,VERIFIED,351,207,144,672,392,568,104,104,92,92,-40,-40,0.7222222222222222,2.7847013999999957e-05,2.7847013999999957e-05,0.22633482189413537,0.22633482189413537,0.22633482189413537,0.21179365400007555,,104092000.00002785,basic,104088000.00002536
v0.3.0,N5_x1_t0.16_r2_reversed,bb5457a2998df62621890360195683720097a586d7829ff135eff6e4487a097d,f6aea3bf3166425d47f6c0e2ca7ee5cce8ec4676267e9d3a9230860146e5617e,N5_r2_reversed,5,5,1.0,0.16,2,reversed,373,268,229,144,25,1.72,4,1.6,2,1,N5_x1_t0.16_r2_reversed__synthetic_heavy_hex_like_7q_transpiler__seed7,N5_x1_t0.16_r2_reversed__synthetic_heavy_hex_like_7q_transpiler__seed7,synthetic_heavy_hex_like_7q_transpiler,heavy_hex_like,True,"id,rz,sx,x,ecr",transpiler,transpiler,7,2,lexicographic_native_2q_depth_duration,7,7,2.0,5,2.2857142857142856,1.0,1.0,1,full_reduce,qiskit.Operator.equiv_global_phase,1e-10,True,VERIFIED,314,207,107,1308,750,1146,162,162,148,148,55,55,1.514018691588785,6.313990800000016e-05,6.313990800000016e-05,0.3442006147314078,0.3442006147314078,0.3442006147314078,0.20852057400020385,,162148000.00006315,basic,104088000.00002536
v0.3.0,N5_x1_t0.16_r2_reversed,bb5457a2998df62621890360195683720097a586d7829ff135eff6e4487a097d,f6aea3bf3166425d47f6c0e2ca7ee5cce8ec4676267e9d3a9230860146e5617e,N5_r2_reversed,5,5,1.0,0.16,2,reversed,373,268,229,144,25,1.72,4,1.6,2,1,N5_x1_t0.16_r2_reversed__synthetic_heavy_hex_like_7q_transpiler__seed7,N5_x1_t0.16_r2_reversed__synthetic_heavy_hex_like_7q_transpiler__seed7,synthetic_heavy_hex_like_7q_transpiler,heavy_hex_like,True,"id,rz,sx,x,ecr",transpiler,transpiler,7,2,lexicographic_native_2q_depth_duration,7,7,2.0,5,2.2857142857142856,1.0,1.0,1,full_reduce_depth,qiskit.Operator.equiv_global_phase,1e-10,True,VERIFIED,318,207,111,1332,756,1164,168,168,150,150,57,57,1.5135135135135136,6.58982580000001e-05,6.58982580000001e-05,0.3218563393768287,0.3218563393768287,0.3218563393768287,2.5549174550001226,,168150000.0000659,basic,104088000.00002536
v0.3.0,N5_x4_t0.32_r2_symmetry,b66e78c1f4a10c34763563660201dc843b5e66d635a6c02bb8e10ecf326cfd70,c2142e093ccb99940251960feda0c8e111c5304b305b2585b4176727240e142e,N5_r2_symmetry,5,5,4.0,0.32,2,symmetry,373,212,229,144,25,1.72,4,1.6,2,1,N5_x4_t0.32_r2_symmetry__synthetic_irregular_7q_favorable__seed7,N5_x4_t0.32_r2_symmetry__synthetic_irregular_7q_favorable__seed7,synthetic_irregular_7q_favorable,irregular,True,"id,rz,sx,x,ecr",favorable,"0,1,2,3,4",7,2,lexicographic_native_2q_depth_duration,7,8,2.2857142857142856,3,1.8095238095238095,1.0,1.0,1,qiskit,qiskit.Operator.equiv_global_phase,1e-10,True,VERIFIED,373,229,144,641,309,539,102,102,87,87,-42,-42,0.7083333333333334,4.1466714e-05,4.1466714e-05,0.2512803709853774,0.2512803709853774,0.2512803709853774,0.007376002000000881,,102087000.00004147,basic,86075000.00003436
v0.3.0,N5_x4_t0.32_r2_symmetry,b66e78c1f4a10c34763563660201dc843b5e66d635a6c02bb8e10ecf326cfd70,c2142e093ccb99940251960feda0c8e111c5304b305b2585b4176727240e142e,N5_r2_symmetry,5,5,4.0,0.32,2,symmetry,373,212,229,144,25,1.72,4,1.6,2,1,N5_x4_t0.32_r2_symmetry__synthetic_irregular_7q_favorable__seed7,N5_x4_t0.32_r2_symmetry__synthetic_irregular_7q_favorable__seed7,synthetic_irregular_7q_favorable,irregular,True,"id,rz,sx,x,ecr",favorable,"0,1,2,3,4",7,2,lexicographic_native_2q_depth_duration,7,8,2.2857142857142856,3,1.8095238095238095,1.0,1.0,1,basic,qiskit.Operator.equiv_global_phase,1e-10,True,VERIFIED,291,167,124,576,281,490,86,86,75,75,-38,-38,0.6935483870967742,3.435960599999998e-05,3.435960599999998e-05,0.2242427405736367,0.2242427405736367,0.2242427405736367,0.09341397299999699,,86075000.00003436,basic,86075000.00003436
v0.3.0,N5_x4_t0.32_r2_symmetry,b66e78c1f4a10c34763563660201dc843b5e66d635a6c02bb8e10ecf326cfd70,c2142e093ccb99940251960feda0c8e111c5304b305b2585b4176727240e142e,N5_r2_symmetry,5,5,4.0,0.32,2,symmetry,373,212,229,144,25,1.72,4,1.6,2,1,N5_x4_t0.32_r2_symmetry__synthetic_irregular_7q_favorable__seed7,N5_x4_t0.32_r2_symmetry__synthetic_irregular_7q_favorable__seed7,synthetic_irregular_7q_favorable,irregular,True,"id,rz,sx,x,ecr",favorable,"0,1,2,3,4",7,2,lexicographic_native_2q_depth_duration,7,8,2.2857142857142856,3,1.8095238095238095,1.0,1.0,1,basic_swaps,qiskit.Operator.equiv_global_phase,1e-10,True,VERIFIED,287,167,120,584,282,497,87,87,75,75,-33,-33,0.725,3.4377144e-05,3.4377144e-05,0.22867398796649538,0.22867398796649538,0.22867398796649538,0.09265818099993339,,87075000.00003438,basic,86075000.00003436
v0.3.0,N5_x4_t0.32_r2_symmetry,b66e78c1f4a10c34763563660201dc843b5e66d635a6c02bb8e10ecf326cfd70,c2142e093ccb99940251960feda0c8e111c5304b305b2585b4176727240e142e,N5_r2_symmetry,5,5,4.0,0.32,2,symmetry,373,212,229,144,25,1.72,4,1.6,2,1,N5_x4_t0.32_r2_symmetry__synthetic_irregular_7q_favorable__seed7,N5_x4_t0.32_r2_symmetry__synthetic_irregular_7q_favorable__seed7,synthetic_irregular_7q_favorable,irregular,True,"id,rz,sx,x,ecr",favorable,"0,1,2,3,4",7,2,lexicographic_native_2q_depth_duration,7,8,2.2857142857142856,3,1.8095238095238095,1.0,1.0,1,teleport,qiskit.Operator.equiv_global_phase,1e-10,True,VERIFIED,366,222,144,635,295,533,102,102,87,87,-42,-42,0.7083333333333334,4.299762599999998e-05,4.299762599999998e-05,0.25006485630656794,0.25006485630656794,0.25006485630656794,0.2366976270000123,,102087000.000043,basic,86075000.00003436
v0.3.0,N5_x4_t0.32_r2_symmetry,b66e78c1f4a10c34763563660201dc843b5e66d635a6c02bb8e10ecf326cfd70,c2142e093ccb99940251960feda0c8e111c5304b305b2585b4176727240e142e,N5_r2_symmetry,5,5,4.0,0.32,2,symmetry,373,212,229,144,25,1.72,4,1.6,2,1,N5_x4_t0.32_r2_symmetry__synthetic_irregular_7q_favorable__seed7,N5_x4_t0.32_r2_symmetry__synthetic_irregular_7q_favorable__seed7,synthetic_irregular_7q_favorable,irregular,True,"id,rz,sx,x,ecr",favorable,"0,1,2,3,4",7,2,lexicographic_native_2q_depth_duration,7,8,2.2857142857142856,3,1.8095238095238095,1.0,1.0,1,full_reduce,qiskit.Operator.equiv_global_phase,1e-10,True,VERIFIED,334,223,111,1202,663,1032,170,170,146,146,59,59,1.5315315315315314,5.9572590000000277e-05,5.9572590000000277e-05,0.43467533291442145,0.43467533291442145,0.43467533291442145,0.23126667500014264,,170146000.00005957,basic,86075000.00003436
v0.3.0,N5_x4_t0.32_r2_symmetry,b66e78c1f4a10c34763563660201dc843b5e66d635a6c02bb8e10ecf326cfd70,c2142e093ccb99940251960feda0c8e111c5304b305b2585b4176727240e142e,N5_r2_symmetry,5,5,4.0,0.32,2,symmetry,373,212,229,144,25,1.72,4,1.6,2,1,N5_x4_t0.32_r2_symmetry__synthetic_irregular_7q_favorable__seed7,N5_x4_t0.32_r2_symmetry__synthetic_irregular_7q_favorable__seed7,synthetic_irregular_7q_favorable,irregular,True,"id,rz,sx,x,ecr",favorable,"0,1,2,3,4",7,2,lexicographic_native_2q_depth_duration,7,8,2.2857142857142856,3,1.8095238095238095,1.0,1.0,1,full_reduce_depth,qiskit.Operator.equiv_global_phase,1e-10,True,VERIFIED,321,223,98,992,481,846,146,146,116,116,48,48,1.489795918367347,5.1875406000000127e-05,5.1875406000000127e-05,0.3730614255824403,0.3730614255824403,0.3730614255824403,2.2367112750000615,,146116000.0000519,basic,86075000.00003436
v0.3.0,N5_x0.5_t0.08_r2_current,f9bba50919a22174a1fc067cec3c68dfad968d1fc758751ac4ccbb15d17805b6,8fce0abdbcb2e9a8f70c342ce15ae5cbd2d944a42e437502fede0d157c893389,N5_r2_current,5,5,0.5,0.08,2,current,373,268,229,144,25,1.72,4,1.6,2,1,N5_x0.5_t0.08_r2_current__synthetic_irregular_7q_spread__seed7,N5_x0.5_t0.08_r2_current__synthetic_irregular_7q_spread__seed7,synthetic_irregular_7q_spread,irregular,True,"id,rz,sx,x,ecr",spread,"0,2,3,4,6",7,2,lexicographic_native_2q_depth_duration,7,8,2.2857142857142856,3,1.8095238095238095,1.4444444444444444,2.0,1,qiskit,qiskit.Operator.equiv_global_phase,1e-10,True,VERIFIED,373,229,144,772,400,648,124,124,105,105,-20,-20,0.8611111111111112,6.936456599999992e-05,6.936456599999992e-05,0.25425598226521656,0.25425598226521656,0.25425598226521656,0.008140147000176512,,124105000.00006936,basic,100081000.00004573
v0.3.0,N5_x0.5_t0.08_r2_current,f9bba50919a22174a1fc067cec3c68dfad968d1fc758751ac4ccbb15d17805b6,8fce0abdbcb2e9a8f70c342ce15ae5cbd2d944a42e437502fede0d157c893389,N5_r2_current,5,5,0.5,0.08,2,current,373,268,229,144,25,1.72,4,1.6,2,1,N5_x0.5_t0.08_r2_current__synthetic_irregular_7q_spread__seed7,N5_x0.5_t0.08_r2_current__synthetic_irregular_7q_spread__seed7,synthetic_irregular_7q_spread,irregular,True,"id,rz,sx,x,ecr",spread,"0,2,3,4,6",7,2,lexicographic_native_2q_depth_duration,7,8,2.2857142857142856,3,1.8095238095238095,1.4444444444444444,2.0,1,basic,qiskit.Operator.equiv_global_phase,1e-10,True,VERIFIED,257,133,124,714,367,614,100,100,81,81,-24,-24,0.8064516129032258,4.573666199999999e-05,4.573666199999999e-05,0.22634300533592736,0.22634300533592736,0.22634300533592736,0.08874275900006978,,100081000.00004573,basic,100081000.00004573
v0.3.0,N5_x0.5_t0.08_r2_current,f9bba50919a22174a1fc067cec3c68dfad968d1fc758751ac4ccbb15d17805b6,8fce0abdbcb2e9a8f70c342ce15ae5cbd2d944a42e437502fede0d157c893389,N5_r2_current,5,5,0.5,0.08,2,current,373,268,229,144,25,1.72,4,1.6,2,1,N5_x0.5_t0.08_r2_current__synthetic_irregular_7q_spread__seed7,N5_x0.5_t0.08_r2_current__synthetic_irregular_7q_spread__seed7,synthetic_irregular_7q_spread,irregular,True,"id,rz,sx,x,ecr",spread,"0,2,3,4,6",7,2,lexicographic_native_2q_depth_duration,7,8,2.2857142857142856,3,1.8095238095238095,1.4444444444444444,2.0,1,basic_swaps,qiskit.Operator.equiv_global_phase,1e-10,True,VERIFIED,257,133,124,714,367,614,100,100,81,81,-24,-24,0.8064516129032258,4.573666199999999e-05,4.573666199999999e-05,0.22634300533592736,0.22634300533592736,0.22634300533592736,0.09111721499994019,,100081000.00004573,basic,100081000.00004573
v0.3.0,N5_x0.5_t0.08_r2_current,f9bba50919a22174a1fc067cec3c68dfad968d1fc758751ac4ccbb15d17805b6,8fce0abdbcb2e9a8f70c342ce15ae5cbd2d944a42e437502fede0d157c893389,N5_r2_current,5,5,0.5,0.08,2,current,373,268,229,144,25,1.72,4,1.6,2,1,N5_x0.5_t0.08_r2_current__synthetic_irregular_7q_spread__seed7,N5_x0.5_t0.08_r2_current__synthetic_irregular_7q_spread__seed7,synthetic_irregular_7q_spread,irregular,True,"id,rz,sx,x,ecr",spread,"0,2,3,4,6",7,2,lexicographic_native_2q_depth_duration,7,8,2.2857142857142856,3,1.8095238095238095,1.4444444444444444,2.0,1,teleport,qiskit.Operator.equiv_global_phase,1e-10,True,VERIFIED,356,212,144,689,343,579,110,110,93,93,-34,-34,0.7638888888888888,6.065306399999996e-05,6.065306399999996e-05,0.22131564280796304,0.22131564280796304,0.22131564280796304,0.24796484000012242,,110093000.00006065,basic,100081000.00004573
v0.3.0,N5_x0.5_t0.08_r2_current,f9bba50919a22174a1fc067cec3c68dfad968d1fc758751ac4ccbb15d17805b6,8fce0abdbcb2e9a8f70c342ce15ae5cbd2d944a42e437502fede0d157c893389,N5_r2_current,5,5,0.5,0.08,2,current,373,268,229,144,25,1.72,4,1.6,2,1,N5_x0.5_t0.08_r2_current__synthetic_irregular_7q_spread__seed7,N5_x0.5_t0.08_r2_current__synthetic_irregular_7q_spread__seed7,synthetic_irregular_7q_spread,irregular,True,"id,rz,sx,x,ecr",spread,"0,2,3,4,6",7,2,lexicographic_native_2q_depth_duration,7,8,2.2857142857142856,3,1.8095238095238095,1.4444444444444444,2.0,1,full_reduce,qiskit.Operator.equiv_global_phase,1e-10,True,VERIFIED,335,222,113,1335,774,1135,200,200,179,179,87,87,1.7699115044247788,9.487702799999977e-05,9.487702799999977e-05,0.4912870574588711,0.4912870574588711,0.4912870574588711,0.24605279800016433,,200179000.0000949,basic,100081000.00004573
v0.3.0,N5_x0.5_t0.08_r2_current,f9bba50919a22174a1fc067cec3c68dfad968d1fc758751ac4ccbb15d17805b6,8fce0abdbcb2e9a8f70c342ce15ae5cbd2d944a42e437502fede0d157c893389,N5_r2_current,5,5,0.5,0.08,2,current,373,268,229,144,25,1.72,4,1.6,2,1,N5_x0.5_t0.08_r2_current__synthetic_irregular_7q_spread__seed7,N5_x0.5_t0.08_r2_current__synthetic_irregular_7q_spread__seed7,synthetic_irregular_7q_spread,irregular,True,"id,rz,sx,x,ecr",spread,"0,2,3,4,6",7,2,lexicographic_native_2q_depth_duration,7,8,2.2857142857142856,3,1.8095238095238095,1.4444444444444444,2.0,1,full_reduce_depth,qiskit.Operator.equiv_global_phase,1e-10,True,VERIFIED,328,222,106,1282,699,1095,187,187,162,162,81,81,1.7641509433962264,8.133280799999989e-05,8.133280799999989e-05,0.48857757576927,0.48857757576927,0.48857757576927,4.424056368000038,,187162000.00008133,basic,100081000.00004573
v0.3.0,N6_x2_t0.24_r1_current,5674e576e11ed7cde5ce4e4b98439e539bc497bca6e82c39dbe9c85e3aadffcc,673f2d126506bd6d05c0a636b96d707aaa84cf71d50cb096a1f6b81c618a0569,N6_r1_current,6,6,2.0,0.24,1,current,235,170,143,92,31,1.7419354838709677,5,1.6666666666666667,2,1,N6_x2_t0.24_r1_current__synthetic_line_8q_favorable__seed7,N6_x2_t0.24_r1_current__synthetic_line_8q_favorable__seed7,synthetic_line_8q_favorable,line,True,"id,rz,sx,x,ecr",favorable,"0,1,2,3,4,5",7,2,lexicographic_native_2q_depth_duration,8,7,1.75,7,3.0,1.0,1.0,1,qiskit,qiskit.Operator.equiv_global_phase,1e-10,True,VERIFIED,235,143,92,581,345,501,80,80,68,68,-12,-12,0.8695652173913043,3.595933799999998e-05,3.595933799999998e-05,0.21643163541137775,0.21643163541137775,0.21643163541137775,0.006502113999886205,,80068000.00003596,basic,62050000.000026956
v0.3.0,N6_x2_t0.24_r1_current,5674e576e11ed7cde5ce4e4b98439e539bc497bca6e82c39dbe9c85e3aadffcc,673f2d126506bd6d05c0a636b96d707aaa84cf71d50cb096a1f6b81c618a0569,N6_r1_current,6,6,2.0,0.24,1,current,235,170,143,92,31,1.7419354838709677,5,1.6666666666666667,2,1,N6_x2_t0.24_r1_current__synthetic_line_8q_favorable__seed7,N6_x2_t0.24_r1_current__synthetic_line_8q_favorable__seed7,synthetic_line_8q_favorable,line,True,"id,rz,sx,x,ecr",favorable,"0,1,2,3,4,5",7,2,lexicographic_native_2q_depth_duration,8,7,1.75,7,3.0,1.0,1.0,1,basic,qiskit.Operator.equiv_global_phase,1e-10,True,VERIFIED,165,85,80,485,248,423,62,62,50,50,-18,-18,0.775,2.6953242000000013e-05,2.6953242000000013e-05,0.16353852370717414,0.16353852370717414,0.16353852370717414,0.06884493800021119,,62050000.000026956,basic,62050000.000026956
v0.3.0,N6_x2_t0.24_r1_current,5674e576e11ed7cde5ce4e4b98439e539bc497bca6e82c39dbe9c85e3aadffcc,673f2d126506bd6d05c0a636b96d707aaa84cf71d50cb096a1f6b81c618a0569,N6_r1_current,6,6,2.0,0.24,1,current,235,170,143,92,31,1.7419354838709677,5,1.6666666666666667,2,1,N6_x2_t0.24_r1_current__synthetic_line_8q_favorable__seed7,N6_x2_t0.24_r1_current__synthetic_line_8q_favorable__seed7,synthetic_line_8q_favorable,line,True,"id,rz,sx,x,ecr",favorable,"0,1,2,3,4,5",7,2,lexicographic_native_2q_depth_duration,8,7,1.75,7,3.0,1.0,1.0,1,basic_swaps,qiskit.Operator.equiv_global_phase,1e-10,True,VERIFIED,165,85,80,485,248,423,62,62,50,50,-18,-18,0.775,2.6953242000000013e-05,2.6953242000000013e-05,0.16353852370717414,0.16353852370717414,0.16353852370717414,0.06777700599991476,,62050000.000026956,basic,62050000.000026956
v0.3.0,N6_x2_t0.24_r1_current,5674e576e11ed7cde5ce4e4b98439e539bc497bca6e82c39dbe9c85e3aadffcc,673f2d126506bd6d05c0a636b96d707aaa84cf71d50cb096a1f6b81c618a0569,N6_r1_current,6,6,2.0,0.24,1,current,235,170,143,92,31,1.7419354838709677,5,1.6666666666666667,2,1,N6_x2_t0.24_r1_current__synthetic_line_8q_favorable__seed7,N6_x2_t0.24_r1_current__synthetic_line_8q_favorable__seed7,synthetic_line_8q_favorable,line,True,"id,rz,sx,x,ecr",favorable,"0,1,2,3,4,5",7,2,lexicographic_native_2q_depth_duration,8,7,1.75,7,3.0,1.0,1.0,1,teleport,qiskit.Operator.equiv_global_phase,1e-10,True,VERIFIED,231,139,92,552,324,476,76,76,64,64,-16,-16,0.8260869565217391,3.425992799999998e-05,3.425992799999998e-05,0.20386879016393192,0.20386879016393192,0.20386879016393192,0.1558439929999622,,76064000.00003426,basic,62050000.000026956
v0.3.0,N6_x2_t0.24_r1_current,5674e576e11ed7cde5ce4e4b98439e539bc497bca6e82c39dbe9c85e3aadffcc,673f2d126506bd6d05c0a636b96d707aaa84cf71d50cb096a1f6b81c618a0569,N6_r1_current,6,6,2.0,0.24,1,current,235,170,143,92,31,1.7419354838709677,5,1.6666666666666667,2,1,N6_x2_t0.24_r1_current__synthetic_line_8q_favorable__seed7,N6_x2_t0.24_r1_current__synthetic_line_8q_favorable__seed7,synthetic_line_8q_favorable,line,True,"id,rz,sx,x,ecr",favorable,"0,1,2,3,4,5",7,2,lexicographic_native_2q_depth_duration,8,7,1.75,7,3.0,1.0,1.0,1,full_reduce,qiskit.Operator.equiv_global_phase,1e-10,True,VERIFIED,244,163,81,1107,550,952,155,155,123,123,74,74,1.9135802469135803,5.952019800000019e-05,5.952019800000019e-05,0.3815048297074096,0.3815048297074096,0.3815048297074096,0.15817547500000728,,155123000.00005952,basic,62050000.000026956
v0.3.0,N6_x2_t0.24_r1_current,5674e576e11ed7cde5ce4e4b98439e539bc497bca6e82c39dbe9c85e3aadffcc,673f2d126506bd6d05c0a636b96d707aaa84cf71d50cb096a1f6b81c618a0569,N6_r1_current,6,6,2.0,0.24,1,current,235,170,143,92,31,1.7419354838709677,5,1.6666666666666667,2,1,N6_x2_t0.24_r1_current__synthetic_line_8q_favorable__seed7,N6_x2_t0.24_r1_current__synthetic_line_8q_favorable__seed7,synthetic_line_8q_favorable,line,True,"id,rz,sx,x,ecr",favorable,"0,1,2,3,4,5",7,2,lexicographic_native_2q_depth_duration,8,7,1.75,7,3.0,1.0,1.0,1,full_reduce_depth,qiskit.Operator.equiv_global_phase,1e-10,True,VERIFIED,248,163,85,1209,598,1037,172,172,135,135,87,87,2.023529411764706,6.646102800000024e-05,6.646102800000024e-05,0.4312686633775339,0.4312686633775339,0.4312686633775339,3.11134916900005,,172135000.00006646,basic,62050000.000026956
v0.3.0,N6_x2_t0.24_r2_current,e8fc79db29abe657b58033c5e5627e9150dc250e2bdb2bf1134f6eadca7ea247,f2873a141bbf31a64072838851205fa523d9c722535816eb13ac5a8872e54b2b,N6_r2_current,6,6,2.0,0.24,2,current,469,340,285,184,31,1.7419354838709677,5,1.6666666666666667,2,1,N6_x2_t0.24_r2_current__synthetic_line_8q_spread__seed7,N6_x2_t0.24_r2_current__synthetic_line_8q_spread__seed7,synthetic_line_8q_spread,line,True,"id,rz,sx,x,ecr",spread,"0,1,3,4,6,7",7,2,lexicographic_native_2q_depth_duration,8,7,1.75,7,3.0,1.434782608695652,2.0,1,qiskit,qiskit.Operator.equiv_global_phase,1e-10,True,VERIFIED,469,285,184,1122,619,946,176,176,138,138,-8,-8,0.9565217391304348,6.575395800000022e-05,6.575395800000022e-05,0.43725730107733013,0.43725730107733013,0.43725730107733013,0.008834609999894383,,176138000.00006574,basic,140104000.00004736
v0.3.0,N6_x2_t0.24_r2_current,e8fc79db29abe657b58033c5e5627e9150dc250e2bdb2bf1134f6eadca7ea247,f2873a141bbf31a64072838851205fa523d9c722535816eb13ac5a8872e54b2b,N6_r2_current,6,6,2.0,0.24,2,current,469,340,285,184,31,1.7419354838709677,5,1.6666666666666667,2,1,N6_x2_t0.24_r2_current__synthetic_line_8q_spread__seed7,N6_x2_t0.24_r2_current__synthetic_line_8q_spread__seed7,synthetic_line_8q_spread,line,True,"id,rz,sx,x,ecr",spread,"0,1,3,4,6,7",7,2,lexicographic_native_2q_depth_duration,8,7,1.75,7,3.0,1.434782608695652,2.0,1,basic,qiskit.Operator.equiv_global_phase,1e-10,True,VERIFIED,324,164,160,938,451,798,140,140,104,104,-20,-20,0.875,4.7364588000000045e-05,4.7364588000000045e-05,0.36759107622761167,0.36759107622761167,0.36759107622761167,0.1354716579999149,,140104000.00004736,basic,140104000.00004736
v0.3.0,N6_x2_t0.24_r2_current,e8fc79db29abe657b58033c5e5627e9150dc250e2bdb2bf1134f6eadca7ea247,f2873a141bbf31a64072838851205fa523d9c722535816eb13ac5a8872e54b2b,N6_r2_current,6,6,2.0,0.24,2,current,469,340,285,184,31,1.7419354838709677,5,1.6666666666666667,2,1,N6_x2_t0.24_r2_current__synthetic_line_8q_spread__seed7,N6_x2_t0.24_r2_current__synthetic_line_8q_spread__seed7,synthetic_line_8q_spread,line,True,"id,rz,sx,x,ecr",spread,"0,1,3,4,6,7",7,2,lexicographic_native_2q_depth_duration,8,7,1.75,7,3.0,1.434782608695652,2.0,1,basic_swaps,qiskit.Operator.equiv_global_phase,1e-10,True,VERIFIED,324,164,160,938,451,798,140,140,104,104,-20,-20,0.875,4.7364588000000045e-05,4.7364588000000045e-05,0.36759107622761167,0.36759107622761167,0.36759107622761167,0.13318987699994977,,140104000.00004736,basic,140104000.00004736
v0.3.0,N6_x2_t0.24_r2_current,e8fc79db29abe657b58033c5e5627e9150dc250e2bdb2bf1134f6eadca7ea247,f2873a141bbf31a64072838851205fa523d9c722535816eb13ac5a8872e54b2b,N6_r2_current,6,6,2.0,0.24,2,current,469,340,285,184,31,1.7419354838709677,5,1.6666666666666667,2,1,N6_x2_t0.24_r2_current__synthetic_line_8q_spread__seed7,N6_x2_t0.24_r2_current__synthetic_line_8q_spread__seed7,synthetic_line_8q_spread,line,True,"id,rz,sx,x,ecr",spread,"0,1,3,4,6,7",7,2,lexicographic_native_2q_depth_duration,8,7,1.75,7,3.0,1.434782608695652,2.0,1,teleport,qiskit.Operator.equiv_global_phase,1e-10,True,VERIFIED,450,266,184,1024,559,864,160,160,126,126,-24,-24,0.8695652173913043,6.0540288000000204e-05,6.0540288000000204e-05,0.39836515220025,0.39836515220025,0.39836515220025,0.3539383069999076,,160126000.00006053,basic,140104000.00004736
v0.3.0,N6_x2_t0.24_r2_current,e8fc79db29abe657b58033c5e5627e9150dc250e2bdb2bf1134f6eadca7ea247,f2873a141bbf31a64072838851205fa523d9c722535816eb13ac5a8872e54b2b,N6_r2_current,6,6,2.0,0.24,2,current,469,340,285,184,31,1.7419354838709677,5,1.6666666666666667,2,1,N6_x2_t0.24_r2_current__synthetic_line_8q_spread__seed7,N6_x2_t0.24_r2_current__synthetic_line_8q_spread__seed7,synthetic_line_8q_spread,line,True,"id,rz,sx,x,ecr",spread,"0,1,3,4,6,7",7,2,lexicographic_native_2q_depth_duration,8,7,1.75,7,3.0,1.434782608695652,2.0,1,full_reduce,qiskit.Operator.equiv_global_phase,1e-10,True,VERIFIED,422,280,142,2108,1055,1800,308,308,233,233,166,166,2.1690140845070425,0.0001170403980000006,0.0001170403980000006,0.724038044799284,0.724038044799284,0.724038044799284,0.36230165999995734,,308233000.00011706,basic,140104000.00004736
v0.3.0,N6_x2_t0.24_r2_current,e8fc79db29abe657b58033c5e5627e9150dc250e2bdb2bf1134f6eadca7ea247,f2873a141bbf31a64072838851205fa523d9c722535816eb13ac5a8872e54b2b,N6_r2_current,6,6,2.0,0.24,2,current,469,340,285,184,31,1.7419354838709677,5,1.6666666666666667,2,1,N6_x2_t0.24_r2_current__synthetic_line_8q_spread__seed7,N6_x2_t0.24_r2_current__synthetic_line_8q_spread__seed7,synthetic_line_8q_spread,line,True,"id,rz,sx,x,ecr",spread,"0,1,3,4,6,7",7,2,lexicographic_native_2q_depth_duration,8,7,1.75,7,3.0,1.434782608695652,2.0,1,full_reduce_depth,qiskit.Operator.equiv_global_phase,1e-10,True,VERIFIED,425,280,145,1988,966,1680,308,308,234,234,163,163,2.1241379310344826,0.00011321778000000025,0.00011321778000000025,0.7453112959137372,0.7453112959137372,0.7453112959137372,18.55278525300014,,308234000.0001132,basic,140104000.00004736
v0.3.0,N6_x2_t0.24_r4_current,11917b6d9db4ec58f18384b3e34529b1823f5609fb71679e29b7f5856b29e04b,d8ad6f6fe282c266eae1c592f37c36ce9e15259a5ce547902e0ff453e1d3a1ca,N6_r4_current,6,6,2.0,0.24,4,current,937,680,569,368,31,1.7419354838709677,5,1.6666666666666667,2,1,N6_x2_t0.24_r4_current__synthetic_line_8q_favorable__seed7,N6_x2_t0.24_r4_current__synthetic_line_8q_favorable__seed7,synthetic_line_8q_favorable,line,True,"id,rz,sx,x,ecr",favorable,"0,1,2,3,4,5",7,2,lexicographic_native_2q_depth_duration,8,7,1.75,7,3.0,1.0,1.0,1,qiskit,qiskit.Operator.equiv_global_phase,1e-10,True,VERIFIED,937,569,368,2260,1373,1946,314,314,266,266,-54,-54,0.8532608695652174,0.00013514227800000048,0.00013514227800000048,0.8513023408426956,0.8513023408426956,0.8513023408426956,0.010288214999945922,,314266000.0001351,basic,242194000.0000983
v0.3.0,N6_x2_t0.24_r4_current,11917b6d9db4ec58f18384b3e34529b1823f5609fb71679e29b7f5856b29e04b,d8ad6f6fe282c266eae1c592f37c36ce9e15259a5ce547902e0ff453e1d3a1ca,N6_r4_current,6,6,2.0,0.24,4,current,937,680,569,368,31,1.7419354838709677,5,1.6666666666666667,2,1,N6_x2_t0.24_r4_current__synthetic_line_8q_favorable__seed7,N6_x2_t0.24_r4_current__synthetic_line_8q_favorable__seed7,synthetic_line_8q_favorable,line,True,"id,rz,sx,x,ecr",favorable,"0,1,2,3,4,5",7,2,lexicographic_native_2q_depth_duration,8,7,1.75,7,3.0,1.0,1.0,1,basic,qiskit.Operator.equiv_global_phase,1e-10,True,VERIFIED,642,322,320,1822,949,1580,242,242,194,194,-78,-78,0.75625,9.829938000000038e-05,9.829938000000038e-05,0.6397298940258811,0.6397298940258811,0.6397298940258811,0.26238281299993105,,242194000.0000983,basic,242194000.0000983
v0.3.0,N6_x2_t0.24_r4_current,11917b6d9db4ec58f18384b3e34529b1823f5609fb71679e29b7f5856b29e04b,d8ad6f6fe282c266eae1c592f37c36ce9e15259a5ce547902e0ff453e1d3a1ca,N6_r4_current,6,6,2.0,0.24,4,current,937,680,569,368,31,1.7419354838709677,5,1.6666666666666667,2,1,N6_x2_t0.24_r4_current__synthetic_line_8q_favorable__seed7,N6_x2_t0.24_r4_current__synthetic_line_8q_favorable__seed7,synthetic_line_8q_favorable,line,True,"id,rz,sx,x,ecr",favorable,"0,1,2,3,4,5",7,2,lexicographic_native_2q_depth_duration,8,7,1.75,7,3.0,1.0,1.0,1,basic_swaps,qiskit.Operator.equiv_global_phase,1e-10,True,VERIFIED,642,322,320,1822,949,1580,242,242,194,194,-78,-78,0.75625,9.829938000000038e-05,9.829938000000038e-05,0.6397298940258811,0.6397298940258811,0.6397298940258811,0.2635705410000355,,242194000.0000983,basic,242194000.0000983
v0.3.0,N6_x2_t0.24_r4_current,11917b6d9db4ec58f18384b3e34529b1823f5609fb71679e29b7f5856b29e04b,d8ad6f6fe282c266eae1c592f37c36ce9e15259a5ce547902e0ff453e1d3a1ca,N6_r4_current,6,6,2.0,0.24,4,current,937,680,569,368,31,1.7419354838709677,5,1.6666666666666667,2,1,N6_x2_t0.24_r4_current__synthetic_line_8q_favorable__seed7,N6_x2_t0.24_r4_current__synthetic_line_8q_favorable__seed7,synthetic_line_8q_favorable,line,True,"id,rz,sx,x,ecr",favorable,"0,1,2,3,4,5",7,2,lexicographic_native_2q_depth_duration,8,7,1.75,7,3.0,1.0,1.0,1,teleport,qiskit.Operator.equiv_global_phase,1e-10,True,VERIFIED,888,520,368,1954,1212,1680,274,274,238,238,-94,-94,0.7445652173913043,0.00012301575000000053,0.00012301575000000053,0.7128588251292911,0.7128588251292911,0.7128588251292911,0.9411360130000048,,274238000.000123,basic,242194000.0000983
v0.3.0,N6_x2_t0.24_r4_current,11917b6d9db4ec58f18384b3e34529b1823f5609fb71679e29b7f5856b29e04b,d8ad6f6fe282c266eae1c592f37c36ce9e15259a5ce547902e0ff453e1d3a1ca,N6_r4_current,6,6,2.0,0.24,4,current,937,680,569,368,31,1.7419354838709677,5,1.6666666666666667,2,1,N6_x2_t0.24_r4_current__synthetic_line_8q_favorable__seed7,N6_x2_t0.24_r4_current__synthetic_line_8q_favorable__seed7,synthetic_line_8q_favorable,line,True,"id,rz,sx,x,ecr",favorable,"0,1,2,3,4,5",7,2,lexicographic_native_2q_depth_duration,8,7,1.75,7,3.0,1.0,1.0,1,full_reduce,qiskit.Operator.equiv_global_phase,1e-10,True,VERIFIED,772,520,252,3853,1944,3281,572,572,463,463,320,320,2.2698412698412698,0.00023864489399999986,0.00023864489399999986,1.2965004958235273,1.2965004958235273,1.2965004958235273,0.8606896910000614,,572463000.0002387,basic,242194000.0000983
v0.3.0,N6_x2_t0.24_r4_current,11917b6d9db4ec58f18384b3e34529b1823f5609fb71679e29b7f5856b29e04b,d8ad6f6fe282c266eae1c592f37c36ce9e15259a5ce547902e0ff453e1d3a1ca,N6_r4_current,6,6,2.0,0.24,4,current,937,680,569,368,31,1.7419354838709677,5,1.6666666666666667,2,1,N6_x2_t0.24_r4_current__synthetic_line_8q_favorable__seed7,N6_x2_t0.24_r4_current__synthetic_line_8q_favorable__seed7,synthetic_line_8q_favorable,line,True,"id,rz,sx,x,ecr",favorable,"0,1,2,3,4,5",7,2,lexicographic_native_2q_depth_duration,8,7,1.75,7,3.0,1.0,1.0,1,full_reduce_depth,qiskit.Operator.equiv_global_phase,1e-10,True,VERIFIED,771,520,251,3428,1822,2954,474,474,398,398,223,223,1.8884462151394423,0.00020305762799999974,0.00020305762799999974,1.1648246153652864,1.1648246153652864,1.1648246153652864,27.120509533999893,,474398000.0002031,basic,242194000.0000983
v0.3.0,N6_x2_t0.24_r4_current,11917b6d9db4ec58f18384b3e34529b1823f5609fb71679e29b7f5856b29e04b,d8ad6f6fe282c266eae1c592f37c36ce9e15259a5ce547902e0ff453e1d3a1ca,N6_r4_current,6,6,2.0,0.24,4,current,937,680,569,368,31,1.7419354838709677,5,1.6666666666666667,2,1,N6_x2_t0.24_r4_current__synthetic_line_8q_spread__seed7,N6_x2_t0.24_r4_current__synthetic_line_8q_spread__seed7,synthetic_line_8q_spread,line,True,"id,rz,sx,x,ecr",spread,"0,1,3,4,6,7",7,2,lexicographic_native_2q_depth_duration,8,7,1.75,7,3.0,1.434782608695652,2.0,1,qiskit,qiskit.Operator.equiv_global_phase,1e-10,True,VERIFIED,937,569,368,2135,1210,1803,332,332,270,270,-36,-36,0.9021739130434783,0.00012713274000000074,0.00012713274000000074,0.8241740584661599,0.8241740584661599,0.8241740584661599,0.011411533999989842,,332270000.00012714,basic,260200000.00009
v0.3.0,N6_x2_t0.24_r4_current,11917b6d9db4ec58f18384b3e34529b1823f5609fb71679e29b7f5856b29e04b,d8ad6f6fe282c266eae1c592f37c36ce9e15259a5ce547902e0ff453e1d3a1ca,N6_r4_current,6,6,2.0,0.24,4,current,937,680,569,368,31,1.7419354838709677,5,1.6666666666666667,2,1,N6_x2_t0.24_r4_current__synthetic_line_8q_spread__seed7,N6_x2_t0.24_r4_current__synthetic_line_8q_spread__seed7,synthetic_line_8q_spread,line,True,"id,rz,sx,x,ecr",spread,"0,1,3,4,6,7",7,2,lexicographic_native_2q_depth_duration,8,7,1.75,7,3.0,1.434782608695652,2.0,1,basic,qiskit.Operator.equiv_global_phase,1e-10,True,VERIFIED,642,322,320,1750,869,1490,260,260,200,200,-60,-60,0.8125,8.999236200000026e-05,8.999236200000026e-05,0.684841608766725,0.684841608766725,0.684841608766725,0.25212558499993065,,260200000.00009,basic,260200000.00009
v0.3.0,N6_x2_t0.24_r4_current,11917b6d9db4ec58f18384b3e34529b1823f5609fb71679e29b7f5856b29e04b,d8ad6f6fe282c266eae1c592f37c36ce9e15259a5ce547902e0ff453e1d3a1ca,N6_r4_current,6,6,2.0,0.24,4,current,937,680,569,368,31,1.7419354838709677,5,1.6666666666666667,2,1,N6_x2_t0.24_r4_current__synthetic_line_8q_spread__seed7,N6_x2_t0.24_r4_current__synthetic_line_8q_spread__seed7,synthetic_line_8q_spread,line,True,"id,rz,sx,x,ecr",spread,"0,1,3,4,6,7",7,2,lexicographic_native_2q_depth_duration,8,7,1.75,7,3.0,1.434782608695652,2.0,1,basic_swaps,qiskit.Operator.equiv_global_phase,1e-10,True,VERIFIED,642,322,320,1750,869,1490,260,260,200,200,-60,-60,0.8125,8.999236200000026e-05,8.999236200000026e-05,0.684841608766725,0.684841608766725,0.684841608766725,0.32159278000017366,,260200000.00009,basic,260200000.00009
v0.3.0,N6_x2_t0.24_r4_current,11917b6d9db4ec58f18384b3e34529b1823f5609fb71679e29b7f5856b29e04b,d8ad6f6fe282c266eae1c592f37c36ce9e15259a5ce547902e0ff453e1d3a1ca,N6_r4_current,6,6,2.0,0.24,4,current,937,680,569,368,31,1.7419354838709677,5,1.6666666666666667,2,1,N6_x2_t0.24_r4_current__synthetic_line_8q_spread__seed7,N6_x2_t0.24_r4_current__synthetic_line_8q_spread__seed7,synthetic_line_8q_spread,line,True,"id,rz,sx,x,ecr",spread,"0,1,3,4,6,7",7,2,lexicographic_native_2q_depth_duration,8,7,1.75,7,3.0,1.434782608695652,2.0,1,teleport,qiskit.Operator.equiv_global_phase,1e-10,True,VERIFIED,888,520,368,1881,1067,1589,292,292,242,242,-76,-76,0.7934782608695652,0.0001149169680000005,0.0001149169680000005,0.7273855014151636,0.7273855014151636,0.7273855014151636,0.9010016889999406,,292242000.0001149,basic,260200000.00009
v0.3.0,N6_x2_t0.24_r4_current,11917b6d9db4ec58f18384b3e34529b1823f5609fb71679e29b7f5856b29e04b,d8ad6f6fe282c266eae1c592f37c36ce9e15259a5ce547902e0ff453e1d3a1ca,N6_r4_current,6,6,2.0,0.24,4,current,937,680,569,368,31,1.7419354838709677,5,1.6666666666666667,2,1,N6_x2_t0.24_r4_current__synthetic_line_8q_spread__seed7,N6_x2_t0.24_r4_current__synthetic_line_8q_spread__seed7,synthetic_line_8q_spread,line,True,"id,rz,sx,x,ecr",spread,"0,1,3,4,6,7",7,2,lexicographic_native_2q_depth_duration,8,7,1.75,7,3.0,1.434782608695652,2.0,1,full_reduce,qiskit.Operator.equiv_global_phase,1e-10,True,VERIFIED,772,520,252,3885,1989,3317,568,568,459,459,316,316,2.253968253968254,0.00022227527999999983,0.00022227527999999983,1.3364657918723806,1.3364657918723806,1.3364657918723806,0.9274901329999921,,568459000.0002223,basic,260200000.00009
v0.3.0,N6_x2_t0.24_r4_current,11917b6d9db4ec58f18384b3e34529b1823f5609fb71679e29b7f5856b29e04b,d8ad6f6fe282c266eae1c592f37c36ce9e15259a5ce547902e0ff453e1d3a1ca,N6_r4_current,6,6,2.0,0.24,4,current,937,680,569,368,31,1.7419354838709677,5,1.6666666666666667,2,1,N6_x2_t0.24_r4_current__synthetic_line_8q_spread__seed7,N6_x2_t0.24_r4_current__synthetic_line_8q_spread__seed7,synthetic_line_8q_spread,line,True,"id,rz,sx,x,ecr",spread,"0,1,3,4,6,7",7,2,lexicographic_native_2q_depth_duration,8,7,1.75,7,3.0,1.434782608695652,2.0,1,full_reduce_depth,qiskit.Operator.equiv_global_phase,1e-10,True,VERIFIED,771,520,251,3455,1790,2945,510,510,407,407,259,259,2.0318725099601593,0.0001991222340000008,0.0001991222340000008,1.208774959067487,1.208774959067487,1.208774959067487,28.395175325999844,,510407000.00019914,basic,260200000.00009
v0.3.0,N6_x2_t0.24_r4_current,11917b6d9db4ec58f18384b3e34529b1823f5609fb71679e29b7f5856b29e04b,d8ad6f6fe282c266eae1c592f37c36ce9e15259a5ce547902e0ff453e1d3a1ca,N6_r4_current,6,6,2.0,0.24,4,current,937,680,569,368,31,1.7419354838709677,5,1.6666666666666667,2,1,N6_x2_t0.24_r4_current__synthetic_ring_8q_transpiler__seed7,N6_x2_t0.24_r4_current__synthetic_ring_8q_transpiler__seed7,synthetic_ring_8q_transpiler,ring,True,"id,rz,sx,x,ecr",transpiler,transpiler,7,2,lexicographic_native_2q_depth_duration,8,8,2.0,4,2.2857142857142856,1.0,1.0,1,qiskit,qiskit.Operator.equiv_global_phase,1e-10,True,VERIFIED,937,569,368,1817,953,1503,314,314,266,266,-54,-54,0.8532608695652174,8.228851800000023e-05,8.228851800000023e-05,0.8847783524825529,0.8847783524825529,0.8847783524825529,0.01085508299979665,,314266000.0000823,basic,242194000.00006115
v0.3.0,N6_x2_t0.24_r4_current,11917b6d9db4ec58f18384b3e34529b1823f5609fb71679e29b7f5856b29e04b,d8ad6f6fe282c266eae1c592f37c36ce9e15259a5ce547902e0ff453e1d3a1ca,N6_r4_current,6,6,2.0,0.24,4,current,937,680,569,368,31,1.7419354838709677,5,1.6666666666666667,2,1,N6_x2_t0.24_r4_current__synthetic_ring_8q_transpiler__seed7,N6_x2_t0.24_r4_current__synthetic_ring_8q_transpiler__seed7,synthetic_ring_8q_transpiler,ring,True,"id,rz,sx,x,ecr",transpiler,transpiler,7,2,lexicographic_native_2q_depth_duration,8,8,2.0,4,2.2857142857142856,1.0,1.0,1,basic,qiskit.Operator.equiv_global_phase,1e-10,True,VERIFIED,642,322,320,1594,820,1352,242,242,194,194,-78,-78,0.75625,6.11407980000001e-05,6.11407980000001e-05,0.7325525156751481,0.7325525156751481,0.7325525156751481,0.25745218600013686,,242194000.00006115,basic,242194000.00006115
v0.3.0,N6_x2_t0.24_r4_current,11917b6d9db4ec58f18384b3e34529b1823f5609fb71679e29b7f5856b29e04b,d8ad6f6fe282c266eae1c592f37c36ce9e15259a5ce547902e0ff453e1d3a1ca,N6_r4_current,6,6,2.0,0.24,4,current,937,680,569,368,31,1.7419354838709677,5,1.6666666666666667,2,1,N6_x2_t0.24_r4_current__synthetic_ring_8q_transpiler__seed7,N6_x2_t0.24_r4_current__synthetic_ring_8q_transpiler__seed7,synthetic_ring_8q_transpiler,ring,True,"id,rz,sx,x,ecr",transpiler,transpiler,7,2,lexicographic_native_2q_depth_duration,8,8,2.0,4,2.2857142857142856,1.0,1.0,1,basic_swaps,qiskit.Operator.equiv_global_phase,1e-10,True,VERIFIED,642,322,320,1594,820,1352,242,242,194,194,-78,-78,0.75625,6.11407980000001e-05,6.11407980000001e-05,0.7325525156751481,0.7325525156751481,0.7325525156751481,0.26221714899998005,,242194000.00006115,basic,242194000.00006115
v0.3.0,N6_x2_t0.24_r4_current,11917b6d9db4ec58f18384b3e34529b1823f5609fb71679e29b7f5856b29e04b,d8ad6f6fe282c266eae1c592f37c36ce9e15259a5ce547902e0ff453e1d3a1ca,N6_r4_current,6,6,2.0,0.24,4,current,937,680,569,368,31,1.7419354838709677,5,1.6666666666666667,2,1,N6_x2_t0.24_r4_current__synthetic_ring_8q_transpiler__seed7,N6_x2_t0.24_r4_current__synthetic_ring_8q_transpiler__seed7,synthetic_ring_8q_transpiler,ring,True,"id,rz,sx,x,ecr",transpiler,transpiler,7,2,lexicographic_native_2q_depth_duration,8,8,2.0,4,2.2857142857142856,1.0,1.0,1,teleport,qiskit.Operator.equiv_global_phase,1e-10,True,VERIFIED,888,520,368,1575,813,1301,274,274,238,238,-94,-94,0.7445652173913043,7.327198800000017e-05,7.327198800000017e-05,0.7519986340008646,0.7519986340008646,0.7519986340008646,0.905227061000005,,274238000.00007325,basic,242194000.00006115
v0.3.0,N6_x2_t0.24_r4_current,11917b6d9db4ec58f18384b3e34529b1823f5609fb71679e29b7f5856b29e04b,d8ad6f6fe282c266eae1c592f37c36ce9e15259a5ce547902e0ff453e1d3a1ca,N6_r4_current,6,6,2.0,0.24,4,current,937,680,569,368,31,1.7419354838709677,5,1.6666666666666667,2,1,N6_x2_t0.24_r4_current__synthetic_ring_8q_transpiler__seed7,N6_x2_t0.24_r4_current__synthetic_ring_8q_transpiler__seed7,synthetic_ring_8q_transpiler,ring,True,"id,rz,sx,x,ecr",transpiler,transpiler,7,2,lexicographic_native_2q_depth_duration,8,8,2.0,4,2.2857142857142856,1.0,1.0,1,full_reduce,qiskit.Operator.equiv_global_phase,1e-10,True,VERIFIED,772,520,252,3662,1826,3118,544,544,433,433,292,292,2.1587301587301586,0.0002210571659999994,0.0002210571659999994,1.3322060079984788,1.3322060079984788,1.3322060079984788,0.8762732440000036,,544433000.000221,basic,242194000.00006115
v0.3.0,N6_x2_t0.24_r4_current,11917b6d9db4ec58f18384b3e34529b1823f5609fb71679e29b7f5856b29e04b,d8ad6f6fe282c266eae1c592f37c36ce9e15259a5ce547902e0ff453e1d3a1ca,N6_r4_current,6,6,2.0,0.24,4,current,937,680,569,368,31,1.7419354838709677,5,1.6666666666666667,2,1,N6_x2_t0.24_r4_current__synthetic_ring_8q_transpiler__seed7,N6_x2_t0.24_r4_current__synthetic_ring_8q_transpiler__seed7,synthetic_ring_8q_transpiler,ring,True,"id,rz,sx,x,ecr",transpiler,transpiler,7,2,lexicographic_native_2q_depth_duration,8,8,2.0,4,2.2857142857142856,1.0,1.0,1,full_reduce_depth,qiskit.Operator.equiv_global_phase,1e-10,True,VERIFIED,771,520,251,3354,1752,2879,475,475,386,386,224,224,1.8924302788844622,0.00018962684999999962,0.00018962684999999962,1.1629164246594277,1.1629164246594277,1.1629164246594277,28.783480427999848,,475386000.0001896,basic,242194000.00006115
v0.3.0,N6_x2_t0.24_r4_current,11917b6d9db4ec58f18384b3e34529b1823f5609fb71679e29b7f5856b29e04b,d8ad6f6fe282c266eae1c592f37c36ce9e15259a5ce547902e0ff453e1d3a1ca,N6_r4_current,6,6,2.0,0.24,4,current,937,680,569,368,31,1.7419354838709677,5,1.6666666666666667,2,1,N6_x2_t0.24_r4_current__synthetic_grid_8q_transpiler__seed7,N6_x2_t0.24_r4_current__synthetic_grid_8q_transpiler__seed7,synthetic_grid_8q_transpiler,grid,True,"id,rz,sx,x,ecr",transpiler,transpiler,7,2,lexicographic_native_2q_depth_duration,8,10,2.5,4,2.0,1.6521739130434783,4.0,1,qiskit,qiskit.Operator.equiv_global_phase,1e-10,True,VERIFIED,937,569,368,2002,1167,1688,314,314,266,266,-54,-54,0.8532608695652174,0.00010517671800000038,0.00010517671800000038,0.8474496404421944,0.8474496404421944,0.8474496404421944,0.010639814999876762,,314266000.0001052,basic,242194000.00007805
v0.3.0,N6_x2_t0.24_r4_current,11917b6d9db4ec58f18384b3e34529b1823f5609fb71679e29b7f5856b29e04b,d8ad6f6fe282c266eae1c592f37c36ce9e15259a5ce547902e0ff453e1d3a1ca,N6_r4_current,6,6,2.0,0.24,4,current,937,680,569,368,31,1.7419354838709677,5,1.6666666666666667,2,1,N6_x2_t0.24_r4_current__synthetic_grid_8q_transpiler__seed7,N6_x2_t0.24_r4_current__synthetic_grid_8q_transpiler__seed7,synthetic_grid_8q_transpiler,grid,True,"id,rz,sx,x,ecr",transpiler,transpiler,7,2,lexicographic_native_2q_depth_duration,8,10,2.5,4,2.0,1.6521739130434783,4.0,1,basic,qiskit.Operator.equiv_global_phase,1e-10,True,VERIFIED,642,322,320,1651,874,1409,242,242,194,194,-78,-78,0.75625,7.804565400000026e-05,7.804565400000026e-05,0.6632953537311697,0.6632953537311697,0.6632953537311697,0.2526872060000187,,242194000.00007805,basic,242194000.00007805
v0.3.0,N6_x2_t0.24_r4_current,11917b6d9db4ec58f18384b3e34529b1823f5609fb71679e29b7f5856b29e04b,d8ad6f6fe282c266eae1c592f37c36ce9e15259a5ce547902e0ff453e1d3a1ca,N6_r4_current,6,6,2.0,0.24,4,current,937,680,569,368,31,1.7419354838709677,5,1.6666666666666667,2,1,N6_x2_t0.24_r4_current__synthetic_grid_8q_transpiler__seed7,N6_x2_t0.24_r4_current__synthetic_grid_8q_transpiler__seed7,synthetic_grid_8q_transpiler,grid,True,"id,rz,sx,x,ecr",transpiler,transpiler,7,2,lexicographic_native_2q_depth_duration,8,10,2.5,4,2.0,1.6521739130434783,4.0,1,basic_swaps,qiskit.Operator.equiv_global_phase,1e-10,True,VERIFIED,642,322,320,1651,874,1409,242,242,194,194,-78,-78,0.75625,7.804565400000026e-05,7.804565400000026e-05,0.6632953537311697,0.6632953537311697,0.6632953537311697,0.25795315300001675,,242194000.00007805,basic,242194000.00007805
v0.3.0,N6_x2_t0.24_r4_current,11917b6d9db4ec58f18384b3e34529b1823f5609fb71679e29b7f5856b29e04b,d8ad6f6fe282c266eae1c592f37c36ce9e15259a5ce547902e0ff453e1d3a1ca,N6_r4_current,6,6,2.0,0.24,4,current,937,680,569,368,31,1.7419354838709677,5,1.6666666666666667,2,1,N6_x2_t0.24_r4_current__synthetic_grid_8q_transpiler__seed7,N6_x2_t0.24_r4_current__synthetic_grid_8q_transpiler__seed7,synthetic_grid_8q_transpiler,grid,True,"id,rz,sx,x,ecr",transpiler,transpiler,7,2,lexicographic_native_2q_depth_duration,8,10,2.5,4,2.0,1.6521739130434783,4.0,1,teleport,qiskit.Operator.equiv_global_phase,1e-10,True,VERIFIED,888,520,368,1767,1027,1493,274,274,238,238,-94,-94,0.7445652173913043,9.264304200000025e-05,9.264304200000025e-05,0.7290170329362402,0.7290170329362402,0.7290170329362402,0.9471894860000702,,274238000.0000926,basic,242194000.00007805
v0.3.0,N6_x2_t0.24_r4_current,11917b6d9db4ec58f18384b3e34529b1823f5609fb71679e29b7f5856b29e04b,d8ad6f6fe282c266eae1c592f37c36ce9e15259a5ce547902e0ff453e1d3a1ca,N6_r4_current,6,6,2.0,0.24,4,current,937,680,569,368,31,1.7419354838709677,5,1.6666666666666667,2,1,N6_x2_t0.24_r4_current__synthetic_grid_8q_transpiler__seed7,N6_x2_t0.24_r4_current__synthetic_grid_8q_transpiler__seed7,synthetic_grid_8q_transpiler,grid,True,"id,rz,sx,x,ecr",transpiler,transpiler,7,2,lexicographic_native_2q_depth_duration,8,10,2.5,4,2.0,1.6521739130434783,4.0,1,full_reduce,qiskit.Operator.equiv_global_phase,1e-10,True,VERIFIED,772,520,252,2877,1509,2449,428,428,373,373,176,176,1.6984126984126984,0.00019817296199999942,0.00019817296199999942,1.115834581563319,1.115834581563319,1.115834581563319,0.8633082549999926,,428373000.0001982,basic,242194000.00007805
v0.3.0,N6_x2_t0.24_r4_current,11917b6d9db4ec58f18384b3e34529b1823f5609fb71679e29b7f5856b29e04b,d8ad6f6fe282c266eae1c592f37c36ce9e15259a5ce547902e0ff453e1d3a1ca,N6_r4_current,6,6,2.0,0.24,4,current,937,680,569,368,31,1.7419354838709677,5,1.6666666666666667,2,1,N6_x2_t0.24_r4_current__synthetic_grid_8q_transpiler__seed7,N6_x2_t0.24_r4_current__synthetic_grid_8q_transpiler__seed7,synthetic_grid_8q_transpiler,grid,True,"id,rz,sx,x,ecr",transpiler,transpiler,7,2,lexicographic_native_2q_depth_duration,8,10,2.5,4,2.0,1.6521739130434783,4.0,1,full_reduce_depth,qiskit.Operator.equiv_global_phase,1e-10,True,VERIFIED,771,520,251,2829,1469,2422,407,407,342,342,156,156,1.6215139442231075,0.00019048354799999992,0.00019048354799999992,0.955021188846379,0.955021188846379,0.955021188846379,29.47793711999998,,407342000.0001905,basic,242194000.00007805
v0.3.0,N6_x2_t0.24_r4_current,11917b6d9db4ec58f18384b3e34529b1823f5609fb71679e29b7f5856b29e04b,d8ad6f6fe282c266eae1c592f37c36ce9e15259a5ce547902e0ff453e1d3a1ca,N6_r4_current,6,6,2.0,0.24,4,current,937,680,569,368,31,1.7419354838709677,5,1.6666666666666667,2,1,N6_x2_t0.24_r4_current__synthetic_heavy_hex_like_8q_transpiler__seed7,N6_x2_t0.24_r4_current__synthetic_heavy_hex_like_8q_transpiler__seed7,synthetic_heavy_hex_like_8q_transpiler,heavy_hex_like,True,"id,rz,sx,x,ecr",transpiler,transpiler,7,2,lexicographic_native_2q_depth_duration,8,9,2.25,5,2.2857142857142856,1.0,1.0,1,qiskit,qiskit.Operator.equiv_global_phase,1e-10,True,VERIFIED,937,569,368,2022,1157,1708,314,314,266,266,-54,-54,0.8532608695652174,7.786672200000034e-05,7.786672200000034e-05,0.5738482412612799,0.5738482412612799,0.5738482412612799,0.011554744000022765,,314266000.00007784,basic,242194000.00005445
v0.3.0,N6_x2_t0.24_r4_current,11917b6d9db4ec58f18384b3e34529b1823f5609fb71679e29b7f5856b29e04b,d8ad6f6fe282c266eae1c592f37c36ce9e15259a5ce547902e0ff453e1d3a1ca,N6_r4_current,6,6,2.0,0.24,4,current,937,680,569,368,31,1.7419354838709677,5,1.6666666666666667,2,1,N6_x2_t0.24_r4_current__synthetic_heavy_hex_like_8q_transpiler__seed7,N6_x2_t0.24_r4_current__synthetic_heavy_hex_like_8q_transpiler__seed7,synthetic_heavy_hex_like_8q_transpiler,heavy_hex_like,True,"id,rz,sx,x,ecr",transpiler,transpiler,7,2,lexicographic_native_2q_depth_duration,8,9,2.25,5,2.2857142857142856,1.0,1.0,1,basic,qiskit.Operator.equiv_global_phase,1e-10,True,VERIFIED,642,322,320,1714,908,1472,242,242,194,194,-78,-78,0.75625,5.445460200000005e-05,5.445460200000005e-05,0.5071718784726783,0.5071718784726783,0.5071718784726783,0.27383850799992615,,242194000.00005445,basic,242194000.00005445
v0.3.0,N6_x2_t0.24_r4_current,11917b6d9db4ec58f18384b3e34529b1823f5609fb71679e29b7f5856b29e04b,d8ad6f6fe282c266eae1c592f37c36ce9e15259a5ce547902e0ff453e1d3a1ca,N6_r4_current,6,6,2.0,0.24,4,current,937,680,569,368,31,1.7419354838709677,5,1.6666666666666667,2,1,N6_x2_t0.24_r4_current__synthetic_heavy_hex_like_8q_transpiler__seed7,N6_x2_t0.24_r4_current__synthetic_heavy_hex_like_8q_transpiler__seed7,synthetic_heavy_hex_like_8q_transpiler,heavy_hex_like,True,"id,rz,sx,x,ecr",transpiler,transpiler,7,2,lexicographic_native_2q_depth_duration,8,9,2.25,5,2.2857142857142856,1.0,1.0,1,basic_swaps,qiskit.Operator.equiv_global_phase,1e-10,True,VERIFIED,642,322,320,1714,908,1472,242,242,194,194,-78,-78,0.75625,5.445460200000005e-05,5.445460200000005e-05,0.5071718784726783,0.5071718784726783,0.5071718784726783,0.3521212480000031,,242194000.00005445,basic,242194000.00005445
v0.3.0,N6_x2_t0.24_r4_current,11917b6d9db4ec58f18384b3e34529b1823f5609fb71679e29b7f5856b29e04b,d8ad6f6fe282c266eae1c592f37c36ce9e15259a5ce547902e0ff453e1d3a1ca,N6_r4_current,6,6,2.0,0.24,4,current,937,680,569,368,31,1.7419354838709677,5,1.6666666666666667,2,1,N6_x2_t0.24_r4_current__synthetic_heavy_hex_like_8q_transpiler__seed7,N6_x2_t0.24_r4_current__synthetic_heavy_hex_like_8q_transpiler__seed7,synthetic_heavy_hex_like_8q_transpiler,heavy_hex_like,True,"id,rz,sx,x,ecr",transpiler,transpiler,7,2,lexicographic_native_2q_depth_duration,8,9,2.25,5,2.2857142857142856,1.0,1.0,1,teleport,qiskit.Operator.equiv_global_phase,1e-10,True,VERIFIED,888,520,368,1787,1019,1513,274,274,238,238,-94,-94,0.7445652173913043,6.84985440000002e-05,6.84985440000002e-05,0.5002413516565767,0.5002413516565767,0.5002413516565767,0.9770599880000645,,274238000.0000685,basic,242194000.00005445
v0.3.0,N6_x2_t0.24_r4_current,11917b6d9db4ec58f18384b3e34529b1823f5609fb71679e29b7f5856b29e04b,d8ad6f6fe282c266eae1c592f37c36ce9e15259a5ce547902e0ff453e1d3a1ca,N6_r4_current,6,6,2.0,0.24,4,current,937,680,569,368,31,1.7419354838709677,5,1.6666666666666667,2,1,N6_x2_t0.24_r4_current__synthetic_heavy_hex_like_8q_transpiler__seed7,N6_x2_t0.24_r4_current__synthetic_heavy_hex_like_8q_transpiler__seed7,synthetic_heavy_hex_like_8q_transpiler,heavy_hex_like,True,"id,rz,sx,x,ecr",transpiler,transpiler,7,2,lexicographic_native_2q_depth_duration,8,9,2.25,5,2.2857142857142856,1.0,1.0,1,full_reduce,qiskit.Operator.equiv_global_phase,1e-10,True,VERIFIED,772,520,252,3272,1721,2800,472,472,400,400,220,220,1.873015873015873,0.0001501661279999999,0.0001501661279999999,1.2088471552363673,1.2088471552363673,1.2088471552363673,0.8849338030001945,,472400000.00015014,basic,242194000.00005445
v0.3.0,N6_x2_t0.24_r4_current,11917b6d9db4ec58f18384b3e34529b1823f5609fb71679e29b7f5856b29e04b,d8ad6f6fe282c266eae1c592f37c36ce9e15259a5ce547902e0ff453e1d3a1ca,N6_r4_current,6,6,2.0,0.24,4,current,937,680,569,368,31,1.7419354838709677,5,1.6666666666666667,2,1,N6_x2_t0.24_r4_current__synthetic_heavy_hex_like_8q_transpiler__seed7,N6_x2_t0.24_r4_current__synthetic_heavy_hex_like_8q_transpiler__seed7,synthetic_heavy_hex_like_8q_transpiler,heavy_hex_like,True,"id,rz,sx,x,ecr",transpiler,transpiler,7,2,lexicographic_native_2q_depth_duration,8,9,2.25,5,2.2857142857142856,1.0,1.0,1,full_reduce_depth,qiskit.Operator.equiv_global_phase,1e-10,True,VERIFIED,771,520,251,2831,1491,2432,399,399,339,339,148,148,1.5896414342629481,0.0001277128260000005,0.0001277128260000005,1.0127375054509467,1.0127375054509467,1.0127375054509467,30.96423353099999,,399339000.00012773,basic,242194000.00005445
v0.3.0,N6_x2_t0.24_r4_current,11917b6d9db4ec58f18384b3e34529b1823f5609fb71679e29b7f5856b29e04b,d8ad6f6fe282c266eae1c592f37c36ce9e15259a5ce547902e0ff453e1d3a1ca,N6_r4_current,6,6,2.0,0.24,4,current,937,680,569,368,31,1.7419354838709677,5,1.6666666666666667,2,1,N6_x2_t0.24_r4_current__synthetic_irregular_8q_favorable__seed7,N6_x2_t0.24_r4_current__synthetic_irregular_8q_favorable__seed7,synthetic_irregular_8q_favorable,irregular,True,"id,rz,sx,x,ecr",favorable,"0,1,2,3,4,5",7,2,lexicographic_native_2q_depth_duration,8,9,2.25,4,2.0714285714285716,1.0,1.0,1,qiskit,qiskit.Operator.equiv_global_phase,1e-10,True,VERIFIED,937,569,368,1890,989,1576,314,314,266,266,-54,-54,0.8532608695652174,0.0001333387500000001,0.0001333387500000001,0.6622165176856194,0.6622165176856194,0.6622165176856194,0.010065392000115025,,314266000.00013334,basic,242194000.00009117
v0.3.0,N6_x2_t0.24_r4_current,11917b6d9db4ec58f18384b3e34529b1823f5609fb71679e29b7f5856b29e04b,d8ad6f6fe282c266eae1c592f37c36ce9e15259a5ce547902e0ff453e1d3a1ca,N6_r4_current,6,6,2.0,0.24,4,current,937,680,569,368,31,1.7419354838709677,5,1.6666666666666667,2,1,N6_x2_t0.24_r4_current__synthetic_irregular_8q_favorable__seed7,N6_x2_t0.24_r4_current__synthetic_irregular_8q_favorable__seed7,synthetic_irregular_8q_favorable,irregular,True,"id,rz,sx,x,ecr",favorable,"0,1,2,3,4,5",7,2,lexicographic_native_2q_depth_duration,8,9,2.25,4,2.0714285714285716,1.0,1.0,1,basic,qiskit.Operator.equiv_global_phase,1e-10,True,VERIFIED,642,322,320,1670,864,1428,242,242,194,194,-78,-78,0.75625,9.117562200000012e-05,9.117562200000012e-05,0.5931951651012002,0.5931951651012002,0.5931951651012002,0.2633909460000723,,242194000.00009117,basic,242194000.00009117
v0.3.0,N6_x2_t0.24_r4_current,11917b6d9db4ec58f18384b3e34529b1823f5609fb71679e29b7f5856b29e04b,d8ad6f6fe282c266eae1c592f37c36ce9e15259a5ce547902e0ff453e1d3a1ca,N6_r4_current,6,6,2.0,0.24,4,current,937,680,569,368,31,1.7419354838709677,5,1.6666666666666667,2,1,N6_x2_t0.24_r4_current__synthetic_irregular_8q_favorable__seed7,N6_x2_t0.24_r4_current__synthetic_irregular_8q_favorable__seed7,synthetic_irregular_8q_favorable,irregular,True,"id,rz,sx,x,ecr",favorable,"0,1,2,3,4,5",7,2,lexicographic_native_2q_depth_duration,8,9,2.25,4,2.0714285714285716,1.0,1.0,1,basic_swaps,qiskit.Operator.equiv_global_phase,1e-10,True,VERIFIED,642,322,320,1670,864,1428,242,242,194,194,-78,-78,0.75625,9.117562200000012e-05,9.117562200000012e-05,0.5931951651012002,0.5931951651012002,0.5931951651012002,0.26436598699979186,,242194000.00009117,basic,242194000.00009117
v0.3.0,N6_x2_t0.24_r4_current,11917b6d9db4ec58f18384b3e34529b1823f5609fb71679e29b7f5856b29e04b,d8ad6f6fe282c266eae1c592f37c36ce9e15259a5ce547902e0ff453e1d3a1ca,N6_r4_current,6,6,2.0,0.24,4,current,937,680,569,368,31,1.7419354838709677,5,1.6666666666666667,2,1,N6_x2_t0.24_r4_current__synthetic_irregular_8q_favorable__seed7,N6_x2_t0.24_r4_current__synthetic_irregular_8q_favorable__seed7,synthetic_irregular_8q_favorable,irregular,True,"id,rz,sx,x,ecr",favorable,"0,1,2,3,4,5",7,2,lexicographic_native_2q_depth_duration,8,9,2.25,4,2.0714285714285716,1.0,1.0,1,teleport,qiskit.Operator.equiv_global_phase,1e-10,True,VERIFIED,888,520,368,1645,859,1371,274,274,238,238,-94,-94,0.7445652173913043,0.00012151658400000022,0.00012151658400000022,0.5559727764985656,0.5559727764985656,0.5559727764985656,0.8757060909999836,,274238000.00012153,basic,242194000.00009117
v0.3.0,N6_x2_t0.24_r4_current,11917b6d9db4ec58f18384b3e34529b1823f5609fb71679e29b7f5856b29e04b,d8ad6f6fe282c266eae1c592f37c36ce9e15259a5ce547902e0ff453e1d3a1ca,N6_r4_current,6,6,2.0,0.24,4,current,937,680,569,368,31,1.7419354838709677,5,1.6666666666666667,2,1,N6_x2_t0.24_r4_current__synthetic_irregular_8q_favorable__seed7,N6_x2_t0.24_r4_current__synthetic_irregular_8q_favorable__seed7,synthetic_irregular_8q_favorable,irregular,True,"id,rz,sx,x,ecr",favorable,"0,1,2,3,4,5",7,2,lexicographic_native_2q_depth_duration,8,9,2.25,4,2.0714285714285716,1.0,1.0,1,full_reduce,qiskit.Operator.equiv_global_phase,1e-10,True,VERIFIED,772,520,252,3026,1518,2567,459,459,377,377,207,207,1.8214285714285714,0.0001690658759999995,0.0001690658759999995,1.29715168680626,1.29715168680626,1.29715168680626,0.8630375290001666,,459377000.00016904,basic,242194000.00009117
v0.3.0,N6_x2_t0.24_r4_current,11917b6d9db4ec58f18384b3e34529b1823f5609fb71679e29b7f5856b29e04b,d8ad6f6fe282c266eae1c592f37c36ce9e15259a5ce547902e0ff453e1d3a1ca,N6_r4_current,6,6,2.0,0.24,4,current,937,680,569,368,31,1.7419354838709677,5,1.6666666666666667,2,1,N6_x2_t0.24_r4_current__synthetic_irregular_8q_favorable__seed7,N6_x2_t0.24_r4_current__synthetic_irregular_8q_favorable__seed7,synthetic_irregular_8q_favorable,irregular,True,"id,rz,sx,x,ecr",favorable,"0,1,2,3,4,5",7,2,lexicographic_native_2q_depth_duration,8,9,2.25,4,2.0714285714285716,1.0,1.0,1,full_reduce_depth,qiskit.Operator.equiv_global_phase,1e-10,True,VERIFIED,771,520,251,2934,1502,2485,449,449,379,379,198,198,1.7888446215139442,0.00017942328600000014,0.00017942328600000014,1.1670326940087836,1.1670326940087836,1.1670326940087836,31.084971259999975,,449379000.0001794,basic,242194000.00009117
v0.3.0,N6_x2_t0.24_r4_current,11917b6d9db4ec58f18384b3e34529b1823f5609fb71679e29b7f5856b29e04b,d8ad6f6fe282c266eae1c592f37c36ce9e15259a5ce547902e0ff453e1d3a1ca,N6_r4_current,6,6,2.0,0.24,4,current,937,680,569,368,31,1.7419354838709677,5,1.6666666666666667,2,1,N6_x2_t0.24_r4_current__synthetic_irregular_8q_spread__seed7,N6_x2_t0.24_r4_current__synthetic_irregular_8q_spread__seed7,synthetic_irregular_8q_spread,irregular,True,"id,rz,sx,x,ecr",spread,"0,1,3,4,6,7",7,2,lexicographic_native_2q_depth_duration,8,9,2.25,4,2.0714285714285716,1.434782608695652,2.0,1,qiskit,qiskit.Operator.equiv_global_phase,1e-10,True,VERIFIED,937,569,368,2120,1143,1793,327,327,267,267,-41,-41,0.8885869565217391,7.90875e-05,7.90875e-05,1.0149675447753608,1.0149675447753608,1.0149675447753608,0.010699681000005512,,327267000.0000791,basic,255198000.00006
v0.3.0,N6_x2_t0.24_r4_current,11917b6d9db4ec58f18384b3e34529b1823f5609fb71679e29b7f5856b29e04b,d8ad6f6fe282c266eae1c592f37c36ce9e15259a5ce547902e0ff453e1d3a1ca,N6_r4_current,6,6,2.0,0.24,4,current,937,680,569,368,31,1.7419354838709677,5,1.6666666666666667,2,1,N6_x2_t0.24_r4_current__synthetic_irregular_8q_spread__seed7,N6_x2_t0.24_r4_current__synthetic_irregular_8q_spread__seed7,synthetic_irregular_8q_spread,irregular,True,"id,rz,sx,x,ecr",spread,"0,1,3,4,6,7",7,2,lexicographic_native_2q_depth_duration,8,9,2.25,4,2.0714285714285716,1.434782608695652,2.0,1,basic,qiskit.Operator.equiv_global_phase,1e-10,True,VERIFIED,642,322,320,1780,877,1525,255,255,198,198,-65,-65,0.796875,5.9991059999999817e-05,5.9991059999999817e-05,0.7514364871259602,0.7514364871259602,0.7514364871259602,0.2590704290000758,,255198000.00006,basic,255198000.00006
v0.3.0,N6_x2_t0.24_r4_current,11917b6d9db4ec58f18384b3e34529b1823f5609fb71679e29b7f5856b29e04b,d8ad6f6fe282c266eae1c592f37c36ce9e15259a5ce547902e0ff453e1d3a1ca,N6_r4_current,6,6,2.0,0.24,4,current,937,680,569,368,31,1.7419354838709677,5,1.6666666666666667,2,1,N6_x2_t0.24_r4_current__synthetic_irregular_8q_spread__seed7,N6_x2_t0.24_r4_current__synthetic_irregular_8q_spread__seed7,synthetic_irregular_8q_spread,irregular,True,"id,rz,sx,x,ecr",spread,"0,1,3,4,6,7",7,2,lexicographic_native_2q_depth_duration,8,9,2.25,4,2.0714285714285716,1.434782608695652,2.0,1,basic_swaps,qiskit.Operator.equiv_global_phase,1e-10,True,VERIFIED,642,322,320,1780,877,1525,255,255,198,198,-65,-65,0.796875,5.9991059999999817e-05,5.9991059999999817e-05,0.7514364871259602,0.7514364871259602,0.7514364871259602,0.2589123519999248,,255198000.00006,basic,255198000.00006
v0.3.0,N6_x2_t0.24_r4_current,11917b6d9db4ec58f18384b3e34529b1823f5609fb71679e29b7f5856b29e04b,d8ad6f6fe282c266eae1c592f37c36ce9e15259a5ce547902e0ff453e1d3a1ca,N6_r4_current,6,6,2.0,0.24,4,current,937,680,569,368,31,1.7419354838709677,5,1.6666666666666667,2,1,N6_x2_t0.24_r4_current__synthetic_irregular_8q_spread__seed7,N6_x2_t0.24_r4_current__synthetic_irregular_8q_spread__seed7,synthetic_irregular_8q_spread,irregular,True,"id,rz,sx,x,ecr",spread,"0,1,3,4,6,7",7,2,lexicographic_native_2q_depth_duration,8,9,2.25,4,2.0714285714285716,1.434782608695652,2.0,1,teleport,qiskit.Operator.equiv_global_phase,1e-10,True,VERIFIED,888,520,368,1879,1034,1592,287,287,239,239,-81,-81,0.779891304347826,6.995930399999983e-05,6.995930399999983e-05,0.9121280482075214,0.9121280482075214,0.9121280482075214,0.938871502000211,,287239000.00007,basic,255198000.00006
v0.3.0,N6_x2_t0.24_r4_current,11917b6d9db4ec58f18384b3e34529b1823f5609fb71679e29b7f5856b29e04b,d8ad6f6fe282c266eae1c592f37c36ce9e15259a5ce547902e0ff453e1d3a1ca,N6_r4_current,6,6,2.0,0.24,4,current,937,680,569,368,31,1.7419354838709677,5,1.6666666666666667,2,1,N6_x2_t0.24_r4_current__synthetic_irregular_8q_spread__seed7,N6_x2_t0.24_r4_current__synthetic_irregular_8q_spread__seed7,synthetic_irregular_8q_spread,irregular,True,"id,rz,sx,x,ecr",spread,"0,1,3,4,6,7",7,2,lexicographic_native_2q_depth_duration,8,9,2.25,4,2.0714285714285716,1.434782608695652,2.0,1,full_reduce,qiskit.Operator.equiv_global_phase,1e-10,True,VERIFIED,772,520,252,3200,1539,2723,477,477,380,380,225,225,1.8928571428571428,0.0001999900319999997,0.0001999900319999997,1.2512110815239788,1.2512110815239788,1.2512110815239788,0.8748104569999668,,477380000.0002,basic,255198000.00006
v0.3.0,N6_x2_t0.24_r4_current,11917b6d9db4ec58f18384b3e34529b1823f5609fb71679e29b7f5856b29e04b,d8ad6f6fe282c266eae1c592f37c36ce9e15259a5ce547902e0ff453e1d3a1ca,N6_r4_current,6,6,2.0,0.24,4,current,937,680,569,368,31,1.7419354838709677,5,1.6666666666666667,2,1,N6_x2_t0.24_r4_current__synthetic_irregular_8q_spread__seed7,N6_x2_t0.24_r4_current__synthetic_irregular_8q_spread__seed7,synthetic_irregular_8q_spread,irregular,True,"id,rz,sx,x,ecr",spread,"0,1,3,4,6,7",7,2,lexicographic_native_2q_depth_duration,8,9,2.25,4,2.0714285714285716,1.434782608695652,2.0,1,full_reduce_depth,qiskit.Operator.equiv_global_phase,1e-10,True,VERIFIED,771,520,251,3124,1519,2655,469,469,379,379,218,218,1.8685258964143425,0.00017519574000000082,0.00017519574000000082,1.0805770748496364,1.0805770748496364,1.0805770748496364,31.800871675000053,,469379000.0001752,basic,255198000.00006
v0.3.0,N6_x2_t0.24_r8_current,1c000dbb03545990843f258f2cd99e62a98221c482c76d7c86deb19993107e91,deaf935266467950cd58176b219aee007813075ec88ef210e712ade79ff62e2a,N6_r8_current,6,6,2.0,0.24,8,current,1873,1360,1137,736,31,1.7419354838709677,5,1.6666666666666667,2,1,N6_x2_t0.24_r8_current__synthetic_grid_8q_transpiler__seed7,N6_x2_t0.24_r8_current__synthetic_grid_8q_transpiler__seed7,synthetic_grid_8q_transpiler,grid,True,"id,rz,sx,x,ecr",transpiler,transpiler,7,2,lexicographic_native_2q_depth_duration,8,10,2.5,4,2.0,1.6521739130434783,4.0,1,qiskit,qiskit.Operator.equiv_global_phase,1e-10,True,VERIFIED,1873,1137,736,3975,2263,3349,626,626,530,530,-110,-110,0.8505434782608695,0.0002086571339999977,0.0002086571339999977,1.6914457990713483,1.6914457990713483,1.6914457990713483,0.01513463099990986,,626530000.0002086,basic,482386000.00015426
v0.3.0,N6_x2_t0.24_r8_current,1c000dbb03545990843f258f2cd99e62a98221c482c76d7c86deb19993107e91,deaf935266467950cd58176b219aee007813075ec88ef210e712ade79ff62e2a,N6_r8_current,6,6,2.0,0.24,8,current,1873,1360,1137,736,31,1.7419354838709677,5,1.6666666666666667,2,1,N6_x2_t0.24_r8_current__synthetic_grid_8q_transpiler__seed7,N6_x2_t0.24_r8_current__synthetic_grid_8q_transpiler__seed7,synthetic_grid_8q_transpiler,grid,True,"id,rz,sx,x,ecr",transpiler,transpiler,7,2,lexicographic_native_2q_depth_duration,8,10,2.5,4,2.0,1.6521739130434783,4.0,1,basic,qiskit.Operator.equiv_global_phase,1e-10,True,VERIFIED,1278,638,640,3295,1727,2813,482,482,386,386,-158,-158,0.753125,0.00015423738599999986,0.00015423738599999986,1.3231372256492984,1.3231372256492984,1.3231372256492984,0.5098979510000845,,482386000.00015426,basic,482386000.00015426
v0.3.0,N6_x2_t0.24_r8_current,1c000dbb03545990843f258f2cd99e62a98221c482c76d7c86deb19993107e91,deaf935266467950cd58176b219aee007813075ec88ef210e712ade79ff62e2a,N6_r8_current,6,6,2.0,0.24,8,current,1873,1360,1137,736,31,1.7419354838709677,5,1.6666666666666667,2,1,N6_x2_t0.24_r8_current__synthetic_grid_8q_transpiler__seed7,N6_x2_t0.24_r8_current__synthetic_grid_8q_transpiler__seed7,synthetic_grid_8q_transpiler,grid,True,"id,rz,sx,x,ecr",transpiler,transpiler,7,2,lexicographic_native_2q_depth_duration,8,10,2.5,4,2.0,1.6521739130434783,4.0,1,basic_swaps,qiskit.Operator.equiv_global_phase,1e-10,True,VERIFIED,1278,638,640,3295,1727,2813,482,482,386,386,-158,-158,0.753125,0.00015423738599999986,0.00015423738599999986,1.3231372256492984,1.3231372256492984,1.3231372256492984,0.49774375299989515,,482386000.00015426,basic,482386000.00015426
v0.3.0,N6_x2_t0.24_r8_current,1c000dbb03545990843f258f2cd99e62a98221c482c76d7c86deb19993107e91,deaf935266467950cd58176b219aee007813075ec88ef210e712ade79ff62e2a,N6_r8_current,6,6,2.0,0.24,8,current,1873,1360,1137,736,31,1.7419354838709677,5,1.6666666666666667,2,1,N6_x2_t0.24_r8_current__synthetic_grid_8q_transpiler__seed7,N6_x2_t0.24_r8_current__synthetic_grid_8q_transpiler__seed7,synthetic_grid_8q_transpiler,grid,True,"id,rz,sx,x,ecr",transpiler,transpiler,7,2,lexicographic_native_2q_depth_duration,8,10,2.5,4,2.0,1.6521739130434783,4.0,1,teleport,qiskit.Operator.equiv_global_phase,1e-10,True,VERIFIED,1764,1028,736,3463,2060,2927,536,536,467,467,-200,-200,0.7282608695652174,0.00018231461399999857,0.00018231461399999857,1.4243931107745842,1.4243931107745842,1.4243931107745842,2.1911183099998652,,536467000.00018233,basic,482386000.00015426
v0.3.0,N6_x2_t0.24_r8_current,1c000dbb03545990843f258f2cd99e62a98221c482c76d7c86deb19993107e91,deaf935266467950cd58176b219aee007813075ec88ef210e712ade79ff62e2a,N6_r8_current,6,6,2.0,0.24,8,current,1873,1360,1137,736,31,1.7419354838709677,5,1.6666666666666667,2,1,N6_x2_t0.24_r8_current__synthetic_grid_8q_transpiler__seed7,N6_x2_t0.24_r8_current__synthetic_grid_8q_transpiler__seed7,synthetic_grid_8q_transpiler,grid,True,"id,rz,sx,x,ecr",transpiler,transpiler,7,2,lexicographic_native_2q_depth_duration,8,10,2.5,4,2.0,1.6521739130434783,4.0,1,full_reduce,qiskit.Operator.equiv_global_phase,1e-10,True,VERIFIED,1489,996,493,5468,2966,4663,805,805,703,703,312,312,1.6328600405679514,0.0003758420039999986,0.0003758420039999986,2.0209497461883754,2.0209497461883754,2.0209497461883754,2.202769026000169,,805703000.0003759,basic,482386000.00015426
v0.3.0,N6_x2_t0.24_r8_current,1c000dbb03545990843f258f2cd99e62a98221c482c76d7c86deb19993107e91,deaf935266467950cd58176b219aee007813075ec88ef210e712ade79ff62e2a,N6_r8_current,6,6,2.0,0.24,8,current,1873,1360,1137,736,31,1.7419354838709677,5,1.6666666666666667,2,1,N6_x2_t0.24_r8_current__synthetic_grid_8q_transpiler__seed7,N6_x2_t0.24_r8_current__synthetic_grid_8q_transpiler__seed7,synthetic_grid_8q_transpiler,grid,True,"id,rz,sx,x,ecr",transpiler,transpiler,7,2,lexicographic_native_2q_depth_duration,8,10,2.5,4,2.0,1.6521739130434783,4.0,1,full_reduce_depth,qiskit.Operator.equiv_global_phase,1e-10,True,VERIFIED,1479,996,483,5112,2614,4301,811,811,690,690,328,328,1.679089026915114,0.0003016897859999991,0.0003016897859999991,2.131191726354819,2.131191726354819,2.131191726354819,181.50583931999972,,811690000.0003017,basic,482386000.00015426
v0.3.0,N6_x1_t0.16_r2_reversed,7e7ba7b27f0d4349c27bb9528760a1317df1fcdf0509aeddb53977ba798da77e,3e6d0f2ff1367ecdcdf80c027f80a014b0b827c6ada6e255ffc043664ef7e52c,N6_r2_reversed,6,6,1.0,0.16,2,reversed,469,340,285,184,31,1.7419354838709677,5,1.6666666666666667,2,1,N6_x1_t0.16_r2_reversed__synthetic_heavy_hex_like_8q_transpiler__seed7,N6_x1_t0.16_r2_reversed__synthetic_heavy_hex_like_8q_transpiler__seed7,synthetic_heavy_hex_like_8q_transpiler,heavy_hex_like,True,"id,rz,sx,x,ecr",transpiler,transpiler,7,2,lexicographic_native_2q_depth_duration,8,9,2.25,5,2.2857142857142856,1.0,1.0,1,qiskit,qiskit.Operator.equiv_global_phase,1e-10,True,VERIFIED,469,285,184,1052,603,892,160,160,136,136,-24,-24,0.8695652173913043,5.383633200000015e-05,5.383633200000015e-05,0.3971344530974485,0.3971344530974485,0.3971344530974485,0.008153468000273278,,160136000.00005382,basic,136112000.00003228
v0.3.0,N6_x1_t0.16_r2_reversed,7e7ba7b27f0d4349c27bb9528760a1317df1fcdf0509aeddb53977ba798da77e,3e6d0f2ff1367ecdcdf80c027f80a014b0b827c6ada6e255ffc043664ef7e52c,N6_r2_reversed,6,6,1.0,0.16,2,reversed,469,340,285,184,31,1.7419354838709677,5,1.6666666666666667,2,1,N6_x1_t0.16_r2_reversed__synthetic_heavy_hex_like_8q_transpiler__seed7,N6_x1_t0.16_r2_reversed__synthetic_heavy_hex_like_8q_transpiler__seed7,synthetic_heavy_hex_like_8q_transpiler,heavy_hex_like,True,"id,rz,sx,x,ecr",transpiler,transpiler,7,2,lexicographic_native_2q_depth_duration,8,9,2.25,5,2.2857142857142856,1.0,1.0,1,basic,qiskit.Operator.equiv_global_phase,1e-10,True,VERIFIED,331,161,170,945,523,809,136,136,112,112,-34,-34,0.8,3.227835600000005e-05,3.227835600000005e-05,0.2714958849796755,0.2714958849796755,0.2714958849796755,0.13149254099971586,,136112000.00003228,basic,136112000.00003228
v0.3.0,N6_x1_t0.16_r2_reversed,7e7ba7b27f0d4349c27bb9528760a1317df1fcdf0509aeddb53977ba798da77e,3e6d0f2ff1367ecdcdf80c027f80a014b0b827c6ada6e255ffc043664ef7e52c,N6_r2_reversed,6,6,1.0,0.16,2,reversed,469,340,285,184,31,1.7419354838709677,5,1.6666666666666667,2,1,N6_x1_t0.16_r2_reversed__synthetic_heavy_hex_like_8q_transpiler__seed7,N6_x1_t0.16_r2_reversed__synthetic_heavy_hex_like_8q_transpiler__seed7,synthetic_heavy_hex_like_8q_transpiler,heavy_hex_like,True,"id,rz,sx,x,ecr",transpiler,transpiler,7,2,lexicographic_native_2q_depth_duration,8,9,2.25,5,2.2857142857142856,1.0,1.0,1,basic_swaps,qiskit.Operator.equiv_global_phase,1e-10,True,VERIFIED,331,161,170,945,523,809,136,136,112,112,-34,-34,0.8,3.227835600000005e-05,3.227835600000005e-05,0.2714958849796755,0.2714958849796755,0.2714958849796755,0.1293145879999429,,136112000.00003228,basic,136112000.00003228
v0.3.0,N6_x1_t0.16_r2_reversed,7e7ba7b27f0d4349c27bb9528760a1317df1fcdf0509aeddb53977ba798da77e,3e6d0f2ff1367ecdcdf80c027f80a014b0b827c6ada6e255ffc043664ef7e52c,N6_r2_reversed,6,6,1.0,0.16,2,reversed,469,340,285,184,31,1.7419354838709677,5,1.6666666666666667,2,1,N6_x1_t0.16_r2_reversed__synthetic_heavy_hex_like_8q_transpiler__seed7,N6_x1_t0.16_r2_reversed__synthetic_heavy_hex_like_8q_transpiler__seed7,synthetic_heavy_hex_like_8q_transpiler,heavy_hex_like,True,"id,rz,sx,x,ecr",transpiler,transpiler,7,2,lexicographic_native_2q_depth_duration,8,9,2.25,5,2.2857142857142856,1.0,1.0,1,teleport,qiskit.Operator.equiv_global_phase,1e-10,True,VERIFIED,443,259,184,925,532,785,140,140,124,124,-44,-44,0.7608695652173914,4.909729800000007e-05,4.909729800000007e-05,0.343294730886653,0.343294730886653,0.343294730886653,0.40161994500022047,,140124000.00004908,basic,136112000.00003228
v0.3.0,N6_x1_t0.16_r2_reversed,7e7ba7b27f0d4349c27bb9528760a1317df1fcdf0509aeddb53977ba798da77e,3e6d0f2ff1367ecdcdf80c027f80a014b0b827c6ada6e255ffc043664ef7e52c,N6_r2_reversed,6,6,1.0,0.16,2,reversed,469,340,285,184,31,1.7419354838709677,5,1.6666666666666667,2,1,N6_x1_t0.16_r2_reversed__synthetic_heavy_hex_like_8q_transpiler__seed7,N6_x1_t0.16_r2_reversed__synthetic_heavy_hex_like_8q_transpiler__seed7,synthetic_heavy_hex_like_8q_transpiler,heavy_hex_like,True,"id,rz,sx,x,ecr",transpiler,transpiler,7,2,lexicographic_native_2q_depth_duration,8,9,2.25,5,2.2857142857142856,1.0,1.0,1,full_reduce,qiskit.Operator.equiv_global_phase,1e-10,True,VERIFIED,391,261,130,1653,879,1429,224,224,188,188,94,94,1.7230769230769232,5.9150789999999914e-05,5.9150789999999914e-05,0.5334771142825688,0.5334771142825688,0.5334771142825688,0.32154196400006185,,224188000.00005916,basic,136112000.00003228
v0.3.0,N6_x1_t0.16_r2_reversed,7e7ba7b27f0d4349c27bb9528760a1317df1fcdf0509aeddb53977ba798da77e,3e6d0f2ff1367ecdcdf80c027f80a014b0b827c6ada6e255ffc043664ef7e52c,N6_r2_reversed,6,6,1.0,0.16,2,reversed,469,340,285,184,31,1.7419354838709677,5,1.6666666666666667,2,1,N6_x1_t0.16_r2_reversed__synthetic_heavy_hex_like_8q_transpiler__seed7,N6_x1_t0.16_r2_reversed__synthetic_heavy_hex_like_8q_transpiler__seed7,synthetic_heavy_hex_like_8q_transpiler,heavy_hex_like,True,"id,rz,sx,x,ecr",transpiler,transpiler,7,2,lexicographic_native_2q_depth_duration,8,9,2.25,5,2.2857142857142856,1.0,1.0,1,full_reduce_depth,qiskit.Operator.equiv_global_phase,1e-10,True,VERIFIED,385,261,124,1497,799,1295,202,202,168,168,78,78,1.6290322580645162,6.040220400000012e-05,6.040220400000012e-05,0.5005514168986981,0.5005514168986981,0.5005514168986981,17.914241034000042,,202168000.0000604,basic,136112000.00003228
v0.3.0,N6_x4_t0.32_r2_symmetry,10c94ee239653a068cec24e35ee4e3d08e1b8af56ad8685361f7159dac9a2303,22212664afc1417240d2159e660dfd5bef69af78a6080db0f12d8faa91232b09,N6_r2_symmetry,6,6,4.0,0.32,2,symmetry,469,240,285,184,31,1.7419354838709677,5,1.6666666666666667,2,1,N6_x4_t0.32_r2_symmetry__synthetic_irregular_8q_favorable__seed7,N6_x4_t0.32_r2_symmetry__synthetic_irregular_8q_favorable__seed7,synthetic_irregular_8q_favorable,irregular,True,"id,rz,sx,x,ecr",favorable,"0,1,2,3,4,5",7,2,lexicographic_native_2q_depth_duration,8,9,2.25,4,2.0714285714285716,1.0,1.0,1,qiskit,qiskit.Operator.equiv_global_phase,1e-10,True,VERIFIED,469,285,184,799,340,693,106,106,79,79,-78,-78,0.5760869565217391,4.4206638000000036e-05,4.4206638000000036e-05,0.24595381900555308,0.24595381900555308,0.24595381900555308,0.007930715999918903,,106079000.00004421,basic,82057000.00002755
v0.3.0,N6_x4_t0.32_r2_symmetry,10c94ee239653a068cec24e35ee4e3d08e1b8af56ad8685361f7159dac9a2303,22212664afc1417240d2159e660dfd5bef69af78a6080db0f12d8faa91232b09,N6_r2_symmetry,6,6,4.0,0.32,2,symmetry,469,240,285,184,31,1.7419354838709677,5,1.6666666666666667,2,1,N6_x4_t0.32_r2_symmetry__synthetic_irregular_8q_favorable__seed7,N6_x4_t0.32_r2_symmetry__synthetic_irregular_8q_favorable__seed7,synthetic_irregular_8q_favorable,irregular,True,"id,rz,sx,x,ecr",favorable,"0,1,2,3,4,5",7,2,lexicographic_native_2q_depth_duration,8,9,2.25,4,2.0714285714285716,1.0,1.0,1,basic,qiskit.Operator.equiv_global_phase,1e-10,True,VERIFIED,372,220,152,705,297,623,82,82,57,57,-70,-70,0.5394736842105263,2.7550422000000003e-05,2.7550422000000003e-05,0.2475746794008258,0.2475746794008258,0.2475746794008258,0.13592346799987354,,82057000.00002755,basic,82057000.00002755
v0.3.0,N6_x4_t0.32_r2_symmetry,10c94ee239653a068cec24e35ee4e3d08e1b8af56ad8685361f7159dac9a2303,22212664afc1417240d2159e660dfd5bef69af78a6080db0f12d8faa91232b09,N6_r2_symmetry,6,6,4.0,0.32,2,symmetry,469,240,285,184,31,1.7419354838709677,5,1.6666666666666667,2,1,N6_x4_t0.32_r2_symmetry__synthetic_irregular_8q_favorable__seed7,N6_x4_t0.32_r2_symmetry__synthetic_irregular_8q_favorable__seed7,synthetic_irregular_8q_favorable,irregular,True,"id,rz,sx,x,ecr",favorable,"0,1,2,3,4,5",7,2,lexicographic_native_2q_depth_duration,8,9,2.25,4,2.0714285714285716,1.0,1.0,1,basic_swaps,qiskit.Operator.equiv_global_phase,1e-10,True,VERIFIED,356,220,136,795,305,692,103,103,68,68,-33,-33,0.7573529411764706,3.3852114000000026e-05,3.3852114000000026e-05,0.3111619499226872,0.3111619499226872,0.3111619499226872,0.13303033000011055,,103068000.00003386,basic,82057000.00002755
v0.3.0,N6_x4_t0.32_r2_symmetry,10c94ee239653a068cec24e35ee4e3d08e1b8af56ad8685361f7159dac9a2303,22212664afc1417240d2159e660dfd5bef69af78a6080db0f12d8faa91232b09,N6_r2_symmetry,6,6,4.0,0.32,2,symmetry,469,240,285,184,31,1.7419354838709677,5,1.6666666666666667,2,1,N6_x4_t0.32_r2_symmetry__synthetic_irregular_8q_favorable__seed7,N6_x4_t0.32_r2_symmetry__synthetic_irregular_8q_favorable__seed7,synthetic_irregular_8q_favorable,irregular,True,"id,rz,sx,x,ecr",favorable,"0,1,2,3,4,5",7,2,lexicographic_native_2q_depth_duration,8,9,2.25,4,2.0714285714285716,1.0,1.0,1,teleport,qiskit.Operator.equiv_global_phase,1e-10,True,VERIFIED,461,277,184,803,339,697,106,106,79,79,-78,-78,0.5760869565217391,4.4206638000000036e-05,4.4206638000000036e-05,0.24595381900555308,0.24595381900555308,0.24595381900555308,0.2665259230002448,,106079000.00004421,basic,82057000.00002755
v0.3.0,N6_x4_t0.32_r2_symmetry,10c94ee239653a068cec24e35ee4e3d08e1b8af56ad8685361f7159dac9a2303,22212664afc1417240d2159e660dfd5bef69af78a6080db0f12d8faa91232b09,N6_r2_symmetry,6,6,4.0,0.32,2,symmetry,469,240,285,184,31,1.7419354838709677,5,1.6666666666666667,2,1,N6_x4_t0.32_r2_symmetry__synthetic_irregular_8q_favorable__seed7,N6_x4_t0.32_r2_symmetry__synthetic_irregular_8q_favorable__seed7,synthetic_irregular_8q_favorable,irregular,True,"id,rz,sx,x,ecr",favorable,"0,1,2,3,4,5",7,2,lexicographic_native_2q_depth_duration,8,9,2.25,4,2.0714285714285716,1.0,1.0,1,full_reduce,qiskit.Operator.equiv_global_phase,1e-10,True,VERIFIED,401,280,121,1163,537,1005,158,158,118,118,37,37,1.3057851239669422,5.2141806000000026e-05,5.2141806000000026e-05,0.4535571531829123,0.4535571531829123,0.4535571531829123,0.2613003890000982,,158118000.00005215,basic,82057000.00002755
v0.3.0,N6_x4_t0.32_r2_symmetry,10c94ee239653a068cec24e35ee4e3d08e1b8af56ad8685361f7159dac9a2303,22212664afc1417240d2159e660dfd5bef69af78a6080db0f12d8faa91232b09,N6_r2_symmetry,6,6,4.0,0.32,2,symmetry,469,240,285,184,31,1.7419354838709677,5,1.6666666666666667,2,1,N6_x4_t0.32_r2_symmetry__synthetic_irregular_8q_favorable__seed7,N6_x4_t0.32_r2_symmetry__synthetic_irregular_8q_favorable__seed7,synthetic_irregular_8q_favorable,irregular,True,"id,rz,sx,x,ecr",favorable,"0,1,2,3,4,5",7,2,lexicographic_native_2q_depth_duration,8,9,2.25,4,2.0714285714285716,1.0,1.0,1,full_reduce_depth,qiskit.Operator.equiv_global_phase,1e-10,True,VERIFIED,407,280,127,1195,534,1014,181,181,127,127,54,54,1.4251968503937007,6.039776399999997e-05,6.039776399999997e-05,0.4875950100295322,0.4875950100295322,0.4875950100295322,8.190497535999839,,181127000.0000604,basic,82057000.00002755
v0.3.0,N6_x0.5_t0.08_r2_current,6058dd93121e03e6927ade05d234020bb042a3cfb5f3131944426f4aa80d65e6,f2873a141bbf31a64072838851205fa523d9c722535816eb13ac5a8872e54b2b,N6_r2_current,6,6,0.5,0.08,2,current,469,340,285,184,31,1.7419354838709677,5,1.6666666666666667,2,1,N6_x0.5_t0.08_r2_current__synthetic_irregular_8q_spread__seed7,N6_x0.5_t0.08_r2_current__synthetic_irregular_8q_spread__seed7,synthetic_irregular_8q_spread,irregular,True,"id,rz,sx,x,ecr",spread,"0,1,3,4,6,7",7,2,lexicographic_native_2q_depth_duration,8,9,2.25,4,2.0714285714285716,1.434782608695652,2.0,1,qiskit,qiskit.Operator.equiv_global_phase,1e-10,True,VERIFIED,469,285,184,1133,593,962,171,171,135,135,-13,-13,0.9293478260869565,4.0945013999999966e-05,4.0945013999999966e-05,0.5237040219063097,0.5237040219063097,0.5237040219063097,0.008171511000000464,,171135000.00004095,basic,135102000.00003144
v0.3.0,N6_x0.5_t0.08_r2_current,6058dd93121e03e6927ade05d234020bb042a3cfb5f3131944426f4aa80d65e6,f2873a141bbf31a64072838851205fa523d9c722535816eb13ac5a8872e54b2b,N6_r2_current,6,6,0.5,0.08,2,current,469,340,285,184,31,1.7419354838709677,5,1.6666666666666667,2,1,N6_x0.5_t0.08_r2_current__synthetic_irregular_8q_spread__seed7,N6_x0.5_t0.08_r2_current__synthetic_irregular_8q_spread__seed7,synthetic_irregular_8q_spread,irregular,True,"id,rz,sx,x,ecr",spread,"0,1,3,4,6,7",7,2,lexicographic_native_2q_depth_duration,8,9,2.25,4,2.0714285714285716,1.434782608695652,2.0,1,basic,qiskit.Operator.equiv_global_phase,1e-10,True,VERIFIED,324,164,160,968,461,833,135,135,102,102,-25,-25,0.84375,3.1445190000000076e-05,3.1445190000000076e-05,0.3919384930816098,0.3919384930816098,0.3919384930816098,0.12879565399998683,,135102000.00003144,basic,135102000.00003144
v0.3.0,N6_x0.5_t0.08_r2_current,6058dd93121e03e6927ade05d234020bb042a3cfb5f3131944426f4aa80d65e6,f2873a141bbf31a64072838851205fa523d9c722535816eb13ac5a8872e54b2b,N6_r2_current,6,6,0.5,0.08,2,current,469,340,285,184,31,1.7419354838709677,5,1.6666666666666667,2,1,N6_x0.5_t0.08_r2_current__synthetic_irregular_8q_spread__seed7,N6_x0.5_t0.08_r2_current__synthetic_irregular_8q_spread__seed7,synthetic_irregular_8q_spread,irregular,True,"id,rz,sx,x,ecr",spread,"0,1,3,4,6,7",7,2,lexicographic_native_2q_depth_duration,8,9,2.25,4,2.0714285714285716,1.434782608695652,2.0,1,basic_swaps,qiskit.Operator.equiv_global_phase,1e-10,True,VERIFIED,324,164,160,968,461,833,135,135,102,102,-25,-25,0.84375,3.1445190000000076e-05,3.1445190000000076e-05,0.3919384930816098,0.3919384930816098,0.3919384930816098,0.1297762720000719,,135102000.00003144,basic,135102000.00003144
v0.3.0,N6_x0.5_t0.08_r2_current,6058dd93121e03e6927ade05d234020bb042a3cfb5f3131944426f4aa80d65e6,f2873a141bbf31a64072838851205fa523d9c722535816eb13ac5a8872e54b2b,N6_r2_current,6,6,0.5,0.08,2,current,469,340,285,184,31,1.7419354838709677,5,1.6666666666666667,2,1,N6_x0.5_t0.08_r2_current__synthetic_irregular_8q_spread__seed7,N6_x0.5_t0.08_r2_current__synthetic_irregular_8q_spread__seed7,synthetic_irregular_8q_spread,irregular,True,"id,rz,sx,x,ecr",spread,"0,1,3,4,6,7",7,2,lexicographic_native_2q_depth_duration,8,9,2.25,4,2.0714285714285716,1.434782608695652,2.0,1,teleport,qiskit.Operator.equiv_global_phase,1e-10,True,VERIFIED,450,266,184,1041,539,886,155,155,123,123,-29,-29,0.842391304347826,3.7409442000000044e-05,3.7409442000000044e-05,0.4861010219983661,0.4861010219983661,0.4861010219983661,0.34503900200024873,,155123000.0000374,basic,135102000.00003144
v0.3.0,N6_x0.5_t0.08_r2_current,6058dd93121e03e6927ade05d234020bb042a3cfb5f3131944426f4aa80d65e6,f2873a141bbf31a64072838851205fa523d9c722535816eb13ac5a8872e54b2b,N6_r2_current,6,6,0.5,0.08,2,current,469,340,285,184,31,1.7419354838709677,5,1.6666666666666667,2,1,N6_x0.5_t0.08_r2_current__synthetic_irregular_8q_spread__seed7,N6_x0.5_t0.08_r2_current__synthetic_irregular_8q_spread__seed7,synthetic_irregular_8q_spread,irregular,True,"id,rz,sx,x,ecr",spread,"0,1,3,4,6,7",7,2,lexicographic_native_2q_depth_duration,8,9,2.25,4,2.0714285714285716,1.434782608695652,2.0,1,full_reduce,qiskit.Operator.equiv_global_phase,1e-10,True,VERIFIED,422,280,142,1906,1009,1661,245,245,205,205,103,103,1.7253521126760563,0.00011928681599999968,0.00011928681599999968,0.4974906997819425,0.4974906997819425,0.4974906997819425,0.35674952499994106,,245205000.0001193,basic,135102000.00003144
v0.3.0,N6_x0.5_t0.08_r2_current,6058dd93121e03e6927ade05d234020bb042a3cfb5f3131944426f4aa80d65e6,f2873a141bbf31a64072838851205fa523d9c722535816eb13ac5a8872e54b2b,N6_r2_current,6,6,0.5,0.08,2,current,469,340,285,184,31,1.7419354838709677,5,1.6666666666666667,2,1,N6_x0.5_t0.08_r2_current__synthetic_irregular_8q_spread__seed7,N6_x0.5_t0.08_r2_current__synthetic_irregular_8q_spread__seed7,synthetic_irregular_8q_spread,irregular,True,"id,rz,sx,x,ecr",spread,"0,1,3,4,6,7",7,2,lexicographic_native_2q_depth_duration,8,9,2.25,4,2.0714285714285716,1.434782608695652,2.0,1,full_reduce_depth,qiskit.Operator.equiv_global_phase,1e-10,True,VERIFIED,425,280,145,1516,744,1280,236,236,194,194,91,91,1.6275862068965516,9.288568800000024e-05,9.288568800000024e-05,0.5824436146036494,0.5824436146036494,0.5824436146036494,24.62681389499994,,236194000.0000929,basic,135102000.00003144
