method,time,survival,electric_energy,magnetic_energy,total_energy,tvd_to_exact_hamiltonian,mirror_asymmetry,norm_error,occupation_0,occupation_1,occupation_2,occupation_3,occupation_4
exact,0.0,0.9999999999999982,2.9999999999999947,3.885780586188051e-16,2.999999999999995,0.0,1.5455587803707568e-32,1.7763568394002505e-15,2.6315594548807612e-31,2.6627354458555296e-31,0.9999999999999982,2.8273874097729478e-31,2.487099662724028e-31
exact,0.004,0.9991043747301551,3.0009600311325046,-0.0009600311325111731,2.9999999999999933,0.0,5.421010862427522e-20,1.9984014443252818e-15,0.00025597098760025126,6.40076557707777e-05,0.9997440392488149,6.400765577077775e-05,0.0002559709876002512
exact,0.008,0.9964219910533251,3.003840496417741,-0.003840496417745219,2.9999999999999956,0.0,4.0657581468206416e-19,1.7763568394002505e-15,0.0010235358464277845,0.00025612235340461646,0.9989766277643606,0.00025612235340461683,0.001023535846427784
exact,0.012,0.9919662907038532,3.008642498768258,-0.008642498768263056,2.9999999999999947,0.0,1.463672932855431e-18,1.5543122344752192e-15,0.002301650600938158,0.0005766182431692084,0.9976991762300768,0.0005766182431692091,0.0023016506009381557
exact,0.016,0.9857595613689607,3.01536783397962,-0.015367833979625906,2.9999999999999942,0.0,2.927345865710862e-18,1.5543122344752192e-15,0.004088576414364377,0.0010259487810288755,0.9959140303812913,0.001025948781028877,0.004088576414364373
exact,0.02,0.9778327650784189,3.024018927525692,-0.024018927525697314,2.9999999999999947,0.0,4.228388472693467e-18,1.6653345369377348e-15,0.0063818812766922636,0.0016047415643042856,0.9936244629312574,0.0016047415643042871,0.006381881276692257
exact,0.024,0.9682253003253551,3.034598746835512,-0.034598746835517225,2.9999999999999947,0.0,6.938893903907228e-18,1.6653345369377348e-15,0.00917844237629866,0.002313791156142766,0.9908346623306694,0.0023137911561427697,0.00917844237629865
exact,0.028,0.9569847002606142,3.047110689807657,-0.04711068980766167,2.9999999999999956,0.0,5.204170427930421e-18,1.5543122344752192e-15,0.012474449163593325,0.0031540499528387965,0.9875497184231402,0.0031540499528387982,0.012474449163593316
exact,0.032,0.9441662699258806,3.0615584505233038,-0.06155845052330866,2.999999999999995,0.0,1.6479873021779667e-17,1.887379141862766e-15,0.016265407117201116,0.0041266171627645145,0.9837756050761477,0.00412661716276452,0.016265407117201088
exact,0.036000000000000004,0.9298326660795746,3.0779458633165926,-0.07794586331659609,2.9999999999999964,0.0,8.673617379884035e-18,1.5543122344752192e-15,0.02054614222527908,0.00523272597985964,0.9795191598833943,0.005232725979859647,0.02054614222527907
exact,0.04,0.91405342371757,3.0962767265487856,-0.09627672654879021,2.9999999999999956,0.0,2.47198095326695e-17,1.7763568394002505e-15,0.025310806196454556,0.006473729048179988,0.9747880610502107,0.006473729048179999,0.025310806196454518
exact,0.044,0.8969044338920351,3.1165546076096966,-0.11655460760970127,2.9999999999999956,0.0,2.168404344971009e-17,1.5543122344752192e-15,0.030552882416568828,0.007851082326811861,0.9695908015885092,0.007851082326811863,0.030552882416568786
exact,0.048,0.8784673778804278,3.138782630834238,-0.13878263083424303,2.999999999999995,0.0,3.5561831257524545e-17,1.5543122344752192e-15,0.03626519266889214,0.009366327476428413,0.963936660961672,0.009366327476428429,0.03626519266889208
exact,0.052000000000000005,0.8588291231481686,3.1629632501728233,-0.16296325017282698,2.9999999999999964,0.0,2.7755575615628914e-17,1.4432899320127035e-15,0.04243990463671479,0.011021072899805893,0.9578356743326414,0.011021072899805893,0.04243990463671474
exact,0.056,0.8380810868784051,3.1890980085901215,-0.1890980085901266,2.9999999999999947,0.0,3.9898639947466563e-17,1.7763568394002505e-15,0.04906854020819722,0.01281697357864972,0.951298599580175,0.012816973578649731,0.04906854020819715
exact,0.06,0.8163185731072867,3.2171872862866384,-0.21718728628664274,2.9999999999999956,0.0,2.42861286636753e-17,1.7763568394002505e-15,0.056141984604059586,0.014755709858032208,0.9443368822587475,0.014755709858032215,0.056141984604059544
exact,0.064,0.7936400897005955,3.2472300399405865,-0.2472300399405899,2.9999999999999964,0.0,3.642919299551295e-17,1.3322676295501878e-15,0.0636504963490909,0.016838965337549503,0.9369626186867821,0.01683896533754952,0.06365049634909084
exact,0.068,0.770146651535735,3.2792235352530237,-0.2792235352530277,2.999999999999996,0.0,5.898059818321144e-17,1.4432899320127035e-15,0.07158371810854848,0.019068404034914853,0.9291885173557878,0.019068404034914874,0.07158371810854838
exact,0.07200000000000001,0.7459410763109957,3.3131630751464267,-0.3131630751464315,2.999999999999995,0.0,3.469446951953614e-17,1.3322676295501878e-15,0.07993068841028812,0.02144564699307123,0.921027858859477,0.021445646993071246,0.07993068841028807
exact,0.076,0.7211272793916811,3.349041726015453,-0.3490417260154559,2.999999999999997,0.0,3.469446951953614e-17,1.3322676295501878e-15,0.08867985427290478,0.023972248505999903,0.9124944545469942,0.02397224850599993,0.08867985427290474
exact,0.08,0.6958095740209393,3.38685004445835,-0.3868500444583529,2.999999999999997,0.0,7.45931094670027e-17,1.1102230246251565e-15,0.09781908475926919,0.02664967214119589,0.903602604108092,0.02664967214119593,0.09781908475926908
exact,0.084,0.6700919830735992,3.426575806928054,-0.4265758069280582,2.9999999999999956,0.0,6.938893903907228e-17,1.3322676295501878e-15,0.1073356854736154,0.029479266738268034,0.8943670523002598,0.029479266738268048,0.10733568547361527
exact,0.088,0.6440775683165079,3.468203744733674,-0.468203744733678,2.9999999999999964,0.0,4.163336342344337e-17,1.2212453270876722e-15,0.11721641401876881,0.032462242563297716,0.884802945028642,0.032462242563297744,0.11721641401876876
exact,0.092,0.61786778286201,3.511715286795866,-0.5117152867958689,2.999999999999997,0.0,1.0755285551056204e-16,1.2212453270876722e-15,0.1274474964282035,0.03559964779746478,0.874925784988931,0.0355996477974648,0.1274474964282033
exact,0.096,0.5915618521663474,3.557088312514025,-0.5570883125140288,2.9999999999999964,0.0,1.3877787807814457e-16,1.2212453270876722e-15,0.13801464458539411,0.03889234553604313,0.864751387081449,0.038892345536043156,0.13801464458539386
exact,0.1,0.5652561885365013,3.6042969170397194,-0.6042969170397223,2.9999999999999973,0.0,1.5265566588595902e-16,1.1102230246251565e-15,0.14890307464038835,0.0423409914702097,0.8542958338012937,0.042340991470209755,0.1489030746403881
exact,0.10400000000000001,0.539043843672666,3.6533111911699425,-0.6533111911699456,2.999999999999997,0.0,1.0061396160665481e-16,1.1102230246251565e-15,0.1600975264306783,0.04594601241923864,0.843575430804796,0.04594601241923867,0.16009752643067812
exact,0.108,0.5130140032949225,3.704097017976567,-0.7040970179765703,2.9999999999999964,0.0,8.673617379884035e-17,1.2212453270876722e-15,0.17158228391031577,0.04970758587461564,0.8326066628467255,0.04970758587461568,0.17158228391031563
exact,0.112,0.48725152738804184,3.75661588817544,-0.7566158881754439,2.999999999999996,0.0,1.491862189340054e-16,1.1102230246251565e-15,0.1833411965878078,0.053625620710462195,0.821406150275676,0.05362562071046224,0.18334119658780754
exact,0.116,0.46183653905433397,3.8108247361112646,-0.8108247361112685,2.999999999999996,0.0,1.1449174941446927e-16,1.2212453270876722e-15,0.19535770196966937,0.057699739206469265,0.8099906062670317,0.05769973920646933,0.1953577019696692
exact,0.12,0.43684406439796963,3.8666757980935174,-0.8666757980935211,2.9999999999999964,0.0,1.3877787807814457e-16,1.1102230246251565e-15,0.20761484900261717,0.06192926052037877,0.7983767949638747,0.06192926052037885,0.20761484900261698
exact,0.124,0.4123437252823616,3.9241164946656912,-0.9241164946656955,2.9999999999999956,0.0,1.5959455978986625e-16,9.992007221626409e-16,0.22009532250328698,0.06631318573699344,0.7865814906862816,0.06631318573699348,0.2200953225032867
exact,0.128,0.38839948621218023,3.9830893382262516,-0.9830893382262565,2.999999999999995,0.0,1.8041124150158794e-16,1.2212453270876722e-15,0.23278146856007764,0.07085018460982886,0.7746214383587674,0.07085018460982892,0.23278146856007734
exact,0.132,0.36506945600059226,4.043531867246251,-1.0435318672462546,2.999999999999996,0.0,1.1102230246251565e-16,9.992007221626409e-16,0.24565532088728248,0.07553858409993296,0.7625133152942327,0.07553858409993298,0.24565532088728229
exact,0.136,0.34240574429745424,4.105376608147013,-1.105376608147018,2.9999999999999956,0.0,1.6653345369377348e-16,1.1102230246251565e-15,0.25869862810710875,0.0803763588041749,0.7502736944608235,0.08037635880417496,0.2586986281071085
exact,0.14,0.32045437248238706,4.168551065713158,-1.1685510657131613,2.9999999999999973,0.0,2.42861286636753e-16,1.1102230246251565e-15,0.27189288193051775,0.0853611233525576,0.7379190093456807,0.0853611233525577,0.27189288193051736
exact,0.14400000000000002,0.29925523787449904,4.23297774272279,-1.2329777427227928,2.9999999999999973,0.0,2.2898349882893854e-16,8.881784197001252e-16,0.28521934620309325,0.09049012684091184,0.7254655205167571,0.09049012684091191,0.28521934620309286
exact,0.148,0.27884212968435146,4.298574189279743,-1.2985741892797464,2.999999999999997,0.0,2.1510571102112408e-16,8.881784197001252e-16,0.2986590867773771,0.09576024935180696,0.7129292839708541,0.095760249351807,0.29865908677737674
exact,0.152,0.2592427946393533,4.365253082133504,-1.3652530821335076,2.999999999999996,0.0,2.498001805406602e-16,8.881784197001252e-16,0.31219300216834195,0.10116800060274737,0.7003261213428282,0.10116800060274748,0.31219300216834156
exact,0.156,0.2404790497565021,4.432922334072483,-1.4329223340724873,2.9999999999999956,0.0,1.942890293094024e-16,1.1102230246251565e-15,0.3258018549439275,0.10670952074682014,0.6876715920377017,0.10670952074682019,0.32580185494392716
exact,0.16,0.2225669393209982,4.501485233277188,-1.5014852332771933,2.999999999999995,0.0,2.2898349882893854e-16,8.881784197001252e-16,0.33946630379788345,0.11238058333701806,0.6749809673342477,0.11238058333701813,0.33946630379788306
exact,0.164,0.20551693275988198,4.570840612322723,-1.5708406123227259,2.999999999999997,0.0,2.636779683484747e-16,9.992007221626409e-16,0.35316693624756823,0.11817660045157616,0.6622692064956062,0.11817660045157619,0.35316693624756773
exact,0.168,0.1893341597799545,4.64088304632656,-1.6408830463265633,2.9999999999999964,0.0,2.498001805406602e-16,9.992007221626409e-16,0.36688430189488036,0.12409262996392287,0.649550934909747,0.12409262996392298,0.36688430189487997
exact,0.17200000000000001,0.17401867887156866,4.711503079548756,-1.7115030795487596,2.999999999999996,0.0,2.0816681711721685e-16,9.992007221626409e-16,0.3805989461841795,0.13012338492735376,0.6368404242701688,0.13012338492735384,0.38059894618417917
exact,0.176,0.1595657750664638,4.782587479569088,-1.782587479569092,2.999999999999996,0.0,2.636779683484747e-16,8.881784197001252e-16,0.39429144458691195,0.13626324503136492,0.624151574795231,0.136263245031365,0.3942914445869115
exact,0.18,0.14596628267990944,4.854019517990048,-1.8540195179900523,2.999999999999996,0.0,2.914335439641036e-16,7.771561172376096e-16,0.40794243713872985,0.14250627007382818,0.6114978994730021,0.14250627007382827,0.40794243713872935
exact,0.184,0.13320692866555572,4.925679276447372,-1.9256792764473762,2.999999999999996,0.0,3.191891195797325e-16,7.771561172376096e-16,0.42153266325119265,0.14884621538091097,0.5988925103075682,0.14884621538091106,0.4215326632511921
exact,0.188,0.12127069216529784,4.997443976551699,-1.9974439765517031,2.9999999999999956,0.0,3.0531133177191805e-16,8.881784197001252e-16,0.43504299671671304,0.15527654909493535,0.5863481065323999,0.1552765490949354,0.4350429967167125
exact,0.192,0.11013717584521131,5.06918833223703,-2.069188332237034,2.9999999999999964,0.0,3.885780586188048e-16,7.771561172376096e-16,0.4484544808222576,0.16179047123926948,0.5738769647467065,0.1617904712392696,0.4484544808222569
exact,0.196,0.09978298467049941,5.1407849228545555,-2.140784922854559,2.9999999999999964,0.0,3.608224830031759e-16,8.881784197001252e-16,0.46174836348447423,0.1683809344589422,0.5614909309217525,0.1683809344589423,0.4617483634844736
exact,0.2,0.09018210788508203,5.212104585224941,-2.2121045852249432,2.9999999999999973,0.0,3.3306690738754696e-16,6.661338147750939e-16,0.4749061323164122,0.17504066632599005,0.5492014142158816,0.17504066632599016,0.47490613231641166
exact,0.20400000000000001,0.08130630012196337,5.283016822748785,-2.283016822748789,2.9999999999999956,0.0,2.636779683484747e-16,7.771561172376096e-16,0.4879095495338264,0.18176219308965857,0.5370193825295394,0.1817621930896586,0.4879095495338259
exact,0.20800000000000002,0.07312545777529336,5.353390229574229,-2.3533902295742335,2.9999999999999956,0.0,2.7755575615628914e-16,8.881784197001252e-16,0.5007406866072661,0.18853786474350606,0.5249553597249291,0.18853786474350617,0.5007406866072657
exact,0.212,0.0656079870100168,5.423092927732878,-2.423092927732882,2.9999999999999956,0.0,3.3306690738754696e-16,8.881784197001252e-16,0.5133819585647171,0.19535988127424603,0.5130194244290495,0.19535988127424614,0.5133819585647166
exact,0.216,0.05872116006566819,5.491993015080771,-2.491993015080774,2.9999999999999973,0.0,4.579669976578771e-16,8.881784197001252e-16,0.5258161578485341,0.2022203199508312,0.5012212103338015,0.20222031995083134,0.5258161578485333
exact,0.22,0.05243145682232834,5.559959021819957,-2.559959021819961,2.9999999999999956,0.0,4.163336342344337e-16,7.771561172376096e-16,0.5380264876297626,0.2091111635068533,0.4895699079025735,0.20911116350685346,0.5380264876297619
exact,0.224,0.04670488893380582,5.626860373328718,-2.6268603733287237,2.9999999999999942,0.0,2.636779683484747e-16,8.881784197001252e-16,0.5499965944827214,0.2160243290648219,0.4780742673892176,0.216024329064822,0.549996594482721
exact,0.228,0.041507304190336755,5.692567856994347,-2.692567856994351,2.999999999999996,0.0,3.0531133177191805e-16,7.771561172376096e-16,0.561710600322899,0.2229516976472955,0.46674260307261983,0.22295169764729555,0.5617106003228984
exact,0.232,0.03680466914493833,5.756954090721647,-2.756954090721652,2.9999999999999956,0.0,3.191891195797325e-16,7.771561172376096e-16,0.5731531335118157,0.22988514411717872,0.455582798608079,0.22988514411717892,0.5731531335118153
exact,0.23600000000000002,0.03256332841839485,5.819893990782919,-2.8198939907829246,2.9999999999999947,0.0,2.7755575615628914e-16,8.881784197001252e-16,0.5843093590335179,0.23681656738775855,0.44460231339547174,0.23681656738775866,0.5843093590335174
exact,0.24,0.028750239482096616,5.881265236680484,-2.8812652366804894,2.9999999999999947,0.0,3.7470027081099033e-16,8.881784197001252e-16,0.5951650076487979,0.24373792074222617,0.4338081898636043,0.24373792074222636,0.5951650076487973
exact,0.244,0.025333182100099154,5.940948730711005,-2.9409487307110105,2.9999999999999947,0.0,3.885780586188048e-16,8.881784197001252e-16,0.6057064039350804,0.25064124210250743,0.4232070615702523,0.25064124210250754,0.6057064039350797
exact,0.248,0.022280941986511038,5.998829049951061,-2.9988290499510653,2.9999999999999956,0.0,2.7755575615628914e-16,8.881784197001252e-16,0.6159204931221566,0.2575186840881681,0.4128051620181002,0.2575186840881682,0.6159204931221561
exact,0.252,0.019563468596580775,6.054794888425593,-3.054794888425598,2.9999999999999947,0.0,3.885780586188048e-16,8.881784197001252e-16,0.6257948666366024,0.26436254370798096,0.40260833408807917,0.26436254370798107,0.6257948666366018
exact,0.256,0.017152007314906917,6.108739487274203,-3.1087394872742085,2.9999999999999947,0.0,2.498001805406602e-16,8.881784197001252e-16,0.6353177862707399,0.2711652915293689,0.39262203999342576,0.27116529152936897,0.6353177862707394
exact,0.26,0.0150192066276755,6.160561050794435,-3.16056105079444,2.9999999999999947,0.0,4.163336342344337e-16,9.992007221626409e-16,0.6444782068954336,0.27791960017437933,0.3828513716601102,0.2779196001743795,0.6444782068954329
exact,0.264,0.013139201163821012,6.210163146315557,-3.2101631463155615,2.999999999999995,0.0,4.163336342344337e-16,8.881784197001252e-16,0.6532657976397774,0.28461837199504725,0.37330106144204717,0.2846183719950474,0.6532657976397768
exact,0.268,0.01148767175908729,6.257455085940295,-3.2574550859402995,2.9999999999999956,0.0,3.885780586188048e-16,9.992007221626409e-16,0.6616709614648634,0.29125476578592824,0.36397549308268146,0.29125476578592846,0.6616709614648628
exact,0.272,0.010041883934228713,6.302352288284867,-3.3023522882848715,2.9999999999999956,0.0,3.885780586188048e-16,8.881784197001252e-16,0.669684853063295,0.29782222239720524,0.3548787128380835,0.29782222239720535,0.6696848530632943
exact,0.276,0.008780706381712808,6.344776618448904,-3.3447766184489085,2.9999999999999956,0.0,3.885780586188048e-16,9.992007221626409e-16,0.6772993950208736,0.3043144891180314,0.34601444068055176,0.3043144891180316,0.677299395020873
exact,0.28,0.007684611222508825,6.384656704555767,-3.384656704555771,2.999999999999996,0.0,4.163336342344337e-16,8.881784197001252e-16,0.6845072921819799,0.31072564270664677,0.3373860815058653,0.31072564270664693,0.6845072921819793
exact,0.28400000000000003,0.006735657924722647,6.421928229319605,-3.4219282293196094,2.999999999999996,0.0,3.3306690738754696e-16,8.881784197001252e-16,0.6913020441655193,0.31705011095123076,0.3289967362717146,0.31705011095123087,0.6913020441655188
exact,0.28800000000000003,0.005917462868428093,6.4565341952177695,-3.456534195217773,2.9999999999999964,0.0,3.0531133177191805e-16,8.881784197001252e-16,0.6976779559839122,0.3232826926533956,0.32084921299943336,0.32328269265339576,0.6976779559839118
exact,0.292,0.005215156596095044,6.488425161974979,-3.488425161974983,2.9999999999999956,0.0,3.885780586188048e-16,8.881784197001252e-16,0.7036301467234553,0.32941857593464224,0.31294603757590816,0.32941857593464247,0.7036301467234547
exact,0.296,0.004615330806177501,6.517559455198555,-3.5175594551985583,2.9999999999999964,0.0,4.440892098500626e-16,1.1102230246251565e-15,0.7091545562504288,0.3354533547749276,0.30528946429744613,0.3354533547749278,0.7091545562504281
exact,0.3,0.004105977129901914,6.543903345141083,-3.543903345141086,2.999999999999997,0.0,4.440892098500626e-16,9.992007221626409e-16,0.7142479499135681,0.3413830437017013,0.29788148610237525,0.3413830437017015,0.7142479499135674
exact,0.304,0.0036764196798324523,6.567431194707723,-3.5674311947077273,2.9999999999999956,0.0,4.440892098500626e-16,8.881784197001252e-16,0.7189079212199055,0.34720409055730056,0.29072384444423377,0.3472040905573008,0.7189079212199049
exact,0.308,0.0033172432756263903,6.588125575969129,-3.5881255759691335,2.9999999999999956,0.0,2.220446049250313e-16,1.1102230246251565e-15,0.7231328924675277,0.35291338728240396,0.2838180387625277,0.35291338728240407,0.7231328924675273
exact,0.312,0.003020219140216763,6.605977354587077,-3.605977354587079,2.9999999999999982,0.0,4.718447854656915e-16,8.881784197001252e-16,0.7269221133254282,0.35850827866328433,0.27716533551319456,0.3585082786632846,0.7269221133254276
exact,0.316,0.0027782297215659156,6.620985741707756,-3.6209857417077584,2.9999999999999973,0.0,3.885780586188048e-16,9.992007221626409e-16,0.7302756573573449,0.3639865690008274,0.27076677672606386,0.3639865690008276,0.7302756573573443
exact,0.32,0.002585194134551526,6.633158313026655,-3.6331583130266587,2.9999999999999964,0.0,4.440892098500626e-16,9.992007221626409e-16,0.7331944164932658,0.3693465266696374,0.264623188061751,0.36934652666963774,0.7331944164932652
strang_r1,0.0,0.99999999999999,2.99999999999997,-1.3084060891855237e-16,2.99999999999997,4.107825191113079e-15,3.2178906737150476e-34,9.992007221626409e-15,5.901335652718478e-34,1.4811062170606725e-34,0.99999999999999,6.721969134531866e-34,4.706417222759577e-34
strang_r1,0.004,0.9991043702531154,3.000960045527865,-0.0009600792209231435,2.999999966306942,5.503051640814941e-09,1.5353918315043542e-09,1.2656542480726785e-14,0.00025597201068770656,6.401091900476716e-05,0.9997440402722622,6.400784851584126e-05,0.00025597201098244367
strang_r1,0.008,0.996421919563294,3.0038407265230878,-0.003841262399303151,2.9999994641237846,8.800295776378883e-08,2.4537094035125212e-08,1.1546319456101628e-14,0.0010235521720865432,0.0002561745284130751,0.9989766441136908,0.00025612547305467096,0.0010235521909162093
strang_r1,0.012,0.9919659299845911,3.0086436618170325,-0.008646347639373386,2.999997314177659,4.4512852294114704e-07,1.23973155856231e-07,1.176836406102666e-14,0.0023017328815596633,0.000576882069752381,0.9976992587794649,0.0005766343372873177,0.0023017330954063124
strang_r1,0.016,0.9857584266040849,3.0153715015875933,-0.015379870760443906,2.9999916308271493,1.405115422180975e-06,3.9073032008084697e-07,1.0436096431476471e-14,0.004088834840209884,0.0010267812380209056,0.9959142903096543,0.0010260009739309934,0.004088836036760133
strang_r1,0.02,0.9778300111699182,3.0240278560218723,-0.02404791535039466,2.9999799406714778,3.425085490714106e-06,9.505301804832791e-07,1.1213252548714081e-14,0.006382507137758673,0.001606769659805418,0.9936250944866745,0.001604873139591256,0.006382511677905478
strang_r1,0.024,0.9682196314227015,3.034617196388159,-0.034657849992614925,2.999959346395544,7.088633234715459e-06,1.962424111081858e-06,1.2989609388114332e-14,0.009179727424205253,0.002317985841114115,0.9908359642462395,0.002314074461343942,0.009179740892657244
strang_r1,0.028,0.9569742883518108,3.0471447294501757,-0.04721799577618471,2.9999267336739908,1.3102715121616859e-05,3.6168792201740022e-06,1.354472090042691e-14,0.012476802220081611,0.00316179766243999,0.9875521136116721,0.003154597604666219,0.012476835920748188
strang_r1,0.032,0.94414868418976,3.0616162464077306,-0.06173722802811438,2.999879018379616,2.2293835906813228e-05,6.133471000791067e-06,1.2989609388114332e-14,0.016269367430494952,0.004139788519369145,0.9837796582406698,0.0041275960005099895,0.01626944185363738
strang_r1,0.036000000000000004,0.9298048145177565,3.0780379477873723,-0.07822451699133182,2.9998134307960402,3.560352506142527e-05,9.75820170449242e-06,1.0880185641326534e-14,0.020552389140485204,0.005253741226857687,0.9795255926921856,0.005234374177290195,0.020552538494326696
strang_r1,0.04,0.9140115083776363,3.0964162459324784,-0.09668841290516533,2.999727833027313,5.4083095211765274e-05,1.4760466738955591e-05,1.0880185641326534e-14,0.025320164780322313,0.006505619823924121,0.9747977645389246,0.006476376751292312,0.025320442641168416
strang_r1,0.044,0.8968439207639263,3.1167575469521758,-0.11713648161716478,2.999621065335011,7.888767348532516e-05,2.1429694562580086e-05,1.0325074129013956e-14,0.030566324759051747,0.007897549432758805,0.9696048454680186,0.00785517613644599,0.030566810851864093
strang_r1,0.048,0.878382982299469,3.1390680141804657,-0.13957469746036139,2.999493316720104,0.00011126949581771167,3.007168860323043e-05,1.176836406102666e-14,0.03628383467270671,0.009431794341970823,0.9639562995284541,0.009372459041524653,0.036284642749467
strang_r1,0.052000000000000005,0.8587148112744837,3.163353315369833,-0.16400680066062756,2.9993465147092055,0.0001525704536779311,4.100470263661716e-05,7.216449660063518e-15,0.04246499820001638,0.0111107344977271,0.9578623486989579,0.011030011829578154,0.04246628493714067
strang_r1,0.056,0.8379300935478675,3.1896183559946745,-0.19043362699033317,2.9991847290043414,0.00020421388247851603,5.4555283803288564e-05,1.099120794378905e-14,0.04910146080303927,0.012936840598757764,0.9513339359637786,0.01282970482074748,0.04910343559263556
strang_r1,0.06,0.8161234360682551,3.217867001169731,-0.2188524177519766,2.9990145834177544,0.00026769558106915707,7.105391999263477e-05,1.099120794378905e-14,0.05618421435287691,0.014912648001498446,0.9443826860966642,0.014773475625519332,0.05618714981688307
strang_r1,0.064,0.793392699967577,3.2481017887934884,-0.24925611845477558,2.9988456703387127,0.0003445740526153223,9.083053065192699e-05,1.2434497875801753e-14,0.06370360280139942,0.017040729649922176,0.9370208643643771,0.016863311600915167,0.06370784581369626
strang_r1,0.068,0.7698383193109165,3.2803236366090895,-0.2816326747371056,2.9986909618719837,0.00043744203922136337,0.00011420984216029169,1.0325074129013956e-14,0.07164932901876879,0.01932366825082598,0.9292613333713342,0.01910123152705587,0.07165531197931926
strang_r1,0.07200000000000001,0.74556261165137,3.314531545931219,-0.31596433418531544,2.9985672117459035,0.0005484316957745531,0.00014150669071143727,9.992007221626409e-15,0.08001046291343215,0.021764027919424243,0.9211175082752318,0.02148926660596245,0.08001871498139324
strang_r1,0.076,0.7206690865380737,3.3507223048198913,-0.3522269627051974,2.998495342114694,0.0006789139873039942,0.00017302129714656146,1.3655743202889425e-14,0.08877545094627914,0.02436432552206328,0.9126033106106776,0.0240294408883347,0.08878660890684369
strang_r1,0.08,0.6952617580597419,3.388890193488381,-0.3903893840170729,2.9985008094713077,0.0008308771770051248,0.00020903455934018558,1.1324274851176597e-14,0.09793212714381942,0.027127001942695843,0.9037331209632667,0.026723751237363078,0.09794694555716703
strang_r1,0.084,0.6694444673765553,3.4290266947146635,-0.4304127506695633,2.9986139440451,0.001006346252795234,0.0002498034085380036,1.1324274851176597e-14,0.10746772570669076,0.030054393497487092,0.8945217307404252,0.029574146941364312,0.10748708596764399
strang_r1,0.088,0.6433202210024139,3.4711202119839104,-0.47224995470520814,2.9988702572787025,0.001207366963692644,0.00029555627645133295,1.0436096431476471e-14,0.1173688952996493,0.03314870371760958,0.8849842932878662,0.032582509089180325,0.11739381322412272
strang_r1,0.092,0.6169905503498666,3.5151557980230983,-0.515845085764594,2.999310712258504,0.00143598824935798,0.0003464887199016789,1.2323475573339238e-14,0.12762171509754397,0.03641197571399372,0.8751362746010665,0.03575062982381393,0.12765334664716754
strang_r1,0.096,0.5905548977456263,3.5611148963012287,-0.5611329439912047,2.9999819523100237,0.0016942430839393635,0.0004027592493569751,1.0658141036401503e-14,0.13821171264886215,0.03984606532964236,0.8649934038805677,0.03908019159071543,0.13825135740864916
strang_r1,0.1,0.5641100337691296,3.6089750979584423,-0.6080386146002736,3.000936483358169,0.001984127783901579,0.0004644854067917051,9.880984919163893e-15,0.14912388360436135,0.04345261527519052,0.8545716241774316,0.04257274649745407,0.1491729856402083
strang_r1,0.10400000000000001,0.5377495103653286,3.6587099164981867,-0.6564771104090117,3.002232806089175,0.0023164172924693424,0.0005317401369252933,9.103828801926284e-15,0.16034271334332986,0.04723303043184691,0.8438870433714416,0.04622969590122112,0.16040285908655466
strang_r1,0.108,0.5115631537406636,3.7102885824281007,-0.7063530879984066,3.003935494429694,0.0027078951153541968,0.0006045484940227532,1.354472090042691e-14,0.17185220051431,0.05118845449281998,0.8329558857191666,0.050052270339717264,0.17192511334925278
strang_r1,0.112,0.48563660057406105,3.7636758598709283,-0.7575606424963403,3.006115217374588,0.0031459725001231403,0.0006828847240938803,1.0436096431476471e-14,0.18363588249091622,0.055319748099995444,0.8217944442023721,0.05404150991948493,0.18372341375859347
strang_r1,0.116,0.4600508805684329,3.8188318869865325,-0.8099831852449904,3.008848701741542,0.0036335468315894085,0.0007666697594894793,1.199040866595169e-14,0.19567686272686372,0.059627468617147225,0.8104190338989203,0.05819824527365829,0.19578097890235374
strang_r1,0.12,0.4348820478393607,3.8757120418544133,-0.8634934078516714,3.0122186340027417,0.004174163184665122,0.0008557691595718064,8.215650382226158e-15,0.207957839977798,0.06411185166454297,0.798845946589109,0.06252307919845648,0.2080806058308551
strang_r1,0.124,0.4102008630922503,3.9342668352612944,-0.917953335327967,3.0163134999333274,0.004770289981640646,0.0009499915273630255,1.4988010832439613e-14,0.22046113934103131,0.06877279452260174,0.7870914067993875,0.06701636907451208,0.2206046969476677
strang_r1,0.128,0.3860725279846135,3.994441831627385,-0.9732144702077824,3.0212273614196024,0.005424354324167227,0.0010490874278485454,1.3100631690576847e-14,0.23316874504829063,0.07360984149453317,0.7751715294739164,0.07167821017539087,0.23333528858484542
strang_r1,0.132,0.3625564725120556,4.056177599084053,-1.0291180287072497,3.027059570376804,0.006139239601495957,0.00115274882897657,1.1657341758564144e-14,0.24606233493097732,0.07862217129975446,0.763102279451161,0.07650841996136094,0.24625408125053694
strang_r1,0.136,0.3397061957023822,4.1194096894935015,-1.0854952691584843,3.0339144203350172,0.006923062438257689,0.0012606090813896687,1.0658141036401503e-14,0.25912331646273623,0.08380858655164686,0.750899432909277,0.08150652345172804,0.25934247152559675
strang_r1,0.14,0.3175691593576086,4.184068648973132,-1.1421679121217057,3.041900736851426,0.007773469293593429,0.0013722434475689077,1.1324274851176597e-14,0.27233286427017167,0.08916750535496835,0.7385785409290423,0.0866717397638019,0.272581585574143
strang_r1,0.14400000000000002,0.2961867340552688,4.250080059261028,-1.198948650765546,3.0511314084954817,0.008692354345384852,0.0014871701854577146,1.2545520178264269e-14,0.2856719589897543,0.0946969550402661,0.7261548953078352,0.09200296990090462,0.28595231422130823
strang_r1,0.148,0.275594196113846,4.317364610033018,-1.2556417493100653,3.061722860722953,0.009681277262458094,0.0016048521857644008,1.354472090042691e-14,0.2991214273372993,0.10039456803506647,0.7136434967420555,0.09749878586575482,0.29943534953951645
strang_r1,0.152,0.25582077374790796,4.385838202059517,-1.3120437265589633,3.073794475500554,0.010741426980566966,0.0017246991561436012,1.354472090042691e-14,0.31266198324603567,0.10625757985466483,0.7010590254788333,0.10315742116912356,0.3130112228727816
strang_r1,0.156,0.23688974019166495,4.455412080872973,-1.3679441208131133,3.08746796005986,0.011873587444235724,0.001846070339336911,8.659739592076221e-15,0.3262742699203121,0.11228282917913938,0.6884158145209167,0.10897676279688097,0.3266603442167275
strang_r1,0.16,0.21881855115968998,4.525993000406038,-1.4231263317631375,3.1028666686429,0.013078105839949217,0.0019682777462334405,8.659739592076221e-15,0.33993890264442084,0.11846675996795275,0.6757278254513891,0.114954344691476,0.34036304286041097
strang_r1,0.164,0.20161902364443035,4.597483415858541,-1.4773685343097174,3.1201148815488233,0.014354863832670045,0.0020905898787402094,1.1657341758564144e-14,0.35363651217998937,0.12480542554930003,0.6630086269275485,0.12108734279656379,0.35409960918473354
strang_r1,0.168,0.18529755272522905,4.669781704857973,-1.530444658661609,3.1393370461963643,0.015703252296268545,0.002212235911416116,1.1546319456101628e-14,0.3673477885807647,0.1312944946083275,0.6502713758757703,0.12737257170592706,0.3678503375011965
strang_r1,0.17200000000000001,0.1698553627857249,4.742782415796528,-1.582125430517118,3.16065698527941,0.017122149999211043,0.0023324102951129133,1.176836406102666e-14,0.38105352525053154,0.1379292589866258,0.6375288014019281,0.1338064829501053,0.38159556980423687
strang_r1,0.176,0.15528878930772907,4.816376542057787,-1.6321794646486691,3.184197077409118,0.018609906670137778,0.002450277740452686,1.2545520178264269e-14,0.3947346630682656,0.14470464319504336,0.6247931914148256,0.1403851649462684,0.395315740300396
strang_r1,0.18,0.14158958723142448,4.890451820688297,-1.6803744047844826,3.2100774159038146,0.020164330824151186,0.002564978533933393,1.0658141036401503e-14,0.40837233440432696,0.15161521553294743,0.6120763819432299,0.1471043446288775,0.4089914205681238
strang_r1,0.184,0.12874526174487247,4.964893053925577,-1.7264781023186646,3.238414951606912,0.021782682680179542,0.0026756341348921214,1.2101430968414206e-14,0.42194790685254935,0.158655200699638,0.5993897491107468,0.15395939077063617,0.42260336519333175
strang_r1,0.188,0.11673941729035134,5.0395824518643675,-1.770259826082551,3.2693226257818164,0.023461672443384374,0.002781352997498876,1.0880185641326534e-14,0.4354430265053929,0.16581849377772678,0.5867442037169449,0.16094531899517667,0.43613255771784054
strang_r1,0.192,0.10555212055046016,5.114399994426881,-1.8114914951760803,3.3029084992508007,0.02519746416490466,0.0028812365585348804,1.0436096431476471e-14,0.4488396606026641,0.17309867546389612,0.5741501883578284,0.16805679847486002,0.44956025673069777
strang_r1,0.196,0.09516027320209068,5.189223810702603,-1.8499489266891729,3.33927488401343,0.02698568532508636,0.002974385328932419,1.176836406102666e-14,0.46212013938877705,0.18048902841961392,0.561617677004342,0.17528816029910188,0.46286804192612985
strang_r1,0.2,0.08553799029941958,5.263930573636506,-1.8854130900380257,3.37851748359848,0.028821442216644705,0.0030599050250096904,8.548717289613705e-15,0.47526719701875775,0.1879825546129815,0.5491561769438387,0.18263340749072385,0.4760378599465195
strang_r1,0.20400000000000001,0.07665698026569259,5.338395907973047,-1.9176713595992538,3.4207245483737934,0.030699341131872268,0.003136912674062492,1.1324274851176597e-14,0.48826401135922454,0.19557199352294963,0.5367747329765973,0.19008622664007807,0.48905206982447796
strang_r1,0.20800000000000002,0.06848692263492,5.412494809307002,-1.946518757344379,3.4659760519626235,0.032695865245322975,0.00320454262850553,9.547918011776346e-15,0.5010942425372753,0.20324984107858024,0.524481933747738,0.19764000111911512,0.5018934878348212
strang_r1,0.212,0.060995839885228866,5.486102072047895,-1.971759177255082,3.5143428947928124,0.03482550469464164,0.00326195242313386,1.1879386363489175e-14,0.5137420700971888,0.21100836920870042,0.5122859200838876,0.2052878258301468,0.5145454315649028
strang_r1,0.216,0.05415045994186843,5.559092724077402,-1.9932065834350081,3.565886140642394,0.03700649863357018,0.0033083284112821187,1.4099832412739488e-14,0.5261922286324681,0.2188396458812393,0.500194395194379,0.21302252343695013,0.5269917630107431
strang_r1,0.22,0.047916566195493296,5.631342465861708,-2.0106861740216524,3.620656291840056,0.03923299782663153,0.003342891117742247,1.2212453270876722e-14,0.5384300417682616,0.226735555516474,0.48821463658799047,0.22083666201894947,0.5392169305062215
strang_r1,0.224,0.04225933217603751,5.702728111778554,-2.0240355032409423,3.6786926085376117,0.04149863027028282,0.003364900249215916,1.1879386363489175e-14,0.5504414543770494,0.23468781966436775,0.4763535095488943,0.2287225740826427,0.5512060092937562
strang_r1,0.228,0.03714363833949845,5.773128031427473,-2.033105554232269,3.740022477195204,0.04379652457651881,0.003373659306805929,1.4765966227514582e-14,0.5622130629182363,0.24268801784295144,0.4646174820091835,0.23667237685819897,0.5629447405470956
strang_r1,0.232,0.03253436875951641,5.842422588711733,-2.0377617556003096,3.804660833111423,0.04622113001228703,0.00336851974958792,9.769962616701378e-15,0.5737321437998765,0.25072760844213937,0.453012640650313,0.24467799380324104,0.574419568660154
strang_r1,0.23600000000000002,0.028396685862839666,5.91049457651139,-2.03788493501787,3.87260964149352,0.04886801674913205,0.003348884663548879,1.5210055437364645e-14,0.5849866796682551,0.2587979496053695,0.44154470806198864,0.2527311772302874,0.5856176766202708
strang_r1,0.24,0.02469628170268886,5.977229644808993,-2.0333722036079225,3.9438574412010707,0.05156588367404868,0.0033142118961267952,1.021405182655144e-14,0.5959653835383418,0.2668903200099266,0.43021906078455374,0.2608235319692674,0.5965270192899362
strang_r1,0.244,0.02139960462177576,6.042516720177305,-2.024137765267592,4.018378954909713,0.054307891620003323,0.0032640166231159284,1.3100631690576847e-14,0.6066577206848659,0.2749959394753626,0.4190407480594285,0.26894653997170004,0.6071363544274352
strang_r1,0.248,0.018474060512583667,6.106248414600296,-2.0101136455612556,4.096134769039041,0.05708665611578706,0.003197873321770267,1.5765166949677223e-14,0.6170539282206614,0.28310598933835723,0.40801451111227927,0.27709158575898996,0.6174352712848347
strang_r1,0.252,0.015888188231807158,6.168321421662257,-1.9912503352965851,4.177071086365672,0.05989427113713369,0.003115417131411724,1.2212453270876722e-14,0.6271450322949514,0.29121163254097204,0.3971448027944669,0.28524998261333157,0.6274142166301344
strang_r1,0.256,0.013611809064298909,6.228636898215626,-1.9675173444065965,4.26111955380903,0.06272233835975875,0.0030163445906808695,1.199040866595169e-14,0.6369228628504053,0.29930403338794437,0.3864358074107344,0.29341299940642707,0.6370645180502498
strang_r1,0.26,0.011616150455356465,6.287100829718157,-1.938903662286264,4.348197167431893,0.06562363128283058,0.0029020752300572827,1.0658141036401503e-14,0.6463800658834981,0.30737437693693137,0.37589146056446016,0.3015718879583051,0.6463784044020098
strang_r1,0.264,0.009873944534993231,6.343624377515521,-1.9054181212720382,4.4382062562434825,0.0685821329733977,0.0029285335228896314,9.103828801926284e-15,0.6555101131580872,0.31541388799347253,0.36551546885623915,0.30971791081606564,0.6553490232897148
strang_r1,0.268,0.00835950224062472,6.398124206438434,-1.8670896605036793,4.531034545934754,0.07155211099297498,0.0029541671084027943,1.1102230246251565e-14,0.6643073093275513,0.32341384968983766,0.3553113292771737,0.3178423693404753,0.6639704554601081
strang_r1,0.272,0.007048764102402338,6.450522791179528,-1.8239674879666237,4.626555303212905,0.07482004655153027,0.002979030027133678,1.354472090042691e-14,0.6727667964260038,0.331365621633648,0.34528234814471603,0.32593663198684875,0.6722377260185357
strang_r1,0.276,0.005919328985777915,6.5007487000165955,-1.7761211390774214,4.724627560939174,0.07818622006340889,0.003003119131569726,1.2656542480726785e-14,0.6808845556943188,0.3392606576181669,0.33543165943637354,0.3339921626656734,0.6801468123836729
strang_r1,0.28,0.004950462286735467,6.548736854554503,-1.7236404307420694,4.825096423812433,0.08180189779260034,0.0030263658115490533,1.4210854715202004e-14,0.6886574067120316,0.34709052289143905,0.3257622423848945,0.3420005490679428,0.6876946489124297
strang_r1,0.28400000000000003,0.004123085244950841,6.59442876426759,-1.6666353103848706,4.927793453882719,0.08576816625627576,0.0030486279080148004,1.2989609388114332e-14,0.6960830038117214,0.3548469109858501,0.3162769382076561,0.34995353084014913,0.6948791281413927
strang_r1,0.28800000000000003,0.0034197471778806368,6.6377727347366795,-1.6052356000113535,5.032537134725326,0.09033270059622439,0.0030696818854425434,1.2323475573339238e-14,0.7031598297582344,0.3625216601132084,0.30697846585275773,0.35784302749430474,0.701699098606253
strang_r1,0.292,0.0028245825438821806,6.678724048591792,-1.5395906359316824,5.13913341266011,0.09496381161416581,0.00308921532946993,1.2878587085651816e-14,0.7098871866814171,0.3701067691330943,0.2978694366548117,0.3656611659393178,0.7081543592162538
strang_r1,0.296,0.0023232548148455273,6.717245118290389,-1.4698688053276259,5.247376312962763,0.09964623840150669,0.0031068198319230134,1.199040866595169e-14,0.7162651842577095,0.3775944131039449,0.2889523678043895,0.37340030752138276,0.7142456501764256
strang_r1,0.3,0.0019028891788874474,6.7533056099833155,-1.3962569813959393,5.357048628587377,0.10458747649465336,0.0031219843206293785,1.27675647831893e-14,0.7222947251433334,0.3849769584271243,0.2802296945465856,0.38105307446285097,0.719974640466348
strang_r1,0.304,0.0015519961022505849,6.786882537845727,-1.3189598593418594,5.467922678503868,0.10964651669652602,0.003134088886249775,1.1546319456101628e-14,0.7279774876698839,0.3922469775942047,0.27170378103602233,0.3886123755913259,0.7253439119002631
strang_r1,0.308,0.0012603877579593437,6.817960328377229,-1.2381991960259746,5.579761132351254,0.11471028079120563,0.003142399152949893,1.1879386363489175e-14,0.7333159058218989,0.39939726354670685,0.2633769297877865,0.3960714312533152,0.7303569398093908
strang_r1,0.312,0.0010190892786694373,6.846530854305886,-1.1542129565858075,5.692317897720079,0.11975918449450361,0.003146061234175518,1.2656542480726785e-14,0.7383131465257322,0.4064208436558671,0.25525138967620453,0.4034237973098891,0.7350180704033592
strang_r1,0.316,0.0008202467145443926,6.872593437862168,-1.067254371856748,5.80533906600542,0.12477302061190235,0.0031440973092004276,1.199040866595169e-14,0.7429730842895125,0.4133109933275119,0.24732936244587803,0.410663388115165,0.7393324948834585
strang_r1,0.32,0.000657033476247722,6.896154823323131,-0.9775909109053652,5.918563912417765,0.12984233211587798,0.003135401850561742,1.1879386363489175e-14,0.7473002732454496,0.42006124923399774,0.23961300771199057,0.4177844983822818,0.743306220396042
strang_r2,0.0,0.9999999999999796,2.9999999999999387,5.109260799000361e-16,2.999999999999939,9.325873406851315e-15,2.9431791684509196e-34,2.042810365310288e-14,3.5059588681315916e-35,6.234774011996126e-34,0.9999999999999796,2.3833993906724315e-34,2.3855796023913035e-34
strang_r2,0.004,0.9991043736107137,3.0009600347310097,-0.0009600431525615127,2.999999991578448,1.375784804928752e-09,3.838352037401657e-10,2.298161660974074e-14,0.0002559712434093795,6.400847154600845e-05,0.9997440395045823,6.400770393087072e-05,0.00025597124346464923
strang_r2,0.008,0.9964219731703698,3.003840553926115,-0.003840687782015295,2.9999998661441,2.2001566316783623e-08,6.1334598250729466e-09,2.55351295663786e-14,0.0010235399302269922,0.00025613539503071604,0.9989766318468084,0.00025612313164314373,0.00102353993375907
strang_r2,0.012,0.9919662004056762,3.008642789327206,-0.008643459496781962,2.9999993298304237,1.1129140696048951e-07,3.098406986670266e-08,2.375877272697835e-14,0.0023016711982411253,0.0005766841756546797,0.9976991968120966,0.000576622247650003,0.002301671238376182
strang_r2,0.016,0.9857592770160649,3.0153687497453148,-0.01537083484072535,2.9999979149045894,3.513306909287501e-07,9.763116715175591e-08,2.2426505097428162e-14,0.0040886411732510685,0.0010261567599696715,0.9959140950532958,0.0010259617223751937,0.004088641397990894
strang_r2,0.02,0.9778320740931753,3.0240211553416176,-0.024026142853715113,2.9999950124879025,8.564679006897432e-07,2.3743830495032234e-07,2.4313884239290928e-14,0.006382038322889568,0.0016052480741789456,0.9936246196406305,0.001604774051143519,0.006382039176464042
strang_r2,0.024,0.9682238756682833,3.0346033464556337,-0.03461342877972809,2.9999899176759057,1.772740750908996e-06,4.90032865153216e-07,2.2426505097428162e-14,0.009178765371019405,0.0023148383004138046,0.9908349842998855,0.002313860769854462,0.009178767906190368
strang_r2,0.028,0.9569820787149568,3.047119167806213,-0.047137281426446576,2.999981886379766,3.277134290150149e-06,9.027947251575349e-07,2.5424107263916085e-14,0.012475041791416862,0.0031559830529649413,0.9875503084063857,0.0031541838159866884,0.012475048143888924
strang_r2,0.032,0.9441618325528801,3.061572829114477,-0.06160262608267841,2.9999702030317987,5.576667729471054e-06,1.5302439549044755e-06,2.2426505097428162e-14,0.016266406904331218,0.004129901533195439,0.983776598820875,0.004126855096857578,0.016266420955903166
strang_r2,0.036000000000000004,0.929825621183126,3.0779687434109655,-0.07801448528195476,2.999954258129011,8.907306054099825e-06,2.433334887756884e-06,3.097522238704187e-14,0.020547723604040925,0.00523796275790514,0.9795207286709045,0.005233124339878317,0.020547751855789616
strang_r2,0.04,0.9140427926294031,3.096311344492776,-0.09637771005922202,2.999933634433554,1.353269142001351e-05,3.678665021909517e-06,2.0095036745715333e-14,0.02531318274964973,0.0064816699711138,0.9747904131986284,0.006474365311808075,0.025313235420387825
strang_r2,0.044,0.8968890398564805,3.116604885184388,-0.11669668467735378,2.9999082005070346,1.974268868684935e-05,5.337608211614109e-06,1.8318679906315083e-14,0.030556308255006256,0.007862643363447443,0.9695941828113975,0.007852060505627955,0.030556400613609997
strang_r2,0.048,0.8784458382824948,3.1388532182327324,-0.1389750080999761,2.9998782101327564,2.7851738180592703e-05,7.485382494842006e-06,2.5979218776228663e-14,0.036269962916756916,0.009382601236435568,0.9639413534871892,0.009367784404550099,0.03627011684986113
strang_r2,0.052000000000000005,0.8587998452889206,3.163059561823636,-0.16321515575175205,2.999844406071884,3.819700820935446e-05,1.0200063658271502e-05,1.6431300764452317e-14,0.04244635502206897,0.011043339760936098,0.95784199470004,0.011023185442760229,0.042446600831209644
strang_r2,0.056,0.8380422674586734,3.18922625184874,-0.18941812533565827,2.999808126513082,5.1136338862069995e-05,1.3561556255423275e-05,2.4980018054066022e-14,0.04907704577947442,0.012846711489512226,0.9513068950435005,0.012819966791703509,0.04907742419417655
strang_r2,0.06,0.81626820153481,3.217354483175426,-0.2175830706661508,2.9997714125092756,6.704596779054167e-05,1.765053426674556e-05,2.3314683517128287e-14,0.05615295761755945,0.014794602791810513,0.9443475257415989,0.014759866108995911,0.05615352200327834
strang_r2,0.064,0.7935759552861914,3.2474440422727566,-0.24770692762531632,2.9997371146474405,8.631802841707957e-05,2.2547363901434525e-05,2.6201263381153694e-14,0.06366438339676916,0.016888910389746544,0.9369760022458782,0.016844634394311993,0.06366520212913748
strang_r2,0.068,0.7700663545928824,3.2794930336316566,-0.2797840364558688,2.9997089971757878,0.00010935781034513393,2.8331021208104212e-05,2.298161660974074e-14,0.07160099657950501,0.019131517175572335,0.9292050441262147,0.019076014102837838,0.07160215554918672
strang_r2,0.07200000000000001,0.7458420431193593,3.313497602476896,-0.3138057646680332,2.9996918378088626,0.00013694541909821918,3.507801716271658e-05,2.2426505097428162e-14,0.07995186240282505,0.02152426750060458,0.9210479334692159,0.021455716672020363,0.07995346760856627
strang_r2,0.076,0.72100678093026,3.3494516563101593,-0.3497601348578122,2.999691521452347,0.00016950732801338902,4.286134275119022e-05,2.4313884239290928e-14,0.08870545009653083,0.024068942125544227,0.9125184720037309,0.023985399621383057,0.08870763027787204
strang_r2,0.08,0.6956647483205377,3.3873465878413787,-0.3876314617113227,2.999715126130056,0.00020742234278888362,5.174944625929018e-05,2.0761170560490427e-14,0.09784964618715494,0.026767233024890983,0.9036309371763397,0.026666643388079395,0.09785255544286194
strang_r2,0.084,0.6699198609823281,3.427171001863234,-0.4274000024039776,2.9997709994592565,0.00025119236686569946,6.180525452884403e-05,2.042810365310288e-14,0.10737176892542896,0.029620718237966075,0.894400037401915,0.02950092806260693,0.1073755892591275
strang_r2,0.088,0.6438751024166534,3.4689104486000204,-0.46904162449701414,2.9998688241030065,0.0003013233577035756,7.308524934217242e-05,2.098321516541546e-14,0.11725858387120687,0.03263083695753542,0.8848408667148933,0.03248961018971637,0.11726352760207216
strang_r2,0.092,0.6176318792225393,3.512547166017113,-0.5125274952858486,3.0000196707312643,0.00035832061134030924,8.563860936856155e-05,1.7541523789077473e-14,0.1274963206655644,0.035798865043993565,0.8749688590457102,0.03563389979900603,0.127502632639314
strang_r2,0.096,0.5912894045635709,3.5580598335127998,-0.557823796370329,3.0002360371424706,0.000422683574083786,9.95064272536969e-05,2.55351295663786e-14,0.13807069101496558,0.03912589114860279,0.8647997423444062,0.03893483782802552,0.1380786505488957
strang_r2,0.1,0.564944114726841,3.6054233393305473,-0.6048914669948812,3.000531872335666,0.0004949001844490386,0.00011472101046816272,2.142730437526552e-14,0.14896690790700534,0.04261279362343162,0.8543494927694499,0.04239327409794336,0.1489768304024534
strang_r2,0.10400000000000001,0.5386891232567315,3.654608563926267,-0.6536859794523928,3.0009225844738743,0.0005767804058613051,0.00013130527346897486,1.354472090042691e-14,0.16016970607130787,0.04626021838847466,0.8436342891541305,0.046009845997973045,0.1601819442277442
strang_r2,0.108,0.5126137166725324,3.705582181406962,-0.7041571495602326,3.0014250318467295,0.0006743691447106108,0.0001492722275839263,2.9531932455029164e-14,0.1716633636928738,0.05006855791808399,0.8326704679564826,0.049784958029878715,0.17167830825983638
strang_r2,0.112,0.4868028952699335,3.758306481020713,-0.7562489849045887,3.0020574961161244,0.0007836164564299767,0.0001686245738106093,2.220446049250313e-14,0.18343172537841598,0.05403793149934848,0.8214744788905118,0.053718762358003797,0.18344980538469252
strang_r2,0.116,0.46133696196883783,3.81273921052647,-0.8098995732124783,3.0028396373139916,0.0009052540649968231,0.00018935440246120247,2.1871393585115584e-14,0.19545822636912513,0.05816816690455645,0.8100628414270177,0.05781114050343698,0.19547990877292806
strang_r2,0.12,0.4362911616114026,3.868833443111626,-0.8650410128549321,3.003792430256694,0.0010399792344446322,0.00021144300227393317,2.0872192862952943e-14,0.20772591798611897,0.0624587836085145,0.7984521023428136,0.062061686313276604,0.20775170669542894
strang_r2,0.124,0.411735372539918,3.926537469346839,-0.9215993871108534,3.0049380822359852,0.0011884426601480144,0.0002348607803075234,2.375877272697835e-14,0.22021749428718604,0.06690897766929173,0.7866587944851088,0.0664696903274149,0.22024792850592426
strang_r2,0.128,0.38773385170326835,3.985794715484894,-0.9794947834355855,3.0062999320493082,0.0013512357385818967,0.0002595672925932227,2.5646151868841116e-14,0.2329153199059219,0.07151760837815474,0.7746993969063486,0.07103412565604743,0.23295097176900104
strang_r2,0.132,0.36434503395876455,4.0465436892157935,-1.0386413585831622,3.007902330632631,0.0015288773536535746,0.0002855113842415505,1.8096635301390052e-14,0.24580145903660772,0.07628318677108595,0.7625902965117497,0.07575363547119003,0.2458429305051949
strang_r2,0.136,0.3416213856609159,4.108717953790583,-1.0989474500316607,3.009770503758922,0.0017218003387337649,0.00031263143640673785,2.1316282072803006e-14,0.25885770552055365,0.0812038660805077,0.7503477513484428,0.08062652220498229,0.2589056245178417
strang_r2,0.14,0.3196093120667085,4.172246131222099,-1.160315733759823,3.011930397462276,0.001930337793490236,0.00034085571630955436,2.453592884421596e-14,0.2720656139820584,0.08627743419179479,0.7379878556513351,0.08565073853656732,0.27212062975945006
strang_r2,0.14400000000000002,0.2983491175445067,4.237051935061535,-1.222643428024996,3.014408507036539,0.0021547094532105996,0.0003701028253490918,2.2648549702353193e-14,0.2854065319546423,0.09150130815491278,0.7255265067463251,0.09082388023786259,0.28546930968829026
strang_r2,0.148,0.277875017057253,4.303054233041566,-1.285822542400291,3.017231690641275,0.002395008324856017,0.00040028223926544954,2.4202861936828413e-14,0.2988616329310428,0.09687253078728791,0.7129793738972213,0.09614318093679851,0.2989328475590843
strang_r2,0.152,0.2582151969055009,4.37016713966704,-1.3497401709465695,3.0204269687204706,0.0026511878183463015,0.00043129493333150803,2.864375403532904e-14,0.31241195026348134,0.10238776938981956,0.7003618691679916,0.10160550884454028,0.3124922795848651
strang_r2,0.156,0.23939192226726105,4.438300138626707,-1.4142788280253678,3.0240213106013396,0.0029260778619688683,0.00046303408465583895,1.6209256159527285e-14,0.3260384118340603,0.10804331658393082,0.68768912035729,0.10720736548101092,0.3261285289004521
strang_r2,0.16,0.2214216886642667,4.507358234695246,-1.4793168249057205,3.028041409789526,0.0032173341067964056,0.000495385842929609,2.0872192862952943e-14,0.33972187540885607,0.11383509326384142,0.6749759460476535,0.11294488642071716,0.33982244025159103
strang_r2,0.164,0.20431541412200713,4.577242134597327,-1.5447286849839066,3.0325134496134205,0.003524447950295143,0.0005282301602952746,2.275957200481571e-14,0.35344316458354724,0.11975865364492849,0.6622368327976698,0.11881384406862704,0.35355481532783634
strang_r2,0.168,0.1880786684767636,4.647848456109722,-1.6103855951212607,3.0374628609884615,0.0038468594369880614,0.0005614416704809791,2.2870594307278225e-14,0.36718310522284126,0.1258091923761166,0.6494859144909645,0.12480965246354385,0.36730644865123047
strang_r2,0.17200000000000001,0.17271193601997362,4.719069964495005,-1.6761558903174256,3.0429140741775793,0.004183830138258082,0.0005948906069944693,1.965094753586527e-14,0.3809225622912569,0.13198155367198183,0.6367369538427092,0.13092737409441818,0.3810581639276822
strang_r2,0.176,0.15821090745988067,4.790795835181994,-1.7419055686717564,3.0488902665102375,0.004534437524793239,0.0006284437498753348,2.120525977034049e-14,0.3946424769683606,0.13827024240849936,0.6240033260509948,0.13716172870315305,0.39479085076276493
strang_r2,0.18,0.14456679702407216,4.862911941442128,-1.8074988333505737,3.0554131080915545,0.004897571346046169,0.0006619653904280792,2.375877272697835e-14,0.40832390393781487,0.14466943711537655,0.6112980045680271,0.14350710403592473,0.4084855016392192
strang_r2,0.184,0.13176668042442877,4.935301165654289,-1.8727986580698812,3.062502507584408,0.005271932229106887,0.0006953183033508725,2.398081733190338e-14,0.4219480487363297,0.15117300478758955,0.5986335489542075,0.14995756849385056,0.42212324904929244
strang_r2,0.188,0.11979384935790405,5.007843732606584,-1.9376673724260896,3.0701763601804943,0.005656032690237876,0.00072836471584381,2.3092638912203256e-14,0.4354963050460357,0.15777451742924645,0.5860220947671044,0.15650688562309537,0.43568540267157224
strang_r2,0.192,0.10862817822140806,5.080417563151221,-2.001967263260176,3.0784502998910455,0.006048200728511897,0.0007609672635372072,2.0539125955565396e-14,0.44895029181177815,0.16446727023417904,0.5734753454269932,0.16314853037424604,0.44915348647891956
strang_r2,0.196,0.09824649877518876,5.152898646409037,-2.065561188124466,3.087337458284571,0.006446586142619325,0.000792989923501658,2.5868196473766147e-14,0.4622918900634131,0.17124430129977747,0.5610045659911345,0.1698757070510432,0.46250927566168215
strang_r2,0.2,0.08862297859414633,5.225161428614761,-2.1283131968365048,3.0968482317782566,0.006849169679185568,0.0008242989150828717,1.965094753586527e-14,0.47550327932247505,0.17809841276356844,0.548620578760425,0.1766813688594582,0.47573483324853055
strang_r2,0.20400000000000001,0.07972949929758098,5.297079216600528,-2.1900891570499046,3.1069900595506232,0.007253775084094076,0.0008547635599324976,2.19824158875781e-14,0.48856697347231864,0.1850221932458085,0.536333760634205,0.18355823895954582,0.48881254630592097
strang_r2,0.20800000000000002,0.07153603074153024,5.3685245938387745,-2.250757379749463,3.1177672140893113,0.0076639195865306755,0.0008842570932880156,1.942890293094024e-14,0.5014658559714921,0.19200804147611544,0.5241540421224744,0.190498832914756,0.5017251615967087
strang_r2,0.212,0.06401099759010676,5.4393698468985505,-2.3101892405830284,3.129180606315522,0.008105980579292385,0.0009126574193345088,1.865174681370263e-14,0.5141832142909386,0.19904819097758003,0.5120909079186459,0.19749548242614337,0.514455820578171
strang_r2,0.216,0.057121634948857136,5.509487400121218,-2.3682597929793845,3.1412276071418335,0.008565398945506144,0.0009398478043292635,2.6867397195928788e-14,0.526702773457497,0.2061347356782384,0.5001533989313081,0.20454036023260105,0.5269880936205182
strang_r2,0.22,0.050834330039402166,5.578750256283707,-2.424848369063956,3.1539018872197504,0.009097699343930746,0.0009657175020401226,1.609823385706477e-14,0.539008728588306,0.21325965631689625,0.48835011566939207,0.21162550605253125,0.5393060133280212
strang_r2,0.224,0.04511494721552416,5.647032440994263,-2.479839164474627,3.167193276519636,0.00967024928855965,0.0009901623069871468,2.0539125955565396e-14,0.5510857763034998,0.22041484750823448,0.4766892228720412,0.21874285343744032,0.5513941068466799
strang_r2,0.228,0.039929133961441786,5.714209448558895,-2.5331218032965364,3.181087645262359,0.010287805074639764,0.001013085031924682,2.375877272697835e-14,0.562919144908166,0.22759214533092603,0.46517845527262147,0.2258842574039105,0.5632374270449998
strang_r2,0.232,0.0352426058677927,5.780158687056849,-2.5845918794727454,3.1955668075841035,0.01096535942509956,0.0010343959069381847,2.3314683517128287e-14,0.5744946232380949,0.2347833553017974,0.4538251243846718,0.23304152270690764,0.5748215824570815
strang_r2,0.23600000000000002,0.03102140894481894,5.844759920383315,-2.634151471210974,3.2106084491723412,0.01170637820738248,0.001054012898498588,2.708944180085382e-14,0.5857985880685344,0.2419802805993264,0.44263612619753523,0.2402064326149175,0.5861327658811226
strang_r2,0.24,0.027232157999957637,5.907895705045162,-2.6817096250885655,3.2261860799565962,0.01247774855102649,0.0010718619477274455,1.7319479184152442e-14,0.596818029989933,0.24917475040050951,0.4316179496696744,0.24737077804555066,0.5971577815304291
strang_r2,0.244,0.02384225017347928,5.969451819535276,-2.727182806758752,3.2422690127765246,0.013279112019448206,0.0010878771280194988,2.6645352591003757e-14,0.6075405776599063,0.25635864819652343,0.4207766859087915,0.25452638691917795,0.6078840706385998
strang_r2,0.248,0.020820053086034847,6.029317684165768,-2.7704953153807192,3.258822368785049,0.014109922753960842,0.0011020007230278794,2.942091015256665e-14,0.617954520346692,0.2635239399547165,0.4101180379300267,0.26166515358796405,0.6182997354259953
strang_r2,0.252,0.018135067401206052,6.087386769298636,-2.8115796591281494,3.2758071101704864,0.014981986931309943,0.001114183226793436,2.3314683517128287e-14,0.6280488286851481,0.27066270199685266,0.3996473308857338,0.26877906819795094,0.6283935613398333
strang_r2,0.256,0.015758063940132253,6.14355698998882,-2.8503768893791133,3.293180100609707,0.015898199799400256,0.0011243832685373378,2.5424107263916085e-14,0.6378131735732715,0.277767148466769,0.389369522663873,0.27586024584315144,0.6381550374867286
strang_r2,0.26,0.01366119579988509,6.197731085134469,-2.8868368914482483,3.310894193686221,0.01684616488054979,0.0011325674652860052,2.5979218776228663e-14,0.6472379431439369,0.28482965826405443,0.3792892147556683,0.28290095537237264,0.6475743751828271
strang_r2,0.264,0.011818086218931293,6.249816979319184,-2.920918629990162,3.328898349329022,0.01782487418791273,0.0011387102060688992,2.2648549702353193e-14,0.6563142577537298,0.29184280132435236,0.36941066329745303,0.28989364771200005,0.6566425245535152
strang_r2,0.268,0.010203893198612087,6.299728125630644,-2.952590347479823,3.3471377781508207,0.018857275065459277,0.0011427933719186933,2.6756374893466273e-14,0.6650339829383838,0.2987993641313147,0.3597377901964724,0.29683098357115056,0.665351189122057
strang_r2,0.272,0.00879535212637421,6.347383827845447,-2.9818297144584216,3.3655541133870255,0.019969007303587766,0.0011448059963189983,2.142730437526552e-14,0.6733897402920658,0.3056923743500367,0.3502741942555172,0.3037058603993752,0.6736928383340423
strang_r2,0.276,0.007570797852388546,6.392709540480972,-3.008623930519656,3.384085609961316,0.02128204386223949,0.0011447438710394386,2.6201263381153694e-14,0.6813749162356287,0.3125151244768487,0.3410231622167278,0.3105114384713487,0.6816607179722076
strang_r2,0.28,0.006510167844559482,6.435637145335965,-3.0329697753030826,3.4026673700328827,0.022874368709629257,0.001142609102548764,2.3092638912203256e-14,0.6889836686473824,0.31926119440594786,0.33198767965082754,0.3172411659780002,0.6892488584245322
strang_r2,0.28400000000000003,0.005594988186649021,6.476105203261754,-3.0548736090512083,3.4212315942105453,0.024599140182387486,0.0011384096243197694,2.1316282072803006e-14,0.696210931337978,0.3259244728189498,0.3231704416239179,0.3238888030087626,0.6964520807764303
strang_r2,0.28800000000000003,0.004808344289809479,6.514059180037252,-3.0743513225806067,3.4397078574566455,0.026390378929730864,0.0011321586704261533,2.609024107869118e-14,0.70305241635975,0.3324991773096514,0.3145738630803514,0.3304484443156487,0.7032660007065996
strang_r2,0.292,0.004134838259172026,6.549451645350917,-3.0914282368060064,3.4580234085449106,0.028244619759421045,0.0011238742157924364,2.4202861936828413e-14,0.7095046141492586,0.3389798731624794,0.30620008888647093,0.3369145407560511,0.7096870301744151
strang_r2,0.296,0.0035605348948139757,6.582242444028337,-3.106138952244458,3.4761034917838787,0.030157779469456997,0.0011135783884105854,2.731148640577885e-14,0.7155647915103509,0.34536149070969724,0.2980510034864635,0.3432819193179031,0.7157123768953779
strang_r2,0.3,0.0030728983113908976,6.612398838783559,-3.118527149210082,3.493871689573477,0.03212515511767158,0.0011012968586628369,2.2648549702353193e-14,0.7212309874538823,0.35163934119922935,0.290128240128158,0.3495458016379618,0.7213400416099404
strang_r2,0.304,0.0026607211344346743,6.639895623909716,-3.1286453396866487,3.5112502842230673,0.034141428400287804,0.0010870582107363747,2.6867397195928788e-14,0.7265020069185217,0.35780913111186097,0.28243318962296654,0.35570182093127395,0.7265688131594075
strang_r2,0.308,0.002314048175668663,6.664715209468703,-3.1365545721375527,3.5281606373311503,0.036200676376181976,0.0010708933008548582,2.4980018054066022e-14,0.7313774124059192,0.36386697487383113,0.27496700861079815,0.36174603725770904,0.7313982613915069
strang_r2,0.312,0.0020240964069351713,6.686847675678676,-3.1423240907742667,3.544523584904409,0.03829638869811097,0.0010816202519605689,1.709743457922741e-14,0.735857513571562,0.3698094059180251,0.26773062730699715,0.3676749510592519,0.7358287279264141
strang_r2,0.316,0.0017831729450859942,6.706290797342925,-3.146030951059647,3.560259846283278,0.04042149143108224,0.00111495557151986,2.0872192862952943e-14,0.739943354821191,0.37563338605455804,0.26072475671477635,0.3734855149100285,0.7398613148226808
strang_r2,0.32,0.0015845926313363616,6.723050038304376,-3.147759593465727,3.5752904448386493,0.04256837745235664,0.0011499997348421998,1.7319479184152442e-14,0.7436367009705585,0.3813363131191067,0.2539498952926916,0.37917514342936015,0.7434978711906206
strang_r4,0.0,0.9999999999999598,2.999999999999879,5.634095561228407e-16,2.9999999999998797,1.9206858326015208e-14,4.194118193639525e-34,4.0190073491430667e-14,1.258861352770242e-34,6.3720079478804615e-34,0.9999999999999598,1.0280899192224713e-34,4.303179711391302e-34
strang_r4,0.004,0.9991043744502524,3.000960032032017,-0.0009600341373947755,2.9999999978946224,3.4396309662713494e-10,9.595800338406488e-11,3.930189507173054e-14,0.00025597105155485383,6.400785971250445e-05,0.9997440393127195,6.400766780916316e-05,0.0002559710515675193
strang_r4,0.008,0.996421986581895,3.0038405107935957,-0.0038405442506197762,2.9999999665429757,5.5004624280496025e-09,1.533314089601943e-09,4.75175454539567e-14,0.001023536867526531,0.00025612561367825714,0.9989766287846289,0.00025612254785965235,0.0010235368683361055
strang_r4,0.012,0.9919662681218825,3.0086425713951908,-0.008642738857416038,2.9999998325377746,2.7823446567285375e-08,7.745440928279106e-09,4.2299497238218464e-14,0.0023016557519593174,0.0005766347247805743,0.9976991813720902,0.0005766192430998242,0.002301655761160424
strang_r4,0.016,0.9857594902393854,3.0153680628499018,-0.01536858367503359,2.999999479174868,8.783591730867037e-08,2.4404575043983356e-08,5.1736392947532295e-14,0.004088592613600195,0.001026000767307713,0.9959140465298739,0.0010259520096952421,0.004088592665137812
strang_r4,0.02,0.9778325921755994,3.024019484210385,-0.024020729387021572,2.9999987548233635,2.141291729664012e-07,5.934741570986883e-08,3.430589146091734e-14,0.006381920574476843,0.0016048681596502275,0.9936245020348895,0.001604749660635765,0.0063819207702938
strang_r4,0.024,0.9682249436977535,3.0345998959426086,-0.034602411482275,2.9999974844603337,4.4322119089047176e-07,1.224723053447601e-07,5.007105841059456e-14,0.009178523232963625,0.0023140528467851347,0.9908347426037146,0.002313808484032729,0.009178523814821909
strang_r4,0.028,0.9569840437176096,3.0471128073133285,-0.04711732312165534,2.999995484191673,8.19373125829921e-07,2.2560931044017518e-07,4.9960036108132044e-14,0.012474597592217243,0.0031545329887026673,0.9875498653685129,0.003154083228862935,0.01247459905099839
strang_r4,0.032,0.9441651580353577,3.0615620407741195,-0.06156946224426141,2.999992578529858,1.394363335278098e-06,3.8236486756600824e-07,4.8627768478581856e-14,0.01626565766770978,0.004127437726189257,0.9837758522920027,0.004126676225290136,0.01626566089654579
strang_r4,0.036000000000000004,0.9298308997590686,3.0779515745308585,-0.07796295437254946,2.9999886201583092,2.2272174443520885e-06,6.079429798137165e-07,4.829470157119431e-14,0.020546538790260784,0.005234034110064215,0.9795195496202972,0.005232824720557536,0.020546545286713732
strang_r4,0.04,0.9140507564961398,3.0962853646765343,-0.09630185280778869,2.9999835118687455,3.3838931336089204e-06,9.189452435014525e-07,4.674038933671909e-14,0.025311402623406677,0.006475712293953179,0.9747886444875835,0.0064738865246852465,0.025311414744625747
strang_r4,0.044,0.8969005689138273,3.1165671484468365,-0.11658991812491881,2.9999772303219174,4.936917897933615e-06,1.3331522472235721e-06,3.4861002973229915e-14,0.030553742916127464,0.007853969103861705,0.9695916388021557,0.007851324072728112,0.030553764189488318
strang_r4,0.048,0.8784619657136891,3.138800230324754,-0.1388303790753349,2.9999698512494195,6.964977774215339e-06,1.8692891112113627e-06,4.6851411639181606e-14,0.036266392013837995,0.009370390110085489,0.9639378205574148,0.009366687022058716,0.036266427504033645
strang_r4,0.052000000000000005,0.8588217604554748,3.162987252874221,-0.16302567718673056,2.9999615756874904,9.552454678211229e-06,2.5467781239593354e-06,3.108624468950438e-14,0.04244152815212444,0.01102663033826271,0.9578372327248229,0.011021593513951516,0.04244158488406116
strang_r4,0.056,0.8380713159943158,3.189129954317698,-0.18917719750848505,2.999952756809213,1.2788910025055708e-05,3.38548158121052e-06,5.240252676230739e-14,0.049070683558899986,0.01282439376654993,0.951300639897031,0.012817710238568382,0.04907077099408086
strang_r4,0.06,0.8163058825602415,3.217228914997268,-0.21728498808830654,2.9999439269089616,1.676851155237404e-05,4.405438035810609e-06,3.441691376337985e-14,0.05614475339154123,0.01476541176493004,0.9443394928613458,0.014756731451243031,0.05614488395392584
strang_r4,0.064,0.7936239157040125,3.24728329495605,-0.2473474708797193,2.999935824076331,2.158940081136969e-05,5.6265952291887494e-06,4.529709940470639e-14,0.06365400553595467,0.016851420640432116,0.9369658912913391,0.01684035709561361,0.06365419518159454
strang_r4,0.068,0.770126380462307,3.2792905649678517,-0.2793611468697281,2.9999294180981235,2.735299786651555e-05,7.068542992389598e-06,4.929390229335695e-14,0.07158809129465536,0.019084138458573756,0.929192544754364,0.01907027019568941,0.0715883601177558
strang_r4,0.07200000000000001,0.745916048150735,3.3132462334022215,-0.3133202982804163,2.999925935121805,3.4224699411843684e-05,8.750249376143077e-06,6.17284001691587e-14,0.07993605699047794,0.021465241316496804,0.9210327322373975,0.021448113684219935,0.07993642985695336
strang_r4,0.076,0.7210967921814722,3.3491435713632978,-0.34921669073772155,2.9999268806255763,4.236068660611662e-05,1.0689803196971964e-05,4.440892098500626e-14,0.0886863565118303,0.02399633924712097,0.9125002604002376,0.02397546683882606,0.08868686370992933
strang_r4,0.08,0.6957728892190328,3.386973338563741,-0.3870392783143052,2.9999340602494358,5.183350891702256e-05,1.2904166079432539e-05,4.196643033083092e-14,0.09782686482410372,0.026678951936083856,0.9036094207676105,0.026653821500148077,0.0978275427203268
strang_r4,0.084,0.6700483318385754,3.4267235124050988,-0.4267739143422067,2.999949598062892,6.276823649835144e-05,1.5408936911945337e-05,5.2513549064769904e-14,0.10734489247028535,0.029514484434338604,0.8943749460748469,0.02948455824782516,0.1073457841575958
strang_r4,0.088,0.6440261586353677,3.468379022720362,-0.46840307085398747,2.9999759518663747,7.529084487392675e-05,1.8218131453053704e-05,3.752553823233029e-14,0.117227201081681,0.03250420304898066,0.8848119659815955,0.03246892271037816,0.11722835700598461
strang_r4,0.092,0.6178078074575633,3.5119214946036768,-0.5119055694500142,3.0000159251536624,8.952700892546147e-05,2.1343979588531875e-05,4.107825191113079e-14,0.127460019917212,0.035649211593238306,0.8749359623677083,0.03560800218407375,0.12746149846722452
strang_r4,0.096,0.5914924970999782,3.557329001702458,-0.557256326304924,3.0000726753975338,0.00010560077327580343,2.4796742499631763e-05,5.240252676230739e-14,0.13802906344690263,0.038950428173616485,0.8647627244235153,0.03890270273363323,0.13803093149191864
strang_r4,0.1,0.5651766424081957,3.6045758322751675,-0.6044261139182838,3.0001497183568837,0.00012363309957450413,2.8584551699371852e-05,4.629630012686903e-14,0.1489195499918724,0.04240856268790806,0.8543083037424295,0.042353726944166475,0.14892188335152956
strang_r4,0.10400000000000001,0.5389533073072179,3.653632270233115,-0.6533813420858622,3.0002509281472527,0.0001440322127112733,3.271327160974877e-05,3.441691376337985e-14,0.1601162214295516,0.046024095202321244,0.8435889696195199,0.045961552489096384,0.16011910525954623
strang_r4,0.108,0.5129116997910895,3.7044643932809107,-0.7040838604182469,3.000380532862664,0.00016840418932296652,3.718638701286081e-05,4.75175454539567e-14,0.1716033639689307,0.04979725536930829,0.8326211647534242,0.049726411673078064,0.1716068930467262
strang_r4,0.112,0.4871367123965839,3.757033890150663,-0.75649078456634,3.000543105584323,0.00019568863700328547,4.200491638323145e-05,5.2513549064769904e-14,0.18336482999636983,0.05372800303991465,0.82142146154166,0.053648272102066324,0.18336910889128796
strang_r4,0.116,0.46170851114140266,3.811297898790233,-0.8105543481277033,3.0007435506625297,0.00022606819695535603,4.716735175823439e-05,5.284661597215745e-14,0.19538406098792777,0.05781601021564357,0.8100065191507323,0.05772681862481806,0.19538920410061872
strang_r4,0.12,0.4367021753430208,3.8672088672209197,-0.8662217820089699,3.00098708521195,0.00025971668679783877,5.266962545942902e-05,4.729550084903167e-14,0.2076441114794932,0.062060644475112225,0.7983930415335905,0.061961436681326636,0.20765024293662646
strang_r4,0.124,0.4121873901542236,3.9247144386187793,-0.9234352228059544,3.0012792158128248,0.0002967959986562509,5.85051036359821e-05,3.708144902248023e-14,0.220127674080921,0.06646095400013015,0.7865977365561992,0.06635119718399204,0.22013492747205485
strang_r4,0.128,0.3882281930637977,3.98375736200488,-0.9821316515393517,3.0016257104655284,0.0003374528320826285,6.466460624647563e-05,5.129230373768223e-14,0.23281710551527438,0.07101565431446001,0.7746372763841115,0.07089484304686157,0.23282562346016888
strang_r4,0.132,0.3648827750223861,4.0442754297512895,-1.0422428638509167,3.0020325659003726,0.00038181529748120235,7.1136452796626e-05,3.674838211509268e-14,0.24569445365898537,0.07572311683647563,0.7625282592682473,0.07559077746710521,0.2457043871952082
strang_r4,0.136,0.34220333627106053,4.106201442920581,-1.1036954725244597,3.002505970396121,0.00042998943165584776,7.790653280685678e-05,4.773959005888173e-14,0.25874148555324783,0.08058135933426755,0.7502871728562104,0.08043705405105733,0.2587529933356513
strang_r4,0.14,0.3202359963815703,4.169463205268324,-1.1664109429521663,3.0030522623161575,0.0004820556724027419,8.495839972337549e-05,4.75175454539567e-14,0.2719397163517327,0.08558803835873369,0.7379303591435691,0.0854313688649044,0.27195296365735017
strang_r4,0.14400000000000002,0.2990207574673164,4.233983546535075,-1.2303056619176278,3.0036778846174474,0.0005380653445669636,9.227338669134943e-05,4.674038933671909e-14,0.2852704391639657,0.0907404437166447,0.7254739811651831,0.09057105447725096,0.28528559669795467
strang_r4,0.148,0.2785915190012818,4.299680375458824,-1.2952910398200776,3.0043893356387468,0.0005980372143991811,9.98307423927744e-05,5.240252676230739e-14,0.29871475574850204,0.09603549503205436,0.7129339915142334,0.09585307604778502,0.29873199824901825
strang_r4,0.152,0.25897614218516435,4.366466762734105,-1.3612736462166453,3.00519311651746,0.0006619541732874227,0.00010760778492662632,4.9404924595819466e-14,0.3122536080045256,0.10146974043050075,0.7003261027624195,0.10127402950288848,0.3122731126467666
strang_r4,0.156,0.24019656135951178,4.434251053942733,-1.4281553783158394,3.0060956756268933,0.0007297601151923612,0.00011558007153608663,3.26405569239796e-14,0.32586781020522637,0.10703935736655872,0.6876657598413964,0.10683014182556393,0.32588975480730376
strang_r4,0.16,0.22226893953172272,4.5029370122811,-1.495833661817479,3.0071033504636207,0.000801855098974358,0.00012372158184669607,4.1300296516055823e-14,0.33953808191119667,0.11274015560141938,0.6749681144320173,0.11251727347353527,0.33956264294700594
strang_r4,0.164,0.20520386473168534,4.572423990711915,-1.5642016832630266,3.0082223074488885,0.0008781773517763723,0.00013200491216312782,5.029310301551959e-14,0.35324508149716816,0.11856758232348442,0.6622480013946974,0.1183309229259094,0.3532724319239194
strang_r4,0.168,0.1890065835867731,4.642607132972973,-1.6331486528370025,3.0094584801359705,0.0009582416774344105,0.00014040147831783506,4.3520742565306136e-14,0.3669694402204739,0.12451672939140208,0.6495199172608213,0.12426623334537265,0.36699974713108013
strang_r4,0.17200000000000001,0.17367726824195476,4.713377602690395,-1.702560096348349,3.010817506342046,0.0010418508732595781,0.00014888172450736037,4.7628567756419216e-14,0.3806917967553069,0.1305823426658726,0.6367980007928072,0.13031800132983662,0.38072521886828564
strang_r4,0.176,0.15921131253850584,4.784622839662409,-1.7723181749199064,3.0123046647425022,0.0011287606376536496,0.00015741533556680454,4.196643033083092e-14,0.394392832112558,0.13675883338376568,0.6240960156080885,0.1364806877145942,0.3944295171145201
strang_r4,0.18,0.14559965320752216,4.8562268422050225,-1.842302030725734,3.0139248114792885,0.001218678761482047,0.00016597145016333803,4.474198789239381e-14,0.40805330486094676,0.14304029151576994,0.6114273348502927,0.14274843037356297,0.40809338661906647
strang_r4,0.184,0.13282911173289036,4.928070474290168,-1.912388156942799,3.015682317347369,0.0013112649174009956,0.00017451887246629216,3.8746783559417963e-14,0.42165408656179115,0.14942050103712287,0.5988049278801982,0.1491150589562673,0.4216976822258682
strang_r4,0.188,0.1208827524918448,5.000031796049694,-1.982450789924325,3.0175810061253685,0.0014061310988068916,0.0001830262799285276,4.8405723873656825e-14,0.43517619732628104,0.15589295702978076,0.58624134894813,0.1555741114856887,0.43522340434204604
strang_r4,0.192,0.10974025278918491,5.071986416078401,-2.052362321459511,3.01962409461889,0.0015028427533457947,0.00019146242497451726,5.1181281435219717e-14,0.44860084140149387,0.16245088452400203,0.5737487278000768,0.16211885273128537,0.44865173445872625
strang_r4,0.196,0.09937828046155708,5.143807863834539,-2.1219937288571717,3.021814134977367,0.0016009206479544666,0.00019979632851488405,4.085620730620576e-14,0.46190944268868833,0.16908725897751195,0.5613387621603944,0.1687422942611986,0.46196407062940475
strang_r4,0.2,0.08977087483894781,5.215367980318778,-2.191215020481863,3.024152959836915,0.0016998434931135436,0.0002079974634029147,4.218847493575595e-14,0.4750836800955558,0.17579482828150192,0.549022712025996,0.17543721606818294,0.47514206280904264
strang_r4,0.20400000000000001,0.08088982700842941,5.286537325105012,-2.259895694278648,3.026641630826364,0.0018034682573813312,0.0002160359261421385,4.18554080283684e-14,0.4881055226224477,0.18256613617453538,0.5368113956994056,0.182196189654993,0.48816764795518963
strang_r4,0.20800000000000002,0.07270505552685047,5.35718559770085,-2.3279052067474435,3.0292803909534065,0.0019135032479805725,0.00022388259536554322,2.731148640577885e-14,0.5009572640813097,0.18939354693805263,0.524715187481267,0.18901160245691825,0.5010230847909064
strang_r4,0.212,0.06518497397060077,5.427182071136358,-2.3951134497711064,3.032068621365252,0.00202529816477024,0.00023150927582538117,3.5860203695392556e-14,0.5136215573454616,0.1962692712406923,0.5127440169372923,0.1958756834720047,0.5136909881284247
strang_r4,0.216,0.05829684698723709,5.496396035612556,-2.4613912326619904,3.035004802950566,0.0021456036668519194,0.00023888882688337387,5.88418203051333e-14,0.5260814480281147,0.20318539299307034,0.5009073696497027,0.20278052996316764,0.5261543626519788
strang_r4,0.22,0.05200713182079615,5.564697249985309,-2.526610766768493,3.0380864832168157,0.002282955957300873,0.00024599527471441673,4.3076653355456074e-14,0.5383204074875526,0.21013389706980645,0.4892142893588643,0.2097181350908407,0.5383966360580157
strang_r4,0.224,0.04628180261506769,5.631956398820943,-2.590646149977675,3.041310248843268,0.0024398187117280327,0.0002528039076815092,4.529709940470639e-14,0.550322365057593,0.21710669775175157,0.47767338139763255,0.2166804163302128,0.5504016914514173
strang_r4,0.228,0.041086655151519415,5.698045552736165,-2.6533738484630662,3.0446717042730986,0.0026029838891601974,0.00025929135457715413,5.484501741648273e-14,0.5620717394033845,0.22409566773849582,0.4662928173186912,0.22365924452349198,0.562153898897535
strang_r4,0.232,0.0363875900454115,5.762838629715889,-2.7146731730508034,3.0481654566650853,0.0027800007026339583,0.0002654356456514434,4.3853809472693683e-14,0.5735534689036134,0.23109266757889751,0.45508034061290986,0.23064647341457953,0.5736381460305983
strang_r4,0.23600000000000002,0.03215087279965055,5.826211855106082,-2.774426747622133,3.0517851074839486,0.0029715183798698103,0.00027121625658262094,5.1514348342607263e-14,0.5847530409625747,0.23808957536627068,0.4440432734161526,0.23763396951171792,0.5848398676211872
strang_r4,0.24,0.028343369495387866,5.888044217991826,-2.832520967027768,3.0555232509640584,0.003171186888119599,0.00027661413573287774,4.1522341120980855e-14,0.5956565201581062,0.24507831654446632,0.4331885241017479,0.2446136421226225,0.5957450740077281
strang_r4,0.244,0.024932757275973782,5.948217921691005,-2.888846442058754,3.059371479632251,0.003378914961341451,0.0002816117152476816,5.5067062021407764e-14,0.6062505751338121,0.25205089367131905,0.4225225956558776,0.2515774734061889,0.6063403782991773
strang_r4,0.248,0.021887709151511597,6.006618826137184,-2.943298429106587,3.063320397030597,0.003594556700350935,0.00028619290670903186,4.674038933671909e-14,0.6165225041479587,0.2589994159874024,0.4120515947347267,0.2585175482857697,0.6166130222597441
strang_r4,0.252,0.019178053009805705,6.063136879966207,-2.9957772422385243,3.0673596377276824,0.0038179071458805673,0.00029034308225231453,4.796163466380676e-14,0.6264602591943981,0.2659161286397266,0.4017812413033466,0.26542608407013674,0.6265509007893129
strang_r4,0.256,0.016774905061526693,6.117666540187203,-3.046188645526363,3.0714778946608403,0.004054401923051519,0.0002940490421359798,5.1514348342607263e-14,0.6360524686157223,0.2727934414130363,0.3917168787589144,0.2722954596308169,0.6361425849177749
strang_r4,0.26,0.014650778268487968,6.170107177382111,-3.0944442235832095,3.075662953798901,0.004300393900504995,0.0002972989699285,4.6851411639181606e-14,0.6452884581326833,0.2796239568245676,0.38186348444337614,0.2791182439872194,0.6453773432351921
strang_r4,0.264,0.01277966660037394,6.220363464460233,-3.140461728393478,3.0799017360667547,0.004554456602761328,0.0003000823765229865,3.68594044175552e-14,0.6541582702190848,0.28640049744239654,0.37222568045387117,0.28588722415490675,0.654245161684641
strang_r4,0.268,0.011137106233632553,6.268345747081538,-3.1841654006583076,3.0841803464232305,0.004833831827346995,0.00030239003430965194,4.929390229335695e-14,0.6626526817563839,0.29311613229222866,0.3628077446628551,0.29259543211673134,0.6627367616495059
strang_r4,0.272,0.00970021504377163,6.31397039395961,-3.225486264025158,3.0884841299344523,0.0051321095813978805,0.0003042139028368307,4.2521541843143495e-14,0.670763219907765,0.2997642022229075,0.35361362186382633,0.29923617078176645,0.6708436162722976
strang_r4,0.276,0.008447711946670764,6.357160125356846,-3.2643623907209496,3.0927977346358966,0.005485863803978006,0.0003055470473659616,3.8191672047105385e-14,0.678482176156876,0.3063383441067326,0.34464693496269455,0.30580303880254117,0.6785579649474165
strang_r4,0.28,0.0073599178140390745,6.397844318200675,-3.300739137269706,3.097105180930969,0.0059047658623988565,0.0003063835517168878,4.907185768843192e-14,0.6858026184629025,0.31283251375740023,0.33591099613963693,0.31228995412769156,0.6858728259366276
strang_r4,0.28400000000000003,0.006418739821658923,6.4359592863633,-3.3345693491370394,3.1013899372262603,0.0063488618956901634,0.0003067184267783185,4.39648317751562e-14,0.6927184014894417,0.31924100745514306,0.3274088179108363,0.3186911761738228,0.6927820070616781
strang_r4,0.28800000000000003,0.005607641186012589,6.471448534772003,-3.3658135333123154,3.105635001459688,0.006809301745997929,0.00030654751607461783,4.785061236134425e-14,0.6992241748711243,0.32555848197615306,0.3191431240245141,0.3250013265078168,0.6992801144349373
strang_r4,0.292,0.004911598305325629,6.504262986148438,-3.394439998012305,3.1098229881361332,0.007285040767729017,0.000305867399691101,4.2521541843143495e-14,0.7053153894888269,0.33177997303132106,0.3111163601309526,0.33121540793881865,0.7053625591957067
strang_r4,0.296,0.004317047345532631,6.53436117930401,-3.420424958861669,3.1139362204423415,0.007774865594042577,0.0003046752978495548,4.9404924595819466e-14,0.7109883017305846,0.3379009120273562,0.3033307041711734,0.33732882192719077,0.7110255622261182
strang_r4,0.3,0.0038118223013431088,6.561709438059898,-3.4437526110834895,3.1179568269764086,0.008277394833261972,0.0003029689753308584,5.062616992290714e-14,0.7162399757226572,0.34391714107212124,0.2957880764345208,0.3433373842266117,0.7162661568278094
strang_r4,0.304,0.0033850865190655616,6.586282009996076,-3.4644151674074295,3.121866842588646,0.008791081564469675,0.00030074664789381256,5.88418203051333e-14,0.7210682835217083,0.34982492615467903,0.2884901492405198,0.34923733868426693,0.7210821893470838
strang_r4,0.308,0.0030272595932717378,6.608061174379973,-3.4824128615817074,3.1256483127982655,0.009314217688661508,0.00029800689175249473,4.207745263329343e-14,0.7254719032664816,0.3556209684398511,0.28143835620598956,0.35502536913354776,0.7254723177436833
strang_r4,0.312,0.002729941446274098,6.627037318765581,-3.497753917548459,3.129283401217122,0.00984494016815727,0.00030905574613679376,3.26405569239796e-14,0.729450315293985,0.3613024136261871,0.27463390106352736,0.3606986093229709,0.7294360081049276
strang_r4,0.316,0.0024858352706915478,6.64320898390391,-3.510454484518789,3.132754499385121,0.010381239161850552,0.00032123780457818385,4.440892098500626e-14,0.7330037962327033,0.3668668593260158,0.26807776600306404,0.3662546508349846,0.7329735291145781
strang_r4,0.32,0.0022886708643244298,6.656582876747537,-3.520538538353626,3.136044338393911,0.010920968037375007,0.000334139038634107,4.1744385725905886e-14,0.7361334110919641,0.3723123604356356,0.2617707195132591,0.3716915489579578,0.7360859444923736
strang_r8,0.0,0.9999999999999176,2.999999999999753,4.659764480339618e-15,2.9999999999997575,4.030109579389318e-14,2.6557050999739165e-34,8.237854842718662e-14,2.650176167614157e-34,7.667659884115944e-36,0.9999999999999176,3.1942316673891515e-34,4.563210362143162e-35
strang_r8,0.004,0.9991043746600886,3.0009600313571103,-0.0009600318837150535,2.9999999994733955,8.603589580572749e-11,2.398945080669783e-11,1.0202949596305189e-13,0.0002559710035890246,6.40077067560736e-05,0.9997440392647005,6.400765878026624e-05,0.00025597100359211886
strang_r8,0.008,0.996421989935363,3.0038405000114423,-0.0038405083754419096,2.9999999916360003,1.3751506452182452e-09,3.833253397317847e-10,7.693845560652335e-14,0.0010235361017117142,0.00025612316846470586,0.9989766280193446,0.00025612240201182196,0.0010235361019095097
strang_r8,0.012,0.9919662850578229,3.0086425169239677,-0.00864255878473072,2.999999958139237,6.955935426658829e-09,1.936324191644575e-09,8.804068585277491e-14,0.0023016518887992135,0.0005766223634776316,0.997699177515288,0.0005766184930774846,0.00230165189104745
strang_r8,0.016,0.9857595435839088,3.0153678911925166,-0.015368021370999504,2.999999869821517,2.1959218764993818e-08,6.100942671416823e-09,9.248157795127554e-14,0.004088580464767444,0.0010259617770699886,0.9959140344171485,0.0010259495877786532,0.004088580477361451
strang_r8,0.02,0.9778327218428519,3.024019066679775,-0.024019377867942227,2.9999996888118328,5.353309599646341e-08,1.4836093567864236e-08,9.769962616701378e-14,0.006381891103401435,0.0016047732111329985,0.9936244727024729,0.0016047435868017808,0.006381891151257353
strang_r8,0.024,0.9682252111394488,3.0345990340622135,-0.03459966263265654,2.999999371429557,1.108075737852754e-07,3.0615830525502e-08,8.404388296412435e-14,0.009178462597208462,0.002313856572839276,0.9908346823851617,0.0023137954833978517,0.009178462739428088
strang_r8,0.028,0.9569845360525677,3.0471112190592375,-0.047112347225612,2.9999988718336255,2.0484889065059993e-07,5.6396737211457035e-08,9.015010959956271e-14,0.012474486287711034,0.003154170696857115,0.9875497551250156,0.0031540582599976327,0.012474486644325974
strang_r8,0.032,0.9441659917941403,3.061559347810955,-0.061561201446938774,2.999998146364016,3.486030847682063e-07,9.557894560183189e-08,1.0491607582707729e-13,0.016265469792511863,0.0041268222705480705,0.9837756668037756,0.0041266319021214335,0.01626547058197643
strang_r8,0.036000000000000004,0.9298322241813143,3.077947290569451,-0.07795013206342688,2.9999971585060243,5.568286582150497e-07,1.519612884384909e-07,8.137934770502397e-14,0.020546241442669626,0.005233052945895683,0.9795192571638631,0.005232750612049387,0.020546243031400208
strang_r8,0.04,0.9140527563226117,3.0962788850583483,-0.09628300066049655,2.9999958843978516,8.460179416597325e-07,2.2969116605497247e-07,6.838973831690964e-14,0.02531095544595205,0.00647422473557358,0.9747882066221493,0.006473768318192446,0.025310958410903025
strang_r8,0.044,0.8969034666202635,3.1165577410343412,-0.11656342224044819,2.999994318793893,1.234306550753522e-06,3.332097741693199e-07,8.72635297355373e-14,0.030553097793358974,0.007851803803465472,0.9695910103863719,0.00785114258884184,0.03055310299828368
strang_r8,0.048,0.8784660231387607,3.1387870277473997,-0.13879454636157962,2.99999248138582,1.7413705597705457e-06,4.67193395733978e-07,1.0058620603103918e-13,0.03626549292788307,0.00936734277199429,0.9639369500151079,0.009366417070879514,0.036265501613559764
strang_r8,0.052000000000000005,0.8588272797811974,3.162969246148681,-0.16297882277083386,2.999990423377847,2.3883108048654545e-06,6.364915054717785e-07,6.461498003318411e-14,0.04244031119579769,0.011022461679713966,0.9578360625754685,0.01102120258501324,0.04244032508410791
strang_r8,0.056,0.8380786400446422,3.18910598783125,-0.18911775362476557,2.9999882342064845,3.197523650517637e-06,8.460624787041612e-07,1.0413891970983968e-13,0.04906907710179079,0.012818827732689941,0.9512991075644207,0.012817157019084086,0.04906909851314234
strang_r8,0.06,0.8163153943911163,3.2171976828112294,-0.21721163451772763,2.999986048293502,4.192557231165649e-06,1.1009077090558955e-06,8.959499808725013e-14,0.056142678390049064,0.014758134002168938,0.9443375317709122,0.014755964169911786,0.056142710373210024
strang_r8,0.064,0.7936360374661072,3.247243338352986,-0.24725928664159713,2.999984051711389,5.397952981196866e-06,1.40600496894433e-06,9.947598300641403e-14,0.0636513759737002,0.01684207722881684,0.9369634322631287,0.016839311691892195,0.06365142244671344
strang_r8,0.068,0.7701415715271144,3.279240271137152,-0.27925778248832744,2.9999824886488247,6.839071007075949e-06,1.7662418375728045e-06,9.947598300641403e-14,0.0715848147352449,0.019072334900419693,0.9291895176961016,0.01906886831717981,0.07158488063568016
strang_r8,0.07200000000000001,0.7459348024999736,3.3131838351278957,-0.3132021675723563,2.9999816675555393,8.555423119113313e-06,2.186350016714772e-06,9.370282327836321e-14,0.07993203522022131,0.021450541775232982,0.921029068138659,0.021446260517606727,0.07993212666262849
strang_r8,0.076,0.721119635069783,3.349067147549775,-0.34908518069679983,2.999981966852975,1.0589126531711032e-05,2.670841337541058e-06,8.570921750106208e-14,0.0886814862457991,0.023978266027207693,0.9124958936255583,0.023973048782598837,0.08868161068386532
strang_r8,0.08,0.6958003731305935,3.3868808154106316,-0.3868969753122671,2.9999838400983645,1.2956942924060226e-05,3.2239462264792296e-06,9.681144774731365e-14,0.09782103844499938,0.02665698519202535,0.9036042916434908,0.026650703690135485,0.09782120483556248
strang_r8,0.084,0.6700810317686627,3.4266126650178323,-0.4266248445222087,2.9999878204956234,1.5690112424542092e-05,3.849555358554496e-06,8.981704269217516e-14,0.10733799876591955,0.029488062094262767,0.8943690037621631,0.029480581949310206,0.1073382177316841
strang_r8,0.088,0.6440646667389062,3.4682474769242653,-0.4682529522732086,2.999994524651057,1.8820094208855824e-05,4.551165178487415e-06,6.850076061937216e-14,0.11721912594360911,0.03247272093605477,0.8848051716220758,0.032463902593231786,0.1172194099311431
strang_r8,0.092,0.6178527271176816,3.511766728714049,-0.5117620732323351,3.000004655481714,2.2378263189844845e-05,5.331827914612647e-06,6.128431095930864e-14,0.12745064696026254,0.03561202372638403,0.8749282924904531,0.03560172349993115,0.12745101038963888
strang_r8,0.096,0.5915444364799373,3.5571483479894335,-0.557129343798285,3.0000190041911483,2.6395575475204088e-05,6.194106623072515e-06,9.592326932761353e-14,0.1380182745069664,0.03890684722756428,0.8647541745943667,0.03889491841656355,0.13801873390921182
strang_r8,0.1,0.5652362075606869,3.6043664778562317,-0.60432802661821,3.0000384512380216,3.090220267693071e-05,7.1400357646300705e-06,8.837375276016246e-14,0.14890722545754376,0.04235786059168807,0.8542988924368766,0.042344154658593716,0.14890779959597866
strang_r8,0.10400000000000001,0.5390210949243623,3.6533912571207674,-0.6533272908884444,3.000063966232323,3.599758302882732e-05,8.171087698335966e-06,6.517009154549669e-14,0.16010224036192633,0.04596550385475581,0.8435787422968856,0.04594987165081568,0.16010295033338287
strang_r8,0.108,0.5129882896878181,3.7041886173163787,-0.7040920106075665,3.000096606708812,4.2088877675467935e-05,9.288145417774701e-06,7.72715225139109e-14,0.17158760396329534,0.04972996745004995,0.8326101981084422,0.04971226047113379,0.17158847327521473
strang_r8,0.112,0.48722265982784135,3.7567200985596356,-0.7565825828228107,3.000137515736825,4.890811122603146e-05,1.049148176049397e-05,1.028066520802895e-13,0.18334716673949453,0.053651172894980954,0.8214098679072898,0.05363124455092492,0.18334822135895948
strang_r8,0.116,0.46180433906053825,3.8109426861078655,-0.8107547677689051,3.0001879183389604,5.650091428021157e-05,1.1780745238165746e-05,9.992007221626409e-14,0.19536436746533561,0.05772875479728954,0.809994451024511,0.05770646167769434,0.19536563583621674
strang_r8,0.12,0.4368083667140568,3.8668086693481856,-0.8665595526424017,3.000249116705784,6.491069639225017e-05,1.3154952538268344e-05,6.88338275267597e-14,0.20762225678836257,0.061962044317187756,0.7983806961981934,0.06193724743667899,0.20762376981293035
strang_r8,0.124,0.4123043804347579,3.924265524793361,-0.9239430405867886,3.0003224842065723,7.417786577950808e-05,1.4612487675563779e-05,8.72635297355373e-14,0.22010352180628695,0.06635005421181805,0.7865853607639757,0.06632262021808305,0.22010531278790307
strang_r8,0.128,0.38835636297754966,3.983255824495129,-0.9828463662843099,3.000409458210819,8.433900712372595e-05,1.6151107670198117e-05,9.203748874142548e-14,0.2327905116298714,0.07089146557743087,0.7746251710746546,0.0708612679058766,0.23279261617365754
strang_r8,0.132,0.3650224437403971,4.043717171107222,-1.0432056393610736,3.000511531746148,9.542602663325869e-05,1.77679545554435e-05,8.104628079763643e-14,0.24566526391017196,0.07558461639291264,0.7625167842868386,0.07555153635254279,0.245667719778913
strang_r8,0.136,0.34235475511941066,4.105582160652619,-1.1049519166170132,3.000630244035606,0.00010746527471755976,1.945957344825361e-05,9.703349235223868e-14,0.25870953230454297,0.08042749195605256,0.7502767516416204,0.08039141973212442,0.25871237922751134
strang_r8,0.14,0.320399343189462,4.168778373857439,-1.1680112038886619,3.000767169968777,0.00012047665824978042,2.122193633030678e-05,8.681944052568724e-14,0.27190481485082846,0.08541771729106255,0.7379214833531105,0.08537855285123584,0.27190809428366236
strang_r8,0.14400000000000002,0.2991961316637662,4.23322839671764,-1.2323044881457856,3.000923908571854,0.00013447275575329047,2.3050471125281302e-05,1.2034817586936697e-13,0.28523238321410294,0.09055255159256863,0.725467215205479,0.09051020548458336,0.2852361380483682
strang_r8,0.148,0.278778937560876,4.2988498707727425,-1.297747800213928,3.0011020705588143,0.00014945794984082302,2.4940095613268376e-05,8.382183835919932e-14,0.298673312765761,0.09582888475783322,0.712929976947079,0.09578327878823814,0.29867758698739244
strang_r8,0.152,0.2591755365131672,4.365555573351735,-1.3642523083014804,3.0013032650502542,0.00016542759260544578,2.6885255650137274e-05,9.170442183403793e-14,0.31220851344924616,0.10124323604499562,0.7003255625553129,0.10119430383006073,0.31221335174561154
strang_r8,0.156,0.24040777519518255,4.433253527867858,-1.4317244423024917,3.001529085565367,0.0001823672201243428,2.887996714656671e-05,6.106226635438361e-14,0.3258187613826058,0.10679175488146532,0.6876695024346687,0.10673944226313316,0.32582420869856676
strang_r8,0.16,0.2224917279345272,4.501847144025879,-1.5000660486331947,3.0017810953926842,0.00020029903259411724,3.091786119726464e-05,8.448797217397441e-14,0.3394847311423475,0.11247022383238464,0.6749770375947802,0.1124144891539265,0.3394908321862839
strang_r8,0.164,0.20543789420009173,4.571235387621705,-1.5691745751591912,3.002060812462514,0.00021934906547432234,3.2992231753126156e-05,9.803269307440132e-14,0.353187028669312,0.11827406372553109,0.6622630958444998,0.11821487796343719,0.35319382737072436
strang_r8,0.168,0.18925143334229472,4.641312979408904,-1.6389432855652837,3.0023696938436206,0.0002393291864633303,3.509608520353702e-05,1.071365218763276e-13,0.36690622473186557,0.1241983409150885,0.6495422700232333,0.12413568766562277,0.3669137636528069
strang_r8,0.17200000000000001,0.17393243269331846,4.711970622327382,-1.7092615023285216,3.00270911999886,0.00026018929587419464,3.722219123775128e-05,1.056932319443149e-13,0.38062288887802237,0.13023777665351255,0.6368287982797572,0.13017165197426606,0.3806312085812514
strang_r8,0.176,0.15947620492185757,4.783095256202031,-1.7800148772668882,3.0030803789351426,0.0002818674583264673,3.936313433629268e-05,7.427392034742297e-14,0.3943176238035757,0.1363867585275366,0.6241365463958037,0.13631717063621207,0.3943267621809238
strang_r8,0.18,0.1458736103793859,4.854570338845372,-1.8510856884567857,3.0034846503885864,0.000304289708313077,4.1511365299604086e-05,1.1013412404281553e-13,0.40797110005939324,0.1426393539017405,0.6114789921404096,0.14256632273623243,0.40798109162448437
strang_r8,0.184,0.13311140007311303,4.926276152335516,-1.922353162146414,3.0039229901891025,0.00032737000807328684,4.3659252194211406e-05,8.01581023779363e-14,0.4215640910177362,0.1489893253010741,0.5988692116304148,0.148912881946709,0.4215749661677595
strang_r8,0.188,0.12117257485444519,4.998090133074216,-1.993693818129743,3.004396314944473,0.00035101037092574174,4.579913016032611e-05,7.971401316808624e-14,0.4350775080132362,0.15543014765189797,0.5863198676609562,0.15535033364337492,0.4350892922650338
strang_r8,0.192,0.11003675642066517,5.069887224097249,-2.064981836905279,3.00490538719197,0.0003751011613450935,4.792334954251132e-05,1.0502709812953981e-13,0.44849243557229723,0.16195502729057612,0.5738431999618869,0.1618718937977401,0.44850514877854625
strang_r8,0.196,0.09968056578868376,5.141540247960295,-2.136089446804385,3.00545080115591,0.0003995215811361132,5.002432185427508e-05,8.859579736508749e-14,0.4617901666408086,0.1685569226380294,0.561451017325387,0.16847052954607317,0.4618038221925609
strang_r8,0.2,0.09007800501208373,5.212920298405941,-2.2068873291552182,3.006032969250723,0.0004245196215881435,5.209456313658156e-05,9.281464485866309e-14,0.47495223771820905,0.175228566429355,0.5491546915426441,0.17513898132534494,0.47496684174047216
strang_r8,0.20400000000000001,0.08120083807253514,5.283897148907822,-2.2772450394418273,3.0066521094659944,0.0004516209477620553,5.412673431423598e-05,9.137135492665038e-14,0.4879604638041224,0.18196248937897222,0.5369651530802156,0.18186978645776533,0.487976014351544
strang_r8,0.20800000000000002,0.07301896708052125,5.354339676082066,-2.3470314423208216,3.0073082337612447,0.0004792493332313467,5.611367822068447e-05,7.016609515630989e-14,0.5007969730615135,0.18875104515365945,0.5248928884193138,0.1886553040572621,0.5008134593215575
strang_r8,0.212,0.06550080016445636,5.424116295876143,-2.4161151582814164,3.0080011375947264,0.0005073307167187431,5.804845301027317e-05,6.894484982922222e-14,0.5134442410996317,0.19558643651900323,0.5129479389760001,0.19548774112422831,0.5134616426108773
strang_r8,0.216,0.058613607706907385,5.493095410370679,-2.4843650196679397,3.0087303907027394,0.0005366276724975973,5.992436174363791e-05,9.736655925962623e-14,0.5258851247789711,0.20246074251855786,0.5011399015150992,0.2023591796884765,0.525903410672377
strang_r8,0.22,0.05232386389689477,5.561145862969727,-2.55165053373277,3.0094953292369566,0.0005718936080855701,6.173497799033534e-05,9.836575998178887e-14,0.5381028954399925,0.20936594653974785,0.48947792996625217,0.20926160485486103,0.5381220237110863
strang_r8,0.224,0.04659757090314218,5.628137399709054,-2.617842350351003,3.010295049358051,0.0006113487881458719,6.347416734921174e-05,1.056932319443149e-13,0.5500812714573271,0.21629396511616084,0.47797073854710737,0.2161869336014762,0.5501011882773409
strang_r8,0.228,0.04140056332913591,5.693941134383682,-2.682812732007558,3.011128402376124,0.0006524041278659884,6.513610485939236e-05,8.748557434046234e-14,0.5618044500219546,0.22323667731259408,0.4666266060963526,0.22312704417685195,0.5618250890959312
strang_r8,0.232,0.03669879098137212,5.758430015170667,-2.7464360236558196,3.0119939915148475,0.0006971312263907945,6.671528830579088e-05,1.0591527654923993e-13,0.5732571380541097,0.23018595453646193,0.4554533815167631,0.23007380593964236,0.5732784200339017
strang_r8,0.23600000000000002,0.03245857836180864,5.821479290425108,-2.808589120056668,3.01289017036844,0.0007453504280990858,6.820654751270305e-05,8.670841822322473e-14,0.5844245821516616,0.2371336906178196,0.4444584902279614,0.2370191094827624,0.5844464141116298
strang_r8,0.24,0.02864685967848204,5.882966971325313,-2.869151928220361,3.013815043104952,0.000795635313543333,6.960504973113624e-05,9.559020242022598e-14,0.5952925974795296,0.24407183199920837,0.43364894152729705,0.24395489688271146,0.5953148724624949
strang_r8,0.244,0.02523138854932036,5.942774289073971,-2.9280078226115704,3.0147664664624005,0.0008479623001622596,7.090630130945907e-05,1.1612932837579137e-13,0.6058475955088592,0.2509924078770857,0.42303133675837273,0.2508731919152292,0.6058701921496217
strang_r8,0.248,0.022180921947769223,6.000786144383946,-2.98504409081691,3.0157420535670365,0.0009022936505003676,7.21061458437422e-05,7.30526750203353e-14,0.6160766105162683,0.2578875601372484,0.4126118781866719,0.25776613007890686,0.6160993927496142
strang_r8,0.252,0.01946537830024459,6.056891547025203,-3.0401523674325044,3.0167391795926988,0.0009585763271069187,7.320075906819268e-05,9.792167077193881e-14,0.6259673247567373,0.26474957292864026,0.4023963784835622,0.264625988270247,0.6259901416164805
strang_r8,0.256,0.017055969989677622,6.110984043270008,-3.093229053999997,3.0177549892700113,0.0010179274446714894,7.418664076763726e-05,9.914291609902648e-14,0.6355080922276795,0.27157090172288884,0.39239027072216787,0.271445213956473,0.6355307777427989
strang_r8,0.26,0.014925310842285261,6.1629621291246135,-3.144175722889971,3.0187864062346423,0.0010798896071736194,7.5060604002114e-05,8.815170815523743e-14,0.6446879609439258,0.2783442017096861,0.38259861879010093,0.2782164536950757,0.6447103341373196
strang_r8,0.264,0.013047499472354285,6.212729647327045,-3.192899503128483,3.0198301441985618,0.0011439557635939412,7.581976200224383e-05,7.538414337204813e-14,0.6534966936490063,0.28506235538304014,0.3730261281279678,0.2849325808538707,0.6535185586438413
strang_r8,0.268,0.01139817962871834,6.260196166165205,-3.239313446254722,3.0208827199104826,0.001215339200347892,7.646151303444815e-05,9.803269307440132e-14,0.661924786891484,0.2917184991778107,0.3636771567051331,0.29158672238969424,0.6619459331294365
strang_r8,0.272,0.009954578924004972,6.305277338268355,-3.2833368704064876,3.0219404678618673,0.001290716838537622,7.698352362892069e-05,9.592326932761353e-14,0.6699634884002651,0.2983060490217644,0.3545557261482479,0.2981722845495712,0.6699836909753297
strang_r8,0.276,0.008695527531179512,6.347895237622662,-3.324895680943041,3.022999556679621,0.0013811953843024735,7.73837104946773e-05,8.038014698286133e-14,0.6776048126974478,0.3048187246743347,0.34566553294164803,0.3046829773641338,0.6776238328082362
strang_r8,0.28,0.0076014585998088234,6.387978673176889,-3.363922666038245,3.0240560071386438,0.0014861277919302064,7.766022149058305e-05,9.625633623500107e-14,0.6848415548931348,0.3112505727303212,0.33700995962346114,0.3111128378100634,0.6848591404158582
strang_r8,0.28400000000000003,0.00665439227552376,6.425463477516789,-3.400357765804584,3.0251057117122055,0.0015977270740427849,7.781141598930952e-05,9.281464485866309e-14,0.6916673026118507,0.317595988173906,0.32859208590536976,0.3174562515254599,0.6916831887953833
strang_r8,0.28800000000000003,0.005837905299934474,6.460292769207694,-3.434148313639974,3.02614445556772,0.0017133740156810846,7.783584498727292e-05,9.614531393253856e-14,0.6980764460058156,0.3238497343760893,0.32041469964867714,0.3237079729697483,0.6980903562894492
strang_r8,0.292,0.0051370882247461485,6.49241718753883,-3.465249248632916,3.0271679389059143,0.0018327957427299684,7.773223126875117e-05,1.0524914273446484e-13,0.7040641858170231,0.33000696143719777,0.312480307634457,0.3298631439283067,0.7040758327706695
strang_r8,0.296,0.004538492293658828,6.521795098529719,-3.4936232980003545,3.028171800529364,0.0019556764910847067,7.749944994706048e-05,1.0336176359260207e-13,0.7096265394556398,0.33606322278451506,0.30479114607022034,0.3359173102703995,0.7096356258414184
strang_r8,0.3,0.004030068030016904,6.5483927711990635,-3.5192411286818635,3.0291516425172,0.002081657877878132,7.713650966736929e-05,9.481304630298837e-14,0.7147603450689636,0.3420144899442681,0.297349190780779,0.34186643687820734,0.7147665650222376
strang_r8,0.304,0.003601097518807929,6.572184523236945,-3.5420814673630217,3.0301030558739237,0.002210339639357098,7.664253473227411e-05,1.0158540675320182e-13,0.7194632635817204,0.3478571654165374,0.290156167036121,0.3477069206741354,0.719466303908783
strang_r8,0.308,0.003242122290696,6.593152835364173,-3.562131188353156,3.031021647011017,0.002341280848884444,7.647515965045204e-05,9.414691248821327e-14,0.7237337786950464,0.3535880935913243,0.28321355897427053,0.3534356016832517,0.7237333202838181
strang_r8,0.312,0.002944868605972424,6.611288433806882,-3.579385368894661,3.031903064912221,0.002474001622243251,7.953911849867268e-05,6.572520305780927e-14,0.7275711948381602,0.35920456965371983,0.2765226185822534,0.3590497720775192,0.7275669141773635
strang_r8,0.316,0.0027021718006566883,6.626590340463839,-3.593847311637507,3.0327430288263315,0.0026079853108730714,8.279623809009928e-05,8.515410598874951e-14,0.7309756330737005,0.36470434643635086,0.2700843742035888,0.36454718315870904,0.7309672038751621
strang_r8,0.32,0.0025079011988678717,6.639065890492787,-3.6055285341668935,3.033537356325893,0.002742681176738972,8.624701119697153e-05,8.337774914934926e-14,0.733948024964658,0.3700856391874322,0.2638996385459169,0.3699260502471683,0.733935119882528
